time,open,high,low,close,volume
1473739200,2156.25,2157.5,2119.0,2128.75,1201101
1473825600,2131.75,2141.25,2118.75,2120.25,661156
1473912000,2121.75,2151.5,2114.75,2145.0,398401
1473998400,2143.75,2144.25,2135.5,2141.75,2064530
1474257600,2132.25,2146.75,2127.75,2133.0,1527880
1474344000,2133.75,2143.5,2129.0,2131.0,1385876
1474430400,2130.0,2157.5,2126.25,2156.25,1826950
1474516800,2156.25,2172.75,2152.75,2168.25,1523998
1474603200,2168.25,2169.5,2156.0,2158.0,1448300
1474862400,2156.25,2159.5,2136.75,2139.75,1602771
1474948800,2139.25,2154.0,2132.75,2152.75,1659780
1475035200,2152.0,2165.25,2144.0,2163.25,1733016
1475121600,2162.25,2167.0,2137.25,2148.5,2306654
1475208000,2145.75,2168.25,2135.75,2160.5,1989690
1475467200,2158.75,2164.0,2146.75,2153.25,1406125
1475553600,2153.75,2159.75,2136.0,2144.75,2143439
1475640000,2144.25,2158.0,2141.0,2153.25,1369566
1475726400,2153.25,2157.25,2143.25,2156.5,1209239
1475812800,2155.25,2161.5,2138.0,2146.5,1958026
1476158400,2159.5,2160.75,2121.75,2134.5,2243746
1476244800,2133.0,2140.75,2126.25,2131.5,1483026
1476331200,2127.75,2132.25,2107.75,2126.25,2195134
1476417600,2126.25,2143.25,2122.25,2127.0,1841156
1476676800,2126.25,2130.0,2116.75,2123.0,1251946
1476763200,2122.5,2139.75,2120.25,2132.0,1139317
1476849600,2131.5,2142.5,2126.5,2138.0,948475
1476936000,2137.5,2144.5,2126.75,2137.0,1611098
1477022400,2136.0,2138.5,2123.25,2134.75,1409837
1477281600,2137.0,2149.0,2134.75,2144.25,1010790
1477368000,2144.75,2149.75,2135.25,2138.0,1198210
1477454400,2135.25,2140.0,2124.75,2134.0,1548442
1477540800,2133.75,2143.75,2122.5,2123.5,1795356
1477627200,2127.25,2135.25,2112.5,2123.75,2391182
1477886400,2120.0,2130.5,2114.75,2120.0,1371713
1477972800,2123.5,2129.5,2091.0,2103.75,2257062
1478059200,2102.25,2106.5,2087.25,2092.25,2013595
1478145600,2088.25,2098.75,2079.75,2083.5,1795490
1478232000,2084.0,2094.25,2078.75,2080.0,2079129
1478494800,2106.0,2130.75,2102.75,2129.0,1761750
1478581200,2129.0,2143.25,2119.0,2135.5,1751369
1478667600,2138.0,2166.75,2028.5,2160.25,5280237
1478754000,2159.5,2180.5,2147.75,2167.25,3132340
1479099600,2164.5,2174.5,2152.25,2160.5,1815339
1479186000,2161.0,2179.75,2158.5,2179.25,1443589
1479272400,2179.0,2185.0,2168.75,2172.75,1327887
1479358800,2172.5,2185.5,2171.75,2184.25,1350348
1479445200,2184.0,2187.5,2176.5,2180.75,1280719
1479704400,2179.5,2196.5,2178.5,2193.0,1233201
1479790800,2193.25,2203.0,2191.75,2200.25,1257560
1479877200,2201.25,2203.5,2192.0,2200.75,1101994
1480050000,2201.0,2211.75,2197.5,2211.25,561560
1480309200,2208.0,2209.5,2198.25,2200.75,1371374
1480395600,2200.25,2209.5,2196.25,2203.75,1405556
1480482000,2203.25,2213.75,2197.25,2198.75,1960189
1480568400,2199.5,2203.0,2186.0,2192.0,2148721
1480654800,2190.5,2197.25,2184.25,2192.0,1682042
1480914000,2184.0,2208.75,2179.0,2204.25,1663731
1481000400,2205.0,2212.0,2200.25,2210.0,1483946
1481086800,2211.25,2241.25,2206.75,2236.75,2328449
1481173200,2236.5,2251.5,2232.5,2247.75,2109978
1481259600,2246.75,2261.25,2245.0,2260.0,1090581
1481518800,2260.75,2270.25,2252.25,2256.0,1019782
1481605200,2256.0,2278.25,2253.25,2273.25,1053815
1481691600,2273.25,2277.0,2248.0,2257.0,767129
1481778000,2256.0,2272.75,2252.25,2263.5,477530
1481864400,2264.25,2269.5,2261.75,2267.5,1415262
1482123600,2256.0,2263.75,2254.0,2260.0,928690
1482210000,2260.25,2269.5,2260.0,2266.5,814005
1482296400,2267.25,2268.0,2258.0,2260.5,667705
1482382800,2258.25,2261.0,2251.5,2258.75,847626
1482469200,2257.5,2261.0,2254.25,2260.0,396535
1482814800,2258.75,2269.5,2257.75,2261.0,498741
1482901200,2261.25,2267.5,2243.5,2245.25,1000606
1482987600,2245.5,2250.0,2239.5,2245.0,913220
1483074000,2246.25,2252.75,2228.0,2236.25,1281987
1483419600,2240.75,2259.5,2239.5,2252.5,1810351
1483506000,2252.75,2267.25,2251.0,2264.25,1404875
1483592400,2264.5,2266.0,2254.0,2264.25,1324035
1483678800,2264.25,2277.0,2258.25,2271.5,1551007
1483938000,2271.25,2275.25,2263.5,2265.0,1025182
1484024400,2264.5,2274.0,2259.5,2263.75,1304523
1484110800,2263.75,2271.75,2255.0,2270.5,1733727
1484197200,2270.5,2270.5,2248.5,2263.5,1752976
1484283600,2264.5,2273.5,2262.75,2272.5,1192660
1484629200,2270.25,2270.5,2257.25,2262.75,1540220
1484715600,2262.0,2268.5,2258.25,2266.5,1111992
1484802000,2265.5,2269.5,2253.0,2261.5,1386240
1484888400,2261.0,2272.75,2259.75,2266.0,1737181
1485147600,2266.0,2267.5,2251.75,2262.0,1474482
1485234000,2260.75,2280.5,2259.5,2274.5,1273116
1485320400,2275.75,2295.25,2274.75,2294.0,1386477
1485406800,2293.75,2299.5,2289.5,2294.0,1170427
1485493200,2294.0,2296.75,2287.0,2289.0,942076
1485752400,2282.0,2285.75,2263.25,2276.0,1850992
1485838800,2275.75,2278.25,2262.25,2274.5,1628810
1485925200,2277.0,2285.0,2268.25,2274.5,1565006
1486011600,2275.0,2279.75,2264.5,2275.5,1414426
1486098000,2274.0,2294.0,2270.5,2291.0,1415043
1486357200,2293.0,2294.25,2283.5,2286.5,1164914
1486443600,2286.25,2295.0,2284.0,2288.5,1202059
1486530000,2285.75,2292.0,2281.0,2290.25,1283261
1486616400,2290.5,2307.75,2287.75,2304.25,1354847
1486702800,2304.25,2315.75,2303.0,2312.75,1177521
1486962000,2314.25,2329.0,2313.25,2326.25,1210205
1487048400,2326.5,2337.75,2319.75,2337.0,1390309
1487134800,2335.5,2351.5,2331.25,2350.5,1532340
1487221200,2350.25,2350.75,2336.75,2345.5,1737007
1487307600,2345.0,2348.75,2336.5,2348.0,1399520
1487653200,2346.5,2365.0,2346.0,2360.0,1653551
1487739600,2360.0,2363.75,2355.25,2361.0,1301504
1487826000,2362.0,2367.5,2353.0,2362.75,1556359
1487912400,2361.5,2365.75,2349.5,2365.0,1551959
1488171600,2362.75,2370.75,2361.0,2368.25,1156575
1488258000,2365.75,2368.75,2357.5,2362.75,1610710
1488344400,2364.5,2401.0,2363.25,2393.5,2171551
1488430800,2392.25,2394.25,2378.0,2382.0,1744834
1488517200,2379.75,2383.25,2373.75,2381.25,1357594
1488776400,2380.25,2380.75,2367.0,2375.5,1376883
1488862800,2371.25,2375.5,2364.5,2366.5,1303962
1488949200,2365.75,2373.0,2359.5,2364.0,1651698
1489035600,2363.75,2369.25,2354.0,2366.25,1788548
1489122000,2367.5,2379.75,2362.25,2371.75,1361113
1489377600,2370.75,2375.25,2368.0,2375.0,1042690
1489464000,2374.0,2374.75,2358.0,2366.5,952366
1489550400,2367.0,2390.5,2366.5,2383.75,621381
1489636800,2382.5,2392.0,2376.75,2382.75,377982
1489723200,2382.25,2385.75,2379.0,2384.5,1277357
1489982400,2373.75,2376.0,2365.5,2370.25,1076099
1490068800,2369.0,2378.75,2338.0,2342.25,2567939
1490155200,2340.5,2348.75,2332.25,2342.5,1883451
1490241600,2342.25,2356.0,2338.25,2340.0,1631527
1490328000,2341.0,2352.75,2331.75,2344.75,1600274
1490587200,2337.0,2341.5,2317.75,2338.5,1614233
1490673600,2340.5,2360.5,2333.5,2351.5,1623900
1490760000,2353.0,2359.75,2348.75,2357.0,1154538
1490846400,2357.0,2366.75,2353.25,2364.5,1164616
1490932800,2365.5,2366.75,2356.75,2359.25,1568884
1491192000,2357.5,2363.25,2340.0,2356.0,1716027
1491278400,2354.25,2358.75,2344.75,2356.5,1209054
1491364800,2358.75,2375.0,2343.75,2346.5,1938825
1491451200,2345.5,2361.25,2338.0,2353.75,1595949
1491537600,2355.25,2360.75,2336.75,2352.25,1473460
1491796800,2351.75,2363.25,2347.5,2352.5,1351301
1491883200,2354.25,2355.75,2333.25,2351.0,1856700
1491969600,2351.75,2356.5,2337.5,2340.75,1534596
1492056000,2338.75,2345.0,2324.0,2327.5,1587079
1492401600,2324.0,2346.0,2322.75,2345.0,981675
1492488000,2345.0,2347.0,2330.25,2337.25,1432200
1492574400,2337.75,2349.25,2331.25,2333.75,1254296
1492660800,2333.25,2358.25,2332.5,2352.0,1468523
1492747200,2352.75,2356.0,2340.5,2347.5,1277783
1493006400,2365.75,2376.75,2365.25,2370.0,1553985
1493092800,2370.0,2389.25,2368.25,2385.0,1324272
1493179200,2383.0,2394.75,2381.5,2382.25,1493096
1493265600,2381.5,2388.75,2378.75,2386.0,1115269
1493352000,2386.25,2388.75,2378.25,2380.5,1167297
1493611200,2381.5,2390.75,2377.0,2387.0,906278
1493697600,2386.25,2388.75,2381.75,2385.75,958983
1493784000,2384.0,2386.0,2375.5,2383.25,1076558
1493870400,2382.0,2390.75,2376.0,2385.5,1229736
1493956800,2386.0,2399.25,2379.0,2397.75,1127621
1494216000,2402.5,2403.75,2389.75,2395.0,957161
1494302400,2394.5,2400.0,2388.75,2393.25,1105436
1494388800,2391.75,2397.0,2387.5,2395.25,998859
1494475200,2395.0,2395.25,2379.0,2391.0,1356242
1494561600,2390.25,2391.5,2384.25,2388.75,1087422
1494820800,2388.75,2402.25,2388.0,2398.5,1041264
1494907200,2399.75,2404.5,2393.75,2397.0,1071111
1494993600,2396.5,2396.75,2354.75,2357.5,2814349
1495080000,2355.0,2375.0,2344.5,2363.5,2460956
1495166400,2364.0,2388.0,2361.0,2381.5,1672971
1495425600,2381.75,2394.25,2378.25,2392.75,1113022
1495512000,2393.5,2399.5,2386.75,2398.0,1024986
1495598400,2397.0,2404.0,2394.75,2402.0,984358
1495684800,2403.0,2417.75,2402.5,2413.5,1315611
1495771200,2413.0,2415.75,2408.0,2413.75,879560
1496116800,2414.0,2417.0,2407.75,2410.75,1040285
1496203200,2410.5,2416.75,2402.75,2411.0,1729723
1496289600,2413.75,2430.5,2410.5,2429.5,1432385
1496376000,2429.25,2439.75,2427.0,2437.75,1735800
1496635200,2435.25,2439.0,2433.0,2434.5,891938
1496721600,2434.25,2435.75,2426.25,2430.75,1353806
1496808000,2429.5,2435.0,2424.0,2432.0,1431930
1496894400,2431.5,2439.0,2427.25,2432.5,1445922
1496980800,2427.25,2445.75,2414.75,2430.5,1588107
1497240000,2430.0,2431.0,2419.0,2428.5,1253497
1497326400,2428.75,2441.5,2427.25,2440.0,1028985
1497412800,2440.25,2445.5,2427.75,2437.25,684544
1497499200,2436.0,2436.0,2418.25,2434.25,470700
1497585600,2433.75,2439.0,2432.5,2433.75,1336684
1497844800,2433.5,2451.5,2432.75,2447.5,1223334
1497931200,2447.75,2451.0,2434.0,2437.5,1332027
1498017600,2435.75,2440.0,2428.0,2433.5,1374762
1498104000,2431.75,2439.0,2428.0,2431.75,1056822
1498190400,2431.25,2438.75,2428.25,2435.0,1197448
1498449600,2432.0,2447.5,2430.0,2436.0,1265812
1498536000,2435.75,2437.25,2416.5,2420.5,1639883
1498622400,2417.0,2442.5,2413.75,2438.5,1560424
1498708800,2442.0,2445.0,2402.25,2420.0,2337789
1498795200,2420.75,2429.75,2415.0,2421.0,1638217
1499088600,2422.0,2436.5,2421.5,2425.0,766228
1499227200,2423.75,2432.25,2419.25,2428.0,1287423
1499313600,2428.0,2430.5,2405.25,2408.5,1603746
1499400000,2409.25,2425.0,2407.5,2422.5,1266391
1499659200,2423.0,2430.0,2419.25,2424.5,861222
1499745600,2423.75,2427.75,2410.25,2424.5,1132273
1499832000,2425.0,2443.75,2422.5,2440.0,1163339
1499918400,2441.25,2447.0,2439.0,2445.5,941061
1500004800,2446.5,2461.25,2442.0,2456.0,1091078
1500264000,2457.0,2460.5,2454.0,2458.5,862469
1500350400,2459.25,2461.0,2448.0,2457.75,1091158
1500436800,2459.75,2472.0,2457.75,2471.5,958463
1500523200,2471.0,2476.25,2465.5,2471.25,1106684
1500609600,2472.5,2475.25,2462.75,2469.5,1095937
1500868800,2469.75,2470.5,2463.5,2468.5,857750
1500955200,2467.0,2478.75,2466.25,2474.0,1074033
1501041600,2475.25,2479.75,2471.5,2473.25,972444
1501128000,2474.5,2480.5,2457.0,2472.0,1647577
1501214400,2472.0,2472.0,2461.5,2470.25,1156784
1501473600,2470.5,2475.0,2465.25,2468.0,1229202
1501560000,2468.0,2477.25,2466.25,2472.25,1043439
1501646400,2474.0,2476.0,2463.25,2473.5,1304650
1501732800,2473.25,2474.5,2466.0,2471.75,1087355
1501819200,2470.75,2477.75,2467.75,2472.0,1070866
1502078400,2472.25,2478.25,2472.0,2477.5,599701
1502164800,2477.5,2488.5,2467.5,2472.75,1367671
1502251200,2470.0,2474.5,2459.0,2473.0,1555517
1502337600,2474.0,2474.25,2432.75,2437.5,2324062
1502424000,2434.5,2446.5,2430.25,2440.0,1670104
1502683200,2441.5,2466.5,2441.5,2463.5,1470477
1502769600,2464.5,2473.25,2460.0,2463.75,1060173
1502856000,2464.5,2474.0,2461.5,2467.5,1137333
1502942400,2466.75,2468.5,2423.75,2429.5,2236170
1503028800,2426.75,2439.5,2419.5,2426.75,2203303
1503288000,2428.75,2431.5,2415.75,2428.0,1339966
1503374400,2428.0,2454.25,2427.5,2452.75,1367156
1503460800,2453.0,2454.75,2438.75,2441.5,1243382
1503547200,2440.25,2449.0,2434.5,2440.75,1407417
1503633600,2442.5,2453.5,2437.5,2442.5,1211227
1503892800,2442.0,2449.25,2436.25,2443.75,953054
1503979200,2434.0,2448.5,2421.0,2447.0,1615262
1504065600,2446.5,2459.75,2442.75,2455.75,1301444
1504152000,2455.25,2474.25,2454.75,2470.0,1752826
1504238400,2470.25,2479.75,2470.0,2474.25,1057024
1504584000,2461.25,2471.25,2445.5,2459.75,2123649
1504670400,2460.25,2469.0,2456.5,2465.5,1574076
1504756800,2464.0,2468.75,2457.5,2466.5,1534736
1504843200,2466.5,2467.5,2456.75,2462.5,1242750
1505102400,2468.0,2489.0,2468.0,2487.5,1333316
1505188800,2488.25,2497.0,2486.75,2496.0,1042880
1505275200,2497.0,2497.5,2490.75,2496.5,611367
1505361600,2496.25,2498.25,2489.5,2496.5,419698
1505448000,2496.0,2496.5,2489.5,2496.0,1367390
1505707200,2499.0,2506.0,2497.75,2502.75,1090827
1505793600,2502.75,2506.0,2501.0,2504.75,961109
1505880000,2503.75,2507.25,2494.0,2505.25,1232948
1505966400,2504.5,2506.25,2496.5,2501.0,1117630
1506052800,2500.75,2501.0,2492.0,2499.5,1024727
1506312000,2499.0,2504.5,2485.0,2497.0,1539626
1506398400,2498.0,2501.25,2492.25,2495.5,1144642
1506484800,2495.0,2509.25,2493.0,2504.5,1576031
1506571200,2503.25,2508.25,2499.0,2507.75,1109027
1506657600,2507.75,2517.75,2504.75,2516.0,1368322
1506916800,2518.0,2528.0,2517.0,2526.25,1138362
1507003200,2527.25,2533.5,2525.5,2532.75,849153
1507089600,2533.0,2538.0,2529.0,2536.25,956590
1507176000,2535.25,2550.75,2534.5,2550.0,1104438
1507262400,2548.75,2549.75,2541.5,2545.0,1169419
1507521600,2543.25,2550.5,2539.25,2543.75,735488
1507608000,2543.25,2553.25,2542.75,2548.5,1149236
1507694400,2548.75,2553.5,2544.25,2553.0,818238
1507780800,2552.25,2553.25,2546.25,2549.5,938476
1507867200,2548.0,2555.5,2547.0,2552.75,918541
1508126400,2552.25,2557.75,2550.75,2556.25,795923
1508212800,2555.5,2557.75,2552.25,2557.0,738739
1508299200,2556.5,2562.25,2556.25,2560.0,753384
1508385600,2560.0,2561.5,2542.5,2560.5,1362805
1508472000,2561.0,2574.5,2559.5,2574.0,1254054
1508731200,2572.75,2577.25,2561.5,2563.5,1272965
1508817600,2562.5,2570.25,2562.25,2567.25,1047808
1508904000,2564.75,2566.25,2541.5,2558.5,2099172
1508990400,2559.5,2565.0,2555.5,2561.5,1392205
1509076800,2561.5,2580.75,2557.5,2578.5,1561074
1509336000,2575.5,2578.25,2565.5,2568.25,1237600
1509422400,2568.0,2575.5,2566.75,2572.75,1051279
1509508800,2572.75,2585.5,2571.0,2574.75,1290220
1509595200,2571.5,2578.5,2562.25,2576.75,1297222
1509681600,2577.5,2585.5,2573.5,2582.75,992681
1509944400,2580.0,2590.0,2575.5,2588.75,848119
1510030800,2587.75,2593.5,2580.75,2586.75,1163840
1510117200,2584.0,2592.5,2579.75,2591.0,1058023
1510203600,2591.25,2594.5,2563.25,2584.0,2218191
1510290000,2582.0,2585.75,2571.5,2579.5,1193217
1510549200,2580.25,2585.5,2570.25,2582.0,1052173
1510635600,2580.25,2582.25,2564.25,2578.0,1582882
1510722000,2576.75,2577.0,2555.5,2565.0,1917948
1510808400,2564.25,2589.5,2562.25,2585.0,1528865
1510894800,2584.25,2586.0,2574.75,2576.25,1186958
1511154000,2576.0,2584.0,2567.75,2582.0,1000520
1511240400,2582.0,2600.5,2579.25,2596.25,1153787
1511326800,2595.75,2600.0,2592.75,2594.5,536543
1511533800,2593.25,2603.0,2589.5,2601.0,551196
1511758800,2601.0,2605.5,2596.5,2601.75,960112
1511845200,2602.25,2627.0,2597.5,2626.0,1558414
1511931600,2625.5,2634.25,2619.75,2625.0,1661775
1512018000,2625.0,2658.5,2621.75,2648.0,2346236
1512104400,2640.75,2650.75,2605.0,2644.0,2520826
1512363600,2654.5,2665.25,2633.75,2638.25,1756938
1512450000,2636.0,2648.75,2627.25,2628.25,1392821
1512536400,2626.75,2634.5,2620.0,2629.25,1307666
1512622800,2630.5,2641.25,2626.25,2639.5,1345485
1512709200,2639.5,2652.5,2637.75,2651.0,1154864
1512968400,2652.0,2664.75,2649.25,2661.5,1266601
1513054800,2662.75,2670.25,2660.5,2665.0,1032184
1513141200,2665.5,2672.5,2656.75,2666.5,758320
1513227600,2665.5,2670.75,2649.25,2653.25,473836
1513314000,2650.0,2667.25,2650.0,2666.75,1410847
1513573200,2683.0,2698.0,2682.5,2694.5,1040769
1513659600,2695.0,2698.0,2682.5,2684.0,980483
1513746000,2684.75,2695.5,2679.0,2681.5,981223
1513832400,2681.5,2696.0,2680.75,2687.75,853748
1513918800,2686.75,2691.5,2682.25,2686.0,360430
1514264400,2686.75,2689.5,2683.5,2687.0,376101
1514350800,2687.5,2691.0,2681.5,2685.5,666329
1514437200,2684.0,2689.0,2683.0,2685.75,535624
1514523600,2684.75,2698.25,2667.75,2676.0,1092038
1514869200,2675.25,2696.0,2674.5,2693.0,996265
1514955600,2693.75,2714.25,2692.25,2711.0,1114548
1515042000,2710.25,2729.0,2708.5,2723.75,1166017
1515128400,2725.0,2743.25,2723.75,2742.5,1136500
1515387600,2741.75,2748.5,2736.5,2746.75,903544
1515474000,2746.5,2760.0,2742.75,2752.25,1137598
1515560400,2749.75,2752.0,2736.5,2750.5,1289898
1515646800,2750.0,2770.5,2747.75,2769.5,1045414
1515733200,2768.75,2790.0,2766.75,2788.75,1357120
1516078800,2789.75,2808.5,2769.25,2782.5,1981469
1516165200,2782.75,2809.5,2779.0,2803.75,1541873
1516251600,2803.25,2808.0,2793.75,2796.25,1345331
1516338000,2797.0,2815.0,2791.75,2811.0,1363990
1516597200,2804.0,2838.25,2802.0,2835.25,1179414
1516683600,2835.25,2844.75,2828.75,2839.5,1282163
1516770000,2837.0,2855.25,2825.5,2841.0,1885278
1516856400,2840.0,2853.75,2830.75,2841.25,1439217
1516942800,2842.25,2876.0,2841.25,2874.5,1286287
1517202000,2874.25,2878.5,2851.5,2853.5,1395078
1517288400,2853.25,2858.0,2818.5,2824.5,2133815
1517374800,2823.25,2839.75,2813.0,2825.75,1841227
1517461200,2828.75,2837.25,2809.5,2822.5,1646906
1517547600,2826.5,2831.0,2755.25,2756.75,2532442
1517806800,2757.0,2763.0,2595.75,2607.75,4009557
1517893200,2624.0,2699.75,2529.0,2694.25,4806868
1517979600,2685.5,2726.75,2660.5,2668.25,2491133
1518066000,2664.75,2686.5,2577.0,2593.5,3121915
1518152400,2593.75,2637.75,2530.25,2619.0,3909443
1518411600,2628.25,2671.5,2620.0,2655.25,2170447
1518498000,2653.25,2667.5,2634.25,2661.75,1461104
1518584400,2662.5,2701.75,2627.0,2697.0,2087016
1518670800,2695.5,2736.75,2688.5,2734.0,1668909
1518757200,2734.0,2754.75,2722.25,2735.0,1738551
1519102800,2734.5,2747.75,2705.75,2714.0,1447502
1519189200,2714.5,2747.75,2693.5,2698.75,1661308
1519275600,2698.5,2731.0,2682.0,2711.5,1623017
1519362000,2712.75,2750.25,2710.0,2748.75,0
1519621200,2751.5,2786.0,2742.5,2784.5,1256268
1519707600,2783.5,2789.75,2742.0,2747.5,1717155
1519794000,2746.5,2762.0,2712.0,2714.5,1876678
1519880400,2718.25,2731.0,2658.5,2678.25,2818966
1519966800,2678.75,2696.0,2647.0,2690.25,2171819
1520226000,2683.25,2727.75,2663.75,2718.5,1781823
1520312400,2719.0,2734.5,2710.25,2724.0,1450085
1520398800,2700.0,2730.25,2681.25,2723.25,1870360
1520485200,2722.5,2740.5,2720.0,2739.25,1502808
1520571600,2736.5,2787.0,2730.0,2784.0,1541679
1520827200,2784.0,2800.5,2779.0,2784.0,1232395
1520913600,2782.25,2802.5,2758.5,2768.5,1232770
1521000000,2763.0,2779.5,2744.25,2749.75,766900
1521086400,2750.75,2763.5,2741.0,2751.5,358566
1521172800,2753.75,2757.0,2747.0,2752.75,1142517
1521432000,2756.25,2756.5,2697.25,2722.75,1986809
1521518400,2721.5,2729.0,2712.75,2723.5,1099899
1521604800,2723.25,2744.0,2712.5,2718.25,1423759
1521691200,2718.25,2726.25,2641.75,2643.25,2548609
1521777600,2645.75,2658.75,2586.0,2597.75,2875654
1522036800,2595.0,2662.75,2591.0,2659.5,2302375
1522123200,2659.5,2679.75,2596.0,2615.75,2448450
1522209600,2612.75,2633.75,2593.0,2607.5,2802883
1522296000,2609.75,2659.5,2601.0,2643.0,2042949
1522641600,2635.0,2641.5,2552.0,2575.0,2395329
1522728000,2581.25,2618.75,2573.5,2613.25,2220246
1522814400,2612.0,2649.75,2559.5,2647.0,2247386
1522900800,2645.75,2672.25,2644.0,2661.75,1642890
1522987200,2663.0,2664.0,2584.5,2605.75,2615117
1523246400,2607.5,2653.75,2607.5,2619.0,1762078
1523332800,2617.75,2666.25,2612.25,2655.0,1998582
1523419200,2654.5,2661.25,2626.0,2641.0,1637350
1523505600,2642.5,2675.0,2639.75,2664.0,1301132
1523592000,2661.75,2680.5,2644.75,2657.25,1711823
1523851200,2673.25,2687.0,2660.75,2681.75,1237183
1523937600,2679.25,2713.75,2678.75,2706.5,1251766
1524024000,2704.5,2718.5,2703.75,2709.75,1044851
1524110400,2711.75,2713.25,2681.5,2693.0,1577913
1524196800,2692.5,2698.25,2659.75,2671.5,1604973
1524456000,2683.0,2684.75,2657.25,2671.25,1239828
1524542400,2672.0,2688.5,2616.0,2635.25,2329880
1524628800,2635.25,2648.25,2611.25,2644.5,1902899
1524715200,2648.25,2677.5,2639.5,2674.5,1279539
1524801600,2675.5,2676.25,2657.75,2671.5,1142350
1525060800,2670.5,2682.25,2645.0,2647.0,1341086
1525147200,2646.25,2658.0,2623.25,2652.25,1323628
1525233600,2655.5,2658.5,2624.25,2627.5,1427995
1525320000,2626.75,2636.25,2591.25,2631.75,2146587
1525406400,2631.75,2669.5,2612.25,2663.0,1699202
1525665600,2662.75,2681.5,2661.25,2670.0,1148919
1525752000,2668.0,2674.25,2652.25,2670.25,1281751
1525838400,2669.75,2700.0,2666.5,2696.0,1251722
1525924800,2696.0,2725.0,2692.75,2718.75,1173629
1526011200,2716.25,2732.5,2716.25,2729.5,1066248
1526270400,2727.25,2741.25,2724.25,2731.0,945963
1526356800,2728.5,2731.25,2700.5,2709.0,1519108
1526443200,2711.25,2728.0,2704.5,2723.0,1057687
1526529600,2721.75,2732.0,2711.0,2718.75,1071506
1526616000,2718.75,2727.0,2708.75,2713.0,1013073
1526875200,2728.75,2739.25,2724.25,2733.0,951913
1526961600,2731.25,2741.75,2721.5,2726.0,891511
1527048000,2724.5,2733.0,2704.5,2730.75,1295885
1527134400,2729.75,2733.25,2705.75,2727.5,1277264
1527220800,2726.75,2737.75,2713.75,2718.25,993783
1527566400,2721.25,2724.25,2675.0,2692.25,1989677
1527652800,2693.25,2729.25,2685.75,2724.5,1424364
1527739200,2720.25,2728.25,2699.75,2705.5,1665452
1527825600,2707.5,2737.0,2706.0,2733.75,1241171
1528084800,2731.0,2749.25,2729.0,2745.5,857850
1528171200,2746.0,2753.25,2739.0,2751.5,1027609
1528257600,2751.0,2774.75,2748.0,2772.25,1326401
1528344000,2773.25,2779.75,2760.0,2772.25,1773923
1528430400,2771.0,2779.75,2752.0,2778.75,1367033
1528689600,2771.0,2790.5,2770.5,2783.0,1218834
1528776000,2781.25,2789.75,2778.5,2784.0,988748
1528862400,2788.0,2791.75,2773.75,2774.25,614173
1528948800,2773.25,2789.25,2767.5,2783.25,398105
1529035200,2782.5,2784.0,2766.25,2776.5,1512061
1529294400,2780.0,2786.75,2761.25,2779.75,993118
1529380800,2778.25,2780.25,2735.75,2766.25,1657081
1529467200,2765.25,2778.25,2757.25,2772.0,1082802
1529553600,2771.75,2785.25,2747.0,2752.5,1493235
1529640000,2750.5,2768.5,2749.25,2759.5,1108771
1529899200,2757.0,2758.0,2700.5,2722.25,2206994
1529985600,2721.75,2735.25,2714.75,2728.5,1399067
1530072000,2726.5,2748.0,2701.0,2705.0,2117686
1530158400,2705.0,2726.25,2693.25,2719.5,1678667
1530244800,2720.0,2745.5,2716.75,2721.5,1641889
1530504000,2721.0,2728.5,2698.5,2727.25,1213215
1530624600,2727.25,2741.5,2712.0,2713.25,860533
1530763200,2713.0,2739.75,2710.75,2738.5,1165235
1530849600,2737.0,2766.25,2731.25,2763.0,1287758
1531108800,2762.0,2788.0,2761.75,2787.5,970337
1531195200,2787.5,2797.75,2780.5,2796.75,925706
1531281600,2780.75,2787.75,2765.75,2774.0,1369176
1531368000,2776.75,2801.0,2773.75,2798.5,1120424
1531454400,2798.5,2807.25,2793.25,2803.25,952307
1531713600,2804.75,2809.0,2795.0,2796.5,801608
1531800000,2795.75,2815.75,2789.75,2811.25,1059163
1531886400,2813.0,2818.25,2806.75,2816.0,860523
1531972800,2814.5,2818.0,2800.25,2805.25,1082645
1532059200,2805.5,2810.5,2793.0,2800.75,1013663
1532318400,2805.25,2812.5,2792.5,2812.0,812481
1532404800,2810.5,2831.25,2810.25,2821.0,1347688
1532491200,2819.25,2849.5,2814.0,2841.25,1302896
1532577600,2835.25,2846.5,2833.25,2842.5,1039552
1532664000,2840.25,2847.0,2808.75,2817.5,1492056
1532923200,2816.0,2821.75,2798.25,2803.25,1169457
1533009600,2805.5,2827.75,2802.75,2817.0,1366896
1533096000,2824.25,2825.75,2805.5,2810.75,1098291
1533182400,2814.0,2831.25,2791.0,2828.5,1238138
1533268800,2830.75,2841.5,2824.75,2839.5,922242
1533528000,2841.5,2853.5,2835.0,2850.0,797324
1533614400,2849.25,2863.75,2848.25,2859.75,780222
1533700800,2860.5,2862.5,2852.5,2855.25,745412
1533787200,2853.5,2862.75,2850.5,2853.75,696695
1533873600,2852.5,2852.75,2826.0,2836.75,1416182
1534132800,2835.75,2843.75,2820.0,2825.5,1282874
1534219200,2826.75,2843.5,2825.75,2841.0,1022577
1534305600,2841.75,2843.0,2803.0,2821.25,1871800
1534392000,2822.25,2851.75,2817.5,2844.75,1271529
1534478400,2843.5,2857.0,2835.0,2852.25,1202980
1534737600,2851.75,2860.75,2850.25,2858.5,817383
1534824000,2856.75,2874.0,2852.0,2861.75,1055051
1534910400,2853.0,2868.25,2846.25,2861.25,996434
1534996800,2861.75,2869.75,2854.75,2858.0,1050042
1535083200,2858.25,2877.5,2856.25,2876.75,1058571
1535342400,2877.75,2899.5,2876.75,2898.5,961496
1535428800,2899.0,2906.25,2894.25,2899.25,902705
1535515200,2900.5,2917.5,2897.5,2914.75,1113797
1535601600,2915.75,2916.25,2895.5,2902.0,1331841
1535688000,2898.0,2907.5,2891.75,2902.0,1323038
1536033600,2906.5,2912.5,2885.5,2898.25,1605954
1536120000,2898.75,2900.5,2877.5,2888.25,1604742
1536206400,2888.5,2893.0,2868.0,2879.0,1633946
1536292800,2877.75,2885.0,2865.0,2874.75,1692240
1536552000,2873.75,2888.25,2873.25,2880.25,1248308
1536638400,2879.75,2893.0,2867.25,2889.75,1269254
1536724800,2890.0,2895.25,2879.5,2888.5,1581597
1536811200,2887.0,2907.0,2884.75,2905.25,1641192
1536897600,2904.75,2912.25,2896.75,2906.25,1203335
1537156800,2903.5,2906.25,2887.25,2891.0,1161598
1537243200,2890.5,2912.5,2878.5,2906.5,986831
1537329600,2907.75,2913.75,2900.75,2910.0,563497
1537416000,2911.25,2935.75,2908.25,2934.0,360700
1537502400,2934.75,2944.0,2932.25,2943.0,1489417
1537761600,2929.5,2930.25,2917.75,2925.5,1162107
1537848000,2926.5,2934.25,2918.25,2921.25,1032045
1537934400,2922.5,2936.0,2907.5,2911.5,1308995
1538020800,2911.5,2932.0,2907.5,2920.0,1210835
1538107200,2922.25,2925.5,2908.0,2919.0,1429127
1538366400,2922.5,2942.0,2922.5,2930.0,1239963
1538452800,2929.25,2936.0,2917.5,2928.5,1132507
1538539200,2929.0,2944.75,2924.75,2931.5,1244514
1538625600,2926.0,2926.25,2887.75,2907.75,2165850
1538712000,2910.0,2915.5,2873.25,2894.0,2291213
1538971200,2897.5,2898.25,2866.0,2893.75,1760642
1539057600,2892.25,2900.0,2874.5,2888.25,1770753
1539144000,2886.75,2891.25,2771.5,2781.0,3460738
1539230400,2776.5,2798.75,2712.25,2745.5,4013855
1539316800,2748.5,2785.0,2732.25,2768.5,2853415
1539576000,2770.0,2778.75,2745.25,2749.0,1763922
1539662400,2747.5,2819.0,2745.5,2817.75,1780311
1539748800,2816.25,2824.25,2783.25,2816.25,1948526
1539835200,2813.25,2814.75,2756.5,2772.25,2218738
1539921600,2774.75,2800.5,2762.25,2767.5,2023613
1540180800,2758.0,2782.0,2749.75,2756.5,1665740
1540267200,2755.75,2757.5,2692.25,2746.25,2849774
1540353600,2745.25,2750.0,2652.25,2664.25,2856919
1540440000,2673.75,2723.75,2658.75,2688.25,2535913
1540526400,2678.0,2692.75,2627.25,2669.5,3509803
1540785600,2667.0,2707.0,2603.0,2643.5,2786555
1540872000,2639.0,2690.25,2633.25,2685.25,2503396
1540958400,2690.75,2737.25,2682.0,2711.0,2469662
1541044800,2706.0,2741.25,2705.5,2738.0,1820142
1541131200,2724.0,2766.25,2699.5,2724.25,2372699
1541394000,2722.5,2743.75,2712.75,2739.5,1311938
1541480400,2739.0,2761.0,2729.75,2759.0,1269341
1541566800,2756.75,2817.75,2744.75,2816.5,1894012
1541653200,2815.75,2818.0,2795.0,2808.75,1317225
1541739600,2804.0,2811.25,2764.5,2779.0,1724880
1541998800,2778.75,2795.25,2722.25,2727.75,1921301
1542085200,2732.0,2755.75,2714.5,2727.5,2101869
1542171600,2731.25,2748.25,2686.25,2698.5,2295505
1542258000,2702.0,2736.75,2671.25,2734.5,2383852
1542344400,2731.75,2748.75,2708.75,2743.0,1875116
1542603600,2733.0,2748.0,2681.5,2696.25,1988117
1542690000,2696.25,2696.75,2631.75,2640.0,2533128
1542776400,2639.75,2671.25,2632.25,2649.0,1454916
1542983400,2635.5,2647.5,2626.0,2629.5,872856
1543208400,2633.5,2676.25,2631.5,2670.0,1374735
1543294800,2661.0,2686.75,2655.25,2683.5,1503048
1543381200,2686.25,2745.0,2681.0,2741.5,1866115
1543467600,2738.0,2754.5,2723.25,2744.25,1489330
1543554000,2742.0,2764.75,2729.0,2758.25,1475346
1543813200,2793.5,2814.0,2773.5,2790.75,1909240
1543899600,2789.75,2790.5,2696.0,2701.75,2709938
1544072400,2713.25,2714.0,2621.25,2691.0,3308356
1544158800,2694.25,2709.75,2623.25,2636.0,2596155
1544418000,2625.0,2648.5,2583.0,2643.0,2564357
1544504400,2644.0,2678.0,2621.25,2641.25,2265284
1544590800,2632.5,2686.5,2631.75,2652.5,1900862
1544677200,2653.0,2671.0,2637.25,2645.5,2043406
1544763600,2646.5,2648.75,2594.0,2602.0,1664325
1545022800,2594.0,2613.75,2530.5,2552.5,1602680
1545109200,2553.75,2574.75,2528.0,2535.75,1215895
1545195600,2530.5,2593.25,2488.0,2503.25,823819
1545282000,2503.5,2517.5,2441.0,2485.75,630214
1545368400,2487.0,2491.25,2466.75,2467.75,3016623
1545661800,2407.75,2434.5,2340.5,2341.75,1292750
1545800400,2348.5,2477.75,2316.75,2471.0,2015176
1545886800,2470.25,2498.75,2397.0,2495.0,2283892
1545973200,2491.5,2523.0,2472.75,2486.0,2011392
1546232400,2495.5,2513.0,2482.75,2505.25,1414594
1546405200,2508.0,2521.25,2452.25,2511.0,1969697
1546491600,2482.25,2493.5,2443.25,2447.75,2257341
1546578000,2451.75,2539.25,2438.5,2531.25,2350836
1546837200,2537.25,2567.5,2523.25,2550.5,1632131
1546923600,2553.25,2581.25,2547.5,2572.5,1664892
1547010000,2569.5,2596.75,2568.5,2582.5,1596941
1547096400,2580.0,2599.5,2560.5,2594.0,1534119
1547182800,2594.0,2597.75,2577.0,2595.0,1213026
1547442000,2588.5,2592.0,2567.25,2580.5,1199404
1547528400,2581.5,2613.75,2580.0,2605.5,1532494
1547614800,2605.75,2626.25,2602.5,2613.25,1330329
1547701200,2614.5,2645.5,2596.5,2635.25,1508869
1547787600,2636.75,2677.75,2632.75,2671.5,1753852
1548133200,2669.25,2673.5,2616.5,2632.0,1880446
1548219600,2630.75,2653.75,2612.5,2638.25,1576181
1548306000,2635.0,2647.5,2626.0,2634.0,1266714
1548392400,2636.25,2672.5,2634.5,2663.5,1388741
1548651600,2660.0,2663.5,2622.25,2642.0,1408636
1548738000,2640.25,2650.0,2628.5,2640.25,1261703
1548824400,2648.5,2689.75,2636.25,2682.5,1564987
1548910800,2683.5,2713.0,2675.75,2704.5,1935195
1548997200,2707.75,2716.0,2695.5,2704.25,1469597
1549256400,2699.25,2725.0,2697.0,2721.25,1024581
1549342800,2719.5,2737.75,2716.25,2731.0,1225737
1549429200,2730.75,2736.5,2722.25,2729.5,1196377
1549515600,2727.0,2729.25,2685.5,2704.0,1921663
1549602000,2702.0,2709.0,2680.75,2706.25,1579544
1549861200,2710.75,2721.5,2700.5,2708.25,1110070
1549947600,2707.0,2748.0,2705.5,2744.75,1307152
1550034000,2743.5,2762.0,2742.75,2749.5,1209879
1550120400,2749.25,2763.0,2730.25,2743.5,1679091
1550206800,2741.25,2778.5,2729.0,2777.0,1518783
1550552400,2777.0,2787.5,2766.0,2778.75,1198092
1550638800,2777.75,2790.75,2773.25,2787.0,1284923
1550725200,2787.0,2798.0,2764.25,2774.25,1426061
1550811600,2773.5,2795.5,2770.5,2791.25,1190834
1551070800,2799.5,2814.0,2794.5,2797.0,1256092
1551157200,2795.75,2803.5,2783.25,2791.5,1201641
1551243600,2788.0,2797.25,2775.0,2795.0,1138855
1551330000,2795.25,2795.75,2781.75,2784.75,1360457
1551416400,2785.25,2808.25,2783.0,2805.0,1265597
1551675600,2814.0,2819.75,2767.5,2791.5,1791972
1551762000,2790.5,2799.0,2783.25,2791.5,1203448
1551848400,2786.5,2792.75,2768.5,2771.5,1509846
1551934800,2770.5,2776.25,2738.5,2750.0,1919820
1552021200,2749.0,2751.5,2722.0,2747.0,1380324
1552276800,2745.5,2787.5,2736.75,2784.0,1300372
1552363200,2784.75,2798.25,2780.5,2792.0,958317
1552449600,2792.25,2821.25,2783.0,2814.5,583009
1552536000,2816.0,2820.0,2803.75,2807.25,330522
1552622400,2808.0,2821.5,2807.5,2811.889892578125,1382358
1552881600,2827.0,2842.0,2824.0,2840.5,1036540
1552968000,2841.5,2858.75,2829.0,2836.5,1497577
1553054400,2837.25,2849.25,2817.25,2827.0,1693207
1553140800,2823.75,2866.0,2813.75,2862.5,1657949
1553227200,2859.5,2864.75,2805.25,2810.75,2254842
1553486400,2813.0,2818.5,2789.5,2807.0,1801326
1553572800,2808.5,2835.0,2806.0,2823.0,1461068
1553659200,2823.5,2831.75,2791.75,2810.5,1726746
1553745600,2807.0,2824.25,2795.0,2821.0,1185882
1553832000,2820.5,2840.75,2820.25,2837.75,1491974
1554091200,2844.5,2873.5,2844.5,2870.5,1256933
1554177600,2868.5,2873.75,2862.25,2867.0,859942
1554264000,2866.0,2889.25,2865.25,2879.75,1240848
1554350400,2880.75,2885.75,2871.0,2882.75,1045539
1554436800,2882.5,2898.0,2880.5,2896.0,1221029
1554696000,2896.25,2899.75,2884.25,2898.25,978909
1554782400,2898.5,2900.0,2877.25,2882.5,1182395
1554868800,2882.0,2896.0,2878.0,2894.5,972310
1554955200,2894.75,2900.0,2885.25,2891.75,968649
1555041600,2892.0,2914.75,2890.75,2912.5,1227893
1555300800,2912.0,2914.5,2900.5,2909.5,955662
1555387200,2910.25,2921.25,2904.5,2911.5,1124491
1555473600,2910.25,2923.5,2898.5,2900.5,1382265
1555560000,2901.0,2911.75,2889.5,2910.0,1335778
1555905600,2908.75,2915.75,2899.0,2912.5,706067
1555992000,2911.75,2939.75,2908.0,2938.0,1193738
1556078400,2937.25,2939.75,2927.75,2930.75,1125250
1556164800,2930.0,2935.75,2914.25,2926.25,1376185
1556251200,2923.75,2942.75,2917.25,2941.5,1246988
1556510400,2939.25,2951.5,2937.75,2943.0,944846
1556596800,2942.5,2956.5,2926.0,2948.5,1491268
1556683200,2955.0,2961.25,2916.0,2923.0,1502201
1556769600,2916.5,2932.75,2901.0,2917.5,1813837
1556856000,2918.5,2949.5,2916.5,2947.5,1295606
1557115200,2917.75,2938.25,2883.5,2932.5,2037157
1557201600,2911.75,2930.5,2862.5,2890.75,2813033
1557288000,2889.75,2899.5,2868.75,2887.25,2043325
1557374400,2884.0,2885.5,2836.25,2872.75,2705412
1557460800,2869.75,2893.0,2826.0,2887.0,2848095
1557720000,2858.5,2869.25,2802.0,2807.0,2790074
1557806400,2806.0,2853.75,2799.75,2839.25,1797995
1557892800,2840.75,2860.0,2815.0,2855.0,1753507
1557979200,2853.5,2894.0,2840.5,2878.5,1687728
1558065600,2879.75,2887.5,2852.5,2862.0,1926351
1558324800,2861.5,2876.5,2832.5,2844.0,1659139
1558411200,2848.0,2870.75,2846.25,2866.0,1303238
1558497600,2864.75,2869.5,2848.25,2857.5,1258767
1558584000,2857.75,2858.5,2805.75,2819.5,2013518
1558670400,2821.75,2842.0,2819.25,2831.75,1201967
1559016000,2831.0,2841.25,2800.5,2805.0,1633540
1559102400,2804.25,2806.0,2766.25,2780.0,2087458
1559188800,2779.5,2799.0,2776.5,2790.5,1282029
1559275200,2788.75,2791.0,2750.0,2752.5,2211587
1559534400,2741.0,2763.75,2728.75,2749.5,2297243
1559620800,2754.0,2806.25,2744.0,2805.0,1836910
1559707200,2806.5,2829.5,2801.0,2827.75,1743779
1559793600,2820.5,2853.0,2812.75,2845.75,1566762
1559880000,2840.0,2886.25,2838.0,2875.0,1687328
1560139200,2893.25,2905.75,2880.5,2889.25,1416247
1560225600,2890.25,2911.5,2879.25,2887.0,1397028
1560312000,2887.25,2891.0,2875.25,2881.0,1205406
1560398400,2882.0,2896.5,2867.25,2894.5,1437516
1560484800,2893.75,2898.75,2880.5,2890.5,1257750
1560744000,2890.75,2900.75,2887.75,2892.0,1157402
1560830400,2893.5,2931.75,2884.5,2921.75,1073047
1560916800,2920.5,2932.5,2909.0,2929.0,638949
1561003200,2926.75,2960.0,2926.0,2955.75,473310
1561089600,2953.75,2956.0,2944.0,2953.89990234375,1547604
1561348800,2948.0,2961.75,2947.25,2952.0,910166
1561435200,2951.0,2958.25,2920.0,2922.0,1417191
1561521600,2922.5,2939.0,2914.5,2918.0,1232682
1561608000,2914.75,2935.75,2914.75,2931.0,1060248
1561694400,2932.75,2955.25,2930.0,2944.25,1322759
1561953600,2970.0,2981.75,2955.5,2967.75,1457722
1562040000,2968.0,2980.0,2958.5,2979.5,1119495
1562160600,2979.0,3001.5,2973.75,3000.25,805258
1562299200,3000.75,3006.0,2971.25,2990.5,1339312
1562558400,2990.75,2994.75,2973.25,2978.5,1016611
1562644800,2977.75,2986.25,2963.5,2982.0,956650
1562731200,2982.25,3007.5,2971.25,2997.5,1422362
1562817600,2996.0,3006.75,2992.5,3004.0,1181911
1562904000,3003.0,3018.0,3002.25,3015.5,969956
1563163200,3015.25,3023.5,3010.75,3017.25,829936
1563249600,3017.25,3021.75,3004.5,3007.0,939814
1563336000,3005.75,3013.0,2980.5,2985.0,1039457
1563422400,2980.75,3005.25,2974.5,2997.5,1345038
1563508800,3003.75,3009.75,2969.5,2977.0,1482373
1563768000,2974.5,2993.5,2972.5,2989.0,1098399
1563854400,2988.75,3008.5,2987.5,3008.0,1056909
1563940800,3003.0,3022.0,2996.0,3021.5,1068766
1564027200,3018.0,3027.75,2998.0,3006.5,1333721
1564113600,3006.5,3029.5,3006.0,3024.5,961015
1564372800,3022.0,3027.25,3015.5,3021.75,823572
1564459200,3022.25,3027.5,3001.5,3012.25,1182050
1564545600,3016.25,3020.75,2958.0,2982.25,1951108
1564632000,2970.25,3014.25,2944.5,2952.0,2736926
1564718400,2950.25,2961.0,2913.5,2932.5,2447014
1564977600,2929.25,2933.5,2820.5,2830.0,3072122
1565064000,2816.25,2883.75,2775.75,2876.0,2601037
1565150400,2873.75,2891.5,2823.25,2880.5,2680813
1565236800,2879.0,2940.75,2870.5,2940.0,1800667
1565323200,2928.0,2935.75,2899.0,2919.75,2026304
1565582400,2918.75,2931.0,2872.5,2880.25,1710875
1565668800,2882.25,2944.25,2866.75,2932.0,2184012
1565755200,2931.0,2936.5,2835.75,2840.75,2786308
1565841600,2836.0,2871.75,2817.75,2848.5,2495340
1565928000,2851.0,2894.75,2849.5,2891.5,1631175
1566187200,2893.0,2932.25,2892.5,2923.75,1285798
1566273600,2921.25,2932.25,2894.25,2898.25,1475214
1566360000,2893.25,2932.5,2893.0,2929.25,1180368
1566446400,2931.25,2939.75,2904.25,2922.25,1470309
1566532800,2920.25,2936.75,2834.0,2855.5,2864662
1566792000,2831.0,2888.5,2810.25,2883.25,1850231
1566878400,2882.75,2899.5,2860.0,2865.5,1528362
1566964800,2866.25,2890.5,2851.75,2889.75,1489617
1567051200,2883.25,2930.75,2875.25,2926.75,1489670
1567137600,2923.25,2946.5,2913.25,2924.75,1642516
1567483200,2901.0,2926.5,2889.0,2906.0,1999829
1567569600,2903.0,2939.5,2902.0,2938.5,1252834
1567656000,2938.0,2986.5,2936.5,2972.0,1669999
1567742400,2970.75,2988.25,2970.25,2980.75,1182287
1568001600,2980.25,2991.5,2969.5,2978.25,1199935
1568088000,2979.25,2985.0,2957.25,2978.5,1493346
1568174400,2979.0,3004.25,2972.0,3002.0,1423833
1568260800,3003.0,3021.75,3001.0,3011.75,1745651
1568347200,3010.0,3023.75,3003.5,3006.5,1275710
1568606400,2993.5,3003.25,2981.25,2999.0,1197095
1568692800,3001.75,3006.5,2991.5,3005.5,1096388
1568779200,3006.0,3011.0,2978.5,3006.25,637344
1568865600,3008.0,3022.25,2988.75,3006.0,372849
1568952000,3005.5,3015.5,3001.75,3013.610107421875,1476593
1569211200,2995.75,3008.25,2982.0,2997.0,1044218
1569297600,3001.0,3012.25,2958.5,2970.25,1936806
1569384000,2971.0,2991.75,2953.75,2986.25,1501723
1569470400,2985.75,2995.0,2964.25,2980.5,1351351
1569556800,2979.75,2993.0,2946.25,2963.75,1673557
1569816000,2976.0,2986.25,2964.5,2978.5,1155807
1569902400,2984.0,2994.5,2937.0,2937.75,1601531
1569988800,2942.25,2949.0,2874.0,2880.5,2126769
1570075200,2883.75,2912.5,2855.0,2911.75,2037970
1570161600,2911.5,2953.25,2896.75,2951.0,1497975
1570420800,2929.75,2959.5,2928.0,2937.5,1266872
1570507200,2934.5,2950.0,2890.5,2892.5,1865325
1570593600,2893.5,2934.25,2888.25,2919.0,1305749
1570680000,2920.5,2954.0,2881.75,2941.0,1577766
1570766400,2949.0,2994.0,2941.75,2970.75,1743810
1571025600,2968.0,2982.5,2953.75,2965.5,833670
1571112000,2966.75,3003.25,2966.5,2997.75,1181207
1571198400,2996.5,2997.75,2984.75,2991.5,1148118
1571284800,2992.25,3008.0,2985.25,2998.0,1121748
1571371200,2997.75,3001.25,2975.0,2988.25,1335276
1571630400,2984.75,3007.5,2983.75,3006.5,886557
1571716800,3006.5,3014.25,2988.25,2994.5,1125601
1571803200,2992.0,3006.0,2982.0,3005.75,1055958
1571889600,3006.0,3015.25,2998.75,3004.25,1061278
1571976000,3003.75,3026.5,3000.0,3020.25,1098391
1572235200,3023.0,3042.75,3022.75,3036.25,1041931
1572321600,3038.25,3046.25,3029.5,3035.75,1040149
1572408000,3036.5,3055.0,3023.25,3047.75,1179153
1572494400,3051.75,3052.0,3020.25,3035.75,1766536
1572580800,3036.0,3065.0,3033.0,3063.25,1279508
1572843600,3064.75,3083.75,3064.75,3075.75,1179714
1572930000,3076.75,3085.75,3069.75,3072.0,1124217
1573016400,3071.5,3078.0,3063.0,3075.5,1076833
1573102800,3077.25,3097.0,3070.25,3086.0,1353330
1573189200,3086.25,3092.5,3072.5,3090.5,1080147
1573448400,3090.5,3092.25,3074.5,3087.5,844597
1573534800,3087.75,3102.0,3081.25,3092.0,1101243
1573621200,3091.25,3097.0,3075.75,3095.5,1251057
1573707600,3096.25,3099.75,3081.75,3097.0,1105353
1573794000,3097.0,3119.5,3095.75,3118.25,1251167
1574053200,3119.0,3127.75,3111.0,3121.75,1034214
1574139600,3121.5,3132.5,3112.75,3118.5,1195901
1574226000,3116.5,3118.5,3090.75,3109.0,1693828
1574312400,3097.25,3114.5,3091.25,3104.0,1434552
1574398800,3104.0,3114.5,3097.75,3111.5,995416
1574658000,3119.0,3133.5,3116.5,3132.75,947831
1574744400,3131.25,3145.0,3128.0,3143.75,1068011
1574830800,3143.75,3155.0,3141.75,3153.75,928792
1575037800,3154.75,3155.0,3139.5,3143.75,902189
1575262800,3146.25,3158.0,3110.25,3114.25,1927030
1575349200,3114.25,3121.75,3069.5,3091.0,2146620
1575435600,3091.75,3119.5,3081.75,3111.0,1485940
1575522000,3111.0,3124.75,3103.25,3117.75,1318780
1575608400,3117.75,3151.0,3117.0,3146.0,1300299
1575867600,3146.5,3149.5,3131.25,3134.5,1145426
1575954000,3133.5,3143.0,3116.25,3136.0,1425723
1576040400,3135.5,3144.5,3129.5,3143.0,1225764
1576126800,3144.0,3177.5,3137.25,3168.0,2379008
1576213200,3175.75,3185.0,3156.75,3172.0,1834941
1576472400,3176.5,3198.75,3173.75,3194.25,1413219
1576558800,3192.5,3199.25,3187.75,3192.0,1032120
1576645200,3189.5,3199.0,3188.5,3194.75,582632
1576731600,3195.0,3209.0,3190.25,3207.0,433420
1576818000,3208.5,3231.02001953125,3204.25,3231.02001953125,1320006
1577077200,3227.0,3234.25,3224.25,3227.25,665895
1577197800,3228.25,3231.25,3222.5,3225.75,297971
1577336400,3227.5,3244.75,3227.0,3244.5,464639
1577422800,3242.0,3254.0,3235.5,3237.5,984389
1577682000,3238.25,3244.25,3217.25,3223.5,1124598
1577768400,3223.25,3236.25,3213.0,3231.0,1157924
1577941200,3237.0,3261.75,3234.25,3259.0,1416241
1578027600,3261.0,3263.5,3206.75,3235.5,1755057
1578286800,3220.25,3249.5,3208.75,3243.5,1502748
1578373200,3243.5,3254.5,3226.0,3235.25,1293494
1578459600,3231.75,3267.75,3181.0,3260.25,2279138
1578546000,3261.25,3276.75,3257.75,3276.0,1297679
1578632400,3275.5,3287.0,3260.75,3264.75,1533121
1578891600,3265.75,3291.0,3265.5,3289.75,1008998
1578978000,3289.25,3296.75,3275.25,3288.0,1694799
1579064400,3287.75,3299.0,3277.75,3293.75,1468347
1579150800,3294.25,3318.0,3294.0,3316.5,1335246
1579237200,3316.75,3330.25,3316.0,3325.0,1312253
1579582800,3325.0,3329.75,3307.25,3319.5,1573187
1579669200,3321.25,3337.5,3315.25,3319.75,1505107
1579755600,3317.25,3327.0,3301.25,3326.0,1717046
1579842000,3326.5,3337.0,3280.5,3293.5,2515168
1580101200,3269.75,3269.75,3233.0,3239.5,2581636
1580187600,3239.5,3285.0,3238.75,3278.25,1910878
1580274000,3281.75,3292.75,3265.25,3272.5,1665382
1580360400,3271.5,3295.25,3239.75,3289.75,2421276
1580446800,3292.0,3297.5,3212.75,3224.0,3152069
1580706000,3222.75,3267.25,3222.0,3245.5,1919477
1580792400,3244.25,3305.25,3236.0,3299.5,1698403
1580878800,3300.25,3338.0,3288.25,3335.0,2046111
1580965200,3337.0,3357.75,3332.5,3345.25,1462323
1581051600,3349.0,3350.0,3320.75,3325.5,1698940
1581310800,3322.25,3353.5,3303.5,3353.0,1399815
1581397200,3351.0,3374.5,3349.25,3357.5,1486164
1581483600,3360.5,3381.5,3355.5,3380.5,1229231
1581570000,3381.25,3384.75,3348.5,3377.5,1772784
1581656400,3379.5,3388.5,3365.25,3381.0,1334897
1582002000,3382.25,3392.5,3355.25,3369.25,1735931
1582088400,3372.0,3393.75,3370.75,3387.25,1163426
1582174800,3391.75,3397.5,3339.25,3369.25,2073749
1582261200,3367.0,3369.25,3328.0,3339.25,2293728
1582520400,3309.0,3312.0,3213.75,3226.25,3636687
1582606800,3223.0,3259.5,3117.25,3132.5,4375530
1582693200,3138.0,3182.0,3091.0,3110.25,3889097
1582779600,3100.25,3117.0,2944.5,2957.0,4734434
1582866000,2950.0,2996.0,2853.25,2951.0,5715227
1583125200,2900.0,3093.25,2889.25,3065.0,3689149
1583211600,3077.0,3137.0,2973.0,2997.0,3754363
1583298000,2988.25,3129.5,2976.5,3114.75,2590464
1583384400,3109.25,3113.75,2996.5,3015.5,2807262
1583470800,3024.25,3037.0,2898.0,2964.0,3163400
1583726400,2916.0,2916.0,2715.0,2747.75,2672753
1583812800,2733.0,2884.75,2695.25,2865.75,3423140
1583899200,2859.5,2869.5,2702.75,2740.25,2992894
1583985600,2738.0,2774.0,2442.5,2469.0,4366577
1584072000,2429.5,2707.75,2393.5,2696.0,3423449
1584331200,2673.75,2675.0,2360.25,2416.25,2378284
1584417600,2417.25,2554.5,2365.0,2495.5,1683796
1584504000,2478.5,2498.0,2274.75,2414.0,976536
1584590400,2414.25,2474.0,2288.0,2403.25,631228
1584676800,2364.25,2512.75,2346.25,2437.97998046875,3075997
1584936000,2220.25,2386.0,2174.0,2220.5,3076791
1585022400,2233.25,2447.75,2230.5,2438.0,2639522
1585108800,2442.75,2560.75,2386.0,2467.0,3037767
1585195200,2471.0,2625.75,2402.25,2608.0,2413913
1585281600,2627.75,2634.5,2505.25,2524.0,2320755
1585540800,2459.0,2621.75,2445.0,2611.25,1837692
1585627200,2613.25,2635.75,2555.75,2569.75,2248012
1585713600,2562.0,2562.25,2434.25,2448.0,2091378
1585800000,2459.0,2525.0,2424.75,2516.5,2145458
1585886400,2513.75,2529.5,2449.0,2482.75,1763886
1586145600,2485.0,2668.5,2484.75,2644.5,2034419
1586232000,2645.5,2750.0,2623.5,2642.0,2486524
1586318400,2640.5,2752.5,2620.75,2735.0,1920688
1586404800,2737.75,2809.5,2701.0,2779.75,2342733
1586750400,2811.0,2819.5,2711.0,2759.25,1571402
1586836800,2760.0,2846.0,2752.5,2843.0,1716496
1586923200,2843.75,2845.5,2751.25,2775.0,1831570
1587009600,2767.75,2831.5,2746.0,2787.5,1749108
1587096000,2863.0,2885.0,2821.0,2870.0,1924019
1587355200,2861.5,2875.5,2804.25,2806.5,1566934
1587441600,2807.0,2833.25,2717.25,2732.0,1969844
1587528000,2737.25,2808.0,2717.25,2788.5,1369529
1587614400,2790.5,2836.75,2772.75,2780.75,1703918
1587700800,2777.0,2835.0,2755.25,2829.5,1293756
1587960000,2829.0,2881.25,2812.75,2869.0,1224445
1588046400,2867.75,2913.5,2851.0,2867.25,1614021
1588132800,2870.5,2959.75,2860.75,2941.0,1737371
1588219200,2956.5,2965.0,2878.0,2902.5,2027924
1588305600,2871.5,2879.75,2811.75,2821.75,1647259
1588564800,2789.0,2835.75,2771.0,2825.25,1510680
1588651200,2827.0,2889.75,2824.5,2858.25,1474765
1588737600,2857.75,2886.25,2832.0,2833.5,1466641
1588824000,2832.0,2895.0,2823.0,2880.0,1494330
1588910400,2882.0,2933.0,2879.75,2928.5,1326254
1589169600,2920.75,2947.0,2889.75,2922.75,1528302
1589256000,2919.25,2939.25,2838.0,2852.5,1824303
1589342400,2839.75,2876.75,2786.0,2813.0,2591379
1589428800,2820.25,2853.75,2760.25,2847.0,2501222
1589515200,2846.25,2863.5,2809.5,2846.5,1897194
1589774400,2859.75,2964.75,2850.0,2948.0,1775433
1589860800,2945.0,2976.25,2914.25,2918.75,1567224
1589947200,2913.5,2975.75,2908.5,2968.5,1532404
1590033600,2972.25,2973.5,2933.0,2937.0,1608225
1590120000,2936.75,2957.5,2903.75,2953.0,1377263
1590465600,2948.5,3019.75,2947.5,2994.5,1797241
1590552000,2994.0,3039.5,2965.5,3035.5,2109332
1590638400,3035.0,3065.5,3019.5,3038.0,1881295
1590724800,3036.0,3058.25,2992.0,3042.0,2258009
1590984000,3029.75,3059.0,3008.0,3054.0,1277803
1591070400,3052.75,3079.0,3035.0,3077.0,1458830
1591156800,3078.0,3129.5,3074.25,3117.75,1623708
1591243200,3117.75,3126.75,3087.5,3110.5,1830904
1591329600,3113.25,3210.5,3106.5,3186.75,2444330
1591588800,3192.5,3231.25,3183.25,3227.5,1602601
1591675200,3227.75,3231.0,3190.0,3205.5,1695764
1591761600,3204.75,3227.25,3179.75,3186.0,1996065
1591848000,3183.75,3188.5,2996.25,3010.25,3528726
1591934400,3011.75,3087.75,2982.0,3034.75,2872339
1592193600,2992.75,3079.25,2935.0,3073.0,1947459
1592280000,3076.25,3167.75,3071.25,3128.75,1377224
1592366400,3122.0,3157.75,3105.0,3118.0,610877
1592452800,3115.0,3130.5,3075.25,3109.0,373718
1592539200,3108.25,3196.0,3106.75,3161.260009765625,1952273
1592798400,3040.25,3114.25,3027.25,3110.75,1392325
1592884800,3111.75,3145.75,3060.0,3118.5,1528485
1592971200,3113.25,3128.5,3019.75,3049.0,2387916
1593057600,3046.75,3079.5,3005.0,3070.75,1967245
1593144000,3071.25,3082.0,2992.5,3007.0,2208418
1593403200,2986.25,3051.25,2983.5,3047.75,1585146
1593489600,3046.0,3101.25,3030.25,3090.25,1724164
1593576000,3085.25,3117.75,3062.75,3103.0,1537321
1593662400,3101.75,3156.5,3095.5,3129.0,1552517
1594008000,3125.25,3174.5,3105.75,3172.0,1459512
1594094400,3170.0,3184.0,3132.5,3136.5,1333466
1594180800,3135.25,3166.25,3125.5,3163.5,1527612
1594267200,3166.25,3170.75,3105.25,3141.0,1881833
1594353600,3142.25,3181.25,3111.5,3178.5,1408591
1594612800,3183.5,3226.25,3140.5,3148.25,2074726
1594699200,3149.75,3192.25,3119.0,3183.5,2256766
1594785600,3204.0,3233.25,3192.0,3219.5,1937696
1594872000,3223.25,3228.5,3188.5,3194.5,1471311
1594958400,3198.5,3225.25,3194.75,3214.0,1261113
1595217600,3214.5,3250.5,3190.25,3245.25,1401168
1595304000,3243.75,3273.25,3239.25,3251.25,1463931
1595390400,3249.25,3271.75,3227.25,3265.5,1354244
1595476800,3267.75,3284.5,3214.25,3227.5,1704453
1595563200,3230.0,3239.0,3191.5,3204.0,1761346
1595822400,3210.75,3235.0,3192.0,3232.25,1299512
1595908800,3235.0,3246.75,3208.0,3213.0,1375293
1595995200,3215.0,3257.0,3204.25,3252.5,1218031
1596081600,3256.75,3269.0,3195.0,3248.75,2000721
1596168000,3269.25,3273.75,3212.5,3263.5,2282794
1596427200,3272.0,3295.5,3254.75,3288.5,1250449
1596513600,3290.75,3300.5,3271.0,3300.0,1145269
1596600000,3300.75,3323.25,3292.0,3316.0,1116787
1596686400,3317.0,3345.5,3300.5,3344.25,1346665
1596772800,3343.75,3347.75,3322.25,3344.75,1615367
1597032000,3347.0,3357.25,3329.0,3352.75,1201751
1597118400,3350.25,3379.0,3319.5,3330.0,1733040
1597204800,3339.5,3382.5,3326.25,3370.0,1408718
1597291200,3367.75,3382.0,3357.5,3367.75,1205758
1597377600,3369.25,3380.5,3350.0,3361.5,1084771
1597636800,3366.0,3382.75,3364.75,3379.75,759304
1597723200,3379.25,3390.75,3365.25,3387.0,1019552
1597809600,3388.75,3395.75,3365.5,3372.75,1368420
1597896000,3370.25,3387.0,3344.75,3380.75,1203334
1597982400,3383.5,3396.25,3356.75,3392.5,1221450
1598241600,3398.75,3429.5,3393.5,3427.5,1282950
1598328000,3427.0,3448.75,3421.75,3443.0,1133837
1598414400,3444.75,3483.5,3436.75,3480.25,1277539
1598500800,3479.5,3498.25,3464.75,3485.25,1633581
1598587200,3488.0,3509.5,3480.75,3504.5,1248430
1598846400,3508.5,3524.5,3490.0,3499.0,1439600
1598932800,3493.25,3530.0,3484.25,3527.0,1283622
1599019200,3529.0,3587.0,3526.25,3579.25,1853078
1599105600,3578.75,3586.5,3424.5,3461.5,2872337
1599192000,3454.75,3484.25,3347.75,3417.5,2994363
1599537600,3420.5,3447.0,3327.5,3335.5,2732946
1599624000,3315.25,3424.0,3295.5,3400.25,2011132
1599710400,3396.0,3424.25,3327.25,3340.5,2332667
1599796800,3345.25,3375.0,3308.75,3333.75,1876451
1600056000,3350.0,3402.75,3345.5,3382.5,1378626
1600142400,3379.5,3419.0,3376.0,3405.25,874366
1600228800,3405.0,3429.75,3384.0,3389.5,571749
1600315200,3392.75,3396.5,3320.5,3361.5,384917
1600401600,3355.75,3374.25,3341.75,3353.60009765625,2365554
1600660800,3314.5,3326.25,3217.75,3275.0,2507980
1600747200,3271.5,3309.5,3256.5,3299.25,1576319
1600833600,3303.75,3319.75,3221.0,3231.25,1979661
1600920000,3228.0,3268.25,3198.0,3238.0,2277010
1601006400,3243.5,3296.25,3206.5,3287.25,1697090
1601265600,3291.0,3351.25,3287.5,3346.0,1495804
1601352000,3348.75,3363.0,3316.5,3333.75,1326597
1601438400,3330.0,3384.0,3291.25,3352.0,2170601
1601524800,3344.75,3388.0,3343.25,3367.75,1517912
1601611200,3367.0,3375.5,3300.25,3339.25,2028921
1601870400,3360.0,3400.0,3346.5,3393.0,1077474
1601956800,3392.0,3421.75,3330.5,3353.25,1701062
1602043200,3338.0,3416.75,3332.25,3406.75,1400616
1602129600,3406.25,3447.25,3405.5,3437.5,1104986
1602216000,3447.25,3480.0,3445.25,3473.25,1185272
1602475200,3467.5,3541.0,3464.25,3532.75,1401063
1602561600,3534.0,3535.75,3491.5,3504.75,1617226
1602648000,3502.0,3524.0,3472.0,3481.0,1539718
1602734400,3479.25,3486.5,3431.5,3475.5,1650150
1602820800,3478.5,3508.5,3461.25,3462.25,1398947
1603080000,3471.0,3496.5,3410.75,3422.75,1645853
1603166400,3436.0,3469.75,3418.75,3432.25,1702183
1603252800,3437.0,3458.0,3420.5,3432.5,1681275
1603339200,3430.25,3453.0,3402.5,3449.25,1501259
1603425600,3455.75,3462.5,3431.5,3451.75,1216313
1603684800,3445.75,3446.25,3356.0,3393.5,1957780
1603771200,3394.25,3410.0,3368.25,3383.0,1566246
1603857600,3369.0,3370.25,3260.75,3263.5,2627180
1603944000,3279.0,3333.75,3250.25,3302.25,1965277
1604030400,3268.0,3296.25,3225.0,3264.75,2494925
1604293200,3260.0,3323.5,3243.25,3300.5,1849320
1604379600,3304.0,3382.75,3301.25,3361.5,1664690
1604466000,3362.75,3480.0,3319.0,3435.0,2813083
1604552400,3448.0,3522.5,3428.25,3504.75,1671417
1604638800,3508.75,3519.0,3456.75,3500.75,1640000
1604898000,3522.5,3668.0,3515.75,3544.0,2605322
1604984400,3549.5,3562.75,3506.5,3541.0,2160319
1605070800,3546.25,3576.75,3531.0,3568.0,1324983
1605157200,3574.5,3574.5,3513.0,3532.5,1685890
1605243600,3537.5,3590.0,3518.0,3582.0,1334530
1605502800,3587.0,3637.0,3586.5,3623.0,1303941
1605589200,3625.5,3630.0,3584.25,3606.75,1268206
1605675600,3604.5,3623.25,3556.5,3565.0,1325309
1605762000,3562.0,3582.75,3542.25,3580.0,1291117
1605848400,3560.0,3582.5,3542.75,3554.25,1189621
1606107600,3546.5,3588.0,3545.5,3576.0,1204848
1606194000,3576.0,3640.0,3575.25,3632.75,1288993
1606280400,3635.5,3655.0,3615.25,3627.25,1016343
1606487400,3630.25,3642.75,3612.75,3636.5,639268
1606712400,3643.75,3652.0,3592.25,3623.25,1712274
1606798800,3631.0,3677.5,3626.0,3660.5,1365328
1606885200,3661.25,3672.75,3642.25,3667.25,1106696
1606971600,3671.0,3682.0,3655.25,3664.5,1124033
1607058000,3668.25,3700.0,3665.5,3698.0,991860
1607317200,3694.75,3705.0,3672.25,3690.75,1078372
1607403600,3682.75,3708.0,3664.25,3702.0,1119000
1607490000,3707.75,3714.75,3659.5,3672.5,1792176
1607576400,3669.5,3681.25,3644.0,3668.5,1601203
1607662800,3670.0,3674.75,3628.25,3661.25,1538362
1607922000,3677.75,3698.0,3642.75,3646.5,1486250
1608008400,3653.0,3695.75,3642.75,3694.5,1029503
1608094800,3697.75,3711.5,3687.0,3700.75,584711
1608181200,3704.5,3724.75,3699.5,3721.25,292916
1608267600,3721.5,3733.25,3707.75,3726.25,1731161
1608526800,3718.25,3724.0,3596.0,3685.75,1837575
1608613200,3685.0,3695.0,3663.75,3677.25,1104998
1608699600,3674.25,3701.75,3651.0,3681.5,1021819
1608820200,3685.25,3696.0,3678.5,3695.0,369650
1609131600,3682.0,3732.25,3676.0,3727.5,760654
1609218000,3731.0,3747.75,3714.5,3720.0,992636
1609304400,3724.5,3738.25,3716.5,3724.25,769995
1609390800,3725.0,3753.0,3715.0,3748.75,993343
1609736400,3748.75,3773.25,3652.5,3692.25,2037616
1609822800,3695.0,3730.0,3673.25,3718.25,1414022
1609909200,3717.5,3774.75,3685.5,3740.5,2127155
1609995600,3752.5,3804.0,3742.0,3795.5,1302021
1610082000,3797.75,3824.5,3775.0,3817.5,1619438
1610341200,3815.5,3820.75,3776.5,3792.0,1292422
1610427600,3794.25,3806.75,3768.0,3794.5,1216214
1610514000,3792.0,3813.5,3776.5,3803.75,1049186
1610600400,3808.5,3817.75,3786.25,3791.25,1170812
1610686800,3793.0,3797.75,3741.5,3762.25,1781463
1611032400,3750.0,3797.0,3740.5,3790.5,1315580
1611118800,3796.75,3852.5,3788.5,3845.0,1248787
1611205200,3841.5,3859.75,3836.5,3846.0,1068271
1611291600,3846.75,3849.0,3813.25,3834.25,1186856
1611550800,3835.5,3853.25,3788.5,3848.5,1763898
1611637200,3845.0,3862.25,3821.5,3842.5,1172461
1611723600,3845.25,3853.0,3706.5,3744.25,2572020
1611810000,3735.25,3823.5,3703.5,3779.25,2149910
1611896400,3770.25,3777.25,3685.5,3705.25,2691820
1612155600,3692.25,3777.0,3656.5,3765.75,1687396
1612242000,3764.75,3835.75,3760.0,3818.25,1419765
1612328400,3829.5,3843.5,3807.75,3823.5,1285692
1612414800,3832.75,3869.75,3811.25,3864.5,1136404
1612501200,3864.25,3888.25,3860.0,3880.25,1138874
1612760400,3889.0,3911.25,3885.5,3908.0,972437
1612846800,3910.5,3913.25,3895.0,3905.5,881922
1612933200,3912.25,3928.5,3878.25,3903.0,1560824
1613019600,3907.0,3920.5,3884.5,3912.0,1296054
1613106000,3905.25,3936.25,3890.25,3931.0,1050298
1613451600,3936.5,3959.25,3918.75,3927.75,1450425
1613538000,3929.0,3932.25,3896.5,3928.0,1382825
1613624400,3928.25,3936.0,3880.5,3909.5,1536949
1613710800,3910.5,3931.0,3890.25,3903.0,1427294
1613970000,3905.5,3914.5,3861.25,3873.5,1514278
1614056400,3878.0,3896.0,3804.75,3878.0,2282940
1614142800,3876.25,3927.75,3851.75,3922.5,1944661
1614229200,3923.5,3934.5,3810.25,3828.0,2863387
1614315600,3823.25,3858.5,3785.0,3809.25,3010481
1614574800,3817.25,3912.0,3812.5,3898.75,1692835
1614661200,3903.25,3906.5,3865.5,3867.5,1641396
1614747600,3867.5,3898.0,3813.0,3816.75,2203398
1614834000,3818.0,3842.25,3720.5,3765.5,3192468
1614920400,3765.5,3850.0,3728.5,3839.0,2948117
1615179600,3854.75,3878.75,3796.25,3819.25,2198363
1615266000,3831.25,3901.25,3826.25,3873.25,1704837
1615352400,3878.5,3916.25,3856.25,3896.5,1845205
1615438800,3907.75,3958.5,3893.0,3936.75,1599748
1615525200,3937.5,3947.5,3910.25,3942.25,1448886
1615780800,3945.75,3969.75,3922.25,3967.5,1295099
1615867200,3967.0,3980.5,3952.75,3962.5,887247
1615953600,3967.5,3983.75,3935.25,3974.0,520411
1616040000,3972.0,3988.75,3911.0,3916.5,335435
1616126400,3923.75,3934.25,3908.0,3912.6201171875,2047619
1616385600,3893.5,3944.5,3885.0,3930.0,1325987
1616472000,3933.25,3938.75,3890.5,3899.75,1877976
1616558400,3905.75,3931.5,3877.5,3880.75,2063480
1616644800,3882.75,3909.5,3843.25,3900.5,2279488
1616731200,3907.5,3968.0,3900.75,3964.75,1984060
1616990400,3962.25,3971.25,3928.75,3959.0,2003052
1617076800,3965.25,3968.5,3933.75,3947.75,1590486
1617163200,3949.5,3983.75,3941.5,3967.5,1642169
1617249600,3967.5,4015.25,3964.5,4010.0,1245846
1617595200,4030.0,4073.75,4021.0,4067.75,1250666
1617681600,4069.75,4076.0,4052.25,4064.0,1252163
1617768000,4067.0,4075.5,4056.5,4070.0,1101579
1617854400,4074.25,4098.5,4072.5,4089.0,988346
1617940800,4098.0,4121.5,4081.0,4119.5,1090560
1618200000,4114.25,4124.5,4104.5,4120.25,1089291
1618286400,4122.75,4139.75,4101.25,4132.75,1081282
1618372800,4134.75,4144.0,4113.0,4118.0,1529562
1618459200,4123.5,4166.5,4119.5,4162.5,1277980
1618545600,4162.75,4183.5,4154.25,4176.25,1304078
1618804800,4165.0,4174.75,4141.75,4155.5,1618649
1618891200,4156.25,4167.25,4110.5,4126.5,1700883
1618977600,4121.25,4167.25,4113.0,4164.75,1505474
1619064000,4157.5,4171.75,4115.25,4127.75,1944942
1619150400,4129.0,4186.75,4127.5,4171.5,1509514
1619409600,4170.75,4186.0,4163.75,4179.5,1019731
1619496000,4181.5,4192.5,4166.75,4179.0,992029
1619582400,4180.25,4193.75,4172.75,4176.25,1282972
1619668800,4184.75,4211.0,4168.0,4203.5,1746965
1619755200,4200.75,4201.5,4167.25,4174.5,1898434
1620014400,4181.5,4202.5,4181.0,4185.75,1256240
1620100800,4184.25,4185.5,4120.5,4158.25,2003587
1620187200,4158.25,4180.0,4153.0,4160.0,1418246
1620273600,4158.75,4197.25,4140.5,4194.25,1751616
1620360000,4197.5,4232.25,4191.75,4225.25,1652592
1620619200,4226.75,4238.25,4172.0,4183.5,1662210
1620705600,4176.75,4185.5,4103.75,4146.25,2520859
1620792000,4140.0,4150.5,4051.0,4058.75,2629953
1620878400,4053.5,4126.75,4029.25,4107.0,2381081
1620964800,4112.5,4178.25,4105.25,4169.0,1513171
1621224000,4169.0,4178.75,4136.5,4157.75,1480730
1621310400,4159.0,4179.5,4111.5,4123.0,1285520
1621396800,4114.0,4123.0,4055.5,4111.5,2313119
1621483200,4107.75,4169.25,4084.5,4154.25,1486599
1621569600,4152.5,4185.0,4147.0,4151.75,1466725
1621828800,4151.5,4206.25,4142.5,4193.75,1046500
1621915200,4199.25,4212.75,4179.25,4185.5,1221701
1622001600,4188.0,4204.25,4180.5,4193.0,1051147
1622088000,4193.0,4211.5,4177.75,4199.0,1179928
1622174400,4211.25,4217.5,4201.0,4202.5,1110833
1622520000,4206.5,4230.0,4190.0,4198.5,1366344
1622606400,4198.5,4215.0,4190.75,4206.25,1059938
1622692800,4208.0,4213.25,4165.25,4191.25,1384271
1622779200,4190.75,4232.0,4177.0,4228.25,1051573
1623038400,4232.25,4232.5,4214.0,4225.5,934681
1623124800,4227.5,4236.75,4205.75,4225.75,1305814
1623211200,4225.5,4235.0,4217.0,4218.5,1057216
1623297600,4222.25,4249.0,4207.0,4238.0,1563728
1623384000,4239.5,4247.75,4230.75,4245.75,1084830
1623643200,4248.0,4257.5,4233.5,4254.75,1116773
1623729600,4255.25,4267.5,4238.0,4246.5,981189
1623816000,4248.0,4251.25,4200.75,4223.0,511740
1623902400,4214.25,4232.5,4193.0,4222.25,326193
1623988800,4225.75,4231.0,4183.75,4187.25,1951342
1624248000,4142.5,4219.75,4126.75,4213.75,1425623
1624334400,4219.25,4245.5,4205.75,4236.25,1063749
1624420800,4237.5,4248.25,4230.5,4231.5,938299
1624507200,4233.75,4263.75,4231.75,4256.0,878788
1624593600,4262.0,4276.75,4253.5,4271.25,906160
1624852800,4275.0,4282.0,4264.25,4280.5,823723
1624939200,4280.5,4291.0,4271.75,4282.0,741471
1625025600,4284.75,4294.25,4269.25,4288.5,1100062
1625112000,4294.25,4312.0,4286.0,4310.75,985190
1625198400,4309.75,4347.0,4308.0,4342.75,999780
1625544000,4341.0,4348.0,4305.25,4334.0,1368133
1625630400,4328.0,4353.25,4320.25,4349.75,1221078
1625716800,4352.25,4352.25,4279.25,4313.0,1991636
1625803200,4310.25,4364.0,4293.25,4360.0,1311506
1626062400,4362.0,4379.25,4341.75,4376.5,1055739
1626148800,4377.0,4383.75,4356.5,4361.25,1249893
1626235200,4359.5,4384.5,4350.0,4367.75,1308582
1626321600,4366.5,4370.25,4332.5,4352.0,1611726
1626408000,4347.75,4368.0,4314.25,4318.5,1636065
1626667200,4320.0,4320.75,4224.0,4251.25,2599774
1626753600,4262.75,4329.0,4252.75,4315.5,1844380
1626840000,4318.75,4355.25,4310.0,4350.5,1191429
1626926400,4355.0,4371.5,4341.5,4359.5,981969
1627012800,4371.5,4408.25,4367.25,4403.0,1173337
1627272000,4400.5,4416.75,4375.5,4414.25,938628
1627358400,4415.75,4416.0,4364.75,4394.5,1575473
1627444800,4380.0,4407.75,4377.5,4393.75,1221313
1627531200,4393.75,4422.5,4380.5,4411.75,1009496
1627617600,4394.25,4405.0,4370.75,4389.5,1376982
1627876800,4396.5,4419.75,4377.25,4379.75,1193301
1627963200,4383.75,4417.0,4365.25,4415.0,1296856
1628049600,4409.75,4415.0,4391.25,4394.75,1047251
1628136000,4396.25,4422.75,4393.75,4421.5,763343
1628222400,4420.25,4433.25,4416.0,4429.5,951045
1628481600,4428.0,4432.0,4412.25,4425.75,789726
1628568000,4427.25,4438.25,4416.5,4430.0,950320
1628654400,4429.25,4443.25,4420.75,4440.5,1001054
1628740800,4440.0,4456.25,4430.25,4454.5,850527
1628827200,4455.75,4463.25,4451.0,4462.5,789104
1629086400,4456.25,4476.5,4432.5,4474.0,1239520
1629172800,4472.0,4472.25,4411.75,4443.5,1789568
1629259200,4436.75,4449.75,4381.5,4394.5,1546011
1629345600,4389.75,4414.75,4347.75,4401.5,1924058
1629432000,4403.75,4440.5,4371.75,4437.0,1328852
1629691200,4435.0,4485.75,4433.5,4475.5,997026
1629777600,4481.0,4492.0,4476.75,4482.5,787503
1629864000,4483.5,4498.0,4476.25,4493.0,801106
1629950400,4493.75,4494.25,4465.0,4466.5,1306718
1630036800,4470.0,4510.0,4462.25,4505.5,1216414
1630296000,4508.75,4534.5,4500.75,4525.25,975807
1630382400,4529.5,4542.25,4512.5,4520.5,1378199
1630468800,4527.75,4540.0,4519.25,4521.25,1061414
1630555200,4522.5,4544.0,4516.0,4535.25,1016806
1630641600,4536.75,4549.5,4519.25,4534.5,1156146
1630987200,4533.0,4548.0,4510.75,4519.25,1277938
1631073600,4517.5,4524.75,4492.0,4512.5,1606757
1631160000,4511.0,4529.5,4485.5,4492.25,1696301
1631246400,4491.25,4518.25,4456.5,4458.25,1721413
1631505600,4461.0,4492.75,4444.75,4469.0,1534719
1631592000,4475.5,4489.5,4435.0,4444.5,893788
1631678400,4446.75,4487.5,4437.5,4481.75,518985
1631764800,4486.0,4487.5,4443.0,4474.25,268026
1631851200,4471.0,4482.5,4459.0,4464.330078125,1968041
1632110400,4411.75,4418.0,4293.75,4348.25,2711340
1632196800,4342.5,4395.75,4329.25,4343.25,1941006
1632283200,4336.5,4406.5,4321.25,4384.0,1767853
1632369600,4386.0,4455.0,4385.75,4438.0,1447395
1632456000,4439.0,4453.0,4410.75,4445.75,1182037
1632715200,4446.0,4472.0,4425.0,4433.0,1306188
1632801600,4429.75,4442.0,4334.75,4343.5,2307037
1632888000,4347.5,4378.75,4344.25,4349.75,1815726
1632974400,4360.0,4389.0,4294.25,4297.75,2373423
1633060800,4301.0,4365.75,4260.0,4343.75,2269695
1633320000,4349.0,4362.0,4267.5,4291.25,2135338
1633406400,4295.75,4359.75,4269.0,4334.0,1650217
1633492800,4334.0,4357.5,4273.75,4354.0,2202805
1633579200,4355.25,4421.5,4355.0,4390.0,1406808
1633665600,4390.5,4407.75,4376.25,4382.25,1428160
1633924800,4381.0,4407.5,4344.0,4351.0,1245705
1634011200,4347.75,4365.0,4317.25,4340.75,1295686
1634097600,4327.5,4364.75,4318.75,4355.0,1372482
1634184000,4354.75,4437.25,4354.0,4429.0,1264458
1634270400,4433.0,4467.5,4426.25,4462.5,1185108
1634529600,4465.5,4479.75,4436.25,4477.5,1095216
1634616000,4475.75,4517.5,4471.75,4511.25,1018177
1634702400,4516.0,4532.25,4504.0,4528.0,1006857
1634788800,4525.0,4543.25,4510.25,4541.75,938565
1634875200,4530.0,4551.5,4515.25,4536.5,1315668
1635134400,4528.75,4566.25,4522.5,4558.0,1031431
1635220800,4564.75,4590.0,4560.75,4565.25,1257346
1635307200,4563.75,4576.75,4543.75,4544.5,1263181
1635393600,4548.75,4589.75,4545.25,4587.5,1195785
1635480000,4577.0,4603.5,4559.25,4597.0,1418280
1635739200,4608.0,4619.5,4586.5,4605.75,1071118
1635825600,4605.75,4627.0,4593.25,4623.5,980833
1635912000,4621.25,4657.0,4613.0,4652.25,1074650
1635998400,4651.5,4676.25,4650.75,4673.25,1169886
1636084800,4671.75,4711.75,4667.5,4690.25,1459142
1636347600,4678.5,4707.0,4676.25,4694.0,1000404
1636434000,4690.75,4700.5,4663.25,4678.25,1289857
1636520400,4674.75,4680.25,4625.25,4642.0,1639098
1636606800,4645.0,4661.5,4638.0,4643.0,936857
1636693200,4647.0,4685.5,4643.75,4678.25,1155591
1636952400,4684.75,4697.5,4667.0,4679.0,1047123
1637038800,4680.75,4709.75,4670.75,4696.0,1043587
1637125200,4696.5,4701.0,4679.25,4686.25,1056696
1637211600,4685.25,4706.5,4668.0,4701.5,1168195
1637298000,4705.25,4723.5,4684.25,4694.5,1344893
1637557200,4701.0,4740.5,4674.25,4679.75,1685386
1637643600,4686.0,4695.5,4649.0,4688.5,1872492
1637730000,4686.25,4702.25,4656.25,4699.0,1408571
1637937000,4700.5,4717.0,4577.25,4595.75,2068167
1638162000,4589.0,4669.75,4588.75,4651.0,2014967
1638248400,4657.25,4667.5,4557.0,4566.25,2845560
1638334800,4587.5,4650.75,4497.75,4508.5,2670344
1638421200,4514.75,4593.75,4505.5,4575.75,2587324
1638507600,4587.25,4606.5,4492.0,4537.5,2747667
1638766800,4542.25,4611.75,4531.5,4590.0,2031995
1638853200,4594.25,4697.25,4587.25,4685.0,1771947
1638939600,4695.25,4712.0,4671.75,4699.0,1418355
1639026000,4697.25,4706.0,4662.25,4667.0,1593325
1639112400,4669.25,4712.75,4664.25,4711.0,1585049
1639371600,4711.25,4731.0,4664.75,4668.75,1605196
1639458000,4672.0,4686.0,4606.0,4637.0,1211592
1639544400,4637.75,4715.0,4611.25,4709.5,673190
1639630800,4711.5,4752.5,4651.25,4668.75,435986
1639717200,4674.25,4677.75,4629.5,4636.4599609375,2472118
1639976400,4612.0,4621.5,4520.25,4558.5,2097624
1640062800,4567.75,4643.0,4565.75,4640.75,1493880
1640149200,4641.75,4690.5,4622.25,4686.0,1104688
1640235600,4689.0,4731.25,4684.25,4715.75,978022
1640581200,4717.0,4784.25,4713.25,4782.25,898698
1640667600,4780.5,4798.0,4770.5,4778.5,954520
1640754000,4781.0,4796.0,4770.0,4784.5,876030
1640840400,4784.75,4799.75,4767.25,4772.25,753935
1640926800,4773.75,4778.5,4750.5,4758.5,954083
1641186000,4771.0,4791.25,4747.5,4786.0,1322362
1641272400,4785.25,4808.25,4764.5,4784.25,1392809
1641358800,4783.5,4788.25,4689.5,4692.5,1856376
1641445200,4692.0,4715.75,4662.0,4687.5,1862918
1641531600,4695.0,4705.75,4653.75,4667.75,1618440
1641790800,4671.25,4681.75,4572.75,4662.25,2231980
1641877200,4663.5,4707.5,4627.25,4705.0,1729004
1641963600,4704.0,4739.5,4695.0,4716.25,1583216
1642050000,4719.25,4736.25,4642.5,4652.0,1824612
1642136400,4655.0,4667.0,4606.0,4654.75,2010610
1642482000,4666.0,4671.75,4560.0,4571.25,2268240
1642568400,4577.75,4603.0,4517.25,4524.25,2001348
1642654800,4526.0,4594.25,4437.75,4474.75,2040704
1642741200,4454.25,4487.0,4381.25,4390.0,3012106
1643000400,4389.0,4427.5,4212.75,4403.75,3846785
1643086800,4402.75,4406.75,4276.5,4349.0,2483392
1643173200,4308.75,4446.25,4294.25,4341.5,2423103
1643259600,4345.25,4422.0,4263.25,4317.75,2295458
1643346000,4348.0,4426.0,4266.25,4423.25,2251268
1643605200,4423.5,4507.75,4395.5,4504.25,1846145
1643691600,4493.25,4554.75,4474.0,4535.0,1618163
1643778000,4552.0,4586.0,4535.25,4577.25,1624220
1643864400,4545.75,4548.25,4462.0,4469.0,1800714
1643950800,4518.0,4532.5,4438.5,4492.5,1957881
1644210000,4497.0,4514.5,4462.75,4475.75,1495143
1644296400,4484.0,4523.75,4456.25,4512.5,1459766
1644382800,4519.0,4585.0,4517.25,4577.75,1383317
1644469200,4582.25,4583.75,4476.0,4497.5,2403026
1644555600,4494.5,4520.5,4393.25,4409.5,2479025
1644814800,4411.75,4428.0,4354.0,4394.0,2098618
1644901200,4393.5,4468.0,4381.75,4464.5,1523305
1644987600,4458.75,4484.5,4422.75,4470.0,1426847
1645074000,4464.25,4474.75,4367.25,4374.5,1629730
1645160400,4374.75,4411.5,4321.0,4343.5,1824590
1645506000,4324.25,4391.25,4250.0,4300.0,2589159
1645592400,4310.75,4345.5,4212.5,4222.0,1914227
1645678800,4215.5,4290.0,4101.75,4284.0,2945330
1645765200,4266.75,4384.25,4227.5,4380.0,1950397
1646024400,4299.5,4385.5,4251.5,4368.0,2189820
1646110800,4367.5,4399.0,4275.0,4303.75,1869277
1646197200,4308.75,4399.25,4278.25,4381.75,1712970
1646283600,4373.75,4418.75,4341.0,4359.25,1547676
1646370000,4366.5,4374.5,4281.25,4327.25,1842722
1646629200,4308.75,4325.25,4185.25,4198.5,1902001
1646715600,4186.5,4275.0,4138.75,4168.75,2333021
1646802000,4153.0,4298.25,4152.0,4275.25,1659520
1646888400,4279.0,4282.25,4207.0,4257.25,1745090
1646974800,4258.5,4335.5,4198.0,4201.5,1645055
1647230400,4216.0,4254.5,4160.75,4172.0,1438651
1647316800,4180.25,4271.5,4138.0,4262.0,1085846
1647403200,4257.5,4376.0,4246.25,4358.0,722600
1647489600,4370.5,4415.25,4329.0,4410.25,434642
1647576000,4393.0,4409.35009765625,4373.75,4409.35009765625,1405299
1647835200,4460.0,4473.0,4415.0,4452.25,1375090
1647921600,4456.75,4514.75,4433.0,4505.0,1205860
1648008000,4504.0,4514.0,4444.75,4447.5,1336967
1648094400,4449.25,4517.5,4445.75,4512.5,1221569
1648180800,4516.25,4539.0,4493.25,4536.5,1251078
1648440000,4535.25,4572.25,4509.75,4568.0,1182527
1648526400,4570.25,4631.0,4565.25,4625.5,1353683
1648612800,4621.25,4627.5,4574.75,4596.0,1206203
1648699200,4599.0,4614.25,4526.25,4530.75,1650667
1648785600,4541.0,4555.5,4501.25,4539.25,1441126
1649044800,4538.25,4580.0,4527.75,4577.75,1025558
1649131200,4576.25,4588.75,4507.75,4520.25,1303877
1649217600,4526.25,4528.75,4444.5,4475.75,1803684
1649304000,4471.25,4517.25,4444.5,4496.25,1446250
1649390400,4494.75,4519.75,4468.75,4483.5,1358450
1649649600,4488.75,4491.25,4403.5,4409.0,1431371
1649736000,4411.0,4466.75,4375.5,4393.0,1739771
1649822400,4396.75,4449.5,4384.0,4442.25,1254348
1649908800,4438.5,4455.75,4385.0,4387.5,1396074
1650254400,4390.0,4406.25,4355.5,4386.75,1149765
1650340800,4399.0,4467.0,4371.75,4459.25,1465764
1650427200,4441.0,4484.25,4432.75,4455.5,1423396
1650513600,4468.0,4509.0,4380.0,4390.5,1704137
1650600000,4385.75,4393.25,4247.5,4267.25,2039961
1650859200,4259.0,4296.5,4195.25,4292.75,2280374
1650945600,4294.0,4303.5,4136.75,4170.5,2018166
1651032000,4149.5,4236.25,4149.0,4180.25,2035627
1651118400,4213.0,4303.5,4182.5,4283.5,1798644
1651204800,4244.0,4279.75,4118.75,4127.5,2117160
1651464000,4144.0,4165.75,4056.0,4151.0,2351404
1651550400,4145.5,4195.75,4129.0,4169.25,1678497
1651636800,4171.25,4303.0,4142.75,4295.25,1783477
1651723200,4289.75,4300.75,4099.25,4143.25,2389422
1651809600,4146.5,4153.25,4062.0,4119.5,2310919
1652068800,4087.25,4099.0,3970.0,3987.5,2139992
1652155200,3993.25,4065.5,3953.0,3996.75,2247750
1652241600,3990.5,4050.5,3923.75,3930.25,2157244
1652328000,3939.75,3961.75,3855.0,3927.25,2380563
1652414400,3916.25,4036.0,3915.5,4019.75,1859074
1652673600,4025.0,4043.5,3979.5,4004.75,1695198
1652760000,4002.0,4091.5,4000.5,4084.75,1716498
1652846400,4091.25,4095.0,3905.5,3922.75,2202394
1652932800,3916.5,3943.5,3856.0,3897.75,2317604
1653019200,3900.5,3949.5,3807.5,3899.5,2408399
1653278400,3910.5,3982.25,3906.5,3971.75,1736162
1653364800,3951.75,3954.5,3872.0,3940.5,2017453
1653451200,3950.0,3997.75,3913.5,3976.75,1744116
1653537600,3972.25,4073.5,3960.5,4055.75,1493132
1653624000,4047.5,4168.25,4041.25,4155.75,1547507
1653969600,4164.5,4202.25,4102.75,4131.25,2222573
1654056000,4138.5,4165.0,4071.5,4099.0,1912031
1654142400,4097.75,4179.0,4072.25,4175.25,1513748
1654228800,4177.75,4189.0,4096.75,4107.0,1532766
1654488000,4110.5,4168.25,4104.5,4120.5,1457918
1654574400,4122.0,4164.0,4076.0,4158.75,1677883
1654660800,4150.75,4160.0,4105.25,4114.0,1706628
1654747200,4116.0,4144.25,4014.75,4016.25,2024783
1654833600,4025.25,4029.5,3895.25,3899.0,2117225
1655092800,3870.75,3876.5,3732.5,3750.5,2155159
1655179200,3758.25,3805.0,3705.25,3736.75,1341257
1655265600,3740.0,3839.0,3720.25,3789.25,777545
1655352000,3794.25,3828.75,3639.0,3668.25,544027
1655438400,3677.5,3710.75,3663.760009765625,3663.760009765625,2207570
1655784000,3684.0,3783.75,3661.5,3767.75,1566039
1655870400,3766.25,3805.5,3693.25,3762.75,1660579
1655956800,3761.25,3805.75,3735.0,3799.75,1607695
1656043200,3785.25,3919.75,3781.25,3916.25,1563128
1656302400,3915.0,3948.0,3892.5,3903.75,1497368
1656388800,3911.25,3950.0,3821.75,3825.5,1791690
1656475200,3828.25,3840.0,3801.25,3821.25,1717770
1656561600,3822.75,3825.0,3741.25,3789.5,2394361
1656648000,3782.0,3833.5,3744.5,3827.25,1752977
1656993600,3828.5,3857.75,3744.0,3834.0,2031501
1657080000,3838.0,3875.0,3808.75,3848.25,1684324
1657166400,3853.75,3914.25,3832.5,3905.0,1314443
1657252800,3897.0,3922.0,3868.0,3901.25,1485497
1657512000,3900.0,3900.75,3850.0,3856.75,1486103
1657598400,3862.0,3876.5,3804.75,3823.75,1640864
1657684800,3825.0,3873.0,3752.0,3804.5,2157968
1657771200,3795.75,3806.25,3723.75,3793.25,1916260
1657857600,3797.75,3868.25,3780.25,3865.0,1523753
1658116800,3878.5,3909.5,3820.25,3833.75,1439590
1658203200,3838.5,3948.0,3834.0,3937.5,1611604
1658289600,3947.0,3977.25,3922.25,3962.5,1734355
1658376000,3954.0,4004.75,3930.25,4001.25,1821097
1658462400,3988.0,4016.25,3941.5,3965.0,1736592
1658721600,3967.75,3988.75,3946.0,3970.0,1493471
1658808000,3959.0,3964.5,3913.25,3923.25,1589161
1658894400,3939.25,4042.75,3938.75,4024.5,1740431
1658980800,4022.0,4111.0,3994.5,4073.5,2014467
1659067200,4105.0,4144.0,4081.0,4133.5,1919598
1659326400,4137.5,4147.25,4097.0,4120.5,1776936
1659412800,4119.75,4143.0,4080.5,4093.75,1892241
1659499200,4097.0,4170.0,4084.5,4156.25,1696602
1659585600,4150.25,4173.25,4136.0,4152.25,1245063
1659672000,4152.0,4166.25,4103.75,4146.75,1722401
1659931200,4149.75,4188.0,4129.25,4141.75,1536449
1660017600,4148.5,4155.0,4113.0,4124.5,1280085
1660104000,4128.75,4213.5,4113.75,4210.0,1627940
1660190400,4210.75,4260.5,4202.75,4209.75,1598130
1660276800,4219.25,4282.75,4208.25,4281.0,1300170
1660536000,4277.0,4304.75,4249.0,4298.25,1317241
1660622400,4294.5,4327.5,4278.75,4307.75,1363248
1660708800,4309.25,4315.0,4255.0,4276.75,1638797
1660795200,4279.5,4295.5,4258.0,4286.5,1366220
1660881600,4287.0,4288.0,4220.75,4231.5,1701251
1661140800,4221.0,4221.5,4131.5,4141.25,1724203
1661227200,4147.0,4161.75,4118.0,4130.5,1575674
1661313600,4128.25,4158.5,4110.75,4142.75,1348612
1661400000,4148.75,4202.75,4143.0,4201.0,1635476
1661486400,4198.25,4217.25,4042.75,4059.5,2241117
1661745600,4024.0,4064.0,4006.75,4031.25,1963446
1661832000,4035.75,4072.75,3964.5,3987.5,2555455
1661918400,3987.25,4018.25,3953.0,3956.5,2366488
1662004800,3958.0,3971.25,3903.5,3968.75,2212034
1662091200,3967.5,4019.25,3906.0,3924.5,2510355
1662436800,3929.0,3963.25,3886.75,3910.5,2360326
1662523200,3907.5,3988.75,3883.5,3980.0,1956209
1662609600,3980.0,4011.5,3942.75,4005.5,2356008
1662696000,4010.25,4077.25,4005.75,4067.25,1677890
1662955200,4077.25,4119.75,4062.25,4110.75,1718859
1663041600,4118.25,4158.0,3919.75,3931.25,1418271
1663128000,3936.75,3962.75,3911.25,3947.5,662596
1663214400,3955.0,3959.5,3888.0,3902.0,438921
1663300800,3888.5,3888.5,3846.0,3871.239990234375,2688630
1663560000,3889.5,3927.0,3846.25,3917.25,2100098
1663646400,3923.0,3936.25,3843.25,3872.75,2357296
1663732800,3878.75,3925.25,3792.0,3806.25,2440206
1663819200,3794.0,3833.0,3763.5,3772.0,2578314
1663905600,3777.25,3783.25,3660.25,3709.0,2913560
1664164800,3705.25,3730.5,3657.5,3670.0,2899415
1664251200,3668.0,3733.0,3635.25,3661.0,2963065
1664337600,3668.5,3751.25,3613.0,3732.0,2780935
1664424000,3730.25,3736.0,3622.0,3654.25,2860631
1664510400,3656.5,3693.75,3595.25,3601.5,2976179
1664769600,3593.25,3711.75,3571.75,3690.25,2315515
1664856000,3696.5,3808.75,3686.25,3803.25,2381497
1664942400,3801.0,3820.0,3734.0,3794.0,2089198
1665028800,3795.75,3819.5,3750.0,3756.75,2157569
1665115200,3745.75,3770.5,3632.5,3653.25,2238683
1665374400,3638.75,3667.5,3600.0,3625.25,2024447
1665460800,3624.75,3653.25,3579.0,3599.25,2398140
1665547200,3607.0,3635.25,3585.5,3588.5,1948173
1665633600,3596.25,3697.75,3502.0,3681.75,3288646
1665720000,3680.25,3733.75,3591.25,3597.5,2730405
1665979200,3591.0,3702.5,3590.5,3689.25,1951998
1666065600,3706.25,3777.25,3697.25,3732.75,2746886
1666152000,3759.75,3774.25,3676.75,3707.25,2348844
1666238400,3708.0,3748.0,3666.25,3675.25,2403705
1666324800,3677.75,3773.25,3641.5,3764.0,2681019
1666584000,3771.0,3822.0,3736.5,3809.25,2109780
1666670400,3803.25,3874.25,3790.0,3870.25,1836723
1666756800,3841.0,3897.5,3824.25,3841.0,2118534
1666843200,3844.25,3870.75,3757.5,3819.5,2211786
1666929600,3798.25,3924.25,3776.75,3911.25,2084386
1667188800,3911.5,3914.75,3872.25,3883.0,2002625
1667275200,3884.0,3928.0,3852.5,3866.0,1895614
1667361600,3863.0,3907.0,3760.25,3768.75,2210708
1667448000,3766.75,3782.5,3704.25,3727.75,1887557
1667534400,3724.0,3805.5,3711.0,3779.5,2494788
1667797200,3750.0,3821.75,3738.25,3815.25,1483146
1667883600,3812.75,3867.0,3792.75,3835.25,1878046
1667970000,3832.5,3848.75,3750.0,3755.5,1889153
1668056400,3757.0,3973.5,3751.5,3961.0,2408104
1668142800,3973.0,4009.75,3951.0,4000.25,1927068
1668402000,3984.0,4017.5,3964.0,3966.0,1592615
1668488400,3974.75,4050.75,3960.0,3999.5,2230543
1668574800,3992.0,4015.75,3962.0,3968.5,1502501
1668661200,3977.25,3990.25,3912.5,3955.25,1560808
1668747600,3960.5,3994.0,3942.5,3974.0,1534155
1669006800,3972.5,3982.0,3937.5,3958.0,1178421
1669093200,3957.75,4012.5,3945.25,4010.25,1161999
1669179600,4010.0,4039.5,4002.0,4033.0,1281153
1669386600,4038.75,4049.25,4024.75,4032.5,608795
1669611600,4020.25,4024.0,3960.25,3970.25,1481503
1669698000,3972.0,3990.25,3941.25,3962.0,1500171
1669784400,3962.25,4093.5,3942.75,4081.25,2479997
1669870800,4094.5,4110.0,4054.5,4081.75,1834073
1669957200,4077.5,4085.5,4006.75,4075.5,1849784
1670216400,4074.0,4075.75,3987.25,4003.25,1497688
1670302800,4005.75,4014.75,3921.5,3945.0,1869101
1670389200,3944.5,3961.5,3914.0,3936.75,1756473
1670475600,3935.75,3977.25,3916.0,3965.75,1708915
1670562000,3964.75,3990.0,3930.0,3936.25,1739761
1670821200,3933.0,3992.75,3924.5,3991.75,1619977
1670907600,3989.25,4145.0,3985.0,4022.25,1419560
1670994000,4021.75,4073.0,3965.25,3998.0,712439
1671080400,4004.25,4010.25,3878.5,3897.0,560669
1671166800,3890.5,3904.25,3842.0,3871.469970703125,1965701
1671426000,3874.0,3899.0,3827.25,3845.5,1405774
1671512400,3842.75,3866.5,3803.5,3849.25,1541868
1671598800,3857.25,3918.75,3855.5,3905.75,1522069
1671685200,3915.0,3919.75,3788.5,3849.25,1842326
1671771600,3850.0,3872.5,3821.25,3869.75,1374913
1672117200,3878.0,3900.5,3837.25,3855.0,1006414
1672203600,3858.0,3875.0,3804.5,3807.5,1282810
1672290000,3811.0,3882.75,3806.25,3871.75,1146984
1672376400,3869.75,3871.0,3821.5,3861.0,1401810
1672722000,3895.0,3906.75,3814.5,3846.0,1782473
1672808400,3842.75,3896.25,3836.5,3874.5,1912155
1672894800,3871.0,3885.5,3822.5,3829.0,1679973
1672981200,3833.0,3928.75,3819.0,3915.5,2026154
1673240400,3918.5,3973.25,3909.75,3913.75,1697887
1673326800,3914.5,3943.75,3891.5,3940.75,1520955
1673413200,3941.0,3992.5,3934.5,3990.0,1398769
1673499600,3991.75,4021.5,3954.0,4003.5,2102587
1673586000,4003.0,4024.25,3961.75,4018.25,1456784
1673931600,4020.0,4035.25,3996.75,4009.5,1423931
1674018000,4008.5,4033.5,3943.75,3945.75,1902551
1674104400,3945.25,3948.75,3901.75,3915.5,1896890
1674190800,3925.0,3990.5,3911.75,3988.5,1620355
1674450000,3987.0,4056.75,3980.25,4036.5,1594736
1674536400,4036.5,4047.5,4005.25,4032.75,1472856
1674622800,4039.0,4040.5,3963.25,4032.0,1760515
1674709200,4031.0,4077.0,4027.25,4075.5,1613804
1674795600,4065.0,4109.25,4057.25,4084.25,1587936
1675054800,4077.0,4086.0,4029.5,4032.5,1786112
1675141200,4039.25,4091.25,4007.5,4090.0,1790751
1675227600,4085.75,4163.25,4048.5,4132.25,2000400
1675314000,4145.5,4208.5,4136.75,4191.5,2290729
1675400400,4176.0,4194.0,4132.5,4147.75,2354996
1675659600,4134.25,4143.0,4104.0,4123.5,1560324
1675746000,4123.5,4188.25,4098.25,4175.75,2180936
1675832400,4167.25,4179.25,4121.25,4130.5,1804101
1675918800,4132.25,4170.25,4078.25,4091.75,1828571
1676005200,4098.0,4104.25,4060.75,4099.75,1744956
1676264400,4105.0,4150.75,4078.75,4147.25,1376325
1676350800,4149.75,4186.5,4103.75,4145.5,2379034
1676437200,4141.25,4161.75,4113.0,4158.25,1611550
1676523600,4159.0,4168.5,4095.0,4099.75,2042993
1676610000,4095.5,4096.0,4055.75,4087.5,2008448
1676955600,4083.0,4089.25,4002.0,4005.75,1883040
1677042000,4007.5,4025.0,3983.75,3999.0,1925300
1677128400,4010.0,4034.25,3974.25,4018.75,1955820
1677214800,4015.25,4023.25,3947.5,3975.75,2063242
1677474000,3976.5,4024.75,3973.0,3988.0,1621961
1677560400,3991.5,4003.75,3965.0,3975.5,1847930
1677646800,3968.5,3991.0,3943.0,3956.5,2042321
1677733200,3959.75,3995.25,3925.0,3984.75,1836555
1677819600,3983.0,4053.0,3974.0,4049.75,1665102
1678078800,4049.25,4082.5,4041.75,4052.5,1528845
1678165200,4053.75,4064.5,3982.5,3989.75,2141615
1678251600,3990.0,4003.25,3971.5,3995.0,1831712
1678338000,3997.0,4019.75,3909.5,3920.0,2547423
1678424400,3919.0,3941.75,3846.25,3862.75,3285811
1678680000,3887.75,3938.75,3808.75,3856.75,2750477
1678766400,3865.75,3938.0,3855.25,3920.5,1606509
1678852800,3920.5,3931.0,3834.0,3892.75,833643
1678939200,3892.75,3966.5,3863.25,3960.5,466914
1679025600,3962.25,3974.0,3923.0,3957.050048828125,2224268
1679284800,3963.75,3989.5,3897.25,3983.0,1818807
1679371200,3986.5,4043.25,3981.75,4035.75,1531670
1679457600,4038.75,4073.75,3966.25,3970.5,1802929
1679544000,3972.75,4039.5,3948.5,3978.0,2236954
1679630400,3988.75,4010.75,3937.0,4001.25,1944981
1679889600,4008.0,4034.25,3997.5,4007.25,1304572
1679976000,4013.5,4023.75,3980.75,4001.5,1224495
1680062400,4006.5,4061.25,4006.0,4057.5,1389352
1680148800,4058.0,4087.75,4052.5,4080.0,1328529
1680235200,4081.0,4142.5,4078.0,4137.75,1695840
1680494400,4127.0,4157.75,4122.75,4153.75,1380286
1680580800,4152.5,4171.75,4115.25,4129.0,1582414
1680667200,4134.0,4135.5,4099.0,4117.25,1470176
1680753600,4113.75,4135.25,4096.5,4132.0,73009
1681099200,4139.0,4143.0,4098.75,4136.25,1167715
1681185600,4138.5,4151.75,4128.75,4136.5,1221824
1681272000,4137.5,4177.75,4113.5,4119.0,1853671
1681358400,4117.5,4177.0,4110.25,4172.75,1458785
1681444800,4168.75,4189.0,4138.0,4163.75,1882896
1681704000,4174.25,4180.5,4148.0,4176.75,1298123
1681790400,4177.0,4198.25,4164.5,4180.0,1427797
1681876800,4176.0,4187.5,4150.5,4178.5,1292622
1681963200,4172.25,4173.5,4137.0,4152.5,1768379
1682049600,4153.75,4161.0,4135.25,4156.75,1645161
1682308800,4150.0,4164.25,4133.5,4159.5,1328041
1682395200,4157.25,4158.5,4091.5,4093.25,1770908
1682481600,4110.25,4116.25,4068.75,4076.0,1814741
1682568000,4085.5,4166.5,4080.75,4153.75,1686692
1682654400,4151.0,4193.75,4131.5,4188.5,1753803
1682913600,4190.0,4206.25,4178.5,4185.75,1240490
1683000000,4179.5,4191.5,4105.5,4136.75,2034176
1683086400,4133.25,4167.0,4095.0,4107.5,1658392
1683172800,4087.0,4118.0,4062.25,4075.75,1994772
1683259200,4077.25,4163.25,4076.75,4150.25,1545895
1683518400,4151.0,4161.0,4137.5,4152.75,1026014
1683604800,4150.5,4153.0,4131.0,4134.0,1000924
1683691200,4133.0,4173.25,4112.25,4152.0,1887587
1683777600,4152.75,4168.5,4121.5,4143.75,1473383
1683864000,4144.5,4164.5,4111.75,4138.0,1434601
1684123200,4132.25,4156.25,4123.0,4150.0,1179165
1684209600,4148.25,4151.5,4120.0,4123.0,1316691
1684296000,4126.0,4179.0,4122.0,4171.5,1584910
1684382400,4171.25,4215.75,4161.25,4212.0,1760668
1684468800,4215.5,4227.25,4191.5,4204.75,1713351
1684728000,4189.0,4221.75,4186.5,4205.0,1302845
1684814400,4207.5,4222.75,4153.0,4158.75,1685056
1684900800,4158.0,4166.25,4114.0,4126.0,1911903
1684987200,4157.0,4175.5,4131.5,4159.75,1966626
1685073600,4157.0,4221.25,4146.0,4213.25,1744425
1685419200,4239.75,4243.25,4200.0,4215.0,1957579
1685505600,4213.0,4217.75,4174.0,4190.5,2138566
1685592000,4188.5,4239.75,4178.0,4228.0,1868363
1685678400,4231.75,4297.75,4229.0,4288.0,1955603
1685937600,4288.0,4305.75,4273.0,4281.0,1668759
1686024000,4279.75,4294.75,4268.5,4289.75,1548125
1686110400,4292.25,4304.75,4269.25,4274.25,1925195
1686196800,4273.25,4302.5,4262.75,4298.25,1664333
1686283200,4297.75,4325.5,4284.0,4304.75,2176645
1686542400,4306.5,4346.5,4305.25,4342.75,1665175
1686628800,4345.0,4377.75,4335.75,4371.75,1317118
1686715200,4372.0,4394.75,4339.75,4374.25,758316
1686801600,4378.75,4441.0,4350.0,4426.5,486414
1686888000,4424.75,4453.35009765625,4415.25,4453.35009765625,1895105
1687233600,4458.0,4462.0,4410.5,4434.75,1540416
1687320000,4430.25,4438.5,4403.5,4409.25,1468258
1687406400,4410.0,4427.0,4393.0,4423.75,1384002
1687492800,4425.75,4426.25,4381.5,4389.0,1550992
1687752000,4390.0,4403.0,4368.5,4370.25,1622416
1687838400,4375.75,4424.75,4371.5,4418.75,1512256
1687924800,4414.0,4430.25,4399.25,4417.5,1689461
1688011200,4423.75,4438.0,4409.75,4435.75,1628750
1688097600,4435.25,4498.0,4433.0,4488.25,1774940
1688391000,4485.5,4494.0,4479.5,4492.25,641289
1688529600,4492.0,4493.75,4466.25,4483.75,1193759
1688616000,4481.75,4483.5,4419.5,4447.0,1741520
1688702400,4441.25,4476.0,4431.5,4434.0,1691644
1688961600,4437.5,4448.25,4411.25,4444.25,1361155
1689048000,4445.75,4478.5,4439.0,4473.5,1340232
1689134400,4471.0,4523.75,4470.0,4507.5,1784296
1689220800,4510.5,4551.5,4509.25,4543.5,1158193
1689307200,4539.5,4560.5,4531.0,4536.75,1381069
1689566400,4536.0,4565.75,4528.0,4553.75,1057965
1689652800,4550.25,4594.5,4544.75,4587.75,1301460
1689739200,4582.75,4609.25,4582.25,4597.0,1538747
1689825600,4593.25,4594.25,4557.25,4565.5,1527727
1689912000,4566.25,4590.0,4561.75,4564.75,1432643
1690171200,4564.25,4592.5,4560.0,4583.5,1203661
1690257600,4584.5,4608.75,4579.25,4596.0,1219737
1690344000,4604.75,4610.75,4573.75,4595.25,1372426
1690430400,4594.75,4634.5,4553.75,4564.25,1924565
1690516800,4566.0,4616.5,4558.0,4606.5,1573973
1690776000,4608.75,4619.25,4595.25,4614.5,1299434
1690862400,4617.75,4621.75,4591.0,4601.25,1212261
1690948800,4580.0,4593.5,4527.75,4537.25,1917865
1691035200,4534.25,4547.5,4505.75,4521.75,1764076
1691121600,4523.5,4560.75,4493.75,4498.0,2044936
1691380800,4500.5,4541.75,4500.5,4537.75,1397301
1691467200,4539.5,4541.0,4482.0,4518.5,1696546
1691553600,4516.5,4536.25,4478.25,4485.75,1640285
1691640000,4493.25,4544.75,4473.5,4485.75,2227022
1691726400,4487.75,4496.25,4459.0,4480.75,1511048
1691985600,4485.0,4507.75,4465.0,4506.0,1277132
1692072000,4505.75,4517.75,4447.0,4454.0,1492516
1692158400,4453.25,4467.25,4417.0,4420.0,1499218
1692244800,4420.5,4436.75,4377.75,4384.5,1630481
1692331200,4379.25,4396.0,4350.0,4382.75,1746289
1692590400,4382.5,4421.0,4372.25,4412.5,1361470
1692676800,4410.25,4440.0,4394.25,4399.25,1375651
1692763200,4400.0,4476.25,4399.5,4447.0,1306640
1692849600,4470.5,4485.5,4378.5,4386.0,1783795
1692936000,4384.5,4429.0,4365.25,4414.25,1853335
1693195200,4418.0,4449.5,4414.5,4442.25,1266414
1693281600,4444.0,4509.5,4433.5,4506.75,1444714
1693368000,4508.75,4530.75,4496.25,4524.25,1397669
1693454400,4527.0,4541.25,4512.75,4516.0,1395751
1693540800,4516.75,4547.75,4507.25,4521.5,1416762
1693886400,4521.25,4531.25,4499.25,4502.5,1391805
1693972800,4500.0,4503.75,4447.0,4471.5,1600128
1694059200,4469.5,4471.75,4434.25,4456.25,1602226
1694145600,4458.25,4477.5,4443.0,4461.75,1686158
1694404800,4463.5,4493.5,4459.25,4490.25,1714266
1694491200,4487.75,4491.0,4458.75,4465.0,1153961
1694577600,4464.5,4481.0,4446.75,4468.75,690872
1694664000,4471.75,4513.0,4470.25,4506.0,454906
1694750400,4508.0,4517.75,4480.0,4491.72021484375,1825966
1695009600,4499.5,4514.5,4487.0,4501.5,1155158
1695096000,4503.25,4509.5,4462.25,4490.0,1422950
1695182400,4491.25,4508.0,4443.25,4447.0,1482206
1695268800,4445.0,4447.0,4366.5,4372.0,1998638
1695355200,4370.25,4399.0,4357.25,4361.0,1736576
1695614400,4365.0,4383.5,4338.25,4378.75,1561595
1695700800,4382.0,4382.0,4305.5,4314.75,1758048
1695787200,4320.25,4336.5,4277.0,4313.5,1965913
1695873600,4323.25,4355.75,4301.0,4337.5,2012088
1695960000,4342.0,4371.25,4311.0,4325.5,2106053
1696219200,4349.0,4355.5,4295.5,4324.25,1950463
1696305600,4326.0,4335.75,4251.25,4264.75,2256808
1696392000,4262.75,4304.0,4235.5,4297.75,2168271
1696478400,4291.5,4302.0,4258.0,4290.75,1673477
1696564800,4287.5,4358.5,4242.25,4341.5,2216456
1696824000,4315.0,4375.75,4299.5,4368.75,1485254
1696910400,4368.75,4419.0,4366.25,4391.5,1610271
1696996800,4392.0,4419.75,4377.25,4409.75,1489644
1697083200,4417.75,4430.5,4355.5,4380.5,1881573
1697169600,4380.75,4407.75,4340.75,4357.25,2159101
1697428800,4356.75,4414.25,4354.5,4401.0,1668948
1697515200,4406.25,4423.25,4365.75,4401.75,1879736
1697601600,4398.0,4399.25,4330.75,4342.25,2271572
1697688000,4346.5,4366.5,4292.75,4303.0,2741942
1697774400,4295.0,4304.25,4243.5,4248.5,2328806
1698033600,4256.25,4280.75,4213.25,4241.75,1963670
1698120000,4250.25,4290.5,4242.0,4271.25,1807092
1698206400,4269.5,4273.5,4203.75,4209.75,1981633
1698292800,4202.0,4205.0,4146.25,4156.5,2419407
1698379200,4167.0,4185.0,4122.25,4137.75,2195767
1698638400,4148.0,4197.5,4143.5,4185.75,1904610
1698724800,4184.25,4215.0,4166.75,4212.25,1836212
1698811200,4205.0,4264.75,4191.25,4256.0,2027080
1698897600,4258.5,4339.75,4257.75,4335.75,1819596
1698984000,4327.5,4391.75,4325.5,4376.0,1803552
1699246800,4379.25,4389.5,4364.25,4384.25,1348878
1699333200,4380.0,4403.25,4366.0,4396.0,1371257
1699419600,4397.5,4407.75,4375.0,4399.5,1390288
1699506000,4393.25,4413.0,4357.75,4362.25,1972630
1699592400,4364.5,4435.5,4354.25,4430.5,1752002
1699851600,4425.75,4436.75,4407.25,4425.25,1276182
1699938000,4427.25,4524.25,4420.25,4511.0,1901847
1700024400,4515.5,4541.25,4510.75,4519.25,1573452
1700110800,4514.25,4529.5,4501.75,4523.25,1491734
1700197200,4527.75,4539.5,4512.75,4527.5,1331912
1700456400,4526.75,4571.0,4520.0,4562.25,1220790
1700542800,4561.75,4567.0,4536.75,4551.25,1101669
1700629200,4547.75,4580.5,4543.0,4567.25,1403636
1700715600,4564.0,4572.75,4562.0,4569.5,1403636
1700836200,4564.0,4574.0,4562.0,4568.25,572702
1701061200,4568.5,4570.0,4552.0,4561.0,1124213
1701147600,4561.5,4577.25,4547.0,4563.0,1441119
1701234000,4564.0,4597.0,4555.5,4559.25,1592398
1701320400,4562.25,4579.5,4544.75,4576.75,2056268
1701406800,4571.75,4607.75,4562.5,4600.75,1914151
1701666000,4603.25,4604.5,4553.5,4576.5,1818991
1701752400,4573.0,4585.5,4555.5,4575.0,1890825
1701838800,4573.25,4598.5,4552.0,4556.0,1837961
1701925200,4556.0,4596.0,4548.75,4589.5,1832361
1702011600,4586.5,4613.75,4561.75,4607.5,2289425
1702270800,4607.75,4627.25,4599.5,4626.0,1663229
1702357200,4625.0,4649.75,4610.5,4645.75,1052077
1702443600,4649.0,4711.75,4645.0,4708.25,739684
1702530000,4708.0,4739.25,4694.25,4721.75,560819
1702616400,4716.0,4736.5,4694.27001953125,4694.27001953125,1801823
1702875600,4770.5,4802.25,4769.5,4793.0,1139029
1702962000,4790.5,4821.5,4787.75,4820.25,1122973
1703048400,4818.5,4830.75,4743.25,4749.75,1749145
1703134800,4751.0,4798.25,4751.0,4796.75,1687065
1703221200,4795.75,4821.75,4784.75,4805.25,1326697
1703566800,4800.25,4834.5,4800.25,4825.0,688201
1703653200,4827.75,4836.5,4816.5,4833.5,1042284
1703739600,4834.5,4841.5,4828.0,4832.25,927035
1703826000,4834.75,4841.0,4796.75,4820.0,1281733
1704171600,4818.0,4828.0,4765.5,4787.25,1678142
1704258000,4790.75,4790.75,4741.0,4746.5,1707174
1704344400,4750.0,4766.5,4727.0,4729.5,1395366
1704430800,4732.75,4760.25,4702.0,4734.75,1767245
1704690000,4735.75,4803.25,4715.25,4801.25,1417728
1704776400,4797.75,4804.0,4767.5,4792.75,1369103
1704862800,4790.75,4828.5,4786.0,4820.25,1377780
1704949200,4820.5,4838.0,4772.75,4815.5,1795564
1705035600,4811.25,4836.5,4791.5,4816.5,1519899
1705381200,4812.0,4823.0,4779.5,4798.5,1905532
1705467600,4799.75,4800.75,4746.25,4771.25,1663328
1705554000,4768.0,4817.0,4763.5,4811.25,1746936
1705640400,4811.25,4874.25,4808.5,4869.5,1876757
1705899600,4872.5,4898.25,4872.5,4881.0,1356050
1705986000,4881.75,4902.0,4874.25,4895.0,1130749
1706072400,4900.25,4933.25,4889.0,4898.0,1586824
1706158800,4899.5,4926.5,4893.25,4923.25,1532026
1706245200,4919.25,4934.25,4898.5,4916.25,1363612
1706504400,4908.75,4956.0,4901.75,4954.5,1197989
1706590800,4950.25,4957.25,4933.0,4951.0,1157425
1706677200,4930.25,4938.0,4866.0,4870.5,2285993
1706763600,4874.5,4963.75,4872.5,4928.5,1835510
1706850000,4952.75,4997.75,4925.75,4980.25,1957796
1707109200,4976.0,4980.75,4937.75,4962.0,1504676
1707195600,4959.5,4978.25,4954.5,4974.75,1267419
1707282000,4971.5,5020.0,4970.0,5015.25,1336172
1707368400,5015.75,5020.0,5003.75,5017.75,997431
1707454800,5014.5,5048.5,5013.0,5044.0,1212336
1707714000,5042.5,5066.5,5031.5,5041.25,1141487
1707800400,5034.0,5040.0,4936.5,4971.25,2112726
1707886800,4974.25,5022.5,4968.75,5018.0,1632071
1707973200,5017.5,5051.75,5011.0,5046.5,1361757
1708059600,5049.5,5059.25,5012.75,5019.75,1527729
1708405200,5016.5,5029.5,4968.25,4991.5,1609827
1708491600,4990.0,5020.5,4959.0,4996.25,1485687
1708578000,5016.0,5107.75,5015.25,5097.75,1738869
1708664400,5094.25,5123.5,5092.0,5101.5,1340050
1708923600,5095.0,5108.0,5076.25,5080.25,1094682
1709010000,5077.5,5093.0,5067.0,5090.0,1026819
1709096400,5090.75,5091.25,5063.25,5081.0,1201011
1709182800,5072.0,5114.5,5060.0,5103.75,1790702
1709269200,5101.5,5149.25,5089.25,5146.0,1597331
1709528400,5142.0,5157.75,5132.0,5138.25,1208040
1709614800,5133.75,5135.5,5063.0,5085.75,1885769
1709701200,5091.0,5134.5,5083.75,5111.75,1996223
1709787600,5114.25,5170.5,5086.5,5161.75,1791666
1709874000,5159.25,5193.0,5121.75,5129.0,2786680
1710129600,5132.5,5133.25,5094.75,5123.0,1840000
1710216000,5129.0,5183.0,5112.75,5177.25,1211911
1710302400,5176.0,5183.75,5153.0,5168.0,540170
1710388800,5171.5,5189.5,5124.25,5153.75,476074
1710475200,5152.25,5167.0,5101.669921875,5101.669921875,1927775
1710734400,5185.75,5240.25,5181.75,5214.75,1377276
1710820800,5215.25,5244.75,5186.0,5241.75,1440289
1710907200,5239.75,5297.75,5233.0,5286.75,1404974
1710993600,5294.75,5322.75,5293.5,5302.5,1326994
1711080000,5306.75,5311.75,5287.75,5293.25,1162606
1711339200,5290.5,5295.0,5272.5,5278.25,920608
1711425600,5280.75,5300.5,5263.0,5265.25,1092706
1711512000,5273.25,5313.75,5270.75,5308.25,1487671
1711598400,5308.0,5321.0,5301.0,5308.5,1317836
1711944000,5314.25,5333.5,5282.25,5295.25,1125234
1712030400,5294.5,5296.0,5235.0,5260.5,1426691
1712116800,5262.5,5280.75,5244.5,5266.5,1402981
1712203200,5270.75,5308.5,5192.5,5197.25,1941274
1712289600,5199.75,5272.5,5191.5,5253.0,1908306
1712548800,5263.25,5269.25,5236.5,5253.25,1167648
1712635200,5258.0,5274.25,5208.25,5260.25,1651973
1712721600,5264.25,5285.0,5176.5,5207.75,2369864
1712808000,5202.0,5257.5,5173.5,5243.25,1762470
1712894400,5244.0,5248.75,5150.0,5167.5,2005106
1713153600,5166.5,5213.25,5094.0,5104.0,2226105
1713240000,5101.25,5123.25,5078.75,5092.5,2098015
1713326400,5096.25,5120.5,5047.0,5062.25,1928645
1713412800,5063.0,5095.25,5038.5,5049.0,1701401
1713499200,5047.25,5058.0,4963.5,5003.75,2357143
1713758400,5014.25,5076.75,5006.0,5047.5,1584393
1713844800,5051.0,5113.5,5037.75,5106.5,1357493
1713931200,5115.25,5128.75,5072.25,5107.5,1512469
1714017600,5070.0,5132.75,5022.25,5082.25,1887635
1714104000,5132.0,5146.5,5104.5,5131.5,1455855
1714363200,5140.25,5154.25,5118.75,5147.0,1163440
1714449600,5148.5,5148.5,5051.0,5067.0,1675335
1714536000,5050.0,5126.75,5037.75,5046.5,1955160
1714622400,5057.0,5113.0,5036.25,5091.5,1573131
1714708800,5110.25,5166.75,5099.25,5154.75,1604172
1714968000,5166.75,5207.75,5155.75,5206.5,1019307
1715054400,5204.75,5226.75,5202.25,5213.75,1106457
1715140800,5211.75,5218.0,5188.75,5212.75,1013418
1715227200,5209.25,5244.75,5195.0,5239.0,1094931
1715313600,5240.75,5264.0,5232.75,5246.25,1112925
1715572800,5240.5,5264.0,5233.25,5245.5,922763
1715659200,5241.75,5274.25,5216.75,5269.5,1252615
1715745600,5268.5,5337.25,5266.25,5333.0,1391029
1715832000,5331.5,5349.0,5315.5,5320.25,1207843
1715918400,5318.25,5328.75,5305.75,5327.25,1052765
1716177600,5329.25,5348.25,5323.75,5331.75,1031456
1716264000,5331.75,5347.5,5322.5,5345.25,1011849
1716350400,5343.5,5349.25,5306.75,5328.0,1257477
1716436800,5339.0,5368.25,5273.5,5285.25,2012153
1716523200,5285.75,5329.25,5285.75,5321.5,1264244
1716868800,5321.75,5339.0,5296.75,5324.75,1387872
1716955200,5323.75,5324.0,5268.25,5284.0,1445855
1717041600,5270.5,5277.0,5238.25,5253.0,1495148
1717128000,5250.5,5307.0,5205.5,5295.5,2452894
1717387200,5299.5,5313.25,5246.75,5297.25,1785532
1717473600,5300.25,5312.25,5262.0,5304.0,1679093
1717560000,5305.0,5368.25,5302.5,5366.0,1450596
1717646400,5367.75,5373.25,5345.25,5364.0,1228240
1717732800,5362.0,5385.5,5329.0,5355.75,1591439
1717992000,5351.5,5375.75,5338.25,5371.25,1185881
1718078400,5369.75,5386.25,5334.5,5384.0,1413433
1718164800,5384.5,5454.5,5380.0,5427.5,1899786
1718251200,5436.25,5452.75,5408.5,5438.5,1682858
1718337600,5436.0,5443.0,5397.75,5437.5,1789793
1718596800,5435.5,5494.0,5424.75,5478.5,1589643
1718683200,5480.25,5494.0,5473.5,5491.0,820053
1718856000,5492.75,5518.5,5458.5,5476.75,571332
1718942400,5477.0,5483.75,5460.5,5471.89013671875,1392213
1719201600,5538.5,5558.5,5510.25,5517.0,1410359
1719288000,5516.0,5539.75,5511.0,5537.0,1141183
1719374400,5535.0,5551.75,5516.25,5543.5,1197372
1719460800,5533.0,5555.0,5515.75,5546.0,1257121
1719547200,5548.25,5585.0,5510.75,5521.5,1855777
1719806400,5534.25,5541.0,5504.5,5533.75,1432355
1719892800,5533.5,5569.75,5502.75,5568.75,1315097
1720013400,5563.75,5595.75,5559.75,5590.25,808966
1720152000,5591.0,5626.0,5585.0,5621.5,1233173
1720411200,5612.0,5637.5,5610.75,5625.25,981186
1720497600,5627.75,5645.75,5626.25,5631.25,1063568
1720584000,5631.75,5690.5,5630.75,5688.0,1200224
1720670400,5684.25,5707.75,5630.0,5639.75,1970766
1720756800,5638.5,5708.25,5621.25,5664.75,1684437
1721016000,5681.0,5718.75,5665.5,5683.0,1701349
1721102400,5688.75,5721.25,5673.0,5717.25,1485113
1721188800,5715.0,5717.75,5631.75,5639.0,2059862
1721275200,5644.0,5664.0,5570.25,5594.5,2528379
1721361600,5602.5,5607.5,5542.0,5553.75,2106581
1721620800,5564.5,5616.0,5553.5,5610.75,1671918
1721707200,5607.75,5629.75,5587.75,5599.25,1385653
1721793600,5585.0,5585.0,5462.0,5472.0,2178690
1721880000,5482.5,5533.25,5432.5,5441.25,2888086
1721966400,5446.0,5528.25,5445.25,5499.0,1977698
1722225600,5496.5,5534.5,5481.0,5503.0,1697647
1722312000,5504.5,5527.5,5433.0,5472.5,2053956
1722398400,5454.75,5588.5,5451.5,5558.0,2156505
1722484800,5574.75,5600.75,5444.75,5480.25,2751690
1722571200,5464.25,5473.25,5331.75,5376.0,3239738
1722830400,5330.0,5345.5,5120.0,5217.5,3436090
1722916800,5250.0,5342.0,5221.75,5266.25,2172067
1723003200,5241.5,5359.25,5196.75,5227.5,2247229
1723089600,5208.25,5361.0,5182.0,5348.25,1912347
1723176000,5348.25,5385.25,5319.5,5370.25,1412017
1723435200,5364.25,5396.75,5347.75,5369.75,1219995
1723521600,5372.5,5461.25,5367.5,5459.0,1271171
1723608000,5457.5,5487.75,5438.75,5477.0,1301826
1723694400,5481.25,5571.75,5471.75,5567.5,1440377
1723780800,5568.5,5586.25,5536.5,5578.25,1183498
1724040000,5584.0,5631.75,5565.25,5630.0,1010612
1724126400,5629.5,5643.75,5607.75,5619.75,1020393
1724212800,5619.5,5655.25,5613.5,5641.5,1086814
1724299200,5642.0,5665.25,5582.75,5594.0,1409474
1724385600,5597.75,5662.25,5597.75,5652.5,1415472
1724644800,5650.5,5669.0,5619.75,5637.0,1090361
1724731200,5630.0,5649.5,5611.5,5644.75,1027658
1724817600,5643.75,5650.5,5576.0,5610.25,1381099
1724904000,5580.5,5663.75,5561.25,5610.0,1571688
1724990400,5618.5,5665.0,5594.25,5661.0,1558874
1725336000,5656.25,5669.75,5516.75,5541.75,1910577
1725422400,5538.5,5565.0,5506.75,5530.0,1749591
1725508800,5527.5,5557.25,5490.0,5512.25,1737210
1725595200,5513.0,5532.5,5394.0,5419.5,2377532
1725854400,5410.0,5493.0,5405.25,5479.5,2377532
1725940800,5488.25,5506.0,5448.25,5504.0,1525620
1726027200,5499.25,5567.5,5412.0,5561.25,2309139
1726113600,5558.0,5607.0,5540.25,5602.25,1726434
1726200000,5598.5,5641.5,5597.25,5629.75,1706322
1726459200,5622.75,5641.5,5609.25,5638.0,1588010
1726545600,5633.25,5675.5,5617.0,5639.0,1056184
1726632000,5639.5,5696.25,5613.75,5620.75,605651
1726718400,5631.5,5737.5,5631.5,5717.75,461433
1726804800,5714.75,5717.25,5699.25,5699.990234375,1623655
1727064000,5762.0,5784.5,5745.25,5776.75,1077941
1727150400,5774.0,5794.25,5754.75,5792.0,1181221
1727236800,5792.25,5798.75,5768.0,5779.0,1043665
1727323200,5783.5,5830.0,5778.25,5804.5,1360026
1727409600,5804.25,5821.5,5782.0,5791.25,1280272
1727668800,5784.0,5820.25,5756.25,5814.25,1502729
1727755200,5807.0,5822.5,5733.0,5759.75,1947177
1727841600,5760.25,5773.25,5724.0,5760.25,1250353
1727928000,5769.5,5772.75,5725.75,5749.5,1421429
1728014400,5745.75,5804.75,5741.0,5800.0,1460645
1728273600,5802.0,5808.0,5734.25,5744.75,1211368
1728360000,5752.5,5806.75,5725.25,5800.5,1172261
1728446400,5799.25,5846.5,5780.75,5841.25,1113875
1728532800,5836.0,5844.0,5811.5,5829.0,1116046
1728619200,5831.0,5868.25,5816.0,5859.75,1028816
1728878400,5854.5,5918.5,5850.0,5908.25,919072
1728964800,5914.25,5915.5,5850.0,5862.75,1365310
1729051200,5861.0,5892.75,5853.25,5887.0,935721
1729137600,5882.75,5927.25,5871.25,5887.0,1236083
1729224000,5888.25,5915.5,5876.25,5906.0,952612
1729483200,5911.5,5915.5,5865.0,5896.25,1063780
1729569600,5900.75,5904.25,5861.25,5892.5,1033296
1729656000,5887.25,5893.75,5801.0,5837.75,1468269
1729742400,5844.0,5870.0,5822.5,5849.0,1159448
1729828800,5853.25,5900.75,5835.0,5846.0,1368245
1730088000,5857.0,5884.5,5857.0,5861.5,1017440
1730174400,5867.0,5883.75,5837.5,5871.0,1195753
1730260800,5883.0,5893.0,5840.25,5852.0,1347170
1730347200,5840.0,5844.0,5733.25,5738.5,1973513
1730433600,5742.0,5803.75,5732.5,5758.25,1592031
1730696400,5741.75,5776.5,5724.25,5743.25,1333685
1730782800,5752.25,5823.25,5735.0,5812.25,1198797
1730869200,5820.25,5967.0,5814.75,5958.25,2023257
1730955600,5963.5,6013.0,5951.0,6003.75,1285585
1731042000,6007.75,6040.5,5990.25,6025.25,1184512
1731301200,6030.0,6053.25,6013.5,6031.75,1069929
1731387600,6029.25,6036.5,5986.75,6013.0,1407120
1731474000,6012.25,6035.25,5991.75,6016.0,1445258
1731560400,6017.75,6025.25,5964.25,5978.25,1538927
1731646800,5972.0,5974.25,5876.75,5896.5,2008339
1731906000,5899.75,5933.0,5886.5,5920.0,1332326
1731992400,5919.0,5947.5,5855.0,5938.75,1636346
1732078800,5937.75,5957.75,5880.0,5937.75,1597257
1732165200,5937.25,5985.0,5905.25,5970.5,1867101
1732251600,5967.0,5993.5,5940.75,5987.0,1550734
1732510800,6006.0,6040.0,5982.5,6006.5,1619917
1732597200,6013.25,6044.0,5976.25,6038.25,1336843
1732683600,6041.75,6047.0,6000.25,6015.0,1157171
1732890600,6015.0,6060.0,6014.75,6051.5,847984
1733115600,6051.5,6068.5,6036.0,6061.75,989033
1733202000,6064.0,6070.75,6047.5,6063.25,991961
1733288400,6067.0,6102.25,6063.0,6098.5,1142137
1733374800,6095.25,6107.25,6081.5,6088.75,1118784
1733461200,6085.5,6111.0,6076.0,6099.0,1167677
1733720400,6096.25,6105.75,6060.0,6065.75,1351194
1733806800,6065.25,6075.25,6039.75,6046.25,1350731
1733893200,6052.75,6102.5,6045.5,6092.75,1271795
1733979600,6087.5,6088.25,6055.5,6060.75,1565731
1734066000,6065.0,6085.25,6041.25,6055.5,1996354
1734325200,6055.5,6090.5,6051.5,6080.5,1612199
1734411600,6077.0,6079.25,6040.75,6053.75,1113325
1734498000,6053.5,6074.5,5840.0,5872.25,847452
1734584400,5881.75,5938.0,5865.5,5868.75,532081
1734670800,5879.5,5879.5,5800.75,5840.259765625,2340873
1734930000,6001.75,6043.0,5965.0,6036.0,1406019
1735050600,6037.75,6099.5,6030.0,6098.0,634201
1735189200,6099.25,6107.5,6063.25,6095.25,911486
1735275600,6092.0,6095.25,5982.75,6027.0,1641100
1735534800,6028.75,6036.25,5918.25,5958.75,1575134
1735621200,5955.0,5983.25,5917.25,5935.75,1382187
1735794000,5949.25,5995.25,5874.75,5916.5,1826031
1735880400,5921.0,5996.75,5911.25,5989.5,1206570
1736139600,5994.5,6068.25,5980.75,6020.5,1547298
1736226000,6028.0,6045.5,5935.0,5954.25,1771767
1736312400,5955.5,5975.0,5917.0,5959.25,1764315
1736398800,5955.0,5957.0,5929.25,5944.75,113831
1736485200,5943.75,5959.25,5845.25,5866.25,2130067
1736744400,5864.5,5883.25,5809.0,5874.5,1755341
1736830800,5887.25,5918.5,5842.5,5882.25,1839961
1736917200,5891.5,6001.25,5879.5,5989.0,1657670
1737003600,5988.5,6017.5,5961.75,5975.5,1566439
1737090000,5970.25,6051.5,5968.0,6033.5,1417304
1737435600,6032.25,6093.25,5994.5,6084.25,1725952
1737522000,6094.0,6135.75,6087.0,6120.5,1249850
1737608400,6120.0,6154.0,6101.5,6152.0,1136009
1737694800,6148.0,6162.25,6122.0,6133.25,1254280
1737954000,6102.25,6105.25,5948.0,6046.75,2385614
1738040400,6059.5,6105.5,6023.5,6097.0,1585216
1738126800,6090.75,6111.5,6042.25,6067.5,1552941
1738213200,6068.5,6116.25,6056.5,6099.25,1606753
1738299600,6106.0,6147.75,6057.75,6067.25,1866467
1738558800,5982.25,6062.0,5935.5,6022.25,2314824
1738645200,6069.0,6069.0,5987.0,6063.0,1333376
1738731600,6042.75,6092.0,6020.25,6086.5,1216433
1738818000,6090.25,6108.5,6070.0,6106.0,1179112
1738904400,6089.75,6123.25,6041.25,6049.5,1683475
1739163600,6016.0,6096.0,6014.0,6088.75,1005560
1739250000,6085.5,6098.75,6057.75,6092.25,1017366
1739336400,6090.75,6098.0,6020.75,6072.75,1558395
1739422800,6079.75,6138.0,6053.5,6135.25,1523953
1739509200,6131.75,6146.75,6121.25,6132.0,1018370
1739854800,6138.25,6157.75,6118.25,6146.75,1200599
1739941200,6143.75,6166.5,6129.25,6163.0,1078997
1740027600,6153.75,6159.5,6102.75,6136.5,1405343
1740114000,6132.5,6142.5,6024.5,6029.0,1940563
1740373200,6040.75,6067.5,5994.5,6000.75,1797847
1740459600,6006.5,6016.0,5924.0,5970.0,2215332
1740546000,5982.0,6023.75,5945.5,5970.75,1901306
1740632400,5980.0,6014.5,5873.0,5876.25,2579895
1740718800,5883.0,5971.0,5848.0,5963.25,2784347
1740978000,5967.5,6000.5,5821.75,5860.75,2610882
1741064400,5874.0,5884.0,5744.0,5789.5,3353551
1741150800,5832.0,5869.5,5750.75,5851.25,2284032
1741237200,5844.75,5853.5,5720.0,5746.25,2553819
1741323600,5766.0,5791.0,5673.0,5776.0,2315005
1741579200,5753.0,5757.75,5571.5,5620.75,2590102
1741665600,5622.0,5651.75,5534.0,5577.0,2623963
1741752000,5580.0,5675.0,5550.25,5604.75,2004740
1741838400,5596.5,5623.0,5509.25,5527.5,2163776
1741924800,5540.0,5648.75,5538.75,5640.0,2191954
1742184000,5626.75,5707.5,5599.0,5680.25,2086734
1742270400,5680.0,5686.25,5600.0,5618.0,1111733
1742356800,5618.5,5718.5,5606.25,5678.5,704394
1742443200,5680.0,5714.25,5631.5,5662.5,412785
1742529600,5664.0,5674.25,5597.5,5617.7998046875,1629871
1742788800,5740.0,5825.5,5739.0,5815.5,1404629
1742875200,5813.0,5837.25,5802.25,5826.5,1078548
1742961600,5831.0,5836.5,5743.0,5759.5,1483959
1743048000,5737.25,5779.75,5720.0,5739.25,1575855
1743134400,5741.75,5747.75,5602.25,5623.0,1910914
1743393600,5590.0,5672.75,5533.75,5653.25,2229839
1743480000,5644.25,5694.75,5600.25,5674.5,1871505
1743566400,5672.0,5773.25,5566.25,5712.25,2060456
1743652800,5550.5,5564.75,5415.25,5432.75,2470412
1743739200,5423.0,5435.0,5074.0,5110.25,3678162
1743998400,5007.0,5286.5,4832.0,5097.25,3673583
1744084800,5126.5,5305.25,4940.5,5020.25,2438061
1744171200,5006.25,5520.0,4871.75,5491.0,3096194
1744257600,5502.5,5528.75,5146.75,5302.0,2524214
1744344000,5299.25,5418.25,5206.0,5391.25,1759660
1744603200,5452.5,5497.75,5391.0,5440.75,1303900
1744689600,5431.75,5485.0,5413.0,5428.25,1158703
1744776000,5403.75,5425.0,5251.0,5305.75,1559064
1744862400,5308.0,5371.25,5285.5,5312.75,1381396
1745208000,5283.75,5306.75,5127.25,5184.75,1191218
1745294400,5182.5,5339.25,5171.75,5314.75,1572006
1745380800,5379.75,5499.75,5377.75,5401.75,1846494
1745467200,5409.0,5541.5,5355.25,5511.25,1411419
1745553600,5529.0,5562.25,5480.25,5549.75,1339888
1745812800,5544.0,5578.75,5492.0,5553.0,1198801
1745899200,5543.0,5597.25,5521.5,5583.75,1227182
1745985600,5579.5,5626.25,5455.5,5587.0,1833646
1746072000,5617.5,5682.5,5601.75,5623.25,1388619
1746158400,5608.5,5724.75,5601.0,5709.0,1383367
1746417600,5705.0,5706.25,5655.25,5671.75,989373
1746504000,5666.25,5673.25,5605.0,5625.75,1303877
1746590400,5608.5,5689.75,5596.0,5652.0,1390561
1746676800,5643.25,5741.0,5636.5,5684.5,1428613
1746763200,5688.5,5715.25,5662.5,5678.0,1029418
1747022400,5761.0,5876.25,5734.25,5865.0,1765593
1747108800,5868.0,5927.0,5835.75,5904.5,1335457
1747195200,5902.0,5925.0,5890.0,5908.5,1207202
1747281600,5904.0,5944.5,5867.0,5933.25,1291986
1747368000,5935.0,5977.5,5923.0,5975.5,1180875
1747627200,5930.25,5987.5,5892.75,5982.5,1245859
1747713600,5980.0,5993.5,5926.75,5959.75,1112908
1747800000,5953.5,5958.25,5847.75,5861.25,1548946
1747886400,5858.0,5895.0,5828.75,5856.75,1419522
1747972800,5869.25,5872.0,5756.5,5817.0,1537693
1748318400,5820.0,5941.75,5813.0,5934.25,1288369
1748404800,5940.75,5952.5,5890.0,5902.75,1181330
1748491200,5923.5,6008.0,5884.0,5922.75,1414864
1748577600,5912.25,5932.75,5853.25,5916.0,1633334
1748836800,5898.75,5955.5,5867.5,5947.25,1194125
1748923200,5949.0,5991.25,5909.25,5981.5,1154297
1749009600,5980.0,5999.0,5974.0,5981.0,1097088
1749096000,5974.25,6016.5,5928.75,5946.0,0
1749182400,5931.75,6025.0,5930.0,6006.75,1278102
1749441600,6010.0,6027.75,5992.25,6010.25,912371
1749528000,6012.25,6049.5,5991.25,6045.0,1104373
1749614400,6038.75,6074.75,6006.25,6029.0,1610313
1749700800,6022.25,6051.25,5987.75,6049.5,1330953
1749787200,6045.0,6045.0,5927.5,5979.25,2162167
1750046400,5949.0,6055.25,5944.0,6035.75,1744867
1750132800,6038.5,6040.5,5976.75,5985.0,870571
1750219200,5977.25,6020.75,5964.75,5981.5,0
1750392000,5984.0,6019.25,5918.25,6010.2099609375,1694443
1750651200,5964.0,6081.5,5959.0,6077.0,1358034
1750737600,6078.0,6155.25,6075.25,6146.25,1077333
1750824000,6144.75,6160.25,6130.75,6147.0,902500
1750910400,6144.75,6200.0,6141.25,6195.0,1039428
1750996800,6197.5,6239.0,6183.25,6223.75,1353399
1751256000,6223.25,6265.5,6223.25,6253.75,1364101
1751342400,6245.75,6261.5,6227.25,6248.75,1320618
1751428800,6247.75,6279.5,6235.5,6275.0,1044261
1751549400,6276.5,6333.25,6270.5,6324.25,0
1751601600,6320.75,6322.75,6276.5,6283.5,0
1751860800,6307.75,6315.0,6246.25,6276.0,1376613
1751947200,6262.5,6289.0,6254.5,6272.0,1073914
1752033600,6272.0,6315.25,6260.0,6307.25,1144723
1752120000,6306.0,6335.5,6287.5,6324.25,948393
1752206400,6323.0,6330.25,6276.75,6300.0,1100047
1752465600,6274.0,6315.0,6259.75,6311.0,909223
1752552000,6309.5,6343.0,6272.5,6284.0,1279068
1752638400,6273.75,6308.75,6241.0,6303.25,1462969
1752724800,6299.25,6345.5,6288.25,6340.5,1052843
1752811200,6342.5,6357.0,6323.25,6334.75,1050307
1753070400,6335.75,6374.0,6329.75,6344.75,934271
1753156800,6347.0,6353.75,6318.75,6346.75,1130356
1753243200,6346.5,6407.25,6342.75,6396.25,1203541
1753329600,6404.0,6418.25,6391.5,6401.5,1073595
1753416000,6406.75,6431.0,6401.0,6425.0,829856
1753675200,6450.0,6457.75,6408.75,6422.75,972646
1753761600,6424.25,6442.5,6396.25,6406.0,1122508
1753848000,6404.0,6435.25,6366.75,6396.25,1302795
1753934400,6435.5,6468.5,6357.5,6374.25,1857020
1754020800,6359.5,6373.5,6239.5,6264.5,2287699
1754280000,6257.0,6370.0,6251.25,6356.0,1304652
1754366400,6370.0,6377.5,6315.5,6325.25,1402448
1754452800,6323.0,6379.5,6313.25,6371.0,1233346
1754539200,6371.0,6426.75,6334.5,6366.5,1458573
1754625600,6372.5,6425.75,6369.25,6413.5,1196497
1754884800,6422.75,6431.5,6387.5,6399.75,1073359
1754971200,6396.0,6470.0,6391.25,6468.5,1271180
1755057600,6468.0,6502.5,6461.0,6488.75,1111683
1755144000,6485.0,6496.0,6453.25,6490.5,1186070
1755230400,6489.25,6508.75,6461.5,6471.5,1122157
1755489600,6467.0,6484.25,6456.0,6469.25,860451
1755576000,6468.5,6477.5,6419.25,6432.5,1224317
1755662400,6433.0,6438.0,6362.75,6413.25,1609469
1755748800,6414.25,6419.0,6370.25,6388.25,1200689
1755835200,6392.0,6496.25,6364.0,6483.25,1420723
1756094400,6493.0,6494.0,6453.0,6455.5,932515
1756180800,6460.25,6487.5,6430.75,6482.5,1133761
1756267200,6486.75,6505.5,6459.25,6496.0,957730
1756353600,6485.0,6523.0,6471.0,6517.5,1170397
1756440000,6516.0,6518.0,6455.5,6472.75,0
1756785600,6478.75,6491.5,6371.75,6425.5,1802584
1756872000,6448.0,6464.25,6425.5,6457.25,1435997
1756958400,6460.0,6516.75,6454.5,6510.75,1186477
1757044800,6515.75,6541.75,6452.0,6489.75,1710784
1757304000,6483.75,6516.5,6480.25,6506.0,1187985
1757390400,6507.75,6536.25,6489.25,6521.75,1169514
1757476800,6532.25,6565.25,6522.5,6539.75,1381759
1757563200,6535.75,6600.0,6535.5,6592.5,1282669
1757649600,6596.25,6606.0,6576.0,6588.25,1601056
1757908800,6588.25,6623.5,6585.25,6621.5,1539732
1757995200,6616.25,6639.0,6604.25,6610.75,837034
1758081600,6613.0,6629.0,6554.0,6601.25,560841
1758168000,6606.0,6662.0,6605.75,6635.0,339967
1758254400,6640.0,6660.75,6622.75,6658.77001953125,1369003
1758513600,6716.0,6756.75,6695.25,6752.5,1081569
1758600000,6749.5,6756.5,6701.75,6715.0,1264195
1758686400,6717.75,6728.75,6678.0,6692.25,1250173
1758772800,6697.25,6705.25,6624.25,6659.75,1710507
1758859200,6662.75,6703.75,6653.25,6696.5,1338413
1759118400,6697.0,6736.0,6696.25,6713.5,1209953
1759204800,6708.0,6743.5,6693.0,6738.75,1521737
1759291200,6725.5,6769.5,6680.0,6761.5,1312743
1759377600,6757.0,6782.25,6741.5,6766.75,1182875
1759464000,6764.75,6800.0,6754.0,6764.0,1366239
1759723200,6768.0,6797.75,6766.5,6788.75,1087339
1759809600,6789.5,6802.75,6747.25,6761.5,1433808
1759896000,6766.0,6807.75,6758.25,6801.25,1047925
1759982400,6802.75,6812.25,6760.75,6779.25,1370466
1760068800,6779.5,6806.5,6540.25,6595.25,2570043
1760328000,6632.0,6711.5,6632.0,6694.75,2570043
1760414400,6691.0,6722.5,6593.25,6686.5,2147252
1760500800,6684.25,6766.75,6651.5,6715.0,2009854
1760587200,6715.25,6750.5,6632.0,6668.75,2221351
1760673600,6659.25,6718.0,6571.25,6702.5,2081456
1760932800,6721.0,6783.0,6694.0,6773.75,1207586
1761019200,6779.5,6789.75,6759.25,6773.25,1285745
1761105600,6776.0,6788.75,6690.75,6737.0,1905565
1761192000,6733.5,6785.75,6717.5,6775.0,1375494
1761278400,6778.25,6841.25,6776.5,6827.0,1279387
1761537600,6881.0,6916.25,6865.75,6908.25,1191278
1761624000,6914.0,6944.75,6901.5,6925.75,1221838
1761710400,6929.25,6952.0,6882.25,6922.75,1536995
1761796800,6906.5,6953.75,6851.0,6855.5,1817621
1761883200,6897.0,6918.5,6843.5,6874.0,1764133
1762146000,6878.0,6909.5,6849.5,6882.75,0
1762232400,6884.0,6884.0,6786.25,6801.75,1702971
1762318800,6801.0,6857.75,6748.5,6825.25,1467734
1762405200,6828.5,6843.5,6733.5,6747.5,1860279
1762491600,6763.0,6772.0,6655.5,6753.75,2127595
1762750800,6788.0,6865.75,6772.0,6856.75,1597305
1762837200,6857.25,6880.0,6830.5,6871.5,1348763
1762923600,6874.0,6900.5,6852.0,6875.75,1402032
1763010000,6873.25,6892.5,6746.0,6760.0,2087220
1763096400,6762.75,6795.5,6670.5,6755.25,2105234
1763355600,6764.75,6801.5,6658.5,6692.0,1883810
1763442000,6696.5,6708.75,6594.0,6639.75,2514985
1763528400,6630.75,6709.0,6613.25,6661.5,2041130
1763614800,6697.5,6791.25,6550.5,6557.5,2987357
1763701200,6560.0,6677.5,6525.0,6620.25,2592859
1763960400,6654.75,6731.75,6625.0,6721.25,1611105
1764046800,6726.25,6792.5,6674.5,6781.5,1656062
1764133200,6781.0,6846.75,6778.25,6828.0,1459184
1764340200,6830.25,6863.75,6824.25,6859.5,460053
1764565200,6854.75,6864.5,6802.0,6826.75,1472111
1764651600,6829.0,6863.5,6812.25,6840.25,1455018
1764738000,6843.0,6873.25,6817.5,6862.0,1310103
1764824400,6866.0,6880.75,6836.25,6866.75,1323676
1764910800,6865.5,6905.0,6856.75,6878.25,1336540
1765170000,6883.0,6893.75,6835.25,6855.75,1257776
1765256400,6865.0,6872.75,6844.0,6848.25,1008518
1765342800,6847.25,6908.0,6830.75,6891.75,1473707
1765429200,6887.0,6928.75,6817.5,6907.25,1815978
1765515600,6914.0,6915.5,6805.0,6830.75,2609362
1765774800,6831.0,6872.5,6806.25,6823.0,1771047
1765861200,6825.25,6833.75,6762.0,6801.0,1070240
1765947600,6796.0,6826.75,6723.75,6726.5,590558
1766034000,6739.25,6818.5,6720.25,6778.25,416394
1766120400,6772.25,6802.75,6768.0,6796.5400390625,1403081
1766379600,6906.25,6936.25,6900.5,6930.25,989308
1766466000,6930.75,6963.75,6913.25,6961.0,874601
1766586600,6959.5,6988.0,6952.5,6982.5,457055
1766725200,6979.5,6994.0,6969.0,6979.25,636544
1766984400,6980.5,6984.75,6936.0,6955.0,882739
1767070800,6956.5,6961.5,6940.75,6944.25,773655
1767157200,6945.5,6951.5,6890.25,6892.5,990179
1767330000,6902.0,6939.75,6866.75,6900.5,1571467
1767589200,6911.5,6963.5,6899.5,6943.75,1262018
1767675600,6945.5,6991.5,6931.0,6987.75,1192527
1767762000,6988.5,7006.75,6958.0,6963.25,1264816
1767848400,6967.5,6977.75,6935.25,6962.0,1303097
1767934800,6973.25,7017.5,6954.25,7005.0,1342341
1768194000,7007.0,7025.25,6950.0,7016.5,1063552
1768280400,7014.0,7036.25,6976.75,7001.75,1376658
1768366800,6998.5,7002.5,6923.25,6966.25,1768305
1768453200,6955.75,7017.25,6949.5,6981.75,1293668
1768539600,6986.75,7007.0,6960.5,6976.75,1297479
1768885200,6918.25,6935.0,6822.25,6829.5,2391547
1768971600,6839.0,6945.25,6814.5,6910.0,2200553
1769058000,6920.0,6969.0,6911.25,6945.0,1336659
1769144400,6938.0,6964.0,6924.75,6945.75,1221966
1769403600,6904.0,6995.5,6879.0,6981.25,1062544
1769490000,6977.0,7018.5,6972.0,7008.5,980139
1769576400,7010.25,7043.0,6977.25,7007.25,1187287
1769662800,7021.5,7029.5,6898.25,6992.75,1947645
1769749200,6992.75,6995.0,6917.5,6965.75,2046596
1770008400,6938.5,7017.25,6864.5,7002.5,1491899
1770094800,7004.25,7027.25,6886.25,6941.75,1942807
1770181200,6934.0,6965.75,6862.5,6906.25,2145116
1770267600,6915.5,6935.25,6785.0,6820.75,2107676
1770354000,6785.5,6965.5,6751.5,6952.75,1796075
1770613200,6960.25,7000.5,6921.0,6983.25,1198044
1770699600,6985.0,7006.5,6957.0,6961.5,1187062
1770786000,6971.5,7011.5,6931.0,6960.5,1498739
1770872400,6964.5,6992.75,6842.0,6851.0,2078744
1770958800,6865.5,6897.75,6808.75,6850.5,1803723
1771304400,6852.5,6885.5,6791.0,6860.5,1837384
1771390800,6862.75,6925.75,6848.75,6894.25,1346435
1771477200,6891.75,6912.5,6847.75,6877.0,1286455
1771563600,6874.25,6931.5,6847.25,6923.25,1816863
1771822800,6918.0,6930.25,6832.75,6851.5,1462094
1771909200,6858.25,6912.75,6828.5,6903.75,1335317
1771995600,6900.25,6983.75,6892.25,6959.75,1062293
1772082000,6965.0,6970.75,6870.75,6920.0,1548837
1772168400,6899.0,6915.5,6841.5,6889.0,1638910
1772427600,6820.0,6911.25,6768.5,6888.25,1844835
1772514000,6883.5,6886.0,6718.75,6824.75,2259359
1772600400,6813.25,6894.0,6773.5,6876.0,1546814
1772686800,6883.25,6900.75,6777.0,6835.25,1948470
1772773200,6826.0,6854.0,6715.75,6743.75,1940173
1773028800,6685.5,6818.5,6584.5,6801.0,2265287
1773115200,6800.75,6852.0,6762.5,6787.25,1893966
1773201600,6796.75,6822.5,6749.75,6779.5,1603374
1773288000,6766.0,6769.5,6671.75,6677.5,2042016
1773374400,6684.25,6737.5,6625.0,6636.0,2407679
1773633600,6608.5,6734.25,6608.5,6704.75,2025388
1773720000,6700.0,6757.5,6665.25,6721.75,834934
1773806400,6722.5,6762.25,6604.0,6626.0,501911
1773892800,6622.0,6644.5,6561.75,6609.25,450179
1773979200,6622.75,6635.0,6558.0,6594.6298828125,2011431
1774238400,6510.0,6748.0,6483.5,6634.75,2176195
1774324800,6635.0,6680.5,6573.5,6606.0,1924003
1774411200,6646.5,6684.75,6616.5,6640.75,1709266
1774497600,6641.5,6647.0,6517.0,6525.0,1689160
1774584000,6536.0,6568.5,6389.0,6412.25,1918291
1774843200,6380.0,6481.75,6359.5,6388.25,1793061
1774929600,6385.25,6583.25,6353.25,6570.75,2363577
1775016000,6562.0,6653.75,6561.0,6617.75,1752607
1775102400,6618.5,6644.5,6503.75,6622.25,1965184
1775448000,6590.0,6661.0,6567.0,6651.0,1103916
1775534400,6650.5,6673.5,6572.75,6656.75,1997800
1775620800,6689.0,6847.25,6652.25,6823.75,2199329
1775707200,6814.25,6876.0,6792.5,6863.25,1604541
1775793600,6858.0,6888.0,6846.25,6855.25,1312566
1776052800,6780.0,6928.25,6767.0,6922.75,1541313
1776139200,6925.25,7008.0,6920.25,7004.75,1356650
1776225600,7004.0,7064.5,6991.75,7060.5,1395387
1776312000,7057.25,7089.0,7046.5,7077.0,1360502
1776398400,7077.25,7185.75,7075.25,7161.5,1847098
1776657600,7102.5,7160.5,7085.0,7148.0,1374523
1776744000,7150.75,7183.0,7085.0,7100.0,1819102
1776830400,7125.0,7173.0,7121.25,7171.25,1185812
1776916800,7163.0,7181.5,7079.25,7143.5,1862446
1777003200,7143.0,7200.5,7135.5,7194.75,1463962
1777262400,7185.0,7211.25,7171.5,7206.0,1085690
1777348800,7204.75,7223.25,7146.25,7171.0,1361467
1777435200,7172.5,7190.75,7131.25,7168.0,1368362
1777521600,7150.0,7253.5,7133.75,7243.75,1732392
1777608000,7256.0,7300.75,7240.75,7258.0,1263615
1777867200,7276.25,7279.75,7199.5,7230.25,1581015
1777953600,7228.75,7304.25,7223.75,7287.25,1115385
1778040000,7300.5,7395.75,7293.5,7389.5,1631260
1778126400,7380.5,7410.5,7345.5,7363.0,1753384
1778212800,7340.0,7427.75,7336.25,7419.0,1312034
1778472000,7403.5,7454.75,7390.5,7436.75,1233354
1778558400,7435.5,7443.75,7363.25,7426.5,1625151
1778644800,7419.25,7483.75,7399.0,7469.5,1301334
1778731200,7477.5,7540.0,7471.0,7525.5,1371818
1778817600,7522.25,7528.25,7409.25,7432.25,1923350
1779076800,7410.0,7454.25,7373.5,7425.75,1983487
1779163200,7423.5,7440.75,7354.25,7378.0,1804940
1779249600,7377.0,7458.0,7356.0,7451.75,1585626
1779336000,7432.75,7486.75,7407.5,7466.0,1738205
1779422400,7467.0,7524.0,7466.75,7491.0,1242275
1779768000,7519.0,7569.75,7517.0,7537.0,1422109
1779854400,7533.0,7570.75,7515.0,7540.0,1291159
1779940800,7553.75,7590.75,7505.75,7581.75,1280521
1780027200,7587.5,7611.5,7572.75,7595.75,1581690
1780286400,7595.0,7632.25,7576.25,7613.25,1392611
1780372800,7612.0,7632.0,7576.5,7623.75,1086612
1780459200,7628.0,7628.5,7541.75,7571.75,1379991
1780545600,7539.75,7611.5,7524.5,7601.0,1242281
1780632000,7589.5,7591.0,7359.0,7400.5,2370312
1780891200,7368.0,7476.75,7355.5,7416.0,1821072
1780977600,7412.75,7491.0,7247.25,7392.75,2505679
1781064000,7380.0,7404.75,7256.0,7278.5,1851849
1781150400,7259.25,7420.0,7232.25,7396.0,2295133
1781236800,7397.5,7461.75,7366.5,7435.0,1864805
1781496000,7480.0,7584.5,7480.0,7561.25,1883235
1781582400,7560.75,7570.5,7509.75,7518.5,904077
1781668800,7514.5,7544.5,7405.0,7424.5,517609
1781755200,7440.5,7514.5,7436.25,7508.43017578125,1671842
1782100800,7543.25,7599.25,7513.0,7541.25,1582505
1782187200,7541.25,7549.5,7415.25,7437.5,1816290
1782273600,7449.25,7496.5,7404.25,7428.25,1864716
1782360000,7476.25,7496.0,7390.5,7423.25,1670252
1782446400,7431.0,7459.5,7357.25,7401.75,1514235
1782705600,7398.0,7505.0,7398.0,7500.25,1520958
1782792000,7495.5,7567.75,7481.75,7548.25,1347483
1782878400,7543.25,7579.0,7505.75,7543.5,1331380
1782964800,7536.0,7593.75,7479.5,7528.25,1766963
1783310400,7562.25,7602.5,7538.25,7591.5,1165299
1783396800,7597.0,7601.25,7529.5,7551.25,1259499
1783483200,7545.0,7563.0,7468.5,7528.75,1503496
1783569600,7517.25,7595.0,7516.25,7588.75,1080972
1783656000,7587.25,7628.75,7552.75,7620.25,1076448
1783915200,7607.0,7615.25,7547.25,7563.0,1272313
1784001600,7557.0,7613.75,7531.5,7591.25,1138130
1784088000,7589.75,7626.25,7571.75,7614.75,1313380
1784174400,7615.0,7632.0,7548.25,7577.75,1323663
1784260800,7572.75,7575.0,7473.0,7497.75,1710680
1784520000,7485.0,7552.0,7476.75,7484.25,1388418
1784606400,7484.0,7554.0,7473.0,7545.75,1038606
1784692800,7545.0,7563.5,7504.0,7540.25,1056769
1784779200,7530.25,7549.5,7411.75,7445.0,1650704
1784865600,7450.5,7496.5,7431.5,7447.5,1450023
1785124800,7490.0,7524.75,7416.25,7448.25,1468720
1785211200,7453.0,7485.75,7417.0,7465.25,1389750
1785297600,7464.0,7501.0,7324.0,7351.25,2067427
1785384000,7338.0,7498.0,7331.0,7472.5,1739568
1785470400,7479.5,7541.0,7427.5,7519.25,1831952
1785729600,7550.0,7637.75,7542.75,7628.25,1457022
1785816000,7631.0,7786.0,7629.0,7765.5,1724914
1785902400,7772.0,7820.25,7745.75,7749.5,1500673
1785988800,7756.75,7770.75,7724.25,7734.75,1253438
1786075200,7735.0,7786.75,7725.5,7779.75,1236073
1786334400,7776.75,7798.0,7763.0,7776.75,923190
1786420800,7778.25,7796.0,7738.0,7747.5,1010336
1786507200,7756.0,7794.0,7748.5,7770.5,944743
1786593600,7770.0,7838.5,7764.25,7822.5,1106913
1786680000,7825.0,7831.75,7796.5,7805.0,917625
1786939200,7809.25,7824.5,7763.5,7768.75,992564
1787025600,7766.0,7770.5,7710.25,7714.0,1277258
1787112000,7714.0,7764.75,7698.25,7729.0,1437865
1787198400,7733.0,7746.5,7657.75,7662.5,1468662
1787284800,7669.0,7714.0,7661.25,7691.25,1194104
1787544000,7693.5,7703.25,7655.0,7669.75,1088482
1787630400,7676.0,7714.0,7660.25,7692.0,1003461
1787716800,7691.5,7710.25,7670.75,7690.0,1083071
1787803200,7722.0,7755.5,7702.75,7742.5,1347688
1787889600,7733.75,7782.5,7711.75,7722.0,1520831
1788148800,7723.5,7724.0,7674.75,7699.0,1247996
1788235200,7701.25,7708.0,7621.5,7642.75,1599408
1788321600,7645.0,7691.25,7618.5,7676.5,1312751
1788408000,7673.5,7766.5,7661.25,7754.75,1466815
1788494400,7749.75,7764.5,7711.75,7722.0,1266711
1788840000,7715.5,7728.5,7672.25,7680.5,1541813
1788926400,7681.0,7691.25,7628.75,7643.75,1432203
1789012800,7646.5,7666.25,7585.5,7598.5,1713441
1789099200,7599.5,7683.5,7594.25,7659.5,1713441
1789352888,7609.25,7634.5,7604.25,7632.25,41978
