time,open,high,low,close,volume
1713736800,5014.25,5021.25,5009.25,5020.0,19787
1713740400,5019.75,5022.75,5016.25,5021.75,9290
1713744000,5021.5,5023.75,5009.75,5011.5,16445
1713747600,5011.5,5018.75,5009.5,5017.0,11565
1713751200,5017.0,5019.0,5014.75,5017.0,6140
1713754800,5016.75,5019.0,5014.75,5016.0,3947
1713758400,5015.5,5021.0,5015.25,5020.0,4295
1713762000,5020.25,5023.5,5018.25,5023.25,5328
1713765600,5023.25,5030.25,5023.0,5029.5,13754
1713769200,5029.25,5030.0,5017.25,5019.0,18671
1713772800,5018.75,5024.25,5016.0,5021.75,15679
1713776400,5021.75,5033.0,5021.25,5030.25,17506
1713780000,5030.25,5034.75,5028.0,5030.0,14533
1713783600,5030.0,5036.5,5026.75,5032.5,20995
1713787200,5032.5,5034.5,5020.5,5032.0,38410
1713790800,5032.25,5034.75,5019.25,5027.75,175250
1713794400,5027.75,5034.25,5011.75,5013.75,200525
1713798000,5013.75,5025.75,5006.0,5025.75,155109
1713801600,5025.75,5037.25,5024.5,5036.0,126491
1713805200,5036.25,5072.0,5034.5,5067.25,180202
1713808800,5067.25,5076.75,5058.75,5065.75,149516
1713812400,5065.75,5066.25,5040.75,5048.75,270538
1713816000,5048.5,5049.5,5041.5,5049.0,51934
1713823200,5051.0,5054.0,5045.75,5048.25,0
1713826800,5048.25,5049.0,5037.75,5046.0,7241
1713830400,5046.0,5049.0,5044.25,5048.0,4892
1713834000,5048.0,5048.5,5039.0,5042.0,9882
1713837600,5042.0,5046.5,5041.0,5045.0,9434
1713841200,5045.25,5048.25,5042.5,5047.75,4044
1713844800,5047.25,5049.5,5045.5,5046.25,2788
1713848400,5046.25,5048.5,5043.5,5047.25,4261
1713852000,5047.25,5050.5,5042.5,5050.0,6288
1713855600,5050.0,5054.5,5048.25,5051.5,19562
1713859200,5051.5,5059.0,5050.25,5052.5,15899
1713862800,5052.5,5057.25,5049.75,5051.5,11251
1713866400,5051.5,5064.25,5051.0,5063.5,16143
1713870000,5063.75,5066.25,5056.0,5057.75,19291
1713873600,5058.0,5067.5,5051.25,5065.25,34042
1713877200,5065.5,5088.75,5063.75,5082.25,213698
1713880800,5082.5,5105.5,5078.5,5104.25,251726
1713884400,5104.25,5105.25,5092.25,5095.25,144870
1713888000,5095.25,5108.0,5094.0,5103.75,96513
1713891600,5103.75,5112.75,5097.5,5111.75,92585
1713895200,5111.75,5112.75,5104.5,5109.25,79054
1713898800,5109.0,5109.75,5101.25,5108.0,192739
1713902400,5108.0,5113.5,5103.5,5112.25,67978
1713909600,5115.25,5117.5,5111.5,5114.25,0
1713913200,5114.0,5119.75,5113.25,5116.25,8336
1713916800,5116.25,5120.75,5113.75,5120.0,8261
1713920400,5119.75,5122.0,5118.0,5121.75,6271
1713924000,5121.5,5123.75,5121.0,5123.25,6480
1713927600,5123.25,5127.25,5122.75,5125.25,7189
1713931200,5125.25,5125.5,5123.5,5124.5,2666
1713934800,5124.5,5128.75,5124.0,5127.5,4343
1713938400,5127.5,5127.5,5119.5,5121.5,9622
1713942000,5121.5,5122.5,5116.0,5118.75,18435
1713945600,5118.75,5119.75,5113.25,5113.5,16875
1713949200,5113.75,5115.5,5106.5,5108.75,17184
1713952800,5108.75,5114.75,5108.5,5110.5,15182
1713956400,5110.5,5120.5,5109.75,5119.25,20666
1713960000,5119.5,5124.75,5109.75,5111.25,45875
1713963600,5111.0,5124.75,5108.5,5113.5,174643
1713967200,5113.75,5122.5,5100.75,5103.25,197340
1713970800,5103.0,5105.0,5086.75,5088.0,189473
1713974400,5088.0,5095.25,5082.0,5094.0,134645
1713978000,5093.75,5116.5,5091.25,5115.5,127238
1713981600,5115.5,5116.0,5095.0,5095.0,150832
1713985200,5095.0,5113.0,5093.0,5105.75,191435
1713988800,5105.25,5109.0,5072.25,5079.75,95641
1713996000,5070.0,5077.75,5070.0,5074.25,0
1713999600,5074.25,5078.0,5071.5,5075.0,7362
1714003200,5075.0,5082.0,5074.5,5081.0,9054
1714006800,5081.25,5081.5,5074.5,5074.75,6641
1714010400,5074.75,5077.75,5073.25,5074.75,4257
1714014000,5074.75,5075.25,5073.25,5074.25,2731
1714017600,5074.5,5076.0,5073.25,5074.25,2146
1714021200,5074.25,5074.75,5067.25,5069.0,7675
1714024800,5069.0,5076.75,5066.5,5075.75,9747
1714028400,5075.75,5078.25,5069.0,5072.75,18647
1714032000,5072.5,5081.75,5071.75,5079.25,15474
1714035600,5079.0,5082.5,5077.5,5080.0,11874
1714039200,5080.0,5081.5,5072.0,5072.75,16690
1714042800,5073.0,5077.0,5068.5,5076.5,19507
1714046400,5076.25,5080.5,5042.75,5044.75,113518
1714050000,5045.0,5047.5,5026.0,5029.25,293396
1714053600,5029.5,5046.0,5022.25,5031.5,279361
1714057200,5031.5,5051.75,5030.75,5050.0,163933
1714060800,5050.25,5068.25,5046.5,5065.5,169881
1714064400,5065.5,5086.5,5057.25,5083.0,167175
1714068000,5083.0,5085.25,5064.5,5072.75,156138
1714071600,5072.5,5090.75,5072.0,5082.5,219157
1714075200,5082.5,5132.75,5079.0,5131.75,131184
1714082400,5132.0,5134.75,5119.25,5123.25,0
1714086000,5123.0,5123.75,5116.75,5119.5,6198
1714089600,5119.5,5121.5,5116.75,5120.25,6633
1714093200,5120.25,5125.0,5117.75,5123.0,6526
1714096800,5123.25,5124.75,5119.5,5122.0,5758
1714100400,5121.5,5127.25,5121.5,5124.25,4318
1714104000,5124.5,5126.0,5123.5,5124.0,2283
1714107600,5124.0,5128.0,5122.25,5127.5,5121
1714111200,5127.5,5129.75,5125.25,5125.5,9675
1714114800,5125.5,5126.0,5119.0,5121.5,17610
1714118400,5121.5,5123.5,5115.75,5117.25,12209
1714122000,5117.5,5118.25,5112.25,5117.0,10790
1714125600,5117.25,5120.25,5113.75,5116.5,10414
1714129200,5116.75,5123.25,5116.5,5119.75,15351
1714132800,5119.5,5140.25,5111.25,5119.25,103689
1714136400,5119.5,5130.25,5104.5,5126.0,236257
1714140000,5126.25,5138.0,5124.0,5135.75,228571
1714143600,5135.75,5143.5,5124.75,5134.0,163681
1714147200,5134.0,5143.25,5129.25,5143.25,98685
1714150800,5143.25,5146.5,5138.5,5141.75,104327
1714154400,5141.75,5142.5,5133.25,5141.5,94654
1714158000,5141.25,5144.0,5128.75,5129.5,181727
1714161600,5129.75,5132.25,5128.75,5131.75,49121
1714341600,5140.25,5141.0,5135.0,5136.75,6566
1714345200,5137.0,5141.75,5136.0,5141.75,4587
1714348800,5141.75,5143.0,5138.75,5142.0,6812
1714352400,5142.0,5147.0,5141.25,5146.0,6475
1714356000,5146.25,5146.25,5142.75,5144.5,5284
1714359600,5144.5,5145.5,5143.5,5143.75,2864
1714363200,5143.5,5147.0,5142.75,5145.5,4619
1714366800,5145.25,5146.75,5144.0,5146.75,5507
1714370400,5146.5,5147.0,5140.5,5140.75,7366
1714374000,5140.75,5144.25,5139.25,5143.75,13151
1714377600,5143.75,5145.25,5139.5,5140.75,9697
1714381200,5140.75,5141.75,5135.0,5135.75,18155
1714384800,5135.75,5142.75,5134.5,5141.25,12405
1714388400,5141.0,5145.75,5138.75,5144.0,13533
1714392000,5144.0,5146.5,5141.0,5145.5,20152
1714395600,5145.5,5154.25,5136.75,5142.5,169557
1714399200,5142.5,5153.25,5142.0,5145.75,146913
1714402800,5145.5,5146.0,5136.5,5143.75,107865
1714406400,5143.75,5150.0,5142.25,5146.25,73375
1714410000,5146.25,5152.0,5142.5,5148.75,74434
1714413600,5148.5,5148.5,5132.25,5142.0,101763
1714417200,5142.0,5148.75,5118.75,5147.25,267721
1714420800,5147.0,5151.5,5145.75,5147.25,50597
1714428000,5148.5,5148.5,5143.0,5144.25,0
1714431600,5144.25,5145.5,5143.5,5144.75,2631
1714435200,5144.75,5144.75,5141.75,5142.25,4582
1714438800,5142.25,5144.5,5142.0,5143.0,3526
1714442400,5143.0,5144.25,5141.75,5141.75,2683
1714446000,5141.75,5143.5,5141.25,5143.0,2882
1714449600,5143.25,5143.25,5141.0,5141.75,2014
1714453200,5141.5,5142.25,5135.25,5140.5,5724
1714456800,5140.5,5144.25,5139.5,5142.75,7035
1714460400,5142.75,5144.25,5139.5,5141.75,8987
1714464000,5141.5,5143.0,5136.25,5136.5,9540
1714467600,5136.75,5141.0,5135.25,5139.0,17197
1714471200,5139.25,5145.25,5138.25,5145.0,9838
1714474800,5144.75,5145.5,5140.75,5141.5,13819
1714478400,5141.25,5145.25,5120.5,5127.0,81839
1714482000,5127.0,5141.25,5124.0,5137.25,154670
1714485600,5137.0,5141.25,5126.25,5132.0,178589
1714489200,5130.5,5130.5,5105.25,5110.75,205832
1714492800,5111.0,5115.25,5092.5,5097.5,148344
1714496400,5097.75,5107.5,5091.5,5105.75,108283
1714500000,5106.0,5110.25,5088.5,5092.5,126286
1714503600,5092.75,5097.75,5065.0,5065.0,325427
1714507200,5065.25,5077.25,5051.0,5055.0,160646
1714514400,5050.0,5057.25,5048.5,5055.75,0
1714518000,5055.5,5060.0,5052.75,5057.75,7732
1714521600,5058.0,5060.0,5056.5,5059.5,6372
1714525200,5059.25,5060.75,5057.75,5060.25,5831
1714528800,5060.25,5062.75,5057.5,5061.5,4203
1714532400,5061.75,5065.0,5061.75,5065.0,4317
1714536000,5064.75,5065.5,5063.0,5065.0,2389
1714539600,5064.75,5064.75,5060.5,5061.0,3186
1714543200,5061.0,5063.25,5053.5,5056.5,6663
1714546800,5056.75,5059.0,5048.5,5051.0,10991
1714550400,5051.25,5055.0,5049.75,5053.0,10528
1714554000,5053.0,5053.0,5041.5,5044.0,23360
1714557600,5044.0,5047.0,5037.75,5046.75,16227
1714561200,5046.5,5050.5,5042.25,5043.75,14846
1714564800,5044.0,5057.25,5042.75,5053.0,43896
1714568400,5053.0,5062.25,5048.0,5052.0,145014
1714572000,5052.5,5060.0,5044.5,5057.25,202053
1714575600,5057.5,5058.25,5044.25,5046.25,117652
1714579200,5046.5,5055.25,5042.25,5048.0,99636
1714582800,5047.75,5055.0,5042.75,5053.25,86040
1714586400,5053.75,5118.75,5051.5,5117.75,483083
1714590000,5118.0,5126.75,5043.75,5046.0,515041
1714593600,5046.25,5055.0,5045.0,5053.75,78811
1714600800,5057.0,5062.0,5056.25,5060.0,0
1714604400,5060.0,5067.5,5059.25,5066.75,5915
1714608000,5066.75,5072.0,5064.75,5069.75,8470
1714611600,5070.0,5072.5,5066.5,5071.5,9593
1714615200,5071.5,5076.0,5071.0,5074.0,5682
1714618800,5073.75,5074.5,5070.75,5072.0,3376
1714622400,5071.75,5072.5,5070.25,5072.25,2464
1714626000,5072.25,5074.75,5070.75,5071.5,4269
1714629600,5071.5,5074.25,5067.5,5068.75,9004
1714633200,5069.0,5079.5,5066.0,5076.0,20673
1714636800,5075.75,5082.5,5072.25,5072.25,16655
1714640400,5072.5,5078.25,5072.5,5078.0,8656
1714644000,5078.0,5083.0,5075.25,5081.25,11245
1714647600,5081.25,5085.5,5076.25,5077.5,15828
1714651200,5077.5,5090.0,5073.25,5079.5,47672
1714654800,5079.75,5088.75,5057.75,5061.0,190475
1714658400,5061.5,5068.0,5036.25,5065.75,306977
1714662000,5065.75,5073.0,5055.0,5069.0,157482
1714665600,5069.25,5070.0,5054.5,5064.25,114926
1714669200,5064.25,5085.25,5064.0,5080.0,122528
1714672800,5080.25,5098.25,5078.25,5096.25,113909
1714676400,5096.25,5100.75,5080.0,5091.75,235050
1714680000,5091.75,5113.0,5087.0,5111.0,88294
1714687200,5110.25,5118.0,5104.0,5106.25,0
1714690800,5106.25,5108.25,5104.25,5106.75,4230
1714694400,5107.0,5111.0,5103.25,5109.0,9257
1714698000,5109.25,5112.25,5108.0,5108.25,5457
1714701600,5108.25,5109.0,5105.5,5106.0,3134
1714705200,5106.0,5108.0,5105.25,5107.0,2436
1714708800,5106.75,5107.0,5103.5,5104.0,2244
1714712400,5104.0,5106.75,5103.0,5106.0,3145
1714716000,5106.0,5106.0,5102.0,5104.0,7141
1714719600,5104.25,5104.75,5099.25,5104.0,10694
1714723200,5104.25,5109.5,5103.25,5107.75,8370
1714726800,5107.5,5109.75,5105.25,5109.5,6755
1714730400,5109.5,5113.75,5108.0,5108.0,8239
1714734000,5108.0,5112.5,5105.25,5107.5,11919
1714737600,5107.25,5157.0,5106.25,5148.0,122150
1714741200,5148.0,5161.5,5137.25,5157.25,255102
1714744800,5157.75,5166.75,5127.75,5132.75,407534
1714748400,5133.0,5150.75,5126.75,5146.25,170393
1714752000,5146.25,5155.5,5145.5,5148.75,102423
1714755600,5148.75,5157.75,5147.5,5154.75,86637
1714759200,5154.5,5161.75,5154.0,5157.0,83182
1714762800,5157.25,5160.25,5152.75,5154.25,162869
1714766400,5154.25,5162.25,5154.0,5161.5,55965
1714946400,5166.75,5169.75,5162.25,5163.5,4696
1714950000,5163.5,5164.75,5158.75,5159.25,4582
1714953600,5159.5,5161.25,5156.0,5159.25,10257
1714957200,5159.0,5160.75,5158.0,5160.75,4662
1714960800,5160.75,5161.0,5158.5,5159.0,3260
1714964400,5158.75,5160.25,5157.5,5159.75,3511
1714968000,5160.0,5160.0,5157.25,5157.75,2273
1714971600,5157.5,5159.0,5155.75,5158.25,4589
1714975200,5158.0,5163.0,5158.0,5162.0,6447
1714978800,5162.0,5164.0,5159.5,5159.5,8381
1714982400,5159.75,5165.75,5158.75,5164.5,8648
1714986000,5164.5,5168.5,5164.0,5168.0,8839
1714989600,5168.25,5174.75,5167.75,5173.5,12098
1714993200,5173.25,5173.25,5170.75,5172.0,10130
1714996800,5172.25,5177.75,5171.0,5175.0,19531
1715000400,5175.25,5184.75,5173.25,5183.5,141300
1715004000,5183.25,5187.75,5181.75,5184.25,126902
1715007600,5184.25,5186.75,5179.75,5185.0,85364
1715011200,5185.0,5188.75,5178.25,5188.0,94273
1715014800,5187.75,5191.75,5183.5,5190.25,77537
1715018400,5190.25,5199.5,5189.5,5195.5,92665
1715022000,5195.25,5207.5,5190.0,5207.25,169555
1715025600,5207.0,5207.75,5203.0,5205.25,73790
1715032800,5204.75,5207.25,5202.25,5206.75,0
1715036400,5206.75,5208.0,5204.25,5205.5,4970
1715040000,5205.5,5207.25,5204.25,5206.0,4522
1715043600,5205.75,5206.75,5203.5,5206.5,5173
1715047200,5206.25,5207.75,5204.75,5206.0,3402
1715050800,5206.0,5208.75,5205.75,5208.25,3557
1715054400,5208.75,5208.75,5206.75,5207.25,3526
1715058000,5207.25,5208.25,5206.0,5206.5,3723
1715061600,5206.5,5208.75,5206.25,5208.25,6358
1715065200,5208.25,5209.75,5203.0,5203.5,13765
1715068800,5203.75,5212.75,5202.25,5212.25,16778
1715072400,5212.0,5213.25,5207.25,5208.75,10567
1715076000,5209.0,5210.5,5207.25,5210.0,9482
1715079600,5210.0,5210.75,5205.0,5207.5,12927
1715083200,5207.25,5213.25,5206.75,5213.0,17722
1715086800,5212.75,5220.25,5212.25,5213.0,160462
1715090400,5213.0,5223.5,5210.5,5222.5,147589
1715094000,5222.5,5224.0,5218.0,5221.75,97123
1715097600,5222.0,5224.0,5216.5,5220.0,80188
1715101200,5219.75,5226.75,5208.75,5211.0,110068
1715104800,5211.0,5215.25,5205.5,5211.25,121945
1715108400,5211.0,5219.5,5207.5,5212.25,185704
1715112000,5212.25,5215.75,5210.75,5212.0,39961
1715119200,5211.75,5214.5,5208.25,5214.5,0
1715122800,5214.25,5215.75,5212.75,5214.0,4075
1715126400,5214.25,5216.0,5213.0,5214.5,5474
1715130000,5214.5,5215.5,5212.25,5213.0,4416
1715133600,5213.0,5214.0,5210.25,5212.25,4577
1715137200,5212.25,5214.0,5210.75,5212.75,3334
1715140800,5212.75,5213.0,5210.5,5210.75,2844
1715144400,5211.0,5213.25,5210.0,5213.0,3641
1715148000,5213.0,5214.25,5210.75,5213.5,5436
1715151600,5213.25,5218.0,5213.0,5214.25,11908
1715155200,5214.25,5216.5,5211.0,5211.75,11079
1715158800,5211.5,5215.5,5211.25,5213.75,8462
1715162400,5213.5,5214.5,5208.25,5208.25,11171
1715166000,5208.5,5209.25,5202.75,5204.5,22677
1715169600,5204.5,5204.75,5188.75,5194.0,42592
1715173200,5194.0,5205.25,5191.0,5205.0,135072
1715176800,5204.75,5217.25,5200.25,5213.75,157664
1715180400,5214.0,5216.75,5206.25,5208.0,109786
1715184000,5207.75,5211.25,5202.25,5206.0,82418
1715187600,5206.25,5211.0,5200.75,5210.75,80845
1715191200,5210.75,5214.25,5208.75,5210.0,72835
1715194800,5210.25,5217.0,5205.5,5211.5,146001
1715198400,5211.5,5212.25,5208.0,5210.0,40541
1715205600,5209.25,5213.0,5208.0,5211.5,0
1715209200,5211.5,5212.0,5209.5,5210.25,2216
1715212800,5210.25,5211.0,5207.5,5209.75,4688
1715216400,5209.75,5212.0,5208.0,5211.5,4083
1715220000,5211.75,5211.75,5208.75,5209.75,2891
1715223600,5209.75,5210.5,5207.75,5208.0,1965
1715227200,5208.0,5208.5,5206.25,5206.25,2390
1715230800,5206.25,5207.25,5204.75,5205.5,3480
1715234400,5205.75,5206.0,5202.0,5202.25,5515
1715238000,5202.0,5206.5,5200.0,5201.25,10253
1715241600,5201.5,5204.75,5199.75,5200.0,8263
1715245200,5199.75,5201.25,5195.0,5199.75,10683
1715248800,5199.75,5205.5,5199.25,5201.75,8320
1715252400,5201.5,5207.75,5200.0,5205.5,13301
1715256000,5205.25,5215.0,5201.5,5211.25,39046
1715259600,5211.5,5216.25,5204.25,5213.25,131792
1715263200,5213.25,5230.5,5212.25,5229.25,197424
1715266800,5229.0,5232.75,5220.75,5222.5,131889
1715270400,5222.25,5231.25,5221.0,5230.0,91003
1715274000,5229.75,5234.0,5225.5,5229.5,91341
1715277600,5229.5,5238.25,5226.75,5236.75,79490
1715281200,5236.75,5240.0,5233.5,5239.25,159668
1715284800,5239.25,5244.75,5238.75,5239.0,46787
1715292000,5240.75,5245.0,5239.25,5243.75,0
1715295600,5243.5,5246.0,5243.25,5243.5,3988
1715299200,5243.5,5245.0,5242.25,5244.75,5468
1715302800,5244.75,5245.5,5241.25,5241.25,5376
1715306400,5241.25,5242.25,5240.75,5241.75,3343
1715310000,5241.5,5242.25,5240.5,5241.25,1936
1715313600,5241.25,5244.75,5241.25,5244.25,3095
1715317200,5244.0,5245.75,5243.5,5243.75,4399
1715320800,5244.0,5248.25,5242.75,5247.75,6433
1715324400,5247.75,5252.0,5247.75,5249.25,15098
1715328000,5249.25,5256.75,5245.75,5256.75,14078
1715331600,5257.0,5260.75,5256.25,5259.25,17319
1715335200,5259.25,5259.5,5256.0,5256.5,9037
1715338800,5256.75,5258.5,5253.5,5254.75,10472
1715342400,5254.5,5258.25,5250.0,5250.25,24889
1715346000,5250.5,5264.0,5249.5,5262.0,141470
1715349600,5262.0,5262.0,5237.25,5241.75,235583
1715353200,5242.0,5243.75,5232.75,5240.75,128986
1715356800,5240.75,5244.75,5235.5,5242.5,87877
1715360400,5242.5,5245.5,5236.0,5245.0,75870
1715364000,5245.0,5246.5,5238.0,5246.25,78313
1715367600,5246.25,5250.75,5243.0,5245.5,143149
1715371200,5245.25,5246.0,5240.75,5241.5,37390
1715551200,5240.5,5243.5,5239.75,5242.75,4097
1715554800,5243.0,5244.25,5242.0,5242.75,1935
1715558400,5243.0,5245.25,5241.25,5245.0,4672
1715562000,5245.0,5245.5,5243.75,5245.5,3242
1715565600,5245.25,5245.75,5243.75,5244.0,3025
1715569200,5244.25,5250.0,5243.25,5249.0,6899
1715572800,5249.0,5251.0,5248.0,5250.75,4036
1715576400,5250.75,5252.25,5250.25,5251.75,3862
1715580000,5251.75,5253.25,5250.75,5251.0,5321
1715583600,5251.25,5252.75,5249.0,5252.25,7096
1715587200,5252.0,5253.25,5249.0,5250.0,9368
1715590800,5249.75,5253.75,5249.0,5252.25,6841
1715594400,5252.0,5255.0,5251.25,5254.75,5736
1715598000,5254.75,5260.0,5253.0,5259.5,12471
1715601600,5259.25,5261.0,5254.75,5259.75,15270
1715605200,5259.5,5264.0,5247.25,5253.0,151988
1715608800,5253.0,5254.75,5247.5,5249.0,117018
1715612400,5249.0,5251.0,5240.0,5246.75,113340
1715616000,5246.75,5250.0,5246.0,5246.25,61930
1715619600,5246.25,5246.5,5233.25,5243.0,117592
1715623200,5243.25,5246.25,5239.25,5245.5,59910
1715626800,5245.25,5247.75,5241.0,5245.75,137844
1715630400,5245.75,5247.75,5241.75,5243.0,36769
1715637600,5245.5,5245.5,5242.0,5244.0,0
1715641200,5244.0,5245.25,5243.25,5244.25,1669
1715644800,5244.5,5246.0,5242.5,5243.75,3635
1715648400,5243.5,5244.25,5241.5,5243.0,3260
1715652000,5243.25,5243.5,5242.25,5242.25,1776
1715655600,5242.25,5242.75,5240.75,5241.5,2771
1715659200,5241.5,5243.25,5241.25,5242.5,2598
1715662800,5242.5,5245.75,5242.25,5245.25,4024
1715666400,5245.25,5246.25,5244.25,5245.0,4364
1715670000,5245.25,5246.75,5243.5,5246.0,6502
1715673600,5246.0,5248.0,5245.0,5247.5,5382
1715677200,5247.5,5248.5,5245.0,5247.75,5974
1715680800,5247.75,5248.25,5245.5,5248.0,7573
1715684400,5248.0,5248.5,5245.5,5246.75,9228
1715688000,5246.75,5250.0,5216.75,5244.25,105677
1715691600,5244.25,5252.75,5240.25,5248.5,146787
1715695200,5248.5,5260.0,5242.25,5253.25,249922
1715698800,5253.25,5257.25,5245.25,5246.5,116651
1715702400,5246.5,5248.75,5242.5,5245.5,68231
1715706000,5245.5,5250.5,5241.25,5248.5,70918
1715709600,5248.75,5271.5,5248.0,5268.5,143874
1715713200,5268.75,5274.25,5265.75,5268.75,177761
1715716800,5268.5,5270.0,5266.75,5269.0,46588
1715724000,5268.5,5273.75,5266.25,5273.25,0
1715727600,5273.25,5273.5,5271.25,5271.5,2730
1715731200,5271.5,5273.5,5269.0,5271.25,5331
1715734800,5271.25,5274.5,5270.5,5274.0,4061
1715738400,5274.0,5277.5,5273.75,5275.5,4075
1715742000,5275.5,5277.0,5275.25,5275.25,2311
1715745600,5275.25,5275.25,5272.5,5272.5,2852
1715749200,5272.5,5274.25,5271.5,5273.75,3072
1715752800,5273.5,5274.75,5271.5,5272.25,5514
1715756400,5272.0,5273.5,5268.5,5269.75,9439
1715760000,5269.75,5273.0,5269.0,5272.5,8466
1715763600,5272.5,5274.0,5271.0,5271.75,8215
1715767200,5271.75,5272.75,5270.5,5270.75,7771
1715770800,5271.0,5272.75,5270.0,5270.75,12098
1715774400,5270.75,5303.0,5266.25,5296.0,113537
1715778000,5296.25,5303.25,5286.75,5291.75,206387
1715781600,5292.0,5308.0,5291.25,5307.0,195147
1715785200,5306.75,5317.25,5306.75,5314.5,143449
1715788800,5314.5,5321.5,5309.75,5321.0,90639
1715792400,5321.0,5325.75,5319.0,5325.5,95858
1715796000,5325.5,5330.25,5321.75,5325.75,97209
1715799600,5325.75,5337.25,5322.75,5333.5,236823
1715803200,5333.5,5334.0,5325.25,5330.25,71639
1715810400,5331.5,5335.25,5329.25,5333.75,0
1715814000,5333.5,5339.5,5333.5,5337.75,8450
1715817600,5337.75,5340.75,5337.25,5340.5,7329
1715821200,5340.25,5341.25,5338.25,5339.5,5637
1715824800,5339.5,5340.75,5337.75,5340.5,4334
1715828400,5340.75,5343.25,5340.5,5342.25,4838
1715832000,5342.5,5342.5,5340.5,5340.5,2613
1715835600,5340.5,5342.0,5339.0,5339.25,4772
1715839200,5339.0,5339.25,5335.25,5337.25,8501
1715842800,5337.5,5339.5,5335.75,5337.25,11953
1715846400,5337.5,5338.25,5334.75,5336.5,8550
1715850000,5336.5,5338.25,5335.5,5335.75,8155
1715853600,5335.75,5336.75,5334.0,5335.5,8588
1715857200,5335.75,5339.75,5335.25,5336.25,13479
1715860800,5336.25,5342.5,5331.5,5333.25,34633
1715864400,5333.5,5336.75,5330.0,5335.75,115730
1715868000,5335.75,5348.5,5328.25,5347.5,167473
1715871600,5347.5,5349.0,5338.5,5342.75,136026
1715875200,5342.75,5342.75,5335.25,5340.5,97411
1715878800,5340.75,5342.0,5326.5,5334.0,152133
1715882400,5334.0,5334.75,5323.5,5334.5,107339
1715886000,5334.5,5335.75,5318.75,5320.0,193939
1715889600,5319.75,5322.0,5315.5,5316.25,56935
1715896800,5318.25,5320.25,5316.75,5319.5,0
1715900400,5319.5,5321.25,5318.0,5320.0,3434
1715904000,5320.0,5321.75,5318.5,5321.0,4836
1715907600,5321.25,5323.25,5320.75,5322.5,4764
1715911200,5322.5,5322.75,5318.75,5319.25,4777
1715914800,5319.5,5320.0,5318.25,5318.5,2866
1715918400,5318.5,5320.5,5318.0,5320.25,2129
1715922000,5320.25,5321.25,5319.0,5320.75,3609
1715925600,5321.0,5324.0,5320.75,5321.25,6866
1715929200,5321.25,5323.25,5319.25,5319.75,11068
1715932800,5319.75,5320.25,5313.25,5315.75,13729
1715936400,5316.0,5321.5,5315.75,5318.75,11473
1715940000,5319.0,5320.75,5316.5,5320.75,8423
1715943600,5320.75,5324.0,5318.25,5322.0,11502
1715947200,5321.75,5326.0,5320.5,5325.75,22364
1715950800,5325.75,5326.0,5315.75,5320.0,133690
1715954400,5320.0,5325.5,5316.0,5323.75,119718
1715958000,5323.5,5323.75,5315.0,5320.75,106357
1715961600,5320.75,5323.0,5312.75,5320.5,84863
1715965200,5320.5,5321.75,5317.5,5319.75,64658
1715968800,5320.0,5322.25,5305.75,5320.75,151727
1715972400,5321.0,5328.75,5318.75,5327.75,171784
1715976000,5327.5,5328.25,5324.0,5328.25,40500
1716156000,5329.25,5334.25,5329.0,5332.5,5368
1716159600,5332.5,5336.5,5332.5,5335.25,3897
1716163200,5335.5,5336.25,5332.25,5335.0,5840
1716166800,5334.75,5335.5,5333.5,5334.0,4044
1716170400,5334.0,5336.0,5332.75,5335.5,4211
1716174000,5335.75,5336.25,5334.0,5334.25,3120
1716177600,5334.5,5335.5,5333.75,5334.75,2090
1716181200,5335.0,5336.0,5334.5,5335.75,3073
1716184800,5335.5,5335.5,5332.0,5332.25,6341
1716188400,5332.25,5333.25,5330.5,5332.25,9022
1716192000,5332.25,5333.75,5330.25,5332.0,7818
1716195600,5332.0,5333.75,5330.5,5333.5,5662
1716199200,5333.5,5335.0,5332.25,5334.75,4674
1716202800,5334.75,5337.0,5333.0,5336.0,9666
1716206400,5336.0,5337.25,5328.5,5329.75,27587
1716210000,5329.75,5345.0,5326.75,5344.0,135445
1716213600,5344.0,5347.5,5339.5,5345.25,133071
1716217200,5345.0,5348.25,5340.75,5342.5,107010
1716220800,5342.75,5345.0,5339.0,5344.5,84528
1716224400,5344.75,5345.5,5333.0,5334.75,99057
1716228000,5334.75,5336.75,5323.75,5331.0,115482
1716231600,5331.25,5336.25,5327.5,5333.25,160769
1716235200,5333.0,5335.75,5329.5,5331.75,48366
1716242400,5331.75,5333.25,5329.5,5330.25,0
1716246000,5330.5,5331.75,5330.0,5331.5,2031
1716249600,5331.5,5334.25,5331.0,5333.0,4682
1716253200,5333.0,5333.5,5330.25,5331.0,4508
1716256800,5331.0,5332.75,5330.75,5331.5,2941
1716260400,5331.5,5332.75,5331.5,5332.25,2380
1716264000,5332.25,5333.75,5332.25,5333.25,1645
1716267600,5333.5,5334.25,5331.75,5332.5,3325
1716271200,5332.25,5334.0,5331.75,5332.5,4624
1716274800,5332.5,5335.5,5332.0,5333.75,8194
1716278400,5333.75,5334.0,5330.0,5331.5,7222
1716282000,5331.5,5332.5,5329.0,5329.5,6478
1716285600,5329.75,5333.5,5329.75,5333.5,6777
1716289200,5333.5,5334.25,5332.25,5333.0,8760
1716292800,5333.0,5334.0,5326.75,5327.75,23408
1716296400,5327.75,5329.75,5322.5,5327.0,151427
1716300000,5327.0,5337.75,5327.0,5335.25,123044
1716303600,5335.25,5339.25,5330.0,5331.25,104175
1716307200,5331.5,5335.0,5329.5,5331.25,85048
1716310800,5331.0,5339.75,5328.0,5339.25,88723
1716314400,5339.5,5339.75,5333.25,5336.25,79446
1716318000,5336.0,5347.5,5334.25,5346.0,188536
1716321600,5346.0,5346.75,5342.75,5344.0,38980
1716328800,5343.5,5346.75,5343.25,5346.0,0
1716332400,5346.0,5347.25,5346.0,5346.5,1761
1716336000,5346.5,5348.0,5345.75,5346.0,3733
1716339600,5346.25,5348.25,5345.0,5347.75,3773
1716343200,5347.75,5349.25,5346.0,5346.75,3471
1716346800,5346.75,5346.75,5345.5,5345.75,2232
1716350400,5345.75,5346.5,5345.25,5345.5,1450
1716354000,5345.75,5347.25,5345.25,5346.75,2016
1716357600,5347.0,5347.0,5342.0,5343.0,6921
1716361200,5343.0,5343.0,5338.25,5342.25,12361
1716364800,5342.0,5343.25,5338.75,5340.0,7208
1716368400,5340.0,5341.25,5336.75,5337.75,6722
1716372000,5337.75,5339.0,5334.5,5335.75,9729
1716375600,5336.0,5341.25,5334.75,5335.0,15611
1716379200,5335.0,5338.25,5334.25,5337.5,17005
1716382800,5337.25,5343.0,5335.0,5342.5,100475
1716386400,5342.25,5344.0,5339.0,5342.5,102596
1716390000,5342.75,5345.0,5332.5,5338.0,94145
1716393600,5338.0,5342.75,5337.25,5339.75,70588
1716397200,5339.5,5343.5,5325.25,5330.75,125138
1716400800,5331.0,5331.0,5306.75,5316.25,236983
1716404400,5316.5,5329.75,5308.75,5329.25,264490
1716408000,5329.25,5347.0,5310.25,5331.0,111035
1716415200,5339.0,5342.25,5334.0,5337.0,0
1716418800,5337.0,5341.5,5336.5,5341.0,4050
1716422400,5341.25,5342.0,5339.0,5340.0,5813
1716426000,5340.0,5347.0,5338.5,5345.25,8730
1716429600,5345.25,5356.5,5344.25,5356.5,10080
1716433200,5356.5,5361.75,5354.5,5361.25,12761
1716436800,5361.0,5362.75,5360.0,5360.25,4777
1716440400,5360.0,5360.75,5357.0,5357.5,6180
1716444000,5357.5,5358.5,5354.5,5356.25,7501
1716447600,5356.25,5357.5,5353.5,5354.0,14532
1716451200,5354.25,5355.25,5350.5,5352.0,12788
1716454800,5352.0,5356.0,5350.5,5354.75,9228
1716458400,5355.0,5359.25,5354.0,5359.25,12222
1716462000,5359.25,5364.0,5358.5,5363.25,23468
1716465600,5363.0,5368.25,5362.5,5365.0,33939
1716469200,5364.75,5365.25,5322.25,5326.75,303909
1716472800,5326.75,5337.25,5317.0,5317.75,286585
1716476400,5317.75,5342.25,5316.75,5338.0,166605
1716480000,5338.0,5341.5,5322.5,5322.5,140802
1716483600,5322.5,5325.5,5292.5,5294.0,245270
1716487200,5294.0,5295.25,5275.0,5275.75,261203
1716490800,5275.75,5289.25,5273.5,5286.25,305023
1716494400,5286.25,5288.25,5281.75,5286.5,52919
1716501600,5285.75,5288.5,5285.75,5287.25,0
1716505200,5287.5,5291.0,5286.5,5287.75,5248
1716508800,5287.5,5293.25,5286.5,5292.5,7141
1716512400,5292.5,5295.25,5291.75,5294.25,8307
1716516000,5294.25,5296.0,5292.75,5295.0,5681
1716519600,5295.0,5295.5,5292.25,5292.5,3233
1716523200,5292.5,5294.25,5291.75,5293.5,2741
1716526800,5293.25,5293.5,5290.5,5292.25,5160
1716530400,5292.25,5292.5,5286.75,5287.5,9846
1716534000,5287.75,5293.25,5286.0,5292.5,14546
1716537600,5292.75,5299.5,5292.25,5297.75,14413
1716541200,5298.0,5298.75,5295.25,5297.5,10625
1716544800,5297.5,5301.0,5296.5,5299.5,9806
1716548400,5299.75,5302.25,5297.25,5301.75,13448
1716552000,5301.75,5305.25,5294.5,5300.5,35013
1716555600,5300.25,5307.0,5294.75,5298.25,162567
1716559200,5298.0,5317.5,5298.0,5316.75,197580
1716562800,5316.75,5329.25,5315.0,5320.75,185946
1716566400,5320.75,5326.75,5318.75,5318.75,93109
1716570000,5319.0,5325.5,5317.0,5322.25,78464
1716573600,5322.0,5327.75,5317.0,5317.75,88906
1716577200,5317.5,5322.5,5309.25,5321.75,192559
1716580800,5321.75,5323.75,5320.0,5320.75,52391
1716760800,5321.75,5324.25,5321.0,5322.0,2287
1716764400,5321.75,5321.75,5315.25,5315.75,3883
1716768000,5316.0,5317.75,5314.75,5316.75,3454
1716771600,5316.75,5319.0,5315.5,5318.5,3439
1716775200,5318.25,5318.5,5312.75,5316.0,3282
1716778800,5316.25,5317.75,5316.25,5317.0,1233
1716868800,5329.5,5330.75,5328.0,5328.0,2391
1716872400,5328.25,5329.5,5326.75,5329.0,3241
1716876000,5328.75,5331.75,5326.0,5331.0,6342
1716879600,5331.0,5333.5,5326.0,5329.0,12412
1716883200,5328.75,5339.0,5328.25,5337.75,20435
1716886800,5338.0,5338.75,5336.0,5337.0,10017
1716890400,5337.0,5337.25,5324.75,5327.25,18344
1716894000,5327.25,5329.75,5325.0,5328.5,12956
1716897600,5328.5,5331.75,5324.25,5329.0,22773
1716901200,5329.0,5331.25,5317.25,5319.75,160713
1716904800,5319.75,5328.0,5316.0,5325.25,160332
1716908400,5325.25,5327.25,5319.75,5326.5,94034
1716912000,5326.25,5329.25,5322.25,5323.75,85662
1716915600,5324.0,5325.5,5311.0,5313.75,123200
1716919200,5314.0,5319.75,5296.75,5309.0,194736
1716922800,5309.0,5326.0,5306.75,5325.5,235257
1716926400,5325.5,5330.75,5322.25,5324.0,72133
1716933600,5323.75,5324.0,5319.5,5321.75,0
1716937200,5321.5,5322.0,5318.0,5318.75,2726
1716940800,5319.0,5320.0,5312.75,5314.25,8508
1716944400,5314.25,5315.5,5311.75,5314.0,8329
1716948000,5313.75,5314.75,5309.5,5309.5,4939
1716951600,5309.75,5310.0,5305.75,5307.5,6100
1716955200,5307.25,5310.0,5306.5,5309.75,3793
1716958800,5309.75,5310.25,5300.25,5300.75,8320
1716962400,5301.0,5306.5,5298.25,5304.75,11560
1716966000,5304.75,5307.25,5296.25,5297.25,20851
1716969600,5297.25,5302.75,5292.25,5295.75,24031
1716973200,5295.75,5297.0,5289.75,5292.5,16856
1716976800,5292.5,5295.5,5291.0,5292.0,12230
1716980400,5292.0,5296.0,5287.75,5292.5,21251
1716984000,5292.5,5296.75,5284.25,5285.25,37417
1716987600,5285.0,5289.25,5278.75,5287.0,208705
1716991200,5286.75,5298.25,5283.75,5295.5,224610
1716994800,5295.5,5296.0,5285.5,5291.0,129409
1716998400,5291.25,5298.25,5285.0,5296.5,103096
1717002000,5296.25,5297.5,5286.75,5295.25,122677
1717005600,5295.25,5297.0,5285.75,5287.0,102751
1717009200,5287.25,5297.75,5281.5,5287.25,224810
1717012800,5287.5,5289.25,5268.25,5270.0,79195
1717020000,5270.5,5273.75,5265.5,5267.25,0
1717023600,5267.25,5268.0,5262.75,5266.75,7575
1717027200,5266.75,5267.5,5263.5,5264.0,9973
1717030800,5264.0,5266.5,5262.25,5264.25,9149
1717034400,5264.25,5265.75,5258.25,5260.25,8972
1717038000,5260.0,5260.25,5256.0,5258.0,8549
1717041600,5258.25,5258.25,5254.0,5256.25,4940
1717045200,5256.0,5256.0,5250.5,5253.75,9819
1717048800,5254.0,5256.5,5250.75,5251.0,11151
1717052400,5251.0,5260.25,5251.0,5259.0,21957
1717056000,5259.0,5264.0,5257.25,5263.25,17059
1717059600,5263.5,5264.5,5259.5,5261.0,10229
1717063200,5261.0,5265.75,5258.25,5264.5,13110
1717066800,5264.5,5266.0,5262.0,5263.0,17108
1717070400,5262.75,5272.5,5262.0,5268.5,47987
1717074000,5268.5,5274.25,5263.25,5270.25,175786
1717077600,5270.25,5272.75,5254.75,5258.25,247910
1717081200,5258.25,5268.25,5253.0,5261.5,129902
1717084800,5261.5,5272.0,5261.25,5271.5,100086
1717088400,5271.5,5277.0,5269.5,5272.5,84237
1717092000,5272.5,5273.25,5260.75,5265.5,104684
1717095600,5265.5,5267.25,5238.25,5251.5,296562
1717099200,5251.5,5253.0,5243.0,5253.0,63998
1717106400,5250.5,5250.75,5243.0,5245.5,0
1717110000,5245.5,5246.5,5241.75,5243.0,4502
1717113600,5242.75,5245.0,5234.5,5239.25,12716
1717117200,5239.5,5244.5,5239.0,5244.0,9720
1717120800,5244.25,5245.25,5238.5,5239.0,5880
1717124400,5239.0,5247.5,5239.0,5246.0,6914
1717128000,5246.0,5253.0,5242.5,5244.0,3260
1717131600,5244.0,5247.5,5241.0,5241.5,8099
1717135200,5241.25,5246.0,5241.25,5244.25,9273
1717138800,5244.5,5246.75,5239.5,5241.0,17200
1717142400,5241.25,5249.75,5240.25,5244.0,16439
1717146000,5244.0,5244.5,5239.5,5241.5,13735
1717149600,5241.75,5244.0,5230.75,5239.25,20617
1717153200,5239.5,5248.5,5237.25,5247.5,18995
1717156800,5247.5,5272.25,5246.25,5268.25,79926
1717160400,5268.25,5270.25,5251.25,5253.25,211222
1717164000,5253.25,5254.0,5224.0,5230.5,367561
1717167600,5230.5,5231.5,5218.0,5218.75,212516
1717171200,5218.75,5220.0,5205.5,5217.25,193631
1717174800,5217.0,5232.75,5217.0,5231.0,157378
1717178400,5231.0,5240.5,5227.75,5237.0,146876
1717182000,5237.0,5299.5,5232.75,5296.75,586915
1717185600,5296.75,5307.0,5291.0,5299.25,187479
1717365600,5299.5,5304.25,5290.25,5296.75,12954
1717369200,5296.5,5304.0,5295.75,5302.25,9893
1717372800,5302.0,5311.0,5301.75,5307.25,14936
1717376400,5307.25,5309.5,5302.5,5304.75,9241
1717380000,5304.75,5308.75,5304.75,5308.5,5342
1717383600,5308.25,5309.75,5306.0,5307.75,5517
1717387200,5307.5,5311.0,5307.5,5309.5,3166
1717390800,5309.25,5310.5,5306.25,5308.0,5951
1717394400,5308.0,5313.25,5305.75,5309.5,13584
1717398000,5309.5,5311.25,5297.0,5298.25,26054
1717401600,5298.25,5308.0,5295.0,5305.5,25634
1717405200,5305.25,5306.5,5299.0,5302.75,13026
1717408800,5302.75,5304.5,5300.5,5302.0,11380
1717412400,5302.25,5308.75,5301.0,5308.0,19129
1717416000,5307.75,5310.0,5304.75,5306.0,25790
1717419600,5306.0,5313.25,5295.0,5300.5,185855
1717423200,5301.5,5312.5,5278.25,5281.25,319751
1717426800,5281.5,5288.0,5275.0,5282.0,166484
1717430400,5281.75,5285.5,5253.0,5258.75,223283
1717434000,5258.75,5276.75,5246.75,5273.25,196475
1717437600,5273.0,5282.5,5267.5,5278.75,135404
1717441200,5278.75,5300.0,5277.25,5299.25,237728
1717444800,5299.25,5304.0,5297.25,5300.5,68956
1717452000,5300.25,5302.0,5298.25,5300.0,0
1717455600,5300.0,5301.25,5296.5,5296.75,4123
1717459200,5296.75,5303.5,5296.75,5302.25,7981
1717462800,5302.25,5303.0,5298.5,5301.25,6219
1717466400,5301.0,5301.0,5298.25,5299.25,4548
1717470000,5299.5,5300.25,5295.75,5299.25,4562
1717473600,5299.25,5300.5,5297.5,5297.5,3436
1717477200,5297.5,5298.5,5295.75,5298.0,5735
1717480800,5298.25,5298.25,5287.0,5288.25,13979
1717484400,5288.5,5293.0,5282.0,5289.0,24324
1717488000,5289.25,5289.25,5269.25,5270.75,32949
1717491600,5271.0,5272.75,5262.0,5267.25,35941
1717495200,5267.5,5271.5,5263.0,5270.5,19594
1717498800,5270.5,5280.25,5270.25,5279.75,20635
1717502400,5279.75,5282.75,5272.0,5281.75,28814
1717506000,5281.5,5288.5,5277.75,5285.0,165765
1717509600,5285.0,5298.0,5277.75,5279.5,315567
1717513200,5281.0,5286.5,5271.5,5272.5,177293
1717516800,5272.5,5289.75,5269.5,5285.0,144064
1717520400,5285.0,5291.75,5277.0,5288.75,119864
1717524000,5288.5,5312.25,5287.25,5304.25,168890
1717527600,5304.25,5306.0,5286.5,5304.25,281309
1717531200,5304.0,5306.75,5300.5,5304.0,51563
1717538400,5305.0,5308.5,5302.5,5308.5,0
1717542000,5308.25,5312.5,5308.25,5311.5,7209
1717545600,5311.25,5312.25,5309.0,5309.25,6932
1717549200,5309.25,5313.25,5307.25,5311.5,9461
1717552800,5311.5,5314.75,5311.0,5313.0,10103
1717556400,5312.75,5314.75,5312.0,5313.25,4016
1717560000,5313.5,5313.75,5312.5,5313.25,3038
1717563600,5313.0,5314.75,5310.75,5313.25,5608
1717567200,5313.5,5313.75,5308.0,5308.25,11244
1717570800,5308.25,5311.5,5305.5,5308.25,15146
1717574400,5308.25,5312.0,5306.75,5310.25,12829
1717578000,5310.5,5315.75,5310.0,5315.5,13765
1717581600,5315.5,5317.25,5313.25,5315.0,15450
1717585200,5314.75,5321.5,5312.25,5320.25,26393
1717588800,5320.25,5324.75,5315.0,5324.75,41041
1717592400,5324.5,5328.5,5314.75,5320.5,165348
1717596000,5319.75,5331.0,5306.5,5329.25,258399
1717599600,5329.25,5344.5,5329.25,5340.25,161780
1717603200,5340.0,5348.0,5337.25,5346.5,98554
1717606800,5346.25,5352.75,5341.5,5352.75,101141
1717610400,5352.75,5360.0,5350.0,5358.75,88322
1717614000,5358.5,5367.0,5352.0,5366.5,230291
1717617600,5366.5,5368.25,5361.5,5365.75,88541
1717624800,5367.75,5370.5,5364.0,5370.0,0
1717628400,5369.75,5372.75,5369.0,5369.75,3400
1717632000,5369.75,5369.75,5364.25,5368.0,6077
1717635600,5367.75,5372.0,5366.25,5370.75,6469
1717639200,5370.75,5371.75,5369.25,5370.0,3300
1717642800,5370.0,5372.75,5369.75,5369.75,3875
1717646400,5369.75,5369.75,5368.25,5369.0,2059
1717650000,5369.25,5369.25,5365.0,5366.0,5558
1717653600,5366.0,5367.0,5363.0,5366.75,8322
1717657200,5366.75,5368.25,5363.25,5366.25,11814
1717660800,5366.75,5369.75,5364.25,5364.5,12164
1717664400,5364.5,5366.75,5362.5,5364.25,8745
1717668000,5364.25,5366.5,5364.0,5366.0,5752
1717671600,5366.0,5368.0,5365.25,5367.5,8915
1717675200,5367.5,5371.5,5358.5,5366.0,46859
1717678800,5366.0,5373.25,5362.25,5362.5,168063
1717682400,5362.75,5371.0,5362.5,5363.5,181620
1717686000,5363.75,5366.75,5359.5,5360.25,111940
1717689600,5360.25,5361.75,5351.25,5353.25,125243
1717693200,5353.25,5363.5,5351.75,5360.5,101950
1717696800,5360.75,5364.5,5345.25,5362.75,148086
1717700400,5362.75,5366.0,5358.75,5365.5,177819
1717704000,5365.25,5365.5,5359.5,5363.25,0
1717711200,5362.0,5365.0,5361.25,5364.5,3049
1717714800,5364.25,5365.25,5363.25,5364.25,1941
1717718400,5364.25,5365.5,5363.0,5365.25,3552
1717722000,5365.5,5367.75,5364.5,5367.0,4182
1717725600,5366.75,5369.0,5366.25,5368.5,3307
1717729200,5368.5,5368.75,5366.5,5366.75,2566
1717732800,5366.75,5369.5,5366.75,5369.0,1995
1717736400,5369.0,5372.0,5368.75,5370.25,4243
1717740000,5370.25,5371.75,5368.75,5369.5,6676
1717743600,5369.75,5371.75,5365.25,5366.75,9194
1717747200,5366.5,5368.5,5361.75,5363.25,10561
1717750800,5363.25,5365.5,5361.5,5364.0,7802
1717754400,5364.0,5365.0,5360.0,5361.0,7883
1717758000,5361.25,5367.0,5357.25,5365.25,13991
1717761600,5365.25,5380.0,5329.0,5339.75,133597
1717765200,5339.5,5359.5,5337.5,5356.5,214479
1717768800,5356.5,5380.75,5354.75,5369.75,208041
1717772400,5369.75,5371.0,5356.0,5368.5,164006
1717776000,5368.5,5380.5,5364.5,5380.0,123371
1717779600,5380.0,5385.5,5373.75,5375.25,101348
1717783200,5375.25,5375.5,5351.25,5367.25,196867
1717786800,5367.25,5370.75,5353.75,5356.0,231866
1717790400,5356.0,5356.5,5351.0,5353.5,55374
1717970400,5351.5,5360.5,5348.25,5356.75,8182
1717974000,5356.75,5356.75,5352.5,5353.25,3518
1717977600,5353.5,5357.0,5351.75,5354.5,5998
1717981200,5354.5,5355.5,5353.25,5355.5,2765
1717984800,5355.5,5355.75,5353.75,5355.0,2132
1717988400,5355.25,5359.0,5355.25,5356.0,3960
1717992000,5356.0,5357.75,5355.0,5357.25,2122
1717995600,5357.25,5358.25,5355.5,5357.0,3245
1717999200,5357.0,5357.0,5345.5,5346.75,12139
1718002800,5346.75,5351.25,5343.5,5350.25,25806
1718006400,5350.25,5351.25,5342.25,5343.75,16185
1718010000,5343.75,5345.5,5338.25,5343.75,13887
1718013600,5344.0,5351.75,5341.75,5348.25,14710
1718017200,5348.25,5353.75,5347.75,5351.0,13185
1718020800,5350.75,5354.75,5345.25,5346.5,20393
1718024400,5346.25,5348.25,5341.0,5346.5,142626
1718028000,5346.25,5354.5,5345.5,5352.75,137496
1718031600,5352.75,5366.25,5352.5,5361.75,124939
1718035200,5361.75,5367.0,5361.0,5364.0,79006
1718038800,5364.0,5372.75,5357.5,5368.25,126917
1718042400,5368.25,5371.25,5358.25,5365.5,137348
1718046000,5365.5,5375.75,5362.25,5372.5,208220
1718049600,5372.75,5373.5,5365.0,5369.5,43741
1718056800,5369.75,5371.25,5369.0,5369.0,0
1718060400,5369.25,5369.75,5365.0,5366.25,3610
1718064000,5366.25,5366.75,5363.75,5364.25,3720
1718067600,5364.25,5367.25,5363.5,5367.0,4434
1718071200,5366.75,5367.0,5364.25,5365.0,3106
1718074800,5365.0,5366.25,5363.75,5366.0,2367
1718078400,5366.0,5367.25,5365.0,5366.0,1724
1718082000,5366.0,5369.75,5365.5,5369.75,3166
1718085600,5369.5,5374.0,5369.5,5370.0,7319
1718089200,5370.0,5371.25,5366.0,5367.25,10428
1718092800,5367.25,5369.5,5360.0,5360.75,10695
1718096400,5360.75,5363.25,5355.5,5355.5,15768
1718100000,5355.5,5359.5,5352.5,5358.0,15474
1718103600,5358.0,5358.25,5350.0,5355.5,22809
1718107200,5355.5,5359.75,5353.25,5356.0,27880
1718110800,5356.0,5358.75,5334.5,5341.75,222377
1718114400,5341.75,5361.5,5339.75,5361.5,219228
1718118000,5361.25,5362.5,5351.0,5352.75,173270
1718121600,5353.0,5357.25,5350.0,5355.5,91051
1718125200,5355.5,5367.0,5351.5,5366.5,120789
1718128800,5366.5,5381.0,5363.75,5376.5,150558
1718132400,5376.5,5385.25,5370.5,5383.75,200557
1718136000,5384.0,5386.25,5380.5,5383.75,46812
1718143200,5384.5,5385.5,5380.0,5385.5,0
1718146800,5385.25,5387.5,5384.0,5384.75,2932
1718150400,5384.75,5386.0,5381.25,5382.5,3701
1718154000,5382.75,5386.75,5382.5,5385.25,3497
1718157600,5385.25,5386.25,5384.5,5385.5,2302
1718161200,5385.5,5387.5,5385.0,5387.25,2343
1718164800,5387.25,5387.25,5385.5,5386.25,1481
1718168400,5386.0,5390.0,5386.0,5389.5,3842
1718172000,5389.25,5392.0,5386.25,5386.25,7259
1718175600,5386.5,5387.5,5385.0,5387.0,11386
1718179200,5386.75,5390.0,5385.5,5388.5,11029
1718182800,5388.75,5391.75,5387.75,5389.75,8690
1718186400,5389.75,5392.25,5388.25,5391.0,7497
1718190000,5390.75,5392.5,5388.75,5390.75,12795
1718193600,5390.5,5432.0,5387.5,5431.25,136694
1718197200,5431.25,5443.5,5426.0,5440.75,227187
1718200800,5440.5,5453.5,5439.25,5444.75,229912
1718204400,5444.75,5448.0,5439.0,5444.0,144147
1718208000,5444.0,5445.0,5438.0,5442.0,96041
1718211600,5442.0,5447.5,5435.5,5439.25,99106
1718215200,5439.5,5444.0,5422.0,5438.5,302639
1718218800,5438.5,5454.5,5416.25,5426.5,398314
1718222400,5426.5,5439.0,5423.75,5438.5,75084
1718229600,5436.25,5437.5,5433.25,5434.25,0
1718233200,5434.25,5436.75,5432.25,5436.0,3260
1718236800,5436.0,5438.5,5435.5,5437.5,5951
1718240400,5437.5,5439.25,5436.75,5437.5,5232
1718244000,5437.75,5438.0,5435.75,5437.75,3363
1718247600,5438.0,5441.25,5437.75,5441.0,4072
1718251200,5440.75,5441.25,5439.75,5440.5,2623
1718254800,5440.75,5440.75,5435.5,5436.75,4791
1718258400,5436.75,5441.5,5435.25,5441.0,7762
1718262000,5440.75,5443.75,5436.75,5438.25,18135
1718265600,5438.25,5440.5,5433.5,5435.75,16306
1718269200,5435.75,5438.75,5428.0,5429.0,17325
1718272800,5429.25,5433.0,5426.0,5432.5,21251
1718276400,5432.5,5435.75,5431.5,5432.75,18662
1718280000,5432.5,5452.75,5432.5,5442.0,87167
1718283600,5442.0,5445.5,5430.0,5432.75,215072
1718287200,5432.5,5435.5,5417.0,5418.25,270369
1718290800,5418.0,5429.25,5415.25,5424.5,173011
1718294400,5424.5,5424.75,5408.5,5419.75,188053
1718298000,5419.75,5432.25,5418.25,5429.25,123975
1718301600,5429.5,5438.5,5424.75,5437.5,100721
1718305200,5437.25,5445.75,5434.25,5436.25,228587
1718308800,5436.5,5443.0,5434.0,5436.25,71050
1718316000,5436.0,5438.0,5432.0,5436.5,0
1718319600,5436.75,5438.75,5435.0,5438.0,2597
1718323200,5437.75,5439.0,5436.75,5437.25,4166
1718326800,5437.25,5440.0,5437.0,5439.75,3784
1718330400,5439.5,5440.75,5438.75,5440.25,3148
1718334000,5440.25,5441.5,5439.75,5441.5,4702
1718337600,5441.25,5441.25,5439.0,5440.0,2538
1718341200,5440.0,5442.5,5439.5,5442.25,5177
1718344800,5442.25,5443.0,5435.0,5436.0,9809
1718348400,5435.75,5437.5,5429.0,5432.75,24127
1718352000,5433.0,5435.5,5426.25,5426.75,26860
1718355600,5426.75,5428.75,5413.5,5413.5,34016
1718359200,5413.5,5414.25,5402.0,5406.5,59286
1718362800,5406.25,5417.5,5397.75,5410.75,61282
1718366400,5410.75,5418.75,5408.75,5414.75,44122
1718370000,5414.75,5426.25,5412.5,5425.0,219776
1718373600,5424.75,5424.75,5408.5,5422.25,300096
1718377200,5422.0,5428.25,5413.0,5424.25,213073
1718380800,5424.0,5429.25,5419.5,5428.25,159450
1718384400,5428.25,5434.5,5425.75,5428.0,137209
1718388000,5427.75,5433.5,5421.75,5430.75,147532
1718391600,5430.75,5438.5,5428.5,5437.25,189536
1718395200,5437.5,5438.0,5433.5,5435.75,52184
1718575200,5435.5,5439.5,5432.0,5439.25,2664
1718578800,5439.25,5439.75,5436.25,5437.25,1428
1718582400,5437.5,5438.75,5435.75,5436.0,2410
1718586000,5436.0,5436.0,5432.75,5435.25,3315
1718589600,5435.25,5437.0,5434.0,5434.25,2326
1718593200,5434.25,5436.75,5434.25,5435.75,2135
1718596800,5436.0,5437.0,5433.75,5434.0,1584
1718600400,5434.25,5438.25,5433.0,5437.25,2733
1718604000,5437.5,5439.75,5431.75,5438.5,7567
1718607600,5438.5,5443.75,5437.5,5439.5,20879
1718611200,5439.25,5443.5,5430.5,5433.25,31211
1718614800,5433.25,5435.75,5431.75,5434.0,19804
1718618400,5434.0,5435.0,5427.75,5432.5,36930
1718622000,5432.75,5437.5,5432.5,5436.0,25377
1718625600,5436.0,5438.0,5429.0,5432.0,49053
1718629200,5431.75,5433.75,5424.75,5430.0,180315
1718632800,5430.0,5439.0,5427.75,5438.5,232111
1718636400,5438.25,5449.75,5438.25,5446.25,165923
1718640000,5446.0,5468.5,5445.75,5463.25,152396
1718643600,5463.25,5484.5,5463.25,5483.5,165186
1718647200,5483.25,5494.0,5482.75,5487.25,151626
1718650800,5487.0,5493.25,5476.5,5479.75,223926
1718654400,5479.75,5480.25,5475.25,5479.5,31997
1718661600,5480.25,5486.5,5479.25,5483.5,0
1718665200,5483.5,5485.5,5481.5,5485.0,3136
1718668800,5484.5,5485.0,5479.25,5480.0,3965
1718672400,5480.0,5480.0,5474.25,5475.5,3711
1718676000,5475.75,5478.75,5475.5,5478.25,3004
1718679600,5478.5,5480.5,5477.75,5478.25,2850
1718683200,5478.5,5479.25,5476.0,5477.0,2302
1718686800,5476.75,5480.25,5476.0,5480.25,3175
1718690400,5480.25,5481.75,5478.25,5479.75,9841
1718694000,5479.75,5481.5,5475.25,5475.5,16750
1718697600,5475.75,5480.0,5473.5,5477.5,16860
1718701200,5477.5,5483.0,5477.25,5480.0,22626
1718704800,5479.75,5482.75,5476.5,5477.5,16676
1718708400,5477.75,5478.5,5476.25,5477.5,17904
1718712000,5477.75,5485.75,5474.75,5477.0,39194
1718715600,5477.25,5489.75,5474.0,5483.0,105741
1718719200,5483.25,5487.5,5477.0,5478.75,132654
1718722800,5478.5,5486.0,5475.0,5485.75,83628
1718726400,5485.5,5488.5,5479.75,5486.25,61650
1718730000,5486.0,5494.0,5482.25,5488.75,49958
1718733600,5488.75,5489.25,5478.25,5487.75,61064
1718737200,5487.75,5492.75,5481.75,5492.75,78183
1718740800,5492.5,5494.0,5488.75,5493.0,17313
1718748000,5492.75,5498.0,5491.75,5497.5,0
1718751600,5497.0,5497.25,5494.25,5495.5,973
1718755200,5495.5,5495.75,5491.25,5492.25,1138
1718758800,5492.0,5493.5,5491.5,5492.0,929
1718762400,5492.25,5494.25,5492.0,5493.0,572
1718766000,5493.0,5494.0,5491.5,5492.5,493
1718856000,5501.75,5505.5,5501.0,5504.75,895
1718859600,5504.5,5509.5,5504.25,5508.25,2117
1718863200,5508.5,5509.25,5505.5,5505.75,3321
1718866800,5505.75,5514.75,5505.5,5511.25,6776
1718870400,5511.0,5513.0,5508.5,5512.25,7268
1718874000,5512.5,5513.25,5509.5,5512.25,7741
1718877600,5512.75,5514.5,5511.0,5512.5,6183
1718881200,5512.25,5514.75,5508.25,5509.75,7831
1718884800,5509.75,5511.75,5501.5,5502.75,13294
1718888400,5502.75,5508.25,5495.0,5502.75,48502
1718892000,5503.0,5505.25,5491.25,5499.25,58211
1718895600,5499.5,5502.5,5490.5,5490.5,40280
1718899200,5490.5,5493.5,5467.0,5479.5,75902
1718902800,5479.25,5479.25,5458.5,5477.0,55044
1718906400,5477.0,5488.5,5476.25,5478.5,30357
1718910000,5478.5,5484.75,5464.5,5477.0,61161
1718913600,5477.0,5478.25,5471.75,5477.0,16926
1718920800,5477.0,5478.75,5475.75,5477.0,0
1718924400,5477.25,5479.75,5476.0,5479.0,2218
1718928000,5479.0,5479.5,5473.75,5474.75,648
1718931600,5475.25,5476.5,5473.5,5476.0,413
1718935200,5476.75,5479.25,5475.75,5479.0,356
1718938800,5479.0,5480.5,5478.5,5479.25,247
1718942400,5478.75,5481.5,5478.75,5481.5,254
1718946000,5482.0,5483.25,5480.5,5482.5,331
1718949600,5482.0,5483.75,5480.0,5480.5,662
1718953200,5480.0,5480.0,5469.75,5470.75,1318
1718956800,5471.25,5472.75,5460.5,5464.75,1927
1718960400,5465.75,5471.25,5462.75,5469.25,1409
1718964000,5470.0,5472.5,5464.0,5470.5,973
1718967600,5471.25,5476.25,5467.0,5467.0,1418
1718971200,5466.0,5473.5,5463.0,5473.5,6569
1718974800,5473.0,5476.75,5460.75,5464.0,4690
1719000000,5536.5,5536.5,5536.5,5536.5,1228864
1719180000,5538.5,5539.75,5536.5,5537.5,3925
1719183600,5537.5,5539.5,5536.25,5536.75,2800
1719187200,5536.75,5538.25,5535.5,5536.5,3942
1719190800,5536.5,5537.0,5519.75,5526.0,17413
1719194400,5526.0,5528.0,5523.75,5525.0,4503
1719198000,5525.0,5528.75,5524.75,5526.75,3098
1719201600,5527.0,5529.5,5525.5,5529.0,2841
1719205200,5529.0,5534.5,5529.0,5533.75,6117
1719208800,5533.5,5537.0,5533.25,5535.25,8811
1719212400,5535.0,5543.75,5533.75,5542.5,15296
1719216000,5542.5,5546.0,5540.75,5542.5,14096
1719219600,5542.5,5544.0,5534.0,5537.0,11898
1719223200,5536.75,5541.5,5535.75,5540.75,10301
1719226800,5540.75,5542.75,5536.75,5537.5,13526
1719230400,5537.5,5540.0,5531.25,5531.75,24645
1719234000,5532.0,5547.0,5525.75,5545.5,143960
1719237600,5545.25,5558.5,5535.5,5548.75,267561
1719241200,5548.5,5552.5,5544.25,5551.0,122703
1719244800,5550.75,5551.5,5537.25,5539.75,88484
1719248400,5539.75,5541.75,5524.25,5528.0,166139
1719252000,5528.25,5534.5,5522.5,5530.75,119565
1719255600,5530.5,5535.0,5514.5,5514.5,214097
1719259200,5514.5,5517.5,5510.25,5515.75,73197
1719266400,5516.0,5519.0,5515.0,5517.0,0
1719270000,5517.0,5519.5,5516.5,5519.25,2982
1719273600,5519.25,5519.5,5515.25,5515.75,3800
1719277200,5516.0,5519.5,5513.25,5518.75,5667
1719280800,5518.75,5520.0,5518.25,5519.25,3610
1719284400,5519.25,5523.75,5519.25,5523.5,4868
1719288000,5523.5,5524.5,5522.75,5524.25,2520
1719291600,5524.5,5525.5,5523.75,5524.0,3765
1719295200,5524.0,5524.0,5519.25,5520.75,7704
1719298800,5520.75,5521.5,5512.5,5513.5,16523
1719302400,5513.25,5523.25,5511.0,5523.0,19145
1719306000,5523.0,5527.75,5522.0,5527.25,15088
1719309600,5527.5,5528.25,5523.5,5526.5,12380
1719313200,5526.5,5529.25,5521.75,5526.25,25943
1719316800,5526.5,5529.0,5522.5,5526.25,25601
1719320400,5526.25,5530.75,5517.5,5519.0,121713
1719324000,5518.5,5530.25,5517.75,5524.0,154225
1719327600,5524.0,5532.25,5522.5,5530.75,112521
1719331200,5530.75,5531.0,5512.25,5516.5,116953
1719334800,5516.5,5529.0,5511.75,5527.0,94633
1719338400,5527.0,5536.25,5525.25,5531.5,101611
1719342000,5531.5,5539.75,5528.75,5535.25,176341
1719345600,5535.25,5536.25,5531.75,5535.0,41181
1719352800,5535.0,5537.75,5533.5,5536.5,0
1719356400,5536.5,5536.5,5533.75,5534.0,2087
1719360000,5534.25,5538.5,5533.0,5538.0,4451
1719363600,5538.0,5541.0,5537.5,5540.5,5646
1719367200,5540.75,5541.75,5539.5,5540.5,3356
1719370800,5540.5,5542.0,5538.0,5539.75,3556
1719374400,5539.75,5541.75,5538.25,5540.5,3172
1719378000,5540.75,5543.75,5540.5,5543.0,5163
1719381600,5543.0,5545.75,5542.25,5542.5,7471
1719385200,5542.5,5551.25,5540.5,5551.0,19364
1719388800,5551.0,5551.75,5547.75,5548.75,11192
1719392400,5548.5,5549.25,5542.5,5542.5,11417
1719396000,5542.5,5543.5,5537.0,5537.5,14017
1719399600,5537.25,5538.25,5532.25,5536.75,21071
1719403200,5536.75,5536.75,5523.5,5524.5,36958
1719406800,5524.5,5530.25,5518.0,5527.25,145437
1719410400,5527.25,5534.5,5522.25,5528.5,144370
1719414000,5528.25,5541.5,5516.25,5539.75,157305
1719417600,5539.75,5541.0,5529.0,5534.0,101376
1719421200,5534.0,5536.5,5526.25,5534.75,79576
1719424800,5534.75,5537.5,5529.25,5532.0,76717
1719428400,5532.0,5549.0,5527.5,5541.5,184980
1719432000,5541.75,5542.0,5528.75,5533.5,81815
1719439200,5533.0,5536.0,5528.0,5529.5,0
1719442800,5529.25,5529.5,5523.0,5525.25,5268
1719446400,5525.25,5525.25,5515.75,5520.0,8748
1719450000,5520.0,5525.0,5519.5,5524.75,6603
1719453600,5524.75,5527.5,5524.25,5525.0,3718
1719457200,5525.0,5525.75,5522.5,5522.5,2469
1719460800,5522.25,5528.25,5522.0,5528.25,3128
1719464400,5528.25,5531.75,5527.0,5531.25,4377
1719468000,5531.25,5534.5,5531.25,5531.75,7888
1719471600,5532.0,5535.75,5532.0,5532.25,9396
1719475200,5532.25,5533.5,5528.0,5532.0,9867
1719478800,5531.75,5535.75,5530.5,5534.75,7935
1719482400,5534.5,5538.75,5534.25,5537.25,8544
1719486000,5537.25,5537.25,5532.25,5534.25,11170
1719489600,5534.5,5542.75,5532.25,5542.25,34417
1719493200,5542.0,5554.25,5536.5,5546.25,162493
1719496800,5546.25,5555.0,5541.5,5545.25,171708
1719500400,5545.25,5545.75,5531.0,5537.0,165692
1719504000,5536.75,5545.25,5535.25,5540.5,91026
1719507600,5540.5,5548.5,5540.5,5542.0,73581
1719511200,5542.25,5542.25,5530.0,5537.5,142340
1719514800,5537.25,5549.0,5535.75,5548.0,168648
1719518400,5548.0,5551.75,5546.75,5549.5,60105
1719525600,5548.25,5552.75,5547.5,5551.75,0
1719529200,5551.75,5554.75,5551.5,5554.75,2541
1719532800,5555.0,5556.5,5551.75,5552.25,6000
1719536400,5552.0,5561.5,5551.5,5560.75,11001
1719540000,5560.75,5563.5,5560.75,5561.5,5930
1719543600,5561.5,5562.25,5560.25,5561.25,3007
1719547200,5561.0,5561.0,5557.25,5558.25,4612
1719550800,5558.25,5558.75,5555.75,5557.25,4600
1719554400,5557.0,5562.75,5557.0,5560.75,8963
1719558000,5561.0,5563.75,5558.75,5559.5,11157
1719561600,5559.5,5563.5,5556.75,5563.0,11776
1719565200,5563.0,5567.25,5563.0,5565.5,12958
1719568800,5565.5,5566.75,5563.25,5566.5,8629
1719572400,5566.5,5566.5,5563.25,5564.75,13584
1719576000,5564.75,5573.0,5555.0,5556.5,69519
1719579600,5556.75,5563.75,5547.75,5562.0,159060
1719583200,5562.0,5585.0,5562.0,5568.25,282111
1719586800,5568.0,5568.25,5553.5,5558.25,194268
1719590400,5558.0,5559.5,5535.5,5544.0,170306
1719594000,5544.0,5551.0,5539.5,5541.5,102172
1719597600,5541.25,5547.25,5530.75,5532.5,126344
1719601200,5532.5,5536.5,5510.75,5523.25,404542
1719604800,5523.25,5534.25,5523.0,5532.25,99220
1719784800,5534.25,5536.5,5528.5,5534.25,10424
1719788400,5534.0,5534.25,5527.75,5529.25,8965
1719792000,5529.5,5535.5,5526.5,5535.25,8246
1719795600,5535.25,5536.5,5534.25,5536.0,6042
1719799200,5536.0,5538.0,5535.75,5536.5,4799
1719802800,5536.5,5538.25,5535.25,5536.25,4516
1719806400,5536.25,5536.5,5533.0,5534.0,3897
1719810000,5534.0,5539.0,5533.25,5538.5,4759
1719813600,5538.5,5541.0,5537.75,5538.75,9998
1719817200,5539.0,5541.0,5525.5,5528.5,24446
1719820800,5528.5,5535.75,5524.0,5525.5,20430
1719824400,5525.5,5528.5,5521.0,5528.0,16635
1719828000,5527.75,5532.25,5526.5,5531.5,10411
1719831600,5531.25,5536.25,5530.5,5535.5,13112
1719835200,5535.25,5537.75,5530.25,5534.25,25289
1719838800,5534.25,5539.25,5521.0,5528.25,171866
1719842400,5528.75,5534.75,5504.5,5513.0,301556
1719846000,5513.25,5525.0,5508.0,5524.75,155274
1719849600,5524.75,5534.25,5519.5,5531.0,126280
1719853200,5531.0,5533.25,5526.75,5529.75,79156
1719856800,5530.0,5537.5,5525.25,5528.0,94698
1719860400,5528.0,5539.5,5518.5,5534.0,206197
1719864000,5533.75,5535.0,5531.25,5532.0,43462
1719871200,5533.5,5535.0,5530.0,5530.25,0
1719874800,5530.0,5530.5,5527.0,5528.75,3785
1719878400,5529.0,5530.0,5521.0,5524.25,8067
1719882000,5524.5,5526.5,5523.25,5524.75,5924
1719885600,5525.0,5526.0,5519.25,5521.5,5231
1719889200,5521.5,5522.25,5519.0,5521.25,3790
1719892800,5521.5,5524.0,5521.5,5522.75,3182
1719896400,5523.0,5527.5,5521.75,5526.5,4553
1719900000,5526.5,5527.75,5520.0,5521.5,9021
1719903600,5521.5,5521.5,5508.75,5514.5,27731
1719907200,5514.5,5516.25,5508.0,5513.25,16009
1719910800,5513.5,5515.75,5509.0,5511.75,13856
1719914400,5512.0,5515.0,5510.5,5513.0,9708
1719918000,5513.25,5513.75,5502.75,5508.5,23549
1719921600,5508.5,5513.5,5507.0,5511.5,29441
1719925200,5511.25,5535.75,5511.0,5530.5,199703
1719928800,5530.5,5539.0,5523.75,5536.75,207464
1719932400,5536.5,5544.25,5533.5,5535.75,127909
1719936000,5535.5,5539.25,5530.25,5538.75,87845
1719939600,5538.75,5554.0,5538.0,5551.75,118039
1719943200,5552.0,5559.25,5551.5,5555.5,78332
1719946800,5555.5,5569.75,5554.0,5569.5,201182
1719950400,5569.75,5569.75,5560.75,5562.75,53321
1719957600,5563.75,5565.75,5561.0,5565.0,0
1719961200,5565.0,5565.75,5561.0,5562.0,3293
1719964800,5562.25,5566.5,5562.0,5565.0,4624
1719968400,5564.75,5565.0,5561.75,5563.0,5014
1719972000,5562.75,5564.5,5561.25,5563.5,3781
1719975600,5563.5,5565.0,5559.75,5561.25,5534
1719979200,5561.25,5564.25,5561.25,5563.75,2383
1719982800,5563.75,5564.0,5561.75,5563.0,4808
1719986400,5563.25,5566.25,5563.0,5565.0,9013
1719990000,5565.0,5568.25,5563.5,5565.25,11807
1719993600,5565.75,5572.25,5564.0,5569.5,13935
1719997200,5569.25,5571.25,5568.5,5570.25,8434
1720000800,5570.25,5571.5,5568.75,5569.5,8660
1720004400,5569.75,5571.25,5566.25,5568.75,13066
1720008000,5568.5,5569.5,5560.0,5561.25,34661
1720013400,5561.25,5574.0,5560.75,5574.0,111135
1720017000,5574.25,5580.0,5566.75,5575.75,161172
1720020600,5576.0,5582.5,5572.25,5581.0,116748
1720024200,5581.0,5595.75,5580.5,5591.25,178840
1720026000,5591.25,5592.5,5589.25,5590.25,33774
1720044000,5590.25,5590.25,5590.25,5590.25,0
1720047600,5590.25,5590.25,5590.25,5590.25,0
1720152000,5593.0,5595.0,5592.25,5593.75,72792
1720155600,5593.75,5596.25,5592.75,5595.75,4440
1720159200,5595.5,5598.75,5595.25,5596.75,7584
1720162800,5596.75,5598.5,5593.0,5595.25,16178
1720166400,5595.0,5596.25,5590.5,5591.25,11972
1720170000,5591.5,5594.0,5590.5,5591.75,7999
1720173600,5592.0,5594.0,5590.5,5591.0,9992
1720177200,5591.0,5593.0,5588.5,5590.0,15006
1720180800,5590.0,5605.0,5585.0,5591.0,61466
1720184400,5591.25,5600.25,5588.25,5600.25,147894
1720188000,5600.25,5603.25,5585.5,5598.5,190131
1720191600,5598.5,5612.5,5595.5,5610.75,106153
1720195200,5610.75,5612.75,5606.25,5610.5,73880
1720198800,5610.5,5621.0,5608.25,5618.0,79982
1720202400,5618.25,5619.5,5613.5,5618.75,66533
1720206000,5618.5,5626.0,5617.5,5622.25,174735
1720209600,5622.0,5622.25,5615.5,5615.75,63925
1720389600,5612.0,5618.0,5611.0,5615.0,4808
1720393200,5615.0,5616.25,5612.25,5612.75,2752
1720396800,5612.5,5615.0,5611.25,5612.0,5508
1720400400,5612.25,5614.75,5610.75,5613.5,5365
1720404000,5613.5,5615.25,5612.75,5614.5,2608
1720407600,5614.5,5615.25,5613.5,5614.25,1921
1720411200,5614.25,5614.25,5612.5,5612.5,1995
1720414800,5612.5,5613.75,5611.0,5611.0,4158
1720418400,5611.25,5614.5,5610.75,5614.0,7245
1720422000,5614.0,5618.5,5611.75,5618.5,14727
1720425600,5618.25,5621.25,5617.5,5618.75,11708
1720429200,5618.75,5620.5,5617.75,5619.25,8025
1720432800,5619.25,5620.25,5618.25,5618.5,7989
1720436400,5618.75,5623.5,5618.25,5623.5,16570
1720440000,5623.25,5626.75,5622.25,5626.5,18508
1720443600,5626.5,5637.5,5625.75,5635.25,121261
1720447200,5635.25,5635.5,5623.75,5626.75,147822
1720450800,5626.5,5630.0,5621.5,5625.25,100765
1720454400,5625.5,5625.5,5617.25,5622.25,83691
1720458000,5622.25,5628.0,5618.75,5626.5,59697
1720461600,5626.75,5627.0,5615.25,5623.5,74926
1720465200,5623.75,5629.25,5619.25,5627.0,159697
1720468800,5627.25,5629.75,5625.25,5628.5,51709
1720476000,5627.75,5631.25,5626.25,5629.75,0
1720479600,5630.0,5638.75,5630.0,5638.5,7376
1720483200,5638.5,5639.75,5635.5,5635.75,7899
1720486800,5636.0,5638.0,5633.5,5634.0,5685
1720490400,5634.25,5635.75,5632.75,5634.75,3709
1720494000,5634.75,5638.5,5634.75,5638.0,2961
1720497600,5638.25,5639.25,5637.25,5639.0,2871
1720501200,5639.0,5640.0,5637.0,5638.0,4870
1720504800,5638.0,5638.0,5634.25,5636.0,5703
1720508400,5635.75,5638.75,5633.5,5638.0,13258
1720512000,5638.0,5639.5,5636.0,5638.5,9711
1720515600,5638.5,5640.0,5638.0,5638.0,7253
1720519200,5638.25,5639.5,5637.25,5638.25,7984
1720522800,5638.0,5639.0,5635.25,5636.0,12035
1720526400,5636.25,5637.75,5632.75,5635.75,21835
1720530000,5635.5,5642.0,5634.25,5640.0,100757
1720533600,5640.25,5642.75,5630.0,5637.0,190089
1720537200,5636.75,5639.0,5630.75,5638.5,117573
1720540800,5638.75,5641.75,5634.75,5641.0,83944
1720544400,5641.0,5645.75,5631.0,5634.75,120766
1720548000,5634.75,5635.25,5629.5,5632.25,89360
1720551600,5632.25,5634.0,5628.25,5631.75,95787
1720555200,5633.25,5633.75,5630.5,5632.0,95646
1720558800,5632.0,5632.0,5632.0,5632.0,4
1720562400,5631.75,5634.0,5631.5,5633.25,0
1720566000,5633.5,5634.75,5633.5,5633.75,1579
1720569600,5633.5,5636.0,5633.5,5635.75,4080
1720573200,5635.75,5636.5,5633.0,5633.25,4226
1720576800,5633.5,5635.75,5633.25,5635.5,2669
1720580400,5635.5,5635.75,5634.25,5634.5,1661
1720584000,5634.5,5635.5,5633.25,5635.25,1940
1720587600,5635.25,5635.75,5630.75,5630.75,5266
1720591200,5630.75,5634.75,5630.75,5632.75,7761
1720594800,5633.0,5636.0,5632.5,5635.0,10271
1720598400,5635.25,5638.5,5634.5,5638.5,9669
1720602000,5638.5,5639.75,5637.5,5639.5,8055
1720605600,5639.25,5640.75,5638.5,5639.5,8206
1720609200,5639.5,5645.25,5638.5,5644.25,13629
1720612800,5644.25,5646.5,5643.5,5643.75,20574
1720616400,5643.75,5646.5,5640.5,5645.25,113175
1720620000,5646.5,5650.25,5641.5,5643.0,140477
1720623600,5643.0,5652.75,5640.25,5651.5,114240
1720627200,5651.5,5666.5,5651.0,5666.25,123661
1720630800,5666.25,5671.75,5664.0,5671.0,90941
1720634400,5671.25,5675.75,5667.25,5674.25,83494
1720638000,5674.0,5690.5,5670.75,5686.25,256286
1720641600,5686.25,5687.0,5683.0,5684.5,85246
1720648800,5684.25,5686.0,5682.75,5684.5,0
1720652400,5684.25,5684.75,5682.75,5683.5,2444
1720656000,5683.5,5683.75,5680.0,5680.5,6815
1720659600,5680.5,5684.25,5679.0,5683.5,4942
1720663200,5683.5,5684.5,5682.5,5682.75,2466
1720666800,5682.75,5685.25,5681.75,5684.75,2921
1720670400,5685.0,5685.0,5684.0,5684.5,1604
1720674000,5684.5,5686.75,5683.25,5683.5,4174
1720677600,5683.5,5685.75,5683.5,5684.75,6332
1720681200,5684.75,5685.25,5681.75,5684.5,10023
1720684800,5684.5,5685.75,5682.5,5683.25,10286
1720688400,5683.25,5683.5,5681.75,5682.5,7423
1720692000,5682.75,5683.25,5680.25,5681.25,9286
1720695600,5681.25,5682.25,5679.75,5680.0,10524
1720699200,5679.75,5707.75,5677.25,5684.5,123546
1720702800,5684.5,5692.25,5680.5,5692.0,177594
1720706400,5692.25,5695.75,5656.0,5657.0,334514
1720710000,5657.0,5664.75,5636.0,5639.5,313096
1720713600,5639.5,5649.75,5633.5,5635.25,218516
1720717200,5635.25,5643.25,5630.0,5631.0,154820
1720720800,5631.0,5645.0,5630.0,5643.5,143067
1720724400,5643.5,5647.75,5635.75,5636.5,274950
1720728000,5636.25,5642.0,5632.75,5640.0,71276
1720735200,5638.5,5642.0,5634.75,5640.75,0
1720738800,5641.0,5644.0,5635.25,5637.25,5654
1720742400,5637.5,5644.0,5636.0,5640.25,6568
1720746000,5640.0,5641.75,5638.5,5640.0,4226
1720749600,5640.0,5641.25,5637.5,5639.0,3571
1720753200,5639.25,5640.5,5637.75,5639.75,2738
1720756800,5640.0,5641.0,5636.5,5637.25,3807
1720760400,5637.5,5641.5,5634.25,5641.0,6284
1720764000,5641.25,5643.25,5639.75,5641.25,7232
1720767600,5641.25,5643.0,5637.0,5640.25,9874
1720771200,5640.25,5645.0,5640.25,5644.75,11879
1720774800,5644.75,5646.0,5641.25,5644.25,8736
1720778400,5644.25,5646.0,5638.5,5641.25,12445
1720782000,5641.5,5643.5,5637.25,5642.75,12787
1720785600,5642.5,5646.75,5621.25,5644.75,61715
1720789200,5644.75,5660.75,5640.5,5658.75,184473
1720792800,5659.0,5684.5,5656.0,5682.5,241002
1720796400,5682.5,5688.5,5677.75,5678.75,149508
1720800000,5678.5,5687.25,5671.75,5687.25,147592
1720803600,5687.25,5708.25,5685.75,5701.75,148144
1720807200,5701.75,5705.75,5697.25,5703.5,114024
1720810800,5703.5,5704.25,5660.0,5670.0,378042
1720814400,5670.0,5674.25,5666.0,5667.5,70067
1720994400,5681.0,5683.25,5665.5,5670.0,14743
1720998000,5670.0,5672.25,5667.0,5672.0,3741
1721001600,5672.25,5675.5,5669.25,5674.25,7098
1721005200,5674.5,5675.75,5673.5,5675.0,4603
1721008800,5675.0,5676.25,5672.75,5674.5,5681
1721012400,5674.25,5676.0,5673.75,5675.0,2968
1721016000,5675.5,5677.25,5674.75,5676.5,2077
1721019600,5676.5,5680.25,5676.0,5679.5,4123
1721023200,5679.25,5681.5,5677.75,5681.25,6883
1721026800,5681.25,5684.25,5680.0,5683.75,14820
1721030400,5684.0,5689.0,5683.75,5688.75,12261
1721034000,5688.75,5690.25,5687.75,5688.5,8124
1721037600,5688.25,5689.5,5686.0,5689.25,7187
1721041200,5689.25,5694.75,5687.25,5688.0,23204
1721044800,5688.25,5690.75,5684.0,5686.25,25774
1721048400,5686.5,5698.0,5683.25,5688.75,205444
1721052000,5688.75,5708.0,5688.75,5706.75,189227
1721055600,5706.75,5718.75,5701.5,5708.0,217522
1721059200,5707.75,5708.0,5691.25,5695.75,211933
1721062800,5695.75,5695.75,5676.75,5680.5,209031
1721066400,5680.5,5695.25,5676.5,5692.75,134401
1721070000,5692.75,5695.75,5666.0,5685.25,267039
1721073600,5685.5,5689.5,5682.25,5683.0,56393
1721080800,5688.75,5694.75,5688.0,5692.5,0
1721084400,5692.5,5694.0,5692.0,5692.25,2393
1721088000,5692.25,5693.0,5689.5,5690.75,4937
1721091600,5690.75,5692.0,5689.0,5690.75,5095
1721095200,5691.0,5693.75,5691.0,5693.5,3461
1721098800,5693.5,5694.5,5691.75,5693.25,2777
1721102400,5692.75,5693.75,5691.75,5692.75,2605
1721106000,5692.75,5694.75,5692.0,5693.75,4639
1721109600,5693.5,5693.5,5687.0,5688.25,6606
1721113200,5688.5,5688.5,5680.0,5680.75,15302
1721116800,5680.75,5686.25,5673.0,5685.0,15235
1721120400,5685.25,5687.25,5682.75,5686.5,9479
1721124000,5686.5,5692.25,5686.5,5689.25,13254
1721127600,5689.5,5692.25,5688.5,5691.5,8922
1721131200,5691.25,5698.25,5684.5,5694.25,37595
1721134800,5694.25,5705.75,5691.25,5700.25,182378
1721138400,5700.25,5706.75,5690.25,5701.75,262872
1721142000,5700.5,5714.25,5697.25,5700.25,184404
1721145600,5700.5,5705.5,5691.5,5704.75,156266
1721149200,5705.0,5705.0,5694.0,5701.5,98918
1721152800,5701.5,5715.5,5695.25,5715.0,133003
1721156400,5715.25,5721.25,5709.25,5717.75,216936
1721160000,5718.0,5718.0,5712.25,5715.5,50127
1721167200,5715.0,5717.75,5714.0,5716.75,0
1721170800,5716.75,5716.75,5711.5,5712.75,3658
1721174400,5713.0,5714.25,5710.5,5711.75,3962
1721178000,5712.0,5712.0,5710.0,5710.5,5000
1721181600,5710.75,5713.25,5710.25,5711.25,2632
1721185200,5711.0,5712.25,5707.0,5709.25,4712
1721188800,5709.5,5709.5,5706.5,5707.5,2744
1721192400,5707.75,5709.0,5703.75,5704.0,6381
1721196000,5704.25,5704.5,5685.75,5692.25,24386
1721199600,5692.25,5692.75,5677.5,5679.0,28051
1721203200,5679.25,5680.75,5668.25,5676.25,36885
1721206800,5676.5,5678.25,5672.0,5676.25,13881
1721210400,5676.25,5678.75,5669.25,5671.25,13756
1721214000,5671.5,5674.5,5655.0,5663.5,38920
1721217600,5663.5,5667.75,5656.75,5658.75,41570
1721221200,5658.75,5672.75,5652.75,5665.75,244034
1721224800,5666.0,5666.25,5646.25,5650.0,360553
1721228400,5650.0,5655.0,5645.0,5651.25,222399
1721232000,5651.5,5652.75,5637.75,5647.0,220270
1721235600,5647.25,5647.25,5633.25,5640.5,157348
1721239200,5640.75,5651.75,5635.75,5642.0,139696
1721242800,5642.0,5650.75,5637.25,5637.25,294819
1721246400,5637.25,5643.5,5631.75,5643.0,99166
1721253600,5644.0,5650.25,5643.0,5649.75,0
1721257200,5649.75,5650.0,5648.0,5649.0,4690
1721260800,5649.0,5653.75,5648.75,5651.75,7087
1721264400,5651.75,5654.5,5650.0,5653.5,6003
1721268000,5653.75,5654.0,5650.75,5652.75,5613
1721271600,5652.75,5653.25,5646.25,5650.5,4428
1721275200,5650.25,5650.75,5647.5,5649.5,3378
1721278800,5649.75,5651.5,5648.25,5651.0,5143
1721282400,5651.0,5664.0,5647.25,5661.5,22718
1721286000,5661.75,5662.0,5640.0,5649.25,26959
1721289600,5649.5,5656.25,5645.75,5656.25,19443
1721293200,5656.25,5656.75,5644.75,5646.5,13842
1721296800,5646.25,5647.25,5638.25,5646.5,16945
1721300400,5646.5,5649.75,5643.75,5649.25,11887
1721304000,5649.25,5656.0,5645.25,5654.75,39500
1721307600,5654.75,5658.25,5643.25,5653.5,201382
1721311200,5653.75,5661.75,5622.5,5635.25,438653
1721314800,5635.5,5638.0,5593.5,5595.75,402988
1721318400,5595.75,5609.25,5590.0,5609.0,235387
1721322000,5609.25,5615.5,5600.5,5602.75,177067
1721325600,5603.0,5603.5,5583.5,5589.75,224925
1721329200,5589.75,5605.0,5570.25,5593.0,467640
1721332800,5593.0,5602.5,5591.25,5594.5,91099
1721340000,5602.5,5606.0,5600.25,5603.75,0
1721343600,5603.75,5605.25,5600.75,5601.75,2722
1721347200,5601.75,5605.5,5599.25,5602.0,7474
1721350800,5602.0,5605.25,5601.0,5603.0,6523
1721354400,5603.25,5604.0,5600.5,5603.25,5276
1721358000,5603.25,5604.25,5601.75,5603.5,3594
1721361600,5602.75,5604.0,5602.0,5603.75,2695
1721365200,5603.75,5605.75,5602.0,5605.75,2954
1721368800,5605.75,5607.5,5591.5,5593.75,12268
1721372400,5594.0,5595.25,5568.5,5579.0,39999
1721376000,5579.0,5589.75,5574.0,5585.0,25068
1721379600,5585.0,5590.25,5577.75,5587.0,27989
1721383200,5587.0,5598.25,5586.25,5590.25,22684
1721386800,5590.25,5601.5,5589.5,5599.25,18981
1721390400,5599.25,5603.5,5592.75,5602.75,35932
1721394000,5602.75,5604.75,5581.5,5593.25,259749
1721397600,5593.25,5596.75,5570.0,5575.0,283444
1721401200,5575.25,5583.75,5555.25,5574.25,274643
1721404800,5574.0,5578.5,5552.5,5556.75,219445
1721408400,5557.0,5558.0,5542.0,5557.25,201140
1721412000,5557.25,5560.5,5543.5,5554.75,155701
1721415600,5554.75,5568.5,5545.5,5554.0,324121
1721419200,5553.75,5560.25,5547.25,5552.75,79719
1721599200,5564.5,5565.5,5557.25,5564.5,12357
1721602800,5564.5,5574.0,5564.5,5572.0,10636
1721606400,5572.25,5573.0,5564.75,5571.0,10015
1721610000,5571.25,5571.75,5555.75,5556.75,11321
1721613600,5557.0,5560.5,5553.5,5558.75,8969
1721617200,5559.0,5567.75,5558.75,5563.5,7533
1721620800,5563.25,5567.25,5557.5,5566.5,5253
1721624400,5566.75,5567.75,5563.25,5564.75,4532
1721628000,5564.75,5572.0,5560.25,5568.75,10390
1721631600,5569.0,5572.5,5561.5,5571.0,15872
1721635200,5570.75,5576.25,5568.5,5572.0,15386
1721638800,5571.75,5578.5,5570.5,5577.25,13192
1721642400,5577.0,5584.25,5576.0,5584.0,16692
1721646000,5584.5,5585.5,5580.0,5585.25,15254
1721649600,5585.5,5592.25,5584.75,5586.25,32244
1721653200,5586.0,5607.75,5585.75,5590.0,221667
1721656800,5589.75,5607.75,5576.5,5601.0,297767
1721660400,5603.25,5608.25,5572.75,5580.25,276117
1721664000,5580.25,5600.75,5575.25,5598.25,136492
1721667600,5598.5,5612.0,5598.5,5608.5,120491
1721671200,5608.75,5616.0,5604.75,5611.5,100221
1721674800,5611.75,5614.75,5604.75,5609.25,164333
1721678400,5611.75,5612.25,5605.75,5608.25,106188
1721685600,5607.75,5612.5,5606.5,5610.5,0
1721689200,5610.5,5610.5,5604.75,5605.5,6068
1721692800,5605.5,5606.25,5600.0,5601.75,6338
1721696400,5602.0,5607.0,5601.0,5604.25,5762
1721700000,5604.25,5604.75,5600.5,5603.25,3448
1721703600,5603.25,5603.75,5596.25,5599.75,6065
1721707200,5601.25,5603.5,5600.0,5601.75,2380
1721710800,5601.75,5603.75,5597.5,5599.75,4077
1721714400,5600.0,5602.0,5593.25,5600.75,11249
1721718000,5601.0,5601.5,5589.25,5591.5,16361
1721721600,5591.5,5601.0,5587.75,5599.0,12987
1721725200,5599.25,5608.75,5598.75,5606.5,9732
1721728800,5606.75,5614.25,5605.5,5612.0,12640
1721732400,5612.0,5618.25,5611.5,5615.25,16197
1721736000,5615.25,5615.5,5602.5,5609.0,28786
1721739600,5609.0,5620.75,5603.5,5617.5,156288
1721743200,5617.5,5626.5,5604.5,5612.0,236258
1721746800,5613.75,5629.75,5613.5,5624.25,166166
1721750400,5624.5,5626.0,5603.5,5608.0,159405
1721754000,5608.25,5615.75,5604.0,5614.5,115133
1721757600,5614.25,5617.75,5607.0,5613.0,82859
1721761200,5613.25,5615.75,5594.5,5599.0,187177
1721764800,5599.0,5611.25,5593.75,5602.25,84406
1721772000,5585.0,5585.0,5573.5,5579.75,0
1721775600,5580.0,5580.0,5574.75,5575.0,6940
1721779200,5575.0,5582.75,5575.0,5581.75,6659
1721782800,5581.75,5583.25,5579.0,5579.25,6552
1721786400,5579.5,5580.75,5577.5,5579.0,2740
1721790000,5579.0,5579.75,5574.25,5575.5,2812
1721793600,5575.0,5575.25,5560.25,5563.0,12060
1721797200,5563.0,5571.5,5562.75,5568.75,5387
1721800800,5569.0,5571.5,5558.25,5561.0,14671
1721804400,5561.0,5567.75,5558.0,5559.0,20392
1721808000,5559.25,5563.5,5551.75,5563.0,25207
1721811600,5563.0,5563.25,5554.25,5558.5,12675
1721815200,5558.75,5565.75,5557.5,5558.75,15771
1721818800,5559.0,5564.0,5553.25,5558.75,22577
1721822400,5558.75,5559.25,5543.75,5546.0,47114
1721826000,5546.0,5551.75,5522.75,5526.75,264466
1721829600,5527.0,5528.75,5511.5,5515.25,310623
1721833200,5515.25,5516.0,5500.5,5502.5,206793
1721836800,5502.75,5508.25,5495.25,5497.75,182812
1721840400,5497.75,5509.25,5496.25,5497.75,130338
1721844000,5497.75,5500.75,5476.75,5483.75,197186
1721847600,5483.5,5488.5,5462.0,5471.75,428283
1721851200,5471.75,5484.25,5470.5,5483.0,115160
1721854800,5483.25,5483.25,5483.25,5483.25,1
1721858400,5482.5,5489.25,5481.5,5485.75,0
1721862000,5486.0,5487.75,5483.5,5486.25,4063
1721865600,5472.0,5490.0,5472.0,5488.0,12152
1721869200,5487.75,5489.25,5480.0,5481.5,9024
1721872800,5481.75,5485.25,5473.25,5475.75,11743
1721876400,5475.75,5487.25,5475.5,5485.0,8812
1721880000,5485.0,5485.25,5481.25,5482.5,5690
1721883600,5482.75,5485.0,5477.75,5478.0,6613
1721887200,5478.25,5483.0,5461.5,5479.75,34174
1721890800,5479.75,5482.5,5462.25,5466.75,46266
1721894400,5467.0,5477.0,5451.0,5475.25,61099
1721898000,5475.5,5481.25,5461.25,5463.0,31631
1721901600,5463.0,5465.75,5454.5,5463.75,30011
1721905200,5464.0,5471.25,5457.5,5458.25,31660
1721908800,5458.25,5475.5,5452.25,5475.5,81236
1721912400,5475.5,5475.5,5454.0,5456.75,292758
1721916000,5457.0,5486.5,5432.5,5486.0,548921
1721919600,5486.0,5504.5,5478.5,5497.75,323280
1721923200,5497.75,5524.75,5491.0,5519.5,267268
1721926800,5519.5,5533.25,5499.25,5504.5,214846
1721930400,5504.5,5505.0,5463.25,5466.25,237188
1721934000,5466.0,5495.25,5439.0,5441.5,400735
1721937600,5441.5,5445.25,5433.25,5444.75,127016
1721944800,5446.0,5452.75,5445.25,5446.5,0
1721948400,5446.5,5451.75,5445.5,5451.5,5715
1721952000,5451.25,5458.75,5450.5,5454.75,7595
1721955600,5454.75,5463.5,5454.25,5462.25,7232
1721959200,5462.25,5464.75,5460.0,5460.5,4999
1721962800,5460.5,5463.75,5458.5,5461.25,4368
1721966400,5462.25,5467.25,5462.0,5466.25,4106
1721970000,5466.25,5469.0,5459.75,5460.0,7335
1721973600,5460.25,5468.75,5459.75,5463.0,9552
1721977200,5463.25,5474.75,5461.5,5474.5,22963
1721980800,5474.5,5488.0,5472.25,5487.75,20987
1721984400,5487.5,5487.75,5480.25,5482.0,14947
1721988000,5482.0,5486.75,5479.25,5480.5,10658
1721991600,5480.5,5488.0,5477.0,5488.0,16455
1721995200,5487.75,5492.75,5478.0,5481.25,44233
1721998800,5481.5,5487.0,5470.0,5484.0,210286
1722002400,5484.5,5501.75,5471.75,5489.75,335610
1722006000,5489.75,5505.25,5483.0,5504.0,199526
1722009600,5504.25,5525.0,5503.0,5523.75,178518
1722013200,5523.75,5528.25,5495.75,5505.0,213736
1722016800,5505.25,5510.25,5489.25,5491.5,158394
1722020400,5491.5,5506.5,5482.5,5499.5,348029
1722024000,5499.25,5502.5,5495.75,5499.25,57548
1722204000,5496.5,5511.75,5496.25,5510.75,9609
1722207600,5510.5,5514.75,5509.5,5512.75,5478
1722211200,5512.75,5530.0,5511.25,5524.75,13183
1722214800,5524.75,5527.25,5521.0,5522.25,10058
1722218400,5522.5,5525.75,5521.0,5521.5,5338
1722222000,5521.5,5525.25,5521.25,5523.75,3224
1722225600,5523.25,5525.0,5521.0,5522.25,2402
1722229200,5522.5,5527.0,5522.0,5525.25,4851
1722232800,5525.5,5527.75,5521.25,5526.5,8351
1722236400,5526.25,5526.5,5506.5,5507.75,21504
1722240000,5507.75,5517.0,5505.75,5511.25,15577
1722243600,5511.5,5518.25,5507.5,5518.0,10816
1722247200,5518.0,5522.75,5516.5,5519.5,7857
1722250800,5519.25,5526.5,5517.5,5523.25,14290
1722254400,5523.0,5534.5,5519.75,5522.75,28528
1722258000,5522.75,5522.75,5501.5,5520.75,230352
1722261600,5520.75,5525.0,5497.0,5497.5,291891
1722265200,5497.75,5512.5,5481.0,5510.75,235778
1722268800,5510.75,5522.5,5510.5,5517.25,166294
1722272400,5517.25,5525.25,5504.25,5509.5,137543
1722276000,5509.5,5509.75,5499.5,5506.25,161648
1722279600,5506.25,5515.75,5500.25,5503.0,210328
1722283200,5503.0,5506.0,5500.25,5504.5,48126
1722290400,5504.5,5508.75,5502.0,5504.25,0
1722294000,5504.5,5504.75,5485.75,5488.75,8727
1722297600,5488.5,5494.0,5487.0,5492.75,5740
1722301200,5493.0,5494.25,5481.25,5483.75,9310
1722304800,5484.0,5487.75,5479.5,5485.5,8744
1722308400,5485.5,5490.5,5484.75,5489.5,5296
1722312000,5492.75,5499.5,5492.25,5499.0,5485
1722315600,5499.25,5504.0,5497.25,5503.25,5954
1722319200,5503.0,5504.25,5498.25,5504.25,7875
1722322800,5504.25,5515.75,5504.25,5511.75,14228
1722326400,5512.0,5514.75,5504.5,5511.0,12278
1722330000,5511.25,5514.0,5505.0,5509.75,8249
1722333600,5509.75,5515.25,5508.25,5513.0,7926
1722337200,5513.0,5515.75,5511.5,5512.25,9049
1722340800,5512.25,5515.5,5509.75,5512.25,17944
1722344400,5512.5,5527.5,5511.5,5517.0,180795
1722348000,5517.0,5519.0,5490.5,5492.25,288114
1722351600,5492.25,5493.75,5457.5,5458.25,322159
1722355200,5458.5,5466.0,5441.0,5441.5,220348
1722358800,5441.5,5468.25,5438.0,5466.25,226509
1722362400,5466.25,5480.0,5463.0,5467.75,186976
1722366000,5467.75,5491.0,5460.75,5473.0,299031
1722369600,5472.75,5477.5,5433.0,5452.0,130383
1722376800,5454.75,5474.75,5451.5,5467.5,0
1722380400,5467.5,5482.0,5466.5,5480.5,7315
1722384000,5480.25,5486.25,5475.5,5485.25,9098
1722387600,5485.5,5487.5,5481.0,5485.0,6730
1722391200,5485.0,5493.25,5484.25,5492.5,8647
1722394800,5492.25,5496.5,5490.5,5495.75,6736
1722398400,5493.25,5495.75,5490.75,5494.0,12054
1722402000,5494.25,5514.25,5492.5,5512.5,17204
1722405600,5512.5,5519.5,5507.25,5517.5,22630
1722409200,5517.25,5522.5,5511.75,5522.25,23752
1722412800,5522.0,5528.75,5515.0,5523.75,30151
1722416400,5524.0,5526.5,5520.0,5523.0,13529
1722420000,5522.75,5528.5,5521.5,5527.75,15122
1722423600,5528.0,5529.25,5522.75,5526.25,21809
1722427200,5526.0,5543.75,5524.5,5541.5,49599
1722430800,5541.25,5547.75,5528.75,5540.75,247097
1722434400,5540.5,5566.75,5538.0,5559.25,287993
1722438000,5559.25,5571.0,5556.25,5560.25,158217
1722441600,5560.5,5564.75,5554.25,5555.0,105046
1722445200,5555.25,5563.5,5539.5,5555.75,147616
1722448800,5555.5,5588.5,5547.0,5584.0,225105
1722452400,5584.0,5587.5,5545.5,5556.75,481419
1722456000,5556.5,5582.75,5556.0,5570.25,108759
1722463200,5574.75,5585.0,5572.75,5583.0,0
1722466800,5583.0,5590.0,5581.75,5587.5,8565
1722470400,5587.75,5594.5,5581.25,5582.5,14655
1722474000,5582.5,5586.5,5578.75,5583.5,12409
1722477600,5583.5,5591.5,5580.75,5590.25,8744
1722481200,5590.0,5592.5,5588.25,5592.0,6177
1722484800,5592.0,5593.25,5588.75,5591.0,4939
1722488400,5591.0,5596.5,5587.75,5596.25,6030
1722492000,5596.0,5596.25,5575.75,5576.75,18668
1722495600,5577.0,5586.75,5572.75,5574.75,23588
1722499200,5574.75,5576.0,5558.5,5562.25,35368
1722502800,5562.5,5578.25,5560.75,5576.5,18444
1722506400,5576.5,5581.0,5574.5,5580.25,13084
1722510000,5580.25,5587.0,5576.25,5577.0,24870
1722513600,5577.25,5593.75,5575.25,5587.0,44426
1722517200,5587.0,5600.75,5573.25,5592.5,237591
1722520800,5591.75,5595.75,5524.0,5526.25,448627
1722524400,5526.5,5528.5,5493.0,5498.5,359016
1722528000,5498.75,5515.5,5482.5,5488.25,258182
1722531600,5488.5,5490.75,5455.25,5476.75,267680
1722535200,5476.75,5479.5,5444.75,5450.25,263499
1722538800,5450.25,5485.75,5447.0,5480.75,449303
1722542400,5480.75,5485.5,5450.0,5471.25,127837
1722549600,5464.25,5473.25,5446.0,5452.0,0
1722553200,5451.75,5468.0,5449.25,5461.0,10056
1722556800,5461.0,5464.5,5449.25,5457.5,14998
1722560400,5457.75,5461.75,5451.0,5456.0,10724
1722564000,5456.25,5457.0,5421.0,5435.75,39429
1722567600,5436.0,5444.25,5435.5,5442.5,11864
1722571200,5441.25,5443.0,5435.5,5438.5,7934
1722574800,5438.75,5445.0,5432.25,5436.5,11691
1722578400,5436.75,5439.5,5422.75,5423.25,28568
1722582000,5423.25,5433.0,5412.5,5431.5,44381
1722585600,5431.25,5433.25,5418.5,5431.5,26962
1722589200,5431.25,5432.0,5415.5,5417.0,18764
1722592800,5416.75,5426.0,5409.0,5419.25,29199
1722596400,5419.25,5424.0,5413.5,5416.25,25336
1722600000,5416.25,5434.75,5376.5,5393.0,171467
1722603600,5392.75,5417.25,5386.0,5391.0,384509
1722607200,5388.5,5388.75,5336.25,5338.75,590921
1722610800,5338.75,5374.25,5331.75,5367.75,432059
1722614400,5367.25,5381.75,5351.75,5358.25,306771
1722618000,5358.25,5366.5,5342.25,5348.25,228042
1722621600,5348.0,5370.5,5341.25,5355.0,208541
1722625200,5355.0,5378.5,5351.0,5376.5,405293
1722628800,5376.5,5376.75,5357.0,5359.75,98070
1722808800,5330.0,5345.5,5321.25,5337.25,26434
1722812400,5337.0,5338.25,5313.0,5324.0,26373
1722816000,5324.0,5324.5,5298.25,5304.0,48346
1722819600,5304.0,5306.25,5287.25,5304.0,41281
1722823200,5304.0,5314.5,5295.5,5302.75,25197
1722826800,5303.0,5307.5,5292.0,5292.75,19430
1722830400,5291.75,5296.0,5281.0,5281.25,32561
1722834000,5281.25,5283.0,5205.0,5221.25,74419
1722837600,5221.5,5240.25,5201.0,5227.5,60486
1722841200,5227.0,5258.5,5217.25,5255.75,60606
1722844800,5256.0,5277.75,5238.75,5244.0,55328
1722848400,5243.75,5254.5,5218.0,5244.5,39478
1722852000,5244.0,5245.5,5204.75,5226.75,54496
1722855600,5226.75,5235.0,5185.5,5194.75,85598
1722859200,5194.75,5206.5,5120.0,5151.5,223459
1722862800,5151.5,5220.5,5145.75,5195.25,408534
1722866400,5196.5,5254.0,5189.0,5207.0,480988
1722870000,5207.5,5264.0,5196.75,5247.5,315242
1722873600,5247.5,5279.5,5227.75,5232.75,255882
1722877200,5232.75,5252.25,5226.0,5234.0,188932
1722880800,5234.5,5237.5,5199.75,5200.75,218371
1722884400,5201.0,5223.0,5192.25,5218.75,412180
1722888000,5218.75,5250.75,5213.5,5248.25,127244
1722895200,5250.0,5273.5,5250.0,5261.5,0
1722898800,5261.25,5274.0,5256.75,5273.75,12392
1722902400,5274.0,5286.25,5257.25,5286.25,26378
1722906000,5286.0,5305.5,5275.75,5291.5,24456
1722909600,5291.25,5293.5,5279.75,5286.25,9732
1722913200,5286.0,5302.5,5285.5,5296.75,9924
1722916800,5296.0,5300.5,5286.25,5289.75,7167
1722920400,5289.5,5299.25,5272.5,5291.75,15311
1722924000,5291.75,5297.0,5268.5,5274.25,18742
1722927600,5274.5,5284.0,5262.0,5267.5,28084
1722931200,5267.5,5271.5,5246.75,5256.5,26606
1722934800,5256.5,5256.75,5227.5,5239.0,29681
1722938400,5238.75,5266.5,5232.75,5261.5,28716
1722942000,5261.5,5276.0,5247.75,5258.25,36805
1722945600,5258.75,5260.0,5233.5,5238.0,57743
1722949200,5237.75,5268.25,5221.75,5262.25,248767
1722952800,5262.25,5309.0,5255.0,5297.5,322887
1722956400,5297.25,5303.75,5267.0,5302.5,210078
1722960000,5302.5,5324.0,5298.5,5320.0,149729
1722963600,5320.25,5327.75,5314.25,5327.5,113054
1722967200,5322.5,5342.0,5312.5,5318.5,138840
1722970800,5318.25,5320.5,5262.5,5265.0,416385
1722974400,5265.0,5279.75,5238.25,5249.0,125869
1722981600,5241.5,5262.75,5236.25,5250.5,0
1722985200,5250.75,5255.5,5240.25,5243.5,9791
1722988800,5243.5,5268.75,5242.25,5263.75,17409
1722992400,5264.25,5289.75,5259.25,5288.25,25578
1722996000,5288.0,5304.25,5282.25,5298.0,19141
1722999600,5298.25,5313.5,5297.5,5310.5,16387
1723003200,5314.25,5319.5,5309.0,5314.75,10101
1723006800,5314.5,5316.5,5300.75,5302.75,13757
1723010400,5303.0,5306.25,5283.75,5299.25,17779
1723014000,5299.25,5304.5,5280.0,5289.25,33104
1723017600,5289.5,5318.75,5287.0,5318.75,22470
1723021200,5318.5,5327.5,5314.5,5322.75,22577
1723024800,5322.75,5331.25,5320.75,5329.25,20605
1723028400,5329.25,5334.0,5319.0,5321.75,24565
1723032000,5321.75,5329.0,5317.0,5326.5,31133
1723035600,5326.25,5354.75,5319.0,5353.5,221645
1723039200,5353.25,5359.25,5325.25,5347.5,310080
1723042800,5347.5,5354.5,5313.0,5323.0,197966
1723046400,5323.25,5323.75,5288.75,5292.75,201273
1723050000,5293.0,5296.25,5256.75,5262.5,226778
1723053600,5262.25,5264.25,5230.5,5236.75,228826
1723057200,5236.75,5263.0,5222.25,5226.0,265321
1723060800,5227.0,5233.75,5196.75,5202.0,187501
1723064400,5202.0,5202.25,5202.0,5202.25,61
1723068000,5208.25,5219.0,5202.75,5213.0,0
1723071600,5213.0,5214.25,5182.0,5202.25,27603
1723075200,5202.0,5220.5,5198.25,5210.0,22773
1723078800,5210.25,5224.0,5208.0,5222.25,12984
1723082400,5222.25,5232.5,5222.25,5230.25,14303
1723086000,5230.5,5239.0,5224.75,5226.5,10572
1723089600,5224.75,5234.25,5218.0,5225.75,12401
1723093200,5226.0,5232.25,5213.0,5213.5,11354
1723096800,5213.5,5237.25,5210.5,5234.5,16026
1723100400,5234.25,5235.25,5202.25,5207.25,27827
1723104000,5207.0,5227.0,5205.0,5226.25,18555
1723107600,5226.0,5231.75,5203.0,5210.25,15603
1723111200,5210.0,5226.0,5204.25,5221.5,17105
1723114800,5221.25,5235.75,5216.5,5233.0,21586
1723118400,5233.25,5276.75,5225.5,5265.5,90732
1723122000,5265.75,5292.5,5261.5,5292.25,257410
1723125600,5292.5,5326.75,5288.25,5324.25,290116
1723129200,5324.5,5327.25,5306.0,5318.75,163574
1723132800,5318.75,5332.5,5308.25,5320.25,127682
1723136400,5320.5,5347.25,5309.0,5344.5,142451
1723140000,5344.5,5355.5,5337.25,5343.5,123971
1723143600,5343.5,5352.5,5323.75,5348.5,298287
1723147200,5348.25,5361.0,5347.5,5353.0,90481
1723154400,5348.25,5356.0,5345.5,5351.75,0
1723158000,5351.75,5362.75,5349.25,5357.75,11434
1723161600,5357.5,5357.5,5336.75,5344.75,17085
1723165200,5344.5,5352.75,5343.0,5348.5,9414
1723168800,5348.5,5358.75,5345.0,5357.75,6118
1723172400,5357.75,5358.75,5349.75,5354.75,5355
1723176000,5357.25,5358.0,5328.5,5333.25,11307
1723179600,5334.0,5349.5,5329.0,5346.25,10349
1723183200,5346.5,5353.75,5340.0,5350.0,8317
1723186800,5350.25,5354.25,5342.25,5352.75,16669
1723190400,5352.75,5372.0,5352.25,5369.25,23474
1723194000,5369.5,5371.0,5359.75,5365.25,16184
1723197600,5365.25,5365.5,5352.25,5355.75,11695
1723201200,5356.0,5364.5,5341.0,5348.25,21533
1723204800,5348.5,5348.75,5319.5,5331.25,43860
1723208400,5329.0,5351.0,5324.75,5332.0,174115
1723212000,5331.75,5361.5,5327.5,5355.0,221739
1723215600,5355.0,5366.5,5341.5,5343.75,140224
1723219200,5344.75,5354.5,5337.75,5354.25,100211
1723222800,5354.25,5385.25,5352.75,5366.0,137307
1723226400,5366.25,5370.0,5355.5,5364.0,119986
1723230000,5363.75,5374.0,5358.25,5368.75,192386
1723233600,5368.5,5370.25,5361.75,5365.0,44493
1723413600,5364.25,5375.5,5350.25,5365.5,14839
1723417200,5365.25,5373.0,5362.0,5370.5,5328
1723420800,5370.25,5370.75,5363.0,5364.5,5234
1723424400,5364.5,5370.25,5360.0,5366.0,5404
1723428000,5366.25,5377.5,5365.25,5374.25,4965
1723431600,5374.5,5375.75,5364.5,5368.5,4122
1723435200,5369.0,5373.5,5366.75,5372.5,2440
1723438800,5372.5,5374.75,5370.75,5373.75,2890
1723442400,5373.75,5374.75,5367.0,5370.25,4721
1723446000,5370.5,5382.5,5366.25,5381.75,13460
1723449600,5381.5,5384.0,5371.0,5372.0,7768
1723453200,5371.75,5378.5,5370.75,5375.0,7027
1723456800,5375.0,5381.75,5372.25,5380.5,5536
1723460400,5381.0,5387.5,5378.25,5385.0,11945
1723464000,5384.75,5389.5,5380.25,5382.0,13913
1723467600,5381.75,5384.5,5347.75,5352.5,144509
1723471200,5352.5,5391.5,5350.25,5391.25,175167
1723474800,5391.5,5396.75,5357.25,5387.25,200816
1723478400,5387.25,5390.25,5366.0,5366.5,114128
1723482000,5366.5,5381.25,5356.25,5362.5,113568
1723485600,5362.75,5371.25,5360.75,5370.75,74278
1723489200,5371.0,5372.75,5356.25,5371.5,180884
1723492800,5371.75,5374.0,5365.75,5367.75,51947
1723500000,5372.5,5373.75,5369.0,5370.5,0
1723503600,5370.75,5375.75,5368.75,5372.5,3719
1723507200,5372.5,5378.75,5367.5,5375.5,7373
1723510800,5375.75,5376.25,5368.5,5372.0,5729
1723514400,5372.0,5376.5,5371.75,5376.5,2931
1723518000,5376.5,5380.5,5374.5,5375.5,5797
1723521600,5376.25,5380.75,5375.5,5379.5,2308
1723525200,5379.5,5383.0,5378.25,5381.25,4652
1723528800,5381.25,5388.5,5377.25,5388.5,5784
1723532400,5388.5,5401.75,5387.25,5395.25,17563
1723536000,5395.0,5396.75,5387.25,5390.25,8830
1723539600,5390.0,5396.0,5386.0,5391.25,8132
1723543200,5391.5,5392.0,5370.25,5372.0,17815
1723546800,5372.0,5384.25,5370.5,5384.25,13767
1723550400,5384.25,5409.25,5383.5,5403.25,60494
1723554000,5403.25,5423.0,5394.25,5413.0,163170
1723557600,5415.75,5423.75,5401.5,5422.0,189349
1723561200,5421.75,5431.5,5419.75,5428.5,94045
1723564800,5428.75,5450.25,5425.75,5449.25,116575
1723568400,5449.0,5449.25,5433.25,5446.0,99355
1723572000,5446.0,5453.5,5441.25,5452.75,78719
1723575600,5453.0,5461.25,5445.0,5458.75,219791
1723579200,5458.5,5459.25,5453.0,5455.5,68568
1723586400,5457.5,5459.75,5453.0,5455.75,0
1723590000,5455.5,5459.25,5454.75,5457.75,2810
1723593600,5457.5,5459.0,5453.5,5456.5,5292
1723597200,5456.25,5462.5,5455.0,5461.0,6926
1723600800,5460.75,5461.25,5452.0,5456.25,11693
1723604400,5456.5,5459.5,5456.0,5457.5,4066
1723608000,5458.5,5460.0,5457.75,5458.25,2928
1723611600,5458.25,5462.0,5457.0,5460.75,4036
1723615200,5460.75,5463.75,5458.5,5459.75,6637
1723618800,5460.0,5462.0,5456.75,5457.5,10274
1723622400,5457.25,5460.0,5453.5,5459.25,12976
1723626000,5459.5,5461.0,5458.0,5459.0,7625
1723629600,5459.25,5463.25,5458.0,5460.25,9398
1723633200,5460.5,5461.75,5457.25,5460.5,13744
1723636800,5460.25,5473.75,5448.5,5466.5,84716
1723640400,5466.75,5470.25,5450.5,5452.5,155907
1723644000,5452.75,5462.0,5438.75,5461.0,219678
1723647600,5461.25,5486.0,5459.75,5485.0,136912
1723651200,5485.0,5487.75,5455.75,5469.0,156083
1723654800,5468.75,5474.5,5462.75,5471.0,90748
1723658400,5471.0,5481.5,5464.0,5481.0,79992
1723662000,5480.75,5484.75,5465.5,5475.25,170725
1723665600,5475.25,5485.25,5474.5,5481.5,46019
1723672800,5481.25,5482.75,5476.25,5478.75,0
1723676400,5478.75,5481.5,5472.5,5474.75,4167
1723680000,5474.5,5485.0,5474.5,5483.25,8704
1723683600,5483.5,5486.0,5481.0,5485.25,6997
1723687200,5485.5,5491.75,5484.0,5491.0,8023
1723690800,5491.0,5492.0,5488.25,5490.5,3292
1723694400,5491.0,5491.75,5489.25,5489.75,2517
1723698000,5490.0,5490.0,5483.5,5486.5,5210
1723701600,5486.75,5487.25,5480.0,5486.75,7110
1723705200,5486.75,5492.0,5484.0,5491.25,9150
1723708800,5491.25,5491.75,5478.5,5482.75,10185
1723712400,5482.75,5486.5,5482.0,5485.75,8843
1723716000,5486.0,5487.5,5475.5,5475.75,13027
1723719600,5476.0,5491.25,5471.75,5489.25,23578
1723723200,5489.5,5534.75,5485.0,5527.75,100949
1723726800,5528.25,5540.75,5523.25,5539.75,183607
1723730400,5539.75,5551.0,5526.25,5547.0,211586
1723734000,5547.25,5559.5,5545.75,5554.25,120631
1723737600,5554.0,5565.25,5550.75,5557.5,110721
1723741200,5557.75,5565.0,5552.75,5564.75,88201
1723744800,5564.75,5569.0,5562.25,5567.25,91223
1723748400,5567.0,5571.75,5557.25,5568.75,242156
1723752000,5568.75,5570.75,5563.0,5567.0,82379
1723759200,5568.5,5575.75,5565.5,5573.75,0
1723762800,5573.75,5579.0,5572.25,5574.5,8350
1723766400,5574.5,5574.75,5566.5,5571.25,13443
1723770000,5571.0,5575.25,5568.25,5573.5,10687
1723773600,5573.5,5577.75,5573.0,5574.75,5428
1723777200,5575.0,5577.75,5574.0,5576.75,4646
1723780800,5576.25,5576.5,5572.25,5574.5,3458
1723784400,5574.5,5581.75,5574.25,5580.25,4710
1723788000,5580.25,5583.25,5579.5,5580.75,6528
1723791600,5580.5,5581.5,5572.5,5574.5,14883
1723795200,5574.75,5578.5,5569.5,5573.25,11892
1723798800,5573.25,5576.5,5569.5,5570.5,20748
1723802400,5570.75,5570.75,5559.5,5564.25,23982
1723806000,5564.25,5565.25,5557.25,5557.75,20159
1723809600,5558.0,5560.75,5536.5,5542.5,59392
1723813200,5542.25,5561.75,5541.5,5557.25,172399
1723816800,5558.0,5571.75,5551.75,5557.0,160469
1723820400,5557.0,5571.0,5555.0,5569.25,96685
1723824000,5569.25,5586.25,5567.25,5584.0,95777
1723827600,5584.25,5585.0,5575.75,5581.75,74956
1723831200,5581.75,5583.25,5574.0,5581.75,65299
1723834800,5581.75,5583.25,5571.25,5578.25,141726
1723838400,5578.25,5582.25,5576.5,5580.25,41381
1724018400,5584.0,5593.75,5581.5,5585.0,13152
1724022000,5585.25,5589.5,5581.0,5585.5,7640
1724025600,5585.5,5589.75,5582.25,5587.25,9152
1724029200,5587.25,5587.75,5583.25,5587.5,4972
1724032800,5587.0,5588.75,5585.75,5587.5,3025
1724036400,5587.75,5592.0,5584.25,5585.75,5402
1724040000,5585.75,5586.25,5575.75,5579.25,6491
1724043600,5579.0,5582.0,5574.0,5575.75,7558
1724047200,5575.25,5577.5,5570.75,5571.25,8281
1724050800,5571.5,5578.75,5571.25,5575.0,8612
1724054400,5575.25,5577.5,5565.25,5577.0,12708
1724058000,5577.25,5577.75,5572.0,5576.0,8604
1724061600,5576.0,5581.0,5575.25,5575.75,8487
1724065200,5575.5,5582.0,5575.25,5579.75,7155
1724068800,5580.0,5585.0,5579.75,5583.25,12968
1724072400,5583.25,5590.0,5580.25,5584.75,106116
1724076000,5584.75,5602.25,5573.5,5600.5,163516
1724079600,5600.5,5605.5,5593.25,5597.5,101259
1724083200,5597.75,5610.25,5594.5,5608.5,69210
1724086800,5608.5,5611.0,5604.5,5610.75,53117
1724090400,5610.75,5620.25,5608.75,5617.0,76943
1724094000,5617.0,5631.25,5613.25,5630.75,172257
1724097600,5630.75,5631.75,5624.0,5630.0,65192
1724104800,5629.5,5633.25,5627.0,5630.0,0
1724108400,5630.0,5631.0,5627.75,5628.5,2608
1724112000,5628.75,5630.0,5627.5,5629.5,3314
1724115600,5629.5,5632.0,5625.75,5632.0,4897
1724119200,5632.0,5637.0,5630.75,5636.5,4925
1724122800,5636.25,5636.25,5628.75,5629.5,3584
1724126400,5630.25,5633.25,5629.25,5631.5,2621
1724130000,5631.25,5633.25,5630.25,5632.75,2554
1724133600,5632.5,5636.5,5630.25,5635.25,5209
1724137200,5635.5,5641.25,5633.5,5638.75,10997
1724140800,5638.75,5639.0,5627.0,5633.5,11830
1724144400,5633.0,5636.75,5632.0,5632.75,6318
1724148000,5632.5,5636.75,5630.25,5634.75,6764
1724151600,5634.5,5637.25,5632.0,5634.25,7826
1724155200,5634.25,5636.0,5629.0,5630.5,17563
1724158800,5630.25,5643.75,5625.5,5642.5,114199
1724162400,5642.5,5643.25,5614.25,5618.5,217476
1724166000,5618.75,5628.0,5613.0,5627.5,113939
1724169600,5627.5,5629.0,5614.75,5615.0,101172
1724173200,5615.25,5619.5,5607.75,5617.75,81000
1724176800,5617.75,5632.25,5616.5,5625.25,77938
1724180400,5625.5,5627.0,5618.5,5621.0,133224
1724184000,5621.0,5625.75,5620.0,5620.0,37935
1724191200,5619.5,5622.0,5617.75,5620.0,0
1724194800,5620.25,5622.0,5618.5,5619.75,2689
1724198400,5619.75,5627.0,5619.75,5626.0,4647
1724202000,5626.0,5626.5,5622.5,5623.25,4175
1724205600,5623.25,5625.75,5621.5,5624.75,2772
1724209200,5624.75,5628.75,5624.5,5626.25,3303
1724212800,5626.25,5629.75,5626.0,5629.5,1658
1724216400,5629.5,5630.75,5625.0,5626.25,3727
1724220000,5626.25,5627.0,5622.5,5624.0,4261
1724223600,5623.75,5626.5,5621.75,5623.25,6084
1724227200,5623.5,5626.25,5619.75,5620.0,7405
1724230800,5620.0,5623.5,5619.25,5620.75,6009
1724234400,5621.0,5630.0,5620.5,5629.5,7632
1724238000,5629.25,5631.75,5627.0,5628.75,10411
1724241600,5629.0,5633.75,5627.0,5629.25,14101
1724245200,5629.5,5638.25,5627.5,5637.25,105664
1724248800,5637.25,5655.25,5619.5,5626.25,243224
1724252400,5625.75,5637.25,5619.25,5622.75,121471
1724256000,5622.5,5637.0,5613.5,5635.0,91885
1724259600,5635.25,5639.5,5632.5,5637.5,52554
1724263200,5637.75,5651.0,5635.25,5641.5,118584
1724266800,5641.25,5644.0,5626.0,5640.25,158974
1724270400,5640.0,5644.5,5635.5,5641.5,38859
1724277600,5642.0,5646.25,5640.25,5644.25,0
1724281200,5644.25,5645.5,5642.25,5645.25,2164
1724284800,5645.0,5647.25,5644.0,5644.5,3030
1724288400,5644.5,5645.0,5642.0,5644.0,2395
1724292000,5643.75,5643.75,5634.25,5635.0,5203
1724295600,5635.25,5635.5,5631.5,5633.0,3833
1724299200,5635.25,5636.5,5632.75,5636.5,2615
1724302800,5636.5,5638.5,5636.0,5637.5,2398
1724306400,5637.5,5642.5,5636.5,5642.0,3806
1724310000,5642.0,5645.5,5640.25,5644.0,7296
1724313600,5643.75,5647.0,5641.25,5645.5,5658
1724317200,5645.5,5649.25,5643.75,5644.25,4593
1724320800,5644.25,5650.25,5643.75,5650.0,5477
1724324400,5649.75,5655.0,5649.25,5653.75,11547
1724328000,5653.5,5656.25,5645.5,5655.25,22872
1724331600,5655.25,5665.25,5648.75,5656.0,129041
1724335200,5656.5,5657.75,5634.25,5638.0,175643
1724338800,5638.0,5645.25,5603.25,5610.0,194632
1724342400,5610.0,5633.5,5605.25,5608.75,157811
1724346000,5608.75,5617.0,5584.75,5586.75,155251
1724349600,5588.75,5605.75,5585.0,5592.5,126963
1724353200,5592.75,5604.75,5582.75,5595.0,247687
1724356800,5595.25,5602.25,5590.25,5598.5,61845
1724364000,5597.75,5604.25,5597.75,5603.5,0
1724367600,5603.5,5604.75,5601.5,5604.5,2605
1724371200,5604.75,5607.25,5602.75,5603.75,5613
1724374800,5603.75,5607.5,5603.0,5605.0,4245
1724378400,5605.25,5608.5,5604.0,5607.75,3356
1724382000,5608.0,5612.5,5607.5,5610.0,3428
1724385600,5612.5,5613.75,5611.5,5612.25,2764
1724389200,5612.25,5615.0,5611.75,5612.75,3026
1724392800,5613.0,5614.75,5612.0,5613.25,3978
1724396400,5613.5,5616.25,5610.75,5611.0,7504
1724400000,5611.0,5618.5,5610.0,5618.25,9051
1724403600,5618.5,5620.0,5614.5,5619.5,7699
1724407200,5619.5,5627.75,5618.25,5625.0,11256
1724410800,5624.75,5625.75,5621.25,5624.75,9335
1724414400,5624.75,5629.0,5621.25,5628.5,16351
1724418000,5628.25,5630.25,5618.75,5628.25,104651
1724421600,5628.25,5662.25,5614.25,5636.0,381231
1724425200,5636.0,5656.0,5625.75,5630.5,211924
1724428800,5630.5,5632.25,5603.0,5623.25,174536
1724432400,5623.25,5640.75,5620.0,5634.5,86827
1724436000,5634.75,5642.75,5632.5,5638.5,67021
1724439600,5638.5,5657.75,5632.25,5651.25,187310
1724443200,5651.25,5655.5,5648.5,5650.75,45337
1724623200,5650.5,5659.25,5642.5,5643.0,9634
1724626800,5643.25,5646.75,5640.25,5646.5,6780
1724630400,5646.5,5656.5,5643.75,5655.0,8654
1724634000,5655.0,5659.5,5652.25,5652.75,5970
1724637600,5652.75,5653.75,5649.25,5650.0,3086
1724641200,5649.75,5652.75,5644.25,5645.75,3930
1724644800,5645.75,5649.5,5645.5,5648.5,1756
1724648400,5648.25,5652.25,5646.25,5650.25,3232
1724652000,5650.25,5654.5,5650.25,5650.75,3894
1724655600,5651.0,5659.0,5650.25,5658.25,9009
1724659200,5658.25,5664.5,5656.0,5663.5,7765
1724662800,5663.5,5663.75,5659.25,5662.25,4578
1724666400,5662.25,5663.75,5658.5,5662.25,7164
1724670000,5662.25,5664.25,5652.25,5659.25,12162
1724673600,5659.0,5662.25,5655.0,5661.75,14538
1724677200,5661.5,5669.0,5656.5,5660.0,128487
1724680800,5660.0,5661.75,5631.0,5640.75,206179
1724684400,5640.5,5642.75,5627.0,5629.0,129585
1724688000,5629.0,5646.25,5626.5,5644.5,93959
1724691600,5644.5,5646.5,5621.25,5624.5,107711
1724695200,5624.5,5638.75,5619.75,5638.0,108601
1724698800,5637.75,5638.5,5628.25,5637.25,139566
1724702400,5637.25,5638.0,5627.75,5629.5,43402
1724709600,5630.0,5633.5,5623.25,5626.25,0
1724713200,5626.25,5633.5,5625.75,5632.0,3499
1724716800,5632.0,5636.0,5627.25,5628.5,5943
1724720400,5628.5,5632.25,5626.0,5631.25,4998
1724724000,5631.5,5636.5,5630.5,5634.5,3402
1724727600,5634.5,5636.0,5633.25,5634.75,2030
1724731200,5632.75,5636.5,5632.75,5636.0,1987
1724734800,5636.0,5638.75,5635.75,5638.5,2696
1724738400,5637.0,5639.0,5635.0,5637.5,3254
1724742000,5637.5,5640.0,5633.5,5639.75,7957
1724745600,5639.75,5645.75,5639.25,5641.25,9818
1724749200,5641.25,5645.5,5640.25,5641.25,4572
1724752800,5641.0,5642.0,5627.75,5629.75,9426
1724756400,5629.75,5640.25,5627.5,5635.5,13295
1724760000,5635.75,5635.75,5616.75,5620.75,29893
1724763600,5620.75,5631.25,5611.5,5627.0,153522
1724767200,5627.0,5646.0,5624.25,5645.0,176918
1724770800,5644.75,5649.5,5626.75,5635.5,154895
1724774400,5635.25,5640.5,5627.0,5636.75,77786
1724778000,5636.5,5649.0,5636.5,5648.0,78704
1724781600,5648.0,5649.25,5642.0,5644.5,60824
1724785200,5644.5,5647.25,5640.0,5643.75,129910
1724788800,5644.0,5647.0,5641.25,5643.0,34050
1724796000,5643.75,5645.25,5633.0,5636.0,0
1724799600,5636.0,5639.25,5630.5,5635.75,4581
1724803200,5635.75,5638.75,5634.25,5638.25,3414
1724806800,5638.5,5640.25,5635.0,5639.5,3811
1724810400,5639.25,5643.5,5637.75,5642.25,3142
1724814000,5642.0,5643.0,5641.0,5642.5,1712
1724817600,5642.25,5645.25,5642.25,5644.0,1442
1724821200,5644.0,5644.75,5642.25,5644.25,2160
1724824800,5644.25,5646.5,5643.0,5645.5,3575
1724828400,5645.75,5646.0,5641.75,5645.0,7082
1724832000,5645.0,5650.25,5641.75,5649.5,10212
1724835600,5649.5,5650.5,5646.25,5648.25,5428
1724839200,5648.25,5648.75,5645.5,5646.0,6535
1724842800,5646.0,5646.75,5637.25,5638.75,10306
1724846400,5638.75,5643.0,5636.0,5642.5,18369
1724850000,5642.5,5644.5,5633.75,5638.5,124633
1724853600,5638.25,5640.75,5622.0,5624.25,165634
1724857200,5624.0,5624.25,5604.0,5612.0,204500
1724860800,5612.0,5614.25,5596.0,5613.0,107249
1724864400,5613.0,5616.25,5579.25,5580.75,130327
1724868000,5580.75,5609.25,5577.5,5608.0,143812
1724871600,5607.75,5621.5,5599.0,5611.5,214480
1724875200,5611.5,5616.25,5576.0,5610.25,135076
1724882400,5580.5,5587.0,5561.25,5570.25,0
1724886000,5570.5,5573.5,5567.5,5572.0,5599
1724889600,5572.0,5584.75,5571.5,5582.75,9115
1724893200,5582.75,5584.25,5577.5,5580.25,6273
1724896800,5580.5,5589.25,5579.0,5588.25,4374
1724900400,5588.25,5590.5,5587.25,5589.0,3697
1724904000,5589.5,5592.75,5589.25,5592.5,3355
1724907600,5592.5,5598.5,5590.75,5597.25,6806
1724911200,5597.25,5602.75,5593.75,5602.0,9974
1724914800,5602.0,5611.0,5601.5,5607.75,14102
1724918400,5607.75,5615.75,5605.25,5613.5,19152
1724922000,5613.5,5627.75,5612.75,5625.5,16234
1724925600,5625.75,5629.75,5617.0,5620.0,14071
1724929200,5619.75,5629.5,5615.0,5624.25,18412
1724932800,5624.25,5635.75,5621.0,5625.0,40735
1724936400,5625.0,5639.75,5620.5,5638.25,184447
1724940000,5638.0,5655.0,5628.0,5648.0,225802
1724943600,5647.75,5659.25,5641.75,5651.75,150653
1724947200,5652.0,5663.75,5651.25,5658.25,122206
1724950800,5658.25,5658.25,5646.5,5655.5,99652
1724954400,5655.25,5655.25,5598.0,5611.5,256824
1724958000,5611.5,5626.5,5601.75,5610.25,227097
1724961600,5610.25,5620.75,5609.75,5618.0,56588
1724968800,5618.5,5621.75,5612.0,5615.75,0
1724972400,5615.5,5618.25,5613.75,5615.0,2194
1724976000,5615.0,5619.5,5608.25,5617.75,6716
1724979600,5618.0,5620.75,5614.5,5616.75,4456
1724983200,5616.75,5623.5,5616.25,5623.0,3891
1724986800,5623.0,5623.5,5615.75,5619.75,3376
1724990400,5618.25,5622.0,5616.75,5621.5,2826
1724994000,5621.25,5624.5,5619.0,5620.25,5386
1724997600,5620.75,5625.5,5619.75,5621.5,8632
1725001200,5621.5,5634.5,5620.25,5631.5,13528
1725004800,5631.25,5635.0,5629.5,5632.0,9673
1725008400,5631.75,5633.75,5629.75,5633.75,5248
1725012000,5633.75,5636.75,5626.5,5636.5,8246
1725015600,5636.25,5637.25,5628.5,5632.0,10306
1725019200,5632.25,5639.75,5625.75,5627.5,33499
1725022800,5627.75,5642.75,5625.5,5640.75,146407
1725026400,5640.5,5646.0,5622.25,5623.0,190529
1725030000,5623.0,5628.25,5604.25,5614.5,202319
1725033600,5614.5,5619.75,5594.25,5614.25,156314
1725037200,5614.0,5620.25,5608.75,5611.5,102837
1725040800,5611.75,5632.5,5608.75,5630.0,119232
1725044400,5630.0,5665.0,5624.5,5658.25,337524
1725048000,5658.25,5661.5,5653.25,5655.75,85714
1725228000,5656.25,5660.5,5652.0,5653.25,3993
1725231600,5653.25,5655.5,5652.0,5653.0,2370
1725235200,5653.0,5658.5,5651.75,5656.25,3417
1725238800,5656.25,5660.0,5656.25,5659.5,2959
1725242400,5659.0,5659.0,5653.25,5654.5,3496
1725246000,5654.25,5654.5,5650.0,5653.0,2613
1725336000,5653.0,5653.25,5650.5,5651.5,2206
1725339600,5651.5,5655.5,5651.5,5655.5,4796
1725343200,5655.5,5657.0,5646.75,5655.5,6975
1725346800,5655.25,5666.25,5655.25,5662.25,10852
1725350400,5662.5,5664.5,5639.25,5639.5,17196
1725354000,5639.5,5642.5,5628.0,5629.75,28164
1725357600,5629.75,5636.25,5626.5,5634.25,17873
1725361200,5634.75,5636.0,5627.25,5632.25,18052
1725364800,5632.25,5636.75,5627.75,5628.25,24528
1725368400,5628.0,5633.0,5603.0,5612.25,207888
1725372000,5612.0,5612.0,5572.5,5575.25,295793
1725375600,5575.25,5591.75,5573.25,5577.75,179409
1725379200,5577.75,5587.25,5569.0,5570.5,128815
1725382800,5570.5,5580.5,5564.0,5564.75,118996
1725386400,5564.75,5565.75,5546.5,5548.25,155840
1725390000,5548.0,5553.25,5516.75,5543.25,374003
1725393600,5543.25,5547.0,5532.25,5538.5,84763
1725400800,5538.5,5541.0,5529.5,5534.25,0
1725404400,5534.25,5537.0,5527.75,5532.75,7630
1725408000,5532.5,5538.5,5508.75,5510.75,23666
1725411600,5510.75,5527.25,5507.5,5519.25,23803
1725415200,5519.0,5526.0,5515.25,5518.5,12350
1725418800,5518.5,5522.5,5511.5,5514.75,7987
1725422400,5519.75,5520.5,5510.5,5511.5,6362
1725426000,5511.5,5515.75,5508.25,5510.25,12596
1725429600,5510.25,5519.75,5508.0,5508.0,21007
1725433200,5508.25,5525.75,5506.75,5522.75,32638
1725436800,5522.5,5529.5,5519.0,5522.5,25115
1725440400,5522.5,5530.5,5520.5,5525.5,13631
1725444000,5525.75,5527.5,5517.75,5518.5,14920
1725447600,5518.25,5525.0,5515.5,5519.25,22391
1725451200,5519.5,5529.0,5516.75,5526.75,31364
1725454800,5526.5,5546.5,5520.75,5545.5,204768
1725458400,5545.5,5560.75,5521.0,5560.25,331212
1725462000,5560.25,5565.0,5533.75,5538.75,188344
1725465600,5538.75,5551.5,5531.25,5543.75,127798
1725469200,5543.5,5543.75,5527.25,5530.0,100155
1725472800,5530.25,5538.0,5520.5,5521.0,144803
1725476400,5521.0,5540.0,5515.0,5528.0,266839
1725480000,5528.0,5528.75,5518.25,5527.25,70205
1725487200,5527.5,5532.5,5527.25,5530.25,0
1725490800,5530.25,5530.75,5515.0,5523.25,7144
1725494400,5523.25,5537.75,5522.75,5534.5,10973
1725498000,5534.5,5537.75,5531.5,5534.25,5206
1725501600,5534.25,5535.25,5528.25,5532.25,4953
1725505200,5532.0,5532.75,5520.75,5521.25,8395
1725508800,5523.25,5525.0,5521.0,5523.0,4998
1725512400,5523.0,5530.0,5518.75,5527.0,7905
1725516000,5526.75,5529.75,5518.0,5519.5,9143
1725519600,5519.75,5540.0,5517.0,5539.5,23858
1725523200,5539.25,5539.75,5534.25,5536.25,11256
1725526800,5536.0,5536.25,5523.5,5530.25,14164
1725530400,5530.0,5534.25,5527.25,5533.5,10786
1725534000,5533.25,5537.25,5525.25,5527.0,16534
1725537600,5526.75,5533.75,5512.0,5523.0,69651
1725541200,5523.0,5542.25,5521.5,5539.25,172481
1725544800,5538.5,5557.25,5522.75,5523.0,283927
1725548400,5523.25,5525.0,5492.5,5494.0,272938
1725552000,5494.0,5512.25,5490.0,5506.5,144590
1725555600,5506.5,5526.75,5496.5,5526.25,140864
1725559200,5526.25,5531.25,5518.0,5521.0,133308
1725562800,5521.0,5522.25,5500.0,5515.0,251629
1725566400,5514.75,5523.0,5508.75,5511.5,74399
1725573600,5513.0,5513.75,5506.25,5510.25,0
1725577200,5510.5,5510.75,5505.25,5510.0,3447
1725580800,5510.0,5510.75,5496.0,5496.25,11784
1725584400,5496.5,5507.5,5488.5,5506.5,18669
1725588000,5506.25,5509.5,5505.0,5508.25,5206
1725591600,5508.5,5511.0,5503.5,5505.0,5908
1725595200,5503.5,5508.75,5503.25,5507.75,3572
1725598800,5507.75,5507.75,5495.5,5504.0,6842
1725602400,5504.0,5506.5,5495.0,5497.25,10036
1725606000,5497.5,5497.5,5466.5,5478.75,47328
1725609600,5478.75,5482.75,5470.0,5474.25,27389
1725613200,5474.0,5481.0,5469.0,5479.25,19613
1725616800,5479.25,5480.5,5473.0,5475.5,14807
1725620400,5475.5,5484.5,5475.25,5483.75,24890
1725624000,5483.75,5520.0,5470.0,5513.75,138282
1725627600,5513.75,5532.5,5494.75,5495.25,266395
1725631200,5495.75,5499.25,5432.5,5438.5,419989
1725634800,5438.75,5469.5,5418.5,5421.75,410718
1725638400,5421.75,5428.0,5412.5,5417.0,171802
1725642000,5417.25,5436.0,5414.5,5422.0,142597
1725645600,5422.0,5424.5,5410.25,5420.25,117569
1725649200,5420.5,5434.75,5412.5,5420.5,308408
1725652800,5420.75,5421.0,5394.0,5400.5,99329
1725832800,5410.0,5416.5,5405.25,5413.0,15867
1725836400,5412.75,5420.5,5408.0,5417.75,10103
1725840000,5418.0,5429.0,5417.25,5424.75,14390
1725843600,5424.5,5433.0,5424.5,5430.75,12754
1725847200,5430.5,5433.5,5428.75,5431.75,6897
1725850800,5431.75,5435.75,5431.75,5435.0,7446
1725854400,5435.5,5445.0,5435.25,5441.75,9485
1725858000,5441.75,5442.0,5436.25,5438.5,8877
1725861600,5438.5,5444.0,5437.5,5442.75,9475
1725865200,5443.0,5454.5,5442.5,5454.0,23239
1725868800,5454.0,5454.25,5446.5,5451.75,20254
1725872400,5451.75,5459.0,5450.5,5458.5,20977
1725876000,5458.75,5463.75,5455.0,5457.0,20275
1725879600,5457.0,5464.25,5453.5,5455.75,19764
1725883200,5455.75,5457.5,5447.25,5456.25,24739
1725886800,5456.25,5470.75,5454.0,5468.75,197329
1725890400,5468.75,5479.75,5449.0,5449.0,250586
1725894000,5448.75,5475.75,5442.5,5475.75,163737
1725897600,5478.25,5492.5,5475.75,5490.75,129834
1725901200,5490.75,5493.0,5471.5,5473.25,118425
1725904800,5473.5,5474.25,5457.25,5466.75,149031
1725908400,5466.5,5480.75,5460.0,5479.5,239095
1725912000,5479.5,5490.25,5477.5,5487.5,66828
1725919200,5488.25,5491.5,5483.25,5483.5,0
1725922800,5483.75,5489.5,5483.5,5486.75,6702
1725926400,5486.5,5487.0,5473.75,5481.5,12698
1725930000,5481.25,5483.25,5477.0,5482.75,7406
1725933600,5482.75,5482.75,5475.25,5479.5,4447
1725937200,5479.5,5479.75,5474.25,5476.75,4514
1725940800,5477.75,5478.0,5468.75,5470.0,5115
1725944400,5470.25,5474.75,5468.75,5471.0,8735
1725948000,5471.25,5473.75,5466.5,5472.5,7235
1725951600,5472.75,5485.75,5468.0,5485.0,14610
1725955200,5485.25,5487.75,5474.5,5475.75,12026
1725958800,5475.5,5477.25,5462.5,5474.5,23300
1725962400,5474.5,5482.5,5468.25,5474.75,23135
1725966000,5474.5,5485.0,5474.25,5483.0,19411
1725969600,5483.0,5497.5,5482.25,5495.5,38604
1725973200,5496.25,5501.25,5491.25,5493.5,157519
1725976800,5493.75,5496.0,5470.25,5479.75,248406
1725980400,5480.0,5492.0,5455.5,5456.25,188423
1725984000,5456.25,5473.0,5449.25,5466.25,176116
1725987600,5466.0,5486.5,5464.75,5484.5,128146
1725991200,5484.5,5498.0,5484.5,5496.75,121991
1725994800,5497.0,5504.25,5494.25,5504.25,172795
1725998400,5500.25,5502.25,5495.75,5499.5,92659
1726005600,5499.25,5500.0,5496.75,5499.5,0
1726009200,5499.25,5501.75,5495.0,5497.25,3304
1726012800,5497.5,5498.75,5490.25,5492.25,6226
1726016400,5492.5,5495.0,5478.75,5484.0,19364
1726020000,5484.25,5487.25,5481.25,5485.0,11688
1726023600,5485.0,5486.5,5475.0,5478.0,10780
1726027200,5476.25,5477.75,5473.75,5475.75,5303
1726030800,5475.75,5479.0,5471.0,5478.5,8928
1726034400,5478.25,5489.75,5477.0,5486.75,11234
1726038000,5486.5,5495.25,5486.0,5492.0,14729
1726041600,5491.75,5492.5,5479.75,5481.5,13070
1726045200,5481.5,5490.0,5478.75,5489.0,8146
1726048800,5489.0,5491.25,5484.75,5489.0,13334
1726052400,5489.0,5497.25,5487.25,5496.0,20210
1726056000,5496.0,5498.75,5468.5,5496.75,90481
1726059600,5500.75,5507.5,5458.25,5460.25,267950
1726063200,5460.25,5461.0,5412.0,5424.25,351240
1726066800,5424.25,5464.75,5418.5,5458.0,300875
1726070400,5458.25,5489.0,5456.0,5486.75,242652
1726074000,5486.5,5521.75,5486.5,5513.5,211976
1726077600,5513.25,5541.0,5510.25,5530.25,215005
1726081200,5530.25,5567.5,5525.75,5556.75,286844
1726084800,5556.75,5562.75,5553.75,5557.75,83527
1726092000,5558.0,5558.75,5554.5,5557.25,0
1726095600,5557.0,5558.0,5555.25,5556.75,2866
1726099200,5556.75,5563.0,5555.25,5557.0,9053
1726102800,5556.75,5563.5,5554.5,5561.5,8882
1726106400,5561.25,5566.0,5559.25,5562.5,7479
1726110000,5562.25,5568.25,5560.25,5567.75,5507
1726113600,5567.5,5570.5,5566.5,5570.0,5268
1726117200,5569.75,5572.25,5568.25,5570.25,6682
1726120800,5570.0,5573.75,5566.5,5567.0,9370
1726124400,5567.25,5577.5,5565.25,5566.75,25014
1726128000,5566.75,5573.25,5562.0,5569.25,17691
1726131600,5569.25,5576.5,5567.75,5569.5,11701
1726135200,5569.5,5573.5,5567.25,5569.25,15877
1726138800,5569.0,5573.0,5566.5,5572.5,18801
1726142400,5572.5,5581.5,5562.75,5564.75,54850
1726146000,5564.75,5570.75,5540.25,5550.5,220120
1726149600,5550.75,5575.5,5545.75,5565.25,277939
1726153200,5559.75,5579.25,5554.5,5558.0,195365
1726156800,5558.0,5585.25,5556.25,5584.0,121169
1726160400,5584.25,5606.5,5583.0,5604.5,148697
1726164000,5604.25,5607.0,5578.0,5599.75,183915
1726167600,5600.0,5605.0,5594.0,5603.5,222146
1726171200,5603.5,5603.75,5594.25,5596.5,69704
1726178400,5598.5,5603.5,5597.25,5602.75,0
1726182000,5602.75,5608.5,5602.75,5605.5,5251
1726185600,5605.75,5609.5,5604.0,5606.25,5944
1726189200,5606.5,5607.0,5602.25,5603.25,5348
1726192800,5603.5,5604.0,5599.25,5600.5,3913
1726196400,5600.25,5605.75,5600.25,5605.0,3327
1726200000,5604.0,5605.5,5603.5,5605.0,1596
1726203600,5605.0,5612.75,5604.0,5604.0,5721
1726207200,5604.25,5605.75,5601.75,5604.25,5730
1726210800,5604.0,5614.75,5604.0,5606.5,19186
1726214400,5606.5,5612.0,5603.0,5608.5,14487
1726218000,5608.75,5617.75,5608.0,5613.75,12716
1726221600,5613.75,5616.25,5612.0,5616.0,10128
1726225200,5616.0,5616.5,5608.5,5612.75,15916
1726228800,5612.5,5615.5,5605.0,5612.5,37840
1726232400,5612.75,5623.5,5605.0,5620.25,199787
1726236000,5620.25,5636.75,5610.0,5629.5,278807
1726239600,5629.25,5639.0,5626.0,5637.75,176025
1726243200,5637.5,5640.5,5624.25,5633.0,182534
1726246800,5633.0,5641.5,5632.25,5636.5,141498
1726250400,5636.75,5641.0,5621.75,5625.25,199346
1726254000,5625.0,5634.25,5621.0,5630.25,244805
1726257600,5630.0,5631.75,5625.25,5627.25,53118
1726437600,5622.75,5630.0,5622.5,5626.5,7397
1726441200,5626.5,5634.25,5626.25,5633.0,3222
1726444800,5633.0,5633.5,5629.0,5630.25,3193
1726448400,5630.0,5632.25,5625.75,5631.75,2703
1726452000,5631.75,5632.75,5629.75,5631.25,2194
1726455600,5631.25,5633.25,5629.75,5632.75,1778
1726459200,5633.25,5633.5,5632.0,5632.25,928
1726462800,5632.5,5633.0,5629.5,5631.25,2102
1726466400,5631.0,5631.25,5625.0,5626.25,8382
1726470000,5626.25,5632.5,5625.0,5632.5,15649
1726473600,5632.5,5636.75,5630.75,5635.0,19759
1726477200,5635.0,5637.75,5632.75,5633.0,27792
1726480800,5633.0,5633.0,5626.75,5631.75,23401
1726484400,5631.75,5632.0,5625.25,5627.5,32919
1726488000,5627.5,5629.0,5623.5,5625.0,67472
1726491600,5626.75,5639.25,5618.25,5635.0,213171
1726495200,5635.0,5638.25,5609.25,5617.0,292830
1726498800,5617.25,5625.75,5611.75,5622.75,213229
1726502400,5622.75,5626.0,5613.25,5625.5,152277
1726506000,5625.75,5635.75,5622.0,5635.0,126543
1726509600,5635.25,5637.5,5628.25,5637.25,122364
1726513200,5637.0,5641.5,5630.0,5639.0,170698
1726516800,5639.0,5639.5,5633.25,5633.75,29768
1726524000,5633.25,5639.5,5633.25,5637.0,0
1726527600,5637.5,5639.0,5634.25,5635.0,1263
1726531200,5635.0,5637.0,5630.75,5631.5,2219
1726534800,5631.25,5633.5,5629.0,5633.0,3433
1726538400,5633.0,5634.0,5630.75,5633.25,1540
1726542000,5633.5,5634.0,5630.25,5632.25,1913
1726545600,5632.75,5636.25,5631.75,5636.25,3003
1726549200,5636.0,5639.0,5636.0,5638.25,2979
1726552800,5638.5,5641.25,5637.0,5640.75,4444
1726556400,5640.75,5652.0,5639.75,5648.25,12988
1726560000,5648.5,5653.5,5648.25,5651.75,17432
1726563600,5651.75,5659.75,5651.25,5657.25,15271
1726567200,5657.5,5660.0,5653.5,5654.0,26481
1726570800,5653.5,5664.5,5650.25,5661.75,31170
1726574400,5661.75,5665.5,5656.5,5663.0,45618
1726578000,5662.75,5665.75,5650.25,5654.25,141339
1726581600,5654.5,5675.5,5652.75,5661.25,155966
1726585200,5666.5,5669.25,5657.5,5659.25,97598
1726588800,5659.25,5661.5,5618.75,5627.75,138356
1726592400,5627.75,5640.0,5617.0,5636.0,83585
1726596000,5636.0,5641.0,5622.5,5629.5,77354
1726599600,5629.5,5641.5,5622.75,5640.75,122039
1726603200,5640.75,5645.0,5638.75,5640.0,23820
1726610400,5639.5,5642.5,5639.0,5640.75,0
1726614000,5641.0,5645.0,5639.5,5644.25,786
1726617600,5644.25,5645.0,5641.75,5643.5,1192
1726621200,5643.25,5646.5,5642.5,5645.75,1236
1726624800,5645.75,5646.5,5644.75,5645.5,1195
1726628400,5645.5,5645.5,5640.75,5641.25,1550
1726632000,5642.75,5645.0,5640.0,5641.25,873
1726635600,5641.25,5644.5,5639.75,5644.0,1398
1726639200,5644.0,5649.5,5643.25,5647.0,3438
1726642800,5647.0,5648.75,5640.75,5641.75,8938
1726646400,5641.5,5642.75,5637.25,5642.5,8090
1726650000,5642.5,5647.75,5641.5,5647.75,10277
1726653600,5647.25,5647.75,5645.0,5647.25,8401
1726657200,5647.0,5648.75,5642.75,5643.0,7226
1726660800,5643.25,5650.0,5637.75,5647.75,18475
1726664400,5647.75,5648.75,5633.5,5638.5,53006
1726668000,5638.75,5642.0,5629.75,5636.5,51942
1726671600,5636.5,5640.25,5624.0,5625.0,55742
1726675200,5625.75,5645.5,5622.0,5644.5,29405
1726678800,5644.75,5651.25,5637.0,5639.75,35511
1726682400,5639.75,5696.25,5622.0,5646.0,136221
1726686000,5646.25,5667.0,5613.75,5621.0,103226
1726689600,5621.25,5637.25,5618.75,5630.5,18881
1726696800,5631.5,5643.75,5631.5,5640.0,0
1726700400,5640.25,5660.0,5634.0,5659.25,3421
1726704000,5659.0,5670.5,5644.75,5647.0,9040
1726707600,5647.25,5653.25,5639.5,5653.25,4267
1726711200,5653.0,5674.5,5652.75,5671.0,4441
1726714800,5671.25,5678.0,5666.75,5676.5,3623
1726718400,5675.75,5678.0,5674.0,5676.5,2776
1726722000,5676.75,5679.75,5672.25,5678.25,2707
1726725600,5678.0,5685.75,5674.5,5684.0,4435
1726729200,5684.0,5692.5,5678.25,5692.25,11726
1726732800,5692.5,5698.5,5688.0,5696.75,13277
1726736400,5697.0,5708.5,5695.5,5707.25,8428
1726740000,5707.25,5715.25,5705.75,5713.75,7320
1726743600,5713.25,5719.5,5710.75,5713.75,21639
1726747200,5713.5,5714.75,5706.75,5708.5,15538
1726750800,5706.25,5717.25,5688.5,5703.75,49716
1726754400,5704.0,5727.5,5701.25,5707.25,59526
1726758000,5707.25,5720.0,5702.25,5712.25,37971
1726761600,5712.25,5729.0,5711.25,5723.25,27235
1726765200,5723.25,5737.5,5721.5,5733.25,27670
1726768800,5733.5,5735.75,5717.25,5727.25,34641
1726772400,5727.25,5729.25,5711.5,5717.25,54869
1726776000,5715.25,5717.0,5711.75,5713.0,16504
1726783200,5714.75,5717.25,5709.75,5712.5,0
1726786800,5712.5,5715.25,5709.75,5710.25,214
1726790400,5710.0,5712.0,5705.25,5707.5,889
1726794000,5707.25,5712.5,5706.75,5712.0,704
1726797600,5711.75,5713.75,5706.25,5707.0,442
1726801200,5707.5,5712.25,5706.0,5712.0,495
1726804800,5712.25,5714.0,5710.5,5712.75,366
1726808400,5712.75,5712.75,5707.5,5711.0,474
1726812000,5711.25,5712.25,5708.0,5708.25,984
1726815600,5708.5,5714.0,5706.75,5712.25,1416
1726819200,5713.0,5713.0,5703.75,5706.0,1573
1726822800,5705.25,5710.0,5704.25,5705.25,1345
1726826400,5705.25,5708.0,5701.0,5702.25,1097
1726830000,5702.5,5704.25,5699.25,5704.25,1747
1726833600,5704.0,5714.25,5703.75,5713.25,6596
1726837200,5712.75,5713.5,5701.0,5702.5,0
1726862400,5758.25,5758.25,5758.25,5758.25,1447611
1727042400,5762.0,5764.5,5755.5,5763.0,5651
1727046000,5762.75,5767.75,5760.5,5767.25,3595
1727049600,5767.25,5778.5,5765.75,5777.75,11491
1727053200,5777.75,5781.0,5776.25,5778.0,8823
1727056800,5778.0,5781.0,5776.5,5779.75,5050
1727060400,5779.75,5781.75,5778.5,5779.0,4070
1727064000,5779.0,5781.25,5778.75,5779.75,2465
1727067600,5779.75,5779.75,5774.25,5775.0,4149
1727071200,5775.0,5775.0,5770.0,5770.25,6215
1727074800,5770.5,5770.75,5745.25,5764.5,29394
1727078400,5764.75,5767.75,5758.75,5765.0,17894
1727082000,5765.25,5772.25,5760.25,5771.5,10110
1727085600,5771.5,5773.75,5769.25,5769.75,7635
1727089200,5769.5,5773.25,5763.75,5772.25,10589
1727092800,5772.0,5775.5,5767.0,5774.25,20077
1727096400,5774.0,5777.5,5763.5,5769.0,124482
1727100000,5768.75,5784.5,5765.0,5779.0,170558
1727103600,5777.75,5782.5,5768.0,5776.75,130430
1727107200,5776.75,5777.5,5763.0,5766.25,112767
1727110800,5766.25,5773.75,5761.0,5773.0,93121
1727114400,5772.75,5775.25,5768.0,5774.5,65545
1727118000,5774.5,5779.5,5770.25,5776.25,135792
1727121600,5776.25,5778.25,5773.0,5774.75,33657
1727128800,5774.0,5775.0,5770.0,5770.75,0
1727132400,5770.75,5774.0,5769.5,5772.75,2768
1727136000,5772.75,5774.5,5767.0,5770.0,5231
1727139600,5770.25,5777.5,5767.0,5768.5,11114
1727143200,5768.5,5769.25,5763.75,5767.5,6778
1727146800,5767.25,5769.25,5765.25,5768.0,4170
1727150400,5768.5,5773.5,5767.5,5773.5,4135
1727154000,5773.5,5779.5,5773.5,5778.25,6519
1727157600,5778.25,5786.75,5776.75,5785.0,8720
1727161200,5785.0,5789.0,5778.25,5788.75,12584
1727164800,5788.5,5793.5,5785.75,5792.25,11864
1727168400,5792.25,5792.25,5784.5,5786.25,8915
1727172000,5786.25,5790.0,5780.25,5780.5,10050
1727175600,5781.0,5785.5,5769.25,5780.25,28067
1727179200,5780.5,5784.0,5776.5,5781.75,22992
1727182800,5783.0,5787.75,5771.25,5772.5,104846
1727186400,5772.75,5776.25,5754.75,5774.0,253672
1727190000,5773.75,5790.5,5772.5,5785.25,150949
1727193600,5785.5,5791.25,5781.75,5783.75,84882
1727197200,5783.75,5789.5,5782.0,5784.0,69857
1727200800,5784.0,5786.5,5773.5,5784.0,96697
1727204400,5784.0,5794.25,5783.0,5792.75,158794
1727208000,5792.75,5793.75,5788.5,5792.75,46914
1727215200,5792.25,5794.5,5790.75,5792.75,0
1727218800,5792.75,5794.5,5791.5,5792.0,3263
1727222400,5792.0,5792.75,5784.5,5785.25,7353
1727226000,5785.25,5787.25,5780.25,5781.75,8400
1727229600,5781.75,5784.0,5780.5,5781.0,4142
1727233200,5781.0,5785.75,5779.25,5782.75,5146
1727236800,5783.5,5785.25,5782.5,5783.25,2904
1727240400,5783.0,5785.75,5776.0,5778.25,7650
1727244000,5778.25,5779.5,5773.5,5774.0,9594
1727247600,5774.25,5784.25,5774.25,5783.5,10800
1727251200,5783.25,5785.0,5780.5,5782.75,8996
1727254800,5782.5,5785.25,5779.25,5784.25,6901
1727258400,5784.25,5791.0,5784.25,5790.75,10035
1727262000,5791.0,5792.5,5786.5,5789.75,11115
1727265600,5790.25,5791.5,5787.0,5790.0,13437
1727269200,5790.0,5798.0,5788.0,5794.5,131865
1727272800,5794.5,5798.75,5785.0,5791.25,147164
1727276400,5791.5,5793.5,5782.5,5787.0,106758
1727280000,5786.75,5787.5,5778.25,5779.0,91536
1727283600,5779.0,5782.5,5768.0,5782.0,117544
1727287200,5782.0,5783.0,5769.0,5779.5,81280
1727290800,5779.75,5782.0,5772.5,5779.5,133850
1727294400,5779.5,5784.5,5778.0,5783.25,51057
1727301600,5783.5,5785.75,5780.75,5784.0,0
1727305200,5784.0,5790.75,5782.75,5789.0,5243
1727308800,5789.0,5796.5,5788.75,5794.25,10516
1727312400,5794.0,5799.25,5793.0,5797.75,6864
1727316000,5797.75,5799.75,5796.75,5799.25,5704
1727319600,5799.25,5806.75,5799.25,5805.25,8774
1727323200,5805.5,5807.5,5805.25,5807.25,5162
1727326800,5807.5,5816.5,5805.0,5815.25,13219
1727330400,5815.25,5823.0,5815.0,5820.75,18881
1727334000,5821.0,5826.75,5818.0,5825.5,18307
1727337600,5825.5,5828.0,5822.25,5825.0,17529
1727341200,5825.0,5826.5,5822.0,5824.0,10555
1727344800,5823.75,5828.25,5822.5,5828.0,9102
1727348400,5828.5,5828.5,5822.5,5823.25,16211
1727352000,5823.5,5828.5,5819.5,5826.25,38512
1727355600,5826.25,5830.0,5811.25,5815.75,168403
1727359200,5815.5,5821.75,5790.0,5792.0,256624
1727362800,5792.25,5805.5,5788.5,5803.75,165690
1727366400,5803.75,5804.0,5787.75,5790.25,110838
1727370000,5790.0,5797.25,5778.25,5795.0,114745
1727373600,5795.25,5807.0,5795.25,5802.0,92055
1727377200,5802.25,5808.25,5798.0,5803.25,143569
1727380800,5803.25,5806.25,5802.0,5803.75,36318
1727388000,5804.25,5812.0,5803.75,5808.5,0
1727391600,5808.5,5809.5,5802.5,5805.0,4698
1727395200,5805.25,5806.0,5799.0,5804.5,8894
1727398800,5804.5,5805.5,5797.0,5797.5,9586
1727402400,5797.75,5800.0,5796.0,5798.5,7048
1727406000,5798.25,5802.75,5796.5,5802.0,5152
1727409600,5804.5,5808.25,5802.5,5807.25,5240
1727413200,5807.25,5809.0,5798.5,5804.75,10116
1727416800,5804.75,5807.5,5795.0,5796.25,14451
1727420400,5796.25,5801.0,5790.75,5791.0,22047
1727424000,5791.0,5803.0,5790.75,5798.0,14914
1727427600,5797.75,5803.75,5795.5,5800.25,10248
1727431200,5800.25,5803.5,5797.0,5797.25,7641
1727434800,5797.25,5805.0,5797.0,5804.75,9027
1727438400,5804.5,5817.0,5803.75,5813.25,38520
1727442000,5813.25,5814.75,5805.5,5809.0,134569
1727445600,5808.5,5821.5,5805.0,5816.25,176589
1727449200,5816.25,5816.5,5802.0,5802.5,119730
1727452800,5802.25,5804.5,5796.5,5799.75,102901
1727456400,5799.5,5804.75,5793.0,5802.25,83411
1727460000,5802.25,5804.5,5782.0,5800.5,161364
1727463600,5800.25,5801.25,5790.0,5791.25,180164
1727467200,5791.0,5792.25,5785.25,5786.75,50732
1727647200,5784.0,5793.75,5779.0,5793.75,9424
1727650800,5793.75,5801.75,5792.75,5800.0,6679
1727654400,5800.0,5802.75,5797.25,5798.0,8886
1727658000,5798.0,5798.0,5787.25,5790.0,13338
1727661600,5790.0,5792.0,5785.5,5791.5,6768
1727665200,5791.75,5796.0,5791.5,5795.5,5460
1727668800,5795.25,5796.25,5791.5,5792.75,3521
1727672400,5792.75,5793.25,5786.75,5788.0,6366
1727676000,5788.0,5790.25,5782.75,5786.75,10642
1727679600,5786.5,5796.75,5785.25,5793.0,13709
1727683200,5792.5,5793.25,5785.25,5789.0,12698
1727686800,5789.0,5791.0,5783.0,5789.25,8139
1727690400,5789.25,5791.0,5783.5,5785.25,9348
1727694000,5785.5,5785.75,5774.25,5776.0,21540
1727697600,5776.25,5780.25,5775.25,5778.5,17693
1727701200,5778.75,5789.5,5776.75,5782.5,123533
1727704800,5782.5,5792.5,5778.5,5788.75,140788
1727708400,5788.75,5794.5,5783.25,5792.25,95379
1727712000,5792.0,5798.75,5791.25,5792.0,82267
1727715600,5792.0,5793.5,5785.25,5792.25,80037
1727719200,5792.25,5792.5,5756.25,5781.75,244929
1727722800,5781.75,5820.25,5775.25,5816.25,337167
1727726400,5816.25,5816.25,5805.5,5806.25,94894
1727733600,5807.0,5809.0,5801.5,5807.0,0
1727737200,5806.75,5809.0,5803.75,5808.25,2845
1727740800,5808.5,5815.0,5804.25,5813.0,7556
1727744400,5813.0,5822.5,5812.75,5821.5,8803
1727748000,5821.5,5822.5,5815.5,5817.0,5027
1727751600,5817.0,5817.25,5813.0,5815.0,4616
1727755200,5814.75,5815.0,5810.75,5811.25,3945
1727758800,5811.25,5813.5,5807.0,5810.25,5365
1727762400,5810.25,5815.5,5808.5,5812.75,6961
1727766000,5813.0,5813.75,5800.75,5812.75,16954
1727769600,5812.75,5813.75,5806.25,5808.5,9414
1727773200,5808.25,5810.5,5804.75,5809.5,7380
1727776800,5809.25,5817.5,5808.25,5817.0,9337
1727780400,5816.75,5819.25,5808.25,5810.75,12556
1727784000,5810.75,5814.0,5807.0,5811.0,14164
1727787600,5810.75,5812.25,5758.5,5768.5,289518
1727791200,5768.5,5777.0,5742.75,5753.75,362244
1727794800,5754.0,5768.25,5734.25,5757.0,232578
1727798400,5757.0,5769.75,5739.0,5757.75,221200
1727802000,5757.75,5767.75,5735.75,5767.25,192674
1727805600,5767.25,5783.75,5766.75,5778.25,162316
1727809200,5778.0,5779.25,5757.5,5760.25,202172
1727812800,5760.5,5767.25,5757.25,5758.25,68955
1727820000,5760.25,5763.5,5745.0,5749.0,0
1727823600,5748.75,5754.25,5742.5,5750.75,8729
1727827200,5751.0,5759.75,5749.5,5755.25,10654
1727830800,5755.5,5762.75,5754.0,5761.25,6936
1727834400,5761.5,5763.5,5755.0,5757.5,5765
1727838000,5757.25,5761.5,5752.25,5759.75,6018
1727841600,5759.5,5759.75,5746.75,5750.25,5639
1727845200,5750.0,5752.5,5738.75,5748.0,10533
1727848800,5748.0,5750.5,5741.0,5747.5,10374
1727852400,5747.5,5757.25,5742.5,5752.75,14950
1727856000,5752.75,5756.75,5748.5,5750.25,10783
1727859600,5750.5,5750.75,5738.5,5742.5,12555
1727863200,5742.25,5753.75,5735.75,5751.25,18609
1727866800,5751.5,5753.25,5742.5,5744.0,19365
1727870400,5744.0,5757.75,5742.0,5752.5,34279
1727874000,5752.5,5753.75,5724.0,5743.0,188486
1727877600,5743.25,5770.0,5741.5,5755.75,246086
1727881200,5755.75,5772.25,5753.75,5768.25,144105
1727884800,5768.25,5771.0,5750.75,5751.25,80494
1727888400,5751.25,5764.0,5748.0,5763.25,96054
1727892000,5763.25,5766.25,5749.75,5761.25,75229
1727895600,5761.25,5767.25,5759.25,5760.5,128126
1727899200,5760.75,5773.25,5758.5,5770.0,47444
1727906400,5769.5,5772.75,5767.25,5768.25,0
1727910000,5768.25,5770.0,5765.25,5769.25,3787
1727913600,5769.5,5769.5,5756.0,5759.75,11174
1727917200,5759.75,5762.25,5751.5,5756.0,12253
1727920800,5756.0,5758.0,5752.25,5753.0,6676
1727924400,5753.0,5756.25,5749.0,5750.5,8033
1727928000,5751.25,5752.0,5748.25,5748.5,3355
1727931600,5748.75,5752.5,5747.0,5747.75,6086
1727935200,5747.5,5754.0,5746.5,5751.75,7626
1727938800,5751.75,5752.75,5726.5,5732.25,33006
1727942400,5732.25,5743.0,5731.75,5739.25,19645
1727946000,5739.5,5743.25,5736.5,5741.25,8087
1727949600,5741.25,5746.75,5738.0,5746.5,8424
1727953200,5746.25,5755.25,5744.0,5755.25,13913
1727956800,5755.25,5759.25,5743.75,5744.25,35471
1727960400,5744.5,5754.25,5739.25,5749.5,150154
1727964000,5750.5,5770.0,5733.75,5737.75,313393
1727967600,5738.0,5761.5,5733.5,5756.5,150753
1727971200,5756.5,5763.5,5729.25,5735.0,143557
1727974800,5735.0,5745.5,5725.75,5742.0,134459
1727978400,5742.0,5745.5,5735.5,5739.0,67910
1727982000,5739.0,5754.25,5731.25,5749.25,168754
1727985600,5749.0,5754.25,5743.5,5744.0,53727
1727992800,5745.75,5751.75,5741.0,5748.75,0
1727996400,5749.0,5750.5,5745.25,5749.25,3976
1728000000,5749.0,5749.75,5742.0,5748.0,5523
1728003600,5748.0,5761.0,5745.25,5759.0,9715
1728007200,5759.0,5763.25,5756.5,5757.5,6955
1728010800,5757.75,5758.25,5751.75,5752.75,4406
1728014400,5753.75,5757.5,5749.25,5751.25,4888
1728018000,5751.5,5755.0,5750.75,5752.25,4940
1728021600,5752.25,5753.5,5747.0,5747.0,4864
1728025200,5743.5,5758.5,5743.5,5756.5,13720
1728028800,5756.5,5758.25,5750.0,5750.25,8566
1728032400,5750.5,5758.5,5750.0,5757.5,6657
1728036000,5757.75,5765.75,5757.5,5760.5,11480
1728039600,5760.75,5768.0,5759.25,5765.0,15676
1728043200,5765.0,5800.5,5762.0,5799.5,102307
1728046800,5799.5,5803.25,5768.75,5771.5,202476
1728050400,5771.5,5781.75,5749.5,5769.75,276244
1728054000,5769.5,5777.0,5752.0,5774.0,177739
1728057600,5774.25,5785.25,5763.75,5780.5,111338
1728061200,5780.75,5786.25,5765.75,5772.25,91639
1728064800,5772.5,5786.0,5767.0,5785.5,82904
1728068400,5785.25,5804.75,5781.75,5799.75,165757
1728072000,5799.75,5801.0,5794.5,5795.5,59059
1728252000,5802.0,5808.0,5799.5,5804.75,10436
1728255600,5804.75,5807.75,5801.5,5802.0,4733
1728259200,5802.0,5803.0,5795.25,5797.5,8220
1728262800,5797.5,5805.75,5795.75,5797.75,11960
1728266400,5797.75,5801.25,5795.75,5796.5,6982
1728270000,5796.5,5798.5,5793.5,5796.25,5095
1728273600,5796.0,5799.0,5794.75,5795.75,4243
1728277200,5795.75,5796.5,5790.5,5791.25,5796
1728280800,5791.0,5794.5,5786.75,5794.0,9206
1728284400,5794.25,5794.25,5776.0,5777.75,26873
1728288000,5777.75,5784.5,5773.25,5773.75,14892
1728291600,5773.5,5773.75,5762.75,5770.0,19474
1728295200,5770.0,5773.75,5766.5,5773.5,11346
1728298800,5773.25,5776.25,5768.75,5775.25,14377
1728302400,5775.25,5781.0,5773.75,5778.25,23459
1728306000,5778.25,5785.5,5774.0,5776.0,132953
1728309600,5776.0,5788.75,5775.5,5782.0,139752
1728313200,5782.0,5786.75,5775.0,5780.25,96831
1728316800,5780.25,5780.75,5769.75,5775.0,86220
1728320400,5777.0,5778.75,5766.75,5773.0,69054
1728324000,5773.0,5773.25,5734.25,5736.5,185070
1728327600,5736.5,5755.75,5735.0,5743.75,163618
1728331200,5750.0,5753.5,5746.5,5750.0,89288
1728338400,5752.5,5754.0,5725.25,5740.5,0
1728342000,5740.5,5749.75,5738.75,5744.25,9846
1728345600,5744.5,5754.5,5744.5,5751.25,7703
1728349200,5751.25,5752.25,5740.25,5745.5,12943
1728352800,5745.25,5749.25,5739.75,5747.0,11307
1728356400,5747.0,5749.0,5740.5,5742.0,6232
1728360000,5745.0,5748.5,5744.0,5747.0,2727
1728363600,5747.0,5748.75,5740.25,5743.25,7348
1728367200,5743.5,5745.75,5738.5,5745.0,9113
1728370800,5745.25,5753.5,5736.25,5748.25,22078
1728374400,5748.25,5754.25,5745.5,5753.25,14527
1728378000,5753.0,5768.0,5753.0,5764.75,18943
1728381600,5764.75,5769.0,5761.0,5769.0,14037
1728385200,5768.75,5770.75,5764.0,5768.5,17295
1728388800,5768.75,5770.25,5763.75,5766.0,23066
1728392400,5766.25,5778.25,5763.75,5776.5,154149
1728396000,5776.5,5795.0,5773.0,5787.5,180070
1728399600,5787.5,5793.0,5782.0,5792.5,89943
1728403200,5792.25,5793.0,5783.5,5788.5,68554
1728406800,5788.0,5788.25,5774.5,5786.75,86520
1728410400,5786.75,5798.25,5786.25,5796.5,66887
1728414000,5796.75,5806.75,5793.0,5800.75,180964
1728417600,5800.75,5801.5,5796.25,5798.25,61677
1728424800,5799.25,5799.75,5795.0,5798.75,0
1728428400,5798.75,5800.25,5795.0,5795.5,2389
1728432000,5795.75,5796.25,5793.75,5795.25,3217
1728435600,5795.5,5797.75,5793.5,5795.5,5687
1728439200,5795.25,5795.5,5789.25,5790.5,6748
1728442800,5790.75,5791.5,5789.0,5789.75,3589
1728446400,5791.0,5791.5,5787.5,5788.75,2324
1728450000,5789.0,5793.25,5787.25,5788.0,6682
1728453600,5788.0,5790.0,5783.75,5786.5,6828
1728457200,5786.5,5788.0,5780.75,5786.5,13302
1728460800,5786.5,5789.25,5782.0,5788.25,9260
1728464400,5788.25,5795.5,5787.75,5794.0,7286
1728468000,5793.75,5801.25,5792.5,5797.75,8235
1728471600,5797.75,5800.0,5795.0,5795.75,10303
1728475200,5795.75,5800.0,5792.5,5797.5,20540
1728478800,5797.75,5806.25,5793.75,5804.0,116823
1728482400,5804.25,5818.75,5803.0,5818.0,153758
1728486000,5818.0,5840.0,5818.0,5838.5,134708
1728489600,5838.5,5838.75,5824.5,5828.0,93074
1728493200,5828.0,5835.5,5823.5,5826.5,100755
1728496800,5826.5,5834.5,5823.5,5831.5,88436
1728500400,5831.25,5846.5,5826.25,5840.0,201807
1728504000,5839.75,5840.75,5831.5,5836.5,58298
1728511200,5836.0,5839.0,5834.25,5838.0,0
1728514800,5838.0,5840.5,5836.25,5838.75,3008
1728518400,5839.0,5841.0,5836.5,5839.5,4254
1728522000,5839.25,5842.0,5838.25,5839.75,5518
1728525600,5839.5,5842.5,5837.5,5841.5,4332
1728529200,5841.5,5842.75,5839.75,5842.5,3133
1728532800,5841.5,5841.75,5840.0,5840.75,1623
1728536400,5840.5,5842.25,5835.75,5836.0,4464
1728540000,5836.0,5838.25,5833.0,5836.5,6854
1728543600,5836.5,5838.5,5829.0,5830.5,14144
1728547200,5830.25,5834.0,5828.25,5830.5,10506
1728550800,5830.75,5834.0,5828.5,5833.75,8048
1728554400,5833.75,5834.75,5829.0,5829.5,9768
1728558000,5829.5,5834.75,5828.0,5834.75,16594
1728561600,5834.5,5844.0,5814.75,5820.75,85341
1728565200,5820.75,5830.5,5812.75,5821.0,145436
1728568800,5821.25,5834.0,5818.5,5821.75,129275
1728572400,5821.75,5837.25,5818.25,5837.0,84587
1728576000,5837.0,5843.25,5825.0,5829.25,114363
1728579600,5829.25,5834.25,5814.75,5829.5,112477
1728583200,5829.5,5829.5,5811.5,5820.0,79389
1728586800,5820.25,5833.0,5815.25,5829.0,159175
1728590400,5828.75,5833.0,5826.75,5831.0,53915
1728597600,5831.0,5832.5,5829.0,5830.75,0
1728601200,5831.0,5837.0,5831.0,5835.5,4007
1728604800,5835.25,5837.75,5833.0,5833.5,5114
1728608400,5833.5,5836.5,5832.75,5833.5,3550
1728612000,5833.5,5834.5,5831.25,5832.75,2265
1728615600,5832.75,5835.25,5831.25,5834.0,2719
1728619200,5833.0,5833.25,5829.5,5830.0,1981
1728622800,5830.0,5830.5,5826.5,5828.75,3036
1728626400,5829.0,5829.75,5826.0,5826.25,3694
1728630000,5826.5,5827.25,5817.75,5824.75,10135
1728633600,5824.5,5825.0,5816.0,5817.0,8607
1728637200,5817.25,5821.75,5816.25,5818.25,6281
1728640800,5818.25,5826.0,5816.75,5826.0,8502
1728644400,5825.75,5827.5,5822.0,5822.75,8345
1728648000,5822.75,5837.75,5821.75,5825.75,37810
1728651600,5826.0,5839.75,5822.75,5839.0,110536
1728655200,5838.25,5866.25,5834.25,5855.75,210354
1728658800,5855.5,5863.0,5854.75,5861.5,86695
1728662400,5861.25,5861.25,5845.0,5853.5,90440
1728666000,5853.5,5858.5,5848.5,5856.0,61768
1728669600,5856.0,5864.0,5852.75,5861.75,75768
1728673200,5862.0,5868.25,5859.0,5859.75,161765
1728676800,5859.5,5861.25,5852.75,5853.25,50313
1728856800,5854.5,5859.0,5852.0,5858.5,6273
1728860400,5858.5,5860.25,5855.0,5855.5,4144
1728864000,5855.5,5857.25,5853.75,5855.25,3933
1728867600,5855.0,5857.0,5852.75,5853.75,5490
1728871200,5853.75,5855.0,5850.0,5854.25,4005
1728874800,5854.5,5857.25,5852.25,5855.5,2631
1728878400,5855.5,5856.25,5854.5,5855.75,1238
1728882000,5856.0,5858.5,5855.75,5857.0,3299
1728885600,5857.0,5860.0,5856.0,5859.0,4404
1728889200,5859.25,5864.75,5856.0,5864.5,8044
1728892800,5864.25,5865.75,5862.0,5863.0,8835
1728896400,5863.0,5868.0,5863.0,5867.25,6736
1728900000,5867.25,5874.5,5867.25,5869.5,13420
1728903600,5869.5,5870.5,5866.75,5868.75,8666
1728907200,5869.0,5873.75,5868.0,5873.0,13498
1728910800,5873.25,5898.75,5873.0,5898.5,129160
1728914400,5898.75,5903.75,5891.75,5894.25,123925
1728918000,5894.0,5900.25,5888.75,5900.0,94709
1728921600,5900.25,5905.5,5899.5,5904.0,52108
1728925200,5904.0,5907.25,5901.0,5901.5,40001
1728928800,5901.5,5912.25,5898.5,5908.0,74353
1728932400,5908.25,5918.5,5905.5,5909.25,183783
1728936000,5909.25,5914.25,5906.5,5913.75,50042
1728943200,5914.25,5914.5,5909.75,5911.5,0
1728946800,5911.75,5913.75,5910.75,5912.75,2581
1728950400,5913.0,5913.5,5906.5,5909.5,7657
1728954000,5909.25,5914.5,5908.75,5913.75,5645
1728957600,5913.5,5915.5,5912.5,5912.75,3174
1728961200,5912.75,5914.25,5911.5,5914.0,3577
1728964800,5913.5,5914.25,5912.75,5913.5,1325
1728968400,5913.25,5913.75,5909.25,5909.5,4229
1728972000,5909.75,5911.25,5908.25,5908.5,5463
1728975600,5908.5,5911.75,5907.25,5909.5,9370
1728979200,5909.5,5909.5,5902.5,5904.75,13736
1728982800,5904.75,5906.75,5902.25,5904.0,9352
1728986400,5904.25,5910.5,5902.25,5908.75,13008
1728990000,5908.75,5910.5,5906.0,5908.5,12844
1728993600,5908.5,5911.25,5906.0,5910.25,18051
1728997200,5910.5,5914.0,5906.0,5907.25,111410
1729000800,5907.25,5911.5,5877.75,5884.5,281899
1729004400,5884.75,5893.25,5877.5,5879.0,149797
1729008000,5879.25,5890.75,5878.25,5883.0,94952
1729011600,5883.25,5884.75,5873.0,5874.75,99498
1729015200,5874.75,5879.0,5864.5,5866.0,99621
1729018800,5866.0,5867.0,5850.0,5862.75,277462
1729022400,5862.75,5864.75,5858.25,5860.75,49819
1729029600,5861.0,5863.5,5853.75,5863.0,0
1729033200,5863.0,5865.75,5862.5,5863.0,3933
1729036800,5863.25,5866.5,5861.5,5863.75,5974
1729040400,5863.5,5867.25,5860.75,5865.5,6598
1729044000,5865.5,5867.5,5864.5,5866.5,4045
1729047600,5866.25,5868.5,5865.5,5868.5,2723
1729051200,5868.75,5869.0,5866.75,5868.0,2451
1729054800,5868.0,5868.25,5864.75,5867.0,4402
1729058400,5867.0,5867.0,5862.25,5864.25,7351
1729062000,5864.25,5866.25,5855.75,5865.75,15203
1729065600,5865.75,5866.5,5859.25,5862.5,11073
1729069200,5862.5,5866.25,5861.0,5865.0,6677
1729072800,5865.0,5865.5,5862.0,5865.5,5554
1729076400,5865.5,5869.0,5863.75,5868.0,12219
1729080000,5868.0,5868.75,5862.25,5863.25,17425
1729083600,5863.25,5866.75,5853.25,5855.25,124541
1729087200,5855.25,5875.5,5854.25,5865.0,164515
1729090800,5865.0,5873.0,5861.5,5866.5,89875
1729094400,5866.25,5878.25,5866.0,5878.0,58306
1729098000,5878.25,5881.25,5873.25,5880.5,66253
1729101600,5880.75,5892.75,5879.0,5888.5,82523
1729105200,5888.5,5890.75,5884.75,5886.25,138456
1729108800,5886.25,5887.0,5882.75,5883.75,52979
1729116000,5882.75,5884.75,5880.5,5882.0,0
1729119600,5882.25,5882.5,5878.25,5879.0,2140
1729123200,5878.75,5881.25,5873.0,5878.75,7077
1729126800,5878.75,5880.75,5875.0,5878.5,4736
1729130400,5878.5,5879.5,5871.25,5875.75,5611
1729134000,5875.75,5877.25,5874.0,5874.0,2565
1729137600,5873.5,5874.5,5872.25,5873.75,2016
1729141200,5873.5,5881.75,5873.0,5880.75,5758
1729144800,5880.75,5895.5,5879.75,5892.75,20249
1729148400,5893.0,5899.5,5891.25,5898.0,14768
1729152000,5898.0,5908.5,5897.5,5908.0,15352
1729155600,5908.25,5912.0,5905.5,5911.0,10191
1729159200,5910.75,5914.25,5908.75,5913.75,10795
1729162800,5913.5,5913.5,5909.25,5910.5,11878
1729166400,5910.5,5919.75,5910.0,5918.75,42461
1729170000,5918.75,5927.25,5895.5,5903.5,209309
1729173600,5903.75,5907.25,5891.25,5894.0,188781
1729177200,5894.25,5910.75,5886.5,5910.25,112268
1729180800,5910.25,5913.5,5900.5,5907.25,78716
1729184400,5907.25,5910.5,5904.0,5907.0,66400
1729188000,5907.0,5907.5,5887.25,5896.25,137767
1729191600,5896.5,5897.0,5884.75,5886.25,153420
1729195200,5886.25,5892.25,5884.75,5887.5,58172
1729202400,5888.25,5893.75,5886.25,5892.0,0
1729206000,5891.75,5892.5,5890.25,5891.75,2098
1729209600,5891.5,5891.75,5876.25,5884.25,10866
1729213200,5884.25,5888.25,5882.75,5887.25,5469
1729216800,5887.25,5888.75,5884.5,5886.5,5057
1729220400,5886.25,5887.75,5882.75,5884.25,3196
1729224000,5884.25,5886.5,5883.5,5885.5,1917
1729227600,5885.5,5888.75,5884.75,5888.25,4693
1729231200,5888.5,5890.25,5887.25,5889.25,6573
1729234800,5889.25,5897.25,5889.0,5897.25,11288
1729238400,5897.25,5899.75,5895.0,5897.25,9558
1729242000,5897.5,5900.5,5893.5,5894.5,8014
1729245600,5894.25,5897.5,5892.0,5897.25,6121
1729249200,5897.0,5901.0,5894.25,5899.25,13427
1729252800,5899.25,5902.5,5896.5,5900.25,16561
1729256400,5900.25,5906.5,5886.5,5893.5,165668
1729260000,5893.5,5901.0,5891.25,5896.25,117402
1729263600,5896.75,5905.75,5895.75,5900.0,85995
1729267200,5900.0,5914.0,5897.75,5908.0,72955
1729270800,5908.0,5912.5,5906.0,5907.0,61954
1729274400,5907.0,5915.5,5899.25,5909.5,73825
1729278000,5909.5,5909.5,5901.25,5906.25,139367
1729281600,5906.0,5909.75,5904.25,5907.5,56165
1729461600,5911.5,5914.75,5910.75,5913.75,3383
1729465200,5913.75,5915.5,5911.75,5913.5,2612
1729468800,5913.75,5914.0,5910.75,5912.75,3235
1729472400,5912.75,5914.75,5911.75,5912.0,3267
1729476000,5912.0,5912.5,5908.75,5909.5,3149
1729479600,5909.5,5910.5,5907.5,5908.0,2596
1729483200,5908.0,5908.5,5905.25,5905.75,2411
1729486800,5905.75,5906.0,5902.25,5902.75,4940
1729490400,5902.5,5904.25,5899.0,5900.5,5584
1729494000,5900.75,5906.5,5900.25,5902.5,8147
1729497600,5902.5,5905.5,5902.0,5904.0,5647
1729501200,5904.0,5904.5,5896.0,5897.25,11304
1729504800,5897.25,5898.75,5887.0,5887.25,11218
1729508400,5887.0,5889.5,5883.0,5885.5,15447
1729512000,5885.5,5893.75,5883.75,5892.75,18320
1729515600,5892.75,5904.75,5892.0,5900.25,102577
1729519200,5900.25,5908.5,5880.0,5885.25,185023
1729522800,5885.25,5886.25,5865.0,5882.75,194868
1729526400,5882.75,5888.5,5877.25,5887.75,80056
1729530000,5888.0,5893.5,5885.5,5892.25,58759
1729533600,5892.5,5892.75,5881.75,5883.5,58209
1729537200,5883.5,5897.75,5881.25,5897.0,170766
1729540800,5897.0,5901.0,5894.75,5898.75,67907
1729548000,5900.75,5900.75,5896.0,5896.25,0
1729551600,5896.0,5897.5,5894.75,5895.75,2272
1729555200,5895.75,5896.0,5887.5,5888.0,8377
1729558800,5887.75,5889.75,5885.0,5887.25,7956
1729562400,5887.25,5890.25,5884.5,5885.0,4217
1729566000,5885.0,5888.5,5885.0,5885.25,2936
1729569600,5884.25,5887.0,5882.25,5882.5,3554
1729573200,5882.5,5886.75,5881.5,5883.25,4102
1729576800,5883.5,5885.0,5879.0,5882.75,5289
1729580400,5883.0,5887.75,5881.0,5882.5,12120
1729584000,5882.25,5884.75,5875.5,5875.5,11003
1729587600,5875.5,5877.25,5863.75,5865.5,19151
1729591200,5865.75,5871.5,5864.5,5866.75,14725
1729594800,5867.0,5873.5,5866.75,5869.5,15324
1729598400,5869.5,5876.75,5861.5,5867.5,30757
1729602000,5867.75,5873.5,5861.25,5871.5,140097
1729605600,5871.5,5881.0,5868.5,5878.25,163708
1729609200,5878.5,5884.0,5874.0,5879.0,85300
1729612800,5879.0,5885.5,5874.5,5884.75,75494
1729616400,5884.75,5899.25,5881.75,5899.0,88957
1729620000,5899.0,5904.25,5887.5,5889.25,86529
1729623600,5889.25,5901.75,5888.0,5892.5,138913
1729627200,5892.5,5892.75,5886.5,5887.0,70733
1729634400,5887.25,5887.25,5881.0,5884.25,0
1729638000,5884.5,5890.75,5883.0,5890.0,4272
1729641600,5890.25,5890.75,5883.25,5884.0,3570
1729645200,5884.0,5887.25,5882.0,5886.0,4702
1729648800,5886.0,5889.0,5885.25,5887.75,3264
1729652400,5888.0,5890.0,5886.0,5887.0,3573
1729656000,5886.75,5888.75,5886.5,5888.25,1753
1729659600,5888.25,5889.25,5886.25,5886.75,2714
1729663200,5886.75,5887.0,5884.0,5885.5,6415
1729666800,5885.75,5893.75,5884.75,5888.25,11679
1729670400,5888.0,5890.5,5882.5,5883.0,10916
1729674000,5882.75,5886.0,5880.75,5881.75,8526
1729677600,5881.75,5882.25,5875.5,5878.0,14219
1729681200,5877.75,5881.25,5876.25,5879.0,11786
1729684800,5879.0,5881.5,5870.75,5872.0,23416
1729688400,5872.25,5874.75,5867.25,5870.25,110990
1729692000,5870.0,5874.25,5858.0,5862.25,187438
1729695600,5862.5,5865.0,5845.0,5856.0,190727
1729699200,5856.0,5856.0,5833.5,5838.5,151369
1729702800,5838.75,5838.75,5815.5,5816.5,156135
1729706400,5816.75,5829.75,5801.0,5829.0,191388
1729710000,5829.0,5839.25,5824.25,5837.0,219713
1729713600,5837.25,5847.0,5834.5,5842.0,82914
1729720800,5844.0,5845.5,5840.5,5842.5,0
1729724400,5842.25,5843.75,5838.5,5842.75,2719
1729728000,5842.75,5852.5,5839.5,5852.25,8360
1729731600,5852.0,5852.0,5848.75,5850.0,6173
1729735200,5849.5,5853.25,5846.25,5852.0,5626
1729738800,5852.0,5854.25,5849.5,5849.75,4299
1729742400,5849.5,5850.5,5847.25,5849.5,2803
1729746000,5849.5,5850.25,5846.75,5849.5,3375
1729749600,5849.25,5854.5,5849.25,5849.5,5805
1729753200,5849.75,5863.25,5849.0,5861.75,14537
1729756800,5861.75,5866.75,5858.0,5862.0,14147
1729760400,5862.0,5864.25,5860.25,5862.0,6543
1729764000,5862.25,5866.25,5860.5,5862.0,7824
1729767600,5862.0,5868.5,5861.0,5867.5,13413
1729771200,5867.75,5870.0,5861.25,5862.75,24308
1729774800,5862.75,5866.75,5842.75,5851.0,135525
1729778400,5850.75,5856.5,5842.25,5845.0,168829
1729782000,5845.0,5851.0,5827.25,5837.25,151456
1729785600,5837.25,5847.25,5822.5,5846.0,137390
1729789200,5846.0,5853.0,5841.25,5842.0,91268
1729792800,5842.25,5850.75,5837.75,5845.25,82917
1729796400,5845.0,5856.25,5839.75,5849.25,174113
1729800000,5849.25,5856.75,5848.0,5852.75,51416
1729807200,5853.25,5854.5,5849.0,5850.5,0
1729810800,5850.5,5850.75,5847.0,5850.5,3824
1729814400,5850.75,5853.75,5848.0,5852.75,5676
1729818000,5852.75,5855.0,5851.25,5851.5,4552
1729821600,5851.25,5854.25,5850.75,5852.5,3038
1729825200,5852.5,5853.0,5846.5,5846.75,3914
1729828800,5845.5,5847.5,5844.75,5846.0,3032
1729832400,5846.0,5850.5,5844.25,5849.5,4517
1729836000,5849.5,5853.5,5849.25,5849.5,4903
1729839600,5849.5,5861.0,5848.5,5860.75,11211
1729843200,5860.5,5861.0,5853.0,5858.25,11498
1729846800,5858.0,5864.25,5858.0,5862.75,10887
1729850400,5862.75,5865.25,5861.0,5862.0,7617
1729854000,5861.75,5867.25,5858.0,5864.75,11518
1729857600,5864.5,5872.0,5864.25,5871.25,19427
1729861200,5871.5,5890.5,5869.5,5888.25,140603
1729864800,5888.75,5900.75,5885.75,5890.25,195695
1729868400,5890.25,5894.25,5872.0,5876.5,148888
1729872000,5876.5,5883.25,5872.5,5875.25,84975
1729875600,5875.25,5875.25,5839.75,5846.25,215966
1729879200,5846.5,5859.75,5835.0,5856.75,157986
1729882800,5857.0,5857.25,5840.0,5845.5,179129
1729886400,5845.25,5847.25,5839.75,5841.5,63240
1730066400,5857.0,5875.0,5857.0,5872.25,13953
1730070000,5872.25,5874.25,5868.5,5870.5,5818
1730073600,5870.75,5881.25,5869.75,5874.75,12680
1730077200,5874.5,5880.5,5873.75,5875.75,10405
1730080800,5875.5,5878.0,5873.5,5876.5,6051
1730084400,5876.5,5877.75,5870.0,5872.75,7212
1730088000,5872.25,5879.5,5871.75,5879.0,4681
1730091600,5879.25,5879.5,5869.25,5869.5,6032
1730095200,5869.75,5874.75,5868.5,5872.0,5429
1730098800,5871.75,5880.25,5871.25,5875.25,11463
1730102400,5875.5,5883.5,5871.0,5881.25,20895
1730106000,5881.5,5882.75,5878.0,5882.75,10309
1730109600,5882.5,5884.5,5876.0,5876.25,10809
1730113200,5876.25,5877.75,5870.5,5870.5,18597
1730116800,5870.5,5880.25,5864.25,5879.5,32474
1730120400,5879.25,5881.75,5867.75,5869.5,133897
1730124000,5869.5,5879.75,5866.5,5874.0,125058
1730127600,5874.0,5875.25,5862.0,5864.0,109441
1730131200,5862.75,5871.5,5860.0,5864.5,86181
1730134800,5864.75,5872.25,5860.0,5871.25,68727
1730138400,5871.5,5872.75,5862.75,5865.75,78805
1730142000,5865.5,5871.5,5859.5,5862.75,146412
1730145600,5862.5,5866.5,5860.75,5864.25,58203
1730152800,5867.0,5867.0,5858.5,5860.5,0
1730156400,5860.75,5862.75,5859.25,5861.25,3052
1730160000,5861.5,5863.25,5855.25,5861.0,6952
1730163600,5860.75,5862.0,5856.75,5860.0,8067
1730167200,5860.0,5861.5,5857.75,5859.25,5085
1730170800,5859.25,5862.75,5850.25,5852.0,7973
1730174400,5853.25,5857.5,5853.0,5857.25,5789
1730178000,5857.5,5860.75,5855.25,5859.5,5640
1730181600,5859.75,5867.25,5859.75,5866.25,5590
1730185200,5866.0,5869.5,5863.75,5863.75,8563
1730188800,5864.0,5869.5,5854.75,5864.5,20466
1730192400,5864.25,5865.25,5858.75,5863.0,12751
1730196000,5863.0,5863.5,5855.5,5859.25,10579
1730199600,5859.25,5860.25,5853.25,5853.75,21880
1730203200,5853.5,5855.0,5848.0,5850.25,34014
1730206800,5850.0,5854.25,5837.5,5852.75,157386
1730210400,5852.75,5872.25,5848.25,5868.0,193290
1730214000,5868.0,5870.0,5859.0,5867.5,108218
1730217600,5867.5,5874.75,5862.0,5873.75,103244
1730221200,5873.75,5881.75,5868.75,5873.5,91946
1730224800,5873.5,5883.0,5870.75,5878.5,79470
1730228400,5878.25,5883.25,5867.5,5871.75,159792
1730232000,5871.75,5883.75,5871.0,5878.0,80808
1730239200,5883.0,5887.5,5880.25,5886.25,0
1730242800,5886.25,5886.75,5881.5,5884.25,4439
1730246400,5884.5,5891.5,5883.5,5890.5,8338
1730250000,5890.25,5893.0,5887.5,5891.75,5924
1730253600,5891.75,5891.75,5884.5,5885.0,6489
1730257200,5885.0,5885.75,5880.0,5881.5,8516
1730260800,5880.0,5881.25,5877.0,5877.25,5939
1730264400,5877.0,5879.25,5874.5,5876.25,5744
1730268000,5876.0,5884.25,5875.25,5884.0,7861
1730271600,5884.0,5885.25,5881.0,5881.0,8859
1730275200,5881.0,5886.0,5878.25,5880.25,15946
1730278800,5879.75,5884.75,5877.75,5882.25,13708
1730282400,5882.0,5885.0,5872.75,5874.0,23200
1730286000,5874.25,5879.75,5870.25,5871.75,20603
1730289600,5871.75,5877.5,5866.5,5868.5,38509
1730293200,5868.5,5872.0,5845.5,5871.0,195403
1730296800,5871.0,5883.0,5870.25,5877.0,169258
1730300400,5877.0,5886.75,5869.0,5884.5,123024
1730304000,5884.5,5885.5,5872.75,5873.25,89380
1730307600,5873.0,5876.25,5855.25,5858.75,124866
1730311200,5858.75,5870.75,5858.75,5864.5,92803
1730314800,5864.75,5864.75,5846.25,5853.0,212085
1730318400,5853.0,5859.75,5840.25,5845.25,96249
1730325600,5840.0,5844.0,5832.5,5835.0,0
1730329200,5835.0,5836.75,5831.5,5831.75,6339
1730332800,5831.75,5834.25,5827.0,5832.0,9383
1730336400,5832.0,5838.25,5832.0,5832.5,7671
1730340000,5833.0,5833.75,5828.5,5830.5,7678
1730343600,5830.5,5831.75,5827.25,5827.5,6385
1730347200,5826.25,5827.75,5825.0,5826.0,5628
1730350800,5826.0,5826.5,5823.0,5823.0,7740
1730354400,5823.25,5824.0,5814.25,5814.5,10835
1730358000,5814.5,5814.5,5806.25,5807.5,20912
1730361600,5807.5,5808.75,5801.0,5805.25,33388
1730365200,5805.25,5807.25,5801.5,5806.5,17697
1730368800,5806.75,5809.75,5802.75,5809.0,14570
1730372400,5809.25,5817.0,5807.75,5816.5,23384
1730376000,5816.5,5820.0,5812.0,5813.25,44129
1730379600,5813.25,5815.5,5781.75,5788.25,240727
1730383200,5788.25,5788.75,5760.0,5761.25,274824
1730386800,5761.5,5767.25,5750.5,5756.5,194126
1730390400,5760.0,5769.0,5755.25,5763.25,129070
1730394000,5763.25,5770.0,5751.0,5754.0,103486
1730397600,5753.75,5758.75,5747.0,5756.5,142987
1730401200,5756.75,5770.5,5734.5,5735.5,389010
1730404800,5735.75,5755.5,5733.25,5738.5,150217
1730412000,5742.0,5751.5,5739.0,5746.0,0
1730415600,5746.0,5747.5,5740.0,5742.5,7544
1730419200,5742.75,5745.75,5737.0,5743.75,8610
1730422800,5743.5,5745.5,5739.5,5741.0,6743
1730426400,5741.0,5744.0,5732.5,5743.75,8505
1730430000,5744.0,5749.75,5743.0,5748.0,6279
1730433600,5748.75,5751.0,5746.0,5748.0,4667
1730437200,5748.0,5754.5,5747.5,5753.25,10989
1730440800,5753.5,5753.5,5744.25,5746.25,7460
1730444400,5746.5,5751.25,5740.5,5750.0,13421
1730448000,5750.0,5757.0,5748.5,5753.75,24361
1730451600,5753.75,5758.0,5752.75,5755.75,13810
1730455200,5755.75,5762.0,5755.0,5760.75,14981
1730458800,5760.75,5764.25,5756.5,5761.25,19499
1730462400,5761.5,5769.5,5753.75,5766.5,69127
1730466000,5766.5,5781.25,5755.5,5779.5,172329
1730469600,5779.5,5803.0,5773.75,5792.0,278158
1730473200,5792.0,5801.0,5781.0,5784.0,162651
1730476800,5784.0,5790.5,5773.75,5777.0,121429
1730480400,5777.0,5786.0,5762.75,5763.25,159457
1730484000,5763.0,5771.75,5757.75,5768.5,119648
1730487600,5768.5,5776.5,5752.5,5756.75,226818
1730491200,5756.75,5765.25,5756.0,5760.0,50571
1730674800,5741.75,5755.75,5740.0,5749.75,18269
1730678400,5750.0,5750.5,5743.75,5749.25,8576
1730682000,5749.5,5761.25,5748.0,5759.25,8795
1730685600,5759.5,5771.5,5758.75,5766.0,11557
1730689200,5766.0,5771.0,5765.25,5769.25,5064
1730692800,5769.0,5774.75,5768.5,5772.75,5094
1730696400,5772.75,5772.75,5768.75,5772.0,4669
1730700000,5772.0,5776.5,5771.5,5774.25,5612
1730703600,5774.0,5775.5,5761.25,5761.75,9828
1730707200,5761.75,5770.25,5758.0,5763.75,18797
1730710800,5764.0,5766.5,5758.75,5765.25,15873
1730714400,5765.25,5774.5,5764.5,5773.0,10270
1730718000,5773.0,5773.75,5766.25,5769.25,8960
1730721600,5769.25,5772.0,5755.5,5766.25,19766
1730725200,5766.25,5769.0,5760.75,5762.25,25056
1730728800,5762.25,5762.5,5738.5,5760.75,170084
1730732400,5760.75,5771.5,5758.0,5762.5,166977
1730736000,5762.5,5768.25,5728.25,5734.0,175815
1730739600,5734.25,5754.75,5724.25,5750.75,154389
1730743200,5750.75,5758.75,5737.75,5753.0,119294
1730746800,5753.0,5758.25,5747.0,5751.0,76267
1730750400,5751.25,5753.0,5737.5,5744.0,191668
1730754000,5744.25,5749.75,5741.0,5749.0,42096
1730761200,5752.25,5753.25,5742.5,5743.0,0
1730764800,5742.75,5743.25,5739.75,5740.75,5853
1730768400,5740.75,5749.0,5735.0,5747.0,11029
1730772000,5747.0,5750.25,5742.0,5747.75,6992
1730775600,5747.75,5749.5,5745.5,5745.75,3475
1730779200,5745.75,5747.25,5742.5,5742.75,3080
1730782800,5746.75,5747.75,5744.5,5746.75,3458
1730786400,5746.75,5751.0,5745.5,5750.25,3434
1730790000,5750.25,5755.0,5747.75,5751.5,6054
1730793600,5751.5,5754.0,5743.75,5753.75,13330
1730797200,5753.75,5756.75,5751.75,5753.5,12855
1730800800,5753.25,5754.25,5746.5,5753.0,9350
1730804400,5753.0,5758.5,5753.0,5754.0,7251
1730808000,5754.0,5757.5,5748.25,5752.0,12634
1730811600,5752.25,5757.0,5749.75,5750.5,16742
1730815200,5750.5,5787.0,5747.5,5786.5,156061
1730818800,5786.25,5798.75,5781.0,5786.25,182861
1730822400,5786.25,5802.75,5781.25,5801.0,131192
1730826000,5801.0,5811.0,5797.75,5807.25,91308
1730829600,5807.0,5810.75,5792.5,5799.0,113910
1730833200,5798.75,5805.5,5793.0,5796.25,91811
1730836800,5796.25,5813.5,5793.75,5813.25,183227
1730840400,5813.25,5823.25,5811.75,5822.25,68615
1730847600,5820.25,5824.5,5814.75,5816.0,0
1730851200,5815.75,5846.75,5815.25,5838.25,36044
1730854800,5838.0,5854.5,5835.5,5844.75,30474
1730858400,5844.5,5883.25,5841.25,5882.25,51472
1730862000,5882.5,5894.75,5872.75,5882.0,58925
1730865600,5882.25,5892.25,5874.0,5888.5,23641
1730869200,5879.5,5887.5,5866.5,5883.75,30460
1730872800,5883.75,5909.25,5878.25,5901.5,35314
1730876400,5901.75,5929.75,5901.5,5919.25,57213
1730880000,5919.0,5954.0,5915.0,5945.25,59420
1730883600,5945.5,5948.5,5932.5,5948.5,34580
1730887200,5948.5,5949.5,5939.75,5943.0,23973
1730890800,5942.75,5947.25,5919.5,5925.0,36896
1730894400,5925.25,5951.75,5921.75,5944.0,42765
1730898000,5944.0,5949.5,5931.75,5933.5,47179
1730901600,5933.25,5941.25,5900.75,5908.5,282657
1730905200,5908.25,5938.75,5908.25,5917.25,287671
1730908800,5917.5,5936.75,5910.5,5936.0,153539
1730912400,5936.25,5943.0,5931.25,5940.75,90765
1730916000,5940.5,5955.0,5939.5,5950.5,104090
1730919600,5950.5,5956.75,5945.5,5953.0,93568
1730923200,5953.0,5967.0,5952.0,5957.75,249494
1730926800,5957.5,5966.5,5955.75,5966.25,65398
1730934000,5963.5,5964.25,5955.75,5956.75,0
1730937600,5957.0,5961.75,5951.0,5952.75,8725
1730941200,5952.75,5963.25,5951.75,5960.5,8897
1730944800,5960.5,5962.25,5957.25,5958.75,6459
1730948400,5959.0,5967.5,5958.25,5964.0,7737
1730952000,5964.5,5968.75,5962.25,5965.75,4927
1730955600,5968.0,5970.25,5965.75,5969.25,6103
1730959200,5969.5,5971.75,5966.5,5967.25,5186
1730962800,5967.25,5968.25,5959.25,5961.5,9049
1730966400,5961.5,5973.0,5961.0,5967.75,20847
1730970000,5967.75,5973.0,5964.5,5967.5,15021
1730973600,5967.5,5971.5,5967.25,5971.0,12209
1730977200,5971.25,5971.25,5964.75,5971.0,11483
1730980800,5970.5,5975.25,5968.5,5973.25,18875
1730984400,5973.25,5977.0,5967.0,5973.25,34559
1730988000,5973.25,5986.75,5971.0,5986.0,146882
1730991600,5985.75,5996.25,5984.0,5994.5,157418
1730995200,5994.5,5999.25,5987.25,5997.75,106303
1730998800,5998.0,6002.0,5994.0,6000.5,74792
1731002400,6000.5,6001.0,5988.0,5994.0,85115
1731006000,5994.0,6006.75,5985.5,6006.75,155785
1731009600,6006.75,6013.0,5998.5,6002.5,239655
1731013200,6002.5,6009.5,6001.25,6006.5,70479
1731020400,6007.75,6009.0,6002.0,6007.25,0
1731024000,6007.25,6009.0,6003.25,6003.75,4772
1731027600,6004.0,6005.75,6002.0,6005.25,5778
1731031200,6005.25,6007.0,6001.25,6001.5,5303
1731034800,6001.5,6004.25,6001.5,6003.0,3558
1731038400,6002.75,6005.25,6002.0,6003.0,3193
1731042000,6003.0,6009.75,6003.0,6007.5,4389
1731045600,6007.5,6008.5,6002.75,6005.0,4210
1731049200,6005.25,6010.0,6003.75,6008.5,5434
1731052800,6008.5,6010.0,6002.25,6006.0,17986
1731056400,6006.0,6009.75,6005.0,6006.25,12016
1731060000,6006.5,6006.5,5990.5,5994.0,24352
1731063600,5994.25,5997.75,5990.25,5996.5,15730
1731067200,5996.75,6002.75,5995.75,6002.25,18092
1731070800,6002.0,6004.25,5997.75,5998.25,24265
1731074400,5998.25,6015.5,5997.5,6015.0,129174
1731078000,6014.5,6023.0,6008.5,6021.25,156969
1731081600,6021.0,6025.5,6016.75,6022.75,90987
1731085200,6023.0,6027.0,6017.75,6024.75,89179
1731088800,6024.75,6036.0,6023.25,6034.0,77035
1731092400,6034.0,6040.5,6030.75,6033.0,82903
1731096000,6033.0,6033.75,6020.0,6027.25,228701
1731099600,6027.0,6029.0,6023.25,6023.5,50784
1731279600,6030.0,6038.5,6029.5,6037.5,11519
1731283200,6037.5,6038.25,6032.25,6033.0,7163
1731286800,6032.75,6036.0,6031.25,6035.25,6336
1731290400,6035.25,6035.75,6032.25,6033.25,4404
1731294000,6033.0,6034.75,6032.75,6034.25,2420
1731297600,6034.25,6036.5,6034.25,6036.5,3780
1731301200,6036.5,6038.5,6036.0,6036.25,4181
1731304800,6036.5,6038.25,6035.75,6037.5,4123
1731308400,6037.25,6040.0,6035.5,6039.5,6824
1731312000,6039.5,6044.5,6038.75,6040.75,16895
1731315600,6040.75,6044.0,6038.75,6041.25,10975
1731319200,6041.25,6043.25,6039.5,6039.5,8565
1731322800,6039.75,6043.25,6039.5,6043.0,10231
1731326400,6043.0,6053.25,6042.75,6051.0,20881
1731330000,6051.0,6052.5,6041.0,6042.5,26494
1731333600,6042.5,6045.0,6032.5,6035.5,140623
1731337200,6035.5,6043.5,6029.0,6040.5,153225
1731340800,6040.5,6043.5,6033.25,6038.5,86055
1731344400,6038.25,6039.5,6026.0,6026.0,86477
1731348000,6026.0,6030.25,6013.5,6026.25,130818
1731351600,6026.25,6028.5,6024.0,6027.25,55479
1731355200,6027.25,6033.5,6023.5,6032.0,152058
1731358800,6032.25,6033.0,6026.0,6028.5,63773
1731366000,6029.25,6029.5,6025.0,6027.75,0
1731369600,6028.0,6029.0,6022.75,6026.0,7044
1731373200,6025.75,6032.5,6025.25,6028.0,7883
1731376800,6028.25,6030.75,6022.0,6024.25,10821
1731380400,6024.25,6027.5,6023.75,6024.25,4603
1731384000,6024.25,6027.25,6023.5,6027.25,3719
1731387600,6025.5,6025.75,6022.25,6023.25,5330
1731391200,6023.25,6025.0,6022.0,6024.25,4515
1731394800,6024.25,6027.25,6021.0,6026.5,10489
1731398400,6026.5,6031.75,6023.25,6029.5,15407
1731402000,6029.25,6029.75,6020.0,6020.5,17163
1731405600,6020.5,6020.75,6012.25,6018.5,26746
1731409200,6021.0,6024.0,6018.75,6021.25,16427
1731412800,6021.25,6027.5,6021.0,6024.0,16733
1731416400,6024.0,6031.25,6021.0,6030.75,31161
1731420000,6030.75,6036.5,6025.5,6032.75,115403
1731423600,6032.75,6033.5,6015.5,6015.75,169603
1731427200,6015.75,6019.5,6006.5,6008.0,158864
1731430800,6007.75,6010.75,5988.75,5990.0,155332
1731434400,5990.25,6021.25,5986.75,6017.5,162257
1731438000,6017.75,6027.75,6016.75,6024.0,108607
1731441600,6023.75,6025.75,6008.75,6012.5,210975
1731445200,6012.5,6017.0,6011.25,6012.25,62927
1731452400,6012.25,6013.25,6004.0,6008.0,0
1731456000,6008.25,6008.5,6003.0,6004.75,5621
1731459600,6004.75,6007.75,6002.5,6004.5,6429
1731463200,6004.5,6006.75,6002.0,6006.5,5831
1731466800,6006.5,6008.75,6004.25,6004.5,4520
1731470400,6004.75,6005.5,6002.0,6003.75,5367
1731474000,6004.0,6004.0,5999.0,5999.5,7066
1731477600,5999.5,6000.75,5993.0,5996.0,10872
1731481200,5995.75,6001.0,5994.75,5998.0,10909
1731484800,5998.25,6007.5,5996.5,6007.0,12690
1731488400,6006.75,6009.75,6005.0,6008.5,7994
1731492000,6008.5,6010.0,6001.5,6002.0,7749
1731495600,6002.25,6003.75,5996.5,5996.75,8831
1731499200,5996.75,6005.5,5995.5,6001.25,19547
1731502800,6001.25,6030.25,5999.75,6013.75,79824
1731506400,6013.75,6020.0,6005.5,6013.5,152188
1731510000,6013.5,6016.5,5991.75,6014.25,230014
1731513600,6014.25,6026.0,6009.25,6023.25,141432
1731517200,6023.5,6034.75,6022.0,6034.0,115577
1731520800,6034.25,6035.25,6026.25,6032.0,90966
1731524400,6032.25,6032.5,6013.25,6015.0,136551
1731528000,6015.0,6028.25,6008.0,6016.0,237600
1731531600,6015.75,6022.5,6013.0,6018.25,57224
1731538800,6017.75,6022.0,6015.5,6020.25,0
1731542400,6020.25,6021.25,6013.75,6017.25,5366
1731546000,6017.25,6017.25,6013.0,6013.0,6696
1731549600,6013.25,6013.25,6009.5,6010.25,6359
1731553200,6010.0,6013.75,6009.0,6010.75,4422
1731556800,6011.0,6015.25,6010.0,6012.25,4525
1731560400,6009.0,6010.25,6006.0,6010.0,5839
1731564000,6009.75,6011.0,6005.75,6005.75,4548
1731567600,6006.0,6014.75,6004.0,6013.75,9275
1731571200,6013.75,6021.5,6012.75,6019.25,16582
1731574800,6019.25,6024.5,6017.25,6018.0,13953
1731578400,6017.75,6022.25,6017.5,6019.0,8806
1731582000,6019.0,6024.5,6017.75,6024.25,10356
1731585600,6024.0,6025.25,6018.0,6018.5,14231
1731589200,6018.75,6024.75,6009.5,6014.25,48476
1731592800,6014.25,6020.5,5999.5,6005.5,198984
1731596400,6005.5,6011.25,5992.75,6003.25,205971
1731600000,6003.0,6011.5,5996.75,5998.5,122664
1731603600,5998.5,6000.5,5978.75,5992.0,177587
1731607200,5992.0,5999.25,5979.25,5980.75,111187
1731610800,5980.5,6000.5,5980.25,5995.25,115884
1731614400,5995.25,5995.25,5968.75,5977.0,312251
1731618000,5977.0,5977.75,5964.25,5974.25,64243
1731625200,5972.0,5974.25,5964.5,5967.25,0
1731628800,5967.0,5968.0,5958.75,5962.0,11963
1731632400,5961.5,5962.0,5955.0,5956.25,11424
1731636000,5956.25,5960.75,5954.75,5959.75,7031
1731639600,5960.0,5962.5,5957.75,5959.0,6143
1731643200,5959.0,5961.25,5956.0,5960.0,6980
1731646800,5961.0,5963.0,5955.25,5956.25,5722
1731650400,5956.25,5956.25,5942.5,5949.25,15475
1731654000,5949.0,5949.5,5941.0,5941.5,12166
1731657600,5941.5,5945.0,5930.75,5943.25,34977
1731661200,5943.0,5943.75,5937.5,5939.0,15161
1731664800,5939.0,5942.25,5936.25,5941.5,14291
1731668400,5941.5,5946.75,5941.0,5945.5,14605
1731672000,5945.5,5952.75,5944.75,5951.5,20493
1731675600,5951.25,5953.25,5940.75,5943.25,48321
1731679200,5943.0,5944.75,5924.5,5926.25,258026
1731682800,5926.25,5927.0,5899.0,5903.25,344835
1731686400,5903.5,5913.25,5893.75,5896.5,195519
1731690000,5896.5,5898.5,5885.0,5893.0,151039
1731693600,5892.75,5895.25,5876.75,5883.25,141377
1731697200,5883.5,5896.5,5878.5,5888.25,153926
1731700800,5888.25,5902.0,5886.5,5896.75,300173
1731704400,5896.75,5905.25,5896.5,5899.75,70185
1731884400,5899.75,5904.5,5891.75,5904.25,14248
1731888000,5904.5,5914.5,5903.0,5913.5,15804
1731891600,5913.5,5914.25,5910.75,5912.0,8492
1731895200,5911.75,5913.25,5908.75,5912.0,6817
1731898800,5912.0,5913.25,5909.75,5911.25,5169
1731902400,5911.25,5915.5,5911.0,5914.0,6857
1731906000,5914.0,5914.5,5910.5,5912.75,5497
1731909600,5912.5,5915.75,5910.25,5915.25,5322
1731913200,5915.25,5915.25,5899.5,5903.75,13841
1731916800,5903.5,5908.75,5898.75,5905.75,21284
1731920400,5906.0,5906.0,5894.5,5897.0,26488
1731924000,5897.25,5904.5,5895.5,5903.75,14113
1731927600,5903.75,5904.0,5895.25,5898.75,9835
1731931200,5899.0,5904.0,5897.0,5900.5,14448
1731934800,5900.5,5902.25,5886.5,5900.0,39026
1731938400,5900.0,5905.75,5891.25,5895.0,158792
1731942000,5894.75,5921.25,5894.0,5920.25,200607
1731945600,5920.25,5933.0,5917.0,5920.75,153480
1731949200,5920.75,5924.5,5914.75,5924.25,111740
1731952800,5924.25,5924.5,5907.5,5921.0,104575
1731956400,5921.0,5921.75,5908.25,5918.75,116127
1731960000,5918.5,5921.75,5913.0,5920.25,170751
1731963600,5920.25,5921.75,5916.0,5918.75,40337
1731970800,5919.0,5919.5,5911.75,5916.75,0
1731974400,5916.75,5923.5,5915.0,5918.0,7997
1731978000,5917.75,5921.25,5914.0,5920.5,5209
1731981600,5920.75,5924.75,5918.5,5924.25,5550
1731985200,5924.5,5931.5,5924.25,5929.5,7528
1731988800,5929.75,5933.75,5929.25,5930.25,5366
1731992400,5930.25,5930.25,5926.5,5928.25,4543
1731996000,5928.25,5929.5,5926.5,5927.5,4070
1731999600,5927.5,5929.75,5922.75,5927.25,6522
1732003200,5927.0,5931.5,5904.5,5915.75,31473
1732006800,5915.75,5920.0,5882.0,5890.5,62354
1732010400,5890.0,5900.5,5887.75,5897.25,23975
1732014000,5897.0,5899.75,5889.5,5896.5,14727
1732017600,5896.75,5908.25,5895.5,5906.75,25407
1732021200,5906.75,5907.25,5861.0,5862.0,79319
1732024800,5862.0,5894.5,5855.0,5888.75,251095
1732028400,5888.5,5917.5,5882.25,5913.5,247067
1732032000,5913.5,5929.0,5912.5,5925.0,147268
1732035600,5925.0,5932.25,5917.0,5927.75,113078
1732039200,5927.75,5947.5,5925.25,5945.75,119632
1732042800,5945.75,5946.5,5927.0,5932.25,140531
1732046400,5932.25,5942.25,5929.75,5939.0,191571
1732050000,5939.0,5944.5,5937.0,5937.5,48578
1732057200,5937.75,5945.75,5937.0,5945.0,0
1732060800,5945.25,5954.0,5944.5,5950.0,9911
1732064400,5949.75,5952.0,5943.25,5945.75,8378
1732068000,5945.75,5951.0,5944.75,5950.0,4886
1732071600,5949.75,5950.25,5941.75,5944.5,6627
1732075200,5944.25,5948.5,5944.25,5947.5,4428
1732078800,5946.25,5948.75,5944.75,5946.75,4220
1732082400,5947.0,5955.25,5946.25,5954.0,7791
1732086000,5953.75,5956.25,5947.5,5953.25,9745
1732089600,5953.25,5957.75,5949.75,5950.25,15744
1732093200,5950.25,5956.5,5946.75,5949.5,11305
1732096800,5949.25,5949.75,5938.75,5944.0,12727
1732100400,5944.0,5948.75,5940.75,5944.75,14915
1732104000,5945.0,5952.5,5944.0,5951.5,12069
1732107600,5951.5,5954.0,5943.0,5945.0,19180
1732111200,5944.75,5945.0,5908.5,5908.75,196610
1732114800,5908.5,5916.25,5880.0,5908.25,291268
1732118400,5908.25,5922.25,5889.5,5917.75,203074
1732122000,5917.5,5921.25,5895.5,5905.25,147605
1732125600,5905.25,5911.75,5895.75,5902.0,103126
1732129200,5902.0,5913.75,5896.5,5909.25,92268
1732132800,5909.25,5942.75,5906.25,5939.0,232982
1732136400,5939.25,5944.25,5911.0,5939.75,101470
1732143600,5937.25,5942.5,5927.75,5940.0,0
1732147200,5940.25,5941.75,5918.0,5918.5,12049
1732150800,5918.75,5923.25,5911.25,5914.0,10321
1732154400,5914.0,5921.0,5913.25,5917.75,6542
1732158000,5918.0,5925.5,5918.0,5919.75,6231
1732161600,5920.0,5925.25,5916.25,5924.0,4124
1732165200,5925.5,5929.75,5922.0,5925.5,4757
1732168800,5925.75,5928.75,5923.25,5927.75,4523
1732172400,5927.75,5935.5,5910.75,5924.25,25621
1732176000,5924.0,5930.75,5913.5,5922.5,29442
1732179600,5922.25,5922.5,5905.25,5916.25,30873
1732183200,5916.0,5925.0,5912.5,5923.25,13654
1732186800,5923.25,5942.5,5923.0,5941.25,24259
1732190400,5941.5,5960.5,5939.75,5949.75,40801
1732194000,5949.5,5970.75,5949.25,5962.75,48044
1732197600,5963.0,5971.5,5918.75,5930.75,300806
1732201200,5930.5,5950.5,5907.25,5950.25,365142
1732204800,5950.25,5965.5,5943.75,5953.0,212494
1732208400,5953.0,5975.75,5944.75,5971.5,151106
1732212000,5971.25,5982.5,5970.5,5978.5,121435
1732215600,5978.5,5981.25,5969.25,5979.75,114500
1732219200,5979.75,5985.0,5969.75,5970.0,172982
1732222800,5970.0,5972.5,5966.0,5966.5,80519
1732230000,5967.0,5968.75,5961.25,5964.25,0
1732233600,5964.25,5969.25,5962.0,5963.5,7055
1732237200,5963.75,5971.5,5963.5,5968.0,5678
1732240800,5968.0,5972.75,5966.25,5971.75,4472
1732244400,5971.5,5977.0,5960.0,5965.75,12968
1732248000,5966.0,5971.5,5964.5,5968.75,5449
1732251600,5969.25,5970.25,5960.5,5961.0,5730
1732255200,5961.0,5972.25,5960.75,5969.5,7486
1732258800,5969.25,5976.0,5967.25,5970.5,7613
1732262400,5970.75,5975.5,5966.25,5969.5,14941
1732266000,5969.5,5970.0,5941.25,5956.75,39100
1732269600,5956.75,5957.25,5940.75,5953.0,21203
1732273200,5953.0,5960.5,5947.75,5959.5,12695
1732276800,5959.25,5967.75,5959.25,5967.0,16892
1732280400,5967.0,5971.25,5962.5,5965.25,23865
1732284000,5965.25,5993.25,5963.0,5991.25,197254
1732287600,5990.75,5992.0,5962.75,5989.5,286789
1732291200,5989.75,5990.75,5968.75,5981.75,177911
1732294800,5982.0,5990.75,5978.25,5989.0,123895
1732298400,5989.0,5993.5,5980.75,5986.0,106437
1732302000,5986.0,5988.0,5973.25,5985.75,109796
1732305600,5985.75,5992.75,5972.75,5986.0,218827
1732309200,5985.75,5991.25,5984.5,5990.25,54426
1732489200,6006.0,6011.0,6005.5,6008.75,12388
1732492800,6009.0,6014.0,6008.75,6013.5,8696
1732496400,6013.5,6015.25,6012.75,6013.25,8718
1732500000,6013.5,6014.75,6013.0,6014.25,3899
1732503600,6014.25,6015.0,6012.25,6013.25,3147
1732507200,6013.5,6014.5,6013.25,6013.75,2995
1732510800,6013.5,6014.25,6012.25,6014.0,3698
1732514400,6014.0,6014.0,6011.5,6012.25,4397
1732518000,6012.25,6013.0,6009.0,6011.5,6268
1732521600,6011.75,6014.5,6010.75,6012.75,13577
1732525200,6012.75,6017.0,6011.0,6016.0,11961
1732528800,6016.0,6018.5,6014.5,6018.0,8140
1732532400,6018.0,6019.25,6015.25,6017.25,8121
1732536000,6017.0,6017.75,6011.25,6016.25,18150
1732539600,6016.25,6032.25,6014.75,6027.75,42377
1732543200,6027.5,6040.0,6018.0,6023.75,261315
1732546800,6023.75,6024.0,6006.0,6010.5,289396
1732550400,6010.5,6015.25,6002.0,6003.0,162018
1732554000,6003.0,6006.75,5982.5,5995.25,187766
1732557600,5995.25,6007.0,5994.75,6003.75,102155
1732561200,6003.75,6005.0,5995.5,6001.5,88610
1732564800,6001.75,6009.0,5997.5,6005.75,201320
1732568400,6006.0,6015.75,6001.75,6012.75,86782
1732575600,6013.25,6018.75,5987.25,5994.0,0
1732579200,5994.25,5994.75,5982.75,5985.0,30237
1732582800,5985.0,5997.0,5976.25,5996.0,24083
1732586400,5996.25,6004.5,5996.0,6002.5,11745
1732590000,6002.5,6008.25,6001.0,6006.25,7281
1732593600,6006.5,6011.0,6006.0,6007.5,5959
1732597200,6009.25,6009.25,6002.25,6003.75,6079
1732600800,6004.0,6012.0,6003.75,6008.0,5874
1732604400,6007.75,6009.25,6000.75,6001.25,10033
1732608000,6001.0,6005.0,5997.5,6000.5,20135
1732611600,6000.75,6007.25,5999.75,6006.0,11851
1732615200,6006.25,6010.5,6001.5,6010.0,11313
1732618800,6010.0,6022.0,6006.75,6020.0,15202
1732622400,6020.0,6022.75,6017.25,6022.0,24459
1732626000,6021.75,6023.25,6017.25,6019.75,30707
1732629600,6020.0,6027.0,6015.5,6021.0,172092
1732633200,6020.25,6025.75,6011.25,6021.25,199834
1732636800,6021.0,6029.5,6019.25,6028.25,118651
1732640400,6028.25,6032.0,6021.25,6031.5,79863
1732644000,6031.5,6032.75,6026.75,6032.25,62005
1732647600,6032.25,6034.75,6023.0,6030.75,112076
1732651200,6030.75,6044.0,6030.0,6037.25,203952
1732654800,6037.25,6043.5,6036.75,6041.5,79372
1732662000,6041.75,6043.25,6036.5,6040.5,0
1732665600,6040.5,6041.25,6036.75,6040.25,5851
1732669200,6040.0,6042.5,6039.5,6042.25,4548
1732672800,6042.25,6047.0,6041.5,6043.75,7668
1732676400,6043.75,6044.0,6038.75,6040.25,5420
1732680000,6040.25,6040.25,6034.25,6036.25,4805
1732683600,6036.5,6038.25,6034.25,6035.75,3963
1732687200,6036.0,6039.25,6035.25,6036.75,4314
1732690800,6036.75,6041.5,6035.75,6037.5,7614
1732694400,6037.5,6038.25,6026.75,6029.5,22227
1732698000,6029.5,6033.0,6024.5,6028.0,14164
1732701600,6028.25,6031.75,6025.75,6030.5,9376
1732705200,6030.5,6031.5,6024.25,6030.5,10359
1732708800,6030.5,6033.75,6027.5,6032.0,11127
1732712400,6032.0,6038.25,6031.0,6036.0,23031
1732716000,6036.0,6037.0,6027.75,6032.5,125125
1732719600,6032.0,6032.5,6013.75,6016.75,213457
1732723200,6017.25,6019.75,6008.25,6009.75,151491
1732726800,6009.75,6012.25,6000.25,6011.75,110809
1732730400,6011.5,6019.0,6009.5,6017.0,85167
1732734000,6017.25,6019.0,6012.0,6015.0,68308
1732737600,6015.0,6018.0,6007.25,6015.75,160668
1732741200,6015.75,6017.25,6013.75,6015.5,36840
1732748400,6015.0,6021.5,6014.75,6020.0,0
1732752000,6020.0,6022.75,6020.0,6022.0,3636
1732755600,6021.75,6023.25,6020.75,6021.75,5139
1732759200,6021.75,6023.5,6021.25,6023.0,2729
1732762800,6022.75,6023.5,6022.0,6023.0,2106
1732766400,6023.0,6024.0,6022.25,6022.5,3072
1732856400,6033.5,6034.0,6031.0,6031.25,4104
1732860000,6031.25,6032.5,6028.5,6030.75,3718
1732863600,6031.0,6031.0,6023.5,6027.25,6250
1732867200,6027.25,6033.25,6027.0,6031.5,8508
1732870800,6031.25,6034.5,6030.5,6033.0,7226
1732874400,6032.75,6035.25,6030.25,6032.5,6327
1732878000,6032.25,6034.0,6029.25,6033.25,5940
1732881600,6033.0,6033.75,6026.5,6029.25,9110
1732885200,6029.25,6029.75,6018.75,6022.25,21284
1732890600,6022.25,6033.0,6019.0,6033.0,106620
1732894200,6032.75,6045.0,6032.75,6044.5,144078
1732897800,6044.5,6055.25,6044.25,6053.5,107579
1732901400,6053.5,6060.0,6049.75,6051.25,192603
1732903200,6051.5,6054.25,6048.75,6051.5,40090
1733094000,6051.5,6054.5,6044.0,6045.5,10757
1733097600,6045.75,6049.5,6042.0,6044.75,8583
1733101200,6045.0,6047.0,6042.25,6042.5,5847
1733104800,6042.5,6043.0,6040.75,6041.5,5580
1733108400,6041.5,6043.0,6039.0,6039.75,5310
1733112000,6039.75,6043.0,6039.0,6040.25,5673
1733115600,6040.25,6042.0,6038.75,6039.0,4622
1733119200,6039.0,6039.5,6036.0,6039.5,5375
1733122800,6039.5,6040.25,6037.25,6039.75,6431
1733126400,6040.0,6042.0,6038.5,6041.75,10271
1733130000,6042.0,6042.5,6038.75,6039.75,8465
1733133600,6040.0,6042.0,6037.5,6040.25,9356
1733137200,6040.5,6044.25,6040.0,6044.0,10665
1733140800,6044.25,6051.5,6043.5,6049.25,16880
1733144400,6049.25,6053.0,6048.0,6051.75,22194
1733148000,6051.75,6062.0,6049.75,6054.0,143047
1733151600,6054.25,6061.25,6050.0,6052.5,146447
1733155200,6052.25,6064.0,6050.25,6061.75,94156
1733158800,6062.0,6065.0,6059.0,6061.0,62592
1733162400,6061.0,6064.0,6059.0,6063.0,52074
1733166000,6063.0,6065.0,6056.0,6064.5,64644
1733169600,6064.5,6068.5,6059.75,6062.25,182073
1733173200,6062.25,6067.75,6061.25,6063.0,55031
1733180400,6064.0,6066.25,6060.5,6063.5,0
1733184000,6063.5,6064.5,6061.0,6062.0,5002
1733187600,6061.75,6063.25,6060.5,6060.75,6124
1733191200,6060.75,6062.5,6060.0,6062.0,3354
1733194800,6061.75,6067.0,6061.75,6065.75,4282
1733198400,6065.75,6067.5,6064.75,6065.0,2989
1733202000,6064.25,6066.5,6064.25,6066.0,2519
1733205600,6066.0,6067.25,6062.75,6062.75,3321
1733209200,6062.75,6064.5,6061.5,6062.0,4681
1733212800,6061.75,6066.5,6061.5,6065.0,13234
1733216400,6065.0,6065.75,6062.25,6064.5,7795
1733220000,6064.75,6065.25,6060.5,6060.5,6064
1733223600,6060.5,6063.75,6057.5,6063.25,9118
1733227200,6063.25,6066.25,6060.75,6063.0,10555
1733230800,6063.0,6067.25,6060.75,6061.0,17971
1733234400,6061.25,6064.0,6052.0,6057.5,128867
1733238000,6057.5,6060.5,6047.5,6052.75,140431
1733241600,6053.0,6059.5,6047.75,6049.75,128197
1733245200,6049.75,6061.5,6049.5,6061.5,67376
1733248800,6061.5,6063.0,6057.0,6058.5,64737
1733252400,6058.5,6066.0,6055.75,6064.75,72959
1733256000,6064.5,6066.0,6059.5,6063.0,154290
1733259600,6062.75,6070.75,6061.25,6066.75,67298
1733266800,6067.0,6069.75,6063.0,6069.25,0
1733270400,6069.25,6069.25,6065.0,6066.75,5813
1733274000,6066.75,6068.0,6065.25,6066.5,4614
1733277600,6066.75,6070.5,6066.75,6069.75,4118
1733281200,6069.75,6070.25,6067.5,6069.75,3440
1733284800,6069.5,6072.25,6069.0,6071.75,3666
1733288400,6071.75,6073.75,6070.75,6072.5,3731
1733292000,6072.5,6073.0,6068.75,6071.75,4401
1733295600,6071.5,6072.5,6069.5,6071.75,5264
1733299200,6071.75,6076.75,6071.5,6076.5,12401
1733302800,6076.5,6080.0,6075.25,6077.25,12067
1733306400,6077.25,6079.75,6075.0,6078.5,7523
1733310000,6078.5,6082.25,6077.75,6081.5,10975
1733313600,6081.5,6082.75,6079.0,6079.5,11507
1733317200,6079.75,6085.0,6079.25,6084.75,26378
1733320800,6084.5,6086.0,6078.75,6082.75,105048
1733324400,6081.75,6086.75,6072.5,6085.5,190249
1733328000,6085.5,6088.25,6084.0,6087.0,83332
1733331600,6087.0,6088.75,6082.5,6087.5,74513
1733335200,6087.5,6089.0,6075.25,6083.0,109416
1733338800,6083.0,6094.75,6080.75,6092.75,110917
1733342400,6092.5,6102.25,6091.75,6099.25,181007
1733346000,6099.25,6099.5,6094.5,6095.5,76745
1733353200,6095.25,6096.75,6092.75,6094.0,0
1733356800,6094.0,6094.0,6091.25,6091.5,5753
1733360400,6091.5,6096.0,6091.0,6095.0,5435
1733364000,6095.0,6096.5,6092.75,6093.25,4330
1733367600,6093.25,6095.75,6092.75,6095.25,3209
1733371200,6095.25,6095.25,6092.25,6093.75,2465
1733374800,6093.75,6096.25,6093.5,6096.25,2275
1733378400,6096.25,6097.0,6095.0,6095.75,3726
1733382000,6095.75,6096.25,6093.5,6094.0,5460
1733385600,6094.0,6097.75,6093.25,6095.75,13009
1733389200,6095.75,6096.0,6093.0,6095.5,8419
1733392800,6095.5,6097.5,6093.25,6094.25,7007
1733396400,6094.25,6096.75,6093.75,6095.0,6261
1733400000,6095.0,6098.0,6094.5,6097.75,10954
1733403600,6098.0,6098.25,6092.75,6096.0,19606
1733407200,6096.25,6100.75,6095.5,6100.25,101353
1733410800,6100.25,6104.75,6090.25,6092.0,168686
1733414400,6091.75,6100.0,6090.75,6100.0,95716
1733418000,6100.0,6107.25,6098.5,6106.5,81539
1733421600,6106.5,6106.75,6091.0,6096.0,146488
1733425200,6096.0,6099.25,6091.5,6094.25,98916
1733428800,6094.25,6096.5,6085.5,6088.75,209636
1733432400,6089.0,6089.5,6081.5,6085.75,46424
1733439600,6085.5,6086.0,6079.5,6084.25,0
1733443200,6084.5,6084.5,6081.0,6082.75,3895
1733446800,6082.75,6084.25,6081.25,6083.25,5680
1733450400,6083.25,6086.75,6082.5,6085.25,3466
1733454000,6085.25,6086.0,6082.5,6082.75,3202
1733457600,6082.5,6084.75,6080.75,6084.75,3976
1733461200,6083.5,6085.0,6083.25,6084.75,2222
1733464800,6084.75,6086.25,6084.25,6085.0,2286
1733468400,6085.0,6086.75,6084.0,6085.25,4223
1733472000,6085.0,6089.0,6084.25,6087.5,8708
1733475600,6087.25,6088.0,6083.25,6084.75,7452
1733479200,6084.75,6086.0,6080.25,6080.75,5900
1733482800,6080.75,6083.0,6078.25,6082.75,7731
1733486400,6082.75,6086.5,6081.75,6083.5,10277
1733490000,6083.75,6100.75,6076.0,6094.5,54949
1733493600,6094.5,6111.0,6092.5,6110.25,145238
1733497200,6109.75,6111.0,6102.25,6107.0,146815
1733500800,6106.75,6107.5,6095.5,6098.25,132769
1733504400,6098.25,6098.75,6090.5,6093.5,112184
1733508000,6093.5,6103.75,6092.75,6100.5,104272
1733511600,6100.5,6100.75,6090.0,6093.25,102359
1733515200,6093.25,6101.25,6091.25,6098.75,157216
1733518800,6098.75,6099.5,6095.5,6096.75,46982
1733698800,6096.25,6103.0,6095.25,6101.5,6770
1733702400,6101.25,6101.75,6097.0,6097.75,4595
1733706000,6097.75,6098.5,6094.0,6097.75,5391
1733709600,6098.0,6099.0,6095.75,6097.0,3572
1733713200,6097.25,6098.0,6094.75,6095.0,3082
1733716800,6095.0,6095.75,6093.25,6094.25,2670
1733720400,6094.25,6095.75,6094.0,6095.5,2594
1733724000,6095.25,6097.25,6095.25,6096.25,2431
1733727600,6096.0,6104.5,6094.75,6103.25,9503
1733731200,6103.25,6105.5,6101.0,6103.5,11341
1733734800,6103.5,6103.75,6094.5,6096.0,13095
1733738400,6096.0,6096.25,6092.25,6093.5,8725
1733742000,6093.5,6095.75,6088.5,6095.0,18818
1733745600,6094.75,6098.75,6093.25,6097.0,13726
1733749200,6096.75,6098.0,6093.5,6096.5,12876
1733752800,6096.5,6098.5,6090.75,6093.5,117063
1733756400,6093.5,6094.5,6071.25,6072.75,245468
1733760000,6072.75,6080.0,6065.0,6078.75,184794
1733763600,6078.75,6079.5,6071.5,6072.0,96180
1733767200,6072.0,6083.25,6069.0,6078.75,103083
1733770800,6079.0,6079.0,6064.0,6069.0,117329
1733774400,6069.0,6069.5,6060.0,6065.75,236704
1733778000,6065.75,6066.0,6060.0,6063.25,56599
1733785200,6065.25,6065.25,6060.25,6062.0,0
1733788800,6061.75,6063.25,6060.25,6062.75,6194
1733792400,6062.75,6063.5,6059.5,6060.25,8318
1733796000,6060.5,6061.5,6060.0,6060.75,3439
1733799600,6060.75,6063.0,6060.5,6062.25,3020
1733803200,6062.5,6062.75,6060.5,6061.25,1867
1733806800,6062.5,6063.75,6060.25,6061.5,5816
1733810400,6061.5,6063.0,6060.0,6061.25,2789
1733814000,6061.0,6064.0,6061.0,6061.75,4403
1733817600,6062.0,6063.25,6059.25,6060.25,11319
1733821200,6060.25,6060.75,6057.5,6060.0,10651
1733824800,6059.75,6066.5,6059.75,6066.25,8521
1733828400,6066.25,6071.25,6065.75,6069.25,9581
1733832000,6069.5,6071.75,6068.5,6070.75,13838
1733835600,6070.75,6071.25,6065.25,6066.5,24542
1733839200,6066.75,6072.75,6061.0,6068.5,156850
1733842800,6068.75,6075.25,6066.75,6068.25,161016
1733846400,6068.0,6071.0,6061.25,6063.75,156310
1733850000,6063.75,6068.5,6060.0,6061.5,118204
1733853600,6061.75,6064.5,6058.5,6058.75,94268
1733857200,6059.0,6059.5,6054.0,6055.0,118355
1733860800,6055.0,6055.25,6039.75,6047.5,288098
1733864400,6047.5,6053.0,6047.25,6052.75,56998
1733871600,6052.75,6054.75,6049.5,6051.25,0
1733875200,6051.25,6052.0,6048.25,6050.25,4801
1733878800,6050.5,6052.25,6049.5,6050.75,3992
1733882400,6050.75,6051.25,6049.25,6050.25,2870
1733886000,6050.25,6051.25,6049.25,6050.0,2440
1733889600,6050.0,6050.25,6047.0,6050.0,3451
1733893200,6050.5,6051.5,6049.75,6051.0,2370
1733896800,6051.0,6052.75,6050.75,6052.5,3118
1733900400,6052.5,6053.0,6045.5,6047.75,8087
1733904000,6047.75,6052.5,6047.25,6050.5,8208
1733907600,6050.75,6053.5,6050.0,6051.5,9839
1733911200,6051.75,6052.25,6049.25,6051.0,6529
1733914800,6051.25,6054.0,6051.0,6052.0,6941
1733918400,6051.75,6053.25,6049.75,6051.25,10290
1733922000,6051.25,6071.5,6050.0,6070.75,65114
1733925600,6070.5,6084.0,6070.25,6083.75,175511
1733929200,6083.75,6090.25,6080.75,6085.25,201473
1733932800,6085.25,6096.75,6082.5,6095.5,124663
1733936400,6095.75,6100.0,6093.75,6099.25,108216
1733940000,6099.25,6102.5,6095.0,6096.0,90773
1733943600,6096.0,6100.0,6093.5,6097.25,102183
1733947200,6097.25,6098.75,6090.25,6092.5,192295
1733950800,6092.5,6093.0,6086.5,6087.25,64717
1733958000,6087.5,6088.25,6085.25,6086.75,0
1733961600,6086.5,6087.25,6082.0,6084.25,5018
1733965200,6084.25,6085.75,6082.5,6083.5,3602
1733968800,6083.5,6085.0,6082.5,6083.25,2918
1733972400,6083.25,6084.5,6082.75,6084.25,2687
1733976000,6084.0,6085.25,6083.75,6084.75,1675
1733979600,6084.75,6086.75,6084.25,6086.25,2582
1733983200,6086.5,6087.5,6083.5,6084.5,3885
1733986800,6084.5,6085.5,6082.25,6083.0,4584
1733990400,6083.0,6085.75,6081.5,6082.5,10362
1733994000,6082.75,6084.5,6081.0,6081.75,9562
1733997600,6081.75,6084.5,6081.25,6083.0,9935
1734001200,6082.75,6085.0,6079.5,6081.0,16680
1734004800,6081.25,6083.75,6079.5,6080.0,14126
1734008400,6080.0,6087.5,6071.0,6078.0,56056
1734012000,6078.0,6083.5,6073.5,6078.0,174892
1734015600,6078.0,6085.75,6067.5,6084.0,263772
1734019200,6083.75,6087.75,6073.5,6074.0,156570
1734022800,6074.0,6085.0,6073.5,6083.75,146769
1734026400,6083.75,6085.5,6073.0,6073.5,126345
1734030000,6073.5,6076.5,6064.0,6067.0,157972
1734033600,6066.75,6069.5,6059.5,6059.75,227522
1734037200,6059.75,6064.0,6055.5,6058.75,84010
1734044400,6065.0,6066.75,6062.25,6065.25,0
1734048000,6065.5,6071.0,6064.0,6068.75,6762
1734051600,6068.75,6069.25,6065.25,6065.75,5420
1734055200,6065.75,6066.5,6060.75,6065.5,5806
1734058800,6065.25,6065.75,6061.25,6062.5,3689
1734062400,6062.5,6066.75,6061.5,6066.5,3396
1734066000,6066.0,6066.0,6064.25,6065.25,1986
1734069600,6065.5,6069.75,6065.5,6069.75,3170
1734073200,6069.5,6071.5,6066.75,6070.0,5955
1734076800,6070.0,6076.25,6069.25,6074.75,9861
1734080400,6074.75,6079.25,6074.25,6079.0,11018
1734084000,6079.0,6081.5,6078.25,6080.5,10827
1734087600,6080.5,6082.0,6078.75,6079.75,13410
1734091200,6079.75,6083.25,6079.0,6082.25,25073
1734094800,6082.25,6085.25,6080.75,6082.0,31595
1734098400,6081.75,6084.75,6072.75,6075.25,262306
1734102000,6075.25,6075.75,6047.75,6048.0,382679
1734105600,6048.0,6060.0,6043.5,6051.25,288314
1734109200,6051.25,6053.25,6041.5,6042.25,188169
1734112800,6042.25,6057.5,6041.25,6054.5,165926
1734116400,6054.5,6059.75,6052.5,6056.5,125419
1734120000,6056.5,6060.25,6050.75,6055.75,253171
1734123600,6055.75,6056.0,6047.0,6050.5,61791
1734303600,6055.5,6058.75,6051.5,6056.75,5348
1734307200,6057.0,6060.5,6056.75,6059.0,4959
1734310800,6058.75,6061.0,6057.5,6061.0,4453
1734314400,6061.0,6062.75,6059.75,6061.75,3573
1734318000,6061.75,6062.25,6059.0,6059.5,2147
1734321600,6059.5,6061.25,6058.25,6058.5,1793
1734325200,6058.5,6058.75,6056.0,6056.5,2853
1734328800,6056.5,6059.25,6056.5,6059.25,3978
1734332400,6059.5,6060.5,6056.75,6058.25,5606
1734336000,6058.5,6061.0,6057.5,6058.25,13961
1734339600,6058.25,6063.75,6057.0,6063.5,18721
1734343200,6063.5,6069.0,6063.5,6066.0,16746
1734346800,6066.25,6066.75,6061.75,6066.0,19578
1734350400,6065.75,6070.5,6065.25,6069.0,27023
1734354000,6068.75,6076.25,6067.0,6075.75,80211
1734357600,6075.75,6076.75,6068.25,6075.25,219972
1734361200,6075.25,6083.25,6064.75,6079.75,288763
1734364800,6079.5,6082.5,6076.75,6082.25,160369
1734368400,6082.25,6086.25,6078.25,6085.25,162293
1734372000,6085.5,6090.5,6084.25,6089.0,127927
1734375600,6088.75,6089.5,6085.5,6087.75,107762
1734379200,6087.75,6090.5,6073.0,6080.0,210156
1734382800,6080.0,6081.75,6073.5,6076.5,39728
1734390000,6077.0,6077.0,6070.0,6073.5,0
1734393600,6073.5,6074.75,6071.25,6072.0,3398
1734397200,6072.0,6078.0,6070.5,6077.5,3521
1734400800,6077.5,6079.25,6077.0,6078.5,1897
1734404400,6078.5,6078.5,6075.75,6076.5,1166
1734408000,6076.5,6079.25,6075.75,6076.0,1790
1734411600,6075.5,6076.5,6072.5,6072.75,2364
1734415200,6073.0,6073.5,6067.25,6068.75,3620
1734418800,6068.75,6070.25,6061.5,6062.5,6300
1734422400,6062.5,6063.25,6058.75,6059.25,12874
1734426000,6059.5,6065.0,6059.0,6064.75,15626
1734429600,6064.75,6065.75,6060.75,6064.5,13444
1734433200,6064.75,6068.0,6059.25,6062.0,17028
1734436800,6062.0,6064.25,6057.5,6057.5,24526
1734440400,6057.5,6058.25,6051.0,6056.75,41359
1734444000,6056.75,6060.25,6047.25,6055.0,157895
1734447600,6055.0,6055.5,6043.0,6050.5,172032
1734451200,6050.5,6063.5,6049.75,6061.0,121038
1734454800,6061.25,6061.75,6054.25,6059.75,91162
1734458400,6059.75,6059.75,6051.75,6054.25,70323
1734462000,6054.25,6054.75,6044.25,6046.0,84915
1734465600,6046.0,6059.5,6040.75,6054.0,147734
1734469200,6054.0,6057.0,6048.5,6052.0,27791
1734476400,6053.5,6053.75,6040.0,6049.75,0
1734480000,6049.75,6054.0,6049.5,6052.5,1498
1734483600,6052.75,6059.75,6052.75,6059.25,2472
1734487200,6059.5,6061.5,6059.5,6060.75,1535
1734490800,6060.75,6061.25,6055.75,6056.75,1569
1734494400,6056.75,6063.0,6056.75,6062.5,1968
1734498000,6060.0,6063.5,6059.5,6062.75,864
1734501600,6062.75,6064.5,6059.75,6063.0,2133
1734505200,6063.0,6063.5,6060.25,6061.5,2427
1734508800,6061.75,6065.5,6059.0,6060.5,6613
1734512400,6060.25,6065.75,6058.5,6065.25,7606
1734516000,6065.25,6071.5,6065.25,6070.25,4777
1734519600,6070.25,6071.0,6068.0,6068.75,6740
1734523200,6068.5,6073.25,6067.75,6072.75,13074
1734526800,6072.25,6072.5,6057.75,6058.0,24312
1734530400,6058.0,6058.75,6045.0,6056.25,53418
1734534000,6056.5,6074.5,6055.0,6070.25,63157
1734537600,6070.25,6073.25,6057.0,6068.25,66795
1734541200,6068.25,6073.75,6062.75,6066.25,51599
1734544800,6066.0,6067.25,6061.75,6064.75,28954
1734548400,6066.0,6066.0,5970.75,5974.25,117493
1734552000,5974.5,5979.25,5865.25,5871.0,214824
1734555600,5870.5,5876.0,5840.0,5872.25,67065
1734562800,5881.75,5889.5,5872.75,5876.0,0
1734566400,5876.0,5887.75,5875.25,5886.25,6664
1734570000,5886.5,5891.25,5877.75,5885.0,4718
1734573600,5884.5,5886.0,5876.25,5878.0,2480
1734577200,5878.25,5882.25,5873.25,5880.5,5136
1734580800,5880.75,5883.5,5878.0,5881.0,1647
1734584400,5881.0,5884.0,5870.25,5871.0,1809
1734588000,5871.0,5880.75,5871.0,5876.5,3172
1734591600,5876.75,5895.5,5875.25,5893.5,8148
1734595200,5893.5,5899.0,5886.75,5898.25,8154
1734598800,5898.0,5899.75,5889.75,5897.25,6655
1734602400,5897.25,5904.5,5894.25,5894.5,7975
1734606000,5894.75,5902.25,5892.75,5899.75,6365
1734609600,5899.75,5921.75,5898.25,5921.5,9518
1734613200,5921.25,5924.25,5910.5,5911.25,18252
1734616800,5911.0,5938.0,5906.5,5913.75,59163
1734620400,5913.5,5917.75,5886.5,5906.5,70965
1734624000,5905.5,5922.5,5886.5,5907.0,51880
1734627600,5906.75,5910.0,5882.75,5899.0,34987
1734631200,5898.75,5921.0,5881.25,5920.75,35350
1734634800,5920.5,5920.75,5888.25,5888.25,30817
1734638400,5888.25,5902.0,5866.75,5869.25,50028
1734642000,5869.0,5878.0,5865.5,5875.0,15947
1734649200,5879.5,5879.5,5868.25,5869.75,0
1734652800,5871.5,5873.5,5849.5,5849.5,1034
1734656400,5850.75,5856.0,5848.5,5850.5,835
1734660000,5849.25,5849.25,5841.0,5847.5,584
1734663600,5847.5,5849.5,5837.5,5840.25,516
1734667200,5842.5,5849.25,5842.5,5848.5,342
1734670800,5850.0,5852.5,5848.0,5852.25,525
1734674400,5852.0,5861.75,5848.0,5861.25,315
1734678000,5861.0,5862.75,5851.75,5857.0,669
1734681600,5857.25,5857.25,5827.25,5837.5,3488
1734685200,5837.5,5838.0,5817.0,5820.5,4094
1734688800,5820.75,5827.5,5814.25,5823.5,3572
1734692400,5823.25,5828.75,5817.5,5819.25,2692
1734696000,5818.0,5821.75,5800.75,5821.0,6820
1734699600,5820.75,5848.5,5813.5,5838.5,9356
1734703200,5837.5,5848.75,5831.25,5840.75,6419
1734728400,5996.5,5996.5,5996.5,5996.5,2091064
1734908400,6001.75,6026.0,6001.75,6021.0,13291
1734912000,6021.25,6022.5,6011.25,6015.75,10685
1734915600,6015.75,6024.75,6012.5,6023.75,8817
1734919200,6023.75,6025.0,6020.0,6024.0,7427
1734922800,6023.75,6024.25,6020.0,6021.75,3718
1734926400,6021.5,6029.0,6021.5,6028.5,4283
1734930000,6028.5,6032.0,6026.0,6031.25,5031
1734933600,6031.25,6033.0,6029.0,6030.75,4674
1734937200,6031.0,6031.5,6022.75,6026.5,9902
1734940800,6026.75,6028.5,6016.5,6020.25,15084
1734944400,6020.5,6024.0,6016.25,6018.25,11509
1734948000,6018.0,6021.0,6005.5,6006.25,9688
1734951600,6006.25,6007.75,5992.5,5995.25,14278
1734955200,5995.5,6009.5,5995.5,6009.0,19173
1734958800,6008.5,6009.25,5983.0,5989.0,35504
1734962400,5989.25,6008.25,5981.25,5993.5,190095
1734966000,5993.5,5995.5,5965.0,5979.25,224146
1734969600,5979.0,6015.0,5977.75,6014.25,119262
1734973200,6014.5,6020.5,6002.5,6015.5,119370
1734976800,6015.5,6029.75,6013.5,6027.0,90465
1734980400,6027.0,6033.5,6019.0,6019.5,84248
1734984000,6019.25,6043.0,6012.0,6037.25,242922
1734987600,6037.0,6041.5,6030.0,6036.0,57241
1734994800,6037.75,6042.5,6034.0,6036.0,0
1734998400,6036.25,6036.5,6030.0,6035.25,4508
1735002000,6035.25,6036.5,6032.0,6034.25,3649
1735005600,6033.75,6036.0,6032.25,6035.5,2772
1735009200,6035.75,6038.0,6032.25,6034.5,2928
1735012800,6034.5,6035.75,6032.0,6035.5,1316
1735016400,6034.5,6035.25,6033.0,6034.25,1505
1735020000,6034.25,6038.25,6032.5,6036.75,2118
1735023600,6036.75,6042.5,6036.25,6039.0,5048
1735027200,6039.25,6040.25,6033.5,6037.5,5656
1735030800,6037.5,6046.0,6036.5,6044.75,5889
1735034400,6045.0,6046.0,6040.75,6044.0,3918
1735038000,6044.0,6045.75,6037.5,6040.75,4593
1735041600,6040.75,6044.0,6039.25,6043.5,6950
1735045200,6043.25,6046.0,6040.75,6045.5,9001
1735050600,6045.5,6060.0,6042.25,6059.0,104438
1735054200,6059.25,6081.25,6059.0,6079.0,128509
1735057800,6079.0,6085.5,6075.0,6077.0,85689
1735061400,6077.0,6099.5,6075.5,6098.5,165543
1735063200,6098.5,6099.25,6094.25,6098.0,31404
1735189200,6102.25,6104.25,6101.0,6102.75,2048
1735192800,6103.0,6103.5,6099.25,6099.25,2485
1735196400,6099.5,6102.25,6098.25,6101.25,2460
1735200000,6101.0,6101.25,6082.75,6085.0,14475
1735203600,6085.0,6087.0,6074.25,6076.25,12765
1735207200,6076.5,6076.5,6069.0,6073.75,9351
1735210800,6073.75,6077.75,6067.5,6077.0,10415
1735214400,6077.0,6080.25,6074.75,6077.75,10173
1735218000,6077.75,6080.25,6071.0,6076.75,18337
1735221600,6076.5,6086.5,6063.25,6082.0,133246
1735225200,6081.75,6090.75,6076.25,6090.5,130470
1735228800,6090.5,6101.25,6086.75,6100.5,79216
1735232400,6100.75,6107.5,6085.75,6092.0,95140
1735236000,6092.0,6100.75,6090.0,6095.75,83463
1735239600,6095.75,6100.5,6088.5,6100.0,64516
1735243200,6100.0,6104.0,6093.0,6095.0,117404
1735246800,6095.0,6098.5,6091.0,6091.5,34594
1735254000,6092.0,6095.25,6089.75,6095.0,0
1735257600,6095.25,6095.25,6083.0,6086.5,5438
1735261200,6086.5,6088.0,6083.75,6086.25,3744
1735264800,6086.25,6087.75,6084.75,6085.0,2106
1735268400,6085.0,6086.25,6082.5,6084.5,2973
1735272000,6084.5,6085.5,6082.5,6082.75,1851
1735275600,6085.0,6086.5,6082.5,6083.0,2509
1735279200,6082.75,6083.0,6077.5,6079.25,4507
1735282800,6079.25,6081.25,6075.75,6077.0,3264
1735286400,6077.0,6078.5,6070.5,6072.0,11970
1735290000,6071.75,6075.5,6070.25,6072.25,8215
1735293600,6072.5,6074.25,6070.75,6074.0,6536
1735297200,6074.0,6076.0,6072.0,6075.75,6457
1735300800,6075.5,6078.75,6073.5,6075.25,9250
1735304400,6075.25,6075.5,6065.0,6066.25,23715
1735308000,6066.5,6068.0,6041.25,6045.0,200591
1735311600,6044.75,6047.0,5997.75,6014.25,319559
1735315200,6013.75,6023.5,5992.0,5996.0,186221
1735318800,5996.0,6000.25,5982.75,5996.0,164338
1735322400,5996.0,6017.25,5993.75,6015.75,110356
1735326000,6015.5,6033.75,6012.25,6031.0,125536
1735329600,6030.75,6031.5,6003.0,6028.5,276446
1735333200,6028.75,6031.75,6027.0,6029.25,62996
1735513200,6028.75,6036.25,6017.5,6024.75,9829
1735516800,6024.75,6027.25,6018.25,6024.25,7057
1735520400,6024.25,6026.75,6019.25,6025.25,4889
1735524000,6025.25,6025.25,6019.5,6020.5,3169
1735527600,6020.5,6020.5,6015.75,6017.0,4006
1735531200,6017.25,6019.75,6015.25,6017.75,2867
1735534800,6017.75,6018.75,6011.5,6013.25,4361
1735538400,6013.5,6020.5,6012.5,6014.25,4072
1735542000,6014.0,6014.0,6003.5,6007.0,8298
1735545600,6006.5,6015.0,6004.5,6011.75,11049
1735549200,6011.75,6015.25,6009.0,6012.0,9269
1735552800,6011.75,6015.0,6011.0,6012.75,5807
1735556400,6013.0,6016.25,6011.75,6012.75,6742
1735560000,6013.0,6013.25,5962.75,5970.5,42031
1735563600,5970.5,5973.5,5945.25,5949.25,51903
1735567200,5949.25,5960.0,5926.5,5927.25,224077
1735570800,5927.25,5948.5,5918.25,5945.25,288970
1735574400,5945.25,5971.0,5938.5,5968.0,161611
1735578000,5968.0,5990.25,5966.5,5986.75,136838
1735581600,5987.0,5993.25,5975.25,5987.0,118530
1735585200,5987.0,5988.75,5969.0,5984.5,105052
1735588800,5984.25,5987.75,5956.25,5958.0,215007
1735592400,5958.25,5960.0,5948.0,5954.25,69166
1735599600,5955.0,5955.0,5944.0,5953.25,0
1735603200,5953.5,5954.75,5947.5,5948.5,3193
1735606800,5948.5,5960.75,5948.25,5959.75,4887
1735610400,5959.75,5966.25,5958.0,5959.25,4918
1735614000,5959.25,5960.25,5952.5,5956.25,4885
1735617600,5956.25,5956.75,5949.75,5955.25,3492
1735621200,5956.25,5957.0,5952.25,5956.25,2656
1735624800,5956.25,5956.25,5948.5,5951.75,2891
1735628400,5951.5,5957.5,5950.25,5954.0,4329
1735632000,5954.25,5956.75,5949.25,5953.25,6794
1735635600,5953.5,5977.75,5952.0,5975.0,13661
1735639200,5975.0,5979.75,5972.75,5976.75,5394
1735642800,5977.0,5980.25,5973.5,5978.25,7973
1735646400,5978.25,5983.25,5971.25,5972.25,15486
1735650000,5972.0,5980.0,5968.0,5973.0,18785
1735653600,5973.25,5980.0,5959.0,5973.75,128789
1735657200,5973.5,5980.25,5954.75,5960.0,170256
1735660800,5960.0,5961.25,5938.25,5943.25,145901
1735664400,5943.25,5947.0,5921.75,5945.5,139630
1735668000,5945.25,5950.25,5920.5,5926.5,132094
1735671600,5926.75,5938.75,5917.25,5937.0,125438
1735675200,5937.0,5949.0,5923.5,5935.0,261368
1735678800,5935.25,5941.25,5930.75,5938.25,55312
1735794000,5955.25,5965.5,5955.0,5963.75,5963
1735797600,5964.0,5968.0,5962.25,5967.0,4459
1735801200,5967.0,5969.5,5961.0,5961.5,6789
1735804800,5961.75,5975.0,5953.25,5964.25,19660
1735808400,5964.25,5972.5,5960.25,5972.0,12388
1735812000,5972.0,5974.0,5963.75,5972.25,11006
1735815600,5972.25,5989.75,5966.5,5989.25,16304
1735819200,5989.5,5995.25,5976.0,5983.5,27555
1735822800,5983.5,5988.0,5974.75,5978.25,23878
1735826400,5978.0,5978.75,5934.5,5974.75,238610
1735830000,5975.0,5985.0,5935.5,5948.0,292631
1735833600,5948.5,5960.0,5924.0,5951.25,175528
1735837200,5951.25,5959.25,5879.75,5899.0,251068
1735840800,5899.25,5901.25,5874.75,5889.0,179477
1735844400,5889.25,5911.0,5883.75,5892.5,134619
1735848000,5892.5,5925.25,5892.25,5917.25,213520
1735851600,5917.5,5925.25,5917.25,5920.0,42343
1735858800,5921.0,5922.75,5911.25,5914.75,0
1735862400,5914.5,5929.5,5913.25,5929.25,8563
1735866000,5929.25,5932.25,5922.75,5925.75,6800
1735869600,5925.75,5933.75,5925.5,5930.25,6304
1735873200,5930.25,5934.0,5930.25,5931.25,4259
1735876800,5931.25,5933.0,5927.0,5927.25,3086
1735880400,5926.0,5928.75,5923.75,5927.5,3266
1735884000,5927.25,5933.0,5925.5,5929.25,2833
1735887600,5929.0,5932.75,5924.0,5930.5,5636
1735891200,5930.5,5937.25,5924.25,5929.25,12516
1735894800,5929.25,5941.75,5927.5,5938.5,10440
1735898400,5938.5,5938.75,5927.75,5929.25,7549
1735902000,5929.25,5930.75,5924.75,5929.0,9060
1735905600,5929.0,5932.75,5923.75,5932.25,9332
1735909200,5932.0,5938.5,5930.25,5930.5,17885
1735912800,5930.5,5965.75,5930.25,5950.5,173124
1735916400,5950.5,5965.0,5934.0,5962.25,234827
1735920000,5962.0,5980.75,5951.5,5974.75,141777
1735923600,5974.75,5981.25,5969.25,5977.5,91536
1735927200,5977.5,5989.5,5972.25,5984.0,83682
1735930800,5984.0,5996.75,5981.75,5991.5,76757
1735934400,5991.5,5992.0,5980.75,5988.0,184939
1735938000,5988.25,5989.25,5983.0,5985.25,43811
1736118000,5994.5,5996.0,5986.0,5990.75,6757
1736121600,5991.0,5993.25,5982.0,5985.5,8838
1736125200,5985.5,5987.25,5981.25,5984.5,4754
1736128800,5984.5,5988.0,5980.75,5986.0,6222
1736132400,5986.0,5987.0,5983.5,5984.5,2943
1736136000,5984.5,5988.25,5984.25,5987.75,2642
1736139600,5987.5,5993.5,5987.0,5991.5,3610
1736143200,5991.5,5996.0,5990.25,5994.75,3479
1736146800,5994.75,6000.0,5992.75,5997.75,5686
1736150400,5998.25,6007.5,5997.0,6006.75,12344
1736154000,6006.75,6017.75,6006.5,6017.25,14515
1736157600,6017.25,6021.0,6013.25,6015.0,13253
1736161200,6014.75,6033.5,6007.5,6033.0,34916
1736164800,6032.75,6040.5,6028.0,6035.25,23814
1736168400,6035.25,6041.25,6031.75,6040.75,28977
1736172000,6041.0,6053.0,6015.75,6049.25,250748
1736175600,6049.25,6063.25,6047.0,6059.5,205401
1736179200,6059.75,6068.25,6056.25,6065.5,100027
1736182800,6065.5,6065.5,6043.5,6047.0,117294
1736186400,6047.25,6047.75,6025.0,6026.0,158639
1736190000,6026.0,6027.75,6011.25,6012.0,159680
1736193600,6011.75,6023.75,6004.0,6022.5,238082
1736197200,6022.25,6028.5,6022.0,6028.25,56326
1736204400,6028.0,6031.75,6025.0,6025.75,0
1736208000,6025.5,6027.25,6021.25,6023.5,5882
1736211600,6023.25,6024.25,6019.25,6023.0,6167
1736215200,6023.0,6026.5,6016.5,6017.0,5116
1736218800,6017.25,6021.0,6013.25,6020.75,4760
1736222400,6020.75,6020.75,6016.5,6017.5,3724
1736226000,6015.25,6017.0,6007.0,6014.75,6602
1736229600,6014.75,6017.0,6010.25,6011.5,3717
1736233200,6011.5,6018.25,6011.25,6018.0,5843
1736236800,6018.0,6026.5,6013.0,6023.75,14067
1736240400,6023.75,6027.75,6018.25,6019.75,9296
1736244000,6019.75,6028.5,6017.5,6027.75,6396
1736247600,6028.0,6029.5,6021.25,6024.0,8456
1736251200,6024.25,6032.5,6021.0,6027.5,14294
1736254800,6027.5,6037.5,6026.0,6037.5,21212
1736258400,6037.5,6045.5,6028.5,6032.0,146591
1736262000,6031.0,6031.0,5969.5,6001.5,436968
1736265600,6001.5,6004.5,5971.5,5973.75,247177
1736269200,5973.75,5984.25,5962.75,5975.75,155176
1736272800,5976.0,5991.0,5974.0,5977.25,113681
1736276400,5976.75,5983.0,5965.5,5967.25,107170
1736280000,5967.5,5968.5,5935.0,5955.0,306090
1736283600,5955.0,5959.5,5953.5,5954.75,50934
1736290800,5955.5,5958.75,5948.25,5958.25,0
1736294400,5958.0,5963.75,5957.0,5962.0,6944
1736298000,5962.0,5968.5,5960.5,5968.0,7511
1736301600,5967.75,5970.0,5963.25,5967.0,5913
1736305200,5966.75,5967.75,5961.75,5965.5,4814
1736308800,5965.75,5968.75,5963.0,5965.0,4267
1736312400,5966.25,5972.25,5965.25,5972.0,3888
1736316000,5972.0,5972.5,5963.75,5964.5,3858
1736319600,5964.5,5964.5,5957.5,5963.25,6683
1736323200,5963.25,5969.75,5961.0,5967.0,9923
1736326800,5967.0,5971.5,5966.0,5971.0,9476
1736330400,5971.0,5975.0,5970.25,5974.5,6067
1736334000,5974.25,5974.75,5936.25,5954.75,45374
1736337600,5954.75,5955.0,5926.5,5932.75,46175
1736341200,5933.0,5961.75,5932.25,5959.25,69228
1736344800,5959.25,5961.75,5931.25,5939.75,219572
1736348400,5939.5,5953.75,5925.5,5950.0,288939
1736352000,5950.0,5965.25,5937.75,5960.25,150887
1736355600,5960.25,5960.75,5917.0,5934.5,183107
1736359200,5934.5,5961.75,5933.75,5943.75,164222
1736362800,5944.25,5971.75,5937.0,5951.0,196089
1736366400,5951.25,5963.25,5944.5,5959.25,199756
1736370000,5959.25,5965.25,5950.75,5954.75,61397
1736377200,5955.0,5956.5,5948.0,5949.25,0
1736380800,5949.5,5951.25,5940.0,5946.75,7413
1736384400,5946.75,5948.75,5944.75,5945.25,5105
1736388000,5945.25,5952.5,5945.0,5952.0,3560
1736391600,5951.5,5952.0,5945.0,5945.0,3553
1736395200,5945.25,5946.75,5940.75,5944.5,4174
1736398800,5947.0,5949.75,5944.25,5949.0,3412
1736402400,5949.25,5950.0,5946.5,5948.5,2345
1736406000,5948.25,5948.5,5933.75,5935.0,7504
1736409600,5935.0,5952.0,5929.25,5949.75,12700
1736413200,5950.0,5954.25,5946.75,5952.5,7082
1736416800,5952.5,5957.0,5951.25,5953.75,6187
1736420400,5953.75,5953.75,5943.25,5947.5,8198
1736424000,5948.0,5951.5,5943.25,5950.75,7730
1736427600,5950.5,5954.75,5944.0,5946.25,15207
1736431200,5946.25,5946.25,5936.0,5944.75,14927
1736463600,5943.75,5945.25,5926.25,5930.5,0
1736467200,5930.75,5932.75,5920.5,5922.75,14822
1736470800,5923.0,5936.0,5922.75,5934.25,8372
1736474400,5934.25,5940.0,5932.25,5938.75,6094
1736478000,5938.75,5945.5,5938.5,5943.0,6427
1736481600,5942.75,5944.75,5940.0,5944.0,3752
1736485200,5945.5,5948.5,5944.0,5945.75,4899
1736488800,5946.0,5946.0,5937.25,5938.5,5656
1736492400,5938.25,5946.75,5935.5,5942.25,6048
1736496000,5942.25,5950.75,5940.0,5944.75,9796
1736499600,5944.75,5945.75,5934.5,5939.75,12239
1736503200,5939.5,5949.0,5937.0,5947.25,8269
1736506800,5947.0,5959.25,5946.75,5948.5,11990
1736510400,5948.75,5951.25,5936.5,5950.75,15650
1736514000,5950.75,5951.5,5888.0,5903.25,127763
1736517600,5903.0,5921.75,5884.0,5890.75,297606
1736521200,5890.25,5893.0,5852.0,5871.25,394737
1736524800,5871.25,5874.0,5848.0,5851.25,227010
1736528400,5851.25,5877.5,5845.25,5875.75,152077
1736532000,5875.75,5907.25,5870.0,5906.5,166843
1736535600,5906.5,5906.75,5873.5,5882.75,170819
1736539200,5882.75,5885.75,5858.0,5866.75,276680
1736542800,5866.5,5870.25,5858.5,5861.5,65129
1736722800,5864.5,5867.5,5848.0,5860.0,15923
1736726400,5859.75,5867.5,5855.25,5858.5,10130
1736730000,5858.5,5859.0,5838.5,5845.0,16502
1736733600,5844.75,5849.25,5841.25,5843.5,7027
1736737200,5843.25,5845.75,5831.0,5837.5,11727
1736740800,5837.5,5841.75,5837.25,5841.5,4742
1736744400,5841.25,5841.5,5835.0,5839.25,4736
1736748000,5839.25,5848.75,5839.25,5843.75,5979
1736751600,5843.75,5846.0,5836.5,5840.0,9719
1736755200,5840.0,5846.5,5823.5,5825.0,26331
1736758800,5825.25,5826.25,5809.0,5812.75,35223
1736762400,5812.75,5822.75,5810.0,5817.5,12834
1736766000,5817.5,5822.25,5813.25,5819.25,12689
1736769600,5819.0,5834.75,5811.75,5828.5,30322
1736773200,5828.5,5835.0,5821.25,5827.5,32617
1736776800,5827.5,5842.75,5813.0,5838.25,236552
1736780400,5838.25,5851.75,5818.75,5839.0,291428
1736784000,5838.75,5842.25,5818.75,5820.0,190971
1736787600,5819.75,5856.25,5816.5,5855.5,183638
1736791200,5855.25,5863.75,5849.25,5860.75,147909
1736794800,5860.75,5871.0,5850.25,5865.75,143926
1736798400,5865.5,5878.25,5859.5,5875.5,215346
1736802000,5875.25,5883.25,5872.0,5881.75,50982
1736809200,5887.25,5901.25,5886.75,5892.5,0
1736812800,5892.25,5893.75,5887.75,5892.5,8416
1736816400,5892.75,5892.75,5887.75,5889.0,5445
1736820000,5889.0,5890.5,5883.0,5890.0,6222
1736823600,5890.0,5891.0,5887.25,5887.25,4722
1736827200,5887.5,5892.75,5886.25,5892.25,2516
1736830800,5892.5,5896.0,5890.25,5896.0,3528
1736834400,5896.0,5897.5,5891.25,5892.75,4702
1736838000,5893.0,5897.75,5888.0,5895.75,6290
1736841600,5895.75,5913.5,5894.5,5908.5,18690
1736845200,5908.5,5911.0,5902.0,5905.5,13542
1736848800,5905.5,5907.25,5900.5,5905.5,6923
1736852400,5905.5,5905.5,5894.25,5896.0,9190
1736856000,5895.75,5898.5,5881.5,5889.5,19503
1736859600,5889.5,5918.5,5874.5,5897.25,93583
1736863200,5897.5,5909.75,5878.75,5882.25,196759
1736866800,5882.25,5906.0,5877.25,5877.5,256610
1736870400,5877.75,5879.25,5846.75,5846.75,231430
1736874000,5846.75,5864.75,5842.5,5861.5,165247
1736877600,5861.25,5898.0,5860.0,5895.0,138132
1736881200,5895.25,5898.75,5864.0,5865.5,157705
1736884800,5865.75,5883.25,5848.75,5882.0,353140
1736888400,5882.0,5895.0,5880.25,5891.5,61280
1736895600,5891.5,5891.5,5884.25,5886.5,0
1736899200,5886.5,5887.25,5884.25,5887.0,4505
1736902800,5886.75,5888.5,5885.25,5887.25,4785
1736906400,5887.25,5888.0,5883.25,5883.75,4355
1736910000,5883.75,5884.75,5882.75,5883.25,2251
1736913600,5883.25,5884.5,5881.0,5884.0,2898
1736917200,5883.5,5884.75,5882.5,5883.25,2839
1736920800,5883.25,5886.0,5882.75,5885.25,3218
1736924400,5885.0,5886.75,5883.25,5884.25,5763
1736928000,5884.5,5887.25,5879.5,5884.0,9913
1736931600,5884.25,5891.75,5883.0,5888.75,9448
1736935200,5889.0,5893.0,5883.75,5892.25,6685
1736938800,5892.25,5906.0,5891.5,5903.0,12911
1736942400,5902.75,5905.5,5897.75,5901.5,17697
1736946000,5901.75,5979.75,5900.0,5970.5,147725
1736949600,5970.75,5983.0,5952.5,5981.0,269591
1736953200,5981.0,5991.75,5972.5,5973.0,261169
1736956800,5973.25,5981.75,5955.75,5961.25,192193
1736960400,5961.0,5980.75,5959.5,5971.0,134081
1736964000,5971.25,5988.25,5971.0,5986.75,93292
1736967600,5987.0,5999.0,5986.0,5995.5,100442
1736971200,5995.75,6001.25,5987.75,5988.75,215986
1736974800,5988.75,5991.75,5985.25,5987.75,49982
1736982000,5988.5,5995.25,5986.5,5994.25,0
1736985600,5994.25,6002.0,5993.0,5997.5,8221
1736989200,5997.5,5997.5,5990.75,5991.5,6839
1736992800,5991.5,5992.5,5988.25,5991.25,4316
1736996400,5991.25,5995.0,5990.0,5991.5,5106
1737000000,5991.5,5993.0,5989.75,5990.25,2722
1737003600,5989.0,5990.0,5983.0,5985.5,5473
1737007200,5985.75,6001.25,5983.75,5997.25,16401
1737010800,5997.0,6017.25,5995.0,6016.25,20796
1737014400,6016.0,6017.5,6006.75,6008.0,21020
1737018000,6007.75,6010.5,5996.75,6001.75,21257
1737021600,6002.0,6010.0,5995.25,6007.25,15724
1737025200,6007.0,6008.75,6001.5,6006.5,11531
1737028800,6007.0,6007.25,5989.0,5990.5,24021
1737032400,5990.75,5999.0,5986.75,5996.25,50917
1737036000,5996.25,6003.25,5980.5,5981.75,186829
1737039600,5981.75,5995.0,5973.25,5994.75,268289
1737043200,5994.75,6004.25,5978.25,5995.25,200624
1737046800,5995.0,5998.5,5987.75,5989.5,114721
1737050400,5989.75,5995.5,5969.0,5973.5,133737
1737054000,5973.5,5991.0,5970.25,5989.25,118698
1737057600,5989.5,5993.5,5974.0,5976.25,208483
1737061200,5976.5,5977.0,5961.75,5969.5,57175
1737068400,5970.25,5974.75,5968.0,5974.5,0
1737072000,5974.25,5975.5,5972.0,5975.25,5225
1737075600,5975.25,5984.0,5975.0,5981.75,6360
1737079200,5982.0,5985.5,5977.5,5979.0,4572
1737082800,5979.0,5984.75,5977.0,5984.5,3333
1737086400,5984.25,5989.5,5984.0,5985.75,4766
1737090000,5986.75,5989.0,5984.5,5986.25,3858
1737093600,5986.5,5987.75,5983.0,5984.5,3899
1737097200,5984.75,5985.25,5977.0,5983.75,6301
1737100800,5983.5,5991.75,5983.0,5990.5,9241
1737104400,5990.5,5999.0,5989.5,5995.25,12174
1737108000,5995.25,5998.5,5992.25,5994.75,7872
1737111600,5994.75,6000.75,5992.75,5994.0,9810
1737115200,5994.0,5999.0,5990.0,5996.75,13742
1737118800,5996.75,6021.25,5996.5,6019.0,65394
1737122400,6019.0,6035.5,6012.75,6020.5,272514
1737126000,6020.5,6039.25,6017.75,6038.75,206720
1737129600,6039.25,6049.0,6035.0,6040.75,140502
1737133200,6040.5,6049.0,6035.75,6046.75,87557
1737136800,6046.75,6051.5,6039.75,6043.75,96365
1737140400,6043.75,6045.5,6037.5,6039.75,87677
1737144000,6039.75,6043.5,6031.0,6033.0,222688
1737147600,6033.25,6034.0,6029.0,6032.5,49040
1737327600,6032.25,6038.5,6020.0,6023.5,9151
1737331200,6023.5,6027.25,6022.25,6027.0,5038
1737334800,6026.75,6030.25,6023.5,6027.75,5429
1737338400,6027.25,6028.5,6025.25,6027.25,2921
1737342000,6027.25,6030.75,6025.5,6029.75,3277
1737345600,6029.75,6032.0,6029.0,6032.0,2482
1737435600,6043.0,6043.5,6036.25,6039.0,4389
1737439200,6039.0,6043.75,6036.25,6039.5,4562
1737442800,6039.25,6047.5,6036.0,6046.5,8028
1737446400,6046.5,6055.25,6040.5,6050.0,14771
1737450000,6050.0,6060.75,6049.0,6060.75,12232
1737453600,6060.75,6067.75,6055.75,6056.25,13899
1737457200,6056.25,6060.0,6049.75,6051.75,12472
1737460800,6052.0,6059.5,6045.5,6056.75,17924
1737464400,6056.75,6064.0,6054.25,6062.75,23469
1737468000,6062.75,6072.0,6052.0,6062.75,216103
1737471600,6062.5,6063.25,6043.5,6061.0,243697
1737475200,6061.0,6072.25,6055.5,6071.0,138264
1737478800,6071.0,6082.25,6066.75,6081.75,107101
1737482400,6081.75,6086.5,6078.0,6083.5,92177
1737486000,6083.75,6085.5,6074.25,6079.25,100630
1737489600,6079.25,6087.25,6077.25,6086.5,185545
1737493200,6086.5,6093.25,6086.0,6091.75,55832
1737500400,6094.0,6099.25,6087.0,6096.5,0
1737504000,6096.5,6102.0,6095.25,6101.25,7854
1737507600,6101.0,6101.25,6095.75,6100.0,6234
1737511200,6099.75,6102.5,6099.0,6100.0,3858
1737514800,6100.25,6102.75,6099.5,6102.25,3328
1737518400,6102.0,6105.0,6100.5,6104.25,3880
1737522000,6103.75,6103.75,6102.25,6102.75,2216
1737525600,6103.0,6103.5,6098.75,6099.0,3567
1737529200,6099.25,6102.75,6098.0,6099.75,6117
1737532800,6099.75,6110.0,6099.0,6109.5,13578
1737536400,6109.5,6114.75,6108.75,6110.75,17578
1737540000,6110.5,6112.75,6107.75,6111.75,8659
1737543600,6111.5,6115.25,6108.75,6110.25,10488
1737547200,6110.75,6116.5,6109.5,6112.5,14781
1737550800,6112.75,6119.0,6112.5,6118.75,22720
1737554400,6118.75,6122.75,6111.25,6122.25,168655
1737558000,6122.25,6128.0,6117.0,6122.5,186392
1737561600,6122.25,6135.0,6119.5,6133.5,134588
1737565200,6133.75,6135.75,6130.25,6130.5,74078
1737568800,6130.5,6133.25,6126.75,6127.25,94791
1737572400,6127.25,6133.25,6124.75,6133.0,96686
1737576000,6132.75,6133.25,6119.5,6120.0,210609
1737579600,6120.25,6122.0,6115.0,6120.25,49095
1737586800,6120.0,6120.0,6115.25,6116.0,0
1737590400,6116.25,6118.0,6114.0,6116.0,7869
1737594000,6116.0,6118.0,6113.0,6113.5,8061
1737597600,6113.75,6115.25,6109.75,6113.75,4119
1737601200,6113.75,6116.25,6111.75,6113.25,3719
1737604800,6113.5,6116.75,6113.0,6116.0,2175
1737608400,6116.25,6117.0,6113.5,6113.75,2127
1737612000,6113.5,6116.0,6111.5,6112.5,2732
1737615600,6112.75,6113.5,6108.25,6110.0,6276
1737619200,6109.75,6111.0,6102.75,6105.0,13811
1737622800,6105.0,6110.0,6101.5,6108.75,12011
1737626400,6108.5,6112.75,6106.5,6106.75,10449
1737630000,6106.75,6113.5,6106.0,6112.25,8689
1737633600,6112.5,6115.25,6107.75,6115.0,11823
1737637200,6115.0,6117.75,6109.75,6114.75,25706
1737640800,6115.25,6119.0,6111.25,6118.25,116505
1737644400,6118.5,6125.0,6112.0,6124.75,129733
1737648000,6124.75,6134.75,6119.75,6128.5,167621
1737651600,6128.5,6133.0,6124.75,6132.75,70909
1737655200,6132.75,6139.0,6131.75,6133.75,73290
1737658800,6133.75,6136.5,6129.25,6134.5,82584
1737662400,6134.25,6154.0,6132.5,6153.5,211074
1737666000,6153.5,6153.75,6146.5,6148.5,86633
1737673200,6148.0,6149.0,6145.25,6148.0,0
1737676800,6148.0,6148.5,6145.25,6146.75,6166
1737680400,6147.0,6150.5,6145.75,6148.0,16092
1737684000,6148.0,6155.75,6147.0,6154.5,14230
1737687600,6154.5,6156.0,6145.0,6147.25,7190
1737691200,6147.25,6148.5,6143.75,6146.5,4546
1737694800,6147.5,6147.75,6145.25,6146.0,2610
1737698400,6146.0,6148.75,6145.5,6146.5,3033
1737702000,6146.5,6147.25,6142.75,6144.75,6119
1737705600,6144.75,6147.75,6143.5,6144.5,10080
1737709200,6144.5,6149.5,6144.25,6145.25,9613
1737712800,6145.25,6146.0,6139.0,6143.25,19213
1737716400,6143.5,6144.5,6140.5,6144.25,9732
1737720000,6144.5,6149.25,6143.5,6146.0,11108
1737723600,6145.75,6146.25,6140.5,6143.25,16546
1737727200,6143.25,6162.25,6143.0,6157.0,137405
1737730800,6157.25,6159.5,6144.5,6145.75,166999
1737734400,6145.75,6157.5,6144.75,6149.5,117460
1737738000,6149.5,6154.5,6139.25,6141.0,111213
1737741600,6140.75,6143.25,6125.75,6128.25,139804
1737745200,6128.25,6133.25,6123.25,6127.75,130773
1737748800,6127.75,6135.0,6122.0,6132.75,195579
1737752400,6133.0,6133.5,6127.25,6132.0,46095
1737932400,6102.25,6105.25,6099.0,6103.25,24121
1737936000,6103.25,6104.0,6083.25,6085.0,25985
1737939600,6084.75,6089.75,6072.0,6077.5,24541
1737943200,6077.5,6080.75,6072.5,6078.75,11327
1737946800,6078.75,6085.75,6076.75,6081.5,11227
1737950400,6081.5,6082.0,6072.5,6075.75,8295
1737954000,6075.0,6076.25,6057.0,6060.0,16505
1737957600,6060.0,6061.25,6043.25,6048.25,17717
1737961200,6048.75,6051.75,6027.75,6029.0,31162
1737964800,6029.5,6037.75,6006.75,6017.5,53463
1737968400,6017.25,6020.75,6007.25,6010.5,43633
1737972000,6010.75,6011.5,5948.0,5973.5,90268
1737975600,5973.5,5991.75,5971.0,5982.0,62275
1737979200,5981.75,6006.5,5980.75,6000.0,59515
1737982800,6000.0,6014.75,5993.25,6007.5,72969
1737986400,6007.5,6037.75,5995.75,6037.0,295380
1737990000,6036.75,6048.0,6017.5,6031.75,317931
1737993600,6031.75,6033.5,6013.25,6019.25,228317
1737997200,6019.5,6033.5,6012.75,6013.25,175988
1738000800,6013.25,6026.0,6011.75,6017.5,131759
1738004400,6017.75,6043.25,6014.75,6021.75,176014
1738008000,6021.5,6048.75,6015.5,6046.75,328685
1738011600,6046.75,6056.5,6044.25,6050.25,75104
1738018800,6059.5,6059.5,6037.0,6052.5,0
1738022400,6052.5,6054.25,6039.25,6043.75,9916
1738026000,6044.0,6052.75,6033.5,6035.25,12424
1738029600,6035.25,6049.5,6032.25,6044.0,10287
1738033200,6044.0,6051.5,6042.75,6043.75,5571
1738036800,6043.5,6047.5,6041.75,6047.25,4225
1738040400,6044.0,6044.75,6036.25,6043.5,5175
1738044000,6043.75,6046.0,6037.5,6041.0,4730
1738047600,6040.75,6052.5,6037.0,6050.25,10236
1738051200,6050.25,6066.0,6043.5,6064.75,22218
1738054800,6064.5,6069.25,6058.75,6067.75,19990
1738058400,6067.75,6073.0,6066.75,6068.25,13973
1738062000,6068.25,6072.0,6057.5,6060.0,12454
1738065600,6060.25,6061.5,6046.0,6058.25,30963
1738069200,6058.0,6066.25,6051.5,6055.0,35207
1738072800,6054.75,6059.5,6023.5,6039.75,198730
1738076400,6039.75,6082.25,6038.75,6081.75,252148
1738080000,6082.0,6087.25,6060.25,6077.0,214834
1738083600,6076.75,6092.5,6075.0,6090.0,143101
1738087200,6090.0,6099.25,6086.5,6089.25,120011
1738090800,6089.5,6104.25,6083.75,6103.0,110394
1738094400,6102.75,6105.5,6095.25,6096.25,208582
1738098000,6096.0,6096.25,6089.75,6091.25,52671
1738105200,6090.75,6094.75,6086.5,6087.75,0
1738108800,6087.75,6093.5,6086.5,6092.25,4533
1738112400,6092.0,6094.0,6090.0,6091.75,2953
1738116000,6092.0,6095.75,6090.25,6094.5,2753
1738119600,6094.5,6094.75,6088.75,6094.25,3718
1738123200,6094.25,6099.75,6094.25,6097.0,4034
1738126800,6096.75,6098.25,6093.5,6094.25,2182
1738130400,6094.5,6111.5,6094.5,6107.5,14754
1738134000,6107.5,6107.75,6102.75,6105.0,5922
1738137600,6105.0,6107.25,6101.75,6102.5,14819
1738141200,6102.25,6103.75,6095.0,6101.5,13202
1738144800,6101.5,6105.0,6097.5,6103.5,8329
1738148400,6103.75,6106.75,6098.75,6105.0,7753
1738152000,6105.25,6105.25,6093.5,6096.25,9944
1738155600,6096.25,6096.5,6078.75,6085.75,31522
1738159200,6085.5,6090.5,6074.5,6083.0,138052
1738162800,6083.5,6091.25,6074.75,6078.25,152844
1738166400,6078.25,6082.0,6069.25,6072.75,125343
1738170000,6072.75,6084.5,6069.25,6070.75,86149
1738173600,6071.0,6076.75,6046.25,6065.25,189327
1738177200,6065.25,6083.5,6042.25,6073.5,281476
1738180800,6073.5,6087.5,6055.75,6068.5,282455
1738184400,6068.25,6081.5,6043.75,6076.5,111367
1738191600,6068.5,6075.75,6061.5,6068.75,0
1738195200,6068.75,6081.5,6066.75,6081.5,6887
1738198800,6081.25,6092.5,6079.25,6089.25,9473
1738202400,6089.25,6094.0,6089.25,6089.75,5333
1738206000,6089.75,6092.5,6089.25,6092.5,3282
1738209600,6092.5,6093.75,6090.0,6090.25,2811
1738213200,6087.5,6091.25,6087.0,6090.0,3740
1738216800,6090.0,6091.75,6086.0,6088.25,2823
1738220400,6088.0,6093.5,6084.75,6092.25,4700
1738224000,6091.75,6101.5,6090.5,6101.25,12642
1738227600,6101.25,6101.25,6089.25,6090.25,8324
1738231200,6090.5,6093.75,6086.0,6087.5,6787
1738234800,6087.5,6094.75,6086.0,6087.25,9613
1738238400,6087.25,6090.0,6074.25,6082.75,21923
1738242000,6082.75,6091.25,6078.5,6090.25,28445
1738245600,6090.5,6109.75,6080.5,6099.25,190695
1738249200,6099.25,6100.0,6063.5,6064.25,233470
1738252800,6064.25,6093.25,6056.5,6090.5,179435
1738256400,6090.5,6090.5,6070.25,6083.0,131112
1738260000,6083.25,6101.0,6081.5,6100.0,110818
1738263600,6100.0,6107.25,6095.75,6107.0,101491
1738267200,6106.75,6116.25,6067.75,6099.25,374908
1738270800,6099.5,6107.75,6085.5,6093.25,75893
1738278000,6106.0,6113.5,6100.5,6109.25,0
1738281600,6109.25,6111.0,6103.25,6108.5,5476
1738285200,6108.25,6118.5,6099.25,6117.75,13241
1738288800,6117.75,6119.75,6112.0,6112.25,6234
1738292400,6112.25,6115.25,6111.25,6111.25,2814
1738296000,6111.5,6114.75,6110.75,6111.75,2622
1738299600,6114.5,6115.25,6112.75,6113.75,2530
1738303200,6114.0,6119.75,6112.5,6118.0,4143
1738306800,6117.75,6124.75,6117.75,6122.0,7354
1738310400,6122.25,6124.0,6116.25,6118.5,10682
1738314000,6118.75,6128.5,6118.5,6124.5,9864
1738317600,6124.5,6126.75,6122.75,6124.25,6565
1738321200,6124.0,6129.0,6124.0,6129.0,6952
1738324800,6129.0,6130.0,6125.0,6125.5,13620
1738328400,6125.5,6129.75,6121.0,6127.25,25279
1738332000,6127.0,6129.25,6117.0,6129.0,137135
1738335600,6128.75,6144.25,6127.75,6142.5,185472
1738339200,6142.5,6147.75,6133.25,6137.0,138118
1738342800,6137.0,6145.5,6127.75,6139.0,144181
1738346400,6139.0,6141.5,6095.75,6101.75,299943
1738350000,6101.5,6106.75,6066.75,6083.5,281558
1738353600,6083.5,6083.5,6057.75,6064.75,369576
1738357200,6064.75,6069.0,6057.75,6063.0,80986
1738537200,5982.25,5982.5,5942.0,5968.0,79043
1738540800,5967.75,5976.0,5954.5,5967.25,36221
1738544400,5967.0,5973.75,5956.25,5961.5,32233
1738548000,5961.75,5962.25,5935.5,5947.0,32820
1738551600,5947.0,5953.0,5940.75,5948.25,15329
1738555200,5948.25,5951.25,5936.5,5943.5,13752
1738558800,5943.25,5953.0,5940.0,5952.25,9362
1738562400,5952.0,5958.5,5946.5,5952.0,17804
1738566000,5952.0,5967.75,5951.75,5959.75,23780
1738569600,5960.25,5988.75,5959.5,5980.5,40166
1738573200,5980.5,5983.75,5965.25,5966.75,29913
1738576800,5966.5,5982.5,5962.5,5979.75,21184
1738580400,5979.5,5988.0,5970.75,5976.5,23502
1738584000,5976.5,5979.5,5960.25,5963.75,39065
1738587600,5964.0,5983.0,5962.0,5969.75,60201
1738591200,5969.5,5987.25,5961.25,5965.25,274269
1738594800,5965.25,6032.0,5950.25,6025.0,511274
1738598400,6025.0,6038.5,6003.25,6019.0,243163
1738602000,6018.75,6033.0,6003.75,6019.25,195101
1738605600,6019.5,6036.25,6006.5,6034.25,125169
1738609200,6034.25,6049.25,6031.25,6043.25,99981
1738612800,6043.25,6046.75,6020.0,6023.0,198888
1738616400,6023.0,6062.0,6020.5,6055.5,109395
1738623600,6069.0,6069.0,6052.75,6057.0,0
1738627200,6056.75,6057.25,6048.0,6050.5,7245
1738630800,6050.75,6050.75,6035.75,6042.0,9249
1738634400,6042.5,6043.25,6033.25,6034.25,6233
1738638000,6034.25,6035.25,6025.25,6029.5,7604
1738641600,6029.75,6035.25,6027.5,6029.75,5705
1738645200,5998.25,6022.25,5988.75,6011.25,49752
1738648800,6011.25,6019.0,6003.0,6018.5,12676
1738652400,6018.25,6023.0,6014.25,6016.5,10724
1738656000,6016.75,6021.5,5994.0,6003.5,24708
1738659600,6003.75,6013.25,6003.25,6007.25,13684
1738663200,6007.0,6015.0,6004.5,6011.25,10048
1738666800,6011.5,6019.0,6008.25,6012.5,11679
1738670400,6013.0,6031.25,6012.75,6027.25,24411
1738674000,6026.75,6031.25,6019.0,6022.0,30378
1738677600,6022.0,6037.75,6018.0,6035.0,143570
1738681200,6035.0,6058.25,6034.25,6049.25,195813
1738684800,6049.25,6066.75,6049.25,6059.5,127022
1738688400,6059.5,6062.25,6039.25,6055.25,145254
1738692000,6055.5,6058.0,6046.25,6052.75,78027
1738695600,6052.5,6068.75,6051.0,6060.25,111748
1738699200,6060.0,6067.75,6055.0,6062.5,166628
1738702800,6062.75,6066.5,6042.5,6045.75,70788
1738710000,6042.75,6048.25,6038.25,6042.25,0
1738713600,6042.5,6053.0,6039.75,6049.5,7385
1738717200,6049.5,6053.0,6041.5,6042.0,7530
1738720800,6041.75,6044.75,6038.25,6039.0,5816
1738724400,6039.0,6041.25,6034.5,6035.75,4975
1738728000,6035.5,6037.5,6033.25,6037.5,3795
1738731600,6037.25,6038.5,6032.25,6033.25,4570
1738735200,6033.0,6036.75,6029.5,6031.0,6789
1738738800,6031.0,6032.5,6025.25,6030.5,8532
1738742400,6030.25,6040.25,6024.0,6029.0,20030
1738746000,6029.0,6036.5,6020.75,6022.0,17970
1738749600,6022.25,6031.75,6020.25,6031.25,8587
1738753200,6031.5,6037.25,6030.75,6036.5,9597
1738756800,6036.75,6039.5,6032.25,6038.5,13858
1738760400,6038.5,6046.25,6033.75,6044.25,36736
1738764000,6044.0,6055.5,6041.25,6054.0,72179
1738767600,6041.0,6054.25,6033.75,6050.0,270272
1738771200,6050.0,6073.5,6045.25,6071.25,160067
1738774800,6071.5,6076.75,6067.5,6071.25,101915
1738778400,6071.25,6078.75,6066.5,6074.0,83628
1738782000,6074.0,6081.5,6073.5,6075.75,66467
1738785600,6075.5,6088.5,6073.5,6086.25,176473
1738789200,6086.0,6092.0,6083.75,6090.0,50384
1738796400,6090.25,6090.5,6086.75,6090.0,0
1738800000,6090.0,6095.75,6089.5,6091.5,7514
1738803600,6091.5,6094.0,6090.25,6091.75,3982
1738807200,6091.5,6094.5,6090.0,6093.75,3346
1738810800,6093.5,6095.0,6092.0,6094.5,2685
1738814400,6094.25,6098.5,6094.0,6098.25,3688
1738818000,6098.75,6103.0,6098.25,6102.25,4892
1738821600,6102.5,6102.75,6098.25,6099.25,3456
1738825200,6099.0,6102.5,6094.5,6095.25,6133
1738828800,6095.5,6104.25,6092.5,6102.0,13519
1738832400,6102.25,6105.0,6097.75,6098.5,8947
1738836000,6098.75,6101.5,6094.25,6095.0,7592
1738839600,6094.75,6094.75,6086.5,6088.25,17159
1738843200,6088.0,6098.0,6086.25,6098.0,17526
1738846800,6098.0,6101.25,6094.75,6101.0,21633
1738850400,6101.0,6106.25,6093.25,6096.0,135104
1738854000,6096.25,6103.25,6085.25,6090.0,185014
1738857600,6090.0,6101.0,6089.5,6095.0,101082
1738861200,6095.25,6101.75,6091.25,6100.25,65090
1738864800,6100.25,6104.0,6094.25,6095.5,86811
1738868400,6095.25,6098.5,6070.0,6081.0,152754
1738872000,6080.75,6108.5,6078.75,6107.0,189056
1738875600,6107.0,6107.75,6075.25,6094.25,70746
1738882800,6089.75,6101.5,6084.5,6100.25,0
1738886400,6100.25,6103.75,6098.0,6103.25,3762
1738890000,6103.5,6108.25,6102.75,6106.75,4534
1738893600,6107.0,6108.0,6104.0,6106.5,2642
1738897200,6106.5,6107.5,6102.0,6102.5,3035
1738900800,6102.5,6103.0,6100.25,6100.5,1448
1738904400,6100.25,6101.5,6098.25,6099.25,2747
1738908000,6099.25,6100.25,6094.0,6100.25,4341
1738911600,6100.25,6103.25,6099.25,6100.75,4569
1738915200,6100.5,6106.75,6098.0,6099.75,8063
1738918800,6099.75,6106.0,6098.75,6104.5,6989
1738922400,6104.25,6106.0,6102.25,6103.75,5695
1738926000,6103.75,6109.5,6101.5,6107.5,4927
1738929600,6107.5,6108.25,6103.5,6104.5,6993
1738933200,6104.75,6114.75,6087.5,6109.25,64909
1738936800,6109.25,6123.25,6105.0,6120.5,126956
1738940400,6120.5,6120.5,6052.5,6075.5,361779
1738944000,6075.75,6086.5,6053.75,6056.75,274171
1738947600,6056.75,6069.5,6046.5,6062.25,228498
1738951200,6062.25,6078.5,6051.75,6053.25,123624
1738954800,6053.25,6056.75,6043.75,6052.0,125206
1738958400,6051.75,6053.75,6041.25,6049.25,191234
1738962000,6049.25,6054.25,6049.0,6050.0,52032
1739142000,6016.0,6061.25,6014.0,6059.5,24416
1739145600,6059.5,6069.5,6057.25,6069.25,12677
1739149200,6069.25,6070.0,6063.25,6064.0,8151
1739152800,6064.0,6064.75,6060.75,6063.5,4964
1739156400,6063.75,6066.75,6062.0,6066.5,3347
1739160000,6066.25,6068.0,6064.25,6064.25,3444
1739163600,6064.25,6071.5,6064.25,6067.5,6374
1739167200,6067.5,6067.75,6063.5,6065.5,4027
1739170800,6065.75,6066.5,6062.5,6064.0,5883
1739174400,6064.0,6069.0,6062.75,6067.75,9137
1739178000,6068.0,6072.5,6065.5,6071.0,7872
1739181600,6071.25,6077.0,6071.0,6074.75,8148
1739185200,6074.75,6078.0,6069.5,6077.25,9137
1739188800,6077.5,6079.0,6074.25,6078.5,10619
1739192400,6078.5,6085.75,6077.5,6085.25,21058
1739196000,6085.0,6087.0,6067.75,6075.5,131199
1739199600,6075.75,6094.5,6074.0,6089.75,152316
1739203200,6089.75,6092.5,6079.0,6084.75,105825
1739206800,6084.75,6087.25,6072.25,6086.75,88829
1739210400,6086.75,6093.5,6086.0,6091.5,62916
1739214000,6091.5,6096.0,6087.0,6090.25,86227
1739217600,6090.25,6093.0,6083.0,6088.5,159038
1739221200,6088.25,6088.75,6083.25,6087.75,31611
1739228400,6085.5,6087.25,6072.0,6077.0,0
1739232000,6077.0,6081.5,6074.5,6080.0,5552
1739235600,6079.75,6080.5,6074.75,6076.0,4984
1739239200,6076.25,6076.5,6068.25,6070.0,7579
1739242800,6070.25,6074.75,6068.25,6074.25,4112
1739246400,6074.5,6076.0,6073.25,6075.0,2383
1739250000,6077.5,6077.75,6076.0,6076.5,2320
1739253600,6076.5,6076.5,6072.0,6072.0,2707
1739257200,6072.25,6072.75,6065.25,6065.25,6729
1739260800,6065.25,6075.5,6062.75,6072.25,10985
1739264400,6072.0,6076.75,6067.5,6068.5,7898
1739268000,6068.5,6072.5,6064.75,6066.0,10553
1739271600,6065.75,6073.75,6065.5,6073.5,6593
1739275200,6073.25,6075.25,6067.0,6073.0,13112
1739278800,6072.75,6073.5,6058.5,6059.25,27703
1739282400,6059.25,6075.5,6057.75,6072.5,101706
1739286000,6072.5,6092.0,6066.5,6086.75,159235
1739289600,6086.75,6090.0,6080.0,6081.75,94451
1739293200,6081.75,6084.0,6070.5,6077.0,126357
1739296800,6077.0,6093.0,6074.75,6085.75,95084
1739300400,6085.75,6098.75,6083.75,6094.25,91718
1739304000,6094.25,6096.75,6086.25,6092.5,156817
1739307600,6092.75,6094.25,6089.0,6090.5,35350
1739314800,6090.75,6095.25,6086.25,6092.75,0
1739318400,6092.5,6096.5,6091.25,6093.25,4856
1739322000,6093.25,6096.25,6089.75,6095.0,8435
1739325600,6095.25,6095.75,6091.75,6091.75,2406
1739329200,6092.0,6092.0,6087.75,6088.25,3204
1739332800,6088.0,6089.5,6086.75,6087.25,3203
1739336400,6088.0,6088.25,6085.0,6086.25,3176
1739340000,6086.25,6089.0,6085.25,6087.75,2532
1739343600,6087.75,6089.5,6086.0,6089.25,3417
1739347200,6089.25,6092.25,6087.5,6088.25,6704
1739350800,6088.0,6088.0,6075.25,6082.5,11524
1739354400,6082.0,6086.75,6079.75,6086.5,6275
1739358000,6086.75,6087.75,6082.0,6085.75,6129
1739361600,6085.75,6093.75,6084.75,6093.0,12896
1739365200,6093.0,6098.0,6024.5,6031.0,138528
1739368800,6031.25,6056.0,6020.75,6052.75,225426
1739372400,6052.5,6072.25,6034.25,6063.0,274195
1739376000,6063.0,6074.5,6040.0,6073.25,173237
1739379600,6073.0,6084.5,6069.25,6083.25,154568
1739383200,6083.25,6084.75,6068.25,6071.0,103567
1739386800,6071.25,6081.5,6064.25,6078.25,101368
1739390400,6078.25,6079.75,6064.75,6072.75,177075
1739394000,6072.75,6080.75,6069.25,6079.75,54392
1739401200,6079.75,6085.75,6076.75,6084.0,0
1739404800,6084.0,6086.5,6080.75,6084.75,5426
1739408400,6084.75,6086.75,6082.0,6083.5,4790
1739412000,6083.5,6084.25,6079.75,6083.25,3191
1739415600,6083.25,6088.5,6083.0,6086.5,3972
1739419200,6086.75,6090.25,6086.5,6087.0,4514
1739422800,6087.75,6088.0,6084.0,6085.25,2506
1739426400,6085.25,6088.5,6083.25,6083.25,4209
1739430000,6083.25,6084.25,6074.75,6077.25,6386
1739433600,6077.25,6078.0,6057.0,6058.5,20308
1739437200,6058.25,6072.0,6053.5,6071.0,16888
1739440800,6070.75,6074.25,6067.25,6072.75,7580
1739444400,6072.75,6077.5,6064.5,6070.75,17274
1739448000,6070.5,6073.75,6064.75,6069.5,15041
1739451600,6069.75,6087.25,6063.0,6084.5,53941
1739455200,6084.5,6089.0,6070.25,6086.25,152179
1739458800,6086.5,6113.75,6080.5,6109.25,271720
1739462400,6109.5,6113.5,6095.75,6099.25,132924
1739466000,6099.25,6108.25,6095.25,6100.0,94485
1739469600,6100.25,6111.25,6088.0,6110.5,188901
1739473200,6110.5,6131.5,6109.0,6127.5,146455
1739476800,6127.5,6138.0,6126.5,6135.25,216813
1739480400,6135.25,6136.25,6130.75,6132.25,68903
1739487600,6131.75,6137.25,6131.25,6133.75,0
1739491200,6134.0,6137.0,6131.75,6135.25,5455
1739494800,6135.0,6143.5,6134.5,6143.25,8573
1739498400,6143.25,6144.75,6142.25,6143.25,4152
1739502000,6143.5,6144.25,6141.25,6143.25,3610
1739505600,6143.5,6143.5,6142.5,6143.5,1690
1739509200,6142.75,6143.25,6139.0,6139.5,3629
1739512800,6139.5,6141.5,6139.0,6141.0,2621
1739516400,6141.0,6146.75,6140.75,6143.0,6875
1739520000,6143.25,6143.25,6132.25,6135.5,15047
1739523600,6135.5,6140.5,6133.25,6134.75,15816
1739527200,6134.5,6134.75,6127.25,6129.0,12454
1739530800,6129.0,6129.0,6121.25,6124.75,14948
1739534400,6124.5,6128.5,6124.0,6128.25,14907
1739538000,6128.25,6134.0,6125.0,6133.0,24474
1739541600,6133.0,6141.75,6131.25,6140.0,108036
1739545200,6140.0,6145.25,6132.25,6140.25,150144
1739548800,6140.25,6143.75,6129.0,6137.75,116760
1739552400,6137.5,6137.75,6125.75,6134.25,94602
1739556000,6134.25,6143.0,6132.0,6140.25,73838
1739559600,6140.25,6142.5,6133.5,6137.75,73685
1739563200,6137.75,6138.0,6130.0,6132.0,163153
1739566800,6131.75,6134.25,6128.75,6134.0,44074
1739746800,6138.25,6139.5,6131.0,6134.75,6094
1739750400,6134.5,6137.25,6133.0,6136.5,6291
1739754000,6136.5,6140.5,6135.5,6138.75,7446
1739757600,6139.0,6142.0,6138.25,6141.75,3315
1739761200,6141.75,6142.25,6140.25,6142.0,2291
1739764800,6142.0,6144.75,6140.25,6144.5,2479
1739854800,6144.5,6144.75,6143.0,6144.0,2563
1739858400,6143.75,6154.5,6143.25,6154.0,7472
1739862000,6154.0,6157.0,6153.75,6156.25,6633
1739865600,6156.5,6156.5,6147.75,6151.75,13538
1739869200,6151.75,6153.75,6146.5,6147.5,9230
1739872800,6147.5,6152.5,6144.75,6152.0,8006
1739876400,6152.25,6153.75,6150.5,6152.25,4630
1739880000,6152.0,6156.25,6151.0,6154.5,8724
1739883600,6154.25,6157.75,6150.75,6156.5,16850
1739887200,6156.75,6157.25,6133.75,6135.75,155445
1739890800,6135.75,6140.5,6127.5,6140.0,173829
1739894400,6140.0,6143.5,6131.75,6137.0,102702
1739898000,6137.25,6140.0,6132.25,6138.0,66450
1739901600,6138.0,6141.25,6129.0,6131.0,83519
1739905200,6131.25,6135.0,6118.25,6133.25,133961
1739908800,6133.25,6148.5,6131.0,6148.0,174145
1739912400,6148.25,6149.5,6143.5,6144.75,60219
1739919600,6143.75,6152.75,6143.75,6149.5,0
1739923200,6149.5,6154.0,6148.5,6153.75,5790
1739926800,6153.75,6156.0,6153.75,6155.0,6657
1739930400,6154.75,6156.75,6152.5,6156.0,3919
1739934000,6156.0,6157.0,6155.5,6156.25,2431
1739937600,6156.0,6156.25,6152.0,6152.75,3601
1739941200,6152.5,6153.5,6151.25,6152.75,4470
1739944800,6152.75,6154.75,6152.0,6152.0,3317
1739948400,6151.75,6153.0,6150.0,6150.25,4153
1739952000,6150.25,6154.25,6149.5,6151.75,10499
1739955600,6152.0,6153.75,6148.5,6149.25,8513
1739959200,6149.5,6150.0,6139.0,6141.25,11360
1739962800,6141.75,6141.75,6135.0,6139.0,12150
1739966400,6139.0,6146.0,6138.5,6140.75,17238
1739970000,6140.75,6144.0,6131.75,6135.0,24894
1739973600,6135.25,6138.75,6130.25,6132.75,107210
1739977200,6133.0,6142.5,6129.25,6135.0,156216
1739980800,6135.0,6151.75,6134.75,6151.0,107379
1739984400,6150.75,6153.75,6142.25,6149.5,88931
1739988000,6149.75,6154.25,6140.25,6149.0,84343
1739991600,6149.25,6166.5,6147.75,6165.25,121686
1739995200,6165.25,6165.25,6152.0,6163.25,197361
1739998800,6163.25,6163.25,6152.5,6155.0,39716
1740006000,6153.75,6159.5,6152.25,6155.25,0
1740009600,6155.0,6157.5,6151.5,6157.5,5231
1740013200,6157.25,6157.25,6146.25,6147.5,9262
1740016800,6147.5,6149.75,6145.25,6149.5,7209
1740020400,6149.5,6150.0,6147.0,6147.0,3421
1740024000,6147.0,6147.25,6143.75,6145.25,4183
1740027600,6145.5,6146.25,6144.0,6144.25,3598
1740031200,6144.0,6145.25,6141.75,6144.25,4406
1740034800,6144.25,6146.5,6142.0,6142.5,6805
1740038400,6142.75,6149.25,6142.5,6148.0,9839
1740042000,6148.0,6153.0,6147.5,6152.25,7448
1740045600,6152.25,6155.0,6151.75,6151.75,5669
1740049200,6151.75,6152.75,6143.25,6144.25,12607
1740052800,6144.0,6148.75,6141.0,6147.75,13696
1740056400,6148.0,6148.75,6143.5,6146.5,15231
1740060000,6146.25,6150.5,6116.0,6116.75,184838
1740063600,6116.75,6128.0,6102.75,6106.0,313366
1740067200,6106.0,6117.5,6103.5,6107.0,160799
1740070800,6107.0,6123.75,6105.25,6113.0,110635
1740074400,6112.75,6120.25,6109.0,6118.75,93054
1740078000,6118.75,6134.0,6117.75,6131.5,119138
1740081600,6131.5,6139.75,6125.5,6137.25,201136
1740085200,6137.0,6137.75,6130.0,6133.0,41064
1740092400,6132.5,6139.75,6131.25,6137.5,0
1740096000,6137.25,6139.25,6135.25,6137.25,4211
1740099600,6137.0,6137.75,6132.25,6133.5,6057
1740103200,6133.5,6136.25,6133.5,6135.0,3427
1740106800,6135.25,6135.5,6132.75,6133.25,2626
1740110400,6133.25,6134.5,6130.75,6131.75,2339
1740114000,6129.5,6132.25,6129.25,6130.5,4505
1740117600,6130.25,6135.75,6130.0,6135.25,2769
1740121200,6135.25,6137.25,6132.0,6132.0,6986
1740124800,6132.25,6135.5,6127.25,6134.75,14352
1740128400,6134.75,6137.75,6133.25,6137.75,6824
1740132000,6137.75,6138.75,6135.25,6138.0,6784
1740135600,6138.25,6139.0,6135.0,6136.5,6193
1740139200,6136.5,6141.5,6132.25,6140.25,16733
1740142800,6140.25,6141.75,6137.5,6139.75,18050
1740146400,6139.5,6142.5,6113.0,6115.0,183706
1740150000,6115.5,6116.75,6087.5,6098.25,285290
1740153600,6098.25,6105.25,6091.75,6098.25,154675
1740157200,6098.5,6101.75,6066.25,6068.25,188772
1740160800,6068.25,6068.75,6045.5,6047.5,280959
1740164400,6047.5,6053.5,6024.5,6030.25,261389
1740168000,6030.0,6039.25,6025.0,6030.25,305121
1740171600,6030.25,6034.75,6027.5,6029.5,64252
1740351600,6040.75,6052.5,6034.0,6050.25,21729
1740355200,6050.5,6059.25,6049.25,6051.75,13961
1740358800,6051.75,6054.0,6047.25,6050.5,11263
1740362400,6050.5,6058.5,6049.75,6056.75,7293
1740366000,6057.0,6059.0,6055.75,6058.75,4483
1740369600,6059.0,6060.25,6057.75,6057.75,4699
1740373200,6058.25,6062.5,6057.75,6061.5,5003
1740376800,6061.25,6063.5,6058.5,6060.0,4835
1740380400,6060.0,6061.25,6050.75,6055.0,11587
1740384000,6055.0,6058.25,6041.5,6057.25,27990
1740387600,6057.0,6067.5,6056.0,6061.75,22688
1740391200,6062.0,6062.75,6058.25,6059.0,9922
1740394800,6059.0,6063.0,6055.5,6061.5,14383
1740398400,6061.5,6061.75,6053.5,6059.0,19864
1740402000,6059.0,6062.0,6058.0,6061.75,20617
1740405600,6061.5,6062.0,6016.0,6017.0,225758
1740409200,6017.25,6024.0,5994.5,6006.75,365773
1740412800,6006.75,6037.75,6004.25,6029.25,233664
1740416400,6029.25,6048.5,6027.75,6036.0,152860
1740420000,6036.25,6047.0,6033.25,6036.25,110578
1740423600,6036.25,6044.25,6023.5,6027.5,123288
1740427200,6027.5,6030.25,5996.0,6002.25,264608
1740430800,6002.5,6009.5,5999.25,6005.5,59351
1740438000,6006.5,6009.0,5995.25,5999.0,0
1740441600,5999.25,6011.5,5999.25,6009.75,13085
1740445200,6009.5,6014.0,6004.75,6013.75,19793
1740448800,6013.75,6015.5,6005.0,6014.0,9029
1740452400,6014.25,6016.0,6010.75,6011.0,4449
1740456000,6011.25,6013.75,6008.5,6009.0,4697
1740459600,6010.25,6011.5,6009.25,6010.5,3659
1740463200,6010.5,6012.25,6003.25,6005.5,6517
1740466800,6005.5,6006.25,5982.25,5982.75,23697
1740470400,5982.5,6004.75,5982.25,5987.25,28957
1740474000,5987.5,5999.25,5979.5,5980.0,25814
1740477600,5980.0,5989.5,5978.5,5980.5,18091
1740481200,5980.5,5999.75,5977.75,5996.75,23548
1740484800,5996.75,6008.0,5994.0,6007.25,22344
1740488400,6007.25,6010.75,6000.5,6002.75,35500
1740492000,6002.75,6007.75,5971.0,5981.25,241712
1740495600,5981.0,5981.75,5933.5,5951.75,444909
1740499200,5952.0,5967.5,5924.0,5960.25,293292
1740502800,5960.25,5976.75,5949.5,5976.75,156084
1740506400,5976.5,5990.5,5964.25,5976.0,191088
1740510000,5976.0,5984.75,5958.5,5981.25,199879
1740513600,5981.25,5995.5,5964.25,5970.5,316865
1740517200,5970.5,5983.0,5969.5,5979.75,54125
1740524400,5982.0,5990.25,5981.5,5985.5,0
1740528000,5985.5,5988.75,5982.75,5988.5,6923
1740531600,5988.75,5989.0,5979.75,5981.5,7031
1740535200,5981.5,5987.25,5977.5,5986.75,7533
1740538800,5986.5,5993.0,5986.0,5988.25,8564
1740542400,5988.25,5991.0,5987.25,5990.5,3760
1740546000,5991.25,5994.75,5991.0,5994.25,4917
1740549600,5994.25,5995.0,5991.25,5993.25,4862
1740553200,5993.25,5995.75,5990.5,5993.25,10433
1740556800,5993.25,5996.25,5990.0,5996.0,15833
1740560400,5996.0,6002.5,5994.75,5997.75,17610
1740564000,5998.0,6001.75,5996.25,6000.25,8309
1740567600,6000.5,6003.25,5992.75,5996.0,12439
1740571200,5995.75,5999.75,5990.25,5996.25,20288
1740574800,5996.0,6004.0,5989.0,5993.0,35295
1740578400,5992.75,6005.75,5978.25,6004.5,216291
1740582000,6004.75,6020.5,6000.0,6016.5,249375
1740585600,6016.5,6023.75,6006.0,6008.0,183083
1740589200,6008.0,6021.75,5978.5,5983.75,236552
1740592800,5983.75,5986.25,5948.5,5953.0,239992
1740596400,5952.75,5973.75,5945.5,5955.0,210158
1740600000,5955.0,5980.25,5951.5,5972.0,244641
1740603600,5972.0,5996.25,5950.5,5990.25,102538
1740610800,5980.0,5983.75,5965.75,5978.5,0
1740614400,5978.25,5982.25,5963.25,5964.5,17019
1740618000,5964.75,5974.0,5961.0,5970.25,11843
1740621600,5970.5,5981.75,5968.5,5975.5,9471
1740625200,5975.5,5980.0,5973.0,5973.0,4550
1740628800,5973.25,5974.5,5970.5,5974.5,4788
1740632400,5978.0,5995.0,5977.5,5990.0,9201
1740636000,5990.25,5996.25,5989.5,5993.75,8437
1740639600,5993.75,6002.75,5992.75,5994.25,11262
1740643200,5994.25,6005.0,5990.0,6004.0,17462
1740646800,6004.0,6007.0,5997.25,6005.25,11843
1740650400,6005.25,6008.25,6001.25,6004.75,7993
1740654000,6005.0,6011.0,6004.25,6010.75,12480
1740657600,6010.5,6014.5,6005.75,6006.75,19295
1740661200,6006.5,6009.75,5977.5,5986.0,94435
1740664800,5985.75,6007.25,5947.75,5951.0,283297
1740668400,5951.0,5991.75,5931.5,5961.0,484903
1740672000,5961.25,5989.0,5949.0,5951.0,247887
1740675600,5951.0,5971.25,5940.0,5960.75,198036
1740679200,5960.75,5978.25,5959.5,5963.5,166976
1740682800,5963.5,5965.0,5909.25,5918.75,301054
1740686400,5919.0,5919.75,5873.0,5877.5,478136
1740690000,5877.5,5887.25,5873.5,5881.0,86897
1740697200,5883.0,5890.0,5881.75,5887.5,0
1740700800,5887.5,5889.75,5874.75,5875.0,12710
1740704400,5875.25,5886.25,5859.75,5877.5,22191
1740708000,5877.5,5882.25,5866.75,5870.25,15731
1740711600,5870.5,5873.0,5858.75,5866.5,18947
1740715200,5866.5,5883.0,5863.25,5878.25,12917
1740718800,5883.0,5884.0,5876.5,5880.0,8369
1740722400,5879.75,5885.5,5874.5,5875.5,10670
1740726000,5875.5,5886.25,5869.5,5884.25,16824
1740729600,5884.25,5893.5,5881.75,5892.25,26442
1740733200,5892.5,5897.0,5888.25,5892.75,15678
1740736800,5892.75,5899.0,5891.0,5895.0,13134
1740740400,5895.0,5900.5,5894.0,5896.75,10812
1740744000,5896.75,5897.0,5883.75,5890.75,35803
1740747600,5890.5,5899.5,5881.25,5886.75,59301
1740751200,5887.0,5891.75,5857.0,5884.0,322279
1740754800,5884.25,5913.0,5876.0,5912.5,338147
1740758400,5912.5,5914.25,5881.75,5897.25,233114
1740762000,5897.25,5907.0,5859.5,5860.25,238163
1740765600,5860.25,5889.0,5848.0,5859.5,333181
1740769200,5859.5,5906.25,5859.0,5904.5,236536
1740772800,5904.5,5971.0,5900.25,5964.0,536808
1740776400,5964.0,5965.75,5953.75,5958.0,138786
1740956400,5967.5,5984.5,5964.25,5974.25,20135
1740960000,5974.5,5975.75,5947.0,5955.25,23936
1740963600,5955.25,5966.75,5951.5,5965.25,14415
1740967200,5965.25,5969.0,5959.75,5964.25,8773
1740970800,5964.25,5965.5,5957.5,5965.0,7757
1740974400,5964.75,5972.5,5964.25,5972.25,4650
1740978000,5972.0,5979.25,5970.75,5977.25,6337
1740981600,5977.25,5982.25,5971.75,5979.5,9076
1740985200,5979.75,5980.75,5964.75,5971.25,14147
1740988800,5971.0,5978.5,5955.75,5966.75,30633
1740992400,5967.0,5982.5,5962.25,5982.0,19676
1740996000,5982.0,5983.5,5974.75,5982.0,14035
1740999600,5982.0,5989.25,5980.75,5988.5,12361
1741003200,5988.25,6000.5,5986.25,5992.0,32855
1741006800,5991.75,5993.25,5980.25,5985.25,36747
1741010400,5985.25,5997.0,5947.75,5951.5,253362
1741014000,5951.25,5974.75,5930.5,5947.25,392721
1741017600,5947.5,5968.75,5934.5,5953.5,242787
1741021200,5953.5,5965.5,5937.25,5943.25,144189
1741024800,5943.25,5944.75,5897.75,5914.75,328729
1741028400,5914.5,5929.5,5882.5,5883.5,263585
1741032000,5883.75,5884.25,5821.75,5863.0,563167
1741035600,5862.75,5876.25,5861.0,5875.0,77186
1741042800,5874.0,5881.0,5867.5,5870.25,0
1741046400,5870.25,5879.5,5861.5,5877.0,16797
1741050000,5877.25,5881.5,5859.5,5861.5,19465
1741053600,5861.75,5873.75,5859.75,5871.0,10659
1741057200,5871.0,5877.75,5867.0,5874.0,9486
1741060800,5874.0,5878.0,5868.5,5871.0,8560
1741064400,5879.5,5880.5,5870.25,5877.75,20156
1741068000,5877.75,5881.5,5869.0,5878.25,11115
1741071600,5878.25,5879.25,5860.0,5863.25,16464
1741075200,5863.0,5878.5,5856.5,5867.75,29075
1741078800,5867.75,5876.75,5859.5,5863.25,22651
1741082400,5863.25,5866.0,5848.75,5855.75,25903
1741086000,5855.75,5861.0,5849.0,5856.0,18068
1741089600,5855.5,5855.75,5821.0,5823.75,62081
1741093200,5824.0,5828.5,5812.0,5820.75,89482
1741096800,5820.5,5835.75,5778.0,5779.0,464163
1741100400,5778.75,5783.75,5744.0,5762.5,572232
1741104000,5762.75,5787.5,5744.75,5781.5,368462
1741107600,5781.25,5807.25,5774.75,5786.75,276793
1741111200,5786.75,5830.25,5782.25,5824.5,263944
1741114800,5824.25,5853.25,5823.5,5850.5,253363
1741118400,5850.25,5875.75,5768.25,5790.75,510395
1741122000,5790.75,5840.0,5790.5,5825.0,165406
1741129200,5832.0,5838.0,5823.25,5834.0,0
1741132800,5834.25,5836.75,5814.75,5826.5,18276
1741136400,5826.75,5828.5,5808.0,5820.0,25019
1741140000,5820.0,5823.0,5807.75,5814.0,17447
1741143600,5814.25,5832.75,5809.0,5828.75,21209
1741147200,5828.5,5834.0,5825.0,5826.75,8631
1741150800,5828.75,5829.0,5817.5,5827.0,7526
1741154400,5827.0,5829.75,5818.25,5826.0,6638
1741158000,5825.75,5832.5,5821.0,5822.0,12248
1741161600,5822.25,5837.0,5817.25,5824.5,29946
1741165200,5824.75,5844.25,5820.0,5839.5,23194
1741168800,5840.0,5842.75,5822.5,5823.25,24555
1741172400,5823.5,5825.5,5796.25,5809.75,30909
1741176000,5810.0,5816.5,5797.5,5802.5,35681
1741179600,5802.5,5813.5,5783.75,5788.5,82759
1741183200,5788.5,5812.75,5770.25,5778.25,253533
1741186800,5780.0,5817.0,5774.5,5789.5,341477
1741190400,5789.25,5789.25,5750.75,5779.5,276471
1741194000,5779.25,5829.5,5778.0,5828.0,227682
1741197600,5828.0,5836.25,5797.75,5835.25,234345
1741201200,5835.0,5864.25,5828.75,5851.25,203552
1741204800,5851.25,5869.5,5834.0,5850.75,276921
1741208400,5850.75,5852.0,5841.25,5845.5,54646
1741215600,5844.75,5853.5,5841.5,5845.25,0
1741219200,5845.0,5850.0,5838.0,5839.5,7392
1741222800,5840.0,5845.0,5838.5,5843.25,8401
1741226400,5843.5,5846.75,5839.5,5840.75,5638
1741230000,5841.0,5847.25,5838.75,5846.5,4660
1741233600,5846.25,5850.0,5846.25,5849.25,7172
1741237200,5849.0,5850.0,5842.75,5843.0,5515
1741240800,5843.0,5849.5,5840.5,5848.25,5743
1741244400,5848.5,5850.0,5823.75,5824.5,16590
1741248000,5824.5,5830.75,5801.25,5804.0,36173
1741251600,5803.75,5813.5,5786.25,5792.5,37381
1741255200,5792.5,5797.75,5779.5,5781.5,25478
1741258800,5781.5,5797.25,5775.5,5796.75,24865
1741262400,5796.75,5797.75,5780.25,5784.75,29633
1741266000,5785.0,5790.75,5769.25,5779.5,59637
1741269600,5779.5,5788.75,5753.25,5763.5,246971
1741273200,5763.5,5820.0,5759.75,5806.5,380221
1741276800,5806.75,5821.25,5763.0,5764.25,303787
1741280400,5764.0,5768.75,5729.0,5749.5,321198
1741284000,5749.25,5760.25,5722.75,5740.0,221031
1741287600,5739.75,5768.5,5720.0,5729.0,271333
1741291200,5729.0,5761.75,5723.5,5747.75,387166
1741294800,5747.75,5771.75,5744.25,5761.25,73740
1741302000,5766.0,5769.75,5761.5,5764.75,0
1741305600,5765.0,5769.75,5756.25,5763.75,12399
1741309200,5764.0,5774.5,5761.25,5768.75,10001
1741312800,5768.75,5774.5,5763.25,5768.25,8196
1741316400,5768.5,5769.0,5760.75,5761.25,6657
1741320000,5761.25,5765.25,5757.5,5763.75,6333
1741323600,5760.25,5764.5,5754.5,5757.0,6227
1741327200,5757.25,5757.75,5750.0,5752.0,9982
1741330800,5752.0,5764.25,5750.5,5762.25,12450
1741334400,5762.5,5766.0,5753.75,5760.25,26479
1741338000,5760.0,5773.25,5758.25,5767.75,17288
1741341600,5768.0,5768.5,5756.5,5763.5,14421
1741345200,5763.5,5769.0,5758.0,5765.25,11628
1741348800,5765.0,5765.75,5745.5,5751.5,31664
1741352400,5751.25,5786.5,5729.25,5734.5,123483
1741356000,5734.25,5778.0,5721.0,5756.25,276705
1741359600,5756.5,5768.0,5701.25,5726.0,362354
1741363200,5726.0,5729.75,5673.0,5687.75,263078
1741366800,5688.0,5747.75,5674.5,5718.5,265665
1741370400,5718.75,5770.0,5718.0,5769.75,228248
1741374000,5769.75,5790.25,5758.25,5769.0,196883
1741377600,5769.0,5791.0,5745.25,5775.0,287003
1741381200,5775.25,5777.25,5760.25,5771.75,58558
1741557600,5753.0,5756.25,5722.75,5728.0,28715
1741561200,5728.0,5738.0,5710.5,5733.25,22175
1741564800,5733.5,5739.75,5726.25,5738.5,27741
1741568400,5738.75,5752.5,5737.5,5752.0,13077
1741572000,5751.75,5755.25,5748.0,5752.5,7441
1741575600,5752.25,5754.75,5744.5,5750.5,6876
1741579200,5750.5,5757.75,5745.0,5745.5,6509
1741582800,5746.0,5752.75,5741.25,5743.5,6910
1741586400,5743.75,5752.0,5743.75,5748.25,6794
1741590000,5748.0,5754.0,5742.25,5743.25,11683
1741593600,5743.75,5748.25,5703.0,5705.75,43004
1741597200,5705.5,5731.5,5703.0,5718.5,31610
1741600800,5719.0,5725.0,5706.0,5709.0,26092
1741604400,5709.0,5723.25,5701.75,5706.5,35083
1741608000,5706.75,5707.5,5687.25,5701.0,57162
1741611600,5701.25,5711.25,5679.25,5689.25,285205
1741615200,5689.5,5689.5,5646.5,5655.0,378256
1741618800,5655.0,5682.0,5651.75,5654.0,264654
1741622400,5653.75,5667.0,5640.0,5645.75,183278
1741626000,5645.75,5647.25,5616.75,5619.75,196332
1741629600,5619.75,5631.25,5586.25,5588.75,217627
1741633200,5588.75,5640.75,5571.5,5623.75,517379
1741636800,5623.5,5631.25,5613.5,5628.75,102080
1741644000,5622.0,5625.75,5605.5,5611.25,0
1741647600,5611.25,5615.25,5584.0,5602.0,21809
1741651200,5602.25,5607.25,5558.75,5573.5,30694
1741654800,5573.5,5589.25,5558.0,5586.5,25617
1741658400,5586.5,5620.75,5584.5,5613.5,24035
1741662000,5613.75,5637.0,5613.75,5624.5,19422
1741665600,5626.0,5637.5,5625.0,5630.5,8887
1741669200,5630.5,5636.75,5625.75,5633.75,7852
1741672800,5633.5,5639.0,5627.75,5630.0,11478
1741676400,5630.0,5636.5,5615.5,5633.5,15242
1741680000,5633.75,5644.0,5629.25,5644.0,32981
1741683600,5643.75,5647.0,5637.75,5640.75,35842
1741687200,5640.75,5644.75,5632.0,5639.5,33597
1741690800,5639.5,5651.0,5626.5,5651.0,33817
1741694400,5650.75,5651.75,5616.25,5619.25,58326
1741698000,5619.25,5631.75,5597.5,5613.25,241671
1741701600,5613.25,5635.75,5554.5,5562.5,410227
1741705200,5562.5,5614.75,5556.25,5586.5,283308
1741708800,5586.0,5591.25,5550.0,5557.0,223628
1741712400,5557.25,5568.5,5534.0,5557.25,212872
1741716000,5557.25,5643.75,5555.75,5630.25,303881
1741719600,5630.25,5641.0,5575.0,5576.0,385196
1741723200,5575.75,5589.5,5572.75,5576.75,88673
1741730400,5580.0,5594.5,5574.25,5591.75,0
1741734000,5591.5,5593.5,5582.5,5593.5,7171
1741737600,5593.5,5598.5,5585.75,5592.25,9209
1741741200,5592.0,5595.75,5585.5,5593.75,7175
1741744800,5593.75,5598.75,5589.5,5590.75,5311
1741748400,5591.0,5593.25,5585.0,5589.5,4556
1741752000,5588.25,5596.0,5587.75,5590.75,4620
1741755600,5591.0,5597.75,5589.5,5597.25,3421
1741759200,5597.0,5597.0,5579.0,5582.0,5777
1741762800,5582.25,5597.5,5577.5,5596.25,12667
1741766400,5596.25,5613.0,5586.0,5611.25,27679
1741770000,5611.0,5616.25,5607.0,5615.5,19104
1741773600,5615.5,5617.25,5605.5,5613.75,17141
1741777200,5613.75,5627.25,5613.0,5621.75,24348
1741780800,5621.75,5675.0,5616.5,5643.75,135218
1741784400,5644.0,5646.25,5597.0,5608.5,291907
1741788000,5608.0,5619.25,5568.25,5569.75,283469
1741791600,5569.5,5606.25,5550.25,5604.75,219891
1741795200,5605.0,5626.5,5595.75,5604.25,200752
1741798800,5604.5,5631.5,5592.75,5593.5,152282
1741802400,5593.75,5633.0,5591.75,5626.0,137240
1741806000,5625.75,5626.0,5595.25,5603.0,264036
1741809600,5602.75,5604.0,5595.0,5597.25,55621
1741816800,5596.5,5611.0,5595.5,5609.25,0
1741820400,5609.0,5621.25,5608.75,5620.5,6729
1741824000,5620.5,5623.0,5610.0,5611.0,7856
1741827600,5610.75,5613.75,5603.75,5612.25,9027
1741831200,5612.0,5613.0,5602.5,5603.25,5823
1741834800,5603.5,5604.0,5586.25,5589.25,11473
1741838400,5592.0,5593.25,5576.75,5580.75,10731
1741842000,5580.5,5584.5,5570.75,5577.5,10045
1741845600,5577.75,5585.0,5563.5,5582.0,14863
1741849200,5582.0,5585.0,5564.0,5567.0,16936
1741852800,5566.75,5580.5,5559.5,5580.0,28052
1741856400,5579.75,5605.5,5572.0,5604.5,26761
1741860000,5604.5,5609.75,5595.5,5599.75,24349
1741863600,5599.75,5603.0,5580.25,5590.75,50184
1741867200,5590.5,5604.0,5575.25,5594.75,71838
1741870800,5594.75,5602.75,5556.75,5563.0,201986
1741874400,5563.25,5603.75,5557.0,5572.75,290018
1741878000,5572.75,5582.5,5536.25,5537.5,281670
1741881600,5537.75,5558.75,5525.75,5538.75,236623
1741885200,5538.5,5546.0,5509.25,5513.25,172398
1741888800,5513.25,5555.5,5512.0,5552.0,186550
1741892400,5551.75,5559.0,5514.0,5528.25,309513
1741896000,5528.25,5545.0,5526.75,5537.5,75520
1741903200,5540.0,5557.0,5538.75,5552.5,0
1741906800,5552.5,5558.5,5550.25,5552.75,7965
1741910400,5553.0,5567.0,5547.5,5561.75,34994
1741914000,5561.75,5568.25,5558.5,5561.5,16623
1741917600,5561.5,5569.75,5561.25,5567.75,7252
1741921200,5568.0,5572.25,5567.5,5569.75,5880
1741924800,5569.5,5570.75,5565.75,5569.0,4275
1741928400,5568.75,5572.75,5561.5,5562.5,5855
1741932000,5562.25,5565.25,5556.25,5563.0,6359
1741935600,5563.0,5564.0,5553.25,5557.0,10875
1741939200,5557.25,5571.75,5552.75,5567.25,18114
1741942800,5567.5,5574.0,5566.5,5569.25,16707
1741946400,5569.5,5579.0,5558.5,5573.25,32725
1741950000,5573.0,5579.25,5564.5,5575.75,20078
1741953600,5575.75,5588.0,5573.75,5581.5,37148
1741957200,5581.5,5607.75,5568.5,5595.25,232803
1741960800,5595.25,5613.75,5564.0,5613.5,374590
1741964400,5613.5,5635.5,5610.25,5632.25,270312
1741968000,5632.0,5635.25,5611.0,5631.75,223358
1741971600,5631.5,5639.0,5615.5,5617.25,188334
1741975200,5617.25,5635.75,5613.0,5628.5,160140
1741978800,5628.5,5648.75,5624.0,5637.5,304998
1741982400,5637.5,5637.75,5621.75,5628.75,80291
1742162400,5626.75,5632.0,5604.75,5607.0,16577
1742166000,5607.25,5614.25,5602.5,5608.5,15487
1742169600,5608.75,5617.5,5606.0,5613.75,13835
1742173200,5613.5,5617.75,5612.25,5614.5,4930
1742176800,5614.25,5614.5,5609.25,5610.5,7926
1742180400,5610.5,5612.0,5607.25,5609.5,4093
1742184000,5609.25,5613.0,5608.25,5610.25,3282
1742187600,5610.25,5612.0,5608.5,5609.5,2413
1742191200,5609.5,5611.0,5601.25,5605.5,6981
1742194800,5605.75,5609.75,5599.0,5609.0,10418
1742198400,5609.5,5615.0,5603.0,5613.25,22975
1742202000,5613.0,5617.75,5610.0,5614.0,30944
1742205600,5613.75,5629.0,5611.75,5627.5,42376
1742209200,5627.25,5634.5,5624.0,5624.5,53209
1742212800,5624.25,5649.0,5615.5,5641.75,104030
1742216400,5641.5,5674.0,5631.75,5667.0,259385
1742220000,5667.0,5673.25,5646.75,5650.0,386123
1742223600,5650.25,5662.5,5638.0,5648.5,213361
1742227200,5648.5,5663.0,5642.5,5656.25,188788
1742230800,5656.0,5684.0,5649.5,5681.25,155851
1742234400,5681.25,5707.5,5681.0,5702.25,141922
1742238000,5702.0,5703.5,5678.25,5680.5,232232
1742241600,5680.5,5681.5,5674.0,5680.25,46256
1742248800,5680.0,5686.25,5678.75,5685.25,0
1742252400,5685.5,5686.0,5678.0,5679.5,8783
1742256000,5679.75,5681.25,5672.0,5675.0,13383
1742259600,5675.25,5677.25,5664.25,5665.0,14287
1742263200,5665.25,5667.75,5663.75,5666.25,4166
1742266800,5666.25,5667.0,5659.5,5660.5,1918
1742270400,5660.75,5663.5,5655.5,5657.75,2607
1742274000,5657.75,5662.0,5657.25,5661.75,1863
1742277600,5662.0,5668.25,5660.0,5667.5,3471
1742281200,5667.25,5671.5,5664.5,5667.75,4005
1742284800,5668.25,5683.25,5665.5,5680.0,16353
1742288400,5680.0,5683.25,5670.5,5671.5,29871
1742292000,5671.25,5671.75,5652.75,5667.75,38777
1742295600,5668.0,5672.75,5657.0,5669.75,24697
1742299200,5669.25,5670.75,5653.25,5654.5,27416
1742302800,5654.5,5659.75,5615.25,5616.75,196861
1742306400,5617.0,5629.75,5610.25,5616.75,150087
1742310000,5617.0,5618.5,5600.0,5605.0,114967
1742313600,5605.5,5627.25,5602.0,5617.5,99177
1742317200,5617.5,5624.5,5601.25,5617.5,78371
1742320800,5617.5,5631.25,5606.5,5623.0,64617
1742324400,5622.75,5626.25,5607.5,5620.25,137978
1742328000,5620.25,5627.5,5617.25,5618.25,26211
1742335200,5618.5,5622.25,5609.5,5619.25,0
1742338800,5619.5,5622.5,5616.0,5621.25,1740
1742342400,5621.25,5638.25,5620.0,5634.75,26038
1742346000,5634.75,5635.5,5628.75,5630.75,6250
1742349600,5630.25,5633.25,5628.0,5628.25,5993
1742353200,5628.25,5631.5,5627.0,5629.25,1713
1742356800,5626.75,5627.25,5623.25,5624.75,1279
1742360400,5624.75,5630.25,5622.25,5624.75,2753
1742364000,5625.25,5625.25,5620.0,5624.75,1525
1742367600,5624.5,5624.5,5606.25,5610.75,5642
1742371200,5610.75,5628.0,5610.0,5622.5,8812
1742374800,5622.0,5633.0,5617.25,5631.5,19489
1742378400,5631.5,5636.5,5629.0,5631.25,9208
1742382000,5631.25,5638.0,5627.25,5633.25,11158
1742385600,5633.25,5635.75,5624.25,5629.5,8359
1742389200,5629.25,5653.0,5624.75,5648.25,61462
1742392800,5648.25,5662.5,5641.75,5643.75,72900
1742396400,5643.75,5672.0,5642.25,5667.0,64133
1742400000,5666.75,5671.0,5655.5,5658.25,45048
1742403600,5658.25,5660.5,5635.5,5640.25,30564
1742407200,5639.0,5694.25,5632.0,5691.25,79069
1742410800,5691.0,5718.5,5674.75,5679.5,120530
1742414400,5679.75,5685.25,5678.0,5678.25,18752
1742421600,5680.0,5696.25,5680.0,5692.5,0
1742425200,5692.5,5697.0,5690.5,5696.25,1853
1742428800,5696.0,5701.0,5692.25,5699.25,1650
1742432400,5699.25,5701.25,5694.75,5695.5,1750
1742436000,5695.5,5703.25,5695.0,5701.75,2223
1742439600,5702.0,5708.25,5702.0,5704.5,1183
1742443200,5704.75,5707.0,5702.75,5704.25,1455
1742446800,5704.5,5706.5,5703.0,5706.25,925
1742450400,5706.0,5707.0,5698.75,5699.25,1908
1742454000,5699.25,5704.5,5697.25,5698.25,2586
1742457600,5698.25,5706.25,5698.25,5701.75,7093
1742461200,5702.25,5702.75,5675.0,5678.5,7025
1742464800,5679.0,5679.0,5631.5,5650.0,18958
1742468400,5650.25,5661.5,5644.75,5660.0,7836
1742472000,5660.0,5661.25,5650.75,5651.25,9540
1742475600,5651.25,5675.5,5633.5,5674.25,38189
1742479200,5674.25,5714.25,5672.5,5702.25,49300
1742482800,5702.5,5707.5,5685.0,5689.75,29852
1742486400,5689.75,5702.5,5664.25,5667.0,45824
1742490000,5667.0,5680.5,5655.0,5660.0,31064
1742493600,5660.0,5671.75,5645.25,5652.5,33982
1742497200,5651.75,5674.25,5651.25,5664.25,41701
1742500800,5664.25,5669.75,5662.75,5666.5,11625
1742508000,5664.0,5670.25,5663.75,5665.25,0
1742511600,5665.25,5665.75,5657.0,5665.0,1404
1742515200,5664.75,5673.25,5663.75,5670.0,721
1742518800,5670.75,5674.25,5666.5,5673.0,527
1742522400,5672.5,5673.0,5666.25,5669.25,358
1742526000,5668.75,5668.75,5662.25,5665.25,489
1742529600,5667.0,5667.25,5659.75,5660.75,547
1742533200,5660.75,5661.0,5650.0,5655.5,313
1742536800,5655.0,5666.5,5654.75,5666.0,487
1742540400,5666.25,5666.5,5648.5,5653.25,705
1742544000,5653.0,5661.5,5635.0,5642.5,2182
1742547600,5642.25,5647.25,5635.75,5643.75,1323
1742551200,5644.5,5655.25,5639.5,5646.5,1495
1742554800,5646.75,5651.75,5642.75,5644.25,3546
1742558400,5644.25,5653.0,5614.75,5616.0,9750
1742562000,5615.5,5616.5,5597.5,5615.0,9878
1742587200,5720.0,5720.0,5720.0,5720.0,0
1742767200,5740.0,5754.5,5739.0,5743.0,25392
1742770800,5742.75,5753.5,5741.0,5752.5,8904
1742774400,5752.5,5757.25,5750.75,5755.5,17325
1742778000,5755.5,5756.75,5751.75,5754.75,8276
1742781600,5754.25,5756.25,5751.75,5755.5,4415
1742785200,5755.5,5757.5,5753.0,5754.25,5044
1742788800,5754.0,5755.25,5752.25,5754.5,2361
1742792400,5754.75,5757.75,5754.75,5755.75,3069
1742796000,5755.75,5764.75,5755.0,5764.0,6363
1742799600,5763.75,5769.25,5763.25,5766.0,10544
1742803200,5765.5,5778.75,5765.0,5776.25,24418
1742806800,5776.25,5780.5,5769.5,5772.5,23041
1742810400,5772.25,5782.0,5770.75,5779.75,14387
1742814000,5779.5,5787.25,5778.0,5784.0,31273
1742817600,5783.75,5788.0,5780.5,5786.5,24882
1742821200,5786.5,5804.5,5776.0,5802.0,157318
1742824800,5802.0,5811.5,5794.5,5810.5,177113
1742828400,5810.5,5815.0,5805.5,5814.0,111968
1742832000,5813.75,5819.25,5802.5,5805.75,149820
1742835600,5806.0,5808.75,5798.5,5805.75,106517
1742839200,5805.75,5811.25,5795.0,5811.0,150958
1742842800,5811.0,5825.5,5809.25,5813.5,220383
1742846400,5813.75,5819.75,5812.75,5813.0,56000
1742853600,5813.0,5815.25,5809.25,5810.25,0
1742857200,5810.25,5814.25,5809.25,5811.5,3899
1742860800,5811.75,5814.75,5806.75,5814.25,13317
1742864400,5814.0,5816.0,5812.25,5813.25,7283
1742868000,5813.25,5813.25,5807.75,5809.5,5522
1742871600,5809.75,5810.75,5806.25,5807.0,3531
1742875200,5806.5,5807.5,5805.75,5806.5,2500
1742878800,5806.25,5808.0,5805.5,5807.0,2211
1742882400,5807.25,5808.75,5804.25,5808.75,3492
1742886000,5808.5,5813.75,5806.25,5806.5,8316
1742889600,5806.5,5809.25,5802.25,5805.75,17772
1742893200,5805.75,5811.5,5802.75,5811.25,12836
1742896800,5811.25,5819.25,5805.5,5818.5,16650
1742900400,5818.25,5829.5,5814.75,5828.75,28930
1742904000,5828.5,5834.0,5826.0,5827.0,23198
1742907600,5827.0,5832.75,5812.75,5819.75,121854
1742911200,5819.75,5837.25,5812.25,5832.75,154255
1742914800,5832.5,5835.0,5818.0,5820.25,93644
1742918400,5820.25,5823.75,5814.5,5822.25,87261
1742922000,5822.25,5828.25,5812.75,5813.75,89788
1742925600,5813.75,5822.25,5809.5,5811.75,97080
1742929200,5811.75,5828.5,5811.25,5826.25,181549
1742932800,5826.0,5832.25,5826.0,5832.0,38099
1742940000,5831.0,5835.0,5828.75,5830.25,0
1742943600,5830.25,5834.75,5830.0,5832.75,3125
1742947200,5832.5,5836.5,5830.25,5834.25,5557
1742950800,5834.25,5834.25,5830.0,5831.0,4836
1742954400,5830.75,5831.5,5823.5,5827.5,7393
1742958000,5827.5,5828.0,5823.0,5825.25,3683
1742961600,5825.0,5826.25,5824.0,5826.0,2071
1742965200,5826.0,5828.0,5819.0,5819.5,3520
1742968800,5819.5,5822.25,5817.25,5821.75,5046
1742972400,5821.75,5828.0,5821.5,5823.25,5721
1742976000,5823.5,5825.25,5816.25,5818.5,15124
1742979600,5818.75,5822.25,5814.75,5814.75,13367
1742983200,5814.5,5825.5,5813.75,5825.25,16442
1742986800,5825.25,5830.75,5822.25,5828.75,13052
1742990400,5828.5,5831.5,5822.25,5829.5,21675
1742994000,5829.5,5834.5,5805.5,5808.5,155311
1742997600,5808.5,5817.25,5797.0,5806.25,218906
1743001200,5806.5,5810.5,5772.5,5778.0,183570
1743004800,5778.25,5785.5,5764.0,5765.75,166326
1743008400,5765.75,5773.5,5750.5,5751.5,162472
1743012000,5751.5,5766.25,5743.0,5745.25,119838
1743015600,5745.25,5767.25,5743.25,5758.25,230813
1743019200,5758.25,5760.5,5751.5,5754.75,51268
1743026400,5737.25,5752.75,5730.0,5737.75,0
1743030000,5737.75,5749.5,5735.5,5747.25,7370
1743033600,5747.25,5754.75,5745.0,5750.25,10496
1743037200,5750.5,5755.0,5749.25,5753.75,8434
1743040800,5753.75,5762.5,5753.5,5761.25,7377
1743044400,5761.25,5768.25,5761.0,5766.75,5908
1743048000,5769.0,5769.5,5765.5,5768.0,5051
1743051600,5767.75,5771.75,5764.0,5764.25,7093
1743055200,5764.5,5772.75,5763.25,5764.5,10064
1743058800,5764.5,5766.75,5754.25,5755.25,13034
1743062400,5755.5,5764.75,5743.0,5764.0,24731
1743066000,5764.25,5767.75,5759.0,5765.5,13560
1743069600,5765.5,5770.0,5753.5,5753.75,11855
1743073200,5754.0,5760.25,5744.75,5757.75,20024
1743076800,5757.5,5761.0,5749.25,5752.0,31761
1743080400,5752.0,5755.25,5720.0,5754.0,199728
1743084000,5753.75,5778.75,5745.75,5778.75,207108
1743087600,5778.75,5779.75,5749.0,5750.25,160906
1743091200,5750.25,5770.0,5736.25,5736.75,156447
1743094800,5736.75,5752.5,5733.75,5737.0,133917
1743098400,5737.0,5762.75,5736.0,5746.25,140149
1743102000,5746.0,5771.25,5737.5,5740.5,260974
1743105600,5740.5,5745.75,5739.5,5741.25,51678
1743112800,5741.75,5744.75,5738.75,5739.75,0
1743116400,5739.75,5740.75,5731.75,5736.0,4970
1743120000,5736.0,5741.75,5727.75,5741.0,8337
1743123600,5741.0,5743.5,5737.25,5738.0,6789
1743127200,5738.25,5745.25,5737.5,5742.5,5000
1743130800,5742.5,5744.75,5739.75,5744.75,4079
1743134400,5741.5,5743.75,5740.0,5743.5,3934
1743138000,5743.75,5745.5,5739.75,5742.5,5234
1743141600,5742.25,5747.75,5729.5,5730.0,7798
1743145200,5730.25,5733.0,5711.5,5712.75,21781
1743148800,5712.5,5727.5,5712.25,5725.75,23168
1743152400,5725.75,5730.25,5721.75,5724.5,16040
1743156000,5724.75,5739.75,5724.5,5735.0,15595
1743159600,5735.0,5736.75,5725.75,5733.0,12080
1743163200,5733.25,5735.25,5712.0,5712.0,38557
1743166800,5712.25,5734.75,5705.5,5707.25,201848
1743170400,5707.5,5711.25,5649.5,5655.5,350099
1743174000,5655.5,5665.0,5644.5,5646.25,226596
1743177600,5646.25,5655.0,5631.0,5632.0,170758
1743181200,5632.0,5633.0,5618.75,5630.75,174057
1743184800,5630.75,5636.5,5619.75,5628.75,143085
1743188400,5628.75,5634.25,5617.25,5624.5,295029
1743192000,5624.5,5625.25,5602.25,5602.5,85426
1743372000,5590.0,5600.0,5580.25,5594.25,22300
1743375600,5594.5,5594.75,5581.75,5593.0,17130
1743379200,5592.75,5593.75,5574.25,5580.5,23879
1743382800,5580.75,5592.25,5580.5,5585.0,14562
1743386400,5585.5,5591.25,5579.0,5582.5,9310
1743390000,5582.75,5583.75,5574.25,5578.25,7637
1743393600,5579.5,5589.0,5577.75,5587.25,7645
1743397200,5587.0,5591.75,5582.75,5585.75,9604
1743400800,5585.5,5588.0,5576.25,5581.75,13367
1743404400,5581.0,5589.75,5572.5,5587.5,26615
1743408000,5587.5,5591.5,5572.25,5573.0,27325
1743411600,5573.0,5576.5,5562.5,5569.0,30231
1743415200,5569.0,5576.5,5566.0,5572.5,16325
1743418800,5572.75,5575.75,5552.0,5562.75,33487
1743422400,5563.0,5575.0,5557.25,5574.25,36657
1743426000,5574.25,5577.5,5533.75,5562.5,263495
1743429600,5562.75,5585.5,5559.25,5581.75,264498
1743433200,5581.75,5606.75,5577.75,5598.5,209953
1743436800,5598.5,5611.75,5584.5,5598.5,155166
1743440400,5598.75,5617.25,5592.25,5596.75,134528
1743444000,5596.75,5645.0,5595.25,5629.25,214446
1743447600,5629.25,5672.75,5628.75,5656.25,463166
1743451200,5656.25,5657.5,5640.75,5644.5,90762
1743458400,5644.25,5645.5,5625.75,5639.0,0
1743462000,5639.0,5645.75,5631.5,5635.75,10760
1743465600,5635.5,5635.75,5620.25,5626.25,14455
1743469200,5626.0,5632.25,5619.25,5631.0,10846
1743472800,5631.0,5640.75,5629.25,5640.5,8569
1743476400,5640.5,5642.0,5632.5,5634.75,6668
1743480000,5631.25,5634.5,5630.25,5634.0,5332
1743483600,5634.0,5642.0,5632.5,5633.5,8046
1743487200,5633.25,5650.75,5631.5,5649.75,11772
1743490800,5650.0,5661.5,5638.25,5639.5,23271
1743494400,5640.0,5654.5,5636.75,5653.75,19629
1743498000,5653.75,5663.5,5652.0,5659.5,15651
1743501600,5659.5,5660.5,5623.25,5638.25,39909
1743505200,5638.5,5639.25,5618.0,5626.5,28601
1743508800,5626.5,5637.25,5621.5,5634.75,39760
1743512400,5635.0,5650.0,5623.0,5636.5,184980
1743516000,5637.0,5662.75,5600.25,5661.5,311316
1743519600,5661.5,5683.5,5658.0,5680.75,226531
1743523200,5681.0,5694.75,5658.0,5671.75,192261
1743526800,5671.75,5676.5,5653.5,5654.25,124209
1743530400,5654.5,5656.25,5625.75,5641.0,163258
1743534000,5640.75,5679.75,5638.5,5674.75,281782
1743537600,5674.75,5679.5,5666.25,5672.25,66467
1743544800,5672.0,5695.75,5671.5,5683.0,0
1743548400,5683.0,5687.75,5680.0,5682.75,5308
1743552000,5682.75,5683.25,5662.5,5665.5,15720
1743555600,5665.5,5672.25,5663.5,5670.0,5351
1743559200,5670.25,5671.0,5666.0,5668.25,4424
1743562800,5668.0,5669.5,5664.5,5666.0,4650
1743566400,5665.75,5668.75,5664.5,5668.75,3739
1743570000,5668.75,5669.25,5661.25,5663.5,5853
1743573600,5663.5,5673.0,5661.0,5665.75,8692
1743577200,5666.0,5671.75,5656.0,5659.5,17458
1743580800,5659.5,5666.25,5652.25,5657.25,14286
1743584400,5657.25,5663.25,5653.25,5654.5,8989
1743588000,5654.5,5656.0,5639.5,5643.0,27284
1743591600,5643.0,5645.75,5633.75,5635.0,23476
1743595200,5635.0,5635.75,5612.0,5624.5,64579
1743598800,5624.5,5661.5,5610.75,5651.25,216139
1743602400,5650.75,5687.25,5646.5,5685.25,228042
1743606000,5685.25,5702.25,5673.0,5687.25,217776
1743609600,5687.5,5725.5,5685.25,5721.5,170420
1743613200,5721.75,5739.25,5696.75,5705.5,208779
1743616800,5705.5,5709.25,5673.75,5675.75,189408
1743620400,5675.75,5721.25,5675.5,5710.0,245891
1743624000,5710.0,5773.25,5566.25,5584.5,289042
1743631200,5550.5,5550.5,5481.0,5528.0,0
1743634800,5528.0,5528.5,5498.25,5512.0,26998
1743638400,5512.25,5557.75,5512.25,5531.75,38014
1743642000,5532.0,5564.5,5531.5,5551.5,25174
1743645600,5551.75,5563.75,5545.25,5562.75,17712
1743649200,5563.0,5564.25,5546.0,5553.25,11355
1743652800,5559.25,5564.75,5550.5,5556.25,12877
1743656400,5556.5,5562.0,5536.0,5537.25,15327
1743660000,5537.5,5548.25,5527.5,5529.25,25922
1743663600,5529.0,5548.0,5523.5,5542.75,32431
1743667200,5542.0,5558.25,5536.25,5551.5,24192
1743670800,5551.0,5556.5,5522.5,5525.5,21413
1743674400,5526.0,5530.0,5503.25,5516.5,36070
1743678000,5517.0,5529.5,5508.25,5520.5,39700
1743681600,5520.0,5537.75,5495.5,5497.25,65580
1743685200,5497.0,5540.5,5491.25,5508.75,271287
1743688800,5508.5,5512.5,5460.25,5461.25,338273
1743692400,5461.0,5504.75,5455.0,5495.25,286153
1743696000,5495.0,5524.5,5490.25,5494.75,198398
1743699600,5494.75,5504.25,5477.5,5478.5,135500
1743703200,5478.5,5485.25,5458.75,5478.0,165687
1743706800,5478.0,5479.75,5428.5,5436.25,379644
1743710400,5436.25,5438.5,5415.25,5421.0,104150
1743717600,5423.0,5432.0,5407.5,5420.25,0
1743721200,5420.75,5429.5,5412.5,5422.25,11675
1743724800,5422.5,5435.0,5416.5,5423.5,13756
1743728400,5423.5,5429.25,5413.0,5414.25,13655
1743732000,5414.5,5425.0,5414.0,5414.75,11277
1743735600,5414.75,5415.5,5390.75,5401.0,22856
1743739200,5399.0,5404.25,5383.0,5385.25,12656
1743742800,5385.25,5421.75,5380.5,5421.25,22101
1743746400,5421.0,5430.0,5407.25,5407.5,22123
1743750000,5407.5,5415.0,5397.0,5399.25,41589
1743753600,5399.0,5408.25,5386.75,5391.25,42529
1743757200,5391.5,5395.75,5375.0,5388.75,39651
1743760800,5388.75,5395.25,5261.25,5273.5,213799
1743764400,5273.5,5291.75,5210.5,5284.25,153064
1743768000,5284.25,5313.0,5256.25,5303.5,148116
1743771600,5304.0,5322.0,5246.0,5287.0,344261
1743775200,5287.0,5288.0,5153.5,5208.5,456121
1743778800,5208.25,5280.75,5192.25,5203.25,432027
1743782400,5203.5,5228.5,5161.75,5174.0,255542
1743786000,5174.25,5200.0,5136.0,5199.25,249588
1743789600,5199.75,5212.25,5107.5,5130.25,254276
1743793200,5130.5,5192.75,5103.0,5108.5,512645
1743796800,5108.75,5116.5,5074.0,5096.75,161770
1743976800,5007.0,5007.0,4832.0,4893.25,98305
1743980400,4893.0,4930.0,4851.75,4913.75,55951
1743984000,4914.25,4935.0,4871.0,4934.0,56397
1743987600,4933.75,4995.5,4925.5,4987.75,54512
1743991200,4987.5,4992.75,4953.5,4964.5,30159
1743994800,4964.5,4967.25,4922.5,4931.0,29788
1743998400,4935.5,4951.25,4903.25,4926.75,28183
1744002000,4927.75,4968.75,4912.25,4927.0,33470
1744005600,4926.75,4947.25,4855.0,4863.0,56128
1744009200,4863.0,4891.75,4842.5,4880.5,80876
1744012800,4880.5,4956.5,4877.25,4926.5,86135
1744016400,4926.25,4958.0,4895.0,4936.25,56247
1744020000,4936.5,5040.0,4926.25,4997.75,112484
1744023600,4997.25,5037.5,4971.0,4985.75,81862
1744027200,4985.75,5028.0,4955.0,5012.25,131494
1744030800,5012.5,5015.25,4867.0,5007.25,386159
1744034400,5007.75,5286.5,4983.75,5110.75,752557
1744038000,5110.5,5150.0,4975.0,5046.0,313499
1744041600,5045.25,5068.75,4996.75,5007.25,178195
1744045200,5007.25,5145.75,5006.25,5143.0,246572
1744048800,5143.25,5158.0,5075.5,5084.0,187920
1744052400,5084.25,5119.5,5052.75,5099.0,352133
1744056000,5099.0,5145.75,5091.0,5118.0,92784
1744063200,5126.5,5144.0,5115.0,5143.75,0
1744066800,5143.75,5156.75,5139.0,5148.25,17081
1744070400,5148.0,5174.0,5136.75,5140.5,26264
1744074000,5140.75,5187.0,5126.0,5185.25,34592
1744077600,5184.5,5187.0,5172.25,5178.5,15875
1744081200,5178.5,5182.75,5161.75,5169.5,12529
1744084800,5167.5,5171.5,5150.0,5166.0,11149
1744088400,5165.75,5167.0,5141.5,5163.25,11797
1744092000,5163.0,5176.75,5151.75,5171.75,21393
1744095600,5171.5,5191.5,5161.75,5187.0,41103
1744099200,5187.0,5188.75,5152.25,5181.0,30919
1744102800,5180.5,5183.75,5157.75,5159.5,20838
1744106400,5159.25,5181.5,5151.75,5170.25,23237
1744110000,5170.5,5238.0,5163.25,5235.25,72202
1744113600,5235.0,5248.0,5211.5,5223.5,64268
1744117200,5223.0,5287.0,5217.75,5280.0,266359
1744120800,5280.25,5305.25,5231.75,5231.75,252025
1744124400,5232.25,5246.75,5192.75,5220.75,224844
1744128000,5220.75,5226.25,5121.5,5123.75,248058
1744131600,5123.25,5142.75,5071.25,5118.75,252243
1744135200,5118.75,5129.25,5064.5,5067.5,178915
1744138800,5067.5,5072.25,4940.5,5017.5,399927
1744142400,5017.5,5037.5,4989.5,5012.0,90553
1744146000,5012.25,5012.25,5012.25,5012.25,3
1744149600,5006.25,5014.5,4948.75,4975.75,0
1744153200,4975.5,4975.5,4927.25,4956.75,29483
1744156800,4956.5,4957.25,4920.0,4931.75,33622
1744160400,4931.75,4993.0,4912.25,4980.0,32920
1744164000,4980.75,4999.5,4957.0,4961.5,24016
1744167600,4961.75,4971.5,4920.75,4923.75,18678
1744171200,4920.0,4933.0,4885.0,4902.5,33376
1744174800,4903.0,4916.75,4871.75,4914.75,23690
1744178400,4915.0,4968.75,4914.0,4951.0,42382
1744182000,4950.75,5057.25,4947.5,5034.0,75142
1744185600,5033.75,5050.0,4971.0,5029.5,42324
1744189200,5029.0,5041.5,4995.0,5005.5,29133
1744192800,5005.5,5032.75,4967.75,4995.75,33851
1744196400,4995.75,4998.75,4901.75,4925.75,92923
1744200000,4926.25,4990.0,4909.25,4962.75,76172
1744203600,4962.5,5070.5,4962.5,5048.25,243620
1744207200,5048.25,5087.25,4980.0,4981.5,218003
1744210800,4981.5,5047.5,4980.0,5009.25,153846
1744214400,5009.0,5076.75,4997.0,5062.75,118132
1744218000,5062.75,5420.5,5025.0,5403.5,578147
1744221600,5403.5,5454.25,5360.5,5364.25,357529
1744225200,5364.25,5520.0,5352.0,5490.5,452095
1744228800,5489.75,5517.75,5480.0,5513.5,137707
1744236000,5502.5,5519.75,5490.0,5519.5,0
1744239600,5519.25,5528.75,5509.0,5514.75,16176
1744243200,5514.25,5518.0,5475.5,5496.5,26901
1744246800,5496.25,5506.75,5464.25,5475.75,23746
1744250400,5475.75,5483.0,5465.0,5465.5,13833
1744254000,5465.25,5470.0,5444.5,5454.5,15763
1744257600,5447.25,5457.0,5441.0,5451.0,11666
1744261200,5451.25,5472.0,5442.25,5471.25,14042
1744264800,5471.5,5476.75,5450.25,5467.25,28114
1744268400,5467.5,5487.75,5390.25,5401.0,60400
1744272000,5401.25,5415.25,5359.5,5372.5,47840
1744275600,5372.0,5396.75,5360.0,5380.0,37108
1744279200,5380.0,5427.0,5378.25,5391.5,35292
1744282800,5391.5,5413.75,5386.75,5406.25,38044
1744286400,5406.0,5425.75,5362.75,5385.5,94680
1744290000,5385.5,5405.0,5338.0,5343.25,212482
1744293600,5343.25,5373.75,5314.0,5316.5,247509
1744297200,5316.5,5341.0,5231.5,5238.0,216719
1744300800,5238.25,5258.0,5146.75,5249.25,306769
1744304400,5248.75,5308.75,5180.25,5295.0,257057
1744308000,5295.5,5351.5,5255.75,5314.75,221889
1744311600,5315.25,5348.75,5234.5,5299.5,364691
1744315200,5299.5,5322.75,5288.75,5304.5,83392
1744322400,5299.25,5330.5,5297.75,5311.5,0
1744326000,5311.75,5315.5,5264.5,5274.5,22681
1744329600,5274.25,5277.75,5206.5,5231.75,30088
1744333200,5231.25,5273.5,5223.0,5270.5,21044
1744336800,5270.0,5288.75,5244.5,5268.75,15109
1744340400,5269.25,5315.75,5269.0,5299.75,13067
1744344000,5315.75,5320.0,5297.5,5308.0,9511
1744347600,5308.25,5361.25,5294.0,5357.75,18101
1744351200,5358.0,5379.0,5344.0,5349.75,31707
1744354800,5349.75,5353.0,5312.25,5315.0,32872
1744358400,5314.75,5327.25,5257.25,5276.25,55319
1744362000,5276.25,5342.0,5264.5,5341.25,36952
1744365600,5341.25,5359.0,5325.5,5340.75,28837
1744369200,5340.75,5348.5,5295.0,5321.0,32408
1744372800,5321.0,5349.75,5304.0,5307.25,42443
1744376400,5307.5,5340.5,5262.25,5316.75,184945
1744380000,5314.75,5336.75,5251.5,5282.75,204525
1744383600,5282.5,5325.5,5259.5,5321.25,138806
1744387200,5321.25,5381.25,5311.75,5369.75,142274
1744390800,5370.0,5418.25,5340.25,5399.25,185149
1744394400,5399.5,5403.0,5368.0,5374.5,127922
1744398000,5374.5,5410.0,5373.25,5390.25,235501
1744401600,5390.5,5401.25,5387.0,5395.75,56336
1744581600,5452.5,5474.75,5411.0,5415.5,25076
1744585200,5416.0,5442.0,5410.0,5429.75,11172
1744588800,5430.0,5442.0,5421.75,5426.75,12925
1744592400,5426.75,5432.75,5415.5,5428.0,11106
1744596000,5427.5,5441.25,5427.0,5440.0,7066
1744599600,5439.75,5445.5,5425.25,5437.0,9430
1744603200,5438.0,5457.25,5435.5,5454.5,7250
1744606800,5454.5,5457.5,5445.25,5447.25,6885
1744610400,5447.0,5469.5,5441.75,5458.25,13336
1744614000,5458.0,5468.75,5445.5,5467.0,16325
1744617600,5467.0,5473.75,5462.75,5468.0,11626
1744621200,5468.0,5474.5,5445.0,5455.25,13744
1744624800,5455.25,5467.0,5449.75,5466.25,10233
1744628400,5466.5,5483.5,5451.5,5452.75,24754
1744632000,5452.75,5481.5,5450.5,5480.25,29460
1744635600,5480.25,5497.75,5444.25,5457.75,159386
1744639200,5458.25,5492.25,5449.25,5477.0,143773
1744642800,5477.0,5484.5,5404.75,5409.5,156992
1744646400,5410.0,5432.25,5391.0,5407.75,138752
1744650000,5408.0,5448.0,5405.5,5442.5,104304
1744653600,5442.5,5466.25,5440.25,5460.5,79464
1744657200,5460.5,5479.0,5436.0,5442.5,186566
1744660800,5442.5,5447.75,5405.75,5432.25,59610
1744668000,5431.75,5435.0,5413.0,5415.0,0
1744671600,5415.0,5428.0,5413.25,5421.5,5856
1744675200,5421.25,5438.0,5421.0,5434.25,7980
1744678800,5434.0,5443.0,5430.75,5432.0,5719
1744682400,5432.25,5440.0,5426.25,5427.25,4650
1744686000,5427.5,5439.25,5425.25,5437.75,3614
1744689600,5437.5,5440.25,5432.25,5436.25,3456
1744693200,5436.25,5438.5,5425.0,5431.75,6316
1744696800,5431.75,5441.5,5428.0,5438.25,6440
1744700400,5438.5,5463.0,5437.5,5458.5,19091
1744704000,5459.25,5460.75,5442.5,5451.75,20895
1744707600,5451.5,5459.0,5440.0,5445.25,12232
1744711200,5445.0,5455.0,5438.5,5449.25,11108
1744714800,5449.25,5452.5,5419.25,5425.0,21050
1744718400,5425.5,5436.0,5413.0,5433.75,32496
1744722000,5433.75,5482.0,5433.75,5467.25,125773
1744725600,5467.5,5485.0,5433.0,5458.0,212676
1744729200,5458.25,5472.5,5446.5,5462.25,121878
1744732800,5462.25,5468.75,5436.75,5442.0,84356
1744736400,5442.0,5451.25,5425.25,5434.75,108969
1744740000,5435.0,5444.0,5419.5,5438.0,89032
1744743600,5438.25,5444.75,5422.75,5428.25,159701
1744747200,5428.0,5434.25,5420.75,5425.5,38885
1744754400,5403.75,5403.75,5375.0,5389.75,0
1744758000,5389.5,5392.25,5377.75,5386.25,8078
1744761600,5386.25,5388.25,5367.25,5377.5,12811
1744765200,5377.75,5390.75,5377.75,5385.5,6721
1744768800,5385.75,5389.75,5379.5,5382.75,6411
1744772400,5383.0,5387.5,5379.0,5379.75,4514
1744776000,5378.75,5380.25,5373.75,5376.25,4622
1744779600,5376.25,5376.5,5340.0,5346.75,17842
1744783200,5347.0,5365.5,5346.0,5358.5,12542
1744786800,5358.5,5368.5,5342.25,5344.75,18991
1744790400,5345.0,5425.0,5342.5,5389.5,59457
1744794000,5389.75,5405.5,5382.5,5383.0,22734
1744797600,5383.0,5396.5,5380.75,5388.0,16731
1744801200,5387.75,5395.75,5378.75,5387.5,18655
1744804800,5387.25,5392.25,5373.25,5376.0,25331
1744808400,5376.0,5388.75,5348.5,5348.75,143032
1744812000,5348.5,5379.25,5346.0,5372.0,151208
1744815600,5372.25,5401.0,5363.0,5366.75,142456
1744819200,5366.5,5370.25,5354.25,5358.25,94685
1744822800,5358.25,5366.5,5287.25,5289.0,177303
1744826400,5289.0,5317.0,5275.0,5276.25,169988
1744830000,5276.5,5310.75,5251.0,5305.5,285797
1744833600,5305.25,5316.5,5292.25,5299.5,69167
1744840800,5308.0,5312.5,5299.25,5307.75,0
1744844400,5307.75,5311.25,5293.25,5307.75,11161
1744848000,5307.75,5330.75,5301.25,5329.0,14470
1744851600,5328.25,5331.75,5322.75,5328.75,6771
1744855200,5328.75,5335.75,5323.75,5334.5,8138
1744858800,5334.5,5344.75,5334.25,5344.75,7267
1744862400,5344.75,5347.0,5343.25,5345.0,5305
1744866000,5345.0,5355.25,5342.25,5350.75,8472
1744869600,5350.25,5357.5,5344.0,5349.25,13875
1744873200,5349.25,5371.25,5348.25,5361.5,21206
1744876800,5361.75,5362.75,5344.5,5345.5,14509
1744880400,5345.75,5359.0,5341.75,5350.0,14926
1744884000,5349.5,5351.25,5323.25,5331.0,26652
1744887600,5331.0,5334.75,5318.5,5329.5,18778
1744891200,5329.5,5356.5,5327.0,5334.0,44771
1744894800,5334.0,5340.25,5309.75,5334.0,151608
1744898400,5333.75,5339.0,5285.5,5297.25,172269
1744902000,5297.5,5335.75,5297.0,5314.5,143948
1744905600,5314.75,5351.5,5309.0,5346.75,173101
1744909200,5346.75,5351.0,5323.25,5343.0,86157
1744912800,5343.0,5359.5,5332.25,5332.5,107447
1744916400,5332.75,5335.5,5304.25,5311.25,181371
1744920000,5311.0,5331.75,5308.5,5326.5,54837
1745186400,5283.75,5306.75,5279.0,5286.5,11150
1745190000,5286.75,5294.0,5283.5,5293.0,4786
1745193600,5292.75,5303.25,5285.5,5286.0,10222
1745197200,5286.0,5288.0,5273.0,5280.25,13018
1745200800,5280.5,5285.25,5259.25,5266.5,10882
1745204400,5266.75,5272.75,5264.75,5267.25,4951
1745208000,5267.75,5273.5,5266.75,5268.75,2945
1745211600,5268.75,5276.25,5267.0,5274.75,2938
1745215200,5274.5,5278.0,5265.75,5270.5,5221
1745218800,5270.5,5272.75,5252.75,5254.0,7968
1745222400,5254.0,5261.5,5252.0,5258.0,5760
1745226000,5258.25,5259.5,5250.0,5256.75,6543
1745229600,5256.5,5263.5,5252.25,5262.5,5284
1745233200,5262.5,5270.0,5238.0,5245.5,19279
1745236800,5245.25,5260.75,5243.75,5255.0,14663
1745240400,5254.75,5262.5,5220.25,5220.5,112453
1745244000,5220.25,5220.5,5188.25,5190.25,154019
1745247600,5190.0,5195.0,5151.75,5154.25,130400
1745251200,5154.25,5176.5,5153.75,5156.25,102118
1745254800,5156.25,5161.25,5130.25,5132.5,110772
1745258400,5132.5,5149.75,5127.25,5131.25,97796
1745262000,5131.25,5193.0,5130.5,5183.5,246211
1745265600,5183.75,5186.0,5174.5,5184.0,56239
1745272800,5182.5,5187.5,5171.75,5180.25,0
1745276400,5180.25,5206.0,5179.5,5205.25,9087
1745280000,5205.5,5209.25,5201.0,5206.0,10247
1745283600,5205.75,5224.25,5204.5,5214.0,12859
1745287200,5214.0,5218.75,5210.5,5213.75,6792
1745290800,5214.25,5216.0,5198.0,5203.5,7885
1745294400,5203.75,5206.0,5201.0,5204.0,3654
1745298000,5204.0,5211.0,5201.25,5207.0,4497
1745301600,5206.75,5251.25,5203.5,5248.0,16773
1745305200,5248.5,5254.5,5229.5,5231.0,19695
1745308800,5231.0,5240.0,5224.5,5236.75,15435
1745312400,5236.75,5239.0,5228.0,5233.25,8773
1745316000,5233.25,5237.75,5228.75,5232.25,12436
1745319600,5232.25,5234.0,5216.5,5220.25,16213
1745323200,5220.0,5238.75,5218.0,5238.25,23652
1745326800,5238.25,5267.5,5236.0,5263.75,147529
1745330400,5264.0,5294.5,5262.25,5292.0,181305
1745334000,5292.0,5311.25,5283.0,5307.25,174342
1745337600,5307.5,5339.25,5307.5,5321.0,192760
1745341200,5321.25,5332.5,5262.25,5263.0,225947
1745344800,5263.0,5319.75,5262.25,5313.0,125479
1745348400,5313.0,5321.0,5287.5,5314.25,225275
1745352000,5314.5,5332.25,5311.5,5314.5,54267
1745359200,5379.75,5417.25,5377.75,5416.5,0
1745362800,5416.75,5424.0,5404.0,5412.5,24076
1745366400,5412.75,5414.75,5388.5,5397.25,15791
1745370000,5397.0,5403.0,5378.0,5382.5,11841
1745373600,5382.25,5398.5,5378.75,5392.75,7074
1745377200,5392.5,5395.5,5387.0,5395.0,5027
1745380800,5398.25,5401.75,5394.25,5398.5,4875
1745384400,5398.5,5406.25,5388.0,5401.75,7532
1745388000,5402.0,5409.25,5398.75,5400.0,11483
1745391600,5399.75,5415.0,5392.75,5414.0,19009
1745395200,5414.0,5434.25,5412.5,5425.0,22505
1745398800,5425.25,5431.25,5418.25,5427.5,15293
1745402400,5427.25,5451.25,5425.25,5447.5,19516
1745406000,5447.0,5453.75,5431.5,5432.0,26908
1745409600,5432.25,5456.75,5430.5,5455.25,37447
1745413200,5455.5,5496.75,5436.0,5482.0,268121
1745416800,5482.0,5499.75,5453.5,5472.75,256056
1745420400,5472.75,5483.0,5401.5,5420.5,250232
1745424000,5420.5,5432.25,5385.0,5428.0,160242
1745427600,5427.75,5441.75,5407.5,5429.75,123470
1745431200,5429.75,5435.0,5403.5,5409.25,108478
1745434800,5409.25,5417.25,5383.75,5398.5,240402
1745438400,5398.5,5435.0,5396.5,5413.0,72731
1745445600,5409.0,5413.5,5388.75,5406.25,0
1745449200,5406.25,5416.25,5404.0,5412.0,5827
1745452800,5411.75,5421.0,5408.25,5411.5,6679
1745456400,5411.5,5413.75,5397.75,5398.0,7416
1745460000,5397.5,5404.25,5391.0,5392.0,6080
1745463600,5391.5,5394.75,5388.0,5393.0,3690
1745467200,5392.5,5396.5,5383.25,5394.25,4498
1745470800,5394.5,5399.5,5372.25,5381.25,8339
1745474400,5381.25,5398.25,5378.75,5390.0,11014
1745478000,5390.0,5393.0,5368.5,5374.0,24414
1745481600,5374.0,5380.25,5355.25,5365.0,18387
1745485200,5364.75,5379.25,5364.75,5376.75,13901
1745488800,5376.75,5409.75,5375.25,5404.75,28800
1745492400,5404.5,5405.25,5380.0,5387.5,34325
1745496000,5387.25,5408.25,5386.75,5404.75,33727
1745499600,5404.75,5441.5,5398.5,5439.5,124758
1745503200,5439.75,5478.75,5434.75,5470.0,220901
1745506800,5470.25,5484.75,5463.75,5473.25,157394
1745510400,5473.25,5504.5,5468.0,5500.0,142874
1745514000,5500.25,5502.0,5485.75,5498.75,95501
1745517600,5499.0,5514.75,5496.25,5506.75,101150
1745521200,5506.5,5520.0,5488.75,5510.5,228203
1745524800,5510.25,5541.5,5510.0,5519.75,60875
1745532000,5529.0,5535.0,5517.75,5530.25,0
1745535600,5530.0,5534.5,5526.5,5528.25,6585
1745539200,5528.25,5543.0,5524.0,5540.5,8972
1745542800,5540.25,5542.25,5527.5,5530.0,8157
1745546400,5529.75,5532.0,5520.25,5524.0,6064
1745550000,5524.0,5542.0,5520.75,5541.25,10195
1745553600,5548.25,5553.0,5530.5,5533.0,12580
1745557200,5533.0,5538.75,5531.25,5534.75,4140
1745560800,5535.25,5549.25,5532.5,5547.5,8110
1745564400,5547.5,5549.25,5523.0,5536.75,19514
1745568000,5536.5,5544.75,5527.5,5532.25,14544
1745571600,5532.5,5534.5,5518.5,5531.0,13370
1745575200,5531.0,5536.5,5486.75,5489.0,34360
1745578800,5489.0,5511.75,5488.5,5498.25,23255
1745582400,5498.25,5508.25,5493.0,5496.25,33791
1745586000,5496.0,5524.75,5489.0,5492.5,142934
1745589600,5492.25,5523.25,5480.25,5508.25,201304
1745593200,5507.75,5518.5,5500.0,5514.0,103181
1745596800,5514.25,5535.5,5512.75,5534.75,96567
1745600400,5534.75,5554.5,5511.25,5523.25,164155
1745604000,5523.25,5551.75,5519.0,5542.5,116317
1745607600,5542.25,5552.75,5531.5,5548.75,179861
1745611200,5548.5,5562.25,5545.5,5552.5,50613
1745791200,5544.0,5547.5,5532.0,5533.25,9082
1745794800,5533.25,5534.75,5527.0,5530.75,5107
1745798400,5531.0,5534.0,5519.5,5521.5,6864
1745802000,5521.5,5526.25,5517.75,5524.0,5698
1745805600,5524.25,5528.75,5519.5,5522.25,5836
1745809200,5522.75,5523.75,5516.25,5518.5,3815
1745812800,5518.5,5523.25,5518.25,5520.5,3334
1745816400,5521.0,5523.0,5516.5,5519.5,4123
1745820000,5519.5,5538.75,5519.5,5538.25,9172
1745823600,5538.75,5544.0,5530.5,5531.25,11166
1745827200,5531.5,5541.25,5527.5,5540.25,9929
1745830800,5540.75,5549.0,5536.5,5543.5,10078
1745834400,5543.75,5544.25,5530.5,5533.0,11452
1745838000,5532.5,5547.5,5530.0,5543.5,14929
1745841600,5543.5,5554.5,5533.25,5552.0,24668
1745845200,5552.25,5578.75,5544.25,5545.5,152616
1745848800,5545.5,5564.25,5539.25,5548.75,164857
1745852400,5548.25,5555.0,5513.0,5518.0,143315
1745856000,5517.75,5519.5,5499.75,5507.5,123091
1745859600,5507.5,5521.5,5492.0,5519.75,98855
1745863200,5520.0,5533.25,5516.5,5530.0,87590
1745866800,5530.5,5565.75,5529.0,5551.75,188062
1745870400,5551.75,5553.25,5542.75,5545.5,39967
1745877600,5543.0,5546.5,5537.5,5543.75,0
1745881200,5543.75,5555.75,5541.75,5555.25,5947
1745884800,5555.0,5560.0,5546.5,5558.5,5369
1745888400,5558.25,5568.25,5556.25,5567.25,5232
1745892000,5567.5,5573.5,5558.5,5561.0,6265
1745895600,5560.75,5565.0,5559.25,5562.25,3342
1745899200,5561.0,5567.5,5555.25,5557.25,4196
1745902800,5557.0,5561.75,5553.0,5553.75,4847
1745906400,5554.0,5561.5,5552.25,5555.75,4330
1745910000,5555.75,5573.75,5553.25,5570.5,10433
1745913600,5570.5,5571.25,5556.0,5566.25,9895
1745917200,5566.5,5567.75,5558.75,5563.75,8196
1745920800,5563.5,5567.0,5533.25,5548.0,21252
1745924400,5547.5,5556.75,5547.0,5551.25,13571
1745928000,5551.25,5558.25,5535.0,5536.5,38172
1745931600,5536.75,5559.25,5521.5,5549.0,146003
1745935200,5549.25,5573.0,5536.25,5572.5,187481
1745938800,5572.5,5575.5,5551.0,5560.0,125450
1745942400,5560.0,5577.25,5547.25,5553.0,106350
1745946000,5553.0,5594.25,5549.75,5590.25,121615
1745949600,5590.5,5597.25,5583.5,5586.25,113600
1745953200,5586.25,5596.5,5580.5,5583.5,181067
1745956800,5583.5,5590.5,5576.5,5582.75,41442
1745964000,5579.5,5583.0,5571.25,5572.25,0
1745967600,5572.25,5574.0,5568.0,5571.5,3043
1745971200,5571.5,5576.0,5560.0,5562.5,7701
1745974800,5562.25,5565.5,5556.25,5558.5,5309
1745978400,5558.25,5560.75,5554.75,5555.25,4271
1745982000,5555.25,5558.0,5548.75,5557.5,5505
1745985600,5555.75,5561.5,5555.75,5558.75,3210
1745989200,5559.25,5562.5,5555.0,5562.0,3968
1745992800,5561.75,5572.5,5561.0,5570.75,7772
1745996400,5570.75,5577.0,5570.25,5574.75,7914
1746000000,5574.5,5582.25,5568.75,5571.0,12697
1746003600,5571.0,5581.25,5570.5,5576.0,6462
1746007200,5576.25,5577.0,5564.25,5573.25,8367
1746010800,5573.0,5579.75,5562.75,5565.5,14558
1746014400,5565.25,5567.25,5502.25,5512.0,69794
1746018000,5512.0,5517.5,5455.5,5459.5,205416
1746021600,5459.5,5515.75,5457.0,5510.5,248353
1746025200,5510.5,5539.5,5509.25,5536.25,203851
1746028800,5535.75,5544.25,5515.0,5536.75,120578
1746032400,5537.0,5552.5,5512.25,5546.25,122083
1746036000,5546.25,5572.5,5532.25,5537.25,178412
1746039600,5537.25,5606.75,5534.75,5584.0,343012
1746043200,5584.0,5626.25,5571.5,5619.25,127262
1746050400,5617.5,5639.25,5615.0,5630.5,0
1746054000,5630.25,5636.25,5624.0,5634.25,7951
1746057600,5634.5,5643.75,5633.5,5640.75,9506
1746061200,5640.75,5643.0,5636.25,5641.25,6980
1746064800,5641.25,5645.5,5635.0,5636.25,4214
1746068400,5636.25,5648.0,5634.75,5647.75,7094
1746072000,5647.0,5647.75,5642.0,5644.0,4858
1746075600,5644.25,5653.25,5640.5,5641.25,8162
1746079200,5641.5,5648.0,5639.0,5639.75,7573
1746082800,5639.75,5650.0,5635.0,5644.75,11567
1746086400,5644.75,5652.5,5637.5,5651.5,12373
1746090000,5651.75,5662.0,5650.25,5660.25,10072
1746093600,5660.5,5662.25,5648.0,5652.25,13386
1746097200,5652.25,5658.75,5645.5,5654.75,19052
1746100800,5654.5,5659.75,5636.5,5639.5,32442
1746104400,5639.5,5654.75,5627.25,5629.0,147301
1746108000,5630.75,5675.5,5629.0,5675.0,197378
1746111600,5675.0,5682.5,5637.75,5645.0,166134
1746115200,5644.75,5653.75,5631.5,5637.5,133141
1746118800,5637.5,5660.75,5637.0,5646.75,91989
1746122400,5646.75,5668.25,5645.5,5658.5,98450
1746126000,5658.5,5665.75,5618.75,5625.0,213567
1746129600,5625.0,5639.0,5601.75,5611.75,87100
1746136800,5608.5,5613.0,5601.0,5610.0,0
1746140400,5609.75,5618.75,5608.25,5611.75,4051
1746144000,5611.75,5663.25,5605.5,5658.5,23357
1746147600,5658.0,5672.5,5654.25,5662.0,16380
1746151200,5662.0,5669.5,5655.0,5666.75,8320
1746154800,5667.0,5670.75,5666.0,5667.75,6147
1746158400,5670.5,5671.75,5664.25,5668.0,6113
1746162000,5668.25,5669.25,5656.75,5659.0,6188
1746165600,5659.0,5659.0,5646.75,5654.0,9550
1746169200,5654.25,5662.25,5647.75,5648.25,16683
1746172800,5648.0,5657.0,5635.5,5635.75,15482
1746176400,5635.75,5651.25,5633.5,5646.75,11319
1746180000,5646.5,5653.25,5644.25,5648.75,10165
1746183600,5648.75,5653.5,5640.0,5643.25,14481
1746187200,5643.25,5692.75,5641.25,5690.5,62727
1746190800,5690.5,5699.0,5663.0,5676.0,161247
1746194400,5676.0,5703.75,5672.0,5698.25,175208
1746198000,5698.5,5704.75,5684.75,5703.0,124359
1746201600,5703.0,5721.5,5702.0,5715.75,146514
1746205200,5715.75,5718.75,5704.0,5713.0,91401
1746208800,5713.0,5724.75,5705.0,5711.75,94072
1746212400,5711.5,5719.5,5700.25,5705.75,251931
1746216000,5706.0,5714.5,5705.0,5710.5,53341
1746396000,5705.0,5705.25,5685.0,5687.0,7955
1746399600,5686.75,5689.5,5671.0,5678.0,9528
1746403200,5678.25,5683.0,5675.75,5681.0,6195
1746406800,5681.0,5681.0,5660.25,5662.0,10201
1746410400,5661.75,5670.0,5660.75,5667.5,5840
1746414000,5667.5,5673.0,5662.75,5669.5,7044
1746417600,5669.75,5670.25,5662.5,5664.25,3884
1746421200,5664.25,5673.25,5664.25,5670.25,4019
1746424800,5670.25,5680.5,5670.25,5672.75,8109
1746428400,5672.5,5673.25,5666.0,5670.75,8901
1746432000,5671.0,5675.5,5655.25,5659.5,10956
1746435600,5659.25,5668.5,5655.25,5664.25,9664
1746439200,5664.25,5667.25,5660.0,5665.75,8643
1746442800,5666.0,5667.5,5656.25,5660.5,11712
1746446400,5660.5,5667.5,5657.25,5664.75,15740
1746450000,5664.75,5672.5,5655.25,5669.25,101007
1746453600,5669.5,5691.0,5662.75,5689.0,170729
1746457200,5688.75,5692.25,5677.25,5689.0,106244
1746460800,5689.0,5698.75,5687.0,5695.5,72583
1746464400,5695.25,5700.0,5687.25,5695.75,67529
1746468000,5695.75,5706.25,5694.5,5697.0,69572
1746471600,5697.25,5698.0,5669.25,5674.5,192755
1746475200,5674.5,5675.25,5665.25,5671.25,44484
1746482400,5666.25,5673.25,5664.0,5667.75,0
1746486000,5667.5,5671.0,5665.5,5666.5,3575
1746489600,5666.5,5671.5,5661.25,5665.25,4419
1746493200,5665.25,5667.75,5656.5,5658.75,6271
1746496800,5659.0,5660.25,5654.5,5657.5,4409
1746500400,5657.5,5663.0,5652.0,5662.75,4405
1746504000,5662.5,5662.5,5655.0,5659.0,2263
1746507600,5659.25,5660.0,5646.0,5649.0,4008
1746511200,5648.75,5659.5,5647.75,5659.5,6246
1746514800,5659.5,5660.5,5640.75,5641.75,12004
1746518400,5641.75,5642.5,5625.5,5634.75,19224
1746522000,5634.5,5635.25,5624.0,5633.5,14280
1746525600,5633.25,5640.25,5629.5,5639.75,12296
1746529200,5640.0,5643.25,5616.5,5625.5,28974
1746532800,5625.5,5630.0,5619.25,5627.0,23064
1746536400,5627.0,5634.0,5607.0,5611.25,144215
1746540000,5611.5,5652.75,5608.5,5645.25,179324
1746543600,5645.5,5657.5,5639.5,5641.5,115743
1746547200,5641.25,5671.75,5628.75,5629.75,165101
1746550800,5630.0,5643.75,5620.25,5622.0,95810
1746554400,5622.0,5648.5,5621.75,5648.5,118471
1746558000,5648.25,5651.5,5624.0,5625.5,216807
1746561600,5626.0,5627.75,5605.0,5615.0,64651
1746568800,5608.5,5689.75,5608.5,5672.25,0
1746572400,5672.5,5674.75,5663.0,5671.75,8432
1746576000,5671.5,5681.5,5658.75,5675.25,11871
1746579600,5675.25,5680.5,5665.25,5669.25,8004
1746583200,5669.5,5669.75,5652.5,5657.25,7020
1746586800,5657.25,5663.75,5656.75,5659.0,3841
1746590400,5662.0,5666.25,5658.25,5660.75,3419
1746594000,5661.0,5661.0,5651.0,5652.5,4969
1746597600,5652.5,5657.25,5646.25,5651.5,6817
1746601200,5651.5,5660.5,5649.5,5659.0,9770
1746604800,5659.0,5662.75,5651.25,5659.5,8471
1746608400,5659.75,5662.5,5652.5,5656.75,7072
1746612000,5656.75,5663.75,5651.5,5659.75,8123
1746615600,5660.0,5667.75,5655.25,5659.5,10483
1746619200,5659.5,5660.25,5642.0,5645.25,22350
1746622800,5645.0,5652.5,5631.25,5651.0,130323
1746626400,5651.0,5656.5,5626.25,5631.0,127145
1746630000,5631.0,5638.0,5620.0,5636.0,139021
1746633600,5636.0,5651.0,5627.25,5649.25,84592
1746637200,5649.25,5655.75,5624.5,5627.75,103917
1746640800,5627.75,5649.0,5596.0,5645.0,215358
1746644400,5645.25,5675.0,5611.25,5648.75,316044
1746648000,5648.75,5661.0,5642.75,5645.75,51012
1746655200,5643.25,5647.75,5636.5,5645.0,0
1746658800,5645.25,5651.75,5644.5,5645.75,2757
1746662400,5646.0,5669.25,5641.25,5664.5,12295
1746666000,5664.5,5684.5,5661.25,5671.0,17085
1746669600,5671.0,5683.0,5671.0,5680.5,5821
1746673200,5680.5,5697.75,5679.0,5696.75,9027
1746676800,5698.0,5700.5,5694.25,5697.75,6938
1746680400,5698.0,5699.0,5689.5,5691.5,5420
1746684000,5691.25,5691.5,5683.0,5687.5,8081
1746687600,5687.5,5700.0,5685.25,5692.25,13767
1746691200,5692.25,5706.75,5689.0,5706.0,15919
1746694800,5706.25,5715.75,5704.25,5711.75,12366
1746698400,5712.0,5717.25,5708.5,5717.0,12709
1746702000,5716.5,5717.5,5698.25,5701.0,22866
1746705600,5701.25,5706.0,5681.25,5693.25,56983
1746709200,5693.5,5695.0,5671.5,5677.75,106836
1746712800,5677.75,5688.0,5653.0,5662.0,178706
1746716400,5661.75,5733.5,5656.5,5721.25,254806
1746720000,5721.25,5741.0,5720.75,5739.0,124151
1746723600,5738.75,5739.75,5713.0,5714.25,94140
1746727200,5714.0,5728.75,5711.25,5720.75,91906
1746730800,5720.5,5732.0,5682.5,5686.5,244192
1746734400,5686.5,5693.25,5682.5,5684.5,52540
1746741600,5688.5,5690.5,5681.5,5685.75,0
1746745200,5685.5,5688.0,5676.0,5679.5,5420
1746748800,5679.0,5679.5,5665.25,5675.0,8902
1746752400,5675.25,5685.5,5673.5,5684.75,5504
1746756000,5685.0,5695.75,5682.75,5684.25,6855
1746759600,5684.0,5691.75,5676.25,5691.0,6382
1746763200,5691.0,5693.25,5687.75,5691.25,2222
1746766800,5691.25,5693.5,5683.5,5692.0,4940
1746770400,5691.75,5693.5,5685.75,5690.25,6624
1746774000,5690.0,5698.25,5683.75,5688.75,11203
1746777600,5689.25,5691.0,5682.5,5685.75,9089
1746781200,5685.75,5693.0,5685.25,5692.75,5634
1746784800,5692.75,5703.25,5692.25,5700.0,7798
1746788400,5700.5,5715.25,5676.0,5696.75,44003
1746792000,5696.5,5710.75,5694.5,5703.5,20063
1746795600,5703.5,5710.5,5693.0,5704.75,90787
1746799200,5704.75,5708.75,5662.5,5680.5,186269
1746802800,5680.5,5691.0,5673.5,5690.75,117455
1746806400,5690.75,5691.5,5665.5,5668.5,94694
1746810000,5668.75,5688.5,5663.0,5687.0,82803
1746813600,5687.0,5687.75,5675.5,5683.5,59384
1746817200,5683.25,5694.0,5676.0,5677.75,162098
1746820800,5678.0,5684.0,5674.25,5684.0,40998
1747000800,5761.0,5768.5,5734.25,5739.25,21174
1747004400,5739.75,5755.75,5738.0,5745.75,12254
1747008000,5745.5,5756.5,5743.5,5751.5,10161
1747011600,5751.5,5761.0,5750.25,5755.75,8741
1747015200,5755.5,5757.25,5752.5,5756.5,4097
1747018800,5756.25,5761.0,5755.0,5760.25,3637
1747022400,5760.25,5762.75,5759.0,5761.0,3068
1747026000,5761.5,5767.5,5758.75,5763.5,5154
1747029600,5763.75,5770.75,5759.25,5767.5,13398
1747033200,5767.0,5853.75,5766.75,5820.5,91332
1747036800,5820.75,5836.25,5815.25,5830.25,40157
1747040400,5830.5,5840.0,5829.0,5839.0,20405
1747044000,5839.0,5861.75,5835.0,5858.75,44230
1747047600,5858.5,5865.75,5838.0,5846.5,57412
1747051200,5846.25,5862.0,5845.0,5848.25,44521
1747054800,5848.5,5855.0,5819.0,5823.25,202109
1747058400,5829.0,5840.75,5807.25,5826.25,247295
1747062000,5826.5,5833.5,5816.25,5817.5,138874
1747065600,5817.75,5849.5,5815.75,5847.0,115466
1747069200,5847.0,5861.0,5846.0,5852.25,132516
1747072800,5854.25,5862.25,5849.25,5851.5,114720
1747076400,5851.75,5866.25,5844.0,5864.5,262547
1747080000,5864.25,5876.25,5863.75,5868.25,78317
1747087200,5868.0,5869.0,5859.0,5860.0,0
1747090800,5860.25,5869.75,5856.75,5856.75,4247
1747094400,5856.75,5856.75,5847.75,5849.0,7962
1747098000,5849.25,5853.5,5846.5,5850.0,6875
1747101600,5850.25,5854.5,5844.25,5848.75,7130
1747105200,5848.5,5849.5,5841.75,5842.75,5668
1747108800,5841.75,5843.75,5835.75,5840.5,7115
1747112400,5840.75,5847.0,5839.75,5845.75,4919
1747116000,5846.0,5851.0,5842.25,5843.25,8472
1747119600,5843.5,5846.75,5838.0,5841.0,13983
1747123200,5841.25,5848.0,5838.0,5839.0,10231
1747126800,5839.25,5850.5,5837.5,5850.0,8808
1747130400,5850.0,5853.75,5845.0,5847.0,16026
1747134000,5847.25,5857.25,5846.5,5856.25,15188
1747137600,5856.25,5885.5,5854.25,5868.5,53351
1747141200,5868.25,5890.25,5863.5,5888.5,147207
1747144800,5888.5,5915.0,5887.75,5906.75,220584
1747148400,5906.75,5920.25,5903.0,5912.25,143122
1747152000,5912.25,5919.5,5905.25,5915.75,106237
1747155600,5915.5,5927.0,5912.25,5915.0,108877
1747159200,5915.25,5923.25,5910.5,5922.0,103632
1747162800,5921.75,5926.75,5903.5,5909.25,164730
1747166400,5902.0,5904.25,5899.5,5900.75,94114
1747173600,5902.0,5905.0,5900.25,5904.0,0
1747177200,5902.75,5909.5,5900.75,5907.75,5991
1747180800,5907.5,5908.75,5902.0,5903.75,5416
1747184400,5903.75,5906.0,5898.5,5904.5,7599
1747188000,5904.5,5905.5,5899.5,5902.0,4878
1747191600,5902.25,5908.0,5902.0,5905.5,4274
1747195200,5903.75,5911.25,5903.5,5908.25,3253
1747198800,5908.25,5912.0,5906.75,5908.75,3824
1747202400,5908.75,5916.0,5905.5,5914.0,7340
1747206000,5914.25,5917.75,5904.0,5909.75,14134
1747209600,5909.5,5911.0,5902.5,5905.5,14129
1747213200,5905.5,5907.0,5896.5,5899.0,14934
1747216800,5898.75,5907.0,5896.25,5904.0,10443
1747220400,5904.25,5922.5,5904.0,5915.75,24420
1747224000,5915.5,5924.5,5913.5,5915.25,28821
1747227600,5915.25,5925.0,5899.5,5910.25,147242
1747231200,5910.5,5914.5,5898.75,5910.5,149602
1747234800,5910.25,5919.0,5892.5,5915.25,141956
1747238400,5915.25,5921.0,5906.0,5909.75,86938
1747242000,5909.75,5910.0,5890.0,5908.5,108502
1747245600,5908.25,5917.5,5900.5,5911.5,99883
1747249200,5911.5,5916.5,5898.75,5909.75,214582
1747252800,5909.5,5911.25,5905.5,5906.0,45301
1747260000,5904.0,5904.0,5900.0,5901.25,0
1747263600,5901.25,5901.75,5892.25,5896.75,7014
1747267200,5896.5,5901.75,5895.5,5899.5,4977
1747270800,5899.5,5902.25,5895.5,5897.25,5169
1747274400,5897.25,5903.0,5894.5,5901.5,4970
1747278000,5901.5,5902.0,5896.75,5898.0,2847
1747281600,5898.5,5899.0,5896.25,5898.5,2068
1747285200,5898.5,5899.0,5885.25,5888.5,6636
1747288800,5888.5,5896.5,5887.0,5891.5,7053
1747292400,5891.25,5895.0,5877.75,5878.75,16844
1747296000,5878.75,5883.25,5867.25,5870.5,17817
1747299600,5870.5,5882.5,5867.0,5882.25,14109
1747303200,5881.75,5881.75,5875.25,5879.75,10904
1747306800,5879.5,5889.5,5878.25,5884.5,20698
1747310400,5884.5,5898.25,5877.0,5887.0,38054
1747314000,5887.0,5898.5,5884.5,5895.25,121664
1747317600,5895.25,5905.5,5887.0,5900.5,159843
1747321200,5900.75,5929.0,5899.25,5925.25,159138
1747324800,5925.5,5936.75,5922.25,5936.5,118713
1747328400,5936.5,5944.5,5931.5,5933.25,106563
1747332000,5933.5,5937.75,5921.25,5931.75,127637
1747335600,5931.75,5939.0,5917.5,5938.25,221884
1747339200,5938.25,5941.5,5933.5,5934.0,50134
1747342800,5934.0,5934.0,5934.0,5934.0,1
1747346400,5935.0,5936.0,5930.75,5931.25,0
1747350000,5931.25,5936.75,5930.5,5936.0,3174
1747353600,5936.0,5940.0,5924.5,5925.25,7222
1747357200,5925.25,5928.75,5923.0,5926.75,5667
1747360800,5926.5,5934.0,5925.0,5933.0,3736
1747364400,5932.75,5935.75,5931.75,5933.25,2327
1747368000,5934.0,5935.5,5932.0,5933.0,2283
1747371600,5932.75,5934.0,5930.25,5930.5,2570
1747375200,5930.75,5936.25,5927.25,5929.0,5178
1747378800,5929.25,5945.75,5927.5,5944.25,9228
1747382400,5944.0,5952.5,5943.25,5948.5,12613
1747386000,5948.75,5950.25,5944.75,5945.25,7393
1747389600,5945.5,5952.25,5943.0,5948.5,9168
1747393200,5948.5,5956.5,5946.75,5954.75,11068
1747396800,5954.75,5958.0,5944.75,5945.25,22087
1747400400,5945.25,5951.25,5931.75,5945.0,153741
1747404000,5945.0,5948.25,5924.75,5936.5,173887
1747407600,5936.75,5948.5,5935.75,5942.5,100405
1747411200,5942.25,5957.25,5941.0,5954.5,93407
1747414800,5954.75,5967.25,5953.25,5960.5,90244
1747418400,5960.5,5972.75,5958.75,5968.0,87317
1747422000,5968.0,5977.5,5964.25,5975.25,208767
1747425600,5975.0,5975.5,5938.5,5948.5,62709
1747605600,5930.25,5940.75,5920.0,5939.0,13440
1747609200,5939.25,5948.0,5935.5,5940.5,6884
1747612800,5940.75,5941.25,5923.25,5931.75,13190
1747616400,5931.75,5935.5,5927.5,5928.75,7926
1747620000,5928.5,5934.75,5925.5,5925.75,5842
1747623600,5925.5,5926.5,5909.75,5911.5,8336
1747627200,5912.5,5916.75,5909.75,5913.0,5887
1747630800,5912.75,5918.5,5910.25,5917.0,5881
1747634400,5917.0,5923.5,5905.0,5905.5,12010
1747638000,5905.75,5913.0,5902.5,5906.0,12685
1747641600,5905.75,5907.75,5892.75,5897.75,19066
1747645200,5897.75,5907.75,5893.75,5903.5,13115
1747648800,5903.75,5912.75,5895.5,5909.5,12231
1747652400,5909.75,5918.0,5905.5,5916.0,15600
1747656000,5916.0,5919.0,5908.0,5917.5,26257
1747659600,5917.75,5945.5,5902.5,5943.75,166863
1747663200,5943.5,5964.75,5941.75,5951.5,181628
1747666800,5951.75,5969.5,5951.0,5962.5,104066
1747670400,5962.5,5979.5,5960.75,5977.25,90364
1747674000,5977.25,5987.5,5975.0,5975.25,121134
1747677600,5975.5,5977.5,5965.0,5975.75,100118
1747681200,5976.0,5984.5,5962.75,5981.0,204608
1747684800,5981.25,5982.5,5970.25,5980.5,42323
1747692000,5980.0,5981.25,5975.75,5979.75,0
1747695600,5979.75,5993.5,5978.75,5987.25,11641
1747699200,5987.0,5991.0,5982.0,5982.0,8569
1747702800,5982.0,5982.0,5964.75,5969.0,10103
1747706400,5969.0,5971.5,5965.25,5968.75,4823
1747710000,5968.5,5969.25,5963.75,5965.5,3827
1747713600,5965.25,5968.25,5963.0,5967.0,3554
1747717200,5967.0,5974.25,5959.25,5959.75,6900
1747720800,5959.5,5962.5,5955.25,5961.25,7916
1747724400,5961.0,5971.5,5957.0,5964.5,11133
1747728000,5964.75,5968.75,5959.0,5962.25,8321
1747731600,5962.25,5967.0,5959.0,5960.5,6812
1747735200,5960.75,5971.0,5958.5,5970.5,8613
1747738800,5970.5,5974.5,5969.5,5970.25,12197
1747742400,5970.0,5973.5,5962.5,5966.25,15032
1747746000,5966.25,5971.25,5950.75,5958.75,127760
1747749600,5959.0,5971.0,5953.75,5960.0,137383
1747753200,5960.0,5966.75,5955.0,5962.75,102383
1747756800,5962.5,5966.5,5952.75,5964.5,84479
1747760400,5964.75,5969.0,5955.25,5961.0,85017
1747764000,5960.75,5962.75,5936.25,5939.75,140085
1747767600,5939.5,5961.0,5926.75,5959.25,216397
1747771200,5959.25,5960.25,5951.5,5954.0,44033
1747778400,5953.5,5953.75,5936.0,5948.0,0
1747782000,5948.0,5955.0,5947.25,5955.0,3965
1747785600,5955.0,5958.25,5948.25,5953.0,6178
1747789200,5953.0,5955.5,5944.25,5948.0,6059
1747792800,5948.0,5948.75,5941.5,5942.75,4845
1747796400,5942.5,5945.75,5939.5,5943.0,3859
1747800000,5941.25,5942.25,5935.75,5938.0,3433
1747803600,5938.0,5943.5,5931.5,5932.0,4484
1747807200,5932.0,5933.5,5923.0,5924.75,10511
1747810800,5924.75,5934.25,5924.5,5932.5,9038
1747814400,5932.5,5934.0,5920.25,5926.75,8818
1747818000,5927.0,5930.25,5912.25,5914.5,11665
1747821600,5914.25,5919.5,5905.0,5919.25,15336
1747825200,5919.0,5934.0,5918.75,5930.75,18970
1747828800,5930.75,5931.5,5916.75,5923.0,27616
1747832400,5923.0,5935.25,5908.75,5928.25,131421
1747836000,5928.5,5944.25,5918.5,5936.5,165442
1747839600,5936.25,5952.75,5933.75,5947.5,130462
1747843200,5947.5,5956.25,5944.5,5946.25,85321
1747846800,5946.5,5948.0,5867.0,5891.25,319776
1747850400,5891.0,5893.5,5867.25,5869.75,163477
1747854000,5869.75,5876.0,5847.75,5859.25,275059
1747857600,5859.5,5861.5,5851.25,5858.75,60938
1747864800,5858.0,5865.75,5851.0,5858.25,0
1747868400,5858.0,5865.25,5856.0,5860.5,6889
1747872000,5860.75,5872.25,5858.5,5871.5,9393
1747875600,5871.5,5874.25,5862.75,5863.25,6654
1747879200,5863.0,5869.0,5861.25,5863.0,5823
1747882800,5863.25,5868.5,5863.0,5865.5,3973
1747886400,5864.0,5865.5,5861.75,5862.75,2340
1747890000,5862.5,5871.0,5861.0,5870.25,4399
1747893600,5870.0,5872.75,5863.75,5868.5,6141
1747897200,5868.5,5876.75,5864.0,5868.75,15010
1747900800,5868.75,5873.0,5865.25,5869.0,13021
1747904400,5869.0,5870.75,5863.25,5867.75,9524
1747908000,5867.5,5870.75,5861.5,5864.75,12675
1747911600,5864.25,5875.0,5838.0,5838.0,36332
1747915200,5838.25,5860.5,5828.75,5859.25,55832
1747918800,5859.5,5872.25,5842.75,5870.5,166347
1747922400,5870.5,5880.5,5843.5,5857.5,206179
1747926000,5857.75,5872.5,5851.75,5871.25,153344
1747929600,5871.0,5885.0,5858.75,5859.75,122580
1747933200,5859.75,5887.25,5854.75,5883.0,126735
1747936800,5883.0,5890.0,5877.75,5887.25,98918
1747940400,5887.25,5895.0,5853.75,5858.75,238634
1747944000,5858.5,5868.0,5856.25,5868.0,51848
1747951200,5869.25,5872.0,5851.0,5852.5,0
1747954800,5852.25,5860.75,5850.0,5859.5,5150
1747958400,5859.75,5865.25,5859.25,5865.25,5051
1747962000,5865.0,5865.0,5856.25,5858.0,5922
1747965600,5858.0,5868.0,5857.0,5863.25,4600
1747969200,5863.5,5867.5,5860.0,5862.0,4260
1747972800,5859.5,5860.25,5851.75,5854.0,4014
1747976400,5854.0,5860.5,5852.25,5854.75,3963
1747980000,5854.5,5854.75,5841.75,5850.25,9822
1747983600,5850.25,5870.25,5850.25,5866.5,12608
1747987200,5866.5,5871.5,5860.0,5860.75,8634
1747990800,5860.75,5861.25,5843.5,5858.0,11865
1747994400,5857.75,5859.75,5849.5,5856.75,7920
1747998000,5856.5,5858.75,5768.25,5775.75,110549
1748001600,5776.0,5784.75,5756.5,5774.75,92661
1748005200,5774.75,5806.5,5762.75,5792.75,225539
1748008800,5793.0,5814.5,5791.5,5796.0,195320
1748012400,5796.25,5822.25,5792.75,5805.25,146218
1748016000,5805.25,5821.25,5800.0,5815.0,108402
1748019600,5815.0,5840.0,5812.0,5833.75,107812
1748023200,5833.75,5843.75,5825.25,5832.75,116663
1748026800,5832.75,5840.0,5810.25,5817.0,219757
1748030400,5817.0,5817.5,5807.0,5814.75,50039
1748210400,5820.0,5876.75,5813.0,5859.5,23825
1748214000,5860.0,5871.5,5859.25,5865.5,5425
1748217600,5865.5,5873.0,5861.5,5865.5,6420
1748221200,5865.5,5873.0,5861.75,5872.5,5005
1748224800,5872.75,5878.0,5868.5,5869.25,4791
1748228400,5869.25,5877.75,5869.25,5875.0,3274
1748232000,5875.25,5879.75,5873.5,5878.25,2639
1748235600,5878.5,5879.0,5873.0,5873.75,3317
1748239200,5873.5,5886.0,5870.0,5883.25,10560
1748242800,5883.75,5892.25,5880.0,5890.75,9045
1748246400,5891.0,5895.0,5882.0,5883.25,8624
1748250000,5883.5,5887.75,5882.25,5884.0,3195
1748253600,5884.25,5889.75,5882.25,5885.5,3057
1748257200,5885.25,5890.75,5884.5,5889.5,4600
1748260800,5889.5,5892.25,5884.5,5884.75,4551
1748264400,5884.75,5893.0,5880.5,5885.5,11030
1748268000,5885.75,5886.5,5874.5,5875.75,11303
1748271600,5875.75,5888.25,5871.0,5887.25,10378
1748275200,5887.5,5892.5,5884.25,5891.0,7019
1748296800,5889.0,5890.5,5877.75,5878.75,7052
1748300400,5879.0,5881.25,5875.75,5879.0,4426
1748304000,5879.0,5882.5,5872.75,5882.25,6919
1748307600,5882.0,5882.0,5868.75,5869.0,7782
1748311200,5868.75,5870.75,5866.25,5870.25,4062
1748314800,5870.0,5872.0,5862.5,5864.25,3813
1748318400,5868.25,5869.75,5867.5,5869.0,2444
1748322000,5869.0,5877.5,5866.25,5875.5,5300
1748325600,5875.5,5886.0,5875.25,5883.0,5792
1748329200,5883.25,5912.5,5880.75,5906.5,19939
1748332800,5906.25,5908.5,5897.5,5900.75,11735
1748336400,5901.0,5910.0,5899.75,5905.25,11675
1748340000,5905.25,5909.5,5899.75,5900.0,9189
1748343600,5899.75,5904.75,5894.5,5900.75,15010
1748347200,5900.5,5902.5,5886.0,5891.75,25040
1748350800,5891.75,5900.25,5868.25,5886.25,138170
1748354400,5886.25,5911.25,5885.5,5905.75,172190
1748358000,5905.5,5916.5,5904.75,5915.0,109298
1748361600,5915.0,5932.25,5914.25,5924.75,116125
1748365200,5924.75,5936.25,5924.25,5935.75,75710
1748368800,5935.75,5938.75,5929.0,5929.25,78099
1748372400,5929.25,5936.25,5923.75,5936.0,203644
1748376000,5936.25,5941.75,5932.25,5940.25,58709
1748383200,5940.75,5941.5,5935.25,5939.0,0
1748386800,5939.0,5941.75,5937.25,5937.5,4457
1748390400,5937.25,5937.5,5934.5,5935.75,4981
1748394000,5936.0,5938.75,5933.5,5934.25,4529
1748397600,5934.0,5936.25,5933.0,5933.5,2987
1748401200,5933.5,5936.25,5929.25,5930.0,3929
1748404800,5930.25,5930.5,5928.0,5928.5,2554
1748408400,5928.5,5932.0,5927.0,5930.0,4207
1748412000,5930.0,5932.75,5925.0,5926.0,5499
1748415600,5926.0,5929.75,5923.0,5923.25,11230
1748419200,5923.25,5927.5,5922.0,5922.75,8101
1748422800,5922.75,5925.0,5918.5,5925.0,9024
1748426400,5924.75,5944.0,5923.5,5943.25,14574
1748430000,5943.25,5944.0,5935.0,5939.0,12740
1748433600,5939.0,5945.75,5937.5,5938.25,17562
1748437200,5938.5,5952.5,5929.75,5933.25,140828
1748440800,5934.75,5936.0,5916.25,5917.75,164314
1748444400,5917.75,5925.75,5913.75,5914.75,121934
1748448000,5915.0,5926.75,5914.5,5923.75,78311
1748451600,5923.75,5930.5,5918.5,5921.5,84292
1748455200,5921.25,5929.0,5903.25,5922.25,113735
1748458800,5922.0,5932.75,5894.5,5901.5,237785
1748462400,5901.5,5927.0,5890.0,5902.75,79187
1748469600,5923.5,5946.75,5916.5,5945.0,0
1748473200,5945.25,5997.5,5945.25,5991.75,53914
1748476800,5992.0,6002.75,5977.0,6000.25,25689
1748480400,6000.25,6000.5,5984.5,5998.25,14255
1748484000,5998.25,6004.25,5995.75,5998.0,13068
1748487600,5998.0,6005.75,5993.5,5994.5,9451
1748491200,5996.5,6000.0,5993.5,5999.0,6335
1748494800,5999.25,6003.25,5996.25,5998.75,6807
1748498400,5998.5,5998.75,5989.25,5991.0,10947
1748502000,5991.0,6005.25,5985.25,6005.25,19858
1748505600,6005.5,6008.0,5990.0,5991.25,16842
1748509200,5991.25,5994.5,5983.75,5984.25,11581
1748512800,5984.75,5985.25,5964.75,5970.25,22352
1748516400,5970.25,5970.5,5951.0,5951.75,26836
1748520000,5952.0,5959.5,5940.5,5946.75,46094
1748523600,5946.75,5957.75,5926.25,5936.25,162964
1748527200,5936.0,5940.0,5908.5,5932.75,193586
1748530800,5932.75,5933.75,5888.5,5895.0,157422
1748534400,5895.0,5925.25,5884.0,5921.5,130291
1748538000,5921.25,5928.25,5907.5,5909.0,88265
1748541600,5909.25,5919.0,5899.5,5911.5,107715
1748545200,5911.75,5930.75,5906.25,5923.5,192533
1748548800,5923.25,5926.25,5915.5,5917.25,40811
1748556000,5912.25,5919.5,5905.75,5911.25,0
1748559600,5911.25,5915.0,5904.25,5904.5,5255
1748563200,5904.5,5911.75,5904.25,5907.25,6952
1748566800,5907.5,5910.0,5891.0,5909.5,11084
1748570400,5909.5,5912.5,5907.25,5911.75,4180
1748574000,5912.0,5913.0,5906.75,5909.25,2969
1748577600,5911.0,5911.75,5906.5,5909.75,2354
1748581200,5910.0,5923.0,5909.5,5917.75,5252
1748584800,5917.75,5920.0,5906.5,5906.5,7049
1748588400,5906.75,5917.0,5903.0,5913.25,10326
1748592000,5913.0,5919.5,5910.0,5911.5,8950
1748595600,5912.0,5919.0,5910.25,5910.5,6417
1748599200,5910.5,5918.0,5907.75,5916.0,6536
1748602800,5916.25,5922.75,5913.75,5914.75,9770
1748606400,5915.0,5921.5,5876.5,5899.0,77251
1748610000,5899.0,5912.75,5885.0,5891.75,138912
1748613600,5891.5,5920.5,5890.75,5908.0,171781
1748617200,5908.25,5915.0,5894.5,5901.0,133193
1748620800,5901.25,5907.75,5853.25,5865.0,227438
1748624400,5865.0,5888.75,5860.75,5879.75,130506
1748628000,5879.75,5910.0,5879.25,5908.0,140539
1748631600,5908.25,5932.75,5907.0,5914.75,350159
1748635200,5915.0,5924.75,5905.5,5913.75,87803
1748815200,5898.75,5909.25,5896.0,5901.25,9009
1748818800,5901.5,5901.75,5893.25,5898.75,5424
1748822400,5899.0,5906.0,5896.75,5899.75,8751
1748826000,5900.0,5904.25,5894.25,5896.75,6483
1748829600,5897.0,5898.75,5891.0,5894.75,6809
1748833200,5894.75,5894.75,5886.5,5888.0,8041
1748836800,5887.25,5892.5,5884.25,5886.75,5755
1748840400,5887.0,5890.25,5881.5,5885.0,6264
1748844000,5884.75,5888.75,5877.75,5882.5,8557
1748847600,5882.25,5892.5,5867.5,5881.0,19658
1748851200,5880.75,5894.75,5879.5,5887.5,16152
1748854800,5887.5,5888.75,5876.5,5882.5,13856
1748858400,5882.5,5890.75,5880.75,5890.0,11617
1748862000,5889.75,5900.0,5887.0,5892.0,16261
1748865600,5892.25,5901.5,5889.25,5899.0,19231
1748869200,5899.0,5917.75,5886.0,5887.0,152990
1748872800,5886.75,5916.0,5870.5,5914.0,216279
1748876400,5914.0,5921.25,5901.5,5918.75,125094
1748880000,5918.75,5922.5,5910.25,5920.5,79586
1748883600,5920.5,5927.0,5915.5,5920.25,77236
1748887200,5920.25,5940.5,5916.0,5939.25,118097
1748890800,5939.5,5949.0,5937.25,5947.25,165126
1748894400,5947.25,5955.5,5946.75,5949.25,57526
1748901600,5949.0,5949.5,5941.75,5942.0,0
1748905200,5942.25,5947.5,5930.25,5935.0,10370
1748908800,5935.25,5936.5,5931.5,5933.5,5260
1748912400,5933.75,5935.75,5931.5,5932.75,5498
1748916000,5933.0,5933.75,5923.0,5927.75,8931
1748919600,5927.25,5927.25,5920.75,5925.25,5818
1748923200,5924.25,5925.0,5920.5,5923.25,3904
1748926800,5923.25,5927.25,5922.5,5927.0,4318
1748930400,5926.75,5927.75,5920.75,5926.5,6928
1748934000,5926.5,5928.5,5911.0,5918.25,21793
1748937600,5918.25,5920.5,5909.25,5920.0,17160
1748941200,5919.75,5925.0,5917.25,5922.25,8062
1748944800,5922.25,5930.75,5918.75,5930.5,9398
1748948400,5930.5,5940.0,5928.25,5938.25,14129
1748952000,5938.25,5943.75,5934.75,5940.25,20243
1748955600,5940.0,5952.75,5938.0,5944.5,126639
1748959200,5944.75,5964.5,5938.25,5963.75,158322
1748962800,5964.0,5977.5,5963.75,5976.75,129186
1748966400,5977.0,5987.25,5972.75,5985.25,89378
1748970000,5985.5,5991.25,5980.75,5981.25,92644
1748973600,5981.5,5985.0,5968.25,5983.5,135657
1748977200,5983.5,5985.5,5974.25,5981.75,193669
1748980800,5981.75,5982.75,5975.75,5980.25,45057
1748988000,5980.0,5987.25,5979.25,5983.75,0
1748991600,5983.75,5986.5,5980.75,5983.5,3734
1748995200,5983.5,5988.0,5980.75,5982.5,5702
1748998800,5982.5,5985.0,5976.5,5978.75,5924
1749002400,5979.0,5979.25,5975.25,5975.75,5158
1749006000,5975.75,5977.5,5974.75,5977.0,3311
1749009600,5976.25,5980.0,5976.0,5976.0,2911
1749013200,5976.0,5980.0,5975.25,5979.5,3583
1749016800,5979.75,5984.5,5977.25,5980.5,7881
1749020400,5980.75,5989.5,5977.5,5989.0,9958
1749024000,5989.0,5996.0,5988.25,5988.5,13543
1749027600,5988.75,5994.25,5987.5,5992.25,8620
1749031200,5992.25,5996.75,5988.5,5994.25,9079
1749034800,5994.0,5995.0,5988.75,5992.75,9375
1749038400,5993.0,5996.5,5974.0,5982.25,42359
1749042000,5982.25,5998.75,5980.5,5995.0,120823
1749045600,5994.75,5997.25,5974.25,5994.75,213756
1749049200,5994.5,5998.25,5983.25,5988.0,126348
1749052800,5988.0,5989.0,5977.0,5986.75,103087
1749056400,5986.75,5995.25,5986.75,5995.0,66614
1749060000,5995.25,5999.0,5987.5,5989.5,75850
1749063600,5989.5,5992.0,5978.0,5978.25,171952
1749067200,5978.25,5980.5,5975.25,5976.75,40570
1749074400,5974.25,5981.0,5972.25,5976.25,0
1749078000,5976.25,5978.0,5973.0,5974.0,3238
1749081600,5974.25,5981.0,5973.75,5976.5,4731
1749085200,5976.5,5979.0,5973.25,5978.5,4993
1749088800,5978.5,5979.0,5973.0,5975.0,3721
1749092400,5975.0,5977.5,5974.25,5976.5,3006
1749096000,5976.0,5978.75,5976.0,5977.75,2612
1749099600,5977.75,5978.0,5973.0,5975.25,4016
1749103200,5975.0,5976.25,5972.25,5974.5,3984
1749106800,5975.75,5994.0,5975.75,5990.75,16235
1749110400,5990.75,5996.5,5984.0,5987.0,11649
1749114000,5987.25,5988.0,5982.0,5984.0,9001
1749117600,5983.75,5989.5,5978.75,5983.25,8776
1749121200,5983.0,5984.75,5977.25,5982.0,10543
1749124800,5982.0,6016.5,5971.0,5996.75,60525
1749128400,5992.25,5997.75,5957.5,5961.25,160574
1749132000,5961.5,5994.75,5958.0,5991.5,224571
1749135600,5991.5,6009.0,5989.25,6006.5,120884
1749139200,6006.25,6008.25,5960.75,5966.0,185224
1749142800,5966.0,5988.0,5961.25,5976.5,133677
1749146400,5976.75,5979.25,5948.75,5971.0,182337
1749150000,5970.75,5973.5,5928.75,5948.0,312700
1749153600,5947.75,5955.5,5939.0,5939.75,46975
1749160800,5931.75,5948.0,5930.0,5947.25,0
1749164400,5947.5,5952.75,5943.75,5947.0,6316
1749168000,5946.75,5957.0,5946.75,5954.0,7471
1749171600,5954.0,5959.5,5951.5,5956.0,5866
1749175200,5955.75,5956.75,5953.0,5955.5,3870
1749178800,5955.25,5961.75,5953.75,5960.0,4431
1749182400,5959.0,5967.25,5958.25,5967.0,4616
1749186000,5966.75,5970.75,5966.25,5968.0,4645
1749189600,5968.25,5974.75,5963.5,5971.75,8119
1749193200,5971.75,5974.0,5967.5,5970.0,9358
1749196800,5970.0,5972.25,5965.0,5970.25,7034
1749200400,5970.5,5974.25,5967.75,5972.75,5853
1749204000,5973.0,5974.25,5966.75,5967.25,7015
1749207600,5967.5,5972.25,5962.5,5969.5,12450
1749211200,5969.5,5997.5,5969.0,5993.5,59949
1749214800,5993.25,6024.75,5990.25,6019.5,192972
1749218400,6019.75,6021.5,6002.75,6009.5,169860
1749222000,6009.5,6020.25,5988.75,6003.25,178037
1749225600,6003.5,6010.25,5984.5,5992.25,110523
1749229200,5992.25,6006.75,5987.25,6005.5,81476
1749232800,6005.75,6020.75,6005.5,6013.5,119196
1749236400,6013.5,6017.25,6005.25,6006.75,179145
1749240000,6006.75,6012.25,6004.5,6011.0,38259
1749420000,6010.0,6015.75,5995.0,5997.75,9165
1749423600,5997.75,6005.5,5995.25,6003.0,4816
1749427200,6003.25,6006.5,5999.0,5999.5,5267
1749430800,5999.75,6000.0,5995.25,5997.75,3640
1749434400,5997.75,6000.5,5992.75,5996.5,4685
1749438000,5996.5,5996.5,5992.25,5996.25,3177
1749441600,5996.25,5999.25,5994.5,5998.5,3895
1749445200,5998.25,5998.75,5994.5,5998.5,3795
1749448800,5998.5,6005.25,5995.25,6005.25,6347
1749452400,6005.0,6010.75,6000.25,6010.75,8915
1749456000,6010.5,6015.75,6005.75,6014.25,9129
1749459600,6014.5,6014.75,6010.0,6010.75,4615
1749463200,6010.25,6012.0,6006.5,6009.0,4794
1749466800,6008.75,6019.75,6008.5,6016.0,13136
1749470400,6016.0,6017.75,6011.5,6013.25,14222
1749474000,6013.5,6016.5,6000.0,6004.5,102717
1749477600,6004.5,6017.75,6004.5,6010.25,122878
1749481200,6010.5,6015.5,6006.25,6013.75,71533
1749484800,6014.0,6026.5,6010.0,6022.0,79949
1749488400,6022.25,6027.5,6016.25,6024.75,77308
1749492000,6024.75,6027.75,6020.0,6025.25,62568
1749495600,6025.0,6026.75,6008.5,6010.25,187245
1749499200,6010.0,6012.25,6007.0,6012.0,0
1749506400,6012.25,6017.0,6012.0,6012.75,3282
1749510000,6013.25,6014.75,6010.25,6013.5,2076
1749513600,6013.5,6021.0,6009.0,6019.5,5914
1749517200,6019.25,6040.75,6019.25,6038.75,18056
1749520800,6038.75,6040.75,6035.25,6037.75,7093
1749524400,6037.5,6039.0,6034.5,6035.0,3221
1749528000,6034.25,6034.75,6029.75,6030.75,3763
1749531600,6030.75,6033.5,5997.0,6012.75,26126
1749535200,6012.75,6015.25,6006.25,6008.0,9828
1749538800,6008.25,6011.75,5991.25,6004.5,17300
1749542400,6006.0,6010.25,5996.75,6008.25,11651
1749546000,6008.0,6014.0,6006.5,6011.75,6770
1749549600,6011.75,6017.75,6011.5,6015.25,6435
1749553200,6015.5,6019.25,6007.5,6019.0,12959
1749556800,6019.0,6022.25,6016.75,6019.0,18391
1749560400,6019.0,6025.25,6014.25,6019.75,105172
1749564000,6020.0,6030.75,6019.25,6027.25,114257
1749567600,6028.25,6028.5,6005.0,6027.0,149365
1749571200,6027.0,6037.5,6026.5,6036.0,80389
1749574800,6035.0,6041.25,6027.0,6027.5,80764
1749578400,6027.75,6044.5,6015.25,6038.75,119787
1749582000,6038.5,6049.5,6030.25,6045.0,183682
1749585600,6045.0,6045.75,6037.5,6040.5,43981
1749592800,6038.75,6048.0,6038.25,6045.5,0
1749596400,6045.75,6052.25,6032.25,6041.5,13018
1749600000,6041.5,6044.0,6032.0,6032.5,9143
1749603600,6032.5,6035.0,6024.25,6029.5,8057
1749607200,6029.5,6030.0,6026.0,6026.75,3416
1749610800,6026.75,6029.5,6025.25,6029.0,3328
1749614400,6028.75,6032.25,6023.0,6023.5,4330
1749618000,6023.75,6029.0,6021.5,6025.25,4405
1749621600,6025.25,6029.5,6023.75,6027.25,5999
1749625200,6027.25,6034.5,6024.75,6033.0,9998
1749628800,6033.25,6042.5,6031.75,6038.0,11827
1749632400,6038.0,6038.75,6031.5,6031.75,9124
1749636000,6032.0,6037.0,6030.5,6035.75,10226
1749639600,6035.75,6039.25,6024.5,6037.0,20078
1749643200,6037.25,6074.75,6026.5,6058.75,101689
1749646800,6059.25,6061.5,6035.75,6050.25,184539
1749650400,6050.25,6064.75,6046.5,6063.25,152316
1749654000,6061.5,6064.25,6048.5,6049.75,150075
1749657600,6050.0,6052.75,6033.5,6048.25,144041
1749661200,6048.0,6058.5,6037.5,6039.0,113178
1749664800,6039.0,6041.75,6006.25,6022.25,265358
1749668400,6022.0,6030.5,6011.0,6028.5,247004
1749672000,6028.5,6034.75,6024.75,6028.0,42511
1749679200,6022.25,6032.0,6016.0,6018.75,0
1749682800,6018.5,6024.75,6014.75,6018.5,6972
1749686400,6018.75,6020.5,6004.75,6008.75,14322
1749690000,6009.0,6013.25,5997.0,6004.5,14879
1749693600,6004.75,6006.25,6001.0,6003.75,5578
1749697200,6004.0,6012.75,6003.5,6009.0,4761
1749700800,6010.5,6013.75,6007.25,6013.0,3251
1749704400,6013.0,6016.5,6007.0,6013.25,6699
1749708000,6013.0,6017.75,6008.5,6016.25,7900
1749711600,6016.5,6020.5,5996.0,5999.25,18866
1749715200,5999.25,6005.5,5987.75,6004.25,21742
1749718800,6004.5,6008.75,6001.0,6003.0,12179
1749722400,6002.75,6005.0,5994.0,6000.5,16648
1749726000,6000.5,6002.0,5991.0,5991.0,18760
1749729600,5991.0,6015.0,5990.0,6013.5,44751
1749733200,6013.75,6026.25,6008.5,6021.25,156756
1749736800,6021.0,6045.0,6019.75,6040.0,169846
1749740400,6040.25,6050.0,6029.0,6038.25,186190
1749744000,6038.0,6047.75,6032.5,6037.75,128989
1749747600,6038.0,6049.5,6037.0,6044.75,80078
1749751200,6044.75,6048.0,6038.0,6047.0,89632
1749754800,6046.75,6051.0,6037.25,6050.75,181392
1749758400,6050.0,6050.75,6042.5,6042.5,49987
1749765600,6045.0,6045.0,6032.25,6037.0,0
1749769200,6037.0,6038.25,6014.25,6014.5,12259
1749772800,6014.5,6015.75,5950.0,5959.5,103687
1749776400,5959.75,5967.25,5937.75,5966.0,46390
1749780000,5965.75,5966.0,5927.75,5947.25,33653
1749783600,5947.5,5963.0,5943.75,5961.0,20861
1749787200,5954.0,5957.5,5946.75,5954.75,12252
1749790800,5954.5,5962.0,5949.75,5962.0,13039
1749794400,5962.0,5970.0,5955.5,5968.75,25594
1749798000,5968.75,5977.25,5961.25,5974.25,33360
1749801600,5974.0,5985.75,5969.75,5974.75,29996
1749805200,5974.75,5985.25,5968.5,5979.25,31601
1749808800,5979.0,5988.75,5974.0,5987.5,28471
1749812400,5987.75,5998.0,5986.0,5995.5,34560
1749816000,5995.5,6001.75,5989.25,5991.75,47840
1749819600,5992.0,6014.75,5983.25,5990.0,214486
1749823200,5993.5,6003.75,5977.25,6002.25,277562
1749826800,6002.5,6028.25,6000.25,6023.75,221800
1749830400,6023.5,6029.25,6013.75,6021.75,150744
1749834000,6021.5,6023.0,6000.5,6008.75,156156
1749837600,6009.0,6013.75,5967.0,5982.75,225279
1749841200,5982.75,5987.75,5965.25,5980.25,270392
1749844800,5981.5,5988.0,5976.5,5978.25,54385
1750024800,5949.0,5986.25,5944.0,5978.0,16554
1750028400,5978.25,5990.5,5971.25,5988.25,7382
1750032000,5988.0,5990.5,5982.75,5988.5,7243
1750035600,5989.0,5990.5,5984.25,5988.25,4457
1750039200,5988.25,5996.25,5986.5,5991.25,4460
1750042800,5991.25,5991.75,5985.5,5987.5,2459
1750046400,5987.0,5989.5,5985.5,5986.75,3398
1750050000,5987.0,5997.75,5986.75,5994.0,3461
1750053600,5993.75,6004.25,5993.0,6003.0,10894
1750057200,6003.25,6015.5,6002.5,6013.25,22711
1750060800,6013.5,6014.0,6005.25,6012.75,26118
1750064400,6012.5,6013.75,6001.25,6003.75,27326
1750068000,6003.5,6012.25,6002.75,6012.0,24005
1750071600,6012.25,6019.25,6005.0,6018.0,40940
1750075200,6018.0,6024.25,6015.75,6017.75,65929
1750078800,6017.5,6044.75,6013.5,6041.25,234053
1750082400,6041.25,6055.25,6040.5,6050.0,299909
1750086000,6049.75,6051.75,6038.5,6042.0,192379
1750089600,6042.25,6047.25,6035.5,6038.25,126628
1750093200,6038.5,6047.75,6031.75,6033.75,145649
1750096800,6033.75,6038.5,6029.0,6035.75,115356
1750100400,6035.5,6038.25,6027.0,6038.0,221599
1750104000,6038.0,6042.75,6036.25,6037.5,37470
1750111200,6038.5,6040.5,6013.25,6018.25,0
1750114800,6018.5,6026.25,5999.0,5999.25,13771
1750118400,5999.25,6017.5,5997.75,6016.75,10498
1750122000,6016.75,6020.0,6006.75,6014.0,5100
1750125600,6014.25,6023.5,6000.5,6022.75,8042
1750129200,6022.25,6022.75,6010.25,6015.25,3489
1750132800,6017.5,6017.75,6008.75,6012.0,2408
1750136400,6012.25,6017.75,6008.5,6014.5,2876
1750140000,6014.5,6021.5,6007.25,6009.25,5494
1750143600,6009.5,6015.25,5992.25,6000.25,21812
1750147200,6000.25,6012.5,5996.5,6007.5,19270
1750150800,6007.75,6012.5,5997.0,6000.5,19676
1750154400,6000.25,6005.5,5991.25,6002.75,22559
1750158000,6002.25,6013.5,6000.75,6012.75,21525
1750161600,6012.75,6017.25,6004.5,6006.0,47927
1750165200,6006.25,6019.0,6003.0,6018.0,118416
1750168800,6018.0,6026.25,6012.75,6014.25,113006
1750172400,6013.75,6027.0,6011.75,6016.5,71404
1750176000,6016.75,6025.5,6004.25,6007.5,71013
1750179600,6007.25,6011.5,5984.75,5989.5,67872
1750183200,5989.5,5991.25,5976.75,5990.5,61140
1750186800,5990.5,5997.75,5982.0,5985.0,89481
1750190400,5984.75,5991.25,5980.0,5984.5,22293
1750197600,5977.25,5985.0,5965.0,5966.25,0
1750201200,5966.5,5976.0,5964.75,5971.0,3134
1750204800,5971.25,5991.5,5971.0,5989.75,5383
1750208400,5989.75,5995.75,5986.75,5988.75,2931
1750212000,5988.75,5995.0,5986.75,5989.25,2001
1750215600,5989.25,5990.75,5987.0,5987.75,2219
1750219200,5990.25,5991.75,5983.5,5990.0,1848
1750222800,5990.0,5994.5,5990.0,5992.5,1184
1750226400,5992.5,6003.5,5990.75,5996.75,4515
1750230000,5996.5,6003.5,5995.5,5998.5,6728
1750233600,5998.75,6002.5,5994.75,6001.5,7041
1750237200,6001.75,6008.25,6000.0,6001.5,7178
1750240800,6001.5,6002.0,5981.5,5982.75,10571
1750244400,5982.75,6000.5,5981.5,5994.75,13832
1750248000,5995.0,5997.75,5987.75,5988.75,15422
1750251600,5989.0,6004.5,5981.5,5999.5,38322
1750255200,5998.25,6020.75,5998.0,6017.25,42625
1750258800,6015.5,6017.5,6004.5,6005.75,31988
1750262400,6005.75,6011.75,6002.0,6002.75,29818
1750266000,6002.5,6008.25,5988.5,6006.0,22275
1750269600,6015.25,6017.0,5975.25,5981.0,55796
1750273200,5981.0,5997.75,5973.25,5981.75,54415
1750276800,5987.5,5990.25,5982.5,5983.25,23414
1750284000,5982.5,5984.0,5974.0,5978.25,0
1750287600,5978.0,5981.5,5975.5,5981.0,607
1750291200,5981.5,5981.75,5961.25,5970.75,1465
1750294800,5970.75,5971.25,5947.25,5961.0,2938
1750298400,5961.0,5968.25,5957.75,5963.5,942
1750302000,5964.0,5973.5,5964.0,5972.5,938
1750305600,5972.5,5976.0,5970.5,5975.0,598
1750309200,5975.0,5975.0,5962.5,5963.5,708
1750312800,5963.0,5967.75,5956.25,5964.0,2256
1750316400,5964.0,5967.0,5944.25,5947.0,2523
1750320000,5947.5,5958.75,5947.5,5956.75,2373
1750323600,5956.5,5962.25,5956.0,5957.5,2040
1750327200,5957.25,5963.25,5952.5,5961.0,2040
1750330800,5961.0,5961.0,5947.25,5952.75,1269
1750334400,5952.75,5956.5,5937.5,5940.75,2152
1750338000,5940.75,5947.5,5920.5,5926.5,6445
1750341600,5926.25,5935.75,5924.0,5934.0,4143
1750345200,5934.0,5937.75,5921.5,5922.5,6070
1750348800,5922.25,5935.0,5922.25,5926.0,0
1750370400,5938.5,5972.5,5938.5,5965.75,45549
1750374000,5966.25,5969.0,5962.0,5964.0,559
1750377600,5965.25,5975.0,5963.5,5965.5,773
1750381200,5966.5,5968.25,5955.0,5961.75,560
1750384800,5960.5,5967.0,5960.0,5965.0,371
1750388400,5965.0,5971.25,5963.25,5968.5,470
1750392000,5968.0,5973.0,5966.75,5970.0,538
1750395600,5970.0,5973.75,5966.0,5973.25,1077
1750399200,5973.75,5978.5,5966.5,5970.25,1350
1750402800,5969.0,5977.0,5964.5,5975.0,1421
1750406400,5976.0,5981.25,5960.0,5961.0,1338
1750410000,5962.0,5973.0,5961.25,5972.25,798
1750413600,5971.75,5973.25,5965.5,5972.0,647
1750417200,5970.25,5998.25,5970.25,5983.5,3715
1750420800,5983.5,6002.5,5983.5,6000.25,6821
1750424400,6000.75,6019.25,6000.5,6009.25,0
1750449600,6025.0,6025.0,6025.0,6025.0,1564799
1750629600,5964.0,6007.75,5959.0,6001.0,28046
1750633200,6000.75,6002.5,5993.25,5999.25,7393
1750636800,5999.25,5999.75,5989.0,5993.5,7752
1750640400,5993.75,5998.0,5990.0,5996.25,5757
1750644000,5996.5,6002.5,5995.75,6000.25,4459
1750647600,5999.75,6003.5,5999.25,6001.0,2903
1750651200,6002.0,6003.75,6000.5,6001.75,3162
1750654800,6001.75,6012.25,6001.5,6009.0,5957
1750658400,6009.0,6014.5,6006.25,6011.25,7245
1750662000,6011.25,6030.0,6011.0,6028.25,16146
1750665600,6028.25,6039.25,6025.75,6033.0,14486
1750669200,6033.0,6038.0,6027.0,6029.25,9959
1750672800,6029.25,6038.0,6020.5,6021.5,17028
1750676400,6022.25,6023.5,6002.5,6013.25,17982
1750680000,6014.0,6027.75,6011.25,6026.75,16921
1750683600,6026.75,6041.75,6010.5,6041.5,123444
1750687200,6041.5,6058.25,6039.25,6039.75,156755
1750690800,6047.25,6051.75,6032.5,6033.5,111986
1750694400,6033.75,6036.0,5993.25,6010.75,235410
1750698000,6010.75,6069.75,6006.5,6061.5,194288
1750701600,6061.5,6067.5,6055.75,6061.25,85918
1750705200,6061.0,6081.5,6060.25,6076.75,173744
1750708800,6076.75,6079.0,6072.25,6077.5,45416
1750716000,6078.0,6105.5,6075.25,6101.5,0
1750719600,6101.5,6113.0,6100.75,6108.5,12118
1750723200,6109.0,6111.25,6099.25,6107.0,12573
1750726800,6106.75,6116.5,6103.25,6115.0,7788
1750730400,6114.75,6115.25,6104.0,6107.5,8496
1750734000,6107.25,6112.75,6106.75,6112.25,4392
1750737600,6111.75,6112.5,6106.0,6111.5,4550
1750741200,6111.5,6124.5,6111.25,6122.5,7461
1750744800,6122.5,6139.5,6122.5,6137.5,18181
1750748400,6138.0,6142.5,6114.5,6125.75,34999
1750752000,6126.0,6131.5,6120.0,6125.5,16633
1750755600,6125.5,6136.0,6125.0,6127.75,9530
1750759200,6127.5,6130.0,6120.75,6123.25,11071
1750762800,6123.0,6128.25,6115.5,6124.75,18883
1750766400,6124.75,6127.0,6113.25,6119.25,22379
1750770000,6119.25,6130.25,6113.5,6116.5,120159
1750773600,6116.5,6129.75,6113.0,6125.25,131814
1750777200,6130.5,6138.25,6125.75,6134.25,102262
1750780800,6134.25,6148.75,6133.0,6143.25,75772
1750784400,6143.25,6150.5,6139.75,6148.5,75952
1750788000,6148.75,6151.5,6145.25,6149.75,55247
1750791600,6149.75,6155.25,6144.0,6144.0,185916
1750795200,6144.0,6146.25,6142.25,6143.5,42917
1750802400,6144.75,6144.75,6138.25,6141.0,0
1750806000,6141.0,6147.5,6138.25,6146.0,3907
1750809600,6146.25,6148.75,6144.0,6147.75,4579
1750813200,6147.5,6147.5,6140.5,6142.0,4127
1750816800,6142.0,6143.25,6140.5,6142.25,2524
1750820400,6142.5,6146.5,6142.5,6143.5,2576
1750824000,6145.0,6148.0,6145.0,6148.0,1295
1750827600,6147.75,6149.75,6146.5,6148.5,3049
1750831200,6148.25,6149.75,6145.5,6145.5,4416
1750834800,6145.5,6149.0,6143.0,6146.5,8953
1750838400,6146.5,6148.5,6141.25,6148.0,8620
1750842000,6148.25,6151.75,6144.25,6144.5,7743
1750845600,6144.75,6149.5,6141.75,6147.5,9447
1750849200,6147.5,6156.75,6145.5,6156.0,13554
1750852800,6155.75,6157.25,6153.25,6157.0,15827
1750856400,6156.75,6160.25,6149.75,6157.0,109358
1750860000,6157.25,6159.5,6148.25,6153.75,129555
1750863600,6152.75,6153.0,6140.0,6144.75,102446
1750867200,6144.5,6148.5,6140.0,6143.0,61716
1750870800,6143.0,6147.25,6130.75,6138.5,92558
1750874400,6138.5,6141.5,6136.25,6140.0,58021
1750878000,6140.25,6149.75,6139.5,6147.5,171485
1750881600,6147.5,6148.0,6143.5,6146.0,36974
1750888800,6144.75,6150.5,6142.75,6146.5,0
1750892400,6146.75,6147.75,6141.25,6146.5,5470
1750896000,6146.75,6149.75,6144.5,6148.75,3699
1750899600,6148.75,6149.0,6144.75,6146.25,3012
1750903200,6146.5,6150.75,6146.0,6149.0,2577
1750906800,6149.25,6155.0,6149.25,6152.5,3310
1750910400,6152.5,6155.5,6150.75,6154.75,2358
1750914000,6154.75,6156.75,6152.75,6156.25,2826
1750917600,6156.25,6163.25,6156.0,6160.5,6468
1750921200,6160.75,6167.25,6159.25,6160.25,9383
1750924800,6160.25,6170.5,6159.75,6166.25,10102
1750928400,6166.5,6166.75,6162.25,6163.25,6570
1750932000,6163.25,6170.75,6161.5,6164.75,8561
1750935600,6164.5,6170.0,6164.0,6169.5,10322
1750939200,6169.75,6171.0,6157.75,6165.5,23742
1750942800,6166.25,6169.75,6159.25,6165.5,117433
1750946400,6171.75,6182.0,6166.5,6180.0,140246
1750950000,6179.75,6185.0,6174.25,6181.5,107392
1750953600,6181.5,6187.5,6180.75,6184.75,69626
1750957200,6184.75,6192.5,6182.5,6189.25,70786
1750960800,6189.0,6198.0,6187.25,6190.75,95460
1750964400,6191.0,6200.0,6188.5,6196.25,207009
1750968000,6196.25,6196.75,6189.25,6195.75,51497
1750975200,6197.5,6205.25,6195.25,6201.0,0
1750978800,6201.0,6202.5,6195.25,6196.5,4752
1750982400,6196.5,6199.75,6194.75,6195.75,4541
1750986000,6195.5,6200.25,6194.0,6198.25,4349
1750989600,6198.25,6202.0,6197.0,6202.0,2960
1750993200,6202.0,6204.25,6201.25,6201.5,3329
1750996800,6201.5,6202.25,6200.0,6200.0,2661
1751000400,6200.0,6206.0,6199.75,6204.25,3931
1751004000,6204.25,6214.0,6203.5,6211.0,11399
1751007600,6210.75,6215.0,6208.5,6210.0,9390
1751011200,6210.25,6212.5,6208.0,6212.0,8727
1751014800,6212.0,6212.5,6207.25,6210.5,8072
1751018400,6210.5,6211.0,6207.25,6209.75,6700
1751022000,6209.5,6218.75,6209.25,6218.25,11442
1751025600,6218.5,6220.75,6208.5,6209.5,28721
1751029200,6209.25,6221.5,6202.0,6218.25,105495
1751032800,6218.5,6230.75,6218.5,6222.75,176987
1751036400,6222.75,6236.0,6220.75,6234.0,92947
1751040000,6234.0,6239.0,6231.5,6234.75,87654
1751043600,6234.5,6234.75,6207.25,6216.5,152440
1751047200,6216.5,6218.75,6183.25,6187.25,205858
1751050800,6187.25,6226.75,6185.25,6223.5,259941
1751054400,6223.5,6223.5,6216.75,6220.0,66733
1751234400,6223.25,6243.25,6223.25,6239.25,14198
1751238000,6239.0,6245.0,6237.25,6238.0,9255
1751241600,6238.0,6242.0,6235.75,6240.25,6367
1751245200,6240.0,6241.0,6236.5,6238.75,5840
1751248800,6238.5,6248.75,6238.25,6246.25,8664
1751252400,6246.0,6249.25,6244.75,6247.75,4203
1751256000,6247.75,6250.0,6247.25,6247.75,4007
1751259600,6247.5,6251.75,6246.5,6250.75,4611
1751263200,6250.75,6255.0,6249.0,6250.75,9966
1751266800,6250.75,6250.75,6243.75,6246.5,12854
1751270400,6246.75,6251.0,6244.5,6246.75,10559
1751274000,6246.75,6253.25,6245.25,6247.0,9060
1751277600,6247.0,6252.0,6246.5,6250.25,8120
1751281200,6250.25,6253.5,6248.75,6250.0,13811
1751284800,6250.25,6250.75,6242.0,6245.25,19940
1751288400,6245.25,6250.5,6234.75,6238.5,127236
1751292000,6239.0,6242.75,6231.25,6234.75,138835
1751295600,6234.75,6244.0,6231.75,6239.25,108350
1751299200,6239.25,6245.75,6235.5,6241.0,77423
1751302800,6240.75,6242.75,6224.25,6232.5,102888
1751306400,6232.5,6243.5,6227.0,6243.5,117784
1751310000,6243.5,6265.5,6243.0,6251.5,358917
1751313600,6251.5,6254.5,6244.0,6245.25,78963
1751320800,6245.75,6250.0,6243.25,6244.25,0
1751324400,6244.0,6251.0,6242.25,6250.0,4540
1751328000,6250.25,6256.5,6250.25,6255.5,8705
1751331600,6255.5,6257.75,6252.5,6257.25,4800
1751335200,6257.0,6257.25,6248.25,6248.75,5306
1751338800,6248.5,6250.5,6246.75,6247.25,3978
1751342400,6248.5,6248.5,6243.5,6244.25,4513
1751346000,6244.25,6246.25,6241.5,6243.5,5227
1751349600,6243.25,6244.5,6240.25,6243.5,7624
1751353200,6243.5,6250.5,6238.0,6243.75,14310
1751356800,6243.75,6247.0,6238.5,6244.0,13056
1751360400,6243.75,6244.5,6236.25,6241.0,10649
1751364000,6241.25,6243.25,6238.5,6241.5,6606
1751367600,6241.5,6243.5,6237.25,6240.75,11912
1751371200,6240.75,6242.25,6227.25,6234.25,30279
1751374800,6234.25,6249.5,6231.75,6244.0,116218
1751378400,6243.75,6253.0,6233.25,6237.5,202508
1751382000,6237.25,6247.75,6227.5,6242.0,189249
1751385600,6242.0,6254.25,6239.75,6243.5,136573
1751389200,6243.5,6261.5,6242.5,6258.75,103515
1751392800,6259.0,6260.25,6252.25,6253.0,78177
1751396400,6252.75,6260.75,6240.0,6249.0,256636
1751400000,6249.0,6250.0,6244.0,6248.25,44557
1751407200,6247.75,6254.0,6245.0,6253.75,0
1751410800,6254.0,6255.0,6250.5,6252.0,2584
1751414400,6252.0,6255.0,6251.5,6253.0,3499
1751418000,6253.25,6253.75,6247.5,6247.75,3557
1751421600,6247.75,6259.0,6245.0,6258.75,5828
1751425200,6259.0,6260.75,6258.0,6259.0,3545
1751428800,6260.0,6267.75,6259.75,6265.5,5121
1751432400,6265.25,6265.25,6260.25,6264.5,3898
1751436000,6264.5,6270.75,6263.5,6269.5,8137
1751439600,6269.5,6270.25,6255.5,6257.25,10524
1751443200,6257.5,6260.25,6252.25,6255.0,10438
1751446800,6254.75,6257.25,6253.0,6257.0,6472
1751450400,6257.0,6257.25,6252.0,6255.0,8718
1751454000,6254.75,6258.5,6245.75,6249.5,15690
1751457600,6249.75,6253.5,6235.5,6240.0,42497
1751461200,6240.0,6248.5,6237.25,6245.0,123394
1751464800,6245.0,6264.0,6244.75,6259.5,182182
1751468400,6259.75,6266.75,6257.5,6264.75,106576
1751472000,6264.75,6268.25,6260.5,6268.0,74871
1751475600,6268.0,6269.25,6263.0,6266.0,68915
1751479200,6266.25,6271.5,6265.25,6270.5,70197
1751482800,6270.5,6276.5,6268.0,6275.25,168541
1751486400,6275.25,6279.5,6271.0,6277.0,56017
1751493600,6276.5,6278.75,6273.0,6276.75,0
1751497200,6276.75,6278.25,6276.0,6277.5,1467
1751500800,6277.5,6279.75,6275.5,6277.5,3322
1751504400,6277.0,6279.75,6274.75,6276.5,3504
1751508000,6276.5,6276.5,6270.5,6275.0,4749
1751511600,6275.0,6284.0,6274.75,6279.25,5172
1751515200,6280.5,6282.5,6279.0,6280.25,1958
1751518800,6280.25,6281.0,6277.0,6280.75,2443
1751522400,6280.75,6284.0,6279.0,6281.5,4418
1751526000,6281.25,6285.0,6280.0,6280.75,8002
1751529600,6280.5,6282.25,6274.5,6274.75,7032
1751533200,6274.5,6280.5,6274.0,6276.0,7754
1751536800,6275.75,6278.0,6272.5,6277.75,5600
1751540400,6277.5,6281.0,6276.75,6280.5,10107
1751544000,6280.5,6295.0,6278.5,6285.25,50906
1751549400,6285.25,6315.25,6285.0,6310.0,136788
1751553000,6317.0,6324.75,6315.0,6324.25,119055
1751556600,6323.0,6331.25,6322.0,6328.25,100422
1751560200,6329.75,6333.25,6318.75,6323.0,169883
1751562000,6323.0,6327.0,6320.0,6324.25,0
1751580000,6324.25,6324.25,6324.25,6324.25,0
1751583600,6324.25,6324.25,6324.25,6324.25,0
1751601600,6308.5,6309.5,6304.25,6306.5,25036
1751605200,6306.75,6308.75,6303.5,6308.25,2963
1751608800,6308.5,6308.75,6302.25,6302.5,5083
1751612400,6302.5,6305.25,6290.0,6290.5,10601
1751616000,6290.75,6295.5,6285.5,6286.5,12312
1751619600,6286.25,6290.5,6283.75,6289.25,10545
1751623200,6289.25,6291.0,6276.5,6281.5,7386
1751626800,6281.25,6288.0,6280.0,6285.25,6754
1751630400,6285.25,6287.5,6282.25,6284.75,4757
1751634000,6285.0,6288.5,6279.25,6287.5,13174
1751637600,6287.25,6292.75,6284.5,6290.25,8934
1751641200,6290.25,6292.0,6285.0,6289.5,8094
1751644800,6289.5,6290.0,6282.5,6283.5,6343
1751839200,6307.75,6313.0,6295.5,6300.75,10476
1751842800,6300.75,6306.0,6298.5,6301.25,5032
1751846400,6301.25,6306.0,6299.25,6301.5,5462
1751850000,6301.5,6301.75,6291.0,6297.25,8836
1751853600,6297.5,6301.75,6296.5,6298.25,4386
1751857200,6298.25,6302.25,6294.0,6301.5,3295
1751860800,6301.75,6306.0,6296.5,6297.5,3453
1751864400,6297.25,6298.5,6294.5,6297.0,3414
1751868000,6296.75,6297.25,6290.75,6294.5,5833
1751871600,6294.75,6297.75,6292.0,6297.5,6471
1751875200,6297.5,6298.25,6292.25,6294.0,9683
1751878800,6294.0,6307.25,6292.75,6306.5,8684
1751882400,6306.5,6311.25,6304.75,6305.0,9106
1751886000,6305.25,6311.25,6304.5,6310.75,8561
1751889600,6310.5,6315.0,6301.0,6302.75,24305
1751893200,6302.75,6309.75,6297.25,6305.25,115292
1751896800,6305.0,6306.5,6287.75,6290.0,145110
1751900400,6289.75,6292.5,6279.75,6285.75,106838
1751904000,6285.5,6291.25,6260.25,6266.0,204260
1751907600,6266.0,6282.5,6263.5,6268.25,118261
1751911200,6271.0,6271.75,6246.25,6269.75,139078
1751914800,6269.5,6278.0,6261.5,6275.5,195853
1751918400,6275.5,6276.0,6258.5,6263.25,49217
1751925600,6262.5,6266.25,6254.5,6262.25,0
1751929200,6262.25,6269.25,6261.25,6268.25,5268
1751932800,6268.25,6275.75,6263.5,6273.75,8531
1751936400,6273.5,6277.5,6270.25,6272.0,6470
1751940000,6272.0,6280.0,6271.25,6279.5,3983
1751943600,6279.5,6279.75,6275.0,6276.25,2942
1751947200,6278.0,6279.75,6275.75,6276.25,2484
1751950800,6276.25,6281.75,6275.25,6281.5,3799
1751954400,6281.5,6284.25,6278.0,6283.25,7833
1751958000,6283.0,6289.0,6277.5,6287.0,10905
1751961600,6287.0,6287.25,6279.75,6283.0,7575
1751965200,6282.75,6285.0,6276.75,6278.0,6025
1751968800,6278.25,6286.0,6273.75,6283.25,8653
1751972400,6283.0,6286.75,6281.0,6282.25,6909
1751976000,6282.25,6284.0,6277.0,6282.25,14483
1751979600,6282.25,6284.5,6272.75,6274.0,110161
1751983200,6274.0,6282.5,6262.5,6268.0,204535
1751986800,6270.0,6279.75,6264.5,6278.0,122960
1751990400,6278.0,6288.75,6271.5,6275.25,141347
1751994000,6275.25,6280.75,6265.75,6279.25,92590
1751997600,6279.0,6280.75,6270.5,6272.75,64781
1752001200,6272.75,6276.25,6267.5,6271.5,91796
1752004800,6270.5,6274.25,6270.25,6271.75,97854
1752012000,6272.0,6276.0,6270.75,6273.25,0
1752015600,6273.25,6276.75,6268.75,6270.5,4010
1752019200,6270.25,6270.25,6262.25,6265.0,5439
1752022800,6264.75,6269.0,6260.0,6268.75,6240
1752026400,6268.5,6270.75,6266.5,6267.0,2982
1752030000,6267.25,6268.25,6264.25,6265.25,2549
1752033600,6264.5,6270.25,6264.25,6268.25,2946
1752037200,6268.25,6269.0,6263.5,6266.0,3443
1752040800,6265.75,6271.75,6260.5,6270.75,6897
1752044400,6271.0,6274.25,6266.25,6271.75,7323
1752048000,6271.75,6274.25,6269.5,6271.75,5972
1752051600,6272.0,6283.75,6272.0,6280.25,8750
1752055200,6280.5,6282.25,6277.0,6280.5,6979
1752058800,6280.75,6286.75,6279.25,6284.25,8488
1752062400,6284.25,6290.25,6282.5,6287.0,19543
1752066000,6286.75,6315.25,6285.0,6310.75,146159
1752069600,6312.25,6312.5,6277.5,6281.25,266227
1752073200,6282.5,6292.75,6276.0,6286.5,150430
1752076800,6286.25,6291.25,6282.5,6287.5,80370
1752080400,6287.25,6295.25,6283.0,6291.75,86206
1752084000,6291.5,6303.25,6291.0,6301.5,78263
1752087600,6301.5,6309.5,6298.25,6307.0,140759
1752091200,6307.0,6310.0,6302.75,6306.25,49325
1752098400,6306.0,6312.25,6303.5,6309.75,0
1752102000,6309.5,6310.0,6302.75,6303.5,4017
1752105600,6303.25,6303.5,6296.0,6296.5,6854
1752109200,6296.75,6298.0,6292.25,6292.75,7335
1752112800,6292.75,6299.5,6292.5,6298.25,3829
1752116400,6298.0,6298.0,6291.5,6292.75,4664
1752120000,6292.25,6293.0,6290.5,6292.0,2994
1752123600,6292.0,6294.0,6290.0,6293.25,3995
1752127200,6293.0,6294.25,6288.25,6290.5,7099
1752130800,6290.5,6295.5,6287.5,6294.25,10292
1752134400,6294.0,6301.5,6293.0,6300.5,8168
1752138000,6300.5,6301.5,6294.5,6298.0,7081
1752141600,6298.0,6304.0,6297.0,6302.0,5103
1752145200,6302.0,6311.25,6300.75,6309.0,10874
1752148800,6309.0,6309.25,6300.0,6302.5,18425
1752152400,6302.25,6308.5,6297.0,6300.0,113244
1752156000,6300.0,6317.25,6296.0,6314.75,166247
1752159600,6314.75,6324.5,6314.5,6323.0,103535
1752163200,6322.5,6324.25,6316.5,6322.0,75378
1752166800,6322.0,6334.5,6321.75,6332.5,72848
1752170400,6332.5,6335.5,6327.5,6329.25,62278
1752174000,6329.25,6333.25,6318.25,6324.5,152428
1752177600,6324.5,6325.25,6319.25,6321.5,37152
1752184800,6323.0,6328.5,6320.5,6328.25,0
1752188400,6328.25,6330.25,6326.75,6329.75,2938
1752192000,6329.75,6329.75,6283.0,6292.25,53911
1752195600,6292.5,6302.25,6287.75,6299.25,13614
1752199200,6299.0,6303.75,6298.0,6303.5,5784
1752202800,6303.25,6309.25,6302.75,6308.75,5500
1752206400,6307.5,6311.5,6307.25,6309.25,4024
1752210000,6309.25,6310.5,6301.75,6302.0,5112
1752213600,6302.25,6309.25,6302.25,6306.0,6133
1752217200,6306.0,6308.75,6290.0,6290.75,17687
1752220800,6290.75,6294.0,6284.75,6291.0,15992
1752224400,6291.0,6293.25,6279.25,6280.5,11015
1752228000,6280.25,6286.25,6276.75,6280.0,12843
1752231600,6280.0,6295.0,6279.25,6290.5,16071
1752235200,6290.5,6293.25,6284.5,6289.5,19707
1752238800,6289.25,6298.75,6278.5,6295.75,134683
1752242400,6295.75,6307.5,6293.25,6302.25,130910
1752246000,6302.0,6308.75,6290.5,6301.25,120721
1752249600,6301.5,6308.25,6294.75,6307.5,81058
1752253200,6307.25,6310.0,6301.5,6309.0,74890
1752256800,6309.0,6312.75,6304.75,6307.75,75634
1752260400,6307.5,6311.25,6295.0,6299.25,196042
1752264000,6299.25,6300.0,6293.25,6294.0,40342
1752465600,6272.5,6274.0,6270.75,6270.75,0
1752469200,6271.0,6273.75,6263.75,6264.75,4590
1752472800,6264.5,6268.5,6261.0,6266.25,7449
1752476400,6266.5,6277.75,6259.75,6277.0,13021
1752480000,6276.75,6281.75,6273.0,6279.0,8984
1752483600,6279.25,6283.75,6277.25,6283.25,5820
1752487200,6283.5,6284.0,6278.5,6280.0,5225
1752490800,6279.75,6285.75,6276.75,6281.5,10743
1752494400,6281.5,6285.75,6279.75,6282.5,12346
1752498000,6282.5,6297.25,6279.75,6289.0,139084
1752501600,6289.25,6299.75,6284.75,6297.5,148556
1752505200,6297.25,6306.25,6295.25,6302.0,107575
1752508800,6302.25,6307.75,6298.75,6305.5,62492
1752512400,6305.5,6313.25,6305.5,6310.0,64945
1752516000,6310.0,6315.0,6309.0,6312.75,52756
1752519600,6313.0,6314.5,6306.25,6310.75,155320
1752523200,6310.75,6312.0,6307.0,6309.5,31022
1752530400,6309.5,6309.75,6301.5,6301.75,0
1752534000,6301.75,6305.25,6300.75,6304.0,2508
1752537600,6304.0,6306.25,6301.25,6302.75,4440
1752541200,6302.75,6335.75,6301.0,6327.25,17909
1752544800,6327.5,6330.75,6308.25,6311.5,14921
1752548400,6311.25,6319.0,6308.75,6317.0,6326
1752552000,6316.5,6323.75,6316.0,6323.25,4427
1752555600,6323.25,6333.25,6322.5,6330.25,7831
1752559200,6330.5,6332.25,6326.75,6329.75,5903
1752562800,6330.0,6331.5,6325.75,6329.5,9568
1752566400,6329.5,6332.25,6325.75,6329.0,12170
1752570000,6328.75,6335.0,6327.5,6334.5,10366
1752573600,6334.5,6341.75,6332.25,6334.75,14052
1752577200,6334.75,6340.75,6330.25,6333.5,17851
1752580800,6333.75,6343.0,6325.0,6335.25,53799
1752584400,6335.5,6342.25,6318.0,6318.75,164946
1752588000,6319.0,6326.5,6300.0,6301.0,203372
1752591600,6300.75,6316.0,6300.75,6310.5,141607
1752595200,6310.5,6312.25,6292.0,6294.25,110495
1752598800,6294.0,6308.75,6291.25,6308.25,84808
1752602400,6308.5,6311.0,6294.75,6295.0,91964
1752606000,6297.0,6300.0,6286.75,6288.25,133053
1752609600,6284.5,6284.5,6272.5,6273.75,113483
1752616800,6273.75,6277.25,6264.25,6270.5,0
1752620400,6270.5,6273.75,6265.0,6272.5,5335
1752624000,6272.5,6273.75,6266.0,6272.5,6360
1752627600,6272.5,6278.25,6272.0,6277.0,6537
1752631200,6277.0,6277.75,6272.25,6273.75,3106
1752634800,6274.0,6276.5,6273.25,6273.25,2707
1752638400,6276.25,6277.5,6273.0,6274.5,2580
1752642000,6275.0,6279.5,6268.75,6272.0,7224
1752645600,6271.75,6272.25,6264.25,6265.5,6055
1752649200,6265.25,6272.0,6257.25,6271.75,14333
1752652800,6271.75,6281.25,6270.0,6279.0,9499
1752656400,6279.0,6280.0,6273.75,6278.75,6126
1752660000,6279.0,6282.5,6277.25,6280.5,6997
1752663600,6280.75,6283.5,6277.25,6283.25,11685
1752667200,6283.5,6300.5,6281.25,6297.25,37856
1752670800,6297.5,6302.0,6281.0,6281.75,152470
1752674400,6282.0,6295.0,6276.0,6282.75,228103
1752678000,6282.75,6295.0,6241.0,6281.0,414671
1752681600,6280.75,6292.75,6271.25,6292.25,118626
1752685200,6292.5,6299.5,6290.25,6292.5,86862
1752688800,6292.5,6305.25,6288.5,6305.25,78414
1752692400,6305.25,6308.75,6299.75,6303.0,155766
1752696000,6302.75,6303.5,6297.5,6299.0,39954
1752703200,6299.25,6300.5,6291.25,6292.25,0
1752706800,6292.5,6294.5,6291.25,6293.0,3091
1752710400,6293.25,6297.25,6290.25,6296.75,5823
1752714000,6296.5,6297.75,6289.5,6291.75,4516
1752717600,6291.75,6291.75,6289.0,6290.0,2682
1752721200,6290.25,6292.75,6288.25,6292.5,2478
1752724800,6293.25,6293.75,6290.75,6293.0,2052
1752728400,6293.25,6304.0,6293.0,6301.0,7045
1752732000,6301.0,6311.5,6301.0,6308.25,8621
1752735600,6308.5,6309.5,6302.25,6304.25,9039
1752739200,6304.0,6307.75,6301.75,6305.75,7826
1752742800,6306.0,6311.0,6306.0,6307.0,5417
1752746400,6307.0,6308.5,6302.25,6303.0,6299
1752750000,6303.25,6303.75,6297.0,6299.0,11478
1752753600,6299.0,6315.0,6297.5,6314.25,30443
1752757200,6314.0,6322.75,6302.0,6318.75,133791
1752760800,6318.5,6323.25,6308.75,6319.0,149476
1752764400,6319.0,6333.75,6318.5,6333.25,104568
1752768000,6333.25,6336.5,6326.0,6329.5,81433
1752771600,6329.5,6335.75,6327.5,6335.5,63938
1752775200,6335.5,6342.75,6332.25,6340.75,73412
1752778800,6341.0,6345.5,6337.5,6342.0,218091
1752782400,6342.0,6345.25,6338.75,6342.25,44430
1752789600,6342.5,6343.75,6338.5,6342.25,0
1752793200,6342.5,6350.75,6342.0,6349.25,5465
1752796800,6349.25,6350.5,6346.25,6347.0,4451
1752800400,6347.0,6348.5,6345.5,6346.5,3337
1752804000,6346.25,6351.75,6344.75,6350.25,3306
1752807600,6350.25,6352.75,6349.0,6350.0,4025
1752811200,6349.5,6351.5,6349.0,6350.75,2526
1752814800,6351.0,6356.25,6351.0,6355.75,5042
1752818400,6355.75,6357.0,6353.0,6354.25,5865
1752822000,6354.25,6354.75,6346.0,6346.25,11669
1752825600,6346.0,6350.5,6346.0,6348.75,7116
1752829200,6348.5,6350.25,6347.5,6348.25,4931
1752832800,6348.25,6348.75,6340.75,6342.75,8226
1752836400,6343.0,6345.0,6339.5,6343.25,10779
1752840000,6343.25,6348.75,6342.75,6348.0,20255
1752843600,6347.75,6353.5,6342.5,6345.0,136570
1752847200,6344.25,6353.5,6330.5,6332.5,164479
1752850800,6329.25,6340.25,6328.75,6340.0,105663
1752854400,6340.0,6340.5,6323.5,6325.25,132642
1752858000,6325.5,6334.25,6323.25,6329.75,89481
1752861600,6329.75,6333.0,6324.5,6331.25,65136
1752865200,6331.0,6337.0,6329.0,6334.75,144213
1752868800,6335.0,6336.0,6333.25,6335.25,38258
1753048800,6331.0,6339.25,6330.25,6338.0,4232
1753052400,6338.25,6343.0,6336.75,6342.75,3627
1753056000,6342.75,6343.75,6341.5,6341.75,3013
1753059600,6342.0,6345.0,6341.25,6342.0,3997
1753063200,6342.0,6343.25,6340.0,6340.75,2223
1753066800,6340.75,6341.75,6340.0,6340.5,870
1753070400,6340.75,6343.25,6340.75,6343.25,3056
1753074000,6343.0,6344.0,6341.25,6341.75,2321
1753077600,6341.75,6349.75,6341.25,6346.25,6167
1753081200,6346.25,6351.25,6346.0,6349.25,6884
1753084800,6349.0,6354.5,6349.0,6352.25,8416
1753088400,6352.0,6353.5,6350.5,6351.5,3611
1753092000,6351.5,6354.0,6347.75,6350.75,6639
1753095600,6350.75,6351.5,6348.0,6348.75,9001
1753099200,6349.0,6350.0,6341.75,6342.5,14677
1753102800,6342.25,6365.5,6339.75,6364.5,124119
1753106400,6366.25,6372.5,6362.25,6368.75,123308
1753110000,6368.75,6374.0,6367.25,6369.5,75595
1753113600,6370.25,6371.75,6363.5,6370.75,80460
1753117200,6371.0,6373.75,6369.25,6370.0,49637
1753120800,6369.75,6370.75,6361.0,6361.5,75654
1753124400,6361.5,6362.0,6341.0,6345.25,240362
1753128000,6345.25,6348.75,6343.75,6348.5,42264
1753135200,6347.0,6349.5,6346.0,6347.5,0
1753138800,6347.75,6349.0,6346.0,6348.25,2456
1753142400,6348.0,6351.5,6347.25,6347.75,5008
1753146000,6347.75,6352.0,6346.75,6351.75,5680
1753149600,6351.75,6352.0,6346.75,6347.25,2776
1753153200,6347.5,6348.5,6343.75,6345.5,3757
1753156800,6344.5,6344.75,6340.5,6341.5,4831
1753160400,6341.5,6342.5,6339.25,6341.5,3985
1753164000,6341.75,6342.75,6340.0,6341.75,3533
1753167600,6341.5,6346.75,6336.75,6339.5,12210
1753171200,6339.25,6344.0,6335.25,6337.25,13601
1753174800,6337.25,6339.0,6335.75,6337.5,6909
1753178400,6337.75,6341.0,6337.0,6340.25,7743
1753182000,6340.0,6346.75,6337.75,6346.25,16394
1753185600,6346.25,6349.25,6344.25,6348.0,14322
1753189200,6348.0,6349.5,6321.75,6326.0,191689
1753192800,6326.0,6337.75,6319.25,6336.75,190602
1753196400,6336.75,6338.5,6330.25,6335.5,86053
1753200000,6334.0,6338.5,6327.25,6336.0,96936
1753203600,6336.0,6349.75,6335.0,6341.0,96191
1753207200,6340.75,6352.75,6332.5,6350.75,105928
1753210800,6350.75,6353.75,6344.5,6345.5,167531
1753214400,6345.5,6347.5,6343.0,6347.25,51013
1753221600,6346.5,6350.25,6342.75,6344.75,0
1753225200,6344.75,6364.25,6344.5,6362.0,15098
1753228800,6362.0,6363.0,6349.75,6351.0,9933
1753232400,6350.75,6361.0,6349.0,6361.0,6644
1753236000,6360.75,6361.0,6356.5,6360.25,4359
1753239600,6360.25,6363.0,6357.75,6359.0,4040
1753243200,6358.5,6362.75,6357.5,6362.25,3584
1753246800,6362.25,6364.75,6361.5,6362.75,4540
1753250400,6362.75,6365.5,6360.0,6365.0,5861
1753254000,6365.0,6367.5,6360.5,6361.5,12340
1753257600,6361.5,6371.75,6361.25,6371.25,13479
1753261200,6371.0,6373.25,6368.0,6371.75,8970
1753264800,6372.0,6374.25,6369.75,6370.25,8547
1753268400,6370.0,6371.0,6363.0,6370.0,15489
1753272000,6369.75,6372.5,6366.25,6369.5,15922
1753275600,6369.5,6376.75,6354.0,6356.25,140963
1753279200,6356.25,6364.5,6353.5,6363.75,123489
1753282800,6363.25,6381.5,6359.5,6377.75,169360
1753286400,6377.5,6383.25,6370.0,6375.5,125103
1753290000,6375.5,6385.75,6371.75,6382.0,106941
1753293600,6382.25,6393.75,6382.25,6389.5,97838
1753297200,6389.75,6399.25,6386.5,6399.25,185562
1753300800,6399.0,6407.25,6392.25,6405.75,68491
1753308000,6404.0,6404.75,6400.5,6401.25,0
1753311600,6401.25,6405.0,6400.5,6404.0,2713
1753315200,6403.75,6404.5,6400.5,6402.0,4255
1753318800,6402.0,6406.75,6401.5,6405.0,4487
1753322400,6405.0,6406.75,6404.25,6405.0,2922
1753326000,6405.0,6405.0,6399.75,6400.75,3405
1753329600,6401.5,6402.25,6399.0,6401.0,2675
1753333200,6401.0,6402.0,6399.0,6399.0,2819
1753336800,6399.25,6403.5,6396.0,6396.5,6369
1753340400,6396.25,6397.75,6393.5,6395.75,9528
1753344000,6395.75,6402.0,6394.0,6400.75,9187
1753347600,6401.0,6404.0,6399.5,6403.0,7260
1753351200,6403.25,6404.5,6395.75,6398.5,9694
1753354800,6398.5,6406.75,6397.75,6403.75,11150
1753358400,6403.75,6404.5,6391.5,6398.0,27709
1753362000,6398.25,6410.25,6394.5,6406.75,127790
1753365600,6407.0,6412.5,6396.5,6411.5,140248
1753369200,6411.75,6415.5,6409.25,6411.75,100072
1753372800,6411.75,6412.25,6399.0,6405.5,108808
1753376400,6405.25,6416.75,6404.0,6409.0,79847
1753380000,6409.25,6418.25,6403.5,6409.0,94152
1753383600,6408.75,6414.5,6399.75,6401.75,206568
1753387200,6401.75,6407.5,6399.25,6406.5,53087
1753394400,6406.75,6413.25,6404.75,6410.0,0
1753398000,6409.75,6412.0,6407.5,6411.25,3205
1753401600,6411.25,6414.75,6410.25,6414.0,5168
1753405200,6414.0,6418.0,6413.0,6416.75,5052
1753408800,6416.75,6418.75,6416.0,6416.5,3734
1753412400,6416.75,6421.25,6416.5,6419.25,3963
1753416000,6418.25,6419.0,6410.5,6411.25,4171
1753419600,6411.5,6413.75,6411.25,6412.75,2603
1753423200,6412.5,6414.5,6408.25,6408.75,4516
1753426800,6409.0,6409.75,6402.75,6404.0,12017
1753430400,6405.0,6408.0,6401.0,6406.25,8246
1753434000,6406.25,6407.75,6403.75,6407.5,4469
1753437600,6407.75,6410.0,6405.5,6409.25,4975
1753441200,6409.25,6409.25,6404.0,6405.5,6079
1753444800,6405.5,6410.25,6404.5,6407.0,12371
1753448400,6407.0,6410.5,6402.0,6406.75,111048
1753452000,6406.75,6416.0,6402.75,6412.75,107506
1753455600,6412.75,6415.5,6410.5,6413.75,66268
1753459200,6413.75,6424.5,6412.25,6423.25,77395
1753462800,6423.25,6428.75,6421.5,6426.25,54665
1753466400,6426.5,6430.5,6424.75,6427.25,56582
1753470000,6427.0,6431.0,6421.25,6425.5,160221
1753473600,6425.75,6428.75,6421.75,6428.25,53984
1753660800,6449.5,6451.25,6447.75,6451.0,2829
1753664400,6451.0,6451.0,6448.0,6450.0,3911
1753668000,6449.75,6453.75,6448.75,6451.75,3928
1753671600,6451.75,6452.0,6450.0,6451.25,2695
1753675200,6451.25,6454.5,6451.0,6454.0,2338
1753678800,6453.75,6456.25,6453.5,6455.25,4522
1753682400,6455.25,6457.75,6451.0,6451.5,8078
1753686000,6451.5,6452.5,6444.25,6447.0,13589
1753689600,6446.75,6447.25,6443.75,6444.5,9608
1753693200,6444.5,6445.5,6440.0,6441.0,7264
1753696800,6441.0,6442.0,6433.5,6435.25,10091
1753700400,6435.0,6437.5,6434.0,6435.75,9897
1753704000,6435.75,6440.25,6433.25,6439.25,18988
1753707600,6439.25,6439.5,6424.25,6428.0,132568
1753711200,6427.75,6434.25,6425.75,6428.0,128008
1753714800,6427.75,6429.25,6417.0,6427.25,102804
1753718400,6427.5,6430.25,6421.0,6422.5,69777
1753722000,6422.25,6425.25,6414.25,6414.75,76496
1753725600,6414.5,6416.5,6408.75,6414.5,88272
1753729200,6414.25,6424.25,6410.5,6422.75,151508
1753732800,6422.75,6425.5,6421.75,6424.5,44614
1753740000,6424.25,6429.0,6423.25,6428.25,0
1753743600,6428.25,6429.0,6426.0,6428.25,2234
1753747200,6428.25,6428.5,6423.75,6427.25,4477
1753750800,6427.25,6430.25,6426.75,6427.75,3684
1753754400,6427.75,6430.0,6426.5,6430.0,3155
1753758000,6430.0,6431.75,6428.75,6431.25,2448
1753761600,6432.5,6433.5,6430.5,6431.75,2505
1753765200,6431.75,6434.25,6431.25,6432.75,1959
1753768800,6433.0,6434.75,6428.75,6429.25,4544
1753772400,6429.5,6439.5,6429.25,6437.75,10708
1753776000,6438.0,6439.5,6435.5,6436.75,7287
1753779600,6437.0,6440.75,6436.25,6440.0,10411
1753783200,6440.0,6441.5,6438.5,6440.25,7702
1753786800,6440.25,6442.5,6435.25,6438.25,10186
1753790400,6438.5,6440.25,6432.5,6434.25,13354
1753794000,6434.0,6440.0,6425.5,6432.75,129806
1753797600,6433.0,6434.5,6418.25,6419.75,133430
1753801200,6422.75,6423.25,6400.0,6412.25,207887
1753804800,6412.0,6415.5,6404.0,6415.0,102192
1753808400,6415.0,6419.25,6402.25,6409.0,113439
1753812000,6409.25,6411.75,6404.5,6406.5,77125
1753815600,6406.25,6409.25,6396.25,6406.0,187675
1753819200,6406.25,6407.25,6402.0,6403.5,35738
1753826400,6404.0,6409.25,6403.25,6407.5,0
1753830000,6407.75,6409.5,6405.75,6407.75,2407
1753833600,6407.75,6413.0,6407.0,6412.0,4535
1753837200,6412.0,6414.0,6407.75,6412.25,4108
1753840800,6412.25,6414.0,6410.75,6412.75,3072
1753844400,6412.75,6415.5,6412.75,6413.75,3091
1753848000,6414.75,6416.0,6414.25,6415.5,1650
1753851600,6415.5,6416.5,6412.5,6415.0,2825
1753855200,6414.75,6416.75,6412.75,6413.25,3689
1753858800,6413.25,6414.5,6406.75,6413.75,8604
1753862400,6413.75,6416.0,6405.0,6410.0,8206
1753866000,6410.0,6413.0,6408.25,6412.25,5110
1753869600,6412.5,6414.25,6411.25,6414.25,5142
1753873200,6414.5,6417.5,6412.75,6414.75,9542
1753876800,6414.75,6416.25,6406.5,6410.75,26990
1753880400,6410.75,6414.5,6405.0,6409.75,95541
1753884000,6409.5,6419.75,6406.25,6415.0,105289
1753887600,6416.0,6416.25,6402.25,6414.0,107375
1753891200,6413.75,6419.75,6412.25,6417.0,63953
1753894800,6417.0,6422.25,6413.5,6419.5,50511
1753898400,6419.25,6429.75,6378.0,6380.25,239099
1753902000,6380.25,6399.0,6366.75,6397.5,372132
1753905600,6397.5,6435.25,6393.5,6425.5,108219
1753912800,6435.5,6444.75,6431.0,6443.0,0
1753916400,6442.75,6446.75,6442.25,6442.5,5889
1753920000,6442.25,6448.25,6439.25,6447.5,8574
1753923600,6447.5,6452.25,6445.5,6449.75,6579
1753927200,6449.75,6455.0,6449.25,6453.75,4500
1753930800,6453.75,6456.25,6452.0,6455.5,3606
1753934400,6457.25,6459.25,6453.75,6458.0,5793
1753938000,6458.0,6458.5,6453.25,6457.25,4933
1753941600,6457.5,6459.25,6452.0,6454.5,8115
1753945200,6454.75,6468.5,6451.75,6465.25,18758
1753948800,6465.25,6467.0,6460.5,6461.5,13450
1753952400,6461.75,6462.5,6455.5,6456.75,9089
1753956000,6456.75,6461.5,6451.25,6451.75,10907
1753959600,6451.5,6456.0,6448.75,6451.0,20173
1753963200,6451.0,6458.5,6450.25,6456.0,31311
1753966800,6455.75,6456.25,6427.5,6445.5,212427
1753970400,6445.5,6450.0,6419.25,6419.25,214316
1753974000,6420.0,6427.5,6402.25,6427.5,210491
1753977600,6427.25,6435.25,6423.75,6430.0,92044
1753981200,6430.0,6430.0,6382.5,6386.5,209795
1753984800,6386.25,6403.0,6365.5,6393.25,184302
1753988400,6393.25,6400.0,6358.25,6371.0,361234
1753992000,6371.0,6394.75,6357.5,6368.75,102967
1753999200,6359.5,6373.5,6350.25,6358.75,0
1754002800,6359.0,6363.75,6355.0,6362.75,10602
1754006400,6362.5,6363.5,6346.25,6356.75,12478
1754010000,6356.5,6366.75,6355.25,6365.0,8710
1754013600,6365.0,6369.5,6362.5,6368.0,5267
1754017200,6368.25,6372.5,6362.0,6362.5,5661
1754020800,6364.0,6365.5,6361.25,6364.25,5027
1754024400,6364.25,6365.5,6357.25,6357.5,5234
1754028000,6357.25,6358.25,6348.25,6351.75,11577
1754031600,6351.75,6353.25,6312.0,6322.75,36613
1754035200,6322.5,6326.5,6304.5,6315.0,40364
1754038800,6315.0,6320.25,6308.75,6314.75,19922
1754042400,6314.75,6315.0,6295.0,6300.75,27120
1754046000,6301.0,6317.0,6298.5,6316.25,26039
1754049600,6316.25,6331.0,6300.0,6306.75,99983
1754053200,6306.5,6314.25,6258.0,6262.25,329372
1754056800,6262.25,6286.75,6243.75,6267.0,404048
1754060400,6266.75,6287.5,6260.5,6287.25,196865
1754064000,6287.0,6297.0,6258.75,6260.25,195878
1754067600,6260.0,6265.0,6248.5,6252.75,182512
1754071200,6252.75,6278.0,6239.5,6260.5,194738
1754074800,6260.75,6280.25,6255.0,6263.5,301045
1754078400,6263.75,6268.25,6262.25,6264.5,71972
1754258400,6264.5,6270.0,6252.0,6268.25,9104
1754262000,6268.5,6272.5,6261.0,6271.25,9816
1754265600,6271.25,6281.75,6269.75,6280.0,11023
1754269200,6280.5,6284.25,6275.5,6282.0,9843
1754272800,6281.75,6288.5,6280.75,6287.75,6716
1754276400,6287.75,6290.25,6285.25,6289.75,5871
1754280000,6289.75,6290.0,6279.75,6286.0,6711
1754283600,6285.75,6291.75,6283.5,6289.25,5961
1754287200,6289.25,6293.0,6279.25,6289.0,12126
1754290800,6289.5,6303.5,6286.0,6296.0,22195
1754294400,6296.0,6306.75,6295.25,6306.0,14731
1754298000,6306.0,6310.0,6304.0,6304.0,14267
1754301600,6304.25,6307.5,6300.25,6301.5,14360
1754305200,6301.75,6303.75,6294.5,6296.25,15648
1754308800,6296.5,6305.0,6294.75,6300.0,21165
1754312400,6300.0,6339.0,6298.25,6336.75,203846
1754316000,6337.0,6345.0,6329.5,6339.0,194406
1754319600,6338.75,6347.75,6333.25,6345.5,119442
1754323200,6345.5,6351.25,6342.75,6348.0,85868
1754326800,6348.0,6352.0,6340.0,6344.5,80597
1754330400,6344.25,6350.5,6343.5,6345.25,75342
1754334000,6345.25,6358.5,6343.5,6357.0,220764
1754337600,6357.0,6370.0,6355.0,6369.5,60543
1754344800,6370.0,6371.75,6363.0,6365.0,0
1754348400,6365.0,6369.25,6362.25,6364.0,5001
1754352000,6364.0,6376.0,6360.25,6368.5,10378
1754355600,6368.5,6373.0,6364.25,6365.25,6807
1754359200,6365.0,6367.0,6363.5,6365.5,3356
1754362800,6365.5,6368.75,6362.5,6365.75,3683
1754366400,6364.75,6369.0,6363.5,6368.75,3082
1754370000,6369.0,6371.25,6366.75,6370.0,3512
1754373600,6370.25,6375.75,6368.25,6374.75,6900
1754377200,6375.0,6377.5,6360.75,6362.0,13281
1754380800,6361.75,6366.0,6358.5,6363.0,12730
1754384400,6363.0,6367.75,6361.75,6365.75,9129
1754388000,6365.75,6374.5,6365.75,6373.0,11918
1754391600,6372.75,6374.5,6367.0,6371.75,11631
1754395200,6372.0,6376.75,6362.75,6364.25,31060
1754398800,6364.0,6371.75,6357.5,6364.75,138955
1754402400,6364.25,6364.25,6315.5,6324.25,316462
1754406000,6324.0,6332.0,6316.75,6325.75,179909
1754409600,6325.75,6342.0,6323.25,6334.5,136135
1754413200,6334.25,6348.75,6332.0,6346.75,82584
1754416800,6346.75,6347.75,6323.75,6329.5,127821
1754420400,6329.75,6336.75,6323.25,6325.25,185103
1754424000,6325.25,6332.5,6320.75,6324.5,52965
1754431200,6323.0,6328.5,6313.25,6323.0,0
1754434800,6322.75,6326.0,6316.5,6316.75,6654
1754438400,6316.5,6326.0,6316.0,6320.75,7753
1754442000,6321.0,6334.5,6319.0,6334.0,8112
1754445600,6334.0,6341.5,6331.5,6338.5,6707
1754449200,6338.75,6341.0,6335.5,6340.25,3517
1754452800,6342.0,6342.5,6339.75,6341.25,2865
1754456400,6341.25,6350.75,6340.0,6347.25,6019
1754460000,6347.5,6353.5,6345.75,6349.25,7365
1754463600,6349.25,6358.25,6349.25,6357.5,10821
1754467200,6357.5,6358.0,6343.75,6345.5,10319
1754470800,6345.5,6348.5,6337.5,6340.25,7749
1754474400,6340.25,6343.5,6331.75,6339.25,12168
1754478000,6339.25,6343.75,6337.25,6338.75,11541
1754481600,6338.5,6340.5,6330.75,6339.25,19139
1754485200,6339.25,6344.75,6327.25,6333.5,180434
1754488800,6333.5,6355.0,6325.75,6353.75,223732
1754492400,6353.75,6374.25,6348.75,6371.75,174029
1754496000,6371.75,6375.0,6363.25,6367.5,98104
1754499600,6367.5,6372.0,6364.25,6367.25,69347
1754503200,6367.25,6377.0,6366.75,6371.0,78471
1754506800,6371.0,6379.5,6368.75,6371.5,170761
1754510400,6371.75,6372.5,6367.75,6370.75,42709
1754517600,6371.0,6387.5,6364.25,6383.0,0
1754521200,6382.75,6387.5,6377.75,6380.5,5780
1754524800,6380.25,6388.5,6378.25,6385.75,6413
1754528400,6385.5,6391.5,6385.25,6388.75,5101
1754532000,6388.25,6391.25,6384.75,6386.5,3715
1754535600,6386.5,6389.75,6385.75,6387.75,3184
1754539200,6388.25,6389.0,6380.75,6382.75,3214
1754542800,6382.75,6385.5,6380.25,6385.25,3431
1754546400,6385.0,6389.75,6382.75,6384.0,5800
1754550000,6384.0,6395.25,6383.5,6394.25,10695
1754553600,6394.25,6409.75,6394.0,6405.75,18123
1754557200,6406.0,6420.5,6402.25,6418.25,15050
1754560800,6418.5,6426.75,6411.25,6412.75,20296
1754564400,6413.0,6417.0,6406.0,6406.5,17043
1754568000,6406.5,6413.5,6405.25,6407.75,22163
1754571600,6408.0,6414.5,6397.25,6409.25,156636
1754575200,6409.25,6412.75,6367.5,6371.25,270420
1754578800,6373.5,6374.5,6357.0,6362.25,166923
1754582400,6361.75,6369.5,6344.75,6355.75,149822
1754586000,6355.75,6362.5,6340.25,6351.0,127790
1754589600,6351.0,6354.0,6334.5,6348.75,118717
1754593200,6348.75,6368.5,6343.5,6367.5,186240
1754596800,6367.5,6375.5,6366.25,6373.75,63637
1754604000,6372.5,6382.75,6371.5,6379.5,0
1754607600,6379.75,6381.0,6375.75,6377.0,3382
1754611200,6376.75,6387.5,6373.75,6384.75,8214
1754614800,6384.5,6386.0,6381.0,6383.25,4467
1754618400,6383.25,6387.5,6383.25,6386.75,3182
1754622000,6386.5,6387.0,6381.25,6382.0,3587
1754625600,6379.75,6381.5,6377.25,6378.5,3854
1754629200,6378.75,6381.5,6369.25,6370.5,5967
1754632800,6370.5,6380.25,6370.25,6376.5,5403
1754636400,6376.75,6382.0,6375.75,6376.75,7172
1754640000,6376.75,6382.75,6376.75,6380.25,6666
1754643600,6380.25,6385.5,6379.75,6383.25,6634
1754647200,6383.25,6386.5,6383.25,6385.5,5010
1754650800,6385.75,6389.75,6384.0,6388.5,12547
1754654400,6388.75,6389.0,6376.25,6379.0,21811
1754658000,6379.25,6401.5,6377.0,6401.0,145056
1754661600,6401.0,6413.0,6399.25,6400.5,194729
1754665200,6400.25,6407.25,6390.5,6405.75,151164
1754668800,6406.0,6416.0,6405.0,6407.75,124222
1754672400,6408.0,6415.75,6403.5,6414.25,96484
1754676000,6414.5,6419.0,6411.5,6415.25,72941
1754679600,6415.0,6419.0,6402.75,6413.75,195010
1754683200,6413.75,6425.75,6413.25,6413.5,48890
1754863200,6422.75,6425.5,6413.5,6420.5,7174
1754866800,6420.5,6422.5,6413.0,6414.75,6087
1754870400,6414.75,6423.25,6414.5,6421.75,5688
1754874000,6421.75,6428.5,6421.0,6427.5,6123
1754877600,6427.75,6429.5,6425.25,6426.5,4719
1754881200,6426.25,6429.25,6423.75,6425.0,3364
1754884800,6424.75,6425.75,6420.25,6421.5,3262
1754888400,6421.5,6423.0,6420.0,6422.25,3566
1754892000,6422.25,6428.25,6420.0,6428.0,5628
1754895600,6428.0,6428.5,6412.5,6414.5,9878
1754899200,6414.5,6415.75,6408.5,6413.5,11858
1754902800,6413.5,6420.5,6413.25,6419.0,6866
1754906400,6419.0,6423.0,6417.5,6421.75,6650
1754910000,6421.75,6425.75,6420.75,6424.5,7838
1754913600,6424.5,6426.75,6415.75,6418.0,14116
1754917200,6418.0,6419.25,6410.0,6418.5,118606
1754920800,6418.25,6421.5,6408.0,6409.25,138358
1754924400,6409.25,6420.5,6406.75,6420.25,103281
1754928000,6420.25,6431.5,6414.5,6414.75,125074
1754931600,6414.75,6417.5,6405.25,6409.0,93701
1754935200,6409.0,6410.0,6396.25,6406.0,109936
1754938800,6406.25,6407.0,6387.5,6400.25,197387
1754942400,6400.0,6401.75,6394.75,6396.5,41936
1754949600,6396.0,6400.5,6393.0,6399.75,0
1754953200,6399.5,6401.25,6396.25,6398.75,3129
1754956800,6398.75,6406.25,6397.0,6401.25,7826
1754960400,6401.25,6405.0,6399.5,6404.5,3788
1754964000,6404.5,6406.25,6403.25,6404.0,3261
1754967600,6404.0,6406.75,6404.0,6404.75,2190
1754971200,6404.0,6409.75,6403.5,6409.0,2496
1754974800,6409.0,6409.25,6392.25,6400.75,12318
1754978400,6401.0,6411.0,6400.0,6405.25,7116
1754982000,6405.5,6410.5,6403.5,6408.5,8088
1754985600,6408.25,6409.0,6401.25,6402.25,5826
1754989200,6402.0,6405.0,6400.25,6400.5,6246
1754992800,6400.25,6401.5,6398.0,6398.75,5867
1754996400,6399.0,6399.0,6391.25,6398.0,11256
1755000000,6398.25,6442.0,6397.5,6431.75,88677
1755003600,6432.0,6439.75,6410.25,6414.0,233619
1755007200,6414.25,6443.25,6408.5,6439.5,218311
1755010800,6439.75,6453.75,6439.0,6453.25,152530
1755014400,6453.5,6461.25,6449.5,6458.0,79248
1755018000,6458.0,6462.5,6455.25,6461.75,66674
1755021600,6461.5,6467.25,6460.75,6461.5,73388
1755025200,6461.5,6470.0,6460.75,6467.5,176333
1755028800,6467.5,6469.75,6465.5,6468.5,47402
1755036000,6468.0,6468.5,6464.0,6465.0,0
1755039600,6464.75,6474.75,6464.5,6471.25,8357
1755043200,6471.25,6472.0,6465.25,6466.0,8169
1755046800,6466.0,6467.0,6461.25,6461.75,5571
1755050400,6461.75,6467.25,6461.0,6466.0,4226
1755054000,6465.75,6468.5,6465.25,6466.5,3174
1755057600,6467.75,6471.0,6467.75,6469.5,3595
1755061200,6469.5,6470.0,6466.0,6466.25,3106
1755064800,6466.75,6471.75,6463.25,6468.25,5656
1755068400,6468.5,6477.25,6468.25,6476.0,10356
1755072000,6476.25,6484.25,6474.75,6479.0,11429
1755075600,6479.25,6484.25,6477.5,6483.5,7944
1755079200,6483.25,6484.5,6478.75,6481.25,8048
1755082800,6481.0,6483.5,6479.25,6481.25,9267
1755086400,6481.25,6488.5,6480.0,6486.0,15944
1755090000,6486.25,6502.5,6485.0,6496.75,134617
1755093600,6496.75,6497.5,6475.5,6478.0,190553
1755097200,6478.0,6482.75,6470.5,6474.25,141824
1755100800,6474.0,6479.0,6466.75,6470.25,83914
1755104400,6470.25,6477.75,6467.0,6475.5,90097
1755108000,6475.75,6483.25,6472.5,6480.25,95459
1755111600,6480.5,6491.25,6478.5,6489.0,171975
1755115200,6489.0,6493.25,6483.75,6484.0,39400
1755122400,6485.0,6489.0,6479.75,6488.25,0
1755126000,6488.25,6490.5,6486.25,6487.25,3425
1755129600,6487.5,6489.25,6484.5,6484.75,5332
1755133200,6484.75,6485.5,6481.25,6484.0,5129
1755136800,6484.25,6486.25,6483.0,6486.0,2688
1755140400,6486.25,6486.75,6482.25,6483.0,2425
1755144000,6484.0,6486.0,6482.0,6485.5,2138
1755147600,6485.5,6485.5,6478.0,6480.0,4527
1755151200,6479.75,6480.75,6477.0,6479.5,5737
1755154800,6479.5,6485.0,6479.5,6485.0,8118
1755158400,6484.75,6488.0,6484.0,6485.0,5879
1755162000,6484.75,6488.75,6483.5,6487.0,5240
1755165600,6486.75,6488.0,6483.5,6485.25,4784
1755169200,6485.0,6491.25,6484.0,6490.75,7271
1755172800,6490.75,6491.75,6453.25,6465.75,72973
1755176400,6465.25,6482.0,6460.0,6479.5,166662
1755180000,6479.75,6495.25,6476.25,6487.0,163372
1755183600,6486.75,6487.5,6469.0,6479.75,153642
1755187200,6479.75,6482.25,6465.5,6481.0,108910
1755190800,6481.25,6490.25,6480.25,6486.75,89217
1755194400,6486.75,6489.0,6478.5,6485.5,92277
1755198000,6485.75,6496.0,6484.25,6488.75,162597
1755201600,6489.0,6491.25,6481.5,6489.75,66403
1755208800,6489.25,6492.75,6486.75,6492.5,0
1755212400,6492.5,6494.75,6490.25,6490.5,2947
1755216000,6490.75,6496.0,6487.5,6492.75,5053
1755219600,6492.5,6500.0,6492.0,6498.0,5411
1755223200,6498.0,6501.5,6498.0,6500.0,5671
1755226800,6499.75,6501.5,6498.0,6501.25,3574
1755230400,6504.25,6505.75,6501.75,6503.75,4005
1755234000,6503.75,6506.75,6502.25,6505.75,3847
1755237600,6505.75,6508.75,6504.0,6506.0,6897
1755241200,6506.25,6508.25,6503.25,6505.25,8151
1755244800,6505.25,6507.5,6494.0,6494.75,10874
1755248400,6494.5,6497.25,6491.75,6491.75,7900
1755252000,6492.0,6501.0,6490.0,6499.5,11589
1755255600,6499.5,6502.25,6498.75,6499.5,8055
1755259200,6499.75,6500.5,6492.0,6498.5,28560
1755262800,6498.25,6500.5,6473.5,6477.25,173042
1755266400,6477.0,6483.25,6468.25,6472.5,148470
1755270000,6472.5,6479.5,6461.5,6470.75,137270
1755273600,6470.5,6479.5,6467.25,6477.5,91270
1755277200,6477.25,6485.0,6474.0,6484.25,73323
1755280800,6484.5,6485.5,6474.75,6479.25,87226
1755284400,6479.25,6479.5,6467.75,6471.5,187723
1755288000,6471.5,6472.25,6464.0,6471.5,43979
1755468000,6467.0,6480.0,6466.25,6479.25,6106
1755471600,6479.25,6482.75,6477.75,6480.5,3464
1755475200,6480.5,6483.0,6479.5,6480.25,4785
1755478800,6480.25,6484.25,6479.5,6484.0,4055
1755482400,6484.0,6484.0,6481.25,6482.5,2354
1755486000,6482.5,6483.75,6479.75,6481.5,2436
1755489600,6480.25,6481.0,6478.0,6478.5,2539
1755493200,6478.25,6480.0,6477.0,6478.5,2950
1755496800,6478.25,6479.75,6461.25,6466.25,9669
1755500400,6466.5,6468.75,6459.0,6465.25,10464
1755504000,6465.25,6467.75,6456.75,6464.25,11810
1755507600,6464.5,6464.75,6456.0,6459.5,8058
1755511200,6459.75,6466.5,6459.25,6465.25,6663
1755514800,6465.25,6466.25,6461.25,6464.5,7688
1755518400,6464.5,6467.25,6461.0,6466.5,12073
1755522000,6466.5,6474.0,6461.0,6462.75,109337
1755525600,6462.75,6475.25,6458.5,6468.25,144335
1755529200,6468.0,6470.5,6460.75,6463.25,79050
1755532800,6463.0,6469.75,6457.25,6460.75,77672
1755536400,6460.75,6474.25,6460.5,6463.5,82120
1755540000,6463.75,6471.75,6460.0,6470.5,70285
1755543600,6470.25,6474.75,6466.5,6468.75,137850
1755547200,6469.0,6470.75,6466.0,6467.0,32074
1755554400,6468.5,6477.5,6467.75,6474.5,0
1755558000,6474.25,6475.25,6470.25,6471.5,2302
1755561600,6471.5,6471.75,6462.0,6465.75,6459
1755565200,6466.0,6469.0,6463.75,6463.75,3957
1755568800,6463.75,6466.25,6460.5,6460.75,3898
1755572400,6460.75,6466.0,6459.25,6460.25,4050
1755576000,6458.75,6460.0,6456.75,6459.0,3388
1755579600,6459.25,6460.5,6454.0,6455.25,4032
1755583200,6455.0,6460.75,6454.75,6459.5,4233
1755586800,6459.5,6461.75,6458.25,6460.25,6073
1755590400,6460.25,6465.5,6458.0,6465.25,5802
1755594000,6465.25,6469.0,6464.25,6465.75,5617
1755597600,6466.0,6466.0,6459.5,6461.5,9427
1755601200,6461.25,6467.75,6461.0,6467.25,9027
1755604800,6467.0,6468.75,6462.5,6463.25,15413
1755608400,6464.25,6469.5,6454.75,6463.75,131833
1755612000,6463.75,6476.25,6446.5,6446.75,247288
1755615600,6446.75,6453.75,6439.0,6442.25,143496
1755619200,6442.0,6446.0,6427.75,6431.25,130213
1755622800,6431.25,6435.75,6422.5,6432.75,107304
1755626400,6432.75,6433.5,6421.25,6425.75,84938
1755630000,6426.0,6434.25,6419.25,6432.5,190302
1755633600,6432.75,6436.5,6432.5,6435.0,44347
1755640800,6433.0,6438.0,6429.75,6432.25,0
1755644400,6432.25,6434.25,6424.25,6427.25,6568
1755648000,6427.5,6427.5,6422.25,6425.0,7270
1755651600,6424.75,6427.5,6417.75,6418.5,11370
1755655200,6418.5,6420.75,6415.5,6419.5,5379
1755658800,6419.5,6420.25,6409.25,6410.75,7499
1755662400,6412.5,6415.75,6411.25,6413.0,4352
1755666000,6412.75,6416.25,6409.0,6415.5,5197
1755669600,6415.5,6419.25,6411.25,6417.75,7710
1755673200,6417.75,6425.5,6417.25,6419.75,10158
1755676800,6420.0,6422.0,6412.5,6419.5,10721
1755680400,6419.75,6425.5,6417.75,6424.0,8648
1755684000,6424.25,6427.75,6420.75,6425.25,7602
1755687600,6425.0,6429.75,6418.5,6424.25,13816
1755691200,6424.25,6429.75,6421.5,6427.0,22033
1755694800,6427.0,6430.75,6383.0,6387.5,215021
1755698400,6387.25,6396.5,6362.75,6367.25,301669
1755702000,6367.5,6402.75,6365.25,6385.0,228988
1755705600,6385.0,6408.5,6384.5,6397.0,134295
1755709200,6396.75,6413.25,6395.0,6406.0,116176
1755712800,6406.0,6407.25,6385.5,6400.5,140715
1755716400,6400.5,6424.25,6400.25,6416.5,163801
1755720000,6413.5,6415.0,6411.0,6414.5,93135
1755727200,6414.25,6417.75,6410.0,6411.5,0
1755730800,6411.25,6412.75,6408.0,6411.25,3458
1755734400,6411.0,6411.5,6401.25,6405.5,6962
1755738000,6405.25,6416.75,6401.0,6416.25,6860
1755741600,6416.0,6419.0,6413.75,6417.25,5327
1755745200,6417.5,6418.75,6413.75,6414.5,2598
1755748800,6412.75,6414.5,6411.25,6412.0,2641
1755752400,6412.25,6414.0,6406.5,6413.25,4198
1755756000,6413.5,6418.75,6412.25,6416.25,4612
1755759600,6416.0,6417.0,6409.5,6413.0,8744
1755763200,6413.0,6416.75,6403.0,6403.25,9142
1755766800,6403.25,6408.25,6401.25,6403.75,7337
1755770400,6403.75,6404.5,6395.0,6403.0,10626
1755774000,6402.75,6408.25,6394.25,6397.75,15601
1755777600,6397.75,6398.0,6384.75,6387.0,29109
1755781200,6386.75,6397.75,6375.5,6384.0,179934
1755784800,6384.0,6412.25,6378.5,6404.25,196367
1755788400,6404.0,6408.5,6385.25,6388.25,159308
1755792000,6388.0,6392.75,6378.75,6381.0,115377
1755795600,6381.0,6394.5,6370.25,6391.5,112421
1755799200,6391.5,6395.25,6383.0,6393.75,82165
1755802800,6393.5,6397.5,6383.0,6388.5,155687
1755806400,6388.25,6392.25,6386.25,6390.75,31784
1755813600,6392.0,6397.5,6391.5,6396.75,0
1755817200,6396.5,6398.5,6394.25,6398.25,3298
1755820800,6398.0,6399.25,6385.25,6391.5,9117
1755824400,6391.5,6393.0,6387.75,6389.5,4732
1755828000,6390.0,6394.75,6388.75,6389.0,4979
1755831600,6389.0,6389.5,6385.5,6386.25,3140
1755835200,6388.0,6390.5,6387.5,6389.0,2115
1755838800,6389.0,6389.75,6382.75,6385.25,3485
1755842400,6385.25,6385.25,6364.0,6376.75,12413
1755846000,6376.75,6391.5,6375.0,6390.5,10015
1755849600,6390.25,6402.75,6388.75,6402.0,13252
1755853200,6402.0,6402.5,6398.75,6402.0,7361
1755856800,6402.25,6406.0,6401.25,6404.0,7780
1755860400,6404.0,6406.0,6398.0,6400.0,9024
1755864000,6399.75,6405.75,6399.25,6400.25,15977
1755867600,6400.25,6427.75,6399.25,6414.25,147629
1755871200,6414.5,6492.75,6414.5,6487.25,400053
1755874800,6487.5,6496.25,6484.0,6485.0,142835
1755878400,6485.25,6490.0,6473.75,6478.0,106276
1755882000,6477.75,6495.0,6477.75,6489.0,96280
1755885600,6489.0,6491.5,6483.75,6485.75,76607
1755889200,6485.75,6487.75,6474.0,6483.25,225819
1755892800,6483.25,6486.75,6480.0,6483.25,47370
1756072800,6493.0,6494.0,6479.0,6483.25,6368
1756076400,6483.25,6486.75,6480.75,6483.0,4251
1756080000,6483.25,6487.25,6477.75,6479.5,6700
1756083600,6479.25,6480.0,6474.5,6474.5,4989
1756087200,6474.5,6477.0,6471.75,6472.0,5915
1756090800,6471.75,6478.0,6471.5,6477.5,5198
1756094400,6477.5,6480.0,6476.75,6479.25,5113
1756098000,6479.25,6482.0,6478.25,6481.75,3888
1756101600,6481.75,6482.5,6473.25,6474.0,8228
1756105200,6474.25,6476.0,6471.75,6474.0,10675
1756108800,6474.0,6475.75,6470.75,6471.0,7849
1756112400,6471.25,6471.5,6467.0,6470.0,7696
1756116000,6470.0,6470.0,6462.5,6463.75,8468
1756119600,6463.75,6469.5,6462.75,6468.25,7486
1756123200,6468.0,6468.0,6460.75,6464.25,16793
1756126800,6464.5,6473.5,6463.75,6473.25,129663
1756130400,6473.0,6476.75,6466.75,6474.0,138869
1756134000,6473.75,6480.25,6471.75,6479.25,93412
1756137600,6479.25,6482.75,6477.5,6479.75,56432
1756141200,6479.5,6480.0,6469.75,6474.75,80042
1756144800,6474.5,6475.25,6468.5,6468.75,66052
1756148400,6469.0,6471.0,6453.25,6454.5,177397
1756152000,6454.75,6461.25,6453.0,6459.5,49714
1756159200,6460.25,6463.75,6458.5,6462.0,0
1756162800,6462.0,6463.0,6457.75,6460.0,3767
1756166400,6459.75,6463.25,6430.75,6441.25,40203
1756170000,6441.5,6449.75,6437.75,6441.75,11360
1756173600,6441.75,6453.0,6441.75,6446.5,6415
1756177200,6446.5,6448.25,6444.5,6447.0,3359
1756180800,6447.75,6448.75,6444.75,6447.75,2595
1756184400,6448.0,6454.75,6448.0,6453.25,4539
1756188000,6452.75,6454.25,6445.25,6447.0,7804
1756191600,6446.75,6447.5,6435.0,6442.25,16417
1756195200,6442.25,6448.75,6441.5,6446.25,8500
1756198800,6446.0,6450.5,6444.25,6449.5,6480
1756202400,6449.5,6453.5,6449.0,6451.75,8450
1756206000,6451.75,6452.75,6444.0,6449.25,10162
1756209600,6449.0,6452.0,6443.0,6450.75,18117
1756213200,6450.75,6457.5,6444.5,6454.0,131464
1756216800,6454.25,6461.75,6452.75,6456.0,132930
1756220400,6456.0,6458.0,6452.0,6456.5,85016
1756224000,6456.5,6464.75,6456.5,6462.25,72461
1756227600,6462.25,6465.25,6453.5,6457.75,75463
1756231200,6457.75,6469.5,6456.75,6468.25,71998
1756234800,6468.5,6485.0,6465.5,6480.75,271956
1756238400,6480.75,6487.5,6479.25,6487.0,53416
1756245600,6486.75,6488.75,6485.0,6486.75,0
1756249200,6487.0,6488.25,6485.75,6486.25,2269
1756252800,6486.5,6487.0,6483.25,6484.0,4465
1756256400,6484.0,6489.0,6483.75,6488.5,4413
1756260000,6488.75,6489.25,6486.0,6486.5,2600
1756263600,6486.5,6488.5,6486.25,6487.5,1942
1756267200,6486.5,6488.5,6486.25,6487.25,1810
1756270800,6487.25,6487.5,6483.0,6484.0,3059
1756274400,6484.0,6487.5,6483.25,6484.25,5371
1756278000,6484.5,6487.75,6478.5,6482.5,11475
1756281600,6482.75,6484.5,6478.0,6482.25,8200
1756285200,6482.25,6486.5,6481.5,6484.75,5485
1756288800,6485.0,6486.5,6484.0,6485.0,4196
1756292400,6484.75,6487.75,6483.5,6486.0,6104
1756296000,6486.0,6488.5,6477.75,6480.75,20427
1756299600,6480.5,6483.75,6472.25,6482.0,127364
1756303200,6482.0,6492.75,6481.0,6490.5,129480
1756306800,6490.5,6495.5,6487.5,6494.25,82818
1756310400,6494.25,6494.75,6482.0,6491.5,97941
1756314000,6491.5,6496.75,6488.75,6496.25,49431
1756317600,6496.25,6502.25,6494.25,6498.75,67466
1756321200,6499.0,6502.5,6486.5,6494.25,181330
1756324800,6494.5,6505.5,6459.25,6485.25,94884
1756332000,6485.0,6486.25,6474.25,6478.0,0
1756335600,6477.75,6479.5,6474.5,6476.0,4172
1756339200,6475.75,6480.0,6471.0,6479.0,8569
1756342800,6479.25,6487.5,6478.5,6486.5,6333
1756346400,6486.5,6489.75,6485.75,6487.75,4562
1756350000,6487.75,6493.75,6487.25,6493.0,4575
1756353600,6488.75,6491.0,6487.5,6488.25,2634
1756357200,6488.0,6490.0,6485.0,6485.5,2616
1756360800,6485.75,6499.75,6485.0,6497.0,8461
1756364400,6497.25,6504.25,6496.75,6504.25,10861
1756368000,6504.25,6506.75,6498.75,6499.0,11320
1756371600,6499.0,6501.75,6496.25,6497.75,5834
1756375200,6498.0,6499.5,6492.0,6495.75,7188
1756378800,6495.25,6497.75,6490.5,6497.25,10678
1756382400,6497.25,6503.25,6492.0,6498.75,29601
1756386000,6498.75,6508.5,6480.75,6487.0,188764
1756389600,6486.75,6499.5,6483.25,6496.5,167288
1756393200,6496.75,6504.25,6488.5,6498.0,130550
1756396800,6498.0,6513.0,6497.0,6504.25,105874
1756400400,6504.5,6513.0,6502.25,6511.75,65148
1756404000,6511.5,6518.5,6511.0,6517.75,72083
1756407600,6517.5,6523.0,6515.25,6517.0,193227
1756411200,6517.0,6519.25,6514.0,6516.25,53664
1756418400,6516.0,6518.0,6511.5,6513.0,0
1756422000,6512.75,6515.25,6511.75,6514.25,2668
1756425600,6514.0,6516.75,6512.5,6514.25,4272
1756429200,6514.25,6515.5,6511.5,6512.25,3715
1756432800,6512.0,6512.25,6509.75,6511.0,3090
1756436400,6511.0,6514.5,6511.0,6511.75,2777
1756440000,6510.75,6511.5,6509.5,6509.75,1693
1756443600,6510.0,6511.5,6509.0,6511.25,2396
1756447200,6511.5,6513.0,6508.5,6508.75,4479
1756450800,6508.75,6512.0,6502.75,6503.0,9744
1756454400,6503.0,6504.5,6492.0,6492.75,16056
1756458000,6493.0,6497.75,6488.75,6495.75,9598
1756461600,6496.0,6498.25,6492.25,6495.0,7937
1756465200,6494.75,6498.25,6494.0,6495.75,8377
1756468800,6495.5,6505.75,6491.75,6501.25,30989
1756472400,6501.0,6504.0,6477.0,6478.75,181959
1756476000,6476.25,6477.75,6455.5,6462.5,296551
1756479600,6462.25,6472.0,6461.0,6462.25,121785
1756483200,6462.0,6474.75,6461.75,6471.25,74347
1756486800,6471.25,6474.5,6458.5,6470.75,92824
1756490400,6470.5,6471.75,6465.75,6469.25,64642
1756494000,6469.0,6476.0,6462.25,6475.25,264676
1756497600,6475.25,6479.25,6470.75,6474.0,65733
1756785600,6469.25,6471.25,6467.25,6469.5,83122
1756789200,6469.5,6469.75,6463.0,6464.0,3743
1756792800,6464.25,6471.75,6463.25,6471.5,4824
1756796400,6471.5,6472.5,6427.75,6430.0,32074
1756800000,6430.25,6446.0,6428.25,6441.75,20283
1756803600,6441.75,6444.5,6437.5,6438.0,9265
1756807200,6438.0,6441.0,6421.0,6426.5,17817
1756810800,6426.75,6428.0,6420.75,6422.25,19630
1756814400,6422.25,6422.25,6387.25,6396.0,78397
1756818000,6396.0,6416.5,6383.25,6414.5,235634
1756821600,6414.0,6425.0,6395.0,6399.25,240499
1756825200,6399.25,6402.5,6371.75,6374.75,188791
1756828800,6374.5,6392.5,6372.5,6392.25,131957
1756832400,6392.5,6413.75,6388.0,6406.75,150740
1756836000,6406.75,6412.5,6396.0,6403.75,115552
1756839600,6403.75,6427.25,6403.5,6426.0,243929
1756843200,6426.25,6447.5,6424.25,6447.25,96561
1756850400,6448.0,6448.0,6435.75,6437.0,0
1756854000,6437.0,6438.0,6433.5,6435.0,5973
1756857600,6434.75,6435.5,6432.0,6434.5,6973
1756861200,6434.25,6434.75,6429.5,6433.5,5422
1756864800,6433.25,6434.0,6428.75,6430.5,4003
1756868400,6430.5,6433.0,6426.25,6430.0,5304
1756872000,6430.5,6432.0,6428.75,6431.0,2839
1756875600,6431.0,6431.25,6425.5,6426.75,5578
1756879200,6426.75,6437.5,6426.0,6434.0,15770
1756882800,6434.0,6444.0,6428.0,6442.5,18117
1756886400,6442.5,6454.0,6441.0,6451.75,20423
1756890000,6451.75,6457.5,6447.25,6455.25,9865
1756893600,6455.25,6458.25,6452.75,6457.25,8427
1756897200,6457.0,6460.25,6448.5,6449.75,18211
1756900800,6449.75,6456.0,6444.25,6445.75,25614
1756904400,6445.75,6454.5,6440.25,6441.5,175198
1756908000,6441.25,6463.75,6438.75,6461.0,212536
1756911600,6461.75,6464.25,6443.0,6445.5,183309
1756915200,6445.5,6453.25,6436.0,6440.0,129338
1756918800,6440.0,6450.5,6428.0,6431.75,123458
1756922400,6431.75,6434.75,6426.5,6431.0,107052
1756926000,6430.75,6459.25,6427.75,6458.5,222251
1756929600,6458.5,6462.75,6457.75,6460.5,75309
1756936800,6460.0,6460.5,6454.75,6455.0,0
1756940400,6455.25,6459.5,6454.5,6455.75,2775
1756944000,6455.75,6471.25,6454.5,6467.25,10376
1756947600,6467.25,6469.25,6463.0,6465.25,5842
1756951200,6465.5,6472.25,6461.25,6462.5,5868
1756954800,6462.5,6463.75,6458.5,6460.25,4191
1756958400,6463.25,6466.75,6463.0,6466.0,3407
1756962000,6465.75,6469.0,6460.5,6462.25,4458
1756965600,6462.25,6466.0,6459.0,6459.25,7107
1756969200,6459.25,6467.75,6458.5,6466.0,11544
1756972800,6466.25,6469.25,6463.5,6466.5,8408
1756976400,6466.5,6470.25,6465.5,6470.0,5376
1756980000,6470.0,6473.75,6467.25,6469.5,11473
1756983600,6469.25,6472.25,6462.75,6465.5,9860
1756987200,6465.75,6471.75,6461.5,6465.25,19431
1756990800,6465.0,6474.75,6461.25,6470.25,139819
1756994400,6470.5,6479.25,6456.25,6477.75,209974
1756998000,6478.0,6487.75,6474.75,6483.25,132371
1757001600,6483.25,6487.25,6479.5,6481.0,79835
1757005200,6481.0,6496.25,6480.75,6493.0,92888
1757008800,6493.0,6498.25,6492.25,6498.0,69624
1757012400,6497.75,6512.75,6497.5,6511.25,218869
1757016000,6511.25,6516.75,6508.5,6512.5,68721
1757023200,6515.75,6517.75,6513.0,6516.5,0
1757026800,6516.25,6518.0,6515.0,6515.75,3323
1757030400,6515.75,6519.75,6514.5,6519.5,5130
1757034000,6519.5,6521.0,6518.0,6519.75,3437
1757037600,6519.5,6520.75,6517.5,6519.5,2790
1757041200,6519.5,6520.25,6518.0,6520.0,2016
1757044800,6521.0,6522.5,6520.5,6520.5,2458
1757048400,6520.5,6527.75,6519.75,6525.25,4554
1757052000,6525.5,6531.0,6524.5,6526.5,8790
1757055600,6526.5,6528.0,6520.75,6522.25,12536
1757059200,6522.25,6527.5,6520.75,6526.25,8152
1757062800,6526.5,6526.75,6522.75,6523.25,7133
1757066400,6523.25,6525.5,6521.25,6522.75,6753
1757070000,6522.5,6526.5,6517.25,6517.5,10896
1757073600,6517.5,6535.75,6502.5,6535.5,82422
1757077200,6535.75,6541.75,6524.75,6530.0,204311
1757080800,6530.0,6530.25,6459.5,6460.25,425238
1757084400,6460.25,6488.0,6452.0,6475.75,247551
1757088000,6475.5,6486.25,6471.0,6483.5,124724
1757091600,6483.5,6484.25,6464.75,6470.25,111743
1757095200,6470.25,6482.0,6467.5,6481.75,85420
1757098800,6482.0,6493.0,6477.75,6490.75,232457
1757102400,6490.75,6491.5,6485.25,6488.75,45178
1757282400,6483.75,6502.5,6480.25,6498.75,13516
1757286000,6498.75,6506.0,6498.25,6505.0,6969
1757289600,6505.0,6507.5,6500.0,6500.25,7861
1757293200,6500.25,6503.75,6499.25,6501.5,5188
1757296800,6501.75,6502.0,6495.25,6496.75,3888
1757300400,6496.5,6501.5,6496.5,6499.75,4393
1757304000,6499.25,6499.5,6493.75,6494.75,3529
1757307600,6494.75,6498.5,6493.75,6494.0,3231
1757311200,6493.75,6501.5,6493.75,6498.5,9394
1757314800,6498.75,6507.0,6497.75,6500.25,10869
1757318400,6500.25,6505.25,6498.75,6503.5,8068
1757322000,6503.5,6506.75,6500.5,6506.0,5601
1757325600,6506.0,6508.25,6504.75,6505.0,6769
1757329200,6505.0,6507.0,6500.5,6501.0,9028
1757332800,6501.0,6505.5,6496.75,6504.75,17895
1757336400,6505.0,6509.0,6498.5,6501.75,159311
1757340000,6501.75,6516.0,6495.25,6512.0,169461
1757343600,6511.75,6516.5,6502.75,6512.0,132673
1757347200,6512.0,6512.0,6495.75,6503.5,123010
1757350800,6503.5,6505.75,6490.25,6493.75,91957
1757354400,6493.75,6503.75,6491.25,6500.25,85991
1757358000,6500.0,6508.0,6491.25,6507.0,201395
1757361600,6507.0,6508.5,6504.75,6507.0,40627
1757368800,6507.75,6513.5,6506.75,6513.0,0
1757372400,6513.25,6514.25,6509.25,6509.5,3424
1757376000,6509.75,6512.25,6507.75,6508.0,5580
1757379600,6508.0,6509.25,6504.0,6508.25,6058
1757383200,6508.25,6515.25,6508.25,6512.25,4959
1757386800,6512.25,6515.5,6512.0,6514.75,4169
1757390400,6514.0,6514.5,6512.0,6513.5,2684
1757394000,6513.5,6514.25,6508.5,6512.25,4090
1757397600,6512.25,6517.75,6511.5,6515.75,8486
1757401200,6515.75,6521.25,6513.75,6514.5,13179
1757404800,6514.75,6516.0,6511.0,6512.75,11309
1757408400,6512.75,6515.25,6511.0,6511.75,5469
1757412000,6511.75,6514.5,6510.0,6511.75,4654
1757415600,6511.5,6514.5,6507.0,6513.75,8504
1757419200,6513.5,6515.0,6510.5,6511.75,13277
1757422800,6511.5,6512.75,6502.0,6507.5,137912
1757426400,6507.5,6515.0,6489.25,6500.5,241936
1757430000,6500.25,6505.5,6495.0,6499.75,136549
1757433600,6499.75,6509.5,6498.75,6507.75,91286
1757437200,6507.75,6517.25,6507.25,6515.25,108313
1757440800,6515.5,6518.5,6513.0,6516.0,81335
1757444400,6516.0,6526.25,6513.0,6521.0,172190
1757448000,6521.25,6536.25,6516.75,6530.25,65741
1757455200,6532.25,6537.25,6531.0,6533.75,0
1757458800,6534.0,6534.0,6526.75,6529.75,8632
1757462400,6529.75,6534.0,6529.0,6531.25,5670
1757466000,6531.25,6537.0,6529.75,6535.5,6298
1757469600,6535.5,6537.0,6533.5,6536.25,4544
1757473200,6536.0,6537.75,6535.75,6537.25,2852
1757476800,6537.75,6539.5,6537.25,6539.5,3935
1757480400,6539.25,6539.75,6536.5,6538.0,4937
1757484000,6538.0,6541.5,6535.5,6539.5,8488
1757487600,6539.5,6543.75,6537.75,6541.0,12562
1757491200,6541.0,6541.75,6531.0,6532.75,11014
1757494800,6532.75,6536.0,6529.5,6535.75,8996
1757498400,6536.0,6540.0,6534.5,6540.0,8914
1757502000,6540.0,6545.5,6539.5,6543.5,13600
1757505600,6543.5,6565.25,6538.75,6554.75,63567
1757509200,6554.75,6559.25,6543.75,6552.75,195338
1757512800,6552.5,6562.25,6549.5,6550.75,193256
1757516400,6550.75,6553.0,6540.0,6549.5,169138
1757520000,6549.75,6550.75,6538.0,6546.0,103966
1757523600,6546.0,6551.0,6535.75,6540.0,111363
1757527200,6539.75,6540.75,6530.25,6536.5,109553
1757530800,6536.25,6543.5,6522.5,6539.0,235560
1757534400,6539.0,6541.25,6536.0,6536.75,42611
1757541600,6535.75,6547.5,6535.5,6544.0,0
1757545200,6544.25,6548.0,6542.75,6545.5,4381
1757548800,6545.5,6547.5,6539.5,6545.75,5328
1757552400,6545.75,6547.75,6544.25,6546.5,4381
1757556000,6546.5,6547.5,6544.0,6545.75,2965
1757559600,6545.75,6547.25,6545.25,6545.75,2195
1757563200,6546.5,6546.5,6539.5,6539.5,3529
1757566800,6539.75,6542.75,6537.25,6540.5,4067
1757570400,6540.5,6549.0,6539.0,6547.5,6382
1757574000,6547.75,6549.5,6544.5,6548.75,8518
1757577600,6548.75,6551.25,6546.5,6547.5,7465
1757581200,6547.5,6549.25,6546.25,6547.75,4821
1757584800,6548.0,6553.5,6547.25,6552.75,6681
1757588400,6552.75,6555.25,6551.75,6553.25,10131
1757592000,6553.0,6562.25,6535.5,6558.0,77350
1757595600,6557.75,6572.5,6552.0,6572.0,175781
1757599200,6572.0,6586.5,6570.0,6583.0,215368
1757602800,6582.75,6595.0,6581.75,6588.75,147822
1757606400,6588.75,6593.75,6585.0,6588.0,95310
1757610000,6588.0,6592.5,6585.0,6592.0,81555
1757613600,6592.0,6594.0,6588.0,6592.0,91356
1757617200,6591.75,6600.0,6590.25,6592.0,206371
1757620800,6592.25,6594.25,6590.25,6591.75,45592
1757628000,6596.25,6596.25,6590.25,6592.0,0
1757631600,6592.25,6594.75,6591.0,6593.0,2613
1757635200,6593.0,6593.25,6590.5,6591.0,4718
1757638800,6591.25,6592.0,6587.5,6587.75,4882
1757642400,6588.0,6590.0,6586.25,6589.0,4809
1757646000,6589.0,6591.0,6588.25,6590.5,2815
1757649600,6591.5,6593.5,6591.0,6591.5,2732
1757653200,6591.5,6594.25,6591.0,6593.25,4946
1757656800,6593.25,6593.5,6585.25,6589.25,9332
1757660400,6589.0,6591.25,6584.0,6584.75,14763
1757664000,6584.75,6586.25,6576.0,6583.25,16712
1757667600,6583.0,6585.25,6581.75,6583.5,7789
1757671200,6583.5,6586.5,6582.75,6586.25,8187
1757674800,6586.25,6589.5,6583.0,6589.25,12190
1757678400,6589.25,6591.0,6584.5,6590.5,31752
1757682000,6590.5,6594.5,6585.0,6593.0,171599
1757685600,6593.5,6598.75,6586.75,6597.75,214781
1757689200,6597.75,6598.0,6585.75,6589.75,170425
1757692800,6589.75,6595.75,6586.5,6594.25,142831
1757696400,6594.5,6598.5,6591.75,6597.25,128950
1757700000,6597.5,6606.0,6596.0,6602.0,140372
1757703600,6602.25,6603.5,6583.0,6587.5,334212
1757707200,6587.75,6590.0,6585.5,6588.5,53852
1757887200,6588.25,6592.5,6586.25,6591.5,2535
1757890800,6591.5,6592.25,6586.75,6588.0,1806
1757894400,6588.25,6589.5,6585.25,6588.5,3635
1757898000,6588.75,6591.5,6588.5,6591.0,2008
1757901600,6590.75,6592.25,6589.5,6592.0,3143
1757905200,6592.0,6593.75,6591.5,6592.25,3572
1757908800,6592.25,6594.0,6592.25,6594.0,2117
1757912400,6593.75,6596.5,6592.0,6595.75,2991
1757916000,6595.75,6599.25,6594.5,6598.5,6135
1757919600,6598.25,6600.0,6596.75,6598.5,18497
1757923200,6598.5,6598.75,6586.25,6594.25,34429
1757926800,6594.0,6595.0,6591.0,6594.5,15996
1757930400,6594.5,6599.0,6593.75,6598.5,18475
1757934000,6598.75,6602.5,6598.25,6602.0,18084
1757937600,6602.0,6609.75,6601.25,6609.5,51199
1757941200,6609.5,6619.75,6606.75,6619.5,181215
1757944800,6619.25,6623.0,6612.75,6622.5,240051
1757948400,6622.5,6623.5,6615.0,6619.0,193668
1757952000,6619.0,6621.75,6613.25,6613.75,140385
1757955600,6613.75,6619.5,6607.75,6619.0,137122
1757959200,6618.75,6619.0,6605.5,6612.75,130779
1757962800,6612.5,6622.75,6609.75,6621.75,188433
1757966400,6621.75,6622.5,6616.0,6616.75,33614
1757973600,6616.25,6617.5,6614.25,6614.25,0
1757980800,6618.75,6619.0,6618.25,6618.75,5988
1757984400,6619.0,6621.5,6618.0,6619.75,2171
1757988000,6620.0,6625.75,6620.0,6623.0,2562
1757991600,6623.25,6627.75,6623.0,6627.25,1942
1757995200,6626.75,6627.25,6626.0,6626.0,1262
1757998800,6626.75,6631.75,6626.5,6629.25,2280
1758002400,6629.25,6631.0,6625.5,6625.75,3468
1758006000,6625.75,6630.5,6625.25,6630.25,10428
1758009600,6630.0,6639.0,6629.75,6636.75,21068
1758013200,6637.0,6638.25,6632.5,6634.25,17836
1758016800,6634.5,6634.75,6632.75,6633.5,21212
1758020400,6633.5,6633.5,6629.75,6631.5,23726
1758024000,6631.75,6632.0,6624.0,6626.75,21717
1758027600,6626.75,6630.25,6612.5,6615.25,121034
1758031200,6615.0,6617.5,6608.25,6610.75,114817
1758034800,6611.0,6613.5,6604.25,6609.0,98721
1758038400,6608.75,6613.25,6607.0,6611.75,59531
1758042000,6611.75,6616.75,6611.5,6614.25,50080
1758045600,6614.0,6676.25,6612.5,6618.5,56626
1758049200,6618.25,6679.25,6610.5,6668.5,828398
1758052800,6668.25,6673.5,6667.75,6669.75,45462
1758060000,6669.5,6674.5,6668.0,6673.25,0
1758063600,6673.5,6674.25,6667.5,6672.25,2098
1758067200,6672.25,6674.25,6616.5,6672.0,4518
1758070800,6672.0,6672.75,6667.75,6668.0,4074
1758074400,6668.0,6668.75,6664.5,6666.5,4186
1758078000,6666.5,6666.75,6665.0,6665.0,2319
1758081600,6666.0,6666.75,6663.75,6665.5,2360
1758085200,6665.5,6666.5,6662.25,6665.25,3652
1758088800,6665.25,6669.25,6611.25,6668.5,6007
1758092400,6668.5,6673.0,6666.25,6671.5,13774
1758096000,6671.25,6671.75,6653.75,6665.5,30146
1758099600,6665.75,6669.5,6665.0,6666.75,15529
1758103200,6666.5,6668.0,6660.5,6662.0,11989
1758106800,6662.25,6665.75,6659.75,6662.75,16864
1758110400,6663.0,6668.25,6661.75,6667.75,24713
1758114000,6667.75,6675.75,6608.5,6667.5,163227
1758117600,6667.5,6668.5,6659.0,6661.75,169632
1758121200,6661.75,6665.25,6657.0,6661.25,113833
1758124800,6661.25,6662.25,6650.0,6652.0,109363
1758128400,6651.75,6667.0,6651.75,6665.5,77530
1758132000,6665.5,6686.5,6611.0,6645.75,448094
1758135600,6645.75,6676.0,6643.25,6660.25,371081
1758139200,6660.25,6669.25,6660.0,6665.75,48275
1758146400,6664.5,6682.75,6664.0,6681.0,0
1758150000,6681.25,6684.5,6680.75,6683.25,8377
1758153600,6683.25,6683.25,6623.25,6678.0,8154
1758157200,6677.75,6684.0,6677.5,6683.25,7880
1758160800,6683.5,6687.75,6681.75,6687.5,7453
1758164400,6687.25,6691.5,6687.25,6690.75,8011
1758168000,6688.75,6693.5,6688.75,6692.75,5201
1758171600,6692.5,6693.5,6684.75,6686.75,6859
1758175200,6686.5,6690.0,6624.25,6689.5,10763
1758178800,6689.5,6701.5,6688.25,6699.5,20114
1758182400,6699.5,6719.0,6698.25,6718.0,28539
1758186000,6718.0,6719.75,6714.0,6715.25,19079
1758189600,6715.25,6717.75,6707.5,6710.25,15074
1758193200,6710.5,6717.0,6706.25,6710.25,22320
1758196800,6710.25,6712.5,6692.75,6693.0,36161
1758200400,6693.25,6694.0,6629.5,6688.75,246594
1758204000,6688.75,6718.0,6688.0,6695.75,253641
1758207600,6696.0,6708.5,6640.25,6694.0,166069
1758211200,6694.0,6710.5,6691.0,6709.0,101249
1758214800,6709.0,6711.0,6693.5,6696.0,123208
1758218400,6696.25,6704.0,6691.5,6701.25,98716
1758222000,6701.25,6703.5,6688.25,6692.25,215071
1758225600,6692.25,6700.25,6691.0,6698.75,56973
1758232800,6700.0,6705.0,6697.25,6703.5,0
1758236400,6703.75,6705.5,6702.5,6703.0,3473
1758240000,6703.25,6705.75,6693.5,6696.5,7704
1758243600,6696.5,6701.0,6695.25,6699.25,5453
1758247200,6699.25,6700.5,6694.25,6696.5,4541
1758250800,6696.5,6703.0,6695.75,6697.25,5753
1758254400,6694.5,6699.25,6690.5,6698.75,6155
1758258000,6698.75,6699.5,6690.75,6692.75,5797
1758261600,6693.0,6694.75,6684.0,6684.0,11989
1758265200,6684.0,6689.25,6679.5,6688.0,12504
1758268800,6688.0,6695.5,6687.25,6693.0,8237
1758272400,6692.75,6697.75,6692.25,6693.25,7839
1758276000,6693.25,6697.5,6691.25,6696.25,8264
1758279600,6696.0,6700.0,6693.5,6699.75,11102
1758283200,6699.75,6706.25,6698.75,6702.5,25626
1758286800,6702.75,6712.5,6650.5,6705.75,190569
1758290400,6705.75,6708.25,6693.25,6699.5,153864
1758294000,6699.5,6703.25,6687.25,6700.0,138614
1758297600,6699.75,6712.25,6699.5,6710.0,107763
1758301200,6710.0,6714.0,6706.75,6712.0,70825
1758304800,6711.75,6717.0,6708.5,6717.0,73449
1758308400,6716.75,6731.5,6716.25,6721.75,293533
1758312000,6721.75,6724.75,6718.0,6722.5,70350
1758492000,6716.0,6722.5,6712.25,6716.5,5998
1758495600,6716.5,6717.25,6714.0,6714.75,2615
1758499200,6714.75,6720.0,6710.5,6711.5,8073
1758502800,6711.5,6716.5,6710.75,6714.25,6509
1758506400,6714.25,6716.5,6713.75,6716.0,3271
1758510000,6715.75,6719.0,6713.75,6717.75,3693
1758513600,6718.0,6718.5,6715.5,6715.5,2448
1758517200,6715.75,6718.25,6714.75,6714.75,3237
1758520800,6715.0,6715.75,6709.25,6710.25,7677
1758524400,6710.5,6712.75,6695.25,6702.0,17527
1758528000,6702.25,6710.75,6701.25,6704.25,11892
1758531600,6704.5,6705.75,6699.25,6703.0,8145
1758535200,6702.75,6708.5,6700.75,6701.5,8225
1758538800,6701.5,6704.0,6699.0,6703.75,11040
1758542400,6703.5,6704.75,6698.5,6703.25,17854
1758546000,6703.0,6719.25,6700.0,6717.75,124808
1758549600,6718.0,6734.75,6715.5,6734.25,148697
1758553200,6734.0,6737.5,6728.5,6729.75,110943
1758556800,6729.75,6749.25,6729.5,6748.25,123519
1758560400,6748.0,6752.0,6745.25,6747.5,73472
1758564000,6747.5,6752.5,6744.5,6752.25,68725
1758567600,6752.0,6756.75,6751.0,6751.75,189869
1758571200,6751.5,6752.25,6744.75,6749.75,58467
1758578400,6749.5,6751.0,6745.75,6748.25,0
1758582000,6748.25,6752.5,6747.5,6751.0,3227
1758585600,6751.0,6752.5,6748.5,6749.75,4163
1758589200,6749.75,6753.25,6749.0,6750.5,3991
1758592800,6750.5,6752.5,6750.25,6750.5,2455
1758596400,6750.5,6752.5,6750.25,6751.5,2119
1758600000,6750.75,6751.0,6746.25,6747.5,3454
1758603600,6747.25,6754.0,6746.75,6750.5,4135
1758607200,6750.25,6753.75,6749.75,6753.25,4507
1758610800,6753.25,6753.25,6747.25,6749.75,14822
1758614400,6749.5,6754.75,6749.5,6750.5,12223
1758618000,6750.75,6753.25,6749.5,6752.5,5774
1758621600,6752.5,6753.0,6745.75,6749.25,8200
1758625200,6749.0,6751.75,6744.0,6751.0,9448
1758628800,6751.0,6752.75,6748.0,6751.75,15525
1758632400,6752.0,6756.5,6748.5,6751.75,120686
1758636000,6752.0,6755.5,6744.25,6745.75,138583
1758639600,6745.75,6747.5,6737.25,6738.0,105662
1758643200,6738.0,6741.25,6731.25,6734.0,119373
1758646800,6734.0,6735.25,6702.0,6714.0,218838
1758650400,6714.25,6715.75,6701.75,6703.0,136231
1758654000,6703.0,6718.5,6702.75,6715.75,226920
1758657600,6715.75,6718.75,6713.0,6716.5,46776
1758664800,6717.75,6722.5,6716.5,6719.75,0
1758668400,6719.75,6720.0,6717.25,6717.75,2147
1758672000,6717.75,6719.0,6711.75,6717.5,9638
1758675600,6717.5,6718.0,6712.75,6714.75,5141
1758679200,6714.5,6718.0,6713.5,6717.25,3275
1758682800,6717.25,6718.75,6717.0,6718.0,2291
1758686400,6718.75,6721.0,6718.0,6720.75,2134
1758690000,6720.75,6722.75,6719.5,6722.5,3438
1758693600,6722.75,6728.0,6722.0,6725.25,8098
1758697200,6725.5,6726.75,6715.5,6726.5,14292
1758700800,6726.75,6727.75,6722.25,6724.5,10075
1758704400,6724.25,6727.5,6724.0,6725.75,6354
1758708000,6726.0,6726.75,6721.5,6725.5,6892
1758711600,6725.5,6728.75,6722.5,6725.75,9449
1758715200,6725.5,6727.5,6723.5,6726.75,13027
1758718800,6726.75,6728.5,6706.0,6712.5,146474
1758722400,6712.5,6719.0,6708.5,6711.5,143498
1758726000,6711.5,6713.75,6683.75,6685.5,164636
1758729600,6685.5,6693.0,6678.0,6687.0,176015
1758733200,6687.25,6700.0,6685.25,6687.5,112396
1758736800,6687.25,6693.5,6681.25,6693.25,110223
1758740400,6693.0,6696.0,6687.0,6692.25,182687
1758744000,6692.0,6699.5,6692.0,6697.0,51568
1758751200,6697.25,6700.0,6694.5,6697.0,0
1758754800,6696.75,6698.75,6694.5,6698.5,2224
1758758400,6698.25,6703.0,6697.5,6702.25,5879
1758762000,6702.25,6705.25,6701.25,6703.25,4054
1758765600,6703.25,6705.0,6702.25,6704.5,2372
1758769200,6704.75,6704.75,6703.0,6704.75,1871
1758772800,6703.75,6704.0,6698.75,6700.0,3815
1758776400,6699.75,6700.5,6696.0,6698.25,4330
1758780000,6698.25,6699.5,6690.0,6691.5,6591
1758783600,6691.75,6696.0,6683.75,6693.25,12662
1758787200,6693.25,6697.5,6687.75,6690.0,10031
1758790800,6690.0,6692.5,6684.5,6687.75,8882
1758794400,6687.75,6689.5,6679.25,6682.75,12977
1758798000,6682.75,6683.0,6662.5,6664.5,30236
1758801600,6664.25,6673.0,6653.5,6658.75,51583
1758805200,6658.5,6662.75,6631.25,6636.75,265070
1758808800,6637.0,6672.5,6635.75,6668.75,256421
1758812400,6668.75,6675.0,6652.25,6670.25,196700
1758816000,6670.0,6673.0,6656.25,6659.0,135147
1758819600,6659.0,6664.25,6635.5,6636.5,155035
1758823200,6636.5,6662.5,6624.25,6659.75,217838
1758826800,6659.75,6663.75,6651.5,6660.75,201013
1758830400,6660.75,6666.5,6658.0,6662.0,46601
1758837600,6662.75,6669.0,6660.0,6662.75,0
1758841200,6662.25,6663.5,6658.75,6659.0,5133
1758844800,6658.75,6662.75,6657.25,6662.0,5853
1758848400,6661.75,6661.75,6656.0,6658.25,7371
1758852000,6658.25,6663.75,6657.5,6659.75,4727
1758855600,6659.75,6660.25,6653.75,6657.75,5546
1758859200,6658.0,6661.25,6653.5,6653.75,6624
1758862800,6653.75,6661.5,6653.25,6661.0,6262
1758866400,6661.0,6673.25,6660.0,6668.75,13300
1758870000,6668.75,6674.5,6664.5,6670.5,12131
1758873600,6670.5,6673.0,6660.25,6660.25,10862
1758877200,6660.25,6665.75,6657.0,6664.5,10591
1758880800,6664.75,6666.75,6657.25,6659.75,7323
1758884400,6659.25,6668.75,6657.0,6666.0,11999
1758888000,6666.0,6690.25,6664.25,6681.5,46743
1758891600,6681.5,6698.25,6667.5,6697.0,171746
1758895200,6697.0,6703.75,6657.25,6663.0,275945
1758898800,6662.75,6679.5,6658.5,6665.25,150862
1758902400,6665.25,6694.0,6663.25,6692.5,125055
1758906000,6692.5,6696.5,6686.25,6692.5,84865
1758909600,6692.25,6700.5,6687.25,6698.25,92673
1758913200,6698.25,6699.0,6690.0,6696.25,157779
1758916800,6696.25,6703.0,6695.25,6696.5,56416
1759096800,6701.25,6705.75,6699.75,6703.0,4389
1759100400,6702.75,6707.5,6702.25,6705.75,4846
1759104000,6705.75,6713.5,6704.0,6711.0,8602
1759107600,6711.0,6713.25,6707.0,6711.25,7002
1759111200,6711.25,6714.75,6709.75,6714.5,4566
1759114800,6714.25,6716.75,6713.5,6715.75,3564
1759118400,6716.0,6719.0,6715.5,6717.25,3791
1759122000,6717.25,6720.0,6716.25,6717.0,4395
1759125600,6717.0,6724.75,6715.0,6722.0,10070
1759129200,6722.25,6726.5,6717.0,6724.0,14158
1759132800,6723.75,6731.5,6723.0,6731.0,12142
1759136400,6731.25,6734.25,6728.75,6729.0,11691
1759140000,6729.0,6736.0,6728.0,6733.25,11575
1759143600,6733.25,6734.0,6723.5,6728.25,18617
1759147200,6728.25,6734.75,6725.75,6733.25,19732
1759150800,6733.25,6735.75,6715.75,6723.75,149772
1759154400,6723.75,6731.25,6718.5,6723.25,150629
1759158000,6723.25,6725.25,6706.25,6711.0,160532
1759161600,6711.0,6716.0,6706.25,6708.5,95122
1759165200,6708.5,6709.0,6699.5,6707.25,101321
1759168800,6707.25,6714.0,6707.0,6711.5,68939
1759172400,6711.75,6716.25,6696.25,6714.5,227464
1759176000,6714.25,6716.0,6706.75,6708.5,46799
1759183200,6708.0,6714.0,6707.25,6713.5,0
1759186800,6713.5,6715.0,6710.75,6711.25,2588
1759190400,6711.25,6715.5,6706.75,6714.75,6169
1759194000,6714.5,6714.5,6707.5,6709.75,5849
1759197600,6709.75,6716.0,6708.75,6714.75,4105
1759201200,6715.0,6717.0,6712.5,6713.5,4104
1759204800,6713.5,6713.5,6708.75,6708.75,3656
1759208400,6708.75,6712.75,6707.5,6711.75,3750
1759212000,6712.0,6715.75,6705.25,6705.75,6788
1759215600,6705.75,6707.25,6694.25,6702.75,16415
1759219200,6702.25,6705.25,6695.75,6703.0,11078
1759222800,6702.75,6705.5,6699.75,6701.5,9028
1759226400,6701.25,6704.25,6695.75,6703.25,9196
1759230000,6703.25,6704.75,6698.5,6701.5,10788
1759233600,6701.5,6710.5,6698.0,6708.0,21105
1759237200,6708.25,6710.25,6696.75,6708.25,132576
1759240800,6707.75,6713.0,6694.0,6709.75,215615
1759244400,6709.5,6713.75,6693.0,6707.0,163289
1759248000,6707.25,6718.0,6702.75,6705.0,110418
1759251600,6705.0,6707.75,6694.25,6702.0,129517
1759255200,6701.75,6723.25,6700.75,6721.0,138678
1759258800,6721.25,6743.5,6720.5,6737.25,338097
1759262400,6737.25,6738.75,6722.0,6724.0,81098
1759269600,6725.5,6733.25,6720.75,6723.75,0
1759273200,6723.75,6726.75,6720.25,6723.5,4443
1759276800,6723.5,6725.0,6713.25,6714.75,10088
1759280400,6714.75,6717.0,6711.75,6714.75,6597
1759284000,6714.75,6715.0,6710.0,6711.0,5247
1759287600,6711.0,6711.25,6706.0,6708.25,5730
1759291200,6709.5,6710.75,6707.75,6708.5,4466
1759294800,6708.75,6709.75,6704.0,6704.5,5982
1759298400,6704.5,6707.0,6680.0,6683.5,28060
1759302000,6683.25,6691.0,6680.75,6687.5,25875
1759305600,6687.5,6698.75,6683.75,6696.0,19021
1759309200,6696.0,6706.0,6695.25,6702.0,15851
1759312800,6702.0,6705.75,6697.75,6699.5,12862
1759316400,6699.5,6715.25,6699.25,6714.25,16816
1759320000,6714.25,6715.25,6702.0,6710.5,43637
1759323600,6710.75,6729.0,6705.25,6712.75,182676
1759327200,6712.0,6735.75,6708.5,6733.25,175029
1759330800,6733.25,6747.5,6732.25,6744.75,127808
1759334400,6745.0,6746.75,6739.0,6744.25,85824
1759338000,6744.25,6756.5,6743.0,6754.75,94353
1759341600,6755.0,6769.0,6754.25,6767.0,104320
1759345200,6767.0,6769.5,6760.5,6760.5,213782
1759348800,6760.5,6761.25,6755.0,6757.0,52305
1759356000,6757.0,6760.75,6756.0,6758.25,0
1759359600,6758.0,6761.5,6756.0,6759.5,4015
1759363200,6759.75,6769.0,6758.5,6767.5,8848
1759366800,6767.75,6771.75,6765.0,6771.25,8265
1759370400,6771.25,6771.5,6765.25,6766.75,4441
1759374000,6766.75,6768.25,6763.75,6767.25,3803
1759377600,6770.0,6771.0,6764.5,6769.0,4216
1759381200,6768.75,6771.5,6767.5,6768.5,3711
1759384800,6768.5,6770.0,6764.5,6765.75,7407
1759388400,6765.75,6770.75,6763.75,6767.75,12867
1759392000,6768.0,6775.0,6767.5,6774.0,13726
1759395600,6774.0,6774.5,6765.5,6770.5,9737
1759399200,6770.25,6775.25,6770.0,6772.25,9583
1759402800,6772.0,6778.5,6771.75,6777.75,13744
1759406400,6777.5,6781.0,6776.25,6779.25,18427
1759410000,6779.0,6782.25,6761.75,6768.5,165019
1759413600,6768.5,6769.25,6749.75,6749.75,184643
1759417200,6750.0,6758.25,6741.5,6757.5,174766
1759420800,6757.5,6760.0,6749.25,6758.25,98226
1759424400,6758.5,6765.0,6753.5,6762.75,84660
1759428000,6763.0,6771.5,6762.5,6768.0,87341
1759431600,6767.75,6770.5,6762.5,6766.25,177149
1759435200,6766.5,6769.0,6763.75,6765.0,35314
1759442400,6764.75,6766.25,6758.75,6765.5,0
1759446000,6765.25,6769.5,6763.75,6769.25,3142
1759449600,6769.25,6775.25,6767.0,6773.25,6019
1759453200,6773.0,6777.75,6771.5,6777.75,5137
1759456800,6777.75,6777.75,6773.75,6776.5,3778
1759460400,6776.75,6780.75,6776.25,6780.5,3511
1759464000,6781.25,6781.5,6779.25,6781.25,2714
1759467600,6781.25,6784.25,6780.25,6780.5,4347
1759471200,6780.25,6784.75,6776.75,6783.0,6523
1759474800,6783.25,6785.75,6782.0,6784.25,9386
1759478400,6783.75,6785.25,6782.5,6784.5,8574
1759482000,6784.5,6787.25,6782.5,6787.25,9004
1759485600,6787.25,6787.5,6779.75,6780.25,6784
1759489200,6780.0,6782.25,6772.0,6774.0,14812
1759492800,6773.75,6776.75,6766.5,6770.5,18579
1759496400,6770.5,6788.25,6768.0,6780.25,122178
1759500000,6780.25,6795.5,6771.75,6793.75,188136
1759503600,6794.0,6799.25,6786.0,6797.75,120778
1759507200,6798.0,6800.0,6793.0,6795.25,78168
1759510800,6795.25,6795.5,6754.0,6764.5,264996
1759514400,6764.5,6779.75,6755.25,6771.5,173982
1759518000,6771.25,6775.5,6760.5,6765.25,213411
1759521600,6765.0,6766.75,6760.25,6764.0,41621
1759701600,6771.0,6777.75,6764.0,6776.5,7203
1759705200,6776.5,6783.5,6776.25,6778.5,6733
1759708800,6778.5,6779.25,6775.0,6777.5,6807
1759712400,6777.75,6780.0,6775.75,6779.75,3969
1759716000,6779.5,6782.0,6778.75,6781.5,2806
1759719600,6781.75,6785.5,6781.75,6783.5,4002
1759723200,6783.25,6787.5,6779.25,6786.0,5165
1759726800,6786.0,6786.25,6781.25,6782.5,3197
1759730400,6782.5,6785.75,6780.5,6784.5,6534
1759734000,6784.5,6785.0,6771.75,6778.25,17313
1759737600,6778.25,6784.75,6778.0,6782.5,11087
1759741200,6782.75,6789.0,6781.75,6788.5,7949
1759744800,6788.75,6793.75,6786.75,6789.75,14512
1759748400,6789.5,6790.0,6781.5,6788.0,18574
1759752000,6788.25,6794.0,6782.5,6782.5,27876
1759755600,6782.5,6790.25,6771.0,6772.5,156822
1759759200,6772.25,6780.75,6766.5,6780.0,165786
1759762800,6780.0,6791.75,6779.25,6790.5,107484
1759766400,6790.25,6791.25,6785.25,6789.75,77022
1759770000,6789.75,6796.0,6785.75,6795.25,90394
1759773600,6795.0,6797.75,6792.25,6793.5,72794
1759777200,6793.25,6793.75,6788.0,6788.5,171242
1759780800,6788.5,6791.5,6787.0,6790.25,56695
1759824000,6778.5,6783.5,6774.0,6783.25,7934
1759827600,6783.25,6786.75,6782.25,6786.25,6723
1759831200,6786.25,6789.5,6784.25,6785.5,8358
1759834800,6785.5,6791.5,6784.75,6791.5,9002
1759838400,6791.5,6799.5,6788.5,6798.75,20069
1759842000,6799.0,6802.75,6792.5,6793.75,133648
1759845600,6794.0,6795.25,6776.75,6780.25,178730
1759849200,6780.5,6782.25,6747.25,6753.25,339309
1759852800,6753.0,6766.25,6747.25,6754.5,169751
1759856400,6754.25,6764.75,6752.5,6753.75,101779
1759860000,6754.0,6761.5,6748.5,6761.25,105070
1759863600,6761.25,6765.25,6755.75,6762.5,183850
1759867200,6762.75,6767.75,6762.25,6765.0,50432
1759874400,6766.0,6770.25,6764.75,6769.5,0
1759878000,6769.5,6769.5,6758.5,6759.5,6043
1759881600,6759.25,6766.25,6758.25,6765.25,5689
1759885200,6765.0,6770.0,6764.75,6768.5,5781
1759888800,6768.5,6772.5,6768.0,6771.25,4580
1759892400,6771.25,6772.25,6769.5,6771.5,2516
1759896000,6771.5,6772.0,6769.0,6770.25,2565
1759899600,6770.5,6770.5,6764.5,6764.5,4348
1759903200,6764.75,6765.75,6759.0,6763.75,6653
1759906800,6763.75,6772.75,6762.0,6771.5,12202
1759910400,6771.25,6774.5,6766.5,6770.0,10901
1759914000,6770.25,6772.75,6768.25,6771.0,7418
1759917600,6770.5,6775.0,6764.25,6774.5,8795
1759921200,6774.5,6776.25,6767.5,6774.0,12819
1759924800,6773.75,6774.0,6765.75,6771.25,19073
1759928400,6771.5,6776.5,6764.5,6773.75,137821
1759932000,6773.5,6793.0,6773.5,6789.0,180620
1759935600,6789.0,6801.25,6788.0,6799.5,112154
1759939200,6799.5,6802.75,6793.75,6798.75,76701
1759942800,6798.5,6801.75,6795.75,6797.75,60069
1759946400,6797.75,6802.75,6792.5,6793.5,90289
1759950000,6793.25,6803.25,6792.25,6802.0,179120
1759953600,6802.0,6807.75,6800.0,6803.25,51041
1759960800,6802.75,6807.75,6802.0,6807.0,0
1759964400,6807.0,6812.25,6805.75,6809.0,5804
1759968000,6808.75,6808.75,6804.75,6806.0,5432
1759971600,6806.0,6807.25,6798.0,6799.25,9221
1759975200,6799.0,6800.0,6794.5,6795.0,7044
1759978800,6795.0,6800.5,6795.0,6797.0,7796
1759982400,6798.25,6802.0,6798.0,6801.75,3256
1759986000,6801.5,6806.5,6800.5,6804.75,4350
1759989600,6805.0,6807.5,6799.25,6801.5,6651
1759993200,6801.75,6804.25,6799.25,6801.25,11453
1759996800,6801.25,6802.75,6795.75,6797.25,11202
1760000400,6797.5,6803.75,6795.75,6800.5,8629
1760004000,6800.5,6802.5,6797.0,6799.5,6826
1760007600,6799.5,6805.75,6799.5,6799.75,11201
1760011200,6800.0,6805.25,6800.0,6805.0,16019
1760014800,6805.0,6809.5,6785.25,6788.75,155687
1760018400,6788.75,6792.0,6768.5,6782.75,233277
1760022000,6782.5,6788.0,6769.0,6782.25,157345
1760025600,6782.5,6785.25,6765.5,6767.0,133525
1760029200,6767.0,6772.75,6760.75,6770.75,160920
1760032800,6770.75,6772.25,6762.25,6767.75,100535
1760036400,6767.75,6782.0,6767.0,6781.0,211570
1760040000,6781.25,6782.5,6775.5,6779.75,45008
1760047200,6779.5,6786.5,6779.0,6785.25,0
1760050800,6785.5,6789.5,6784.0,6789.25,3531
1760054400,6789.25,6791.75,6785.75,6790.0,7018
1760058000,6790.25,6792.75,6789.25,6792.5,4963
1760061600,6792.25,6792.75,6788.75,6789.25,2822
1760065200,6789.25,6790.25,6784.5,6785.75,4548
1760068800,6786.25,6787.0,6781.25,6782.75,3716
1760072400,6782.75,6788.5,6780.5,6788.25,3452
1760076000,6788.5,6792.75,6779.25,6782.0,11611
1760079600,6782.5,6787.5,6781.5,6786.25,11625
1760083200,6786.25,6790.0,6785.0,6788.25,7793
1760086800,6788.5,6788.75,6772.5,6773.75,17764
1760090400,6773.5,6783.0,6773.25,6782.5,10997
1760094000,6782.25,6788.25,6782.0,6788.0,11046
1760097600,6787.75,6790.5,6781.0,6783.25,20171
1760101200,6783.25,6806.5,6783.25,6797.0,172371
1760104800,6796.75,6800.25,6742.5,6757.75,254397
1760108400,6757.5,6757.75,6659.25,6682.75,640704
1760112000,6682.5,6692.25,6653.25,6655.25,297051
1760115600,6655.25,6673.5,6641.5,6660.0,233991
1760119200,6660.25,6665.0,6631.5,6635.75,170004
1760122800,6635.75,6646.25,6591.75,6595.0,422996
1760126400,6595.25,6607.0,6540.25,6595.25,140151
1760306400,6632.0,6675.25,6595.25,6654.75,45450
1760310000,6655.0,6671.0,6646.25,6668.25,25103
1760313600,6668.25,6679.0,6661.75,6677.75,24506
1760317200,6677.75,6683.75,6673.5,6683.0,21112
1760320800,6682.75,6685.0,6676.0,6676.5,11827
1760324400,6676.25,6683.75,6668.5,6670.5,11577
1760328000,6671.0,6680.0,6669.75,6679.0,8524
1760331600,6678.75,6683.5,6675.75,6683.0,8590
1760335200,6683.0,6687.5,6672.25,6687.0,20013
1760338800,6687.0,6706.25,6681.75,6696.5,44774
1760342400,6696.25,6697.75,6681.0,6688.75,21871
1760346000,6688.5,6689.75,6680.75,6681.75,13284
1760349600,6681.5,6687.5,6675.25,6681.25,19046
1760353200,6681.25,6686.25,6653.25,6667.25,64596
1760356800,6667.25,6677.0,6659.75,6669.25,38993
1760360400,6669.25,6694.75,6661.75,6693.25,246105
1760364000,6693.25,6697.0,6663.75,6666.75,279730
1760367600,6666.5,6696.75,6661.75,6694.25,166666
1760371200,6694.5,6708.75,6691.0,6707.5,147428
1760374800,6707.5,6711.5,6688.25,6697.25,126449
1760378400,6697.0,6707.75,6683.0,6685.5,106220
1760382000,6685.75,6700.75,6681.5,6694.75,209997
1760385600,6694.5,6696.0,6688.5,6689.75,50179
1760392800,6691.0,6696.5,6689.75,6695.75,0
1760396400,6695.75,6696.0,6688.0,6691.25,4696
1760400000,6691.25,6718.5,6689.5,6710.75,18755
1760403600,6710.5,6712.0,6701.75,6710.75,12247
1760407200,6710.25,6712.75,6700.0,6701.0,8444
1760410800,6701.25,6701.75,6691.0,6694.0,9461
1760414400,6686.5,6686.5,6660.75,6672.0,28237
1760418000,6672.25,6673.5,6637.75,6651.0,25928
1760421600,6650.75,6658.75,6642.0,6645.75,22703
1760425200,6645.75,6652.25,6623.25,6636.25,48434
1760428800,6636.25,6648.75,6626.25,6647.75,27295
1760432400,6647.75,6652.25,6634.25,6635.5,15164
1760436000,6635.25,6636.25,6605.75,6618.0,45869
1760439600,6618.25,6642.5,6616.0,6640.0,38442
1760443200,6640.0,6640.5,6616.0,6631.0,52441
1760446800,6631.0,6638.75,6593.25,6630.5,284821
1760450400,6630.25,6666.25,6627.0,6660.25,277147
1760454000,6660.25,6694.25,6657.75,6687.5,219521
1760457600,6687.5,6720.25,6677.75,6707.5,209561
1760461200,6707.5,6722.5,6700.0,6715.25,157599
1760464800,6715.5,6717.75,6708.25,6713.0,131134
1760468400,6713.0,6717.5,6666.0,6686.0,388058
1760472000,6685.75,6693.75,6672.25,6685.0,58730
1760479200,6684.25,6698.25,6684.25,6690.75,0
1760482800,6690.5,6699.0,6688.75,6689.0,5593
1760486400,6689.0,6695.75,6683.5,6695.25,7763
1760490000,6695.25,6698.25,6687.25,6694.25,6008
1760493600,6694.5,6705.5,6694.25,6697.0,7210
1760497200,6696.75,6701.0,6691.75,6695.5,5342
1760500800,6698.75,6706.0,6698.5,6705.0,4693
1760504400,6705.5,6715.75,6705.5,6710.25,10256
1760508000,6710.25,6715.5,6706.5,6715.0,10373
1760511600,6714.75,6720.0,6709.0,6715.0,14399
1760515200,6714.75,6719.5,6714.0,6717.5,14013
1760518800,6717.5,6731.25,6716.75,6728.5,17501
1760522400,6728.5,6731.25,6723.5,6728.75,9945
1760526000,6728.5,6730.75,6724.25,6729.0,16795
1760529600,6729.25,6741.0,6728.0,6738.5,47076
1760533200,6738.75,6750.0,6724.25,6747.0,208824
1760536800,6747.0,6766.75,6746.75,6754.25,216046
1760540400,6754.25,6755.75,6702.0,6715.5,314567
1760544000,6715.25,6727.5,6702.0,6703.75,199205
1760547600,6703.75,6708.0,6651.5,6706.0,314009
1760551200,6706.0,6721.5,6697.25,6720.5,149628
1760554800,6720.5,6721.5,6695.75,6715.25,287138
1760558400,6715.25,6724.5,6709.25,6713.5,66505
1760565600,6715.25,6726.5,6714.0,6722.5,0
1760569200,6722.5,6722.5,6710.25,6715.0,5854
1760572800,6714.75,6716.75,6702.5,6710.25,10198
1760576400,6710.0,6716.0,6708.5,6713.25,5931
1760580000,6713.25,6716.0,6705.75,6713.5,5960
1760583600,6713.5,6716.0,6708.25,6709.75,4445
1760587200,6711.75,6714.75,6709.25,6712.5,3459
1760590800,6712.75,6720.0,6710.75,6715.75,7129
1760594400,6716.0,6730.25,6716.0,6729.5,10157
1760598000,6729.5,6736.0,6718.25,6732.25,22071
1760601600,6732.0,6737.5,6726.5,6729.25,12032
1760605200,6729.25,6736.75,6728.0,6736.25,10570
1760608800,6736.5,6743.5,6735.75,6739.0,13180
1760612400,6739.0,6745.25,6738.0,6739.75,14669
1760616000,6739.75,6746.5,6732.5,6741.75,29190
1760619600,6742.0,6744.25,6724.25,6729.5,171697
1760623200,6729.75,6750.5,6717.25,6733.75,269994
1760626800,6734.0,6743.75,6701.75,6707.75,268310
1760630400,6707.5,6714.0,6654.75,6695.75,368403
1760634000,6695.5,6704.75,6673.0,6680.0,241387
1760637600,6680.0,6681.5,6632.0,6667.0,321758
1760641200,6666.75,6674.25,6641.5,6668.5,290125
1760644800,6668.5,6673.75,6651.0,6659.25,62599
1760652000,6659.25,6669.25,6644.25,6644.5,0
1760655600,6644.75,6652.0,6641.75,6651.25,13246
1760659200,6651.25,6658.0,6648.25,6651.5,12703
1760662800,6651.5,6662.75,6642.5,6648.0,12500
1760666400,6648.5,6650.5,6642.75,6648.0,8238
1760670000,6648.0,6650.25,6636.25,6642.5,10150
1760673600,6641.25,6642.75,6635.5,6636.75,7689
1760677200,6637.0,6637.5,6618.5,6628.25,15963
1760680800,6628.5,6634.5,6608.75,6611.25,21937
1760684400,6611.5,6613.25,6571.5,6584.75,62731
1760688000,6584.75,6597.75,6571.5,6591.0,39389
1760691600,6590.75,6608.5,6589.5,6592.0,30507
1760695200,6592.5,6616.0,6590.75,6615.5,50993
1760698800,6615.75,6655.75,6612.75,6652.75,90290
1760702400,6652.5,6672.0,6646.75,6658.5,78420
1760706000,6658.25,6684.5,6641.5,6666.25,255797
1760709600,6666.25,6697.5,6653.0,6655.5,299766
1760713200,6655.5,6682.25,6640.5,6677.0,270031
1760716800,6677.0,6696.75,6672.25,6680.0,178486
1760720400,6680.0,6690.75,6665.0,6688.75,146198
1760724000,6688.75,6711.5,6688.5,6704.0,125081
1760727600,6704.25,6718.0,6700.5,6703.75,213267
1760731200,6703.75,6713.0,6701.5,6702.5,51864
1760911200,6721.0,6726.0,6702.5,6715.75,9996
1760914800,6716.25,6716.5,6701.5,6705.75,9254
1760918400,6705.5,6716.5,6694.0,6714.5,17573
1760922000,6714.75,6720.75,6710.0,6713.25,10512
1760925600,6713.0,6717.0,6709.25,6715.0,5623
1760929200,6715.0,6724.75,6715.0,6723.25,4773
1760932800,6723.25,6728.5,6722.0,6727.25,5351
1760936400,6727.0,6732.0,6724.0,6729.0,5933
1760940000,6728.75,6731.25,6723.25,6727.75,8533
1760943600,6728.0,6737.5,6725.0,6731.25,13667
1760947200,6731.25,6732.5,6718.5,6720.25,11370
1760950800,6719.75,6725.75,6717.25,6722.5,9756
1760954400,6723.0,6727.0,6712.0,6712.75,12863
1760958000,6712.5,6724.75,6711.5,6724.0,12250
1760961600,6723.75,6734.5,6720.75,6734.0,24393
1760965200,6733.75,6754.75,6732.0,6747.5,162113
1760968800,6747.5,6775.5,6747.5,6773.0,183513
1760972400,6773.0,6774.0,6762.25,6766.5,147803
1760976000,6766.5,6771.75,6763.0,6771.25,98551
1760979600,6771.25,6782.0,6771.0,6778.75,82036
1760983200,6778.75,6783.0,6772.5,6777.25,82088
1760986800,6777.5,6782.5,6772.5,6773.25,180536
1760990400,6773.25,6780.5,6770.0,6780.25,46788
1760997600,6779.5,6781.0,6776.25,6777.5,0
1761001200,6777.75,6782.75,6776.5,6778.0,4567
1761004800,6778.0,6782.0,6776.0,6781.75,5089
1761008400,6781.75,6784.5,6778.25,6780.5,6490
1761012000,6780.5,6785.0,6779.5,6780.25,4249
1761015600,6780.5,6782.0,6775.75,6777.5,3761
1761019200,6777.0,6777.75,6771.5,6774.0,4512
1761022800,6774.0,6776.0,6767.5,6771.5,6143
1761026400,6771.75,6771.75,6764.5,6767.5,8215
1761030000,6767.75,6769.25,6764.0,6767.0,10349
1761033600,6767.25,6768.5,6764.0,6764.75,10451
1761037200,6764.75,6771.0,6764.25,6768.5,9341
1761040800,6768.75,6772.0,6765.25,6771.25,12754
1761044400,6771.0,6776.5,6769.5,6776.0,16040
1761048000,6776.0,6777.75,6772.75,6774.0,16660
1761051600,6774.0,6777.5,6761.5,6765.25,147637
1761055200,6765.25,6786.25,6759.25,6785.75,239355
1761058800,6785.75,6787.25,6773.75,6782.75,161923
1761062400,6782.25,6789.75,6773.25,6774.75,140833
1761066000,6774.75,6783.0,6767.25,6781.75,130663
1761069600,6782.0,6785.0,6777.5,6779.5,98106
1761073200,6779.25,6784.0,6771.5,6772.25,148983
1761076800,6772.0,6776.0,6764.75,6772.5,56436
1761084000,6776.0,6778.0,6771.75,6775.5,0
1761087600,6775.5,6775.75,6769.25,6769.75,4092
1761091200,6769.75,6772.5,6765.25,6766.5,7129
1761094800,6766.25,6774.75,6764.0,6774.0,6234
1761098400,6774.25,6777.25,6771.25,6775.25,4335
1761102000,6775.5,6780.0,6769.5,6779.75,4759
1761105600,6784.5,6788.0,6783.25,6784.75,7342
1761109200,6784.75,6786.5,6780.75,6782.25,3822
1761112800,6782.25,6788.75,6779.5,6785.5,6466
1761116400,6785.5,6786.0,6775.25,6781.75,10049
1761120000,6782.0,6782.0,6772.0,6775.75,9742
1761123600,6775.5,6778.75,6768.5,6778.5,9068
1761127200,6778.5,6782.75,6776.75,6778.5,10658
1761130800,6778.25,6779.25,6765.5,6769.25,20424
1761134400,6769.25,6780.75,6768.5,6779.25,25559
1761138000,6779.25,6781.75,6763.5,6771.5,142553
1761141600,6771.5,6775.25,6739.5,6759.75,327396
1761145200,6759.5,6763.25,6732.25,6748.75,266435
1761148800,6749.0,6750.75,6698.0,6732.0,292008
1761152400,6731.75,6735.25,6690.75,6705.25,217615
1761156000,6705.5,6724.0,6695.25,6723.25,168276
1761159600,6723.25,6742.25,6713.5,6737.0,245812
1761163200,6737.0,6744.75,6731.75,6737.5,48400
1761170400,6733.5,6739.5,6729.5,6736.75,0
1761174000,6736.75,6740.5,6726.5,6727.0,5667
1761177600,6727.0,6737.75,6717.5,6737.0,10957
1761181200,6736.75,6748.25,6736.25,6747.0,8666
1761184800,6747.25,6749.75,6745.75,6747.0,4837
1761188400,6747.25,6750.25,6742.75,6744.5,7587
1761192000,6745.25,6745.5,6739.75,6741.75,4473
1761195600,6741.75,6747.25,6738.25,6746.5,5452
1761199200,6746.25,6749.75,6742.75,6748.25,7086
1761202800,6748.25,6751.75,6739.5,6746.5,12547
1761206400,6746.5,6749.75,6742.25,6744.75,9944
1761210000,6744.75,6746.75,6732.5,6739.25,11502
1761213600,6739.5,6742.25,6737.25,6740.0,9207
1761217200,6739.75,6740.25,6723.5,6725.75,17552
1761220800,6725.75,6737.25,6719.5,6736.0,32362
1761224400,6736.0,6766.0,6724.0,6758.25,170391
1761228000,6758.25,6762.25,6739.0,6760.5,227683
1761231600,6760.5,6765.5,6745.25,6761.0,152601
1761235200,6760.75,6774.0,6759.75,6772.75,123880
1761238800,6773.0,6783.5,6762.5,6782.25,179587
1761242400,6782.5,6785.75,6776.75,6784.0,87994
1761246000,6784.0,6785.75,6771.5,6774.75,175945
1761249600,6774.75,6778.25,6773.5,6777.75,45276
1761256800,6778.25,6781.75,6776.5,6779.75,0
1761260400,6779.75,6782.0,6779.5,6780.75,2271
1761264000,6781.0,6781.75,6776.75,6781.0,4423
1761267600,6781.0,6785.5,6780.75,6784.75,5310
1761271200,6784.75,6787.0,6781.75,6783.25,4771
1761274800,6783.25,6788.25,6782.75,6787.75,4276
1761278400,6785.5,6788.5,6785.5,6787.75,3317
1761282000,6787.75,6791.75,6786.75,6791.5,4751
1761285600,6791.5,6798.25,6791.0,6795.0,8819
1761289200,6795.25,6795.5,6787.5,6788.25,11160
1761292800,6788.25,6793.5,6784.0,6789.75,13798
1761296400,6789.5,6798.75,6789.25,6794.5,9525
1761300000,6794.5,6797.5,6792.5,6793.0,8923
1761303600,6793.0,6799.75,6792.5,6797.5,11967
1761307200,6797.75,6837.25,6792.5,6812.75,70362
1761310800,6813.0,6835.0,6812.5,6829.75,191218
1761314400,6830.0,6835.5,6815.25,6823.0,212113
1761318000,6823.0,6841.25,6821.0,6835.75,146172
1761321600,6835.75,6841.25,6828.25,6836.0,84857
1761325200,6835.75,6840.75,6832.75,6836.75,61778
1761328800,6836.75,6839.75,6833.25,6838.0,73767
1761332400,6837.75,6841.0,6823.75,6827.5,215408
1761336000,6827.25,6829.5,6824.25,6827.0,49976
1761516000,6881.0,6890.0,6827.0,6872.0,22150
1761519600,6872.25,6876.75,6868.75,6870.75,6459
1761523200,6870.75,6876.75,6869.25,6872.25,11303
1761526800,6872.5,6873.25,6869.25,6869.5,8534
1761530400,6869.5,6875.25,6867.5,6875.0,6259
1761534000,6875.0,6881.0,6874.25,6878.0,7650
1761537600,6878.25,6880.5,6877.0,6879.25,4072
1761541200,6879.0,6883.75,6879.0,6882.75,5048
1761544800,6883.0,6888.25,6882.25,6884.5,8908
1761548400,6884.5,6889.0,6882.75,6882.75,11670
1761552000,6883.0,6884.25,6876.5,6881.0,16118
1761555600,6881.25,6887.0,6878.75,6887.0,11333
1761559200,6887.0,6888.5,6884.0,6886.5,10754
1761562800,6886.5,6889.0,6878.75,6880.25,19521
1761566400,6880.0,6885.25,6879.25,6883.0,17346
1761570000,6882.75,6889.0,6877.0,6886.75,135916
1761573600,6886.75,6892.5,6879.75,6883.0,186477
1761577200,6883.0,6892.25,6881.25,6890.25,109331
1761580800,6890.25,6895.0,6889.75,6893.75,71393
1761584400,6893.75,6896.0,6887.75,6895.5,75914
1761588000,6895.75,6898.75,6893.75,6897.5,80904
1761591600,6897.5,6911.75,6896.25,6907.75,233843
1761595200,6907.5,6916.25,6907.0,6914.0,67838
1761602400,6914.0,6914.0,6910.25,6911.75,0
1761606000,6911.5,6917.75,6910.75,6911.0,6386
1761609600,6910.75,6912.0,6908.5,6909.0,6640
1761613200,6909.0,6910.25,6906.0,6907.25,6846
1761616800,6907.25,6909.0,6905.25,6907.75,4587
1761620400,6907.75,6910.0,6906.0,6907.5,3910
1761624000,6908.25,6909.0,6904.75,6905.0,4303
1761627600,6905.25,6906.5,6902.25,6904.75,5393
1761631200,6905.0,6909.75,6903.5,6903.75,5525
1761634800,6904.0,6908.75,6902.25,6903.5,8096
1761638400,6903.75,6908.0,6901.5,6906.75,14269
1761642000,6907.5,6908.25,6904.0,6907.5,6956
1761645600,6907.25,6910.5,6906.0,6907.5,7356
1761649200,6907.5,6914.0,6907.0,6912.5,14458
1761652800,6912.75,6918.25,6912.25,6916.0,19767
1761656400,6916.25,6927.5,6906.75,6911.5,174501
1761660000,6911.5,6919.0,6910.0,6913.75,128016
1761663600,6913.75,6917.5,6903.0,6910.75,100695
1761667200,6910.75,6930.0,6910.75,6924.25,159597
1761670800,6924.5,6932.5,6924.0,6931.5,111935
1761674400,6931.75,6939.75,6931.0,6937.0,96068
1761678000,6937.0,6944.75,6924.25,6925.75,218751
1761681600,6925.5,6928.0,6921.5,6927.5,52523
1761688800,6929.25,6931.5,6925.25,6926.0,0
1761692400,6926.0,6929.0,6924.5,6927.75,3168
1761696000,6928.0,6930.5,6924.5,6926.0,5761
1761699600,6925.75,6935.0,6925.5,6932.75,9834
1761703200,6932.75,6940.0,6932.5,6937.5,7072
1761706800,6937.75,6939.25,6934.5,6938.0,4090
1761710400,6935.25,6939.25,6933.0,6938.75,3210
1761714000,6938.5,6941.25,6938.25,6940.5,4135
1761717600,6940.25,6944.0,6939.5,6943.0,6477
1761721200,6942.75,6945.5,6939.5,6945.0,8611
1761724800,6944.75,6947.5,6935.75,6937.25,16227
1761728400,6937.25,6937.75,6930.75,6935.75,14153
1761732000,6935.75,6942.5,6934.5,6938.75,10747
1761735600,6938.5,6948.5,6936.75,6943.0,16785
1761739200,6943.0,6946.0,6937.5,6942.0,15768
1761742800,6942.0,6951.75,6936.25,6950.5,118245
1761746400,6950.75,6952.0,6932.5,6938.0,158544
1761750000,6938.25,6942.75,6932.75,6934.75,127916
1761753600,6934.75,6942.5,6929.75,6940.0,104886
1761757200,6939.75,6942.5,6930.5,6935.0,73457
1761760800,6935.5,6944.5,6882.25,6914.75,365302
1761764400,6914.75,6928.75,6895.0,6928.0,288883
1761768000,6928.0,6945.25,6905.5,6918.0,97780
1761775200,6906.5,6922.25,6902.5,6913.0,0
1761778800,6912.75,6924.75,6908.25,6922.25,8534
1761782400,6922.5,6940.0,6922.25,6933.0,11482
1761786000,6933.25,6939.25,6926.25,6935.75,9720
1761789600,6936.0,6948.75,6935.5,6944.25,10282
1761793200,6944.0,6953.75,6944.0,6946.5,9376
1761796800,6935.5,6938.25,6901.0,6914.25,57724
1761800400,6914.25,6939.0,6912.25,6929.75,12949
1761804000,6929.75,6930.25,6916.0,6919.25,10862
1761807600,6919.5,6932.75,6911.75,6927.25,15366
1761811200,6927.0,6929.5,6916.0,6922.0,14098
1761814800,6922.0,6925.75,6905.75,6908.25,13411
1761818400,6908.5,6920.25,6906.75,6918.0,12108
1761822000,6918.25,6929.75,6916.5,6921.75,16166
1761825600,6921.75,6924.75,6890.5,6891.0,64732
1761829200,6890.75,6910.75,6867.75,6904.25,254431
1761832800,6904.0,6913.75,6886.25,6898.25,273723
1761836400,6898.25,6909.5,6883.75,6887.75,161395
1761840000,6887.75,6905.75,6886.0,6898.25,122930
1761843600,6898.25,6900.5,6884.0,6898.25,115769
1761847200,6898.0,6898.25,6875.25,6877.5,146381
1761850800,6877.25,6878.25,6852.5,6853.75,296989
1761854400,6853.75,6896.5,6851.0,6894.0,113823
1761861600,6897.0,6900.0,6890.75,6893.25,0
1761865200,6893.5,6899.25,6888.0,6898.5,8030
1761868800,6898.75,6903.25,6889.25,6901.0,10100
1761872400,6900.75,6904.0,6895.5,6903.25,7187
1761876000,6903.25,6904.5,6893.25,6897.0,6718
1761879600,6896.75,6900.5,6893.0,6900.25,7736
1761883200,6901.75,6903.0,6899.75,6901.0,4182
1761886800,6900.75,6901.25,6894.0,6895.25,5166
1761890400,6895.0,6902.5,6894.25,6895.75,8222
1761894000,6896.0,6906.25,6893.0,6905.75,7600
1761897600,6906.0,6906.0,6896.25,6903.25,12275
1761901200,6903.5,6906.0,6898.75,6899.75,8127
1761904800,6900.0,6900.75,6893.25,6898.0,8652
1761908400,6898.0,6911.5,6894.75,6907.75,18936
1761912000,6907.5,6918.5,6901.75,6905.75,45223
1761915600,6905.75,6906.25,6880.0,6886.25,182441
1761919200,6886.25,6899.5,6873.75,6896.5,198880
1761922800,6896.5,6899.5,6872.5,6873.5,209259
1761926400,6873.75,6876.25,6852.5,6855.0,199989
1761930000,6855.0,6866.5,6843.5,6860.5,181507
1761933600,6860.25,6879.25,6859.5,6878.0,133682
1761937200,6878.0,6900.0,6871.75,6872.25,333007
1761940800,6872.0,6874.75,6866.75,6874.0,80598
1762124400,6889.0,6895.0,6887.25,6892.5,8451
1762128000,6892.5,6898.5,6874.0,6898.25,7664
1762131600,6898.25,6899.25,6891.25,6891.5,8709
1762135200,6891.5,6896.0,6887.25,6888.5,8160
1762138800,6888.5,6889.0,6880.75,6886.25,7641
1762142400,6886.0,6888.0,6883.75,6886.5,3626
1762146000,6887.0,6888.75,6882.0,6884.75,4876
1762149600,6885.0,6888.0,6877.75,6880.5,5940
1762153200,6880.25,6880.5,6873.75,6876.0,7077
1762156800,6876.0,6889.5,6873.25,6887.25,11369
1762160400,6887.25,6902.25,6887.0,6894.75,14474
1762164000,6895.0,6900.75,6893.25,6895.75,9188
1762167600,6895.75,6903.0,6895.75,6896.0,9425
1762171200,6896.25,6900.25,6891.5,6891.75,11106
1762174800,6891.5,6897.25,6885.75,6896.5,21327
1762178400,6896.75,6909.5,6872.25,6875.75,182980
1762182000,6876.25,6880.5,6849.5,6874.25,275839
1762185600,6874.25,6886.75,6868.75,6884.75,158309
1762189200,6884.75,6890.5,6874.75,6889.25,127918
1762192800,6889.25,6893.25,6885.0,6886.75,84133
1762196400,6886.75,6889.5,6876.5,6885.0,116251
1762200000,6885.0,6887.5,6875.75,6885.5,171974
1762203600,6885.25,6892.5,6882.25,6884.0,43923
1762210800,6884.0,6884.0,6874.75,6876.25,0
1762214400,6876.25,6876.25,6862.5,6869.25,13012
1762218000,6869.5,6871.25,6862.0,6866.0,9071
1762221600,6866.0,6866.25,6853.0,6853.0,13051
1762225200,6853.0,6862.0,6852.25,6852.5,10334
1762228800,6852.75,6854.75,6846.0,6850.0,9999
1762232400,6848.5,6849.0,6826.5,6830.0,18374
1762236000,6830.0,6830.5,6814.75,6820.5,25769
1762239600,6820.5,6824.5,6811.75,6821.5,19497
1762243200,6821.75,6821.75,6806.5,6814.25,25053
1762246800,6814.5,6818.75,6791.5,6792.75,29722
1762250400,6792.75,6815.25,6786.25,6813.5,29432
1762254000,6813.5,6817.75,6810.75,6812.75,19725
1762257600,6813.0,6820.5,6805.0,6814.5,26950
1762261200,6814.25,6816.5,6802.25,6809.0,35208
1762264800,6808.75,6837.75,6795.75,6836.5,227352
1762268400,6836.25,6849.25,6825.75,6831.25,213931
1762272000,6831.25,6838.0,6824.0,6831.5,167312
1762275600,6831.75,6831.75,6806.0,6809.25,177258
1762279200,6809.25,6813.25,6796.25,6810.5,140113
1762282800,6810.25,6816.0,6794.75,6801.25,130761
1762286400,6801.25,6815.0,6795.75,6803.5,221304
1762290000,6803.5,6808.0,6796.75,6806.25,59902
1762297200,6801.0,6806.5,6793.0,6793.25,0
1762300800,6793.5,6793.5,6773.0,6773.25,22724
1762304400,6773.5,6773.5,6748.5,6760.0,39799
1762308000,6760.0,6777.0,6752.75,6775.25,21210
1762311600,6775.5,6795.25,6775.25,6795.0,19183
1762315200,6795.25,6795.75,6782.75,6786.25,9526
1762318800,6792.5,6798.75,6784.5,6789.0,10141
1762322400,6789.0,6801.25,6783.25,6797.75,10239
1762326000,6797.75,6798.75,6786.25,6787.0,9357
1762329600,6787.0,6800.5,6782.0,6795.0,16500
1762333200,6795.0,6801.25,6787.75,6794.0,13549
1762336800,6793.75,6798.75,6773.25,6773.5,16081
1762340400,6773.5,6789.0,6771.75,6787.0,14550
1762344000,6787.25,6796.5,6782.0,6795.25,18418
1762347600,6795.5,6807.75,6790.5,6805.5,36580
1762351200,6805.5,6824.5,6789.75,6822.0,173746
1762354800,6821.75,6831.25,6809.5,6827.0,234522
1762358400,6827.25,6846.5,6816.0,6842.5,161202
1762362000,6842.5,6857.75,6839.0,6851.0,116562
1762365600,6851.0,6857.5,6849.0,6855.5,75860
1762369200,6855.25,6855.25,6846.25,6851.25,78626
1762372800,6851.25,6854.5,6823.0,6824.0,220676
1762376400,6824.25,6830.75,6820.0,6827.5,74154
1762383600,6828.5,6835.0,6820.75,6834.75,0
1762387200,6834.75,6835.0,6810.5,6821.0,12859
1762390800,6820.75,6820.75,6805.5,6815.0,13955
1762394400,6815.25,6823.0,6808.0,6822.25,9008
1762398000,6822.0,6826.0,6819.25,6823.25,6673
1762401600,6823.0,6827.5,6820.0,6826.5,4201
1762405200,6824.5,6826.0,6816.5,6818.0,5278
1762408800,6817.75,6821.25,6813.5,6815.25,6485
1762412400,6815.25,6821.75,6807.75,6808.5,8450
1762416000,6808.5,6814.75,6804.0,6812.75,14348
1762419600,6812.75,6827.5,6812.25,6823.75,11866
1762423200,6824.0,6833.25,6822.75,6829.0,7688
1762426800,6829.0,6834.0,6827.0,6828.5,8179
1762430400,6828.25,6838.25,6828.0,6836.25,12515
1762434000,6836.0,6843.5,6831.0,6832.0,18415
1762437600,6831.75,6834.25,6788.0,6788.5,227182
1762441200,6788.5,6800.75,6754.25,6756.25,361846
1762444800,6756.0,6766.75,6736.75,6738.75,254968
1762448400,6738.75,6762.5,6733.5,6757.75,187761
1762452000,6757.75,6769.0,6738.0,6762.0,149942
1762455600,6762.25,6784.5,6759.5,6777.0,149529
1762459200,6776.75,6780.75,6742.5,6750.5,237700
1762462800,6750.25,6767.5,6748.75,6764.75,57002
1762470000,6763.0,6769.25,6756.0,6765.0,0
1762473600,6765.0,6772.0,6757.5,6766.5,12745
1762477200,6766.5,6767.25,6742.5,6755.0,20545
1762480800,6755.25,6755.75,6742.75,6753.5,13101
1762484400,6753.5,6755.25,6739.25,6744.5,11413
1762488000,6744.5,6751.5,6732.0,6750.0,10502
1762491600,6757.0,6764.75,6755.25,6764.25,9409
1762495200,6764.5,6766.0,6760.25,6763.75,6909
1762498800,6763.75,6769.5,6761.0,6767.0,8566
1762502400,6767.0,6770.75,6755.0,6762.5,16832
1762506000,6762.25,6766.25,6748.25,6752.0,15337
1762509600,6752.0,6756.0,6737.25,6744.0,15117
1762513200,6744.0,6744.25,6715.75,6738.25,34599
1762516800,6738.0,6739.25,6712.25,6717.75,30998
1762520400,6717.75,6730.5,6713.0,6723.25,48051
1762524000,6723.25,6725.5,6687.25,6706.0,246227
1762527600,6706.5,6716.25,6676.25,6677.25,329451
1762531200,6677.0,6684.0,6657.0,6663.25,235070
1762534800,6663.25,6686.5,6655.5,6683.25,206632
1762538400,6683.0,6705.0,6679.75,6700.25,197613
1762542000,6700.0,6744.0,6696.0,6743.5,211718
1762545600,6743.25,6755.5,6723.25,6753.5,288795
1762549200,6753.5,6765.75,6753.25,6753.75,64052
1762729200,6785.5,6789.5,6753.75,6785.25,10903
1762732800,6785.0,6787.5,6772.0,6783.5,17742
1762736400,6783.25,6798.0,6782.75,6797.25,19731
1762740000,6797.0,6799.75,6793.25,6796.75,8952
1762743600,6796.5,6804.0,6796.5,6798.75,9511
1762747200,6798.5,6803.75,6798.5,6802.0,6808
1762750800,6801.0,6806.25,6800.75,6803.5,10149
1762754400,6803.5,6807.25,6799.5,6800.0,9653
1762758000,6800.0,6804.25,6798.5,6802.25,11246
1762761600,6802.5,6812.25,6796.25,6811.75,22385
1762765200,6812.0,6823.5,6810.75,6819.25,20007
1762768800,6819.5,6821.75,6815.75,6817.0,9595
1762772400,6817.25,6819.75,6811.0,6819.75,10924
1762776000,6819.75,6821.25,6811.0,6815.0,14905
1762779600,6815.0,6820.75,6813.25,6819.75,19791
1762783200,6819.75,6835.5,6812.75,6829.0,192479
1762786800,6828.75,6835.75,6804.5,6805.5,235878
1762790400,6805.5,6811.0,6792.75,6809.0,218571
1762794000,6809.25,6840.75,6807.25,6837.75,149600
1762797600,6837.75,6849.0,6836.75,6842.25,114713
1762801200,6842.5,6860.5,6842.0,6856.5,103389
1762804800,6856.5,6865.75,6854.0,6857.0,248575
1762808400,6857.0,6864.0,6855.75,6857.75,54016
1762815600,6857.25,6862.75,6854.25,6862.25,0
1762819200,6862.25,6867.0,6858.5,6860.5,8037
1762822800,6860.5,6865.0,6859.25,6861.0,6765
1762826400,6860.75,6864.0,6857.0,6860.25,6609
1762830000,6860.25,6862.75,6857.5,6861.5,4303
1762833600,6861.75,6862.0,6852.25,6852.25,6146
1762837200,6850.25,6852.75,6847.5,6847.75,9954
1762840800,6847.5,6856.75,6847.25,6852.0,6502
1762844400,6852.25,6853.75,6845.25,6845.75,7045
1762848000,6845.75,6850.75,6842.25,6843.25,11608
1762851600,6843.5,6847.25,6839.25,6840.25,12026
1762855200,6840.25,6845.25,6839.0,6843.0,7576
1762858800,6843.25,6847.25,6842.0,6844.5,8006
1762862400,6844.5,6847.25,6838.0,6839.5,12818
1762866000,6839.75,6845.5,6835.75,6841.25,23356
1762869600,6841.0,6852.0,6837.5,6850.5,139991
1762873200,6850.5,6850.5,6830.5,6834.75,217661
1762876800,6834.5,6851.0,6830.75,6841.0,185650
1762880400,6841.0,6866.25,6840.25,6864.75,147580
1762884000,6864.75,6876.75,6864.0,6875.75,143386
1762887600,6875.75,6878.0,6868.25,6875.0,97816
1762891200,6875.0,6879.75,6866.75,6872.75,182726
1762894800,6872.75,6880.0,6869.25,6874.0,51678
1762902000,6874.0,6876.0,6868.0,6871.25,0
1762905600,6871.5,6880.0,6870.75,6877.0,8263
1762909200,6877.25,6885.5,6876.25,6884.0,11034
1762912800,6884.25,6889.25,6880.0,6882.25,9302
1762916400,6882.5,6883.75,6879.25,6882.75,5500
1762920000,6882.5,6883.25,6877.25,6880.5,5404
1762923600,6882.5,6888.25,6881.5,6886.0,4984
1762927200,6885.75,6891.0,6885.5,6889.75,5275
1762930800,6890.0,6898.0,6890.0,6892.0,9047
1762934400,6892.0,6897.75,6889.25,6893.25,11280
1762938000,6893.25,6900.5,6890.0,6898.25,12806
1762941600,6898.25,6900.5,6889.75,6893.75,9655
1762945200,6893.75,6895.5,6882.75,6885.25,11109
1762948800,6885.25,6898.5,6882.0,6896.25,18756
1762952400,6896.0,6898.5,6893.75,6895.25,13553
1762956000,6895.25,6895.5,6873.75,6880.0,147448
1762959600,6880.0,6885.25,6860.75,6866.25,225785
1762963200,6866.5,6872.75,6852.0,6860.25,204828
1762966800,6860.25,6881.25,6858.0,6879.25,161351
1762970400,6879.0,6884.25,6873.0,6878.75,112503
1762974000,6878.75,6880.5,6865.0,6870.5,120444
1762977600,6870.5,6884.0,6863.5,6876.0,185590
1762981200,6876.0,6881.0,6872.75,6873.25,48672
1762988400,6873.25,6875.0,6851.25,6858.25,0
1762992000,6858.5,6869.25,6858.25,6863.75,11463
1762995600,6863.75,6889.5,6862.25,6884.25,25796
1762999200,6884.25,6886.25,6876.5,6878.75,7931
1763002800,6879.0,6886.5,6874.75,6883.25,6745
1763006400,6883.0,6887.5,6880.75,6887.0,3911
1763010000,6888.0,6890.25,6887.0,6887.75,4214
1763013600,6887.5,6892.5,6886.0,6889.75,4059
1763017200,6889.75,6892.5,6882.5,6883.25,6581
1763020800,6883.0,6886.25,6878.25,6884.0,10543
1763024400,6884.0,6885.0,6859.25,6865.5,18833
1763028000,6865.5,6876.0,6864.5,6870.25,11146
1763031600,6870.25,6875.25,6858.75,6867.5,13805
1763035200,6867.5,6872.5,6860.0,6865.75,11099
1763038800,6865.75,6866.75,6849.25,6851.25,29838
1763042400,6851.25,6853.5,6817.0,6829.5,217368
1763046000,6829.5,6850.5,6794.5,6805.75,322324
1763049600,6806.0,6809.25,6783.25,6793.0,272225
1763053200,6793.0,6806.0,6780.75,6782.5,208823
1763056800,6782.5,6788.75,6756.0,6767.75,213546
1763060400,6767.75,6777.5,6746.0,6758.0,213620
1763064000,6758.0,6771.5,6746.0,6762.0,309765
1763067600,6762.0,6778.5,6761.0,6762.5,62475
1763074800,6762.75,6775.0,6762.75,6767.0,0
1763078400,6766.75,6774.25,6764.75,6766.75,10580
1763082000,6766.75,6774.0,6765.0,6768.5,9757
1763085600,6768.75,6774.75,6768.5,6771.0,7737
1763089200,6771.0,6772.5,6761.5,6766.5,8278
1763092800,6766.5,6768.0,6751.75,6752.25,12753
1763096400,6752.0,6767.75,6743.75,6764.0,15312
1763100000,6763.75,6764.25,6745.75,6757.75,11861
1763103600,6757.5,6758.0,6733.25,6746.0,23285
1763107200,6746.0,6747.75,6728.25,6744.75,34113
1763110800,6744.75,6754.75,6735.5,6738.25,21302
1763114400,6738.0,6748.5,6735.75,6739.0,11990
1763118000,6738.75,6738.75,6704.25,6714.5,33800
1763121600,6714.75,6715.0,6684.25,6695.25,52041
1763125200,6695.0,6700.5,6677.75,6692.0,64755
1763128800,6692.25,6726.5,6670.5,6725.0,301594
1763132400,6725.0,6766.75,6707.25,6761.0,375140
1763136000,6760.75,6788.75,6747.25,6786.0,225662
1763139600,6785.75,6795.5,6770.0,6779.25,172760
1763143200,6779.25,6782.25,6753.5,6771.25,196296
1763146800,6771.0,6787.5,6761.25,6785.0,136205
1763150400,6785.0,6789.75,6750.0,6758.25,235681
1763154000,6758.0,6769.25,6750.75,6755.25,57799
1763334000,6749.75,6770.5,6747.5,6766.75,10118
1763337600,6766.5,6778.75,6755.75,6776.0,15423
1763341200,6776.25,6780.25,6770.0,6770.75,11515
1763344800,6770.75,6782.0,6770.0,6781.0,8023
1763348400,6780.75,6785.0,6779.25,6784.0,5606
1763352000,6784.0,6787.75,6782.75,6786.0,5319
1763355600,6786.0,6788.25,6780.0,6780.75,6241
1763359200,6780.75,6785.5,6778.25,6779.5,6986
1763362800,6779.5,6795.25,6778.5,6792.5,9464
1763366400,6792.25,6801.5,6790.25,6799.25,13162
1763370000,6799.0,6800.5,6783.25,6787.5,13519
1763373600,6787.25,6787.75,6764.25,6769.0,14735
1763377200,6769.0,6779.25,6764.25,6771.75,12597
1763380800,6771.75,6771.75,6755.75,6759.0,18084
1763384400,6759.0,6760.25,6734.5,6747.5,32921
1763388000,6747.5,6774.75,6726.5,6765.0,187965
1763391600,6765.25,6769.5,6738.25,6744.5,239497
1763395200,6744.5,6767.25,6714.75,6767.0,230995
1763398800,6767.0,6767.5,6728.75,6729.5,148834
1763402400,6729.5,6736.25,6702.0,6702.75,198630
1763406000,6702.75,6706.25,6663.75,6664.5,235735
1763409600,6664.25,6694.75,6658.5,6693.5,332096
1763413200,6693.5,6701.0,6692.0,6697.25,60438
1763420400,6696.5,6706.25,6693.25,6701.5,0
1763424000,6701.5,6704.5,6685.0,6689.75,14822
1763427600,6689.75,6708.75,6688.75,6704.0,14362
1763431200,6704.0,6707.75,6686.5,6686.75,12871
1763434800,6686.5,6687.25,6672.5,6675.25,21083
1763438400,6675.25,6675.25,6638.75,6662.0,36589
1763442000,6664.0,6667.75,6656.0,6656.25,16438
1763445600,6656.5,6663.75,6643.0,6646.5,17471
1763449200,6646.75,6662.75,6635.5,6655.0,21929
1763452800,6655.25,6685.75,6654.25,6674.25,29809
1763456400,6674.25,6684.5,6667.5,6680.75,16605
1763460000,6680.5,6682.25,6670.5,6680.25,10241
1763463600,6679.75,6681.75,6665.25,6675.0,15040
1763467200,6674.75,6675.0,6643.25,6650.5,29519
1763470800,6650.75,6668.0,6650.5,6661.75,35766
1763474400,6661.5,6679.0,6621.5,6622.0,285627
1763478000,6622.0,6638.75,6603.25,6607.5,468181
1763481600,6607.5,6659.75,6594.0,6647.25,325836
1763485200,6647.25,6679.75,6614.75,6672.75,254596
1763488800,6673.0,6687.5,6663.0,6666.25,212721
1763492400,6666.25,6685.5,6660.25,6680.0,207966
1763496000,6680.0,6685.5,6636.5,6637.75,322202
1763499600,6637.75,6638.5,6624.75,6627.75,79343
1763506800,6630.75,6647.5,6629.5,6641.75,0
1763510400,6641.75,6643.75,6622.5,6635.75,16031
1763514000,6635.75,6647.5,6627.5,6633.75,15691
1763517600,6634.0,6652.25,6634.0,6650.5,11802
1763521200,6650.75,6652.5,6629.75,6630.75,9339
1763524800,6630.75,6634.5,6621.5,6627.75,10766
1763528400,6629.25,6634.0,6613.25,6630.5,12406
1763532000,6630.25,6636.5,6626.75,6634.25,7965
1763535600,6634.0,6647.75,6630.25,6644.75,12569
1763539200,6644.5,6652.5,6636.0,6639.25,19411
1763542800,6639.0,6659.0,6634.75,6658.0,15778
1763546400,6658.25,6664.75,6655.25,6663.5,12992
1763550000,6663.5,6668.75,6660.25,6661.0,15091
1763553600,6661.0,6667.25,6656.75,6661.75,17146
1763557200,6662.0,6664.75,6650.25,6652.75,33043
1763560800,6652.75,6693.75,6635.75,6691.75,232488
1763564400,6692.0,6709.0,6661.0,6664.75,318036
1763568000,6664.5,6670.25,6642.5,6660.0,263942
1763571600,6660.0,6664.75,6622.0,6648.5,226424
1763575200,6648.5,6668.25,6642.75,6660.75,183960
1763578800,6661.0,6663.5,6628.25,6647.75,165605
1763582400,6647.75,6683.5,6645.25,6661.75,266233
1763586000,6661.75,6704.25,6652.25,6696.0,97855
1763593200,6697.5,6732.75,6694.0,6732.0,0
1763596800,6731.75,6743.25,6728.0,6736.0,14770
1763600400,6735.75,6743.0,6732.25,6742.0,10373
1763604000,6741.75,6746.5,6737.5,6745.0,10270
1763607600,6744.75,6749.75,6738.5,6744.5,10270
1763611200,6744.25,6749.75,6742.25,6748.75,5654
1763614800,6753.75,6754.0,6744.75,6746.5,8831
1763618400,6746.75,6749.5,6740.5,6749.0,7464
1763622000,6749.0,6757.0,6742.75,6744.25,14754
1763625600,6744.25,6755.0,6740.5,6743.75,20154
1763629200,6743.5,6745.75,6725.5,6729.0,17960
1763632800,6729.0,6746.5,6724.0,6744.25,12676
1763636400,6744.25,6744.5,6729.0,6733.0,15934
1763640000,6733.0,6747.25,6726.25,6746.25,17686
1763643600,6746.5,6772.75,6737.0,6767.75,67683
1763647200,6767.75,6786.0,6760.25,6784.5,238472
1763650800,6784.75,6791.25,6762.75,6763.0,280399
1763654400,6763.25,6763.5,6628.0,6636.0,553892
1763658000,6636.0,6658.0,6588.25,6606.5,496343
1763661600,6606.75,6654.0,6575.0,6584.25,351435
1763665200,6584.25,6617.0,6572.25,6615.0,249126
1763668800,6615.0,6615.25,6552.5,6559.0,376123
1763672400,6559.0,6562.25,6550.5,6552.0,81173
1763679600,6560.0,6571.5,6539.25,6566.0,0
1763683200,6565.75,6581.25,6561.75,6577.5,18260
1763686800,6577.5,6589.0,6575.0,6583.25,18683
1763690400,6583.5,6588.0,6577.0,6580.5,14192
1763694000,6580.5,6594.0,6578.5,6584.25,13018
1763697600,6584.5,6586.0,6566.25,6577.0,14031
1763701200,6580.0,6585.5,6569.25,6572.25,11163
1763704800,6572.25,6582.25,6568.75,6577.0,9668
1763708400,6576.75,6580.0,6551.5,6554.0,18769
1763712000,6554.25,6585.0,6554.0,6582.75,32049
1763715600,6582.75,6584.25,6552.0,6552.5,25401
1763719200,6552.5,6561.5,6525.0,6560.75,46231
1763722800,6560.75,6572.5,6544.25,6552.75,25641
1763726400,6553.0,6597.0,6531.5,6585.5,84570
1763730000,6585.75,6599.0,6573.25,6590.75,55250
1763733600,6590.5,6596.0,6562.5,6576.25,252020
1763737200,6576.5,6590.5,6539.0,6558.5,424800
1763740800,6558.5,6638.5,6541.75,6638.0,309654
1763744400,6637.75,6647.0,6625.0,6633.25,231228
1763748000,6633.5,6672.75,6600.25,6654.0,263681
1763751600,6654.25,6677.5,6641.5,6649.5,212776
1763755200,6649.25,6654.0,6614.0,6622.75,315020
1763758800,6622.5,6632.75,6621.0,6631.5,64670
1763938800,6658.5,6662.5,6650.0,6653.25,9687
1763942400,6653.25,6653.25,6637.0,6647.5,12137
1763946000,6647.5,6653.75,6642.0,6647.0,10374
1763949600,6647.25,6661.25,6643.75,6661.0,8797
1763953200,6661.0,6662.5,6654.0,6655.5,5988
1763956800,6655.25,6656.75,6645.75,6648.75,8003
1763960400,6648.5,6659.25,6647.5,6656.75,6582
1763964000,6656.75,6657.0,6649.0,6652.5,4608
1763967600,6652.25,6662.75,6647.0,6660.25,10212
1763971200,6660.25,6669.5,6647.5,6668.0,21816
1763974800,6667.5,6669.5,6625.0,6638.0,27556
1763978400,6638.25,6642.0,6625.5,6632.75,15879
1763982000,6632.5,6646.25,6626.25,6645.75,15645
1763985600,6645.5,6658.75,6639.25,6657.25,19514
1763989200,6657.25,6667.25,6651.75,6653.0,25256
1763992800,6653.0,6686.75,6646.75,6671.25,230311
1763996400,6671.25,6703.75,6670.25,6696.75,265067
1764000000,6697.0,6716.25,6696.75,6706.25,171904
1764003600,6706.25,6725.25,6700.25,6722.0,143294
1764007200,6722.25,6729.0,6719.0,6723.75,97015
1764010800,6723.75,6729.5,6710.0,6714.5,126237
1764014400,6714.5,6731.75,6714.5,6718.75,260307
1764018000,6718.75,6727.5,6715.75,6725.0,57269
1764025200,6726.25,6728.25,6722.0,6722.25,0
1764028800,6722.0,6724.0,6715.75,6723.25,9335
1764032400,6723.0,6724.0,6714.5,6715.25,6382
1764036000,6715.25,6721.75,6715.0,6720.5,5994
1764039600,6720.25,6722.0,6713.5,6715.0,7912
1764043200,6715.5,6722.75,6714.75,6719.5,5017
1764046800,6720.75,6723.75,6714.75,6717.0,4299
1764050400,6716.75,6720.25,6712.25,6713.75,5260
1764054000,6714.0,6721.5,6710.75,6718.0,7390
1764057600,6717.75,6720.5,6706.75,6709.25,16061
1764061200,6709.5,6715.75,6701.75,6708.0,13803
1764064800,6707.75,6715.25,6703.0,6713.0,8697
1764068400,6713.25,6714.75,6706.5,6712.0,8587
1764072000,6711.75,6732.5,6711.0,6717.5,29056
1764075600,6717.25,6730.5,6714.75,6718.0,34542
1764079200,6718.0,6730.0,6674.5,6718.25,241667
1764082800,6718.75,6740.75,6689.0,6728.5,324165
1764086400,6728.5,6749.75,6718.5,6747.5,165468
1764090000,6747.5,6774.25,6747.25,6763.75,172800
1764093600,6763.75,6774.5,6762.75,6769.0,100274
1764097200,6769.25,6771.5,6755.0,6769.75,132168
1764100800,6769.75,6792.5,6769.5,6780.25,223594
1764104400,6780.25,6784.25,6778.5,6781.5,49549
1764111600,6781.0,6785.5,6778.25,6783.25,0
1764115200,6783.75,6790.75,6780.25,6789.75,5774
1764118800,6789.5,6798.0,6787.75,6797.5,10350
1764122400,6797.25,6799.5,6795.75,6799.0,8261
1764126000,6799.0,6801.75,6797.5,6800.0,5959
1764129600,6800.0,6801.0,6796.0,6797.25,4116
1764133200,6801.0,6804.25,6800.25,6803.0,6013
1764136800,6803.0,6807.25,6800.75,6805.0,5609
1764140400,6804.75,6810.75,6804.75,6807.25,8958
1764144000,6807.25,6809.0,6800.25,6800.5,16375
1764147600,6800.25,6801.0,6793.25,6795.25,14286
1764151200,6795.25,6804.25,6795.25,6803.25,8928
1764154800,6803.0,6805.0,6796.75,6798.0,11053
1764158400,6797.75,6799.25,6787.0,6796.5,23071
1764162000,6796.5,6804.5,6794.75,6803.75,24453
1764165600,6804.0,6824.0,6797.5,6802.0,188560
1764169200,6802.0,6825.0,6795.75,6824.5,232363
1764172800,6824.75,6846.5,6823.75,6843.0,170531
1764176400,6842.75,6846.75,6833.5,6840.5,125605
1764180000,6840.5,6845.0,6825.0,6833.0,168279
1764183600,6833.25,6843.25,6830.5,6838.0,104315
1764187200,6838.0,6845.25,6825.25,6825.25,192428
1764190800,6825.25,6833.25,6825.0,6830.25,44381
1764198000,6830.25,6833.5,6827.5,6829.25,0
1764201600,6829.25,6832.5,6828.25,6832.25,3373
1764205200,6832.25,6833.75,6827.75,6832.75,4827
1764208800,6832.5,6833.75,6828.5,6829.0,4050
1764212400,6829.0,6829.75,6826.5,6828.25,2969
1764216000,6828.5,6830.75,6827.25,6829.75,2208
1764334800,6842.5,6844.5,6836.75,6837.25,4436
1764340200,6837.0,6844.25,6831.25,6838.5,37255
1764343800,6838.75,6852.5,6836.5,6851.0,46853
1764347400,6851.0,6856.0,6842.5,6854.25,59954
1764351000,6854.5,6863.75,6845.25,6860.5,127790
1764352800,6860.5,6863.5,6855.25,6859.5,36986
1764543600,6859.0,6864.5,6848.5,6853.0,9634
1764547200,6853.0,6854.5,6826.25,6828.75,18652
1764550800,6828.75,6831.0,6817.25,6825.25,24064
1764554400,6825.5,6827.0,6817.25,6819.75,12060
1764558000,6819.5,6819.75,6811.5,6814.75,13164
1764561600,6814.75,6815.75,6808.0,6808.5,8176
1764565200,6808.0,6812.5,6802.0,6811.75,11330
1764568800,6811.5,6815.5,6808.25,6815.25,8165
1764572400,6815.0,6817.5,6808.75,6816.0,9464
1764576000,6815.75,6827.5,6812.25,6823.0,16024
1764579600,6823.0,6829.75,6815.0,6816.25,12683
1764583200,6816.5,6825.75,6816.25,6820.5,7631
1764586800,6820.5,6821.75,6815.75,6819.5,9531
1764590400,6819.75,6821.25,6805.0,6808.75,17831
1764594000,6809.0,6818.25,6807.0,6817.25,26941
1764597600,6817.25,6844.25,6811.75,6839.75,197210
1764601200,6840.25,6844.0,6813.75,6842.25,229105
1764604800,6842.25,6850.0,6826.75,6845.0,162384
1764608400,6845.0,6853.5,6838.5,6846.0,111937
1764612000,6846.0,6855.75,6845.25,6853.75,68690
1764615600,6854.0,6854.25,6823.75,6827.75,160130
1764619200,6827.5,6836.25,6819.25,6829.25,230116
1764622800,6829.0,6830.0,6824.75,6826.75,47005
1764630000,6829.0,6831.25,6822.0,6825.0,0
1764633600,6825.0,6829.0,6822.0,6826.5,5355
1764637200,6826.25,6833.25,6825.0,6827.25,6618
1764640800,6827.0,6831.0,6823.0,6829.25,6778
1764644400,6829.0,6829.5,6815.25,6824.25,7776
1764648000,6824.25,6825.75,6819.75,6820.25,3839
1764651600,6821.5,6822.25,6818.75,6820.75,3402
1764655200,6820.75,6824.0,6814.25,6821.0,5196
1764658800,6821.0,6825.0,6817.5,6819.25,4380
1764662400,6819.0,6830.75,6812.25,6829.5,11861
1764666000,6829.5,6837.0,6829.25,6834.5,10815
1764669600,6834.25,6846.75,6833.25,6845.0,11721
1764673200,6845.25,6849.0,6842.5,6843.5,9318
1764676800,6843.25,6845.75,6837.0,6845.5,11992
1764680400,6845.25,6848.5,6842.25,6848.5,16576
1764684000,6848.25,6854.75,6839.75,6848.25,153569
1764687600,6848.25,6862.0,6833.25,6860.25,230739
1764691200,6860.25,6863.5,6818.0,6830.5,297713
1764694800,6830.5,6853.25,6826.0,6826.25,144178
1764698400,6826.0,6840.75,6824.25,6835.75,126978
1764702000,6835.5,6850.75,6832.25,6848.0,121736
1764705600,6848.25,6853.5,6838.0,6839.25,173362
1764709200,6839.25,6843.0,6838.0,6842.75,33958
1764716400,6843.0,6847.75,6841.5,6845.75,0
1764720000,6846.0,6850.75,6837.25,6848.5,9819
1764723600,6848.5,6851.75,6847.5,6849.75,6241
1764727200,6849.5,6855.75,6848.75,6852.0,5624
1764730800,6851.75,6857.0,6849.75,6855.75,3930
1764734400,6855.75,6856.75,6854.0,6854.5,2396
1764738000,6856.5,6857.75,6852.75,6853.5,3029
1764741600,6853.75,6856.25,6849.25,6853.25,5352
1764745200,6853.0,6857.0,6850.25,6852.5,4660
1764748800,6852.5,6856.0,6845.75,6855.25,8609
1764752400,6855.25,6855.5,6847.0,6852.0,9333
1764756000,6852.0,6854.5,6846.5,6849.75,6107
1764759600,6849.75,6853.75,6847.0,6850.5,6653
1764763200,6850.25,6860.5,6846.5,6858.0,11712
1764766800,6858.0,6862.25,6854.0,6855.5,20281
1764770400,6855.5,6856.5,6817.5,6832.75,236261
1764774000,6832.75,6853.5,6831.0,6847.0,231897
1764777600,6847.0,6859.5,6840.0,6845.75,165177
1764781200,6846.0,6865.0,6844.75,6863.0,123982
1764784800,6862.75,6869.25,6858.75,6863.0,89138
1764788400,6863.0,6871.75,6862.25,6870.25,72621
1764792000,6870.25,6873.25,6859.25,6862.5,189765
1764795600,6862.5,6865.25,6861.5,6862.0,42958
1764802800,6866.0,6866.0,6861.0,6863.5,0
1764806400,6863.5,6866.75,6857.75,6859.5,4592
1764810000,6859.5,6865.0,6858.75,6861.25,5779
1764813600,6861.25,6864.5,6857.5,6863.25,4518
1764817200,6863.25,6863.25,6857.0,6860.5,3599
1764820800,6860.25,6863.5,6858.5,6862.75,4015
1764824400,6862.75,6864.5,6860.75,6862.75,3138
1764828000,6863.0,6866.25,6861.75,6865.25,3289
1764831600,6865.25,6868.5,6864.5,6865.5,4075
1764835200,6865.5,6865.5,6854.25,6858.75,11247
1764838800,6859.0,6870.0,6855.75,6868.25,9822
1764842400,6868.5,6869.25,6861.5,6862.5,6528
1764846000,6862.5,6865.75,6860.0,6865.25,7731
1764849600,6865.5,6871.25,6864.5,6868.25,12203
1764853200,6868.25,6871.0,6862.0,6864.25,18649
1764856800,6864.25,6880.75,6850.25,6853.5,195229
1764860400,6853.5,6868.75,6844.5,6855.75,203547
1764864000,6856.0,6868.75,6845.0,6867.25,158272
1764867600,6867.0,6868.75,6856.5,6866.0,104886
1764871200,6866.0,6871.0,6857.75,6864.25,87642
1764874800,6864.25,6865.5,6836.25,6855.5,179099
1764878400,6855.25,6869.0,6846.0,6867.25,201963
1764882000,6867.5,6868.5,6864.25,6865.75,42168
1764889200,6865.5,6869.5,6861.25,6863.75,0
1764892800,6863.5,6871.5,6862.0,6870.75,6151
1764896400,6871.0,6875.75,6870.0,6875.5,5963
1764900000,6875.5,6881.25,6874.5,6876.25,5731
1764903600,6876.25,6879.25,6874.75,6878.0,2914
1764907200,6878.0,6881.0,6877.5,6880.0,3505
1764910800,6881.0,6882.0,6879.25,6882.0,3458
1764914400,6882.0,6884.0,6879.25,6880.5,3820
1764918000,6880.75,6884.0,6879.5,6881.75,5613
1764921600,6882.0,6886.25,6878.5,6878.5,12032
1764925200,6878.5,6881.25,6876.5,6878.5,6175
1764928800,6878.75,6881.5,6877.25,6877.75,4760
1764932400,6877.75,6882.0,6876.0,6880.25,6262
1764936000,6880.25,6882.25,6876.0,6879.25,8819
1764939600,6879.25,6880.75,6856.75,6864.0,33850
1764943200,6864.0,6891.25,6863.75,6889.75,157874
1764946800,6889.75,6905.0,6883.25,6887.5,220290
1764950400,6887.5,6892.25,6870.5,6880.75,224054
1764954000,6880.75,6885.0,6866.5,6883.5,137625
1764957600,6883.25,6890.5,6875.75,6882.5,100038
1764961200,6882.75,6885.0,6876.25,6883.25,86729
1764964800,6883.25,6883.75,6866.75,6876.75,182823
1764968400,6876.75,6881.75,6876.25,6878.25,42410
1765148400,6880.5,6883.5,6877.5,6881.0,4058
1765152000,6881.25,6882.0,6872.75,6881.0,6794
1765155600,6881.0,6884.25,6880.0,6883.5,6404
1765159200,6883.5,6887.75,6882.5,6887.75,5018
1765162800,6887.5,6890.0,6886.5,6888.5,4022
1765166400,6888.5,6891.5,6888.5,6890.75,3482
1765170000,6890.75,6892.0,6889.25,6890.0,3275
1765173600,6890.25,6892.25,6887.75,6888.0,3826
1765177200,6888.0,6893.75,6886.5,6890.75,6045
1765180800,6890.75,6891.0,6883.25,6884.5,9754
1765184400,6884.5,6889.75,6884.0,6884.5,7880
1765188000,6884.5,6888.25,6882.25,6887.25,7688
1765191600,6887.0,6887.0,6881.25,6882.75,6947
1765195200,6882.75,6889.5,6880.75,6887.5,8815
1765198800,6887.5,6893.25,6885.0,6888.75,18750
1765202400,6888.75,6891.75,6869.25,6874.0,142224
1765206000,6873.75,6877.25,6855.25,6856.5,171352
1765209600,6856.25,6860.75,6848.5,6853.25,149930
1765213200,6853.25,6862.75,6841.25,6860.75,134654
1765216800,6860.75,6863.5,6835.25,6841.0,133539
1765220400,6841.0,6848.0,6836.25,6843.0,100762
1765224000,6843.0,6857.75,6840.0,6856.5,171771
1765227600,6856.25,6864.75,6853.0,6864.5,69706
1765234800,6865.0,6868.5,6860.25,6868.5,0
1765238400,6868.25,6868.5,6864.75,6866.75,3907
1765242000,6866.75,6868.0,6859.75,6861.5,6745
1765245600,6861.75,6865.0,6859.0,6862.5,4026
1765249200,6862.25,6863.5,6860.75,6862.75,2592
1765252800,6862.75,6863.0,6860.25,6861.25,2069
1765256400,6859.5,6860.5,6857.75,6858.0,3399
1765260000,6857.75,6863.25,6855.0,6862.0,4902
1765263600,6862.0,6865.0,6860.75,6864.25,3945
1765267200,6864.0,6868.25,6862.0,6863.5,9750
1765270800,6863.75,6863.75,6856.25,6857.25,9175
1765274400,6857.25,6863.0,6844.75,6861.0,23986
1765278000,6861.0,6862.5,6852.75,6861.5,12060
1765281600,6861.75,6862.25,6855.0,6859.0,10077
1765285200,6858.75,6860.5,6848.75,6850.5,21187
1765288800,6850.5,6864.5,6845.0,6863.0,135328
1765292400,6863.25,6868.5,6854.5,6864.0,142825
1765296000,6863.75,6872.75,6863.25,6868.75,108143
1765299600,6868.5,6872.5,6855.0,6861.75,100463
1765303200,6861.5,6864.0,6852.5,6859.5,89593
1765306800,6859.5,6860.25,6850.75,6855.25,73004
1765310400,6855.0,6857.5,6844.5,6849.5,141729
1765314000,6849.25,6850.0,6844.0,6846.25,31759
1765321200,6847.25,6849.0,6846.25,6846.5,0
1765324800,6846.5,6851.0,6843.25,6843.25,5970
1765328400,6843.25,6846.0,6842.25,6843.75,5746
1765332000,6843.75,6848.5,6843.75,6847.5,3633
1765335600,6847.25,6849.25,6845.0,6847.25,2876
1765339200,6847.25,6854.25,6847.25,6851.25,4489
1765342800,6847.75,6849.0,6845.75,6848.0,3395
1765346400,6848.0,6853.0,6848.0,6851.75,3642
1765350000,6851.5,6856.0,6850.0,6855.25,4563
1765353600,6855.25,6859.25,6851.75,6854.5,12203
1765357200,6854.5,6857.5,6850.25,6852.5,7941
1765360800,6852.25,6857.75,6834.25,6840.75,21238
1765364400,6840.75,6850.0,6839.0,6845.25,13645
1765368000,6845.0,6845.75,6838.25,6843.0,9466
1765371600,6843.25,6856.25,6841.5,6846.75,21831
1765375200,6847.0,6851.0,6830.75,6849.0,150116
1765378800,6849.0,6852.5,6834.25,6840.25,168701
1765382400,6840.0,6856.5,6832.25,6853.75,134568
1765386000,6853.5,6860.0,6847.0,6856.25,78244
1765389600,6856.25,6858.5,6842.25,6846.25,86836
1765393200,6846.0,6898.5,6844.75,6896.75,323759
1765396800,6896.75,6908.0,6888.75,6892.0,267398
1765400400,6892.0,6896.0,6885.0,6893.25,49167
1765407600,6887.0,6891.25,6880.5,6882.75,0
1765411200,6882.75,6883.0,6871.75,6874.5,9678
1765414800,6874.5,6875.25,6868.75,6869.75,8535
1765418400,6869.75,6869.75,6847.0,6851.5,18567
1765422000,6851.25,6851.5,6817.5,6834.75,39936
1765425600,6835.0,6841.5,6832.5,6837.25,8436
1765429200,6834.75,6837.5,6829.5,6836.0,7618
1765432800,6836.0,6838.0,6828.25,6837.5,7600
1765436400,6837.25,6842.5,6829.25,6841.5,10335
1765440000,6841.25,6842.75,6828.5,6841.75,21147
1765443600,6841.75,6858.0,6840.0,6855.25,17139
1765447200,6855.25,6857.0,6850.75,6852.75,12216
1765450800,6852.5,6864.0,6851.25,6862.75,12813
1765454400,6862.5,6877.0,6861.75,6874.25,20733
1765458000,6874.0,6875.25,6862.5,6864.25,29302
1765461600,6864.5,6875.25,6839.25,6842.75,270268
1765465200,6843.0,6884.75,6838.0,6874.0,326494
1765468800,6874.0,6886.5,6860.5,6871.5,213099
1765472400,6871.75,6897.25,6870.5,6889.75,160352
1765476000,6889.5,6903.25,6887.75,6896.25,125615
1765479600,6896.5,6909.25,6895.25,6905.25,105746
1765483200,6905.25,6908.75,6896.5,6908.0,197814
1765486800,6908.0,6928.75,6907.0,6925.0,69023
1765494000,6914.0,6915.5,6902.75,6904.0,0
1765497600,6904.0,6907.75,6898.5,6901.0,9120
1765501200,6901.0,6907.0,6900.75,6906.5,6859
1765504800,6906.25,6911.75,6905.75,6909.5,6980
1765508400,6909.75,6910.5,6904.75,6906.5,5123
1765512000,6906.5,6907.0,6903.25,6904.25,5562
1765515600,6906.25,6912.75,6904.5,6911.0,6400
1765519200,6911.25,6913.5,6906.75,6907.75,6716
1765522800,6907.5,6907.75,6904.5,6905.25,6840
1765526400,6905.5,6912.5,6903.75,6909.75,12193
1765530000,6909.5,6910.75,6892.0,6897.0,19492
1765533600,6897.0,6902.25,6892.25,6898.0,16810
1765537200,6898.25,6900.5,6890.25,6893.0,20057
1765540800,6893.0,6901.5,6889.5,6897.0,22139
1765544400,6897.0,6908.0,6895.25,6907.75,33936
1765548000,6907.75,6909.0,6885.75,6889.0,235706
1765551600,6889.0,6889.5,6826.75,6831.0,476354
1765555200,6830.75,6838.25,6805.0,6819.25,501341
1765558800,6819.25,6846.0,6816.75,6840.25,261783
1765562400,6840.25,6856.75,6837.25,6839.25,217346
1765566000,6839.25,6840.5,6826.0,6833.5,187893
1765569600,6833.5,6838.75,6814.25,6831.25,340506
1765573200,6831.25,6837.25,6829.75,6830.75,64735
1765753200,6822.0,6834.5,6821.5,6833.0,6995
1765756800,6833.0,6843.75,6831.5,6842.75,5897
1765760400,6842.5,6848.0,6838.75,6847.25,5358
1765764000,6847.25,6850.75,6844.25,6846.25,4074
1765767600,6846.25,6848.5,6843.75,6846.0,2479
1765771200,6846.25,6850.75,6842.0,6849.0,3141
1765774800,6849.75,6851.5,6846.75,6850.25,3712
1765778400,6850.25,6851.5,6845.25,6849.5,4968
1765782000,6849.75,6851.5,6843.25,6845.5,7385
1765785600,6845.5,6856.5,6841.75,6854.5,12968
1765789200,6854.25,6863.0,6852.0,6861.75,16855
1765792800,6861.5,6865.25,6860.25,6864.25,14770
1765796400,6864.25,6866.25,6862.25,6864.75,12139
1765800000,6864.75,6866.5,6858.5,6864.5,17737
1765803600,6864.25,6868.75,6860.25,6867.75,49758
1765807200,6867.5,6872.5,6836.75,6838.0,242110
1765810800,6838.0,6839.25,6806.25,6824.75,371086
1765814400,6824.75,6844.0,6814.75,6822.0,218008
1765818000,6822.0,6828.0,6807.5,6818.5,164352
1765821600,6818.25,6827.5,6808.5,6823.5,138408
1765825200,6823.5,6831.5,6817.5,6830.5,116785
1765828800,6830.25,6830.75,6819.0,6820.75,194107
1765832400,6821.0,6825.75,6819.25,6824.25,33733
1765839600,6825.25,6827.75,6812.5,6817.5,0
1765843200,6817.5,6820.0,6805.5,6808.0,5934
1765846800,6808.25,6812.25,6780.5,6789.25,13667
1765850400,6789.25,6795.25,6784.75,6789.0,4683
1765854000,6789.0,6794.25,6781.5,6792.5,3457
1765857600,6792.75,6795.75,6786.0,6793.5,2250
1765861200,6791.5,6792.25,6780.25,6781.25,3853
1765864800,6781.5,6785.5,6780.0,6785.0,3637
1765868400,6785.25,6788.25,6775.25,6784.75,5753
1765872000,6784.75,6857.75,6784.0,6857.0,67756
1765875600,6799.25,6861.0,6789.0,6850.5,23754
1765879200,6850.5,6870.0,6789.75,6864.5,32002
1765882800,6864.25,6873.75,6804.5,6816.0,0
1765886400,6816.25,6879.75,6813.5,6817.0,24443
1765890000,6874.5,6892.0,6807.25,6867.75,178956
1765893600,6867.75,6879.5,6789.75,6820.5,27517
1765897200,6821.0,6880.5,6777.0,6803.0,159607
1765900800,6802.75,6862.0,6778.75,6851.5,863504
1765904400,6851.5,6857.75,6767.0,6823.5,209933
1765908000,6823.5,6854.5,6762.0,6846.5,206988
1765911600,6846.5,6853.5,6771.0,6791.75,0
1765915200,6791.75,6873.25,6790.25,6855.5,1402424
1765918800,6855.5,6857.25,6790.0,6848.0,59747
1765926000,6796.0,6856.0,6787.5,6790.25,0
1765929600,6790.0,6848.5,6780.0,6843.5,15898
1765933200,6843.5,6855.75,6788.5,6800.25,0
1765936800,6800.25,6856.75,6793.75,6854.75,27323
1765940400,6800.0,6857.25,6795.75,6851.75,6052
1765944000,6797.25,6856.0,6791.5,6792.25,0
1765947600,6847.0,6854.0,6789.5,6853.0,39644
1765951200,6852.75,6864.0,6798.5,6805.25,0
1765954800,6805.5,6867.5,6804.0,6862.5,3203
1765958400,6808.25,6869.25,6803.5,6809.5,7637
1765962000,6809.5,6877.75,6806.75,6820.0,10729
1765965600,6819.75,6882.25,6819.25,6880.75,88616
1765969200,6880.75,6882.5,6820.0,6825.25,15244
1765972800,6825.25,6882.5,6821.75,6878.75,15944
1765976400,6878.75,6880.5,6807.5,6873.75,59973
1765980000,6818.5,6877.75,6787.0,6804.25,0
1765983600,6857.75,6862.25,6751.25,6810.0,637921
1765987200,6809.75,6821.0,6742.0,6806.25,278799
1765990800,6753.25,6815.0,6741.25,6749.25,0
1765994400,6749.0,6812.5,6749.0,6788.5,1045451
1765998000,6788.25,6796.25,6783.25,6794.5,130642
1766001600,6794.5,6796.5,6775.5,6776.75,281670
1766005200,6776.75,6795.0,6776.75,6786.5,74491
1766012400,6792.0,6793.0,6780.25,6782.25,0
1766016000,6782.5,6793.0,6776.0,6792.25,16455
1766019600,6792.0,6793.0,6782.75,6784.5,11174
1766023200,6784.5,6795.0,6783.25,6785.5,11271
1766026800,6785.25,6786.0,6771.5,6780.0,11772
1766030400,6780.0,6789.0,6779.0,6788.75,5259
1766034000,6788.5,6788.75,6782.75,6785.75,6991
1766037600,6785.75,6787.5,6780.5,6786.0,8877
1766041200,6786.0,6795.5,6785.75,6793.5,9610
1766044800,6793.5,6801.0,6789.0,6798.25,18108
1766048400,6798.25,6807.75,6795.0,6807.25,13974
1766052000,6807.25,6808.25,6802.5,6805.25,11538
1766055600,6805.25,6811.75,6804.25,6811.0,12308
1766059200,6811.0,6812.0,6803.5,6805.0,14896
1766062800,6805.0,6837.75,6801.0,6829.25,78515
1766066400,6829.0,6850.25,6820.5,6844.5,256599
1766070000,6844.5,6870.5,6825.0,6864.75,328043
1766073600,6864.75,6872.0,6857.5,6860.0,193897
1766077200,6859.75,6860.0,6811.75,6847.25,374640
1766080800,6847.25,6860.75,6839.25,6845.75,167803
1766084400,6845.75,6846.25,6816.25,6820.5,212334
1766088000,6820.5,6850.0,6817.75,6828.75,294913
1766091600,6828.75,6829.75,6820.0,6822.75,61041
1766098800,6824.75,6829.75,6820.0,6829.75,0
1766102400,6830.0,6831.25,6822.75,6828.25,6718
1766106000,6828.25,6833.0,6822.25,6830.5,9119
1766109600,6830.25,6833.25,6825.5,6826.0,7570
1766113200,6825.75,6836.75,6822.5,6834.25,9453
1766116800,6834.5,6836.5,6830.75,6834.25,4300
1766120400,6830.75,6833.5,6827.25,6827.75,6579
1766124000,6827.75,6830.75,6820.5,6827.25,8488
1766127600,6827.5,6841.25,6827.25,6840.0,8888
1766131200,6839.5,6851.25,6837.5,6848.25,15027
1766134800,6848.0,6854.25,6844.75,6852.75,9764
1766138400,6852.75,6853.5,6845.75,6847.0,9610
1766142000,6846.75,6847.75,6837.75,6842.25,12082
1766145600,6842.25,6846.0,6829.0,6830.0,16818
1766149200,6830.0,6840.75,6829.0,6836.0,35606
1766152800,6836.0,6881.75,6831.5,6880.5,237385
1766156400,6880.25,6887.5,6866.75,6872.25,204571
1766160000,6872.25,6888.25,6868.0,6879.75,140064
1766163600,6879.5,6893.25,6879.0,6889.0,89216
1766167200,6889.25,6893.75,6884.0,6884.75,66130
1766170800,6884.75,6892.75,6884.5,6888.5,57132
1766174400,6888.75,6891.0,6879.25,6888.75,242542
1766178000,6888.5,6895.25,6886.25,6893.25,65428
1766358000,6902.75,6907.5,6900.75,6906.0,5837
1766361600,6906.25,6908.0,6900.5,6900.75,7349
1766365200,6901.0,6909.25,6900.75,6907.0,6610
1766368800,6907.0,6908.25,6905.25,6908.25,3635
1766372400,6908.0,6909.0,6903.75,6904.5,4283
1766376000,6904.5,6906.5,6903.75,6905.0,2966
1766379600,6904.25,6905.25,6901.25,6903.25,3321
1766383200,6903.25,6907.75,6903.25,6906.5,3188
1766386800,6906.75,6911.75,6906.5,6910.25,5087
1766390400,6910.5,6913.0,6904.75,6905.75,9107
1766394000,6905.75,6912.25,6905.25,6910.5,7217
1766397600,6910.75,6912.5,6909.5,6911.0,5095
1766401200,6911.0,6913.75,6909.75,6910.75,6987
1766404800,6911.0,6915.5,6909.25,6914.75,11781
1766408400,6914.75,6919.5,6913.75,6919.25,15551
1766412000,6919.25,6927.75,6911.75,6922.25,146558
1766415600,6922.25,6923.75,6908.5,6918.5,154098
1766419200,6918.75,6932.25,6918.5,6932.25,111037
1766422800,6932.25,6936.25,6927.75,6934.75,75926
1766426400,6934.75,6935.0,6925.75,6927.25,74672
1766430000,6927.25,6932.5,6924.5,6930.25,67211
1766433600,6930.0,6933.75,6928.25,6929.5,166730
1766437200,6929.5,6932.5,6928.75,6930.75,34542
1766444400,6930.75,6933.5,6929.5,6930.75,0
1766448000,6931.0,6932.5,6929.5,6932.5,3931
1766451600,6932.5,6933.75,6928.5,6931.25,4993
1766455200,6931.25,6935.75,6931.0,6933.0,4784
1766458800,6933.0,6934.25,6929.75,6930.25,2775
1766462400,6930.5,6931.0,6925.25,6926.0,3323
1766466000,6925.75,6927.25,6924.5,6925.0,3712
1766469600,6925.0,6926.0,6922.25,6924.5,3772
1766473200,6924.5,6927.0,6923.0,6925.5,3314
1766476800,6925.5,6932.25,6924.75,6929.5,7397
1766480400,6929.25,6936.75,6929.0,6935.75,6313
1766484000,6935.75,6936.5,6931.0,6932.75,5667
1766487600,6932.75,6933.5,6929.5,6930.5,4310
1766491200,6930.25,6932.0,6924.0,6928.0,8480
1766494800,6928.0,6928.75,6913.25,6915.75,27674
1766498400,6915.75,6943.5,6913.75,6935.0,132425
1766502000,6934.75,6946.5,6924.0,6944.75,146575
1766505600,6945.0,6951.75,6944.0,6950.75,85373
1766509200,6950.75,6953.75,6948.25,6951.5,60723
1766512800,6951.5,6959.0,6951.0,6956.75,56467
1766516400,6956.75,6961.25,6956.5,6960.0,53399
1766520000,6960.25,6963.75,6957.75,6960.5,149349
1766523600,6960.25,6962.0,6957.0,6958.0,42650
1766530800,6959.5,6959.5,6955.5,6957.0,0
1766534400,6957.25,6959.5,6956.75,6957.75,3837
1766538000,6958.0,6959.5,6955.25,6956.25,3663
1766541600,6956.0,6956.75,6953.75,6954.75,4105
1766545200,6954.75,6956.25,6953.5,6955.25,2761
1766548800,6955.0,6956.25,6953.25,6953.5,1944
1766552400,6953.75,6955.75,6952.5,6954.25,3132
1766556000,6954.25,6955.0,6953.5,6954.5,2071
1766559600,6954.75,6955.25,6952.5,6953.5,2095
1766563200,6953.5,6956.0,6953.5,6954.75,3457
1766566800,6954.75,6959.0,6954.0,6956.25,3265
1766570400,6956.5,6957.75,6954.5,6956.75,3071
1766574000,6956.75,6957.75,6955.75,6956.5,2538
1766577600,6956.75,6960.5,6956.0,6960.25,4286
1766581200,6960.0,6962.75,6956.75,6961.75,8115
1766586600,6961.75,6967.0,6957.25,6965.75,68602
1766590200,6965.75,6975.25,6965.0,6975.0,75177
1766593800,6975.0,6985.5,6973.75,6984.0,80389
1766597400,6984.0,6988.0,6981.0,6982.5,115488
1766599200,6982.25,6983.0,6976.75,6982.5,29777
1766725200,6981.0,6982.25,6979.0,6980.0,2167
1766728800,6980.0,6980.75,6978.5,6979.25,2188
1766732400,6979.25,6979.5,6974.75,6976.75,3259
1766736000,6976.75,6978.25,6974.0,6977.25,3923
1766739600,6977.25,6980.5,6976.75,6979.25,2898
1766743200,6979.5,6982.0,6979.0,6980.0,2728
1766746800,6980.0,6981.0,6975.5,6977.75,2777
1766750400,6977.75,6981.75,6976.75,6980.25,3100
1766754000,6980.25,6985.5,6979.0,6982.25,11427
1766757600,6982.5,6994.0,6979.25,6984.75,91268
1766761200,6984.75,6986.75,6973.0,6984.75,100846
1766764800,6984.75,6986.25,6974.0,6976.75,59715
1766768400,6976.5,6978.75,6970.75,6974.75,56583
1766772000,6974.75,6979.75,6969.0,6978.75,53452
1766775600,6979.0,6981.25,6976.25,6978.0,45365
1766779200,6978.0,6981.5,6977.0,6980.0,104348
1766782800,6980.0,6981.0,6976.5,6979.25,26109
1766962800,6981.25,6982.5,6976.75,6979.5,3354
1766966400,6979.5,6984.75,6977.25,6984.5,5804
1766970000,6984.25,6984.75,6973.5,6974.75,6132
1766973600,6974.75,6976.25,6972.75,6974.5,3796
1766977200,6974.5,6977.75,6973.0,6977.25,3051
1766980800,6977.25,6979.25,6977.0,6977.25,2377
1766984400,6976.5,6976.5,6971.0,6971.75,4610
1766988000,6971.75,6976.75,6970.5,6971.75,4520
1766991600,6971.75,6973.25,6967.25,6969.0,5297
1766995200,6969.25,6969.75,6957.5,6959.0,12820
1766998800,6959.25,6965.75,6959.25,6964.25,9414
1767002400,6964.5,6966.75,6961.75,6962.5,5255
1767006000,6962.75,6966.75,6960.0,6966.25,6150
1767009600,6966.0,6966.25,6956.5,6960.0,9112
1767013200,6959.75,6963.0,6945.75,6952.0,23621
1767016800,6952.25,6967.75,6942.25,6951.25,150330
1767020400,6951.25,6959.75,6943.5,6949.25,145462
1767024000,6949.0,6952.0,6942.25,6946.5,81502
1767027600,6946.5,6948.0,6936.0,6945.5,66941
1767031200,6945.75,6954.75,6943.5,6948.0,60925
1767034800,6947.75,6960.75,6944.25,6959.0,74238
1767038400,6959.25,6962.5,6950.75,6955.25,120267
1767042000,6955.0,6957.0,6952.0,6956.5,29326
1767049200,6956.5,6957.25,6950.25,6951.0,0
1767052800,6951.0,6954.25,6949.5,6949.5,3146
1767056400,6949.75,6953.5,6948.25,6953.5,3412
1767060000,6953.5,6953.75,6948.25,6950.25,3060
1767063600,6950.25,6956.75,6950.0,6954.25,3214
1767067200,6954.25,6957.75,6953.25,6956.5,2227
1767070800,6956.25,6956.5,6952.25,6955.5,2738
1767074400,6955.5,6955.5,6950.25,6952.0,3210
1767078000,6952.0,6952.0,6943.75,6946.5,4731
1767081600,6946.75,6955.75,6946.75,6955.0,8856
1767085200,6954.75,6957.25,6953.25,6954.5,6613
1767088800,6954.75,6956.0,6951.0,6951.75,5994
1767092400,6951.75,6954.25,6947.0,6953.0,7526
1767096000,6953.0,6956.0,6949.5,6952.0,7765
1767099600,6951.75,6955.75,6948.25,6952.5,12839
1767103200,6952.5,6960.75,6944.0,6956.0,108354
1767106800,6956.25,6957.0,6940.75,6951.5,126746
1767110400,6951.5,6961.5,6947.25,6947.5,93198
1767114000,6947.5,6952.0,6943.5,6951.25,61831
1767117600,6951.25,6954.25,6947.0,6952.75,47658
1767121200,6953.0,6954.5,6948.25,6950.0,48275
1767124800,6950.0,6953.25,6942.25,6945.0,127324
1767128400,6945.0,6947.0,6942.75,6945.5,35157
1767135600,6945.5,6948.25,6939.0,6942.5,0
1767139200,6942.25,6942.25,6932.25,6933.75,4647
1767142800,6933.5,6935.5,6928.25,6933.25,5942
1767146400,6933.25,6938.0,6932.5,6937.25,4158
1767150000,6937.0,6938.75,6934.0,6935.0,2612
1767153600,6935.25,6938.25,6934.25,6935.25,1829
1767157200,6935.25,6936.0,6929.5,6930.5,2296
1767160800,6930.5,6931.25,6926.5,6929.5,3480
1767164400,6929.25,6932.75,6926.25,6930.0,3978
1767168000,6930.25,6931.75,6922.25,6923.5,6148
1767171600,6923.5,6928.5,6923.0,6924.75,4829
1767175200,6925.0,6928.5,6923.0,6926.75,3741
1767178800,6927.0,6931.5,6926.75,6931.25,3912
1767182400,6931.0,6937.5,6929.25,6936.25,7521
1767186000,6936.25,6951.5,6935.0,6949.25,17678
1767189600,6949.0,6951.0,6925.25,6932.0,110647
1767193200,6932.25,6933.25,6913.75,6915.5,108999
1767196800,6915.25,6926.75,6915.0,6926.0,72629
1767200400,6926.0,6926.75,6918.5,6920.5,58019
1767204000,6920.5,6933.5,6919.5,6931.25,54976
1767207600,6931.0,6935.25,6912.25,6913.25,94061
1767211200,6913.5,6914.25,6890.25,6891.75,271814
1767214800,6891.5,6897.75,6891.5,6893.75,62480
1767330000,6922.25,6924.75,6920.25,6924.5,4436
1767333600,6924.25,6925.75,6923.5,6923.5,4717
1767337200,6923.5,6924.75,6920.5,6921.75,5108
1767340800,6921.75,6932.5,6921.5,6931.25,20894
1767344400,6931.0,6937.75,6930.5,6937.0,13463
1767348000,6937.25,6938.5,6930.75,6935.75,9502
1767351600,6935.75,6938.0,6932.0,6933.25,6977
1767355200,6933.0,6933.75,6928.0,6931.25,11287
1767358800,6931.25,6931.75,6925.75,6928.5,15659
1767362400,6928.25,6939.25,6911.75,6932.75,180157
1767366000,6932.75,6939.75,6880.25,6884.0,337941
1767369600,6884.0,6895.75,6871.5,6880.5,224508
1767373200,6880.25,6897.25,6875.0,6880.75,136843
1767376800,6880.5,6886.75,6866.75,6873.75,112721
1767380400,6873.75,6908.75,6872.0,6900.25,137744
1767384000,6900.5,6906.0,6889.5,6900.25,202385
1767387600,6900.25,6905.25,6897.75,6900.0,43402
1767567600,6904.5,6910.0,6899.5,6907.0,9918
1767571200,6907.25,6910.5,6902.5,6908.0,10713
1767574800,6908.0,6912.25,6906.0,6908.75,11673
1767578400,6908.75,6912.75,6908.5,6911.25,5923
1767582000,6911.0,6912.25,6906.75,6907.5,4559
1767585600,6907.25,6912.75,6906.5,6911.5,4491
1767589200,6911.75,6912.5,6907.5,6912.25,5128
1767592800,6912.25,6915.5,6906.75,6915.0,6843
1767596400,6915.25,6915.75,6906.0,6909.75,6804
1767600000,6909.75,6920.75,6908.25,6916.25,15692
1767603600,6916.0,6920.0,6911.5,6914.0,9014
1767607200,6914.0,6921.75,6913.75,6920.25,8525
1767610800,6920.25,6924.5,6918.5,6922.25,9336
1767614400,6922.0,6925.75,6917.75,6921.0,10764
1767618000,6921.0,6925.75,6912.25,6923.0,19400
1767621600,6923.0,6947.75,6922.5,6939.0,221950
1767625200,6939.75,6957.5,6935.0,6952.25,195225
1767628800,6952.0,6963.5,6949.0,6957.75,123782
1767632400,6958.0,6960.25,6950.75,6954.5,99642
1767636000,6954.75,6956.75,6945.0,6954.5,87209
1767639600,6954.5,6956.25,6941.25,6944.75,87953
1767643200,6944.5,6951.0,6940.0,6946.25,201027
1767646800,6946.0,6946.75,6942.5,6943.5,34976
1767654000,6945.5,6947.75,6941.25,6941.75,0
1767657600,6941.75,6944.75,6939.5,6941.25,6159
1767661200,6941.5,6948.75,6940.25,6947.5,8793
1767664800,6947.75,6951.5,6946.25,6951.25,5921
1767668400,6951.25,6952.0,6950.0,6951.0,3734
1767672000,6950.75,6954.75,6950.75,6954.0,6620
1767675600,6953.75,6955.0,6952.5,6953.0,3244
1767679200,6952.75,6958.75,6952.75,6957.0,6249
1767682800,6957.0,6957.0,6951.75,6953.25,3716
1767686400,6953.25,6953.5,6931.0,6936.75,20598
1767690000,6937.0,6944.5,6935.75,6939.25,16181
1767693600,6939.25,6942.0,6938.25,6940.5,6891
1767697200,6940.5,6942.75,6939.0,6940.0,6056
1767700800,6939.75,6949.25,6939.25,6948.0,11106
1767704400,6947.75,6949.25,6939.0,6943.75,18755
1767708000,6943.75,6970.0,6939.75,6969.0,162453
1767711600,6969.25,6977.25,6955.5,6959.0,211630
1767715200,6958.75,6962.75,6951.5,6962.0,149035
1767718800,6961.75,6978.0,6959.0,6977.75,103763
1767722400,6977.75,6985.0,6973.75,6984.75,86731
1767726000,6986.5,6990.0,6985.0,6987.25,74198
1767729600,6988.5,6991.5,6987.25,6989.25,107792
1767733200,6987.5,6989.0,6986.25,6988.5,107467
1767740400,6988.5,6991.5,6986.25,6987.0,0
1767744000,6987.0,6990.25,6986.5,6988.75,5970
1767747600,6988.75,6989.5,6986.25,6988.25,6492
1767751200,6988.0,6991.0,6986.25,6987.0,4646
1767754800,6987.25,6989.25,6986.0,6986.25,3376
1767758400,6986.5,6986.75,6984.0,6984.75,4489
1767762000,6984.25,6986.75,6983.5,6984.25,3974
1767765600,6984.25,6987.25,6981.0,6981.5,4494
1767769200,6981.25,6983.5,6980.5,6980.75,3810
1767772800,6980.75,6984.75,6978.75,6979.25,8632
1767776400,6979.0,6979.75,6975.75,6978.75,8685
1767780000,6978.75,6981.25,6975.25,6978.5,7182
1767783600,6978.5,6982.5,6977.25,6982.25,7108
1767787200,6982.25,6985.0,6980.0,6983.75,10358
1767790800,6983.5,6990.0,6980.5,6989.5,20393
1767794400,6989.25,6998.25,6984.25,6992.5,131406
1767798000,6993.0,6994.5,6976.25,6991.0,212953
1767801600,6994.0,7002.5,6986.0,7002.25,132409
1767805200,7002.25,7006.75,6994.75,6997.0,103250
1767808800,6996.75,6998.5,6987.25,6995.0,103953
1767812400,6995.25,6995.75,6981.25,6984.25,107495
1767816000,6984.25,6985.0,6959.25,6962.75,241731
1767819600,6963.0,6967.25,6958.0,6967.0,48767
1767826800,6967.5,6969.5,6963.75,6964.5,0
1767830400,6964.5,6968.75,6962.25,6968.5,5111
1767834000,6968.5,6968.75,6963.75,6967.75,6675
1767837600,6968.0,6968.75,6955.0,6957.75,8648
1767841200,6957.5,6958.25,6953.75,6954.75,6984
1767844800,6954.75,6957.0,6953.25,6954.75,3219
1767848400,6954.0,6954.5,6946.0,6946.0,6172
1767852000,6946.25,6946.75,6935.25,6941.5,13208
1767855600,6941.75,6957.75,6936.5,6948.0,16169
1767859200,6948.0,6957.0,6947.75,6951.75,11865
1767862800,6952.0,6955.5,6945.75,6949.5,8896
1767866400,6949.5,6950.5,6944.5,6950.25,8530
1767870000,6950.25,6953.25,6943.75,6949.0,13643
1767873600,6948.75,6951.75,6944.75,6949.25,12005
1767877200,6949.0,6959.75,6947.5,6956.5,20157
1767880800,6956.25,6958.75,6940.0,6948.25,195662
1767884400,6948.25,6966.0,6944.0,6964.5,232633
1767888000,6964.5,6967.25,6950.5,6965.5,168225
1767891600,6965.25,6972.5,6957.5,6967.25,101296
1767895200,6967.25,6968.25,6953.75,6955.0,104451
1767898800,6955.0,6960.0,6949.25,6955.25,92092
1767902400,6955.0,6967.0,6953.75,6960.75,166685
1767906000,6961.0,6977.75,6960.5,6971.25,47157
1767913200,6973.25,6974.0,6963.0,6964.0,0
1767916800,6964.0,6967.5,6961.0,6961.5,5796
1767920400,6961.5,6963.25,6954.25,6957.75,7581
1767924000,6957.75,6964.5,6957.0,6962.5,6249
1767927600,6962.5,6963.5,6959.75,6960.75,3307
1767931200,6961.0,6962.0,6957.75,6961.5,3006
1767934800,6962.5,6963.5,6958.5,6963.0,3439
1767938400,6963.0,6965.25,6959.25,6963.25,3564
1767942000,6963.5,6963.75,6956.25,6960.75,4873
1767945600,6961.0,6965.5,6956.75,6957.75,9358
1767949200,6957.75,6968.0,6956.75,6967.5,8177
1767952800,6967.75,6969.25,6965.75,6966.75,5584
1767956400,6966.75,6973.25,6965.5,6968.0,8064
1767960000,6968.0,6972.0,6965.25,6971.75,7977
1767963600,6971.75,6988.5,6969.5,6987.0,39032
1767967200,6987.0,6989.75,6968.25,6979.5,171600
1767970800,6979.5,6999.75,6955.75,6983.75,306230
1767974400,6983.75,7005.25,6983.75,7003.75,166874
1767978000,7004.0,7010.0,7002.0,7004.5,91893
1767981600,7004.5,7014.0,6998.25,7010.25,98875
1767985200,7010.0,7017.0,7008.25,7013.75,73834
1767988800,7013.5,7017.5,7003.25,7004.5,187016
1767992400,7004.5,7005.75,7001.75,7005.0,55503
1768172400,7000.25,7001.75,6993.75,6998.25,6581
1768176000,6998.0,6999.25,6975.25,6979.25,22968
1768179600,6979.25,6980.0,6967.25,6977.25,24711
1768183200,6977.5,6977.5,6968.25,6970.0,13195
1768186800,6970.0,6971.5,6964.5,6967.75,9482
1768190400,6968.0,6969.0,6964.0,6966.75,6136
1768194000,6966.25,6968.75,6958.25,6962.5,8217
1768197600,6962.5,6967.0,6961.5,6964.75,5828
1768201200,6964.5,6970.25,6964.0,6967.5,8571
1768204800,6967.5,6970.75,6950.0,6953.0,30749
1768208400,6953.25,6959.0,6951.75,6957.75,14492
1768212000,6958.0,6961.75,6955.5,6958.75,10133
1768215600,6958.75,6964.5,6957.5,6961.0,9792
1768219200,6960.75,6970.5,6960.5,6968.5,16434
1768222800,6968.75,6970.0,6964.5,6966.75,21802
1768226400,6966.75,7002.75,6964.5,6999.75,170957
1768230000,7000.0,7004.5,6993.0,7002.75,161651
1768233600,7002.75,7012.5,7000.25,7009.5,92646
1768237200,7009.75,7012.25,7004.75,7010.5,52655
1768240800,7010.75,7018.0,7009.75,7016.25,53107
1768244400,7016.25,7024.5,7013.5,7024.0,61150
1768248000,7024.0,7025.25,7015.75,7016.0,148541
1768251600,7016.0,7018.75,7009.75,7011.5,49764
1768258800,7014.0,7014.0,7005.5,7006.0,0
1768262400,7005.75,7007.0,7002.0,7002.25,8121
1768266000,7002.25,7008.5,6998.75,7005.75,9739
1768269600,7006.0,7009.5,7005.0,7007.25,5799
1768273200,7007.25,7009.5,7004.75,7007.0,3691
1768276800,7007.25,7009.5,7006.0,7008.75,2808
1768280400,7007.25,7010.75,7006.5,7009.75,3555
1768284000,7009.75,7014.0,7009.5,7011.0,4265
1768287600,7011.25,7013.0,7009.0,7011.0,3987
1768291200,7011.0,7011.0,7005.75,7008.5,9077
1768294800,7008.75,7012.25,7005.75,7008.5,7332
1768298400,7008.25,7008.75,7002.5,7005.25,6507
1768302000,7005.25,7010.25,7003.75,7010.25,8297
1768305600,7010.25,7011.25,7005.5,7006.5,12018
1768309200,7006.5,7036.25,7004.75,7020.0,71619
1768312800,7019.75,7027.5,7005.0,7005.25,169791
1768316400,7005.25,7008.25,6983.5,7000.5,243974
1768320000,7000.25,7015.25,6986.75,7012.25,156405
1768323600,7012.5,7014.5,6988.0,6992.25,139103
1768327200,6992.0,6999.5,6987.0,6990.75,103027
1768330800,6991.0,6995.25,6985.0,6992.5,98023
1768334400,6992.25,7003.25,6976.75,7000.75,203710
1768338000,7000.75,7004.25,6998.25,6999.25,41630
1768345200,6998.5,7001.75,6996.75,6997.75,0
1768348800,6997.75,7002.5,6996.0,6999.5,6190
1768352400,6999.25,7000.5,6992.25,6992.75,6769
1768356000,6992.75,6995.25,6991.0,6994.75,4646
1768359600,6994.75,7000.0,6994.5,6998.5,3986
1768363200,6998.25,6999.0,6989.0,6990.5,4463
1768366800,6990.25,6991.5,6985.5,6986.25,5802
1768370400,6986.25,6989.0,6983.25,6989.0,7966
1768374000,6989.25,6990.25,6986.25,6989.0,4846
1768377600,6989.0,6992.25,6985.75,6989.75,9110
1768381200,6989.75,6994.0,6986.75,6990.0,7681
1768384800,6990.0,6990.25,6967.25,6971.5,24607
1768388400,6971.25,6977.5,6966.25,6972.25,15437
1768392000,6972.25,6981.25,6963.5,6976.0,18814
1768395600,6976.0,6980.75,6967.0,6970.75,29146
1768399200,6970.75,6979.75,6948.25,6949.25,208972
1768402800,6949.25,6971.25,6926.5,6933.5,326635
1768406400,6933.5,6957.0,6923.25,6928.0,205939
1768410000,6927.75,6936.75,6923.75,6928.25,142510
1768413600,6928.25,6944.5,6924.75,6943.5,131950
1768417200,6943.25,6948.5,6938.25,6943.25,105096
1768420800,6943.0,6970.25,6935.5,6968.0,333893
1768424400,6968.0,6970.75,6945.0,6960.0,66422
1768431600,6955.75,6961.25,6949.5,6959.75,0
1768435200,6959.75,6960.0,6955.5,6958.25,6048
1768438800,6958.25,6965.25,6952.5,6964.0,11344
1768442400,6964.25,6964.75,6958.0,6960.25,4521
1768446000,6960.25,6963.25,6956.25,6956.75,5018
1768449600,6956.75,6960.25,6955.5,6957.25,4406
1768453200,6960.75,6968.25,6960.25,6963.25,9020
1768456800,6963.25,6977.75,6961.25,6973.75,13227
1768460400,6973.75,6975.25,6969.25,6971.75,8337
1768464000,6971.75,6979.75,6968.25,6978.0,14501
1768467600,6978.25,6992.75,6977.25,6988.25,16553
1768471200,6988.25,6991.5,6986.75,6989.5,10014
1768474800,6989.5,6993.5,6989.25,6990.75,10981
1768478400,6990.75,6994.0,6987.5,6992.75,16838
1768482000,6992.5,7002.0,6989.25,6998.25,30656
1768485600,6998.25,7011.25,6994.5,6998.75,188904
1768489200,6999.0,7012.0,6992.5,7007.25,211734
1768492800,7007.25,7016.5,7006.0,7013.25,108839
1768496400,7013.25,7017.25,7001.5,7002.25,92196
1768500000,7002.25,7015.25,7001.25,7009.75,68455
1768503600,7009.5,7009.5,6988.0,6989.75,135766
1768507200,6989.75,6992.75,6974.75,6984.75,216295
1768510800,6984.75,6986.5,6981.0,6983.5,40456
1768518000,6986.75,6991.0,6982.75,6989.75,0
1768521600,6989.5,6992.5,6987.5,6992.0,4384
1768525200,6991.75,6995.25,6988.5,6993.5,8089
1768528800,6993.25,6998.25,6991.75,6997.25,5420
1768532400,6997.25,7000.0,6996.75,6998.25,4023
1768536000,6998.5,7003.25,6998.0,7002.5,4021
1768539600,7003.25,7003.75,7000.75,7001.25,3585
1768543200,7001.5,7004.0,7000.25,7003.75,3272
1768546800,7003.75,7005.5,7000.5,7003.0,4258
1768550400,7003.0,7007.0,6996.75,7000.0,10632
1768554000,7000.0,7004.0,6998.0,6998.0,8156
1768557600,6998.0,7003.75,6997.5,7001.75,7719
1768561200,7001.75,7004.25,6991.5,6993.25,12262
1768564800,6993.0,6997.5,6987.25,6992.0,15506
1768568400,6991.75,6995.5,6988.75,6990.75,21407
1768572000,6990.75,7002.25,6978.75,6979.0,184326
1768575600,6979.0,6987.75,6960.5,6978.25,250726
1768579200,6978.0,6995.0,6975.25,6987.0,165962
1768582800,6986.75,6990.0,6978.75,6979.25,78617
1768586400,6979.5,6992.75,6978.0,6986.75,62879
1768590000,6986.75,6997.5,6980.0,6987.25,110758
1768593600,6987.25,6989.25,6975.0,6976.5,188977
1768597200,6976.5,6980.25,6973.5,6976.75,46065
1768795200,6976.75,6976.75,6915.75,6916.25,846
1768885200,6903.25,6909.5,6901.75,6904.75,7576
1768888800,6904.75,6905.5,6878.75,6887.75,22103
1768892400,6888.0,6889.5,6877.25,6882.5,15381
1768896000,6882.5,6883.75,6857.0,6864.5,39355
1768899600,6864.5,6868.5,6846.75,6852.25,36371
1768903200,6852.25,6868.0,6847.5,6862.5,22379
1768906800,6862.5,6874.5,6861.75,6870.0,22800
1768910400,6869.75,6887.25,6866.5,6881.0,36070
1768914000,6881.25,6885.25,6860.5,6867.5,67955
1768917600,6867.25,6890.25,6865.25,6878.75,273284
1768921200,6878.5,6904.75,6865.75,6895.0,286103
1768924800,6895.0,6902.75,6880.25,6894.0,208493
1768928400,6894.0,6896.25,6861.25,6867.25,198257
1768932000,6867.25,6871.5,6836.5,6843.5,170912
1768935600,6843.75,6849.75,6829.0,6834.75,170895
1768939200,6834.75,6838.0,6822.25,6833.25,321448
1768942800,6833.5,6840.5,6828.75,6837.5,59638
1768950000,6839.0,6843.5,6829.25,6832.25,0
1768953600,6832.25,6845.0,6832.25,6843.75,10536
1768957200,6844.0,6851.5,6843.5,6849.0,12178
1768960800,6849.25,6849.75,6842.75,6844.75,8441
1768964400,6844.75,6854.75,6844.5,6848.75,12255
1768968000,6848.75,6852.25,6846.0,6849.75,7017
1768971600,6850.75,6853.75,6849.0,6852.75,7586
1768975200,6852.75,6855.5,6847.25,6847.25,9116
1768978800,6847.25,6857.5,6846.5,6852.75,11729
1768982400,6852.75,6856.75,6848.75,6852.5,19681
1768986000,6852.5,6855.25,6836.75,6836.75,18500
1768989600,6837.0,6849.25,6835.0,6842.25,14485
1768993200,6842.0,6842.5,6818.75,6819.5,22149
1768996800,6819.5,6828.75,6814.5,6825.75,29822
1769000400,6825.75,6832.25,6815.75,6824.75,41297
1769004000,6824.75,6883.25,6821.75,6881.25,283474
1769007600,6881.5,6908.75,6873.0,6904.75,249521
1769011200,6904.5,6905.75,6855.5,6856.75,252994
1769014800,6857.0,6866.25,6837.25,6862.75,240025
1769018400,6862.5,6871.75,6842.5,6866.5,151899
1769022000,6866.5,6945.0,6855.25,6942.25,345532
1769025600,6942.5,6945.25,6903.25,6911.0,329289
1769029200,6911.0,6919.5,6910.0,6915.75,42306
1769036400,6920.0,6928.25,6919.0,6924.25,0
1769040000,6924.25,6929.75,6922.0,6927.0,7979
1769043600,6927.0,6934.25,6925.5,6933.25,9709
1769047200,6933.0,6934.75,6928.25,6929.5,6799
1769050800,6929.5,6933.75,6929.5,6932.25,5692
1769054400,6932.25,6932.25,6927.5,6929.5,5283
1769058000,6929.5,6929.5,6919.5,6921.0,6397
1769061600,6920.5,6925.75,6911.25,6922.0,10906
1769065200,6922.0,6932.0,6914.75,6930.0,10413
1769068800,6929.75,6952.25,6928.75,6947.25,27255
1769072400,6947.0,6956.0,6946.5,6953.0,15333
1769076000,6953.25,6954.25,6946.25,6951.25,15552
1769079600,6951.0,6954.75,6944.0,6945.25,17366
1769083200,6945.0,6948.75,6941.75,6947.5,16050
1769086800,6947.5,6958.5,6945.0,6957.5,30415
1769090400,6957.5,6964.5,6930.5,6936.0,198858
1769094000,6935.5,6951.75,6925.5,6943.0,216058
1769097600,6943.0,6962.0,6942.5,6954.25,124216
1769101200,6954.25,6968.25,6951.0,6967.0,101600
1769104800,6966.75,6969.0,6955.25,6957.25,82559
1769108400,6957.25,6966.75,6944.5,6944.5,88371
1769112000,6944.5,6952.25,6932.5,6946.0,227586
1769115600,6945.75,6948.5,6935.75,6940.25,43963
1769122800,6938.0,6944.25,6933.5,6941.25,0
1769126400,6941.0,6950.0,6937.5,6949.5,6721
1769130000,6949.5,6957.0,6949.0,6956.5,13208
1769133600,6956.75,6957.0,6951.5,6951.75,5164
1769137200,6951.75,6958.5,6951.75,6956.5,5244
1769140800,6956.5,6959.0,6954.75,6958.5,4425
1769144400,6958.75,6960.75,6958.0,6960.5,3290
1769148000,6960.5,6963.25,6957.25,6957.5,4427
1769151600,6957.5,6960.75,6953.25,6955.0,6360
1769155200,6954.75,6955.0,6935.25,6938.25,18347
1769158800,6938.25,6942.75,6925.5,6929.5,20535
1769162400,6929.25,6931.25,6925.75,6929.75,11295
1769166000,6929.75,6943.75,6929.25,6933.5,24281
1769169600,6933.25,6942.5,6931.0,6940.5,14285
1769173200,6940.5,6940.5,6925.75,6928.0,20123
1769176800,6927.75,6942.0,6924.75,6941.5,136584
1769180400,6941.75,6961.25,6936.5,6958.75,170411
1769184000,6958.75,6964.0,6948.25,6951.75,135326
1769187600,6951.75,6958.0,6931.0,6933.5,136798
1769191200,6933.5,6947.0,6932.25,6943.5,107106
1769194800,6943.75,6956.25,6943.25,6949.5,87603
1769198400,6949.5,6950.25,6939.25,6945.5,181280
1769202000,6945.75,6946.0,6932.25,6933.75,49485
1769382000,6894.0,6916.5,6893.5,6914.25,15168
1769385600,6914.5,6925.0,6911.5,6919.5,14331
1769389200,6919.5,6933.25,6917.25,6930.0,14728
1769392800,6930.0,6933.0,6920.25,6923.0,8127
1769396400,6923.0,6931.75,6923.0,6927.0,7173
1769400000,6927.0,6931.5,6924.25,6927.5,4588
1769403600,6926.75,6934.0,6925.5,6933.25,4735
1769407200,6933.5,6939.0,6932.75,6934.0,6394
1769410800,6934.0,6943.0,6933.25,6940.75,7215
1769414400,6941.0,6949.25,6940.75,6948.0,11067
1769418000,6948.0,6950.25,6921.75,6928.25,18958
1769421600,6928.25,6938.75,6927.25,6934.25,10038
1769425200,6934.5,6937.5,6932.25,6936.75,6841
1769428800,6936.5,6944.75,6936.25,6940.75,12169
1769432400,6940.75,6952.5,6937.5,6951.75,18571
1769436000,6951.75,6980.0,6951.0,6976.5,147665
1769439600,6976.25,6988.0,6971.0,6983.75,157879
1769443200,6983.75,6987.5,6975.75,6984.75,105466
1769446800,6985.0,6991.0,6984.0,6986.0,68941
1769450400,6986.0,6995.5,6982.75,6989.75,78021
1769454000,6989.5,6993.75,6988.25,6989.5,65261
1769457600,6989.5,6991.5,6979.5,6980.75,167922
1769461200,6980.5,6983.0,6976.25,6977.0,45467
1769468400,6977.0,6983.5,6972.0,6981.25,0
1769472000,6981.25,6984.0,6977.5,6983.5,5191
1769475600,6983.25,6988.25,6981.75,6987.5,6558
1769479200,6987.25,6997.5,6987.25,6997.0,8106
1769482800,6996.75,6999.0,6996.0,6998.25,5414
1769486400,6998.5,7003.5,6998.0,7000.75,6653
1769490000,6998.75,7003.25,6997.0,7002.75,4990
1769493600,7002.75,7006.5,7000.25,7000.75,6662
1769497200,7000.75,7004.0,6999.0,7002.0,5352
1769500800,7002.0,7003.0,6994.25,6997.25,10721
1769504400,6997.25,6999.25,6994.75,6995.5,8636
1769508000,6995.25,7000.5,6995.0,6999.0,7136
1769511600,6999.0,7003.5,6997.0,7002.25,10345
1769515200,7002.0,7002.25,6994.5,6997.25,13795
1769518800,6997.0,6999.75,6994.0,6995.0,14192
1769522400,6995.0,7007.75,6988.25,7005.0,136852
1769526000,7005.25,7014.75,6998.0,7013.25,156430
1769529600,7013.25,7018.5,7013.0,7013.0,93417
1769533200,7013.0,7014.5,7006.5,7007.0,90891
1769536800,7007.0,7015.25,7001.5,7013.25,73318
1769540400,7013.5,7017.0,7010.5,7013.75,50333
1769544000,7014.0,7017.25,7007.0,7008.75,156258
1769547600,7008.75,7012.0,7005.5,7009.5,42247
1769554800,7010.25,7015.0,7009.25,7012.75,0
1769558400,7012.75,7026.5,7012.5,7024.5,11509
1769562000,7024.75,7027.5,7022.5,7023.5,8606
1769565600,7023.5,7027.25,7023.0,7026.0,7040
1769569200,7025.75,7027.25,7023.75,7024.25,4961
1769572800,7024.25,7027.75,7024.25,7027.0,3686
1769576400,7028.0,7032.25,7028.0,7031.75,5624
1769580000,7031.75,7043.0,7031.75,7034.5,21400
1769583600,7034.75,7037.5,7030.75,7036.75,10178
1769587200,7036.75,7039.0,7026.0,7027.25,14182
1769590800,7027.5,7033.0,7026.0,7031.5,10389
1769594400,7031.75,7036.5,7029.5,7035.5,8037
1769598000,7035.5,7035.5,7028.75,7033.0,9195
1769601600,7033.25,7033.5,7022.25,7022.75,20863
1769605200,7023.0,7027.0,7017.5,7022.25,20394
1769608800,7022.25,7031.0,7018.0,7023.75,124709
1769612400,7023.5,7025.75,7007.25,7007.5,163729
1769616000,7007.5,7015.5,6997.0,6999.25,120161
1769619600,6999.25,7008.75,6997.0,7000.5,89600
1769623200,7000.5,7006.5,6997.5,7002.5,58118
1769626800,7003.0,7012.75,6991.25,7001.25,146826
1769630400,7001.25,7015.0,6999.25,7006.75,193140
1769634000,7006.75,7023.0,6977.25,7016.75,87788
1769641200,7021.5,7022.0,6994.5,6996.0,0
1769644800,6996.0,6999.25,6985.75,6999.0,16296
1769648400,6999.25,6999.75,6987.0,6994.75,14067
1769652000,6994.75,7006.25,6993.5,7003.0,11983
1769655600,7003.0,7009.75,7003.0,7008.75,6467
1769659200,7008.75,7016.0,7008.0,7015.5,5102
1769662800,7014.0,7019.75,7012.25,7017.75,4870
1769666400,7017.75,7023.75,7017.25,7020.0,6145
1769670000,7019.75,7029.5,7017.5,7026.5,10046
1769673600,7026.5,7029.5,7019.0,7024.75,17598
1769677200,7024.75,7029.25,7018.75,7019.25,12203
1769680800,7019.0,7023.5,7012.75,7013.75,10561
1769684400,7014.0,7022.0,7010.0,7019.5,14358
1769688000,7019.5,7024.0,7013.25,7019.0,13086
1769691600,7018.75,7026.75,7015.0,7023.5,17909
1769695200,7023.5,7023.75,6965.5,6966.5,239943
1769698800,6966.5,6967.25,6902.25,6910.75,457747
1769702400,6911.0,6940.75,6898.25,6937.5,290135
1769706000,6937.25,6967.75,6936.75,6939.5,186086
1769709600,6939.5,6968.75,6937.5,6956.5,130109
1769713200,6956.25,6973.25,6952.75,6962.0,108979
1769716800,6962.0,6999.0,6961.25,6990.0,232798
1769720400,6990.0,7002.5,6985.25,6989.75,63586
1769727600,6992.75,6995.0,6968.5,6986.5,0
1769731200,6986.5,6991.0,6974.5,6977.0,15966
1769734800,6977.25,6977.75,6952.0,6962.75,18653
1769738400,6962.75,6964.5,6943.25,6961.0,23168
1769742000,6961.0,6992.75,6960.75,6966.25,15915
1769745600,6966.25,6973.5,6964.25,6964.75,6855
1769749200,6970.0,6970.0,6956.5,6956.5,7514
1769752800,6956.75,6958.0,6935.0,6937.5,15006
1769756400,6937.5,6949.75,6928.25,6930.25,15474
1769760000,6930.25,6945.75,6926.0,6941.0,23329
1769763600,6941.0,6945.0,6917.5,6926.5,20405
1769767200,6926.25,6943.75,6926.0,6938.75,15912
1769770800,6939.0,6970.75,6938.0,6968.5,23488
1769774400,6968.75,6975.75,6956.0,6961.5,22850
1769778000,6961.25,6970.25,6947.25,6957.0,25060
1769781600,6957.0,6985.5,6955.0,6965.25,189517
1769785200,6965.0,6989.0,6964.5,6975.5,113582
1770055200,7013.5,7014.75,7012.25,7013.0,528279
1770058800,7012.75,7016.75,7001.25,7003.0,79291
1770062400,7003.0,7012.5,6998.25,7003.0,207754
1770066000,7003.0,7007.25,6997.5,7003.25,47513
1770073200,7004.25,7022.25,7002.5,7015.25,0
1770076800,7015.25,7023.25,7009.25,7018.25,8780
1770080400,7018.25,7023.5,7015.0,7017.25,8724
1770084000,7017.25,7017.25,7008.0,7012.75,8046
1770087600,7012.5,7018.75,7010.5,7017.25,6012
1770091200,7017.5,7023.0,7016.5,7021.75,4639
1770094800,7017.25,7023.5,7015.75,7021.25,5330
1770098400,7021.5,7024.5,7019.0,7021.75,5694
1770102000,7021.75,7025.75,7019.0,7023.5,7374
1770105600,7023.5,7027.25,7016.0,7017.5,15177
1770109200,7017.5,7023.25,7012.0,7014.25,11053
1770112800,7014.5,7018.25,7010.25,7011.25,7666
1770116400,7011.25,7013.5,7006.75,7010.75,9426
1770120000,7010.75,7023.25,7008.0,7020.0,14283
1770123600,7020.25,7021.5,7015.0,7015.25,15279
1770127200,7015.25,7017.0,6980.0,6981.5,192038
1770130800,6981.75,6984.25,6954.25,6978.0,350765
1770134400,6978.0,6978.75,6949.0,6952.75,202264
1770138000,6953.0,6953.75,6920.0,6923.0,235106
1770141600,6923.0,6931.5,6894.0,6894.5,189121
1770145200,6894.5,6918.5,6886.25,6914.5,249436
1770148800,6914.25,6944.25,6908.75,6941.0,255856
1770152400,6941.0,6946.0,6931.75,6938.75,64476
1770159600,6934.0,6944.5,6931.25,6942.5,0
1770163200,6942.75,6943.75,6933.5,6934.0,7907
1770166800,6934.25,6947.0,6934.25,6944.5,10545
1770170400,6944.5,6951.25,6939.75,6942.5,9445
1770174000,6942.75,6949.5,6940.5,6946.75,7174
1770177600,6946.75,6948.5,6944.0,6945.0,3611
1770181200,6944.5,6948.75,6942.0,6948.75,4298
1770184800,6948.75,6959.25,6947.0,6955.25,10009
1770188400,6955.25,6961.0,6954.25,6959.0,7257
1770192000,6958.75,6960.0,6941.0,6946.25,21140
1770195600,6946.25,6950.25,6932.5,6940.75,18957
1770199200,6941.0,6954.25,6938.75,6950.25,15212
1770202800,6950.25,6965.75,6947.5,6961.0,16244
1770206400,6961.25,6965.0,6950.25,6952.25,14549
1770210000,6952.25,6959.0,6944.75,6946.5,28376
1770213600,6946.25,6960.75,6924.0,6928.0,226551
1770217200,6928.0,6955.0,6910.5,6931.5,390196
1770220800,6931.5,6934.75,6888.5,6911.25,275996
1770224400,6911.0,6916.5,6862.5,6882.0,294453
1770228000,6882.0,6900.5,6868.25,6891.5,201438
1770231600,6891.75,6930.25,6878.75,6928.25,226067
1770235200,6928.25,6930.5,6901.75,6906.5,193727
1770238800,6906.5,6941.5,6892.25,6928.5,79470
1770246000,6915.5,6928.75,6913.5,6918.5,0
1770249600,6918.25,6930.25,6911.5,6924.5,8705
1770253200,6924.75,6935.25,6923.5,6931.0,9945
1770256800,6931.0,6932.75,6895.5,6896.75,24226
1770260400,6897.0,6909.25,6889.0,6891.0,16538
1770264000,6891.5,6906.75,6888.0,6903.5,10626
1770267600,6899.25,6909.0,6893.75,6900.25,8634
1770271200,6900.5,6913.75,6900.0,6913.0,8185
1770274800,6913.0,6917.0,6907.25,6908.25,9246
1770278400,6908.0,6923.75,6900.75,6901.0,24867
1770282000,6901.25,6918.5,6895.5,6905.25,20006
1770285600,6905.5,6918.25,6903.25,6908.0,13405
1770289200,6908.0,6916.5,6904.5,6915.0,14933
1770292800,6914.75,6920.75,6856.25,6870.5,67001
1770296400,6870.25,6880.5,6855.25,6857.25,51288
1770300000,6857.25,6881.25,6831.5,6850.0,311324
1770303600,6850.25,6858.5,6802.75,6817.25,420783
1770307200,6817.0,6859.5,6801.5,6856.0,259703
1770310800,6856.0,6870.25,6833.5,6848.5,165702
1770314400,6848.5,6857.0,6820.5,6826.75,119455
1770318000,6826.75,6859.0,6823.75,6834.5,127469
1770321600,6834.5,6852.75,6805.5,6818.0,233966
1770325200,6817.75,6829.0,6785.0,6788.75,102068
1770332400,6785.5,6794.5,6763.75,6771.25,0
1770336000,6771.25,6784.25,6751.5,6782.5,28479
1770339600,6782.5,6804.75,6768.75,6803.25,23602
1770343200,6803.5,6810.75,6798.25,6804.5,17891
1770346800,6804.25,6808.5,6790.0,6801.25,14131
1770350400,6801.25,6801.25,6782.25,6786.0,10467
1770354000,6784.5,6813.5,6782.25,6810.25,11593
1770357600,6810.25,6816.25,6803.75,6805.25,9007
1770361200,6805.0,6811.25,6797.5,6809.5,10979
1770364800,6809.5,6820.75,6796.75,6816.25,25108
1770368400,6816.25,6848.75,6811.5,6843.25,40563
1770372000,6843.0,6850.0,6835.0,6849.25,17366
1770375600,6849.0,6870.0,6848.5,6865.75,28886
1770379200,6865.5,6867.5,6845.5,6850.0,29951
1770382800,6850.25,6864.5,6846.75,6857.0,35989
1770386400,6856.75,6907.25,6850.25,6890.25,273772
1770390000,6890.0,6912.75,6872.75,6898.25,316115
1770393600,6908.75,6922.25,6907.25,6916.5,191698
1770397200,6916.5,6937.5,6913.5,6933.25,124125
1770400800,6933.0,6938.75,6928.0,6932.25,86770
1770404400,6932.5,6940.0,6929.5,6935.5,82593
1770408000,6935.5,6965.5,6933.0,6949.0,249913
1770411600,6949.0,6952.75,6942.0,6952.75,65733
1770591600,6971.0,6978.0,6966.0,6973.0,11778
1770595200,6972.75,6979.75,6968.0,6969.75,13654
1770598800,6969.75,6970.0,6958.0,6961.5,11941
1770602400,6961.25,6967.5,6958.0,6961.75,8502
1770606000,6962.0,6964.0,6956.75,6957.25,6399
1770609600,6957.25,6962.75,6957.0,6958.75,5138
1770613200,6958.75,6964.25,6957.0,6963.0,5851
1770616800,6963.25,6963.75,6953.25,6955.0,13178
1770620400,6955.0,6957.0,6947.0,6953.25,9758
1770624000,6953.5,6968.0,6952.25,6956.25,15233
1770627600,6956.25,6960.0,6941.25,6943.75,13602
1770631200,6944.0,6944.75,6921.0,6935.75,21475
1770634800,6935.75,6939.5,6930.75,6934.75,10795
1770638400,6935.0,6946.0,6928.25,6946.0,16327
1770642000,6945.75,6954.25,6937.25,6938.0,26936
1770645600,6938.25,6957.5,6924.25,6945.25,198180
1770649200,6945.0,6986.0,6943.0,6983.75,179407
1770652800,6983.75,6997.5,6982.0,6995.5,106561
1770656400,6995.5,6998.0,6986.25,6987.0,72199
1770660000,6987.25,6993.75,6977.0,6988.25,90912
1770663600,6988.25,7000.5,6986.5,6995.5,72840
1770667200,6995.75,6998.75,6980.0,6980.25,183077
1770670800,6980.5,6986.75,6980.0,6984.0,41307
1770678000,6985.0,6989.5,6976.0,6978.75,0
1770681600,6978.75,6981.75,6974.0,6978.25,7366
1770685200,6978.25,6983.25,6973.5,6980.5,8566
1770688800,6980.75,6981.0,6973.0,6976.5,6064
1770692400,6976.5,6978.75,6972.25,6976.75,5797
1770696000,6976.5,6984.25,6976.5,6984.0,4581
1770699600,6983.0,6986.25,6978.25,6984.75,5658
1770703200,6985.0,6985.0,6974.5,6977.75,5319
1770706800,6978.0,6985.0,6977.0,6984.75,5337
1770710400,6985.0,6987.75,6979.25,6985.5,11916
1770714000,6985.25,6997.5,6985.25,6989.0,9798
1770717600,6988.75,6992.5,6985.0,6989.25,10855
1770721200,6989.0,6992.5,6984.5,6991.75,7732
1770724800,6991.75,6996.5,6977.5,6977.75,14094
1770728400,6978.0,6984.25,6970.5,6984.0,29054
1770732000,6984.0,7002.25,6975.0,6998.0,161499
1770735600,6998.25,7006.5,6987.25,6994.5,183000
1770739200,6994.5,6997.25,6981.5,6988.5,130733
1770742800,6988.5,6998.75,6982.75,6995.25,75079
1770746400,6995.5,6995.5,6969.0,6977.0,126632
1770750000,6977.0,6982.25,6971.75,6978.5,75563
1770753600,6978.5,6980.5,6957.0,6961.25,200902
1770757200,6961.25,6970.75,6959.25,6970.5,43207
1770764400,6971.5,6976.25,6969.75,6974.75,0
1770768000,6974.75,6978.75,6974.0,6977.75,3625
1770771600,6977.5,6983.75,6977.5,6981.5,6302
1770775200,6981.25,6983.0,6979.25,6982.0,4177
1770778800,6981.75,6986.0,6979.0,6985.25,3914
1770782400,6985.0,6985.75,6977.25,6979.5,3642
1770786000,6981.25,6983.0,6975.0,6976.25,4120
1770789600,6976.25,6980.75,6973.5,6974.0,4537
1770793200,6974.0,6977.5,6971.0,6974.25,5497
1770796800,6974.25,6975.75,6963.75,6972.75,11112
1770800400,6972.5,6978.0,6965.75,6965.75,10252
1770804000,6966.0,6966.0,6953.0,6964.25,20188
1770807600,6964.25,6973.25,6963.25,6963.75,13266
1770811200,6963.5,6971.25,6963.0,6967.5,13053
1770814800,6967.5,7006.25,6966.5,7004.75,60684
1770818400,7004.75,7011.5,6977.25,6981.0,199020
1770822000,6981.25,6987.5,6931.0,6963.0,356294
1770825600,6962.75,6974.0,6953.25,6960.25,170285
1770829200,6960.0,6979.75,6953.25,6967.25,126721
1770832800,6967.25,6969.75,6953.5,6967.0,112536
1770836400,6967.0,6979.25,6960.75,6968.75,110180
1770840000,6968.5,6970.5,6955.75,6958.75,168371
1770843600,6958.75,6967.75,6958.25,6963.0,39849
1770850800,6964.5,6968.5,6952.25,6957.5,0
1770854400,6957.25,6964.5,6953.25,6963.5,8492
1770858000,6963.75,6974.25,6960.0,6970.75,11070
1770861600,6970.75,6973.25,6965.5,6971.75,6173
1770865200,6971.75,6978.0,6970.25,6977.25,6318
1770868800,6977.25,6983.25,6976.0,6980.25,7419
1770872400,6982.0,6984.25,6980.5,6982.25,5214
1770876000,6982.25,6983.0,6972.5,6976.5,6843
1770879600,6976.5,6983.0,6975.5,6981.75,5889
1770883200,6981.75,6985.0,6974.75,6981.75,11117
1770886800,6981.5,6985.75,6979.0,6983.5,8278
1770890400,6983.5,6986.25,6976.25,6979.5,7832
1770894000,6979.5,6984.25,6978.75,6983.5,6626
1770897600,6983.25,6986.75,6978.75,6980.0,9745
1770901200,6980.0,6991.5,6973.5,6986.5,22504
1770904800,6986.5,6992.75,6962.0,6967.25,189693
1770908400,6967.0,6976.0,6924.25,6925.0,261353
1770912000,6925.0,6926.25,6873.0,6884.5,445564
1770915600,6884.5,6894.0,6867.0,6867.75,232164
1770919200,6867.75,6891.5,6860.0,6885.0,201076
1770922800,6885.25,6898.0,6874.0,6889.75,166642
1770926400,6890.0,6893.75,6842.0,6850.75,297673
1770930000,6850.75,6865.0,6846.75,6861.75,65701
1770937200,6865.5,6867.0,6847.25,6860.75,0
1770940800,6860.5,6868.75,6840.25,6844.75,21914
1770944400,6844.75,6861.5,6844.75,6854.5,15437
1770948000,6854.5,6862.5,6854.5,6857.5,8010
1770951600,6857.75,6861.0,6846.5,6847.0,7135
1770955200,6847.25,6858.0,6845.75,6849.75,6841
1770958800,6848.25,6850.0,6835.0,6838.0,12129
1770962400,6838.0,6841.75,6824.25,6838.0,14237
1770966000,6838.0,6847.5,6836.75,6843.25,11668
1770969600,6843.5,6849.75,6827.5,6845.75,26648
1770973200,6845.75,6854.5,6837.0,6846.75,20242
1770976800,6846.5,6853.75,6837.75,6838.0,14667
1770980400,6838.25,6839.75,6820.0,6837.0,25762
1770984000,6837.0,6843.5,6827.75,6835.5,27217
1770987600,6835.25,6865.0,6821.25,6855.0,86258
1770991200,6854.75,6862.75,6808.75,6833.5,316648
1770994800,6833.25,6880.75,6832.75,6860.0,306704
1770998400,6860.25,6890.25,6852.75,6882.5,174890
1771002000,6882.5,6897.75,6879.75,6886.25,106312
1771005600,6886.25,6897.75,6875.5,6881.25,106688
1771009200,6881.75,6888.5,6856.75,6858.75,108892
1771012800,6858.75,6867.75,6832.75,6850.25,239870
1771016400,6850.25,6856.5,6845.25,6845.25,47995
1771196400,6850.5,6861.5,6850.5,6860.5,3888
1771200000,6860.5,6865.0,6855.75,6862.75,9205
1771203600,6862.75,6870.75,6861.25,6869.0,6387
1771207200,6869.0,6871.5,6862.0,6863.0,4525
1771210800,6863.0,6864.25,6858.25,6862.0,3616
1771214400,6862.0,6865.25,6860.75,6861.75,3848
1771304400,6819.5,6822.0,6810.0,6813.5,10454
1771308000,6813.5,6825.75,6813.25,6824.25,7079
1771311600,6824.25,6831.5,6814.0,6830.75,9989
1771315200,6830.75,6848.0,6829.25,6832.5,21711
1771318800,6832.5,6843.0,6830.25,6841.25,13555
1771322400,6841.0,6843.75,6823.75,6825.75,10732
1771326000,6825.75,6835.25,6821.0,6832.25,12847
1771329600,6832.25,6838.75,6818.0,6819.5,19124
1771333200,6819.5,6844.5,6805.75,6826.0,52382
1771336800,6825.75,6862.0,6797.75,6799.75,232095
1771340400,6799.75,6831.25,6791.0,6819.75,281103
1771344000,6819.5,6866.75,6818.0,6858.75,229525
1771347600,6858.5,6859.75,6825.25,6844.25,136100
1771351200,6844.25,6881.5,6832.25,6875.25,143485
1771354800,6875.25,6883.75,6868.5,6870.0,106230
1771358400,6870.0,6875.5,6853.5,6862.25,195762
1771362000,6862.25,6869.75,6857.75,6862.25,47618
1771369200,6862.75,6864.75,6848.75,6850.25,0
1771372800,6850.25,6859.5,6849.75,6852.5,7090
1771376400,6852.25,6857.25,6849.5,6857.0,5899
1771380000,6857.0,6861.75,6855.0,6859.0,5041
1771383600,6859.0,6867.5,6854.75,6866.25,5162
1771387200,6866.25,6875.0,6864.75,6874.75,5732
1771390800,6873.5,6877.25,6872.5,6873.5,3381
1771394400,6873.5,6878.5,6870.5,6874.0,4602
1771398000,6873.75,6878.75,6870.25,6877.25,6863
1771401600,6877.25,6895.75,6877.25,6894.25,18537
1771405200,6894.25,6904.0,6893.75,6896.0,18844
1771408800,6896.0,6902.75,6895.25,6898.25,11547
1771412400,6898.25,6899.25,6888.5,6889.5,10886
1771416000,6889.5,6899.5,6874.75,6885.75,30164
1771419600,6885.75,6894.0,6871.0,6873.75,26829
1771423200,6873.75,6897.75,6861.5,6895.5,205836
1771426800,6895.5,6921.5,6894.75,6919.5,203404
1771430400,6919.25,6923.75,6908.75,6909.0,113589
1771434000,6909.25,6923.0,6907.5,6919.25,80115
1771437600,6919.0,6925.75,6894.25,6903.5,118605
1771441200,6903.25,6907.5,6873.75,6879.25,145666
1771444800,6879.5,6905.75,6872.5,6895.25,209390
1771448400,6895.25,6897.0,6889.5,6892.0,38855
1771455600,6891.75,6902.25,6890.5,6894.75,0
1771459200,6894.75,6896.25,6886.75,6891.75,7833
1771462800,6891.5,6901.75,6890.25,6897.0,8344
1771466400,6896.75,6900.0,6893.25,6897.75,4723
1771470000,6897.75,6901.25,6894.5,6898.0,4535
1771473600,6898.0,6900.5,6893.0,6893.75,3413
1771477200,6891.5,6903.75,6890.75,6902.0,5127
1771480800,6902.0,6906.5,6900.0,6906.25,5090
1771484400,6906.25,6911.5,6903.75,6905.5,5847
1771488000,6905.5,6912.5,6889.5,6891.75,14206
1771491600,6891.75,6895.5,6872.25,6881.25,21636
1771495200,6881.25,6882.25,6866.25,6873.0,21227
1771498800,6873.0,6879.75,6869.0,6878.75,13378
1771502400,6878.5,6886.25,6868.0,6879.75,20442
1771506000,6879.75,6881.5,6862.0,6872.0,31922
1771509600,6871.75,6890.75,6857.0,6882.5,189599
1771513200,6882.75,6894.5,6869.75,6886.0,205632
1771516800,6886.0,6891.0,6859.5,6867.75,142901
1771520400,6867.75,6880.5,6853.5,6856.5,119796
1771524000,6856.5,6871.0,6847.75,6869.75,111504
1771527600,6869.75,6873.0,6851.0,6857.75,99538
1771531200,6857.5,6878.75,6857.5,6878.25,145758
1771534800,6878.25,6883.5,6871.25,6872.25,48239
1771542000,6874.25,6882.5,6871.25,6880.0,0
1771545600,6880.25,6887.5,6876.0,6886.5,10099
1771549200,6886.75,6892.75,6886.0,6888.5,9143
1771552800,6888.5,6893.5,6883.75,6888.0,7458
1771556400,6887.75,6890.0,6886.25,6886.5,4274
1771560000,6886.5,6891.25,6885.5,6888.75,4380
1771563600,6890.5,6898.25,6890.5,6897.5,5652
1771567200,6897.5,6900.0,6894.75,6897.0,4771
1771570800,6896.75,6899.0,6890.25,6893.0,5666
1771574400,6893.0,6896.75,6887.25,6895.75,10744
1771578000,6895.5,6904.75,6891.5,6892.5,12062
1771581600,6892.75,6894.25,6882.75,6882.75,9606
1771585200,6883.0,6883.0,6866.0,6869.0,19848
1771588800,6868.75,6874.25,6860.5,6869.75,26220
1771592400,6869.75,6877.5,6851.25,6861.5,42536
1771596000,6861.5,6884.0,6847.25,6878.75,198339
1771599600,6880.0,6925.0,6872.25,6919.0,371420
1771603200,6919.0,6923.25,6889.25,6916.75,207139
1771606800,6916.5,6919.75,6871.0,6905.25,227907
1771610400,6905.0,6931.5,6887.75,6924.0,239738
1771614000,6924.25,6929.0,6908.75,6911.25,106642
1771617600,6911.5,6926.25,6911.0,6924.75,160188
1771621200,6924.75,6929.0,6922.5,6923.25,49407
1771801200,6916.5,6920.75,6900.25,6906.25,12290
1771804800,6906.0,6906.0,6878.25,6879.25,18910
1771808400,6879.25,6885.25,6874.75,6875.5,19960
1771812000,6875.25,6878.5,6870.25,6874.5,10444
1771815600,6874.5,6878.0,6869.0,6872.75,7651
1771819200,6873.0,6875.25,6867.5,6870.75,5138
1771822800,6871.5,6875.0,6867.5,6874.0,6057
1771826400,6874.25,6879.75,6873.0,6879.25,5607
1771830000,6879.25,6887.75,6878.5,6885.5,9621
1771833600,6885.75,6891.75,6881.75,6891.0,12093
1771837200,6891.25,6910.0,6891.25,6907.5,16933
1771840800,6908.0,6913.25,6899.75,6906.5,13127
1771844400,6906.75,6911.25,6892.75,6897.5,11192
1771848000,6897.25,6900.75,6886.25,6889.5,18156
1771851600,6889.5,6903.5,6886.0,6899.75,25285
1771855200,6899.75,6930.25,6892.5,6895.0,187206
1771858800,6894.75,6902.0,6851.0,6852.0,260286
1771862400,6851.75,6860.25,6832.75,6849.0,208406
1771866000,6849.0,6854.25,6835.0,6850.0,102863
1771869600,6849.75,6869.25,6847.75,6849.5,106708
1771873200,6849.5,6852.25,6834.75,6840.0,95519
1771876800,6840.0,6854.5,6835.75,6854.25,202959
1771880400,6854.0,6859.0,6851.0,6858.25,50475
1771887600,6858.25,6864.0,6854.75,6857.25,0
1771891200,6857.25,6863.25,6853.0,6861.25,10497
1771894800,6861.25,6863.75,6856.75,6862.0,7874
1771898400,6862.0,6872.25,6860.5,6870.25,8511
1771902000,6870.25,6872.5,6869.5,6870.5,5521
1771905600,6870.25,6873.0,6868.75,6872.5,4705
1771909200,6874.25,6875.0,6862.75,6865.25,7059
1771912800,6865.25,6867.75,6861.75,6866.75,5811
1771916400,6866.5,6873.0,6865.5,6866.25,6984
1771920000,6866.25,6866.5,6850.25,6855.75,17703
1771923600,6855.75,6868.25,6855.5,6868.0,12533
1771927200,6868.0,6871.25,6862.5,6866.0,7800
1771930800,6866.25,6869.25,6859.75,6864.5,9776
1771934400,6864.5,6871.5,6845.75,6850.0,27999
1771938000,6850.25,6866.25,6849.25,6863.25,25608
1771941600,6863.25,6883.75,6828.5,6861.0,229262
1771945200,6861.0,6895.0,6848.75,6883.0,246420
1771948800,6882.75,6898.25,6880.75,6894.0,136483
1771952400,6893.75,6907.5,6893.25,6903.25,106436
1771956000,6903.25,6910.5,6898.0,6903.75,81543
1771959600,6903.75,6906.0,6895.75,6900.75,87529
1771963200,6900.5,6912.75,6894.0,6903.0,185745
1771966800,6903.25,6905.0,6899.0,6900.0,35358
1771974000,6900.25,6906.0,6895.75,6904.25,0
1771977600,6904.25,6909.75,6899.25,6908.5,7050
1771981200,6908.5,6916.25,6907.0,6914.5,9387
1771984800,6914.5,6917.5,6912.25,6916.75,6856
1771988400,6916.75,6916.75,6892.25,6910.0,15195
1771992000,6910.0,6910.25,6903.25,6906.0,5836
1771995600,6908.25,6910.25,6902.75,6904.25,4362
1771999200,6904.0,6909.5,6902.5,6905.5,4622
1772002800,6905.75,6908.25,6901.0,6903.75,4750
1772006400,6903.5,6914.5,6903.5,6912.25,10096
1772010000,6912.0,6915.75,6909.0,6914.75,6987
1772013600,6915.0,6917.5,6911.0,6912.25,7655
1772017200,6912.25,6924.25,6911.25,6924.0,9754
1772020800,6923.75,6928.75,6920.0,6926.25,16118
1772024400,6926.25,6929.5,6922.0,6927.0,16509
1772028000,6927.25,6949.0,6926.75,6942.0,170747
1772031600,6942.0,6944.75,6930.25,6937.0,153013
1772035200,6937.0,6953.0,6935.75,6949.25,122259
1772038800,6949.5,6954.75,6946.75,6954.5,73650
1772042400,6954.5,6956.0,6950.75,6953.75,47964
1772046000,6954.0,6962.0,6953.75,6959.5,63961
1772049600,6959.5,6965.75,6956.0,6959.5,172670
1772053200,6959.5,6983.75,6958.25,6975.5,63483
1772060400,6965.0,6969.25,6941.75,6948.5,0
1772064000,6948.5,6954.75,6946.0,6950.0,9979
1772067600,6950.0,6952.5,6941.25,6951.5,10069
1772071200,6951.5,6952.75,6946.25,6949.5,5754
1772074800,6949.5,6953.25,6947.5,6949.0,3454
1772078400,6949.0,6950.5,6947.25,6948.5,3187
1772082000,6945.25,6948.0,6943.75,6947.0,5194
1772085600,6947.25,6954.0,6947.0,6949.75,5627
1772089200,6949.75,6955.75,6949.5,6951.25,6601
1772092800,6951.25,6960.25,6950.5,6952.75,9624
1772096400,6952.75,6963.5,6951.75,6958.75,8239
1772100000,6958.75,6960.75,6951.5,6953.5,7106
1772103600,6953.75,6958.75,6952.25,6957.25,6522
1772107200,6957.0,6965.25,6956.75,6962.0,11915
1772110800,6962.0,6970.75,6960.75,6966.5,18587
1772114400,6966.5,6968.25,6931.75,6934.5,192952
1772118000,6934.5,6938.25,6870.75,6905.0,388556
1772121600,6904.75,6918.75,6887.75,6889.75,183010
1772125200,6889.75,6898.5,6877.5,6881.75,112777
1772128800,6882.0,6909.75,6874.25,6901.5,144916
1772132400,6901.75,6924.75,6899.25,6918.25,120163
1772136000,6918.25,6926.25,6914.0,6921.25,170665
1772139600,6921.25,6922.5,6902.75,6903.75,47112
1772146800,6899.0,6900.75,6882.5,6892.5,0
1772150400,6892.5,6899.25,6883.0,6890.75,11598
1772154000,6891.0,6897.25,6887.75,6892.75,9135
1772157600,6893.0,6899.75,6892.75,6899.5,7706
1772161200,6899.5,6900.25,6894.0,6898.25,4905
1772164800,6898.5,6901.5,6896.25,6898.75,4148
1772168400,6902.0,6907.0,6900.5,6901.25,5582
1772172000,6901.5,6903.25,6892.5,6900.5,6335
1772175600,6900.5,6908.25,6900.5,6907.0,6821
1772179200,6907.0,6911.25,6899.75,6907.5,11315
1772182800,6907.5,6915.5,6900.25,6901.5,15506
1772186400,6901.5,6902.5,6887.0,6894.5,15020
1772190000,6894.75,6896.5,6878.5,6885.0,14605
1772193600,6885.0,6893.75,6873.75,6877.75,25001
1772197200,6877.75,6882.5,6851.0,6865.5,59140
1772200800,6865.75,6867.5,6841.5,6853.5,216328
1772204400,6853.5,6885.75,6851.5,6877.25,213794
1772208000,6877.5,6888.25,6870.75,6873.75,148817
1772211600,6873.75,6888.25,6858.0,6869.25,148183
1772215200,6869.0,6872.25,6855.75,6865.0,91197
1772218800,6864.75,6875.25,6855.0,6858.5,99793
1772222400,6858.5,6894.0,6858.5,6888.0,360293
1772226000,6888.0,6889.0,6873.0,6876.0,82590
1772406000,6830.25,6838.5,6814.5,6816.75,27411
1772409600,6817.0,6831.5,6809.25,6829.75,30618
1772413200,6829.5,6857.0,6829.0,6849.75,33874
1772416800,6849.75,6853.0,6835.0,6840.0,16496
1772420400,6840.25,6843.25,6835.0,6836.75,9034
1772424000,6837.0,6844.25,6827.25,6831.0,14800
1772427600,6830.5,6833.0,6814.5,6815.25,11083
1772431200,6815.25,6820.25,6787.0,6798.5,22920
1772434800,6798.5,6801.75,6782.25,6784.5,29279
1772438400,6784.75,6800.25,6768.5,6792.25,47739
1772442000,6792.0,6817.75,6789.25,6812.5,36407
1772445600,6812.25,6826.5,6812.0,6818.75,27018
1772449200,6819.0,6831.5,6812.5,6820.0,22410
1772452800,6819.5,6824.25,6805.0,6811.25,30555
1772456400,6811.25,6833.25,6804.25,6807.5,44144
1772460000,6807.75,6858.0,6802.25,6853.75,245973
1772463600,6853.75,6877.75,6843.75,6866.0,256457
1772467200,6866.0,6894.5,6853.25,6887.0,200771
1772470800,6887.0,6897.75,6881.5,6896.75,100624
1772474400,6896.75,6898.75,6876.25,6877.0,88589
1772478000,6876.75,6911.25,6876.0,6906.5,120127
1772481600,6906.75,6908.0,6872.75,6887.0,283826
1772485200,6887.25,6888.25,6878.5,6884.5,49945
1772492400,6883.5,6886.0,6870.75,6877.0,0
1772496000,6877.0,6879.75,6866.0,6867.25,9277
1772499600,6867.25,6875.5,6853.25,6854.25,17216
1772503200,6854.25,6855.75,6840.0,6850.5,23965
1772506800,6850.5,6855.75,6841.75,6848.75,12706
1772510400,6848.75,6852.0,6834.5,6836.25,11094
1772514000,6840.0,6841.75,6828.75,6831.0,19193
1772517600,6831.25,6836.75,6824.5,6827.75,18213
1772521200,6827.75,6830.75,6812.25,6814.0,18730
1772524800,6813.75,6816.25,6775.75,6777.75,55048
1772528400,6777.75,6794.5,6766.25,6767.75,49591
1772532000,6767.75,6773.75,6751.0,6764.25,55218
1772535600,6763.75,6780.0,6742.75,6773.75,52246
1772539200,6773.75,6801.0,6771.5,6793.0,54379
1772542800,6793.5,6795.5,6759.25,6768.75,64493
1772546400,6768.75,6794.0,6741.5,6746.25,291266
1772550000,6746.25,6762.0,6718.75,6741.75,332568
1772553600,6742.0,6807.75,6739.75,6798.75,292002
1772557200,6798.75,6808.0,6783.75,6797.25,165657
1772560800,6797.0,6842.75,6797.0,6836.25,190279
1772564400,6836.25,6849.75,6816.0,6836.0,191525
1772568000,6836.0,6843.25,6815.25,6825.75,211871
1772571600,6825.75,6826.5,6809.75,6814.0,46360
1772578800,6813.25,6824.75,6805.5,6810.5,0
1772582400,6811.0,6833.0,6806.0,6821.0,23082
1772586000,6821.0,6826.25,6795.25,6806.75,26923
1772589600,6807.0,6812.5,6787.75,6799.75,20534
1772593200,6799.75,6800.0,6777.5,6793.5,19286
1772596800,6793.25,6802.0,6786.75,6793.5,13009
1772600400,6790.75,6798.25,6780.25,6788.5,13110
1772604000,6788.5,6795.0,6773.5,6790.75,15961
1772607600,6790.5,6812.25,6782.5,6807.25,17406
1772611200,6807.5,6813.0,6795.25,6803.5,27443
1772614800,6803.75,6826.5,6797.0,6825.0,25278
1772618400,6825.0,6848.5,6821.75,6842.75,50439
1772622000,6843.0,6855.0,6832.25,6832.5,30659
1772625600,6832.75,6843.0,6813.0,6827.75,37698
1772629200,6827.75,6856.75,6827.0,6848.25,59204
1772632800,6847.75,6857.75,6817.75,6836.25,184145
1772636400,6836.25,6886.25,6831.0,6881.0,235658
1772640000,6881.25,6889.75,6864.25,6880.5,173865
1772643600,6880.75,6887.25,6868.5,6885.0,101058
1772647200,6885.0,6891.75,6876.5,6888.5,88654
1772650800,6888.5,6894.0,6886.75,6891.25,72796
1772654400,6891.0,6893.0,6873.5,6873.5,189633
1772658000,6873.5,6882.25,6866.0,6879.0,58248
1772665200,6883.25,6889.25,6878.25,6885.5,0
1772668800,6885.25,6900.75,6883.75,6892.5,15732
1772672400,6892.5,6893.25,6857.25,6863.5,26228
1772676000,6863.5,6873.0,6857.25,6865.5,15976
1772679600,6865.5,6868.25,6850.25,6856.75,14941
1772683200,6856.25,6869.5,6853.25,6867.5,9284
1772686800,6867.75,6869.0,6854.0,6854.5,7011
1772690400,6854.5,6867.0,6844.5,6866.75,16375
1772694000,6866.75,6868.25,6855.5,6863.25,13105
1772697600,6863.25,6864.25,6840.5,6858.0,26362
1772701200,6857.75,6894.0,6856.25,6871.5,48707
1772704800,6871.75,6878.0,6865.0,6869.75,14539
1772708400,6870.0,6880.5,6865.5,6867.0,16227
1772712000,6867.25,6880.75,6856.5,6862.75,23939
1772715600,6863.0,6864.5,6842.75,6844.5,36914
1772719200,6844.75,6873.0,6835.75,6872.75,198129
1772722800,6872.5,6877.5,6814.25,6842.75,258089
1772726400,6842.75,6845.25,6811.0,6831.75,187342
1772730000,6832.0,6845.75,6781.0,6785.75,224561
1772733600,6785.5,6803.75,6779.25,6787.25,168463
1772737200,6787.25,6799.25,6777.0,6791.75,138768
1772740800,6791.75,6839.0,6784.75,6835.0,305670
1772744400,6835.0,6835.5,6821.5,6824.75,52864
1772751600,6826.0,6843.0,6822.25,6841.0,0
1772755200,6841.0,6850.25,6840.75,6842.75,10654
1772758800,6842.25,6845.75,6833.25,6839.0,12084
1772762400,6839.0,6847.5,6836.5,6836.75,8174
1772766000,6836.75,6848.0,6836.75,6847.25,6091
1772769600,6847.25,6853.0,6843.5,6846.5,5616
1772773200,6848.75,6854.0,6845.5,6847.25,6060
1772776800,6847.5,6850.75,6842.25,6843.75,5921
1772780400,6843.75,6850.5,6840.25,6847.5,7058
1772784000,6847.5,6848.0,6829.25,6837.75,19133
1772787600,6838.0,6840.25,6798.5,6805.5,33792
1772791200,6805.75,6822.25,6805.0,6814.75,22037
1772794800,6814.75,6817.75,6789.25,6793.75,32952
1772798400,6793.75,6802.25,6783.75,6789.75,39713
1772802000,6789.5,6805.5,6738.25,6745.0,111959
1772805600,6745.0,6759.25,6715.75,6727.0,283337
1772809200,6727.25,6778.0,6726.0,6768.0,273753
1772812800,6768.0,6779.0,6752.75,6768.5,184997
1772816400,6768.75,6777.5,6739.0,6749.5,136177
1772820000,6749.75,6780.5,6748.25,6759.0,146542
1772823600,6759.25,6775.25,6756.5,6768.75,113461
1772827200,6768.5,6778.75,6729.25,6742.5,286192
1772830800,6742.5,6745.25,6730.0,6743.75,74861
1773007200,6617.75,6642.0,6617.75,6641.0,39356
1773010800,6641.0,6646.75,6620.25,6628.25,29501
1773014400,6628.5,6637.75,6613.0,6619.0,34425
1773018000,6619.5,6623.0,6589.75,6590.75,39960
1773021600,6591.0,6608.75,6584.5,6603.5,32976
1773025200,6603.5,6614.5,6602.75,6610.0,24492
1773028800,6609.5,6621.0,6609.5,6611.25,17566
1773032400,6611.75,6643.75,6608.25,6642.25,28190
1773036000,6642.5,6651.75,6629.0,6632.75,26808
1773039600,6632.5,6648.5,6624.25,6642.75,28435
1773043200,6643.0,6660.5,6633.75,6656.5,57558
1773046800,6656.75,6701.5,6649.25,6683.25,60505
1773050400,6683.25,6686.25,6661.5,6667.0,39980
1773054000,6667.25,6677.5,6660.75,6668.25,33617
1773057600,6668.25,6690.75,6661.75,6670.25,47203
1773061200,6670.5,6693.75,6644.25,6658.0,224694
1773064800,6658.25,6701.5,6641.0,6693.5,269808
1773068400,6693.5,6717.25,6693.5,6712.5,186472
1773072000,6712.75,6741.0,6709.5,6730.75,167532
1773075600,6730.75,6731.75,6698.75,6705.75,124798
1773079200,6705.75,6731.25,6705.5,6719.25,122492
1773082800,6719.25,6818.5,6717.0,6801.75,431531
1773086400,6801.75,6808.5,6781.25,6793.75,86446
1773093600,6800.75,6800.75,6774.0,6778.25,0
1773097200,6778.5,6782.75,6766.0,6771.75,11416
1773100800,6771.75,6791.5,6762.5,6782.5,20201
1773104400,6782.5,6796.0,6780.5,6792.25,14485
1773108000,6792.25,6794.75,6775.25,6778.5,11294
1773111600,6778.5,6787.25,6764.5,6772.5,12923
1773115200,6772.25,6780.0,6770.0,6777.5,6698
1773118800,6777.5,6791.0,6777.25,6789.75,7924
1773122400,6790.0,6795.5,6786.25,6790.25,10108
1773126000,6790.0,6820.5,6786.5,6819.25,27192
1773129600,6819.5,6833.5,6815.75,6820.0,39218
1773133200,6820.25,6832.5,6818.5,6820.25,25324
1773136800,6820.25,6821.25,6802.75,6814.0,31622
1773140400,6814.0,6824.0,6787.0,6790.0,44708
1773144000,6790.0,6792.75,6768.75,6785.5,51637
1773147600,6785.75,6806.0,6772.0,6776.0,181045
1773151200,6775.5,6829.75,6765.0,6829.25,233648
1773154800,6829.25,6837.5,6820.25,6831.5,170411
1773158400,6831.75,6836.25,6814.5,6832.5,141121
1773162000,6832.5,6852.0,6824.5,6838.5,195733
1773165600,6838.25,6840.0,6791.0,6802.5,266567
1773169200,6802.75,6813.0,6779.75,6788.0,243717
1773172800,6788.0,6801.25,6786.75,6797.25,49396
1773180000,6796.75,6797.25,6782.5,6787.0,0
1773183600,6787.25,6799.5,6786.0,6797.0,5935
1773187200,6797.25,6813.5,6795.75,6808.5,17738
1773190800,6808.75,6819.25,6806.75,6816.5,11319
1773194400,6816.5,6819.5,6812.75,6816.25,6852
1773198000,6816.25,6822.5,6814.0,6821.5,6807
1773201600,6820.25,6821.25,6814.25,6815.25,4836
1773205200,6815.5,6816.25,6802.0,6803.0,7625
1773208800,6803.0,6808.5,6798.5,6806.0,8098
1773212400,6806.0,6807.5,6783.75,6794.75,16651
1773216000,6795.0,6800.0,6775.5,6782.0,30516
1773219600,6782.0,6783.0,6768.25,6769.5,21767
1773223200,6769.75,6800.5,6769.0,6800.0,22544
1773226800,6800.0,6806.0,6773.75,6779.5,36793
1773230400,6779.25,6804.5,6764.0,6771.75,47375
1773234000,6771.75,6802.0,6771.0,6795.75,172709
1773237600,6796.0,6818.0,6768.5,6797.5,270339
1773241200,6797.5,6803.5,6753.0,6758.75,220220
1773244800,6758.5,6779.75,6751.5,6779.25,154006
1773248400,6779.0,6784.5,6749.75,6766.25,160685
1773252000,6766.5,6774.5,6753.5,6769.25,121004
1773255600,6769.25,6782.5,6759.75,6779.75,145857
1773259200,6779.75,6782.0,6768.0,6769.75,48043
1773266400,6766.0,6769.5,6735.25,6742.0,0
1773270000,6741.75,6743.0,6715.25,6729.25,27344
1773273600,6729.0,6731.5,6715.25,6728.0,19983
1773277200,6728.0,6738.5,6721.5,6726.75,18472
1773280800,6727.0,6729.5,6705.75,6712.25,16812
1773284400,6712.25,6718.25,6706.25,6712.5,8872
1773288000,6717.25,6720.0,6709.25,6710.25,7256
1773291600,6710.5,6723.25,6710.25,6720.75,11937
1773295200,6720.75,6731.75,6715.75,6730.25,11592
1773298800,6730.75,6746.5,6730.25,6746.25,17098
1773302400,6746.0,6756.5,6740.25,6750.0,28636
1773306000,6750.25,6758.5,6733.75,6757.25,18987
1773309600,6757.25,6760.5,6746.5,6749.0,18330
1773313200,6748.25,6760.75,6741.5,6742.75,26082
1773316800,6743.0,6744.25,6728.75,6737.75,35394
1773320400,6737.5,6741.5,6697.0,6704.0,252215
1773324000,6704.0,6727.75,6688.25,6700.5,309681
1773327600,6700.75,6719.0,6684.5,6708.75,263996
1773331200,6709.0,6729.25,6693.0,6704.25,245591
1773334800,6704.25,6719.25,6688.75,6697.5,161406
1773338400,6697.75,6708.25,6688.0,6689.5,120579
1773342000,6689.25,6702.75,6675.25,6676.25,234689
1773345600,6676.25,6687.5,6671.75,6685.25,67136
1773352800,6684.25,6693.25,6677.5,6690.75,0
1773356400,6691.0,6695.75,6679.5,6680.25,9191
1773360000,6680.0,6707.75,6671.0,6702.5,21511
1773363600,6702.5,6711.75,6700.5,6702.75,10499
1773367200,6702.75,6707.25,6696.0,6697.25,6903
1773370800,6697.25,6702.75,6693.25,6701.75,6210
1773374400,6701.25,6701.25,6688.25,6691.75,5964
1773378000,6691.75,6697.0,6687.0,6693.75,5717
1773381600,6693.5,6695.0,6667.5,6668.25,14145
1773385200,6668.0,6669.75,6650.5,6656.0,24710
1773388800,6656.25,6672.25,6640.0,6669.5,36811
1773392400,6669.5,6683.75,6669.25,6674.5,30369
1773396000,6674.5,6694.5,6673.25,6694.0,32018
1773399600,6693.75,6707.0,6690.5,6706.5,38876
1773403200,6706.5,6725.25,6697.75,6710.25,64901
1773406800,6710.25,6737.5,6702.5,6719.75,259625
1773410400,6719.25,6726.75,6663.5,6667.0,373686
1773414000,6667.0,6683.25,6644.5,6647.5,324371
1773417600,6647.25,6666.25,6645.25,6647.25,253109
1773421200,6647.25,6665.0,6634.5,6639.75,196874
1773424800,6640.0,6662.0,6638.25,6655.75,184064
1773428400,6655.75,6655.75,6627.0,6637.0,296444
1773432000,6637.0,6638.0,6625.0,6636.0,62925
1773612000,6623.5,6658.25,6616.0,6655.5,18016
1773615600,6656.0,6663.0,6641.25,6649.0,17141
1773619200,6649.25,6670.0,6648.5,6664.75,17634
1773622800,6665.0,6671.75,6656.0,6669.75,13240
1773626400,6669.5,6670.5,6658.75,6661.5,6819
1773630000,6662.0,6674.25,6661.5,6673.0,4984
1773633600,6672.5,6675.5,6665.25,6665.25,5232
1773637200,6665.75,6678.5,6665.5,6677.5,7215
1773640800,6677.5,6680.0,6671.5,6679.25,6734
1773644400,6679.25,6684.0,6661.5,6664.75,13638
1773648000,6664.75,6679.75,6659.75,6666.5,23467
1773651600,6666.5,6668.25,6652.0,6656.5,25205
1773655200,6656.25,6686.75,6655.25,6685.25,34860
1773658800,6685.25,6691.0,6676.0,6688.25,34786
1773662400,6688.25,6704.5,6688.25,6694.75,66997
1773666000,6695.0,6723.0,6690.5,6722.0,226658
1773669600,6721.75,6728.0,6689.25,6711.75,341280
1773673200,6712.0,6770.75,6699.5,6748.5,304927
1773676800,6748.75,6755.5,6734.5,6748.0,249042
1773680400,6748.25,6762.5,6743.5,6751.0,190650
1773684000,6751.25,6767.0,6750.25,6760.0,163032
1773687600,6759.75,6784.75,6747.5,6753.75,295034
1773691200,6753.75,6758.25,6746.5,6749.75,63170
1773698400,6751.75,6752.0,6743.0,6744.25,0
1773702000,6744.25,6752.5,6743.75,6752.25,4919
1773705600,6752.25,6752.25,6734.25,6735.75,11256
1773709200,6736.0,6743.75,6735.5,6742.0,8262
1773712800,6741.75,6742.25,6732.5,6732.75,6582
1773716400,6732.75,6738.0,6730.5,6732.0,6069
1773720000,6732.75,6744.5,6732.75,6741.75,5367
1773723600,6741.75,6744.75,6722.75,6723.5,7478
1773727200,6723.25,6725.5,6715.75,6721.5,13220
1773730800,6721.25,6735.5,6717.5,6726.25,11543
1773734400,6726.0,6734.0,6719.5,6728.25,26032
1773738000,6728.0,6748.0,6728.0,6747.25,24376
1773741600,6747.25,6747.5,6734.75,6746.25,25115
1773745200,6746.0,6751.25,6741.75,6742.5,29934
1773748800,6742.75,6774.0,6742.25,6771.5,59739
1773752400,6771.75,6808.5,6771.5,6803.0,217117
1773756000,6803.0,6803.25,6779.25,6794.25,286637
1773759600,6794.5,6797.0,6766.75,6773.75,221348
1773763200,6773.75,6780.5,6764.25,6773.5,160078
1773766800,6773.5,6784.0,6773.25,6781.0,123288
1773770400,6781.25,6787.5,6771.25,6775.25,110426
1773774000,6775.25,6780.5,6769.0,6772.0,190252
1773777600,6772.0,6776.25,6769.75,6774.25,47176
1773784800,6774.0,6775.0,6764.75,6768.0,0
1773788400,6768.25,6771.5,6765.0,6766.5,4073
1773792000,6766.25,6781.5,6765.25,6780.75,7309
1773795600,6781.0,6786.75,6781.0,6786.0,8124
1773799200,6785.75,6794.25,6785.75,6792.0,6853
1773802800,6792.0,6799.0,6790.5,6797.0,4821
1773806400,6798.5,6801.0,6796.5,6799.25,5343
1773810000,6799.25,6804.75,6798.0,6804.5,4688
1773813600,6804.5,6814.0,6803.5,6808.0,11632
1773817200,6808.0,6810.5,6803.0,6803.5,10630
1773820800,6803.25,6810.75,6802.0,6806.25,16296
1773824400,6806.25,6810.0,6802.75,6806.0,12344
1773828000,6806.0,6811.75,6802.75,6803.25,15312
1773831600,6803.0,6807.25,6787.5,6793.0,33949
1773835200,6792.5,6794.5,6733.75,6737.0,107907
1773838800,6737.0,6759.75,6732.0,6756.0,197506
1773842400,6755.75,6757.25,6719.0,6733.75,211590
1773846000,6733.75,6743.0,6726.25,6733.0,169191
1773849600,6733.0,6738.75,6720.75,6728.0,125391
1773853200,6727.75,6731.5,6715.0,6729.75,120393
1773856800,6730.5,6737.5,6695.0,6695.75,212093
1773860400,6695.5,6709.5,6673.75,6677.25,261984
1773864000,6677.0,6680.25,6654.5,6664.0,81736
1773871200,6673.0,6673.0,6656.75,6663.75,0
1773874800,6663.75,6675.75,6662.75,6670.25,13906
1773878400,6670.25,6675.5,6662.0,6670.0,13409
1773882000,6670.0,6681.0,6666.0,6673.75,10906
1773885600,6674.0,6695.0,6666.25,6687.5,21331
1773889200,6687.25,6692.0,6683.5,6683.75,7180
1773892800,6677.25,6679.0,6671.25,6675.75,6846
1773896400,6676.0,6679.25,6663.25,6667.5,9838
1773900000,6667.25,6679.25,6665.0,6671.75,11274
1773903600,6671.5,6676.0,6655.0,6659.25,18343
1773907200,6659.25,6668.25,6647.5,6657.5,43144
1773910800,6657.75,6682.0,6645.5,6676.75,59157
1773914400,6676.75,6677.25,6663.75,6667.5,25537
1773918000,6667.75,6673.25,6649.5,6660.0,32285
1773921600,6659.75,6661.75,6623.75,6629.5,83967
1773925200,6629.5,6650.25,6611.75,6647.25,247309
1773928800,6647.0,6655.5,6620.75,6638.75,236944
1773932400,6638.75,6658.25,6622.0,6640.0,232990
1773936000,6639.75,6652.0,6626.5,6632.25,176363
1773939600,6632.25,6639.5,6616.25,6633.25,130347
1773943200,6633.25,6649.75,6624.0,6645.75,143150
1773946800,6645.75,6692.0,6645.25,6658.75,392460
1773950400,6659.0,6675.25,6654.75,6670.5,57849
1773957600,6675.5,6680.0,6667.75,6676.75,0
1773961200,6676.75,6682.25,6671.0,6673.25,7451
1773964800,6673.25,6679.5,6666.25,6669.0,9639
1773968400,6669.5,6685.5,6667.5,6675.0,12339
1773972000,6675.5,6679.25,6672.75,6674.5,5037
1773975600,6674.5,6675.5,6669.0,6670.0,5110
1773979200,6671.75,6672.25,6665.75,6666.25,3750
1773982800,6665.75,6670.0,6660.75,6667.5,4609
1773986400,6667.25,6669.75,6651.5,6653.75,5580
1773990000,6653.5,6672.75,6643.25,6670.0,12316
1773993600,6670.25,6675.25,6660.75,6662.0,19395
1773997200,6662.25,6668.0,6627.0,6632.5,31455
1774000800,6632.0,6634.0,6607.75,6624.25,40876
1774004400,6624.25,6640.0,6622.25,6634.75,26246
1774008000,6634.25,6646.5,6629.0,6643.5,55161
1774011600,6643.5,6648.0,6605.5,6607.0,222162
1774015200,6607.25,6613.75,6587.5,6596.75,249668
1774018800,6596.75,6617.75,6590.5,6605.75,189962
1774022400,6605.75,6616.0,6595.25,6603.75,132079
1774026000,6603.75,6608.75,6581.5,6590.0,146789
1774029600,6590.0,6593.0,6552.25,6556.75,172588
1774033200,6556.75,6562.75,6523.75,6562.5,361655
1774036800,6562.25,6592.5,6559.5,6588.5,111097
1774216800,6537.0,6562.0,6527.0,6546.5,26633
1774220400,6546.75,6557.5,6533.0,6539.5,14843
1774224000,6539.75,6555.5,6523.75,6525.75,28659
1774227600,6525.75,6554.0,6522.25,6549.25,22834
1774231200,6549.5,6554.25,6535.5,6540.25,13263
1774234800,6540.25,6544.5,6524.0,6524.75,11658
1774238400,6524.75,6536.75,6523.25,6534.75,8040
1774242000,6534.75,6542.5,6520.25,6530.0,12270
1774245600,6529.75,6530.75,6496.75,6503.75,19537
1774249200,6504.0,6517.75,6483.5,6497.75,29957
1774252800,6497.5,6524.75,6497.25,6518.75,35210
1774256400,6519.0,6527.25,6498.75,6506.25,28575
1774260000,6506.0,6518.0,6490.0,6506.75,34080
1774263600,6506.75,6748.0,6506.0,6638.75,226859
1774267200,6639.0,6696.5,6625.0,6690.75,108640
1774270800,6691.0,6698.0,6638.0,6680.25,204029
1774274400,6680.0,6701.5,6663.5,6688.75,212907
1774278000,6689.0,6704.75,6635.5,6637.25,256647
1774281600,6637.25,6653.75,6616.0,6632.75,210907
1774285200,6632.75,6660.25,6620.0,6658.0,139783
1774288800,6658.0,6674.25,6642.5,6667.0,133267
1774292400,6667.25,6667.75,6631.25,6631.5,211303
1774296000,6631.5,6639.25,6621.0,6632.75,62360
1774303200,6635.0,6652.5,6624.5,6650.75,0
1774306800,6651.0,6651.0,6637.75,6645.0,7433
1774310400,6645.0,6645.25,6598.25,6612.5,28279
1774314000,6613.25,6613.75,6591.0,6599.0,16473
1774317600,6598.75,6607.0,6590.0,6596.25,11332
1774321200,6596.75,6603.0,6592.25,6602.5,6249
1774324800,6606.0,6608.75,6594.5,6598.0,4905
1774328400,6598.0,6609.5,6582.5,6597.25,12566
1774332000,6598.0,6630.0,6597.25,6624.5,12154
1774335600,6624.5,6653.5,6623.0,6644.75,24047
1774339200,6645.25,6651.75,6619.25,6622.5,28995
1774342800,6623.0,6635.25,6604.25,6631.75,20431
1774346400,6631.75,6635.25,6620.0,6630.0,16820
1774350000,6630.0,6633.75,6604.25,6627.0,27094
1774353600,6626.75,6630.5,6596.25,6599.75,36993
1774357200,6599.75,6606.0,6573.5,6589.75,198907
1774360800,6590.0,6635.25,6587.25,6615.0,344545
1774364400,6615.25,6646.0,6614.5,6625.75,190651
1774368000,6626.0,6638.0,6615.25,6626.5,155499
1774371600,6626.5,6629.25,6598.5,6618.25,195346
1774375200,6618.25,6641.75,6607.25,6623.75,163640
1774378800,6623.75,6632.25,6600.25,6607.0,194846
1774382400,6607.0,6680.5,6605.75,6646.25,151760
1774389600,6646.5,6660.75,6641.5,6655.25,0
1774393200,6655.0,6659.0,6648.5,6651.0,10101
1774396800,6651.25,6671.5,6645.0,6661.0,20012
1774400400,6660.75,6665.0,6651.25,6652.5,11577
1774404000,6652.5,6653.25,6638.25,6639.0,12991
1774407600,6638.75,6649.5,6634.75,6647.5,9311
1774411200,6650.75,6659.25,6649.75,6657.75,7929
1774414800,6657.75,6659.25,6646.0,6648.0,6710
1774418400,6648.0,6652.5,6637.25,6648.25,11047
1774422000,6648.25,6658.75,6642.5,6654.75,14217
1774425600,6654.75,6681.5,6654.0,6657.0,38508
1774429200,6657.25,6667.5,6649.5,6659.25,24246
1774432800,6659.25,6668.25,6653.25,6658.5,21890
1774436400,6658.75,6676.0,6656.25,6671.25,32319
1774440000,6670.75,6681.0,6639.25,6660.75,75659
1774443600,6661.0,6684.75,6638.75,6639.25,203547
1774447200,6639.5,6667.5,6631.25,6662.25,239683
1774450800,6662.0,6665.5,6616.5,6644.5,251722
1774454400,6644.75,6658.25,6634.5,6652.75,156292
1774458000,6652.75,6669.5,6644.0,6654.25,146065
1774461600,6654.0,6660.5,6631.0,6640.0,105530
1774465200,6639.75,6648.5,6630.5,6642.0,187774
1774468800,6642.0,6647.25,6635.5,6641.0,39016
1774476000,6641.5,6641.5,6628.25,6629.5,0
1774479600,6629.75,6633.25,6621.5,6629.75,7502
1774483200,6630.0,6647.0,6628.5,6633.75,12653
1774486800,6633.75,6639.75,6629.5,6636.25,7489
1774490400,6635.25,6639.25,6608.5,6620.0,13427
1774494000,6619.75,6647.0,6619.25,6639.25,10552
1774497600,6636.75,6638.75,6625.25,6626.5,6092
1774501200,6626.5,6630.5,6612.0,6613.0,10277
1774504800,6613.0,6620.75,6608.0,6620.0,9157
1774508400,6620.0,6622.25,6600.0,6614.5,12213
1774512000,6614.5,6622.75,6593.25,6602.0,22845
1774515600,6602.0,6603.5,6581.25,6590.75,25017
1774519200,6590.75,6602.0,6586.0,6594.5,20316
1774522800,6594.75,6598.5,6578.75,6579.5,20367
1774526400,6579.5,6593.5,6574.25,6586.25,35139
1774530000,6586.0,6619.5,6579.75,6618.0,202638
1774533600,6617.75,6622.0,6580.75,6594.5,231352
1774537200,6594.75,6602.0,6581.25,6587.75,160312
1774540800,6587.5,6589.5,6560.75,6568.5,153002
1774544400,6568.5,6573.0,6536.0,6538.25,128883
1774548000,6538.25,6548.5,6536.25,6546.25,123319
1774551600,6546.25,6547.25,6520.25,6523.0,234376
1774555200,6523.0,6597.25,6517.0,6535.5,140590
1774562400,6536.0,6551.0,6536.0,6547.0,0
1774566000,6546.75,6554.0,6542.0,6551.25,6720
1774569600,6551.5,6558.0,6534.25,6537.0,16332
1774573200,6537.0,6549.5,6534.25,6547.5,10966
1774576800,6547.75,6550.5,6540.75,6541.75,10396
1774580400,6541.75,6552.25,6538.25,6552.0,6213
1774584000,6548.75,6556.75,6548.0,6555.5,5567
1774587600,6555.5,6568.5,6555.5,6559.5,12921
1774591200,6559.75,6567.0,6552.0,6554.5,11939
1774594800,6554.5,6554.75,6541.75,6546.75,10414
1774598400,6546.5,6551.75,6522.25,6523.5,29524
1774602000,6523.5,6532.0,6508.75,6515.25,29546
1774605600,6515.5,6522.5,6494.5,6497.75,27240
1774609200,6498.0,6508.5,6489.25,6502.0,31474
1774612800,6501.75,6503.5,6486.75,6490.5,37134
1774616400,6490.75,6496.75,6454.0,6458.5,212060
1774620000,6458.5,6477.0,6451.75,6470.5,233366
1774623600,6470.5,6490.25,6457.75,6471.25,205734
1774627200,6471.5,6473.0,6448.75,6455.5,149588
1774630800,6455.5,6468.0,6427.5,6429.5,158083
1774634400,6429.5,6435.25,6419.25,6421.5,169410
1774638000,6421.5,6424.75,6398.25,6407.5,321916
1774641600,6407.25,6412.25,6389.0,6398.0,99413
1774821600,6369.75,6387.5,6367.75,6382.5,14932
1774825200,6382.25,6387.0,6363.0,6367.75,17125
1774828800,6367.75,6395.0,6360.25,6370.75,36420
1774832400,6370.5,6385.75,6368.25,6384.25,19279
1774836000,6384.5,6402.0,6380.25,6397.0,20316
1774839600,6396.75,6410.75,6396.5,6409.25,12852
1774843200,6408.25,6419.0,6406.25,6411.5,10188
1774846800,6411.25,6420.75,6411.25,6416.75,9551
1774850400,6416.75,6435.5,6415.25,6429.25,16698
1774854000,6429.0,6438.0,6422.75,6435.0,19213
1774857600,6434.75,6447.25,6429.25,6446.0,22740
1774861200,6446.25,6446.5,6432.0,6437.25,21049
1774864800,6437.5,6442.75,6432.75,6442.5,17385
1774868400,6442.5,6481.75,6442.0,6450.0,59469
1774872000,6450.0,6466.5,6442.75,6464.0,38218
1774875600,6464.0,6471.25,6413.75,6417.5,186736
1774879200,6417.5,6443.5,6414.5,6442.75,224020
1774882800,6442.5,6455.75,6423.0,6441.0,177736
1774886400,6441.0,6442.25,6417.0,6420.0,122971
1774890000,6420.0,6425.5,6393.75,6402.75,155157
1774893600,6402.5,6404.75,6381.75,6384.75,117356
1774897200,6384.75,6394.25,6359.5,6387.75,306696
1774900800,6387.75,6388.5,6377.0,6383.25,64241
1774908000,6385.25,6392.75,6383.5,6384.25,0
1774911600,6384.0,6384.0,6367.0,6373.0,10443
1774915200,6373.0,6428.5,6353.25,6411.75,44894
1774918800,6411.75,6454.0,6399.25,6441.5,41510
1774922400,6441.5,6462.0,6437.75,6450.25,23276
1774926000,6450.25,6459.0,6442.75,6444.0,13775
1774929600,6446.0,6448.75,6432.25,6434.25,10537
1774933200,6434.0,6444.5,6422.0,6438.5,12620
1774936800,6438.5,6440.5,6427.25,6433.5,15617
1774940400,6433.5,6455.5,6421.5,6454.75,22728
1774944000,6454.75,6456.5,6435.0,6440.25,21235
1774947600,6440.5,6449.75,6435.25,6438.25,16110
1774951200,6438.25,6445.5,6423.75,6435.25,18591
1774954800,6435.5,6467.0,6431.25,6453.5,49037
1774958400,6453.5,6470.0,6438.0,6453.5,70918
1774962000,6453.75,6495.0,6450.25,6494.0,193009
1774965600,6494.5,6497.25,6447.0,6454.0,245974
1774969200,6454.25,6490.5,6453.5,6465.25,201503
1774972800,6465.25,6563.5,6462.5,6534.75,322134
1774976400,6534.75,6554.0,6529.25,6532.0,230585
1774980000,6532.0,6557.25,6531.75,6554.25,142556
1774983600,6554.5,6583.25,6548.0,6569.25,405562
1774987200,6569.5,6577.25,6562.0,6567.5,104535
1774994400,6562.0,6577.25,6561.0,6572.75,0
1774998000,6572.75,6592.0,6569.0,6589.75,13336
1775001600,6589.25,6592.75,6580.25,6592.5,15445
1775005200,6592.75,6595.0,6579.0,6581.25,14767
1775008800,6581.5,6585.5,6575.5,6578.5,7756
1775012400,6578.5,6583.5,6577.5,6580.0,4892
1775016000,6581.25,6588.0,6579.5,6585.75,7618
1775019600,6586.0,6599.75,6584.75,6593.0,8780
1775023200,6593.0,6622.0,6592.0,6620.25,27984
1775026800,6620.5,6623.0,6598.5,6600.5,31485
1775030400,6600.5,6608.5,6590.0,6601.25,30608
1775034000,6601.75,6607.75,6586.5,6602.75,26515
1775037600,6603.0,6618.5,6598.5,6616.0,26122
1775041200,6616.0,6630.75,6614.5,6627.75,28368
1775044800,6628.0,6643.75,6593.25,6596.25,78336
1775048400,6596.25,6628.5,6590.0,6611.25,205155
1775052000,6611.25,6637.0,6604.75,6633.5,241430
1775055600,6633.5,6649.75,6627.25,6647.0,162212
1775059200,6647.0,6649.5,6636.25,6646.0,115239
1775062800,6646.25,6653.75,6635.5,6635.75,103205
1775066400,6635.75,6637.25,6604.0,6611.5,204663
1775070000,6611.5,6634.75,6610.0,6619.5,267333
1775073600,6619.5,6623.75,6616.0,6617.25,53975
1775080800,6618.5,6622.25,6610.5,6612.75,0
1775084400,6612.75,6619.25,6610.0,6614.75,6189
1775088000,6614.75,6632.5,6607.25,6630.5,23379
1775091600,6630.5,6631.5,6553.25,6559.5,83793
1775095200,6560.0,6565.75,6542.0,6550.0,25974
1775098800,6550.0,6551.5,6535.75,6537.25,10581
1775102400,6534.5,6540.75,6531.0,6533.25,9692
1775106000,6533.5,6540.75,6522.0,6522.5,12140
1775109600,6522.75,6534.0,6520.0,6532.75,18529
1775113200,6532.75,6550.0,6527.75,6549.0,23761
1775116800,6548.75,6550.75,6537.5,6542.0,18836
1775120400,6542.25,6547.5,6537.25,6541.0,13646
1775124000,6541.0,6543.25,6526.0,6536.75,20466
1775127600,6536.25,6538.25,6508.0,6508.25,35057
1775131200,6508.5,6525.0,6503.75,6516.75,46442
1775134800,6517.0,6563.0,6514.25,6560.25,215605
1775138400,6560.25,6644.5,6549.5,6618.75,447571
1775142000,6619.0,6624.5,6595.25,6605.25,262910
1775145600,6605.0,6614.25,6586.5,6600.25,153232
1775149200,6600.25,6615.25,6590.25,6597.25,113332
1775152800,6597.0,6615.25,6597.0,6609.0,95143
1775156400,6609.25,6625.25,6605.0,6623.25,199550
1775160000,6623.25,6628.75,6619.25,6624.0,51197
1775167200,6622.5,6626.0,6619.0,6623.75,0
1775170800,6623.25,6626.0,6620.75,6623.75,2502
1775174400,6624.0,6632.25,6622.25,6624.0,4588
1775178000,6624.25,6625.25,6618.25,6619.0,3464
1775181600,6618.75,6620.5,6608.75,6613.25,4920
1775185200,6613.5,6617.25,6611.0,6613.0,2676
1775426400,6590.0,6590.0,6567.0,6587.5,20696
1775430000,6587.5,6589.5,6578.25,6587.5,8187
1775433600,6587.5,6610.75,6586.5,6609.25,15793
1775437200,6609.25,6618.0,6606.5,6609.75,10081
1775440800,6609.75,6635.75,6608.75,6615.75,18744
1775444400,6615.75,6616.75,6595.25,6612.25,11661
1775448000,6612.25,6622.5,6611.25,6621.0,5541
1775451600,6621.0,6624.0,6613.25,6617.25,4829
1775455200,6617.0,6632.5,6614.5,6624.5,11502
1775458800,6624.75,6639.5,6614.25,6634.75,11701
1775462400,6634.75,6650.0,6634.75,6645.0,12169
1775466000,6645.0,6651.25,6635.75,6637.25,13333
1775469600,6637.5,6643.0,6619.0,6631.0,15732
1775473200,6631.25,6631.25,6624.0,6627.0,12888
1775476800,6627.0,6635.5,6622.5,6629.25,19828
1775480400,6629.25,6649.25,6617.75,6649.25,144788
1775484000,6649.0,6661.0,6624.0,6638.5,213580
1775487600,6638.75,6644.25,6626.5,6642.25,100487
1775491200,6642.5,6649.0,6635.75,6643.0,68173
1775494800,6643.25,6644.0,6618.75,6628.25,96295
1775498400,6628.5,6650.25,6626.0,6647.0,84140
1775502000,6647.0,6653.5,6641.75,6653.0,122764
1775505600,6652.75,6654.25,6646.5,6650.75,38248
1775512800,6650.5,6659.25,6642.25,6643.25,0
1775516400,6643.25,6650.0,6641.5,6641.75,4344
1775520000,6641.5,6654.75,6637.75,6641.0,11300
1775523600,6641.0,6643.75,6611.75,6614.25,17378
1775527200,6614.25,6623.0,6609.0,6621.0,13352
1775530800,6621.25,6624.75,6616.25,6622.75,5814
1775534400,6620.5,6629.0,6616.25,6625.75,8360
1775538000,6626.25,6629.0,6617.25,6623.0,7001
1775541600,6622.75,6627.75,6618.75,6627.0,8725
1775545200,6627.0,6630.5,6621.25,6628.0,12423
1775548800,6628.0,6659.25,6627.75,6654.75,42657
1775552400,6654.75,6667.0,6653.0,6661.0,25227
1775556000,6661.0,6664.0,6613.75,6618.25,75177
1775559600,6618.0,6631.5,6611.0,6619.75,38953
1775563200,6619.5,6640.75,6602.0,6624.0,58815
1775566800,6624.25,6639.0,6602.25,6602.75,168250
1775570400,6603.0,6616.5,6581.5,6588.25,266408
1775574000,6588.25,6606.25,6572.75,6600.75,225335
1775577600,6600.5,6633.0,6600.25,6623.5,200733
1775581200,6623.25,6646.5,6617.25,6630.0,143348
1775584800,6630.25,6633.0,6597.0,6602.25,127828
1775588400,6602.5,6659.5,6596.75,6655.5,375058
1775592000,6655.75,6673.5,6649.25,6663.5,95573
1775599200,6689.0,6793.5,6652.25,6791.75,0
1775602800,6791.75,6818.75,6783.5,6804.25,66861
1775606400,6804.25,6810.0,6788.0,6803.5,40595
1775610000,6803.5,6812.75,6799.0,6809.25,19473
1775613600,6809.0,6818.0,6809.0,6817.5,13929
1775617200,6817.5,6819.0,6812.0,6815.25,9067
1775620800,6818.75,6824.75,6818.0,6819.75,11972
1775624400,6819.75,6837.5,6817.75,6836.0,19163
1775628000,6836.25,6838.0,6828.5,6829.75,25429
1775631600,6830.0,6832.75,6817.5,6818.5,42448
1775635200,6818.75,6834.5,6817.0,6834.0,34799
1775638800,6834.0,6840.75,6828.0,6832.0,30894
1775642400,6831.75,6837.75,6827.25,6833.75,20788
1775646000,6833.5,6847.25,6828.5,6839.25,39327
1775649600,6839.5,6845.25,6820.75,6831.75,72091
1775653200,6831.75,6836.75,6805.0,6811.75,283034
1775656800,6811.75,6818.5,6780.0,6794.0,312161
1775660400,6793.75,6816.25,6789.75,6814.0,198712
1775664000,6814.0,6827.5,6809.75,6825.75,129904
1775667600,6826.0,6829.75,6812.5,6822.75,118984
1775671200,6823.0,6831.25,6793.0,6794.0,188154
1775674800,6794.0,6825.25,6792.5,6823.75,272961
1775678400,6823.75,6827.0,6814.25,6816.25,61540
1775685600,6814.25,6823.0,6809.5,6815.75,0
1775689200,6815.75,6820.75,6812.0,6812.75,5607
1775692800,6812.75,6817.5,6806.75,6811.75,11302
1775696400,6811.75,6814.0,6803.5,6811.0,12777
1775700000,6811.0,6815.0,6809.5,6810.25,5995
1775703600,6810.25,6812.0,6806.25,6809.75,5804
1775707200,6810.0,6811.25,6807.75,6808.75,3586
1775710800,6808.75,6816.25,6805.0,6811.5,5520
1775714400,6811.75,6817.25,6806.0,6811.25,10797
1775718000,6811.25,6813.25,6794.0,6798.75,20327
1775721600,6798.75,6801.75,6792.5,6795.25,18740
1775725200,6795.25,6802.5,6792.5,6802.0,12986
1775728800,6802.0,6804.5,6795.0,6795.75,14174
1775732400,6795.25,6807.75,6794.0,6805.25,21241
1775736000,6805.5,6812.75,6801.0,6807.0,31094
1775739600,6807.25,6821.75,6804.25,6816.75,146387
1775743200,6816.5,6821.0,6801.75,6816.75,182397
1775746800,6816.75,6853.25,6809.5,6852.25,258854
1775750400,6852.25,6872.0,6852.25,6862.75,185680
1775754000,6863.0,6876.0,6860.5,6869.75,125588
1775757600,6869.75,6870.5,6848.0,6855.25,157794
1775761200,6855.25,6871.25,6853.5,6862.0,214498
1775764800,6861.75,6863.5,6856.25,6860.75,53044
1775772000,6858.0,6862.5,6852.75,6853.75,0
1775775600,6854.0,6858.5,6851.0,6856.0,4465
1775779200,6856.0,6865.5,6852.0,6864.25,7687
1775782800,6864.0,6869.25,6860.75,6866.25,6507
1775786400,6866.25,6867.0,6860.0,6863.25,4759
1775790000,6863.25,6868.5,6862.5,6866.5,3346
1775793600,6864.75,6865.75,6861.5,6862.75,2857
1775797200,6862.75,6866.25,6861.5,6862.25,3117
1775800800,6862.0,6862.75,6854.25,6856.5,8132
1775804400,6856.5,6864.0,6855.0,6861.5,12504
1775808000,6861.75,6862.0,6850.5,6851.5,12157
1775811600,6851.5,6867.0,6851.5,6862.75,20271
1775815200,6862.75,6866.75,6857.75,6864.25,11257
1775818800,6864.5,6871.0,6862.25,6864.25,14566
1775822400,6864.5,6888.0,6862.5,6871.5,30351
1775826000,6871.25,6881.5,6864.0,6870.0,151867
1775829600,6869.75,6882.0,6862.5,6875.75,193322
1775833200,6876.0,6883.0,6853.5,6856.75,188792
1775836800,6856.75,6863.25,6847.0,6856.75,130917
1775840400,6856.75,6857.5,6846.25,6856.75,94143
1775844000,6856.75,6859.5,6850.75,6855.5,77749
1775847600,6855.75,6862.25,6848.75,6855.5,189295
1775851200,6855.5,6864.25,6851.0,6855.25,47155
1776031200,6786.75,6789.5,6767.0,6778.25,24120
1776034800,6778.25,6784.75,6772.25,6784.25,11100
1776038400,6784.5,6800.5,6777.25,6800.25,18139
1776042000,6800.5,6807.75,6800.0,6805.25,15420
1776045600,6805.25,6806.25,6800.75,6805.5,5274
1776049200,6805.75,6807.0,6800.75,6802.0,5083
1776052800,6801.5,6811.0,6799.25,6807.75,6091
1776056400,6807.5,6809.75,6802.25,6808.25,6398
1776060000,6808.5,6816.75,6808.5,6814.5,10169
1776063600,6814.5,6818.25,6810.0,6812.5,13180
1776067200,6812.25,6819.75,6810.25,6813.25,15392
1776070800,6813.25,6820.0,6812.25,6813.5,11957
1776074400,6813.75,6821.5,6811.25,6821.0,12784
1776078000,6821.25,6831.5,6802.5,6804.75,28251
1776081600,6805.0,6824.75,6802.5,6822.5,31873
1776085200,6822.75,6859.0,6821.5,6858.5,196587
1776088800,6858.0,6868.25,6845.0,6867.0,204411
1776092400,6866.75,6867.0,6853.75,6856.25,136073
1776096000,6856.0,6890.0,6851.25,6884.5,223716
1776099600,6884.75,6890.0,6880.25,6883.25,89986
1776103200,6883.25,6896.75,6883.0,6894.75,80440
1776106800,6894.75,6924.75,6892.0,6921.25,244944
1776110400,6921.5,6928.25,6919.25,6927.5,61919
1776117600,6925.25,6930.0,6924.25,6927.25,0
1776121200,6927.5,6931.75,6925.0,6925.75,7966
1776124800,6925.75,6927.75,6920.5,6926.0,9499
1776128400,6926.0,6926.0,6922.0,6923.75,5159
1776132000,6923.75,6927.5,6923.25,6925.5,3487
1776135600,6925.75,6925.75,6922.0,6924.5,3097
1776139200,6924.0,6925.75,6923.5,6925.25,2231
1776142800,6925.25,6926.0,6921.5,6922.0,3261
1776146400,6922.0,6927.5,6920.25,6926.0,7584
1776150000,6926.0,6938.0,6924.75,6933.25,19120
1776153600,6933.25,6940.75,6931.75,6939.75,11771
1776157200,6940.0,6942.25,6932.5,6933.5,10979
1776160800,6933.5,6937.25,6928.0,6929.5,14178
1776164400,6929.25,6945.25,6928.0,6939.0,21655
1776168000,6939.25,6949.5,6936.5,6939.75,33716
1776171600,6939.75,6961.25,6937.25,6956.5,170684
1776175200,6956.5,6979.0,6956.0,6977.0,183477
1776178800,6977.0,6995.25,6970.75,6990.5,153827
1776182400,6990.75,6999.5,6989.75,6991.25,101357
1776186000,6991.5,7003.25,6991.25,6999.5,85606
1776189600,6999.5,7001.5,6983.25,6989.75,116198
1776193200,6989.5,7008.0,6988.75,7006.0,220380
1776196800,7006.0,7007.25,7000.5,7004.25,51090
1776204000,7004.0,7009.0,7001.75,7005.25,0
1776207600,7005.25,7013.75,7005.0,7008.75,6748
1776211200,7008.5,7009.75,7005.0,7008.75,7149
1776214800,7008.75,7012.5,7007.0,7011.25,5860
1776218400,7011.25,7011.5,7003.75,7005.0,5833
1776222000,7005.0,7011.0,7004.75,7010.25,4168
1776225600,7008.75,7011.0,7007.25,7007.75,3457
1776229200,7007.75,7017.25,7000.5,7003.75,11104
1776232800,7004.0,7008.0,7003.0,7005.25,7292
1776236400,7005.25,7007.0,6999.25,7005.25,12357
1776240000,7005.5,7010.5,7002.5,7008.5,10302
1776243600,7008.75,7010.25,6999.25,7000.25,16245
1776247200,7000.25,7005.25,6991.75,7002.0,26577
1776250800,7002.0,7018.0,7001.5,7009.0,27526
1776254400,7009.25,7012.0,7001.5,7008.5,23323
1776258000,7008.75,7024.75,7004.0,7018.0,170453
1776261600,7017.75,7033.0,7011.5,7029.0,182648
1776265200,7029.25,7037.5,7026.0,7032.0,131524
1776268800,7032.0,7040.25,7019.25,7027.25,137104
1776272400,7027.25,7042.25,7026.5,7037.0,88640
1776276000,7036.75,7060.5,7033.75,7058.25,128883
1776279600,7058.5,7064.5,7054.25,7060.0,227654
1776283200,7060.0,7062.5,7054.25,7058.25,51896
1776290400,7057.25,7065.75,7055.5,7065.5,0
1776294000,7065.5,7070.0,7064.0,7069.0,4264
1776297600,7069.0,7076.0,7066.0,7073.75,11573
1776301200,7073.75,7077.5,7071.25,7072.5,8034
1776304800,7072.75,7075.75,7070.5,7072.0,5282
1776308400,7072.0,7075.5,7071.5,7071.75,3778
1776312000,7070.5,7072.75,7069.75,7071.25,3918
1776315600,7071.5,7074.5,7068.25,7073.5,5380
1776319200,7073.25,7078.5,7073.25,7077.0,9521
1776322800,7077.0,7077.25,7069.25,7070.75,12494
1776326400,7070.75,7072.0,7062.0,7067.75,16444
1776330000,7067.75,7070.5,7065.0,7068.5,7711
1776333600,7068.5,7070.75,7059.0,7064.75,12162
1776337200,7064.5,7070.0,7062.75,7068.5,12400
1776340800,7068.75,7073.25,7065.5,7069.5,19561
1776344400,7069.5,7074.0,7046.5,7056.25,171893
1776348000,7056.0,7063.0,7047.75,7060.5,182943
1776351600,7060.25,7085.75,7060.25,7084.0,210487
1776355200,7084.0,7089.0,7063.25,7069.5,149850
1776358800,7069.75,7076.5,7059.5,7067.75,122264
1776362400,7067.5,7073.5,7056.25,7068.75,105656
1776366000,7068.75,7080.75,7067.5,7076.5,165300
1776369600,7076.75,7080.0,7074.5,7078.25,44103
1776376800,7077.25,7083.25,7075.5,7082.25,0
1776380400,7082.25,7085.5,7081.25,7083.5,3446
1776384000,7083.5,7084.25,7077.75,7082.75,6465
1776387600,7082.75,7084.5,7081.25,7083.25,4598
1776391200,7083.25,7084.0,7077.25,7078.75,3192
1776394800,7078.5,7079.5,7076.25,7078.25,2988
1776398400,7080.5,7083.0,7079.25,7079.25,2325
1776402000,7079.5,7082.0,7075.25,7081.25,3569
1776405600,7081.5,7083.75,7077.25,7079.75,5657
1776409200,7080.0,7087.75,7080.0,7086.5,9189
1776412800,7086.5,7091.0,7084.5,7090.75,10151
1776416400,7090.75,7093.75,7087.75,7093.0,12219
1776420000,7093.0,7095.5,7088.0,7091.75,10323
1776423600,7091.5,7102.25,7091.25,7101.0,15363
1776427200,7101.25,7137.0,7099.5,7136.0,95120
1776430800,7136.0,7147.5,7117.0,7143.5,329793
1776434400,7143.5,7174.75,7141.5,7166.0,262581
1776438000,7166.0,7175.0,7159.5,7169.0,190869
1776441600,7169.25,7185.75,7166.75,7181.0,118345
1776445200,7181.25,7183.75,7151.5,7164.5,187018
1776448800,7164.75,7166.75,7152.75,7158.0,130663
1776452400,7157.75,7165.5,7151.0,7161.25,201929
1776456000,7161.5,7166.25,7159.5,7161.5,54039
1776636000,7109.75,7116.0,7101.25,7110.75,17367
1776639600,7110.75,7114.0,7102.5,7106.5,9719
1776643200,7106.75,7114.0,7101.5,7112.75,11703
1776646800,7112.75,7126.75,7112.25,7124.5,12409
1776650400,7124.5,7124.5,7119.5,7122.0,5347
1776654000,7122.0,7123.75,7118.75,7119.25,3615
1776657600,7119.25,7121.75,7116.0,7120.25,5297
1776661200,7120.5,7121.0,7109.5,7113.75,8120
1776664800,7114.0,7116.0,7113.5,7115.75,431
1776675600,7161.5,7161.5,7127.0,7128.0,62411
1776679200,7128.25,7161.5,7125.25,7126.5,10316
1776682800,7126.25,7161.5,7121.0,7129.0,15485
1776686400,7129.25,7141.0,7126.75,7136.5,23816
1776690000,7136.5,7159.5,7134.75,7156.75,163018
1776693600,7157.0,7157.5,7124.75,7131.75,230764
1776697200,7131.75,7145.25,7121.5,7136.0,196347
1776700800,7136.25,7141.25,7130.25,7136.75,85883
1776704400,7136.75,7144.25,7132.75,7137.75,83952
1776708000,7137.75,7146.75,7135.0,7143.0,91138
1776711600,7143.25,7149.25,7136.5,7148.25,167790
1776715200,7148.25,7160.5,7145.0,7152.0,66287
1776722400,7150.75,7160.75,7150.0,7158.25,0
1776726000,7158.25,7158.5,7154.25,7155.0,2603
1776729600,7155.0,7160.5,7150.0,7158.25,9530
1776733200,7158.5,7162.5,7155.5,7158.75,6869
1776736800,7158.75,7160.75,7157.5,7158.0,3268
1776740400,7158.0,7158.75,7153.5,7156.75,3739
1776744000,7158.0,7161.25,7157.0,7160.75,2687
1776747600,7160.75,7165.25,7160.0,7160.5,5897
1776751200,7160.75,7165.75,7148.0,7162.75,5315
1776754800,7163.0,7163.25,7156.5,7158.25,11119
1776758400,7158.0,7167.0,7154.5,7164.0,9049
1776762000,7164.0,7169.75,7158.5,7168.5,8799
1776765600,7168.5,7177.5,7168.0,7176.0,10135
1776769200,7175.75,7183.0,7170.0,7175.5,27976
1776772800,7175.75,7177.25,7160.75,7164.0,36644
1776776400,7164.25,7168.5,7147.0,7167.75,155201
1776780000,7167.5,7172.5,7134.0,7135.25,202062
1776783600,7135.5,7141.5,7119.25,7126.5,251849
1776787200,7126.5,7138.25,7113.5,7114.75,140708
1776790800,7114.5,7133.25,7096.75,7116.75,254264
1776794400,7116.75,7128.0,7105.5,7122.0,146842
1776798000,7122.25,7138.5,7085.0,7100.5,349079
1776801600,7100.5,7140.0,7091.75,7122.25,100131
1776808800,7125.0,7130.5,7121.25,7124.25,0
1776812400,7124.25,7131.25,7123.0,7131.0,5428
1776816000,7131.25,7140.0,7131.25,7134.5,9766
1776819600,7134.5,7142.0,7134.25,7139.75,6381
1776823200,7139.75,7143.0,7139.0,7139.75,4069
1776826800,7139.75,7141.5,7135.5,7136.75,3524
1776830400,7137.0,7138.0,7129.5,7130.25,4185
1776834000,7130.25,7147.5,7128.5,7141.0,14114
1776837600,7141.0,7143.75,7134.0,7142.0,7432
1776841200,7142.0,7147.0,7139.5,7142.25,11242
1776844800,7142.5,7144.0,7130.0,7138.5,13748
1776848400,7138.5,7146.5,7134.0,7138.25,13031
1776852000,7138.5,7143.5,7132.75,7139.0,11815
1776855600,7138.75,7143.0,7135.5,7142.0,13255
1776859200,7142.0,7157.25,7138.0,7139.0,44899
1776862800,7139.0,7153.5,7137.5,7152.75,150348
1776866400,7152.75,7166.25,7146.25,7159.25,183674
1776870000,7159.25,7164.0,7150.0,7154.75,129815
1776873600,7155.0,7160.25,7146.5,7147.75,102459
1776877200,7147.75,7163.0,7147.75,7158.25,98800
1776880800,7158.25,7160.5,7150.5,7154.5,71137
1776884400,7154.5,7173.0,7150.0,7170.25,179219
1776888000,7170.25,7173.0,7156.0,7164.5,49370
1776895200,7163.0,7164.0,7158.25,7161.0,0
1776898800,7161.0,7163.25,7159.5,7162.75,2281
1776902400,7162.5,7163.0,7105.5,7154.75,52210
1776906000,7154.75,7155.25,7139.5,7141.5,10549
1776909600,7141.5,7142.5,7132.0,7133.0,12907
1776913200,7133.5,7136.5,7118.75,7126.5,11929
1776916800,7127.0,7135.5,7127.0,7135.25,5713
1776920400,7135.25,7142.0,7131.0,7138.25,7286
1776924000,7138.25,7144.75,7138.25,7143.25,10961
1776927600,7143.25,7149.0,7140.25,7145.0,13511
1776931200,7145.0,7146.5,7130.75,7133.0,14401
1776934800,7132.75,7140.5,7125.75,7135.0,15251
1776938400,7135.0,7143.0,7129.0,7141.75,17243
1776942000,7141.75,7160.75,7134.25,7158.25,34256
1776945600,7158.0,7169.5,7136.25,7152.0,51100
1776949200,7152.25,7171.0,7142.5,7159.75,146078
1776952800,7159.75,7178.5,7149.0,7175.0,173024
1776956400,7175.0,7181.5,7164.25,7168.75,143491
1776960000,7168.75,7170.25,7160.25,7166.25,104848
1776963600,7166.25,7168.25,7079.25,7123.5,474848
1776967200,7123.25,7152.25,7119.0,7128.25,214627
1776970800,7128.25,7146.75,7121.5,7142.25,217866
1776974400,7142.0,7144.5,7128.75,7132.5,51134
1776981600,7143.0,7148.0,7139.75,7146.5,0
1776985200,7146.5,7153.75,7144.25,7153.25,4269
1776988800,7153.5,7161.25,7150.5,7156.25,11298
1776992400,7156.5,7157.75,7150.75,7156.75,7628
1776996000,7156.5,7157.0,7140.5,7142.5,8390
1776999600,7142.75,7144.5,7136.25,7139.25,6087
1777003200,7141.0,7145.25,7137.0,7144.5,4655
1777006800,7144.5,7151.25,7140.0,7150.75,5701
1777010400,7151.0,7152.5,7145.0,7147.25,6122
1777014000,7147.0,7155.5,7146.5,7153.75,11090
1777017600,7153.5,7159.25,7141.25,7143.5,18104
1777021200,7143.75,7146.75,7135.5,7143.75,12629
1777024800,7143.75,7152.5,7141.5,7151.25,11947
1777028400,7150.75,7189.5,7150.5,7171.0,68806
1777032000,7171.25,7177.75,7154.25,7162.25,52579
1777035600,7162.5,7170.5,7145.0,7154.75,176057
1777039200,7154.75,7171.75,7146.5,7170.0,197766
1777042800,7170.0,7197.25,7167.5,7193.5,221155
1777046400,7193.5,7195.75,7184.25,7191.5,118793
1777050000,7191.5,7200.5,7182.75,7192.25,101865
1777053600,7192.25,7193.5,7184.75,7190.75,83646
1777057200,7191.0,7200.0,7189.75,7194.75,196144
1777060800,7194.75,7197.25,7190.0,7196.0,46088
1777240800,7175.0,7182.5,7171.5,7182.0,7043
1777244400,7182.25,7182.75,7175.0,7178.5,6007
1777248000,7178.75,7193.0,7177.25,7190.5,11049
1777251600,7190.75,7208.0,7189.75,7207.5,19054
1777255200,7207.75,7208.5,7201.75,7203.25,6216
1777258800,7203.5,7206.75,7201.75,7203.0,6554
1777262400,7202.75,7205.25,7199.75,7200.75,5923
1777266000,7200.5,7201.0,7188.0,7189.75,7252
1777269600,7189.75,7191.5,7186.0,7188.0,8300
1777273200,7188.0,7190.25,7185.0,7187.0,9338
1777276800,7186.75,7190.0,7181.5,7188.75,13784
1777280400,7189.0,7191.25,7187.25,7189.0,7362
1777284000,7189.0,7195.25,7186.5,7194.0,10081
1777287600,7193.75,7198.5,7193.5,7196.5,12976
1777291200,7196.75,7197.25,7185.0,7188.25,24835
1777294800,7188.5,7198.5,7180.25,7195.5,164233
1777298400,7195.5,7199.0,7185.25,7190.75,157331
1777302000,7190.75,7192.75,7177.0,7188.75,121405
1777305600,7188.75,7197.75,7186.25,7196.0,77685
1777309200,7196.25,7207.25,7193.75,7203.5,84156
1777312800,7203.5,7207.25,7201.75,7203.0,59589
1777316400,7203.25,7211.25,7201.5,7207.0,168682
1777320000,7207.0,7208.0,7202.25,7205.25,36063
1777327200,7204.75,7221.75,7204.75,7216.5,0
1777330800,7216.5,7220.0,7215.0,7217.25,2851
1777334400,7217.25,7223.25,7212.25,7213.75,9605
1777338000,7213.75,7219.25,7208.0,7208.75,8099
1777341600,7209.0,7212.0,7204.5,7206.0,6215
1777345200,7205.75,7212.0,7205.0,7208.25,4045
1777348800,7207.75,7213.0,7207.75,7209.5,2607
1777352400,7209.75,7210.5,7196.0,7198.25,7898
1777356000,7198.25,7201.0,7189.5,7194.0,8668
1777359600,7193.75,7198.0,7190.75,7196.75,10771
1777363200,7197.0,7201.75,7188.5,7200.5,13675
1777366800,7200.5,7201.0,7188.0,7191.75,13160
1777370400,7191.75,7194.5,7186.0,7189.0,15076
1777374000,7189.0,7191.75,7155.25,7158.5,47654
1777377600,7158.75,7170.0,7147.5,7169.5,60337
1777381200,7169.25,7183.0,7160.5,7169.5,187920
1777384800,7169.75,7177.5,7146.25,7159.0,246585
1777388400,7158.75,7164.75,7147.75,7153.75,154810
1777392000,7153.75,7159.75,7147.25,7155.5,107802
1777395600,7155.5,7165.5,7148.0,7164.5,89453
1777399200,7164.5,7170.5,7161.5,7169.25,90898
1777402800,7169.25,7176.25,7166.25,7171.5,171849
1777406400,7171.5,7176.25,7167.5,7172.5,41956
1777413600,7172.5,7178.0,7172.5,7176.0,0
1777417200,7176.0,7179.5,7174.25,7179.5,2264
1777420800,7179.5,7188.0,7179.5,7183.5,8994
1777424400,7183.25,7183.5,7169.0,7178.25,13369
1777428000,7178.5,7185.25,7178.5,7181.5,5355
1777431600,7181.75,7185.25,7181.25,7182.75,4149
1777435200,7184.0,7187.0,7183.5,7184.5,3675
1777438800,7184.75,7187.25,7182.0,7185.0,4177
1777442400,7185.0,7188.5,7179.25,7179.75,7228
1777446000,7179.5,7183.5,7169.25,7174.5,15476
1777449600,7174.75,7180.25,7166.5,7172.75,20130
1777453200,7172.75,7177.75,7167.5,7169.5,10431
1777456800,7169.25,7181.0,7166.5,7176.5,11229
1777460400,7176.25,7180.0,7169.75,7173.5,15273
1777464000,7173.25,7174.75,7161.25,7169.0,27007
1777467600,7169.0,7174.0,7149.5,7160.75,154009
1777471200,7160.75,7175.25,7155.75,7168.0,141473
1777474800,7167.75,7168.5,7145.25,7153.5,184716
1777478400,7153.75,7160.75,7142.0,7150.25,114458
1777482000,7150.0,7160.75,7145.25,7159.25,88968
1777485600,7159.25,7160.25,7137.0,7158.75,154060
1777489200,7159.0,7170.75,7153.0,7170.25,200211
1777492800,7170.25,7190.75,7131.25,7141.5,131244
1777500000,7150.0,7196.5,7148.5,7184.25,0
1777503600,7184.5,7193.25,7180.0,7192.75,9341
1777507200,7192.75,7201.5,7191.0,7199.25,11772
1777510800,7199.0,7200.5,7193.75,7199.25,8987
1777514400,7199.25,7199.75,7165.5,7177.25,20554
1777518000,7177.0,7181.5,7171.75,7172.5,8359
1777521600,7165.75,7167.25,7144.75,7145.25,17512
1777525200,7145.5,7158.75,7143.0,7143.5,12376
1777528800,7143.25,7158.0,7133.75,7153.25,23693
1777532400,7153.25,7165.75,7149.75,7161.25,17843
1777536000,7160.75,7171.0,7159.25,7165.0,14583
1777539600,7164.75,7184.75,7158.5,7171.25,25018
1777543200,7171.0,7187.25,7171.0,7180.5,24046
1777546800,7180.75,7200.5,7180.0,7194.5,28243
1777550400,7194.5,7211.5,7193.25,7204.0,39178
1777554000,7204.0,7209.75,7160.25,7165.25,207120
1777557600,7165.25,7194.75,7157.25,7192.0,243160
1777561200,7192.0,7204.25,7187.75,7199.25,166446
1777564800,7199.5,7207.5,7192.5,7197.0,103350
1777568400,7197.25,7225.5,7196.75,7224.75,110439
1777572000,7224.75,7242.0,7224.25,7237.5,127221
1777575600,7237.5,7251.75,7236.25,7238.25,289523
1777579200,7238.25,7253.5,7238.0,7246.75,79719
1777586400,7256.0,7263.5,7246.25,7250.0,0
1777590000,7250.0,7257.25,7249.0,7252.75,7180
1777593600,7252.75,7261.0,7250.5,7258.0,8161
1777597200,7257.75,7264.0,7255.5,7262.75,6389
1777600800,7262.75,7263.0,7258.25,7260.75,3903
1777604400,7261.0,7265.75,7259.25,7260.75,5379
1777608000,7259.0,7259.75,7256.75,7258.0,2216
1777611600,7258.0,7260.25,7256.25,7257.0,3425
1777615200,7257.25,7258.25,7251.0,7252.0,5012
1777618800,7252.0,7257.0,7248.5,7249.75,12221
1777622400,7249.75,7253.0,7247.75,7250.25,7606
1777626000,7250.25,7254.25,7246.5,7253.25,5072
1777629600,7253.25,7254.5,7248.75,7254.0,6124
1777633200,7254.25,7257.0,7249.0,7256.25,8492
1777636800,7256.25,7271.5,7254.5,7258.5,32872
1777640400,7258.25,7293.25,7258.0,7293.25,178188
1777644000,7293.0,7300.75,7274.5,7278.5,211262
1777647600,7278.75,7295.75,7272.0,7285.25,142839
1777651200,7285.25,7287.75,7266.0,7270.25,127310
1777654800,7270.0,7283.75,7269.75,7279.5,70058
1777658400,7279.5,7280.75,7259.0,7262.75,102920
1777662000,7262.75,7277.0,7255.5,7257.5,192046
1777665600,7257.5,7258.25,7240.75,7258.0,56422
1777867200,7258.0,7270.75,7258.0,7267.75,0
1777870800,7267.75,7274.5,7267.25,7270.0,6851
1777874400,7270.0,7271.25,7259.5,7262.75,8679
1777878000,7263.0,7273.5,7259.5,7265.25,13297
1777881600,7265.0,7265.5,7255.0,7262.25,15099
1777885200,7262.5,7267.75,7260.5,7263.75,8167
1777888800,7264.0,7265.5,7213.75,7247.0,79050
1777892400,7247.25,7254.25,7236.75,7245.25,29098
1777896000,7245.25,7256.0,7245.25,7249.25,28580
1777899600,7249.25,7257.75,7238.25,7257.75,152283
1777903200,7257.5,7271.0,7248.0,7258.75,163412
1777906800,7259.0,7264.25,7218.75,7225.25,317130
1777910400,7225.25,7228.25,7199.5,7215.0,214988
1777914000,7214.75,7236.25,7214.25,7232.75,116812
1777917600,7233.0,7239.5,7217.5,7223.75,110121
1777921200,7224.0,7231.5,7220.5,7231.25,175055
1777924800,7231.0,7231.5,7222.75,7225.25,37105
1777932000,7228.75,7234.75,7226.0,7227.5,0
1777935600,7227.5,7229.25,7224.5,7227.0,3053
1777939200,7227.25,7235.75,7223.75,7231.75,8225
1777942800,7231.75,7239.0,7227.25,7235.5,7629
1777946400,7235.75,7241.0,7233.75,7236.5,6964
1777950000,7236.25,7242.0,7235.5,7240.75,3481
1777953600,7242.75,7243.25,7238.5,7240.0,3838
1777957200,7239.75,7244.25,7238.25,7243.75,4461
1777960800,7243.75,7248.25,7235.75,7247.5,11429
1777964400,7247.75,7256.75,7245.75,7247.25,17269
1777968000,7247.5,7257.0,7247.25,7254.75,13918
1777971600,7254.75,7258.0,7249.75,7255.5,9505
1777975200,7255.25,7261.75,7253.0,7255.5,11356
1777978800,7255.5,7259.25,7248.75,7258.25,17710
1777982400,7258.25,7269.0,7256.25,7261.75,29251
1777986000,7261.75,7277.25,7261.5,7275.0,136495
1777989600,7275.0,7286.25,7266.75,7280.75,223976
1777993200,7280.5,7285.75,7278.5,7279.5,105558
1777996800,7279.75,7288.0,7279.0,7284.0,69818
1778000400,7284.0,7291.5,7280.25,7289.25,61817
1778004000,7289.25,7296.25,7289.0,7292.75,65103
1778007600,7292.75,7299.75,7282.5,7287.0,193327
1778011200,7286.75,7304.25,7284.75,7295.5,58057
1778018400,7300.5,7320.0,7293.5,7316.75,0
1778022000,7316.75,7319.25,7312.25,7314.25,11464
1778025600,7314.25,7316.0,7299.25,7303.5,15632
1778029200,7303.25,7310.25,7302.75,7307.75,8407
1778032800,7307.75,7308.25,7302.5,7304.25,6207
1778036400,7304.25,7311.0,7303.25,7307.75,5254
1778040000,7308.25,7310.25,7306.5,7308.75,4562
1778043600,7308.5,7312.75,7307.0,7311.5,6083
1778047200,7311.5,7314.75,7303.75,7309.75,13413
1778050800,7309.75,7311.75,7306.5,7310.75,16086
1778054400,7311.0,7343.25,7305.5,7335.25,48243
1778058000,7335.25,7343.0,7323.0,7341.75,35732
1778061600,7341.75,7363.75,7340.5,7358.0,49757
1778065200,7357.75,7366.25,7345.0,7348.0,56685
1778068800,7348.25,7348.75,7326.5,7338.5,53724
1778072400,7338.5,7347.5,7327.25,7346.0,184696
1778076000,7346.0,7372.0,7336.25,7371.25,242603
1778079600,7371.5,7375.0,7358.75,7365.75,170197
1778083200,7365.75,7369.75,7354.5,7359.0,87086
1778086800,7359.25,7371.0,7355.5,7371.0,64393
1778090400,7371.0,7384.5,7369.75,7379.25,106718
1778094000,7379.25,7395.75,7379.0,7387.0,249466
1778097600,7387.0,7395.75,7384.5,7386.75,72154
1778104800,7380.5,7383.75,7377.0,7378.75,0
1778108400,7378.75,7382.5,7377.5,7379.75,4649
1778112000,7379.75,7385.5,7378.5,7384.75,10392
1778115600,7384.75,7393.0,7381.0,7390.25,8685
1778119200,7390.25,7391.25,7383.25,7388.5,7143
1778122800,7388.5,7392.0,7386.75,7390.75,4620
1778126400,7391.0,7394.5,7390.75,7393.5,5000
1778130000,7393.25,7395.75,7392.0,7394.0,5986
1778133600,7393.75,7403.0,7390.25,7399.5,12332
1778137200,7399.25,7410.5,7395.5,7402.0,27624
1778140800,7402.0,7408.5,7393.75,7395.25,21597
1778144400,7395.25,7399.5,7392.0,7394.0,13932
1778148000,7393.75,7398.75,7389.75,7395.25,13248
1778151600,7395.5,7399.0,7392.75,7396.75,19393
1778155200,7396.5,7402.75,7395.25,7401.75,22816
1778158800,7402.0,7402.0,7383.75,7387.75,157628
1778162400,7387.75,7409.5,7387.25,7409.25,182421
1778166000,7409.5,7410.0,7386.0,7388.0,171547
1778169600,7388.0,7388.5,7364.0,7368.5,235809
1778173200,7368.5,7374.75,7345.75,7365.25,236773
1778176800,7365.25,7370.5,7345.5,7359.75,162429
1778180400,7359.75,7367.5,7348.5,7364.25,251425
1778184000,7364.25,7378.75,7351.25,7352.25,93474
1778191200,7340.0,7359.25,7336.25,7349.5,0
1778194800,7349.5,7363.0,7348.25,7362.75,5561
1778198400,7363.0,7373.25,7363.0,7372.75,13631
1778202000,7372.5,7380.5,7372.5,7376.25,11393
1778205600,7376.25,7379.5,7367.25,7374.75,10033
1778209200,7374.5,7379.5,7373.5,7378.25,4778
1778212800,7378.25,7382.5,7375.25,7379.25,5027
1778216400,7379.25,7385.5,7378.75,7382.75,6562
1778220000,7382.5,7388.75,7379.25,7388.0,9031
1778223600,7388.0,7388.5,7380.75,7387.25,14170
1778227200,7387.25,7394.5,7386.25,7393.75,13855
1778230800,7394.0,7402.25,7390.5,7394.5,19274
1778234400,7394.75,7399.75,7391.0,7396.25,13388
1778238000,7396.25,7402.0,7396.25,7399.75,15458
1778241600,7399.75,7412.5,7394.5,7398.25,43850
1778245200,7398.0,7413.75,7389.0,7413.5,149671
1778248800,7413.5,7422.75,7408.25,7417.75,183380
1778252400,7417.75,7420.75,7407.25,7416.0,136619
1778256000,7415.75,7424.25,7415.0,7415.75,86511
1778259600,7415.75,7426.0,7414.75,7418.75,80093
1778263200,7418.75,7427.75,7407.5,7410.75,104006
1778266800,7410.5,7422.0,7410.0,7421.25,200544
1778270400,7421.25,7425.0,7417.25,7419.0,62133
1778450400,7399.5,7406.25,7390.5,7404.5,8829
1778454000,7404.25,7409.0,7401.25,7402.75,7942
1778457600,7402.75,7412.75,7397.0,7402.25,16832
1778461200,7402.25,7411.25,7398.0,7411.0,12397
1778464800,7411.0,7414.5,7409.5,7411.25,6594
1778468400,7411.25,7415.5,7407.5,7411.5,6624
1778472000,7411.25,7413.25,7406.75,7412.75,4203
1778475600,7413.0,7415.0,7410.25,7410.5,5512
1778479200,7410.5,7416.25,7409.5,7413.0,8319
1778482800,7413.0,7415.0,7410.0,7414.25,11668
1778486400,7414.25,7417.75,7410.0,7414.0,14359
1778490000,7413.75,7420.75,7413.0,7415.0,13902
1778493600,7414.75,7416.75,7411.0,7412.25,9721
1778497200,7412.25,7420.25,7410.75,7414.0,17099
1778500800,7414.0,7415.75,7402.5,7408.75,31976
1778504400,7408.75,7437.25,7406.75,7432.75,148810
1778508000,7432.5,7445.75,7421.5,7443.0,190027
1778511600,7442.75,7449.75,7435.75,7448.5,113064
1778515200,7448.25,7450.5,7434.25,7439.5,105934
1778518800,7439.5,7454.75,7434.75,7448.0,88865
1778522400,7448.25,7452.75,7431.0,7431.25,86702
1778526000,7431.5,7439.0,7427.5,7438.75,208425
1778529600,7439.0,7440.25,7426.0,7435.0,51477
1778536800,7435.5,7443.75,7434.25,7441.0,0
1778540400,7441.25,7441.75,7436.25,7438.75,3278
1778544000,7438.5,7438.75,7428.75,7429.75,8934
1778547600,7429.75,7432.0,7411.25,7419.0,19807
1778551200,7419.25,7430.75,7417.75,7429.25,9934
1778554800,7429.25,7430.25,7424.25,7425.25,4372
1778558400,7427.5,7427.5,7420.75,7420.75,5202
1778562000,7420.75,7424.0,7418.5,7421.5,6063
1778565600,7421.5,7422.75,7408.25,7408.75,11381
1778569200,7409.0,7417.25,7402.25,7416.0,18528
1778572800,7416.0,7416.75,7405.5,7409.5,15625
1778576400,7409.5,7416.5,7403.25,7411.5,13718
1778580000,7411.5,7416.0,7406.75,7412.0,10750
1778583600,7411.75,7413.75,7402.0,7407.75,19104
1778587200,7407.75,7420.75,7398.75,7419.5,39364
1778590800,7419.5,7421.25,7393.5,7396.25,184755
1778594400,7396.0,7408.75,7380.0,7383.0,259916
1778598000,7383.0,7385.5,7363.25,7369.75,205097
1778601600,7370.0,7380.0,7363.5,7366.25,120420
1778605200,7366.25,7397.25,7365.25,7396.0,148023
1778608800,7396.0,7410.5,7391.75,7405.25,135825
1778612400,7405.25,7433.75,7404.75,7428.0,246657
1778616000,7428.25,7428.75,7415.75,7420.5,56569
1778623200,7419.25,7427.5,7419.25,7421.75,0
1778626800,7421.75,7423.5,7411.75,7412.0,6503
1778630400,7411.75,7423.25,7410.0,7420.5,10879
1778634000,7420.25,7436.5,7420.0,7429.0,12108
1778637600,7428.75,7432.0,7425.25,7429.25,6797
1778641200,7429.0,7436.0,7425.5,7434.75,6010
1778644800,7434.75,7438.5,7433.0,7437.25,4710
1778648400,7437.25,7441.75,7435.5,7439.25,7739
1778652000,7439.5,7443.5,7434.25,7437.25,9104
1778655600,7437.5,7446.5,7434.25,7445.0,12661
1778659200,7445.25,7454.25,7444.0,7447.5,17137
1778662800,7447.25,7447.5,7439.5,7447.0,12028
1778666400,7447.25,7449.0,7439.25,7442.75,10557
1778670000,7442.5,7445.0,7438.5,7441.25,12734
1778673600,7441.25,7446.25,7416.5,7421.0,55052
1778677200,7421.25,7435.0,7399.0,7413.5,189838
1778680800,7413.25,7434.5,7412.25,7433.0,171050
1778684400,7433.0,7447.0,7431.25,7442.0,116926
1778688000,7442.0,7467.75,7439.75,7465.25,133267
1778691600,7465.5,7474.0,7465.5,7466.25,78169
1778695200,7466.25,7483.75,7465.75,7471.5,108571
1778698800,7471.5,7482.25,7467.75,7468.5,183747
1778702400,7468.5,7478.0,7466.5,7476.0,48104
1778709600,7477.5,7481.75,7472.5,7479.0,0
1778713200,7479.0,7483.75,7477.0,7480.5,5549
1778716800,7480.25,7489.0,7475.5,7487.75,10218
1778720400,7487.75,7487.75,7477.75,7478.75,7906
1778724000,7478.5,7484.0,7476.5,7478.5,6831
1778727600,7478.5,7482.75,7471.75,7472.25,6430
1778731200,7473.5,7481.75,7473.5,7477.5,5103
1778734800,7477.5,7486.75,7473.25,7483.0,8396
1778738400,7483.25,7489.5,7483.0,7485.0,9538
1778742000,7485.0,7489.0,7478.25,7479.25,9958
1778745600,7479.5,7491.75,7478.0,7487.75,15407
1778749200,7488.0,7490.0,7475.25,7485.0,13023
1778752800,7485.0,7496.25,7483.25,7488.5,18608
1778756400,7488.25,7495.0,7485.0,7491.0,13057
1778760000,7491.0,7499.25,7486.0,7489.75,23218
1778763600,7489.5,7503.25,7479.75,7488.5,162770
1778767200,7488.5,7520.0,7486.75,7516.5,185528
1778770800,7516.5,7537.5,7515.75,7537.25,146821
1778774400,7537.0,7540.0,7515.75,7522.75,164630
1778778000,7522.5,7527.5,7507.0,7521.5,138788
1778781600,7521.5,7528.0,7511.0,7527.5,111220
1778785200,7527.5,7531.25,7522.5,7526.0,179941
1778788800,7526.0,7530.0,7518.25,7523.0,53467
1778796000,7522.25,7527.0,7520.5,7524.0,0
1778799600,7524.25,7528.25,7519.25,7521.0,4272
1778803200,7520.75,7526.5,7512.75,7519.0,10591
1778806800,7518.75,7520.0,7494.25,7495.25,22089
1778810400,7495.25,7512.0,7493.75,7508.25,16573
1778814000,7508.0,7509.5,7501.25,7506.0,9179
1778817600,7502.25,7505.0,7492.25,7493.5,10633
1778821200,7493.75,7493.75,7466.0,7466.0,23120
1778824800,7466.25,7484.75,7463.0,7480.75,27949
1778828400,7480.5,7487.25,7472.0,7474.5,21047
1778832000,7474.75,7476.0,7435.75,7450.0,45072
1778835600,7450.0,7455.0,7436.25,7445.0,28005
1778839200,7445.5,7471.5,7441.5,7464.25,37983
1778842800,7464.25,7468.5,7446.0,7446.5,24099
1778846400,7446.5,7447.0,7429.75,7437.75,51211
1778850000,7438.0,7462.0,7420.25,7432.25,282152
1778853600,7432.5,7467.75,7430.25,7450.5,293914
1778857200,7450.5,7460.5,7431.75,7443.75,190758
1778860800,7443.75,7458.0,7437.25,7450.25,120784
1778864400,7450.5,7471.0,7447.5,7470.75,101923
1778868000,7470.75,7475.75,7445.25,7457.0,132828
1778871600,7457.0,7458.5,7427.0,7432.5,273436
1778875200,7432.25,7433.0,7409.25,7432.25,96320
1779055200,7432.25,7435.0,7422.5,7429.5,12059
1779058800,7429.25,7430.75,7397.75,7411.25,20846
1779062400,7411.0,7415.25,7381.5,7397.5,34965
1779066000,7397.25,7400.0,7375.0,7387.75,23266
1779069600,7387.5,7393.0,7378.75,7382.0,15268
1779073200,7382.0,7388.25,7378.0,7386.25,9670
1779076800,7385.5,7393.25,7379.5,7384.75,11255
1779080400,7384.75,7392.5,7379.5,7385.0,11693
1779084000,7384.5,7395.25,7376.0,7395.25,17276
1779087600,7395.0,7407.75,7384.75,7396.5,33027
1779091200,7396.75,7416.75,7396.75,7416.25,23597
1779094800,7416.25,7417.75,7405.5,7410.5,16484
1779098400,7411.0,7411.5,7394.0,7399.0,18896
1779102000,7398.75,7433.0,7386.5,7414.0,54221
1779105600,7414.25,7453.25,7413.25,7450.0,60989
1779109200,7450.0,7454.25,7415.25,7445.75,239026
1779112800,7445.75,7448.0,7404.25,7423.0,295120
1779116400,7423.0,7430.5,7391.75,7403.0,206420
1779120000,7403.0,7419.0,7381.75,7404.75,191206
1779123600,7405.0,7414.75,7399.25,7410.0,104095
1779127200,7410.0,7411.25,7373.5,7376.5,154590
1779130800,7376.5,7428.0,7376.0,7426.5,315931
1779134400,7426.5,7428.25,7417.0,7420.25,46029
1779141600,7423.5,7438.5,7422.75,7434.25,0
1779145200,7434.25,7438.75,7426.5,7429.25,5962
1779148800,7429.25,7440.75,7423.25,7424.0,14344
1779152400,7423.75,7426.5,7411.5,7416.75,12991
1779156000,7416.5,7416.5,7402.75,7410.5,13624
1779159600,7410.75,7422.25,7406.25,7412.25,6846
1779163200,7405.5,7409.0,7397.25,7404.75,10532
1779166800,7405.25,7407.5,7391.5,7402.0,9997
1779170400,7402.0,7416.5,7396.5,7413.5,13820
1779174000,7413.75,7433.0,7411.0,7429.75,19234
1779177600,7429.5,7431.25,7406.5,7413.25,17778
1779181200,7412.75,7413.0,7384.0,7398.0,23086
1779184800,7398.0,7401.25,7384.25,7399.75,24948
1779188400,7399.5,7405.25,7388.5,7389.0,19633
1779192000,7389.0,7404.75,7385.75,7401.25,22574
1779195600,7401.25,7403.5,7370.0,7392.0,256616
1779199200,7392.5,7393.0,7354.25,7370.75,319605
1779202800,7370.75,7378.75,7355.75,7368.75,192460
1779206400,7368.75,7402.0,7361.75,7400.25,159992
1779210000,7400.25,7415.25,7398.25,7406.75,137841
1779213600,7406.75,7411.75,7380.0,7383.0,132574
1779217200,7382.75,7400.5,7365.0,7377.5,263165
1779220800,7377.75,7378.25,7369.5,7372.5,51486
1779228000,7377.0,7380.75,7367.75,7375.0,0
1779231600,7375.0,7393.75,7374.0,7382.0,8174
1779235200,7381.5,7381.5,7356.0,7375.5,23126
1779238800,7375.5,7386.0,7359.5,7381.5,16599
1779242400,7381.75,7387.0,7361.25,7364.75,12510
1779246000,7365.0,7368.75,7356.0,7365.5,10187
1779249600,7370.25,7374.75,7362.25,7364.0,5921
1779253200,7364.0,7381.25,7364.0,7376.5,8116
1779256800,7376.25,7389.5,7375.75,7389.25,11696
1779260400,7389.25,7392.5,7384.5,7385.0,15154
1779264000,7385.25,7403.75,7384.5,7397.75,18202
1779267600,7397.75,7406.0,7392.25,7402.0,11996
1779271200,7402.0,7412.0,7399.5,7400.75,14834
1779274800,7400.5,7407.75,7395.0,7399.0,18478
1779278400,7399.0,7416.25,7397.5,7402.5,26879
1779282000,7402.5,7410.5,7380.75,7399.5,189950
1779285600,7399.75,7433.75,7376.75,7430.75,318993
1779289200,7430.75,7458.0,7424.5,7441.25,236408
1779292800,7441.5,7444.25,7423.75,7432.5,136584
1779296400,7432.75,7446.0,7426.25,7437.25,103450
1779300000,7437.5,7447.25,7432.0,7440.25,85036
1779303600,7440.5,7455.0,7439.0,7451.75,165139
1779307200,7451.75,7453.75,7428.5,7451.75,67374
1779314400,7432.75,7432.75,7407.5,7419.0,0
1779318000,7419.0,7425.75,7415.5,7420.75,6209
1779321600,7420.5,7424.75,7414.5,7422.5,10614
1779325200,7422.75,7437.5,7422.75,7435.0,13064
1779328800,7435.25,7444.5,7435.25,7438.75,8869
1779332400,7438.75,7448.0,7438.25,7444.0,6415
1779336000,7446.5,7454.0,7446.25,7453.0,5463
1779339600,7453.25,7457.5,7434.0,7445.75,11371
1779343200,7445.75,7451.25,7433.0,7438.0,14189
1779346800,7438.0,7441.5,7426.5,7440.25,17401
1779350400,7440.25,7469.75,7439.5,7452.5,27801
1779354000,7452.25,7463.75,7451.25,7454.75,12903
1779357600,7454.75,7459.0,7415.0,7423.5,43502
1779361200,7423.25,7438.0,7418.75,7429.75,24466
1779364800,7430.25,7436.5,7417.75,7419.25,38149
1779368400,7419.25,7439.5,7410.5,7435.5,209364
1779372000,7435.25,7443.75,7411.5,7426.75,234879
1779375600,7426.75,7435.75,7408.5,7430.0,195421
1779379200,7430.25,7437.0,7418.0,7426.25,107315
1779382800,7426.25,7486.75,7426.25,7474.5,244212
1779386400,7474.5,7478.75,7438.0,7447.75,195698
1779390000,7447.5,7469.75,7447.25,7465.0,208165
1779393600,7465.25,7470.25,7463.25,7467.0,38113
1779400800,7467.0,7479.0,7466.75,7478.0,0
1779404400,7478.0,7484.0,7476.25,7479.5,4793
1779408000,7479.75,7488.5,7476.5,7484.25,11585
1779411600,7484.25,7485.25,7474.25,7480.75,11272
1779415200,7480.5,7485.0,7478.25,7483.5,5980
1779418800,7483.25,7488.75,7480.0,7488.25,4542
1779422400,7492.25,7493.75,7489.0,7493.25,5742
1779426000,7493.25,7494.75,7484.25,7485.5,7772
1779429600,7485.25,7494.75,7483.25,7489.0,12906
1779433200,7489.0,7489.75,7481.5,7488.75,14242
1779436800,7488.75,7500.5,7483.75,7485.25,25067
1779440400,7485.25,7485.5,7473.0,7483.25,18764
1779444000,7483.5,7483.5,7469.5,7474.5,14248
1779447600,7474.5,7486.75,7472.25,7480.75,14527
1779451200,7480.75,7503.5,7478.0,7502.75,45296
1779454800,7503.0,7516.25,7491.0,7509.75,172599
1779458400,7510.0,7510.0,7478.75,7499.5,177776
1779462000,7499.5,7515.25,7498.75,7510.75,105206
1779465600,7510.75,7512.25,7502.75,7507.25,80257
1779469200,7507.25,7524.0,7501.5,7508.25,133831
1779472800,7508.25,7511.5,7502.25,7505.5,77675
1779476400,7505.5,7506.75,7483.75,7490.5,171902
1779480000,7490.5,7495.0,7482.25,7491.0,48557
1779768000,7540.25,7542.5,7537.25,7538.5,4417
1779771600,7538.5,7541.25,7535.5,7537.25,5562
1779775200,7537.5,7544.5,7536.0,7539.5,11402
1779778800,7539.75,7541.25,7525.25,7531.25,19652
1779782400,7531.25,7533.5,7528.0,7532.75,10733
1779786000,7532.75,7539.0,7530.0,7537.5,13467
1779789600,7537.75,7551.25,7536.25,7542.25,17941
1779793200,7542.5,7544.5,7532.25,7540.0,18990
1779796800,7540.0,7548.5,7536.0,7544.0,22084
1779800400,7543.75,7545.0,7525.0,7541.5,163102
1779804000,7541.5,7555.25,7539.0,7547.75,153368
1779807600,7548.0,7548.75,7517.0,7523.25,180087
1779811200,7523.0,7534.0,7519.75,7523.5,96439
1779814800,7523.5,7528.0,7518.25,7524.0,69199
1779818400,7523.75,7533.75,7521.5,7524.75,72759
1779822000,7524.5,7542.5,7522.0,7539.25,166748
1779825600,7539.25,7540.75,7531.0,7532.75,47122
1779832800,7533.0,7538.0,7529.25,7533.25,0
1779836400,7533.5,7544.75,7533.5,7543.5,6319
1779840000,7543.5,7547.25,7537.75,7545.75,10300
1779843600,7545.75,7548.75,7541.5,7542.25,8462
1779847200,7542.5,7547.0,7542.25,7544.25,4994
1779850800,7544.25,7546.75,7538.5,7539.25,4285
1779854400,7541.5,7543.0,7535.5,7541.5,4863
1779858000,7541.25,7545.0,7537.75,7543.75,5030
1779861600,7543.75,7545.5,7537.0,7540.0,7202
1779865200,7540.25,7548.5,7540.0,7548.0,8878
1779868800,7547.75,7559.75,7547.0,7557.75,14183
1779872400,7557.5,7561.25,7555.75,7560.0,9099
1779876000,7560.25,7565.0,7559.25,7561.75,11560
1779879600,7562.0,7566.5,7550.5,7551.0,19285
1779883200,7551.25,7570.75,7545.25,7552.75,61418
1779886800,7552.75,7553.5,7525.5,7538.0,191377
1779890400,7538.0,7547.0,7525.75,7530.0,221294
1779894000,7530.0,7535.0,7516.5,7524.25,156932
1779897600,7524.25,7539.75,7519.0,7531.0,93862
1779901200,7531.0,7533.75,7515.0,7530.75,96670
1779904800,7530.5,7544.25,7526.5,7542.0,78471
1779908400,7542.0,7545.25,7535.25,7539.75,160262
1779912000,7539.75,7557.25,7538.5,7554.25,46130
1779919200,7553.75,7557.75,7541.25,7546.25,0
1779922800,7546.0,7549.25,7532.25,7534.5,9427
1779926400,7534.25,7551.75,7532.5,7549.25,11072
1779930000,7549.0,7550.5,7542.75,7549.25,6399
1779933600,7549.5,7550.75,7532.5,7534.0,11272
1779937200,7534.25,7536.25,7511.5,7515.0,27022
1779940800,7514.0,7515.0,7505.75,7510.0,17224
1779944400,7510.0,7529.25,7507.0,7527.75,16636
1779948000,7528.0,7531.5,7523.75,7528.25,13284
1779951600,7528.25,7534.25,7525.25,7531.75,15186
1779955200,7531.75,7534.5,7526.75,7533.25,11875
1779958800,7533.0,7536.0,7527.5,7532.25,10315
1779962400,7532.25,7532.5,7515.0,7519.25,19456
1779966000,7519.0,7524.75,7517.0,7522.0,15786
1779969600,7522.0,7539.75,7520.75,7538.25,26405
1779973200,7538.25,7544.0,7525.25,7535.75,127897
1779976800,7535.75,7574.0,7533.25,7562.75,262762
1779980400,7562.75,7577.0,7561.5,7574.75,123101
1779984000,7574.75,7582.75,7570.75,7581.0,80698
1779987600,7581.0,7583.75,7574.75,7581.0,74090
1779991200,7581.0,7583.0,7576.0,7576.75,80098
1779994800,7576.5,7586.5,7575.25,7581.75,171000
1779998400,7582.0,7590.75,7580.0,7587.75,43096
1780005600,7587.5,7592.5,7585.0,7585.5,0
1780009200,7585.5,7590.0,7584.0,7585.25,3853
1780012800,7585.0,7586.0,7575.75,7577.5,10452
1780016400,7577.5,7579.5,7572.75,7577.25,10818
1780020000,7577.25,7581.25,7574.25,7576.0,6093
1780023600,7576.25,7582.75,7575.75,7580.5,5728
1780027200,7582.0,7587.5,7581.75,7585.0,5982
1780030800,7585.25,7588.0,7584.0,7586.0,5986
1780034400,7586.0,7592.75,7586.0,7592.5,12663
1780038000,7592.5,7592.75,7580.0,7586.5,15500
1780041600,7586.5,7589.5,7582.25,7586.0,11602
1780045200,7586.0,7595.25,7585.25,7590.25,12867
1780048800,7590.5,7591.25,7585.0,7590.25,9935
1780052400,7590.25,7595.75,7584.25,7593.5,20362
1780056000,7593.5,7594.0,7586.0,7591.25,17783
1780059600,7591.5,7610.0,7586.75,7609.0,137767
1780063200,7608.75,7611.5,7577.5,7590.75,283449
1780066800,7591.0,7604.75,7589.25,7594.75,157891
1780070400,7594.75,7608.5,7593.75,7598.25,109898
1780074000,7598.0,7600.5,7582.5,7583.5,101150
1780077600,7583.25,7598.25,7581.75,7585.25,114777
1780081200,7585.25,7607.0,7583.75,7594.5,323868
1780084800,7594.75,7599.0,7589.25,7595.75,75804
1780264800,7589.0,7603.25,7587.75,7601.5,8719
1780268400,7601.5,7606.5,7600.25,7605.25,4970
1780272000,7605.25,7614.0,7604.5,7611.75,13341
1780275600,7611.5,7614.5,7608.25,7613.75,10275
1780279200,7613.75,7617.75,7613.75,7615.5,7099
1780282800,7615.5,7619.75,7611.0,7612.5,9392
1780286400,7612.25,7618.0,7612.25,7617.5,5068
1780290000,7617.5,7619.0,7614.0,7617.75,5834
1780293600,7618.0,7618.75,7614.25,7617.5,8156
1780297200,7617.75,7620.5,7607.5,7611.25,17200
1780300800,7611.25,7614.25,7605.75,7614.0,13460
1780304400,7614.25,7616.5,7609.0,7610.0,11243
1780308000,7610.0,7617.75,7610.0,7616.5,8169
1780311600,7616.25,7623.0,7613.75,7614.25,18015
1780315200,7614.25,7615.75,7606.25,7608.75,30130
1780318800,7608.75,7610.25,7576.25,7584.75,209349
1780322400,7585.25,7596.25,7581.0,7585.0,183749
1780326000,7585.0,7603.0,7582.75,7595.5,159288
1780329600,7595.5,7609.25,7587.0,7607.75,130196
1780333200,7607.75,7632.25,7598.75,7624.25,167636
1780336800,7624.25,7628.25,7622.0,7624.25,63425
1780340400,7624.25,7626.5,7610.5,7613.75,179623
1780344000,7613.75,7618.0,7606.5,7608.5,50523
1780351200,7612.0,7612.0,7591.0,7595.5,0
1780354800,7595.5,7599.0,7592.0,7595.75,5781
1780358400,7595.75,7596.0,7580.25,7581.75,16689
1780362000,7581.5,7586.0,7577.5,7577.5,14729
1780365600,7577.75,7583.25,7577.25,7581.5,7923
1780369200,7581.25,7582.75,7576.5,7581.25,9203
1780372800,7583.5,7590.75,7581.5,7590.25,7840
1780376400,7590.5,7596.75,7588.5,7594.25,7296
1780380000,7594.0,7602.5,7593.75,7601.5,11369
1780383600,7601.5,7606.5,7601.25,7606.25,12978
1780387200,7606.25,7610.5,7603.25,7605.75,16585
1780390800,7605.5,7605.75,7598.5,7601.5,12251
1780394400,7601.5,7603.5,7598.75,7599.0,7451
1780398000,7599.0,7604.5,7595.5,7596.25,14033
1780401600,7596.25,7603.0,7595.25,7597.0,19130
1780405200,7597.0,7605.25,7587.5,7603.75,136640
1780408800,7603.5,7625.25,7600.0,7625.25,164685
1780412400,7625.25,7632.0,7621.75,7624.75,122677
1780416000,7624.75,7627.75,7618.75,7626.5,82476
1780419600,7626.5,7627.5,7615.5,7616.5,76797
1780423200,7616.75,7621.25,7614.25,7619.0,66168
1780426800,7619.0,7625.25,7618.75,7623.5,146814
1780430400,7623.5,7630.0,7623.25,7628.25,47931
1780437600,7628.0,7628.5,7620.5,7621.5,0
1780441200,7621.5,7625.75,7602.0,7624.5,27945
1780444800,7624.5,7627.0,7619.5,7625.25,8413
1780448400,7625.25,7626.0,7619.25,7621.75,8565
1780452000,7622.0,7623.0,7620.0,7621.5,3836
1780455600,7621.25,7624.5,7621.0,7623.5,2895
1780459200,7624.75,7626.0,7622.0,7622.25,3238
1780462800,7622.25,7624.5,7617.5,7619.0,5841
1780466400,7619.0,7622.0,7615.75,7619.25,9203
1780470000,7619.0,7623.5,7615.75,7620.25,10465
1780473600,7620.25,7622.25,7615.25,7618.75,14031
1780477200,7618.5,7621.5,7611.25,7612.0,11487
1780480800,7612.0,7622.25,7610.5,7614.5,21546
1780484400,7614.5,7620.25,7614.5,7616.25,10791
1780488000,7616.5,7619.0,7603.75,7607.0,29171
1780491600,7607.0,7614.75,7574.0,7586.25,199153
1780495200,7586.5,7597.25,7583.75,7588.75,163305
1780498800,7589.0,7592.25,7574.75,7579.25,122108
1780502400,7579.25,7582.0,7562.5,7578.25,138127
1780506000,7578.0,7585.0,7567.0,7583.0,95783
1780509600,7583.0,7588.0,7577.25,7583.5,81781
1780513200,7583.5,7583.5,7568.5,7572.5,247059
1780516800,7572.5,7573.25,7541.75,7547.5,82058
1780524000,7539.75,7546.25,7530.5,7543.5,0
1780527600,7543.5,7544.75,7529.0,7534.5,11246
1780531200,7534.25,7548.75,7531.5,7546.5,13386
1780534800,7546.5,7551.25,7536.5,7540.75,9829
1780538400,7540.75,7541.5,7527.5,7535.0,10133
1780542000,7535.0,7544.75,7534.25,7543.25,5550
1780545600,7543.25,7548.0,7542.75,7546.25,4491
1780549200,7546.0,7546.75,7538.5,7543.75,6276
1780552800,7543.75,7553.0,7542.25,7552.75,9811
1780556400,7552.75,7557.75,7550.75,7553.75,15386
1780560000,7553.5,7553.75,7537.0,7540.75,22452
1780563600,7540.5,7549.75,7532.25,7547.75,18251
1780567200,7547.75,7547.75,7528.0,7533.5,15954
1780570800,7533.75,7546.0,7524.5,7544.0,34762
1780574400,7543.75,7552.5,7536.75,7550.25,31622
1780578000,7550.25,7564.5,7541.75,7559.5,172875
1780581600,7559.25,7570.5,7549.75,7569.75,175960
1780585200,7569.5,7587.5,7569.5,7581.0,133259
1780588800,7581.25,7597.5,7579.5,7596.5,88205
1780592400,7596.5,7605.5,7594.0,7604.75,71692
1780596000,7604.75,7608.0,7603.0,7604.5,68474
1780599600,7604.5,7611.5,7598.25,7599.75,185969
1780603200,7599.75,7602.0,7587.25,7587.75,50808
1780610400,7589.5,7591.0,7578.25,7585.75,0
1780614000,7586.0,7586.75,7573.25,7573.5,9393
1780617600,7573.5,7573.5,7556.75,7559.0,19511
1780621200,7559.25,7561.0,7546.75,7560.75,18471
1780624800,7560.5,7566.5,7558.25,7561.25,9367
1780628400,7561.5,7564.0,7553.75,7556.75,6255
1780632000,7557.75,7565.5,7556.25,7563.75,5542
1780635600,7564.0,7564.5,7556.75,7558.0,6607
1780639200,7558.0,7565.0,7550.75,7554.0,11116
1780642800,7554.0,7560.0,7547.25,7557.25,16266
1780646400,7557.5,7568.5,7554.5,7560.25,17370
1780650000,7560.5,7578.75,7559.75,7567.75,22421
1780653600,7567.75,7574.25,7567.25,7568.5,8890
1780657200,7568.25,7571.0,7559.5,7563.25,19778
1780660800,7563.25,7568.25,7544.5,7549.75,46713
1780664400,7549.75,7553.0,7510.5,7511.25,240594
1780668000,7511.25,7533.5,7505.75,7523.0,287190
1780671600,7523.0,7526.25,7486.25,7490.25,206619
1780675200,7490.0,7490.5,7449.0,7469.75,241550
1780678800,7469.75,7477.75,7452.0,7471.25,171949
1780682400,7471.5,7472.5,7409.25,7416.25,259259
1780686000,7416.25,7423.0,7379.75,7400.25,469690
1780689600,7400.25,7401.5,7359.0,7400.5,141491
1780869600,7369.0,7396.25,7355.5,7368.0,27553
1780873200,7368.0,7404.25,7368.0,7400.5,18036
1780876800,7400.0,7423.0,7395.75,7415.25,28640
1780880400,7415.5,7419.0,7384.25,7405.75,35309
1780884000,7406.25,7419.25,7400.75,7414.5,18077
1780887600,7414.75,7419.25,7410.75,7415.5,8201
1780891200,7416.75,7418.75,7400.75,7401.25,10491
1780894800,7401.25,7408.75,7386.25,7391.5,16281
1780898400,7391.75,7409.75,7389.75,7402.5,19126
1780902000,7402.5,7429.0,7400.5,7423.25,33032
1780905600,7423.0,7423.75,7409.25,7413.75,28981
1780909200,7413.75,7431.0,7407.25,7427.25,22287
1780912800,7427.5,7435.75,7414.0,7428.25,29019
1780916400,7428.25,7457.75,7422.75,7447.0,54045
1780920000,7447.0,7467.75,7446.0,7459.25,45508
1780923600,7459.25,7471.75,7431.0,7431.5,227826
1780927200,7431.25,7473.5,7429.0,7473.25,235354
1780930800,7473.0,7476.75,7440.75,7450.0,192182
1780934400,7450.0,7462.25,7437.25,7441.5,122131
1780938000,7441.5,7446.5,7423.0,7433.75,153128
1780941600,7433.75,7447.0,7430.0,7432.0,104084
1780945200,7432.0,7434.25,7403.75,7415.75,254587
1780948800,7415.75,7419.0,7407.5,7412.25,47486
1780956000,7412.75,7416.75,7390.75,7411.75,0
1780959600,7411.75,7419.25,7403.25,7410.5,9709
1780963200,7410.0,7411.75,7390.25,7395.25,19563
1780966800,7395.5,7428.0,7393.25,7419.75,16436
1780970400,7419.75,7425.25,7415.5,7423.5,8233
1780974000,7423.25,7433.0,7421.25,7429.75,8649
1780977600,7431.25,7437.25,7430.75,7434.0,5976
1780981200,7434.25,7440.75,7432.25,7436.5,7314
1780984800,7436.75,7442.0,7430.0,7433.5,9121
1780988400,7433.25,7446.75,7430.75,7432.5,16298
1780992000,7432.75,7449.0,7428.0,7442.0,17866
1780995600,7442.0,7451.0,7441.25,7448.75,9875
1780999200,7448.75,7456.0,7434.5,7451.25,19723
1781002800,7451.5,7454.75,7443.0,7443.5,15883
1781006400,7443.5,7456.75,7441.5,7456.25,28268
1781010000,7456.25,7491.0,7449.0,7465.5,209153
1781013600,7465.25,7472.25,7367.5,7399.0,420128
1781017200,7399.0,7405.75,7311.0,7312.25,353961
1781020800,7312.25,7327.25,7247.25,7287.5,427333
1781024400,7287.25,7361.5,7285.25,7347.5,230714
1781028000,7347.75,7393.5,7342.5,7389.5,166862
1781031600,7389.25,7398.75,7347.25,7391.75,323071
1781035200,7391.75,7399.0,7382.5,7390.0,69970
1781042400,7380.0,7387.75,7363.5,7370.25,0
1781046000,7370.5,7380.0,7365.0,7378.75,10184
1781049600,7378.75,7393.0,7364.0,7381.5,21080
1781053200,7381.75,7390.0,7376.5,7380.0,12738
1781056800,7380.25,7381.25,7369.5,7371.25,10253
1781060400,7371.0,7381.25,7369.75,7372.75,6389
1781064000,7367.0,7370.75,7356.0,7358.0,11401
1781067600,7358.0,7370.5,7353.75,7368.25,11280
1781071200,7368.5,7376.0,7366.5,7368.5,11428
1781074800,7368.5,7373.5,7361.75,7367.5,12235
1781078400,7367.5,7367.75,7332.5,7336.25,28745
1781082000,7336.5,7342.75,7319.0,7337.5,28517
1781085600,7337.75,7346.75,7324.5,7343.75,20541
1781089200,7344.25,7346.5,7305.5,7322.25,63104
1781092800,7322.25,7367.0,7318.75,7350.25,84988
1781096400,7350.5,7390.5,7335.25,7378.0,202122
1781100000,7378.0,7404.75,7343.0,7349.25,235881
1781103600,7349.0,7364.75,7305.0,7340.25,271620
1781107200,7340.25,7346.0,7314.5,7324.0,130617
1781110800,7324.0,7334.5,7299.0,7327.25,131450
1781114400,7327.25,7338.5,7290.5,7295.25,122337
1781118000,7295.0,7302.25,7275.25,7276.0,254357
1781121600,7276.0,7278.75,7256.0,7267.0,86646
1781128800,7259.25,7266.75,7243.0,7244.0,0
1781132400,7244.0,7263.25,7232.25,7249.5,27917
1781136000,7250.0,7283.0,7245.75,7277.0,29261
1781139600,7277.25,7306.0,7277.0,7287.5,26004
1781143200,7287.75,7297.0,7272.75,7289.25,16021
1781146800,7289.5,7305.75,7281.0,7304.5,12216
1781150400,7303.5,7317.5,7300.5,7312.75,11384
1781154000,7313.0,7313.75,7302.75,7308.5,9065
1781157600,7308.25,7316.0,7294.75,7315.5,18991
1781161200,7315.5,7331.25,7312.25,7327.25,26404
1781164800,7327.0,7337.5,7326.5,7336.5,22232
1781168400,7336.5,7338.75,7331.75,7333.75,15347
1781172000,7333.5,7337.75,7328.25,7329.0,15540
1781175600,7328.75,7334.0,7317.5,7332.25,27651
1781179200,7332.0,7334.0,7288.25,7316.5,82402
1781182800,7316.25,7335.5,7283.0,7317.0,242271
1781186400,7317.25,7335.75,7270.25,7275.5,296144
1781190000,7275.5,7314.25,7263.0,7300.25,198940
1781193600,7300.25,7323.0,7284.5,7284.75,155433
1781197200,7285.0,7386.5,7271.75,7369.25,299891
1781200800,7369.25,7383.25,7344.75,7377.5,169857
1781204400,7377.75,7420.0,7373.0,7394.5,350909
1781208000,7394.5,7409.5,7390.25,7398.25,77928
1781215200,7397.5,7416.25,7396.75,7411.5,0
1781218800,7411.75,7417.0,7402.75,7415.0,7595
1781222400,7415.0,7421.25,7406.5,7412.75,10853
1781226000,7412.5,7412.75,7396.75,7410.25,10657
1781229600,7410.25,7415.25,7404.75,7411.5,6809
1781233200,7411.5,7411.75,7399.5,7406.75,6443
1781236800,7401.75,7411.5,7400.25,7410.75,4727
1781240400,7410.75,7412.75,7387.5,7393.0,10435
1781244000,7393.25,7403.75,7384.5,7388.0,13645
1781247600,7388.0,7408.5,7374.75,7400.75,27254
1781251200,7401.0,7428.25,7399.25,7415.0,32037
1781254800,7415.0,7451.25,7415.0,7439.25,28363
1781258400,7439.25,7444.75,7419.25,7424.75,30545
1781262000,7425.0,7448.0,7422.5,7443.0,30952
1781265600,7443.0,7444.5,7402.0,7404.5,44274
1781269200,7404.5,7424.75,7366.5,7383.0,239067
1781272800,7383.25,7443.5,7380.25,7440.5,335120
1781276400,7440.75,7461.75,7401.25,7405.75,245070
1781280000,7405.75,7439.5,7398.25,7432.25,164539
1781283600,7432.25,7447.0,7426.25,7430.5,111153
1781287200,7430.5,7441.25,7421.75,7428.0,114438
1781290800,7428.0,7439.75,7418.75,7433.75,212443
1781294400,7433.5,7444.75,7433.0,7435.0,57022
1781474400,7500.25,7504.5,7490.75,7494.75,9168
1781478000,7494.75,7498.5,7484.75,7496.5,7167
1781481600,7496.5,7514.0,7494.0,7507.25,12551
1781485200,7507.25,7514.5,7505.5,7512.25,6813
1781488800,7512.0,7520.0,7511.75,7519.0,5960
1781492400,7519.0,7523.5,7515.5,7519.5,5684
1781496000,7519.5,7527.25,7517.0,7526.75,4888
1781499600,7526.5,7531.25,7526.0,7531.25,7408
1781503200,7531.25,7533.25,7523.0,7526.0,10055
1781506800,7526.0,7532.0,7521.25,7522.5,21019
1781510400,7522.25,7532.25,7522.0,7527.75,27602
1781514000,7527.75,7588.75,7521.0,7587.5,26315
1781517600,7587.5,7592.75,7587.0,7592.0,20897
1781521200,7592.25,7602.25,7591.25,7595.5,36207
1781524800,7595.75,7599.0,7587.5,7594.5,61780
1781528400,7594.75,7622.5,7592.0,7614.25,237413
1781532000,7614.25,7625.0,7605.5,7623.0,301636
1781535600,7623.25,7644.5,7623.0,7643.25,247761
1781539200,7643.25,7648.75,7636.75,7640.5,194835
1781542800,7640.25,7646.5,7632.0,7633.5,171388
1781546400,7633.75,7636.25,7625.75,7631.5,155455
1781550000,7631.75,7634.5,7616.5,7630.0,350996
1781553600,7630.25,7631.75,7624.0,7624.25,70015
1781560800,7626.5,7630.25,7612.0,7617.5,0
1781564400,7617.25,7622.0,7614.5,7620.5,5388
1781568000,7620.25,7625.0,7612.75,7615.5,9333
1781571600,7615.25,7618.75,7613.5,7616.25,7161
1781575200,7616.25,7621.0,7613.75,7617.5,5452
1781578800,7617.75,7627.5,7617.0,7622.25,6515
1781582400,7621.5,7622.5,7615.0,7618.25,4515
1781586000,7618.5,7625.25,7616.0,7618.25,5452
1781589600,7618.0,7624.0,7617.0,7622.25,5935
1781593200,7622.25,7627.75,7620.25,7624.5,14918
1781596800,7624.5,7630.25,7620.75,7626.5,25258
1781600400,7626.5,7628.75,7618.75,7620.25,23311
1781604000,7620.5,7631.0,7620.5,7630.75,18370
1781607600,7630.5,7634.5,7628.5,7631.25,33769
1781611200,7631.25,7634.75,7622.0,7625.25,48502
1781614800,7625.0,7636.75,7620.5,7622.75,199576
1781618400,7622.75,7634.0,7604.0,7611.0,308319
1781622000,7611.0,7619.25,7599.0,7610.0,251616
1781625600,7609.75,7622.25,7606.0,7610.5,166132
1781629200,7610.25,7611.5,7598.75,7605.75,132462
1781632800,7605.5,7607.5,7600.5,7602.0,111019
1781636400,7602.0,7603.0,7583.0,7588.0,269551
1781640000,7588.0,7589.0,7578.0,7583.0,66006
1781647200,7581.25,7597.5,7581.25,7596.5,0
1781650800,7596.5,7596.75,7589.25,7591.75,4670
1781654400,7592.0,7600.5,7592.0,7597.0,7301
1781658000,7597.0,7605.5,7595.25,7605.5,7625
1781661600,7605.25,7605.75,7601.25,7602.5,5360
1781665200,7602.5,7606.25,7598.75,7606.0,4053
1781668800,7605.25,7606.5,7601.0,7606.0,3807
1781672400,7606.0,7608.0,7603.0,7604.0,5934
1781676000,7603.75,7609.25,7601.25,7609.0,8558
1781679600,7608.75,7612.5,7603.25,7605.75,13618
1781683200,7605.75,7608.25,7591.75,7599.75,17758
1781686800,7600.0,7602.75,7590.5,7592.25,14221
1781690400,7592.25,7598.25,7585.25,7591.0,15797
1781694000,7591.25,7597.75,7583.0,7586.5,15997
1781697600,7586.75,7596.5,7586.25,7595.25,25556
1781701200,7595.25,7600.25,7581.0,7581.0,155678
1781704800,7581.25,7604.25,7560.5,7572.5,242566
1781708400,7572.25,7591.25,7568.0,7588.75,131982
1781712000,7589.0,7593.25,7581.5,7582.75,74434
1781715600,7582.5,7589.75,7568.5,7588.75,100304
1781719200,7588.25,7590.75,7514.5,7540.75,344637
1781722800,7540.5,7552.0,7472.25,7492.5,419599
1781726400,7492.25,7515.25,7490.0,7511.0,75472
1781733600,7512.5,7527.75,7504.25,7525.5,0
1781737200,7525.75,7541.25,7524.25,7541.25,9380
1781740800,7541.5,7560.5,7539.75,7550.75,22266
1781744400,7550.75,7561.25,7550.0,7553.0,11482
1781748000,7553.0,7559.75,7552.0,7556.75,5056
1781751600,7556.5,7558.75,7550.25,7555.0,5849
1781755200,7552.5,7553.5,7539.25,7544.75,7482
1781758800,7545.0,7550.5,7542.75,7546.5,5516
1781762400,7546.25,7557.25,7541.0,7556.75,11598
1781766000,7556.5,7559.5,7550.25,7559.25,13696
1781769600,7559.5,7568.25,7547.0,7547.75,19570
1781773200,7548.25,7564.0,7545.75,7563.25,13493
1781776800,7563.25,7564.75,7551.5,7553.5,14222
1781780400,7553.5,7554.75,7530.75,7543.25,25510
1781784000,7543.25,7565.0,7540.75,7560.5,36422
1781787600,7560.5,7581.5,7535.5,7544.0,251015
1781791200,7544.25,7570.75,7539.0,7566.25,215022
1781794800,7566.5,7568.75,7541.0,7560.5,156245
1781798400,7560.25,7570.5,7555.0,7564.0,96918
1781802000,7564.0,7579.0,7561.5,7567.0,77208
1781805600,7567.0,7568.0,7559.25,7561.5,80739
1781809200,7561.5,7580.75,7549.0,7564.5,266880
1781812800,7564.5,7583.0,7562.25,7574.75,71136
1781820000,7576.75,7580.0,7559.5,7561.0,0
1781823600,7561.25,7568.25,7560.5,7565.75,2897
1781827200,7565.5,7565.75,7556.0,7558.25,6122
1781830800,7558.25,7560.75,7547.25,7547.75,6253
1781834400,7547.5,7549.25,7541.75,7546.25,5072
1781838000,7546.25,7548.5,7536.0,7536.75,6432
1782079200,7543.25,7556.25,7526.0,7538.25,12311
1782082800,7537.75,7556.25,7513.0,7516.0,10833
1782086400,7515.75,7556.25,7514.5,7548.75,19399
1782090000,7549.0,7557.25,7548.75,7549.5,13951
1782093600,7549.75,7556.25,7537.25,7538.5,12005
1782097200,7538.5,7556.25,7533.5,7534.5,8967
1782100800,7534.75,7536.5,7528.25,7534.75,7658
1782104400,7534.75,7547.5,7534.0,7546.25,9987
1782108000,7546.5,7562.75,7546.0,7561.75,14559
1782111600,7561.75,7567.25,7560.5,7562.75,10770
1782115200,7562.75,7563.75,7552.5,7559.5,9547
1782118800,7559.5,7564.5,7554.25,7554.75,8683
1782122400,7554.75,7564.75,7554.75,7558.75,7608
1782126000,7558.75,7577.75,7558.5,7563.5,20533
1782129600,7563.75,7576.25,7563.75,7568.0,17824
1782133200,7568.0,7596.75,7568.0,7596.25,167898
1782136800,7596.25,7599.25,7527.25,7543.0,268647
1782140400,7542.75,7559.25,7534.75,7542.5,183928
1782144000,7542.5,7550.25,7532.25,7546.0,119361
1782147600,7546.25,7549.5,7535.5,7542.75,73458
1782151200,7543.0,7553.75,7531.5,7533.0,83462
1782154800,7533.0,7545.75,7528.0,7540.25,206598
1782158400,7540.25,7547.25,7539.0,7540.75,41664
1782165600,7541.25,7549.5,7529.5,7532.0,0
1782169200,7532.0,7533.0,7526.0,7532.0,5399
1782172800,7531.75,7545.25,7522.0,7540.25,16503
1782176400,7540.25,7542.25,7512.0,7522.25,17717
1782180000,7522.75,7525.0,7510.5,7512.75,11468
1782183600,7512.75,7513.75,7496.5,7506.25,17151
1782187200,7504.25,7504.25,7481.75,7483.25,12711
1782190800,7483.5,7488.0,7467.0,7468.75,20912
1782194400,7468.75,7472.5,7444.75,7447.25,27232
1782198000,7447.0,7455.5,7428.25,7433.5,29466
1782201600,7433.75,7438.5,7421.75,7430.5,33941
1782205200,7430.75,7446.25,7429.5,7444.5,22204
1782208800,7444.5,7449.75,7427.25,7436.75,25351
1782212400,7436.5,7453.5,7432.5,7450.75,32903
1782216000,7450.75,7454.5,7427.5,7432.75,37353
1782219600,7432.5,7466.5,7415.25,7465.25,240959
1782223200,7465.25,7491.0,7459.75,7464.75,271013
1782226800,7464.75,7468.5,7435.75,7453.75,188312
1782230400,7454.0,7475.25,7452.5,7469.75,116734
1782234000,7469.75,7476.5,7452.5,7453.25,108126
1782237600,7453.25,7461.25,7428.75,7436.0,139923
1782241200,7436.0,7453.0,7433.0,7434.75,277587
1782244800,7434.75,7446.75,7431.5,7445.5,53887
1782252000,7449.25,7452.25,7429.25,7434.75,0
1782255600,7435.0,7450.75,7420.25,7446.75,14330
1782259200,7446.75,7459.75,7443.5,7453.5,19418
1782262800,7453.75,7454.75,7442.5,7451.25,15403
1782266400,7451.0,7453.25,7429.75,7430.25,12885
1782270000,7430.0,7451.75,7426.75,7447.5,13511
1782273600,7440.0,7451.5,7434.75,7449.5,7885
1782277200,7449.75,7459.25,7447.5,7450.25,8883
1782280800,7450.25,7453.75,7445.25,7448.75,7908
1782284400,7449.0,7452.75,7439.75,7442.75,15131
1782288000,7443.0,7453.25,7442.5,7447.5,12697
1782291600,7447.5,7452.25,7439.25,7447.75,12262
1782295200,7447.75,7458.25,7442.25,7449.0,14047
1782298800,7449.0,7465.0,7443.75,7463.75,19886
1782302400,7463.75,7467.25,7447.75,7450.5,25954
1782306000,7450.5,7472.25,7437.75,7454.75,220460
1782309600,7454.5,7494.25,7436.5,7493.75,263304
1782313200,7493.75,7496.5,7474.5,7480.25,183033
1782316800,7480.25,7485.5,7450.75,7453.0,153067
1782320400,7453.0,7461.25,7407.75,7414.0,202568
1782324000,7414.25,7443.25,7408.25,7415.5,182118
1782327600,7415.5,7431.5,7404.25,7428.25,253169
1782331200,7428.0,7482.25,7421.25,7477.5,91463
1782338400,7476.25,7486.75,7465.75,7466.25,0
1782342000,7466.5,7478.5,7464.0,7471.75,6819
1782345600,7472.0,7473.0,7453.0,7454.5,13530
1782349200,7455.0,7466.5,7452.25,7460.25,8987
1782352800,7460.0,7465.0,7452.75,7463.25,6840
1782356400,7463.5,7469.75,7460.25,7469.5,5802
1782360000,7466.5,7468.0,7459.75,7464.5,5021
1782363600,7464.25,7476.5,7464.25,7472.0,7068
1782367200,7472.0,7482.25,7471.0,7477.75,8069
1782370800,7478.0,7488.75,7478.0,7488.0,10541
1782374400,7488.25,7491.25,7475.5,7477.0,10787
1782378000,7477.0,7484.5,7476.25,7480.75,7670
1782381600,7480.5,7487.5,7479.75,7483.75,6209
1782385200,7483.75,7487.0,7472.25,7476.0,13411
1782388800,7475.75,7496.0,7472.5,7487.0,30955
1782392400,7487.0,7490.5,7390.5,7393.25,301863
1782396000,7393.25,7475.75,7392.5,7449.5,339500
1782399600,7449.25,7462.25,7414.25,7437.5,151963
1782403200,7437.75,7458.75,7409.75,7420.25,124282
1782406800,7420.25,7438.0,7410.75,7429.5,92620
1782410400,7429.5,7456.75,7408.25,7434.5,129436
1782414000,7434.25,7435.0,7409.0,7428.75,187767
1782417600,7428.75,7454.5,7427.75,7433.75,67405
1782424800,7431.0,7435.75,7416.0,7425.25,0
1782428400,7425.25,7454.25,7417.25,7423.75,14139
1782432000,7423.75,7434.75,7418.75,7421.25,10326
1782435600,7421.75,7427.75,7395.0,7399.75,13645
1782439200,7399.75,7401.5,7366.5,7370.75,19534
1782442800,7371.25,7381.25,7357.25,7381.0,14793
1782446400,7383.25,7385.0,7365.75,7367.75,11735
1782450000,7367.75,7382.75,7364.5,7372.0,13225
1782453600,7372.25,7409.5,7369.0,7404.0,16779
1782457200,7404.0,7413.75,7394.75,7410.75,13449
1782460800,7411.0,7416.0,7382.75,7388.5,15665
1782464400,7388.75,7396.75,7379.75,7385.25,15036
1782468000,7385.5,7389.5,7376.5,7386.5,9447
1782471600,7386.5,7394.75,7377.75,7384.5,13726
1782475200,7384.75,7403.75,7380.25,7384.0,26158
1782478800,7384.0,7405.75,7360.0,7401.5,192181
1782482400,7401.25,7436.25,7398.75,7418.0,189274
1782486000,7418.0,7459.5,7409.5,7447.5,166501
1782489600,7447.75,7449.0,7420.75,7438.25,94236
1782493200,7438.25,7452.25,7427.75,7430.0,73396
1782496800,7430.25,7439.5,7405.25,7409.0,101544
1782500400,7408.75,7431.75,7369.75,7375.5,240805
1782504000,7379.75,7421.0,7368.5,7401.75,124305
1782684000,7431.0,7438.5,7427.0,7434.5,7284
1782687600,7434.5,7455.75,7432.5,7447.25,9935
1782691200,7447.5,7447.5,7422.5,7438.5,20647
1782694800,7438.5,7443.0,7426.75,7438.5,12014
1782698400,7438.75,7443.75,7420.75,7440.5,9220
1782702000,7440.75,7452.75,7434.0,7450.25,10084
1782705600,7450.25,7450.5,7439.75,7442.0,5674
1782709200,7442.25,7458.5,7439.0,7457.25,10221
1782712800,7457.0,7457.75,7444.25,7446.25,10782
1782716400,7446.5,7453.25,7436.5,7451.5,12873
1782720000,7451.25,7463.75,7450.25,7451.5,12148
1782723600,7451.25,7459.25,7447.5,7454.5,10760
1782727200,7454.75,7466.75,7452.5,7466.0,12600
1782730800,7466.0,7473.75,7458.0,7463.5,16808
1782734400,7463.5,7469.25,7455.25,7464.0,17595
1782738000,7464.0,7490.0,7444.5,7458.5,220193
1782741600,7458.5,7472.5,7409.0,7468.0,349262
1782745200,7468.0,7475.75,7453.0,7475.0,147484
1782748800,7475.25,7481.75,7470.0,7477.25,92138
1782752400,7477.25,7498.75,7477.25,7494.0,93935
1782756000,7494.0,7502.0,7491.25,7496.75,74063
1782759600,7497.0,7505.0,7491.5,7496.75,185798
1782763200,7497.0,7500.0,7491.25,7493.5,51459
1782770400,7495.5,7497.5,7490.5,7494.5,0
1782774000,7494.5,7498.75,7491.75,7495.5,3445
1782777600,7495.5,7501.0,7481.75,7492.5,11443
1782781200,7492.75,7501.5,7484.0,7498.25,10213
1782784800,7498.25,7498.5,7488.25,7491.5,6012
1782788400,7491.25,7507.0,7490.25,7502.5,7127
1782792000,7506.25,7513.5,7505.5,7510.75,7072
1782795600,7510.75,7515.0,7503.75,7510.25,8702
1782799200,7510.25,7511.5,7501.5,7508.75,10631
1782802800,7508.75,7512.75,7501.0,7502.0,11948
1782806400,7501.75,7510.25,7494.0,7501.75,15224
1782810000,7502.0,7508.25,7498.75,7506.0,8566
1782813600,7506.25,7515.0,7504.0,7513.25,9365
1782817200,7513.0,7517.5,7509.0,7510.5,15757
1782820800,7510.75,7511.0,7491.5,7497.0,30310
1782824400,7497.0,7528.0,7492.25,7526.75,144785
1782828000,7526.75,7541.75,7515.5,7520.5,186731
1782831600,7520.5,7547.75,7520.0,7545.75,120765
1782835200,7545.5,7558.25,7545.25,7555.75,81409
1782838800,7555.75,7559.25,7548.5,7552.0,64142
1782842400,7552.25,7561.75,7550.5,7558.75,67901
1782846000,7558.75,7567.75,7544.5,7545.0,307765
1782849600,7544.75,7553.25,7538.5,7542.0,82776
1782856800,7543.25,7550.75,7540.5,7543.25,0
1782860400,7543.5,7547.0,7542.0,7544.75,4211
1782864000,7545.0,7549.25,7541.75,7545.0,8736
1782867600,7545.0,7545.75,7531.75,7532.5,12239
1782871200,7532.75,7533.25,7517.5,7529.0,14444
1782874800,7529.0,7534.0,7526.25,7532.25,7049
1782878400,7530.5,7534.75,7527.25,7530.5,6307
1782882000,7530.25,7532.75,7526.0,7527.5,5924
1782885600,7527.25,7530.0,7521.75,7524.25,12453
1782889200,7524.5,7525.25,7510.5,7523.0,18429
1782892800,7522.75,7529.25,7519.25,7529.0,11474
1782896400,7528.75,7531.25,7522.0,7531.0,7725
1782900000,7531.0,7537.5,7526.25,7536.25,11631
1782903600,7536.0,7539.75,7530.0,7530.75,13108
1782907200,7531.0,7538.75,7524.75,7528.5,35800
1782910800,7528.5,7540.0,7505.75,7536.25,219213
1782914400,7536.75,7554.5,7533.0,7553.5,181587
1782918000,7553.5,7578.5,7552.5,7572.5,145716
1782921600,7572.5,7579.0,7557.5,7559.75,94911
1782925200,7559.75,7568.5,7554.75,7556.75,81605
1782928800,7556.75,7561.5,7549.25,7553.5,78021
1782932400,7553.5,7561.75,7536.5,7541.75,202894
1782936000,7542.0,7543.0,7525.75,7532.75,65584
1782943200,7536.0,7541.0,7531.75,7540.0,0
1782946800,7540.25,7540.5,7529.0,7534.75,4549
1782950400,7534.75,7541.75,7522.75,7541.0,12665
1782954000,7541.25,7556.25,7540.0,7552.75,11798
1782957600,7552.75,7558.0,7551.25,7557.0,6440
1782961200,7557.25,7558.0,7549.75,7554.5,6480
1782964800,7552.25,7552.75,7541.25,7548.25,6330
1782968400,7548.5,7555.0,7541.25,7542.75,7538
1782972000,7542.75,7544.5,7526.25,7530.5,12930
1782975600,7530.5,7536.75,7520.25,7531.0,16088
1782979200,7531.0,7545.0,7522.5,7542.25,14534
1782982800,7542.25,7542.5,7534.5,7537.25,8716
1782986400,7537.25,7544.25,7531.75,7543.0,8722
1782990000,7543.0,7549.5,7538.5,7543.5,11885
1782993600,7543.5,7576.75,7541.0,7561.75,54972
1782997200,7561.75,7593.75,7551.5,7588.75,196388
1783000800,7588.75,7593.5,7540.25,7557.25,312420
1783004400,7557.25,7559.0,7520.75,7526.75,252493
1783008000,7527.0,7529.5,7498.0,7501.5,164644
1783011600,7501.5,7503.0,7479.5,7482.0,141867
1783015200,7482.25,7514.75,7480.0,7509.0,125172
1783018800,7509.25,7534.0,7491.75,7526.5,226794
1783022400,7526.5,7527.25,7517.75,7523.0,59230
1783029600,7523.75,7536.0,7523.75,7535.5,0
1783033200,7535.25,7537.75,7529.25,7536.25,4603
1783036800,7536.0,7540.25,7527.25,7529.75,7877
1783040400,7530.25,7550.75,7529.5,7549.25,10700
1783044000,7549.5,7553.25,7548.25,7552.75,5157
1783047600,7552.5,7555.25,7548.0,7554.25,3440
1783288800,7562.25,7568.75,7551.5,7563.0,7504
1783292400,7562.75,7570.75,7557.0,7569.75,5294
1783296000,7570.0,7574.25,7557.0,7566.0,13323
1783299600,7565.5,7566.25,7549.75,7553.5,9540
1783303200,7553.5,7557.0,7540.5,7544.25,8870
1783306800,7544.25,7557.0,7538.25,7541.25,7553
1783310400,7542.0,7552.75,7539.75,7552.25,5871
1783314000,7552.5,7554.5,7545.0,7550.0,6642
1783317600,7550.0,7555.75,7546.25,7554.5,5490
1783321200,7554.25,7563.5,7552.5,7563.0,7430
1783324800,7563.0,7566.75,7556.25,7562.75,8477
1783328400,7562.75,7565.5,7557.25,7565.0,6624
1783332000,7565.0,7566.5,7559.25,7563.0,5595
1783335600,7563.0,7565.25,7556.25,7556.5,9037
1783339200,7556.5,7564.5,7555.5,7562.75,18918
1783342800,7562.75,7574.0,7551.75,7564.0,137950
1783346400,7564.25,7582.25,7558.5,7582.0,149651
1783350000,7582.25,7589.0,7575.25,7587.5,104726
1783353600,7587.5,7590.5,7582.75,7583.75,60205
1783357200,7583.75,7594.75,7575.25,7580.0,92156
1783360800,7580.0,7599.0,7580.0,7598.25,77905
1783364400,7598.25,7602.5,7587.75,7593.5,176448
1783368000,7593.5,7598.75,7591.25,7596.75,39294
1783375200,7597.0,7601.25,7592.5,7594.0,0
1783378800,7593.75,7598.0,7584.25,7585.75,6141
1783382400,7585.5,7595.0,7583.25,7585.0,12923
1783386000,7585.25,7589.0,7579.25,7583.25,10097
1783389600,7583.5,7587.25,7578.75,7579.0,6633
1783393200,7579.25,7583.25,7570.75,7573.25,11044
1783396800,7574.0,7574.25,7566.5,7568.5,7757
1783400400,7568.75,7575.0,7563.0,7573.5,11469
1783404000,7573.25,7574.5,7567.0,7573.5,8574
1783407600,7573.75,7580.0,7571.25,7572.25,11037
1783411200,7572.25,7582.75,7571.25,7578.75,10896
1783414800,7578.75,7583.5,7576.25,7581.75,7636
1783418400,7582.0,7584.5,7573.25,7577.5,12729
1783422000,7577.5,7579.5,7572.0,7579.0,17340
1783425600,7579.0,7587.0,7578.0,7580.75,26584
1783429200,7580.75,7587.5,7560.5,7566.25,146985
1783432800,7566.25,7570.0,7529.5,7542.25,233882
1783436400,7542.0,7551.25,7531.25,7551.0,121063
1783440000,7551.0,7568.75,7549.75,7567.5,119675
1783443600,7567.25,7571.25,7561.75,7569.25,66535
1783447200,7569.25,7570.5,7551.5,7552.5,90967
1783450800,7552.5,7556.75,7537.0,7553.25,211864
1783454400,7553.0,7554.5,7546.5,7551.75,39462
1783461600,7545.0,7548.5,7537.5,7546.75,0
1783465200,7551.25,7553.25,7538.0,7539.0,7402
1783468800,7538.75,7562.0,7533.25,7561.75,16816
1783472400,7561.75,7563.0,7550.5,7553.0,9789
1783476000,7553.25,7555.0,7546.25,7553.0,7491
1783479600,7553.25,7561.5,7553.25,7554.75,5259
1783483200,7553.75,7556.25,7547.0,7551.25,6004
1783486800,7551.5,7554.75,7538.75,7543.5,8860
1783490400,7543.75,7545.0,7532.75,7539.25,11756
1783494000,7539.25,7551.25,7532.0,7541.5,13966
1783497600,7541.5,7546.75,7477.5,7480.75,72307
1783501200,7480.75,7483.75,7468.5,7474.5,34307
1783504800,7474.75,7490.5,7469.0,7485.75,28624
1783508400,7485.5,7506.5,7479.5,7498.5,35885
1783512000,7498.5,7519.0,7492.5,7505.25,38738
1783515600,7505.5,7524.75,7501.75,7515.75,161961
1783519200,7515.75,7522.5,7484.0,7493.25,213380
1783522800,7493.5,7495.25,7469.5,7481.0,176301
1783526400,7481.0,7522.75,7480.75,7522.0,167308
1783530000,7522.0,7536.5,7514.5,7519.5,108652
1783533600,7519.25,7530.5,7515.5,7528.25,90515
1783537200,7528.5,7536.5,7518.25,7526.75,157800
1783540800,7526.75,7529.5,7508.0,7515.5,51194
1783548000,7517.25,7523.25,7516.25,7519.0,0
1783551600,7519.0,7528.25,7516.25,7527.0,5353
1783555200,7527.0,7537.0,7525.75,7532.25,13331
1783558800,7532.25,7538.0,7527.75,7530.25,9390
1783562400,7530.25,7543.5,7527.0,7528.5,11691
1783566000,7528.75,7540.0,7525.0,7539.0,7819
1783569600,7539.25,7547.0,7535.0,7546.0,5859
1783573200,7546.0,7554.0,7536.0,7552.5,12766
1783576800,7552.25,7553.5,7547.0,7549.75,11183
1783580400,7549.75,7557.75,7548.0,7553.5,14449
1783584000,7553.5,7558.0,7542.0,7545.75,13289
1783587600,7545.5,7546.5,7533.25,7541.75,10165
1783591200,7541.75,7544.0,7526.75,7534.5,13131
1783594800,7534.5,7546.5,7531.0,7543.25,16701
1783598400,7543.25,7554.5,7542.25,7544.5,22839
1783602000,7544.75,7566.5,7530.25,7561.0,149111
1783605600,7561.25,7564.5,7529.5,7562.0,196450
1783609200,7562.0,7578.0,7560.5,7573.75,120135
1783612800,7573.75,7584.25,7573.75,7579.5,65264
1783616400,7579.75,7595.0,7579.5,7591.5,84639
1783620000,7591.25,7594.0,7583.0,7585.0,63565
1783623600,7585.25,7591.0,7581.0,7590.5,129442
1783627200,7590.5,7592.0,7584.75,7586.25,36755
1783634400,7587.25,7589.0,7583.75,7586.75,0
1783638000,7586.75,7591.75,7585.0,7588.5,4008
1783641600,7588.5,7589.5,7574.5,7580.75,12732
1783645200,7580.75,7583.75,7576.0,7580.25,9161
1783648800,7580.25,7586.5,7577.0,7586.25,8241
1783652400,7586.25,7588.5,7581.75,7583.5,5838
1783656000,7583.25,7584.25,7577.25,7577.5,5342
1783659600,7577.75,7579.75,7575.75,7576.5,7689
1783663200,7576.5,7579.5,7570.5,7574.0,13659
1783666800,7574.0,7579.5,7569.5,7572.25,12317
1783670400,7572.0,7579.25,7569.75,7574.25,13962
1783674000,7574.25,7582.5,7568.5,7581.0,10267
1783677600,7581.0,7590.75,7581.0,7590.5,10709
1783681200,7590.25,7592.25,7580.75,7583.25,13854
1783684800,7583.5,7595.5,7577.25,7588.0,30763
1783688400,7588.25,7604.5,7586.75,7601.5,113360
1783692000,7601.5,7605.75,7552.75,7584.25,212892
1783695600,7584.25,7606.75,7578.5,7600.25,147026
1783699200,7600.25,7614.0,7600.0,7612.75,78715
1783702800,7612.5,7617.0,7607.25,7612.75,52918
1783706400,7612.75,7620.25,7612.0,7618.5,54849
1783710000,7618.5,7627.25,7617.75,7621.0,139298
1783713600,7621.0,7628.75,7618.0,7620.25,41871
1783893600,7600.0,7602.25,7591.75,7600.75,9539
1783897200,7600.75,7601.0,7593.0,7599.0,4729
1783900800,7599.25,7615.25,7592.75,7597.0,20015
1783904400,7597.0,7599.25,7588.75,7592.25,12596
1783908000,7592.25,7594.25,7585.75,7586.25,7658
1783911600,7586.25,7586.75,7582.25,7583.75,7266
1783915200,7583.25,7583.25,7575.5,7577.5,8676
1783918800,7577.25,7584.25,7566.5,7578.5,15513
1783922400,7578.25,7584.75,7574.0,7584.0,11099
1783926000,7584.25,7591.25,7581.5,7587.75,12857
1783929600,7587.75,7599.5,7586.75,7598.5,13503
1783933200,7598.5,7603.75,7594.75,7601.5,8360
1783936800,7601.75,7602.5,7597.0,7598.0,9371
1783940400,7597.75,7604.5,7592.0,7594.25,13845
1783944000,7594.25,7598.25,7586.0,7597.0,23063
1783947600,7597.0,7609.75,7590.25,7607.5,145416
1783951200,7607.5,7610.5,7573.5,7598.5,219130
1783954800,7598.5,7601.75,7581.75,7583.25,95483
1783958400,7583.25,7589.0,7560.0,7570.25,134871
1783962000,7570.0,7578.0,7563.25,7563.5,78992
1783965600,7563.75,7574.0,7561.0,7567.25,90008
1783969200,7567.25,7571.25,7551.0,7563.0,194913
1783972800,7563.0,7563.5,7547.25,7554.25,52939
1783980000,7557.0,7563.25,7551.0,7552.0,0
1783983600,7552.0,7553.5,7541.5,7553.25,7139
1783987200,7553.5,7560.5,7539.75,7558.5,19758
1783990800,7558.5,7560.25,7546.25,7548.25,10573
1783994400,7548.5,7554.75,7539.0,7540.5,10353
1783998000,7540.5,7544.75,7531.5,7544.0,12601
1784001600,7542.5,7561.5,7538.5,7560.25,7906
1784005200,7560.5,7573.75,7558.0,7568.25,10839
1784008800,7568.0,7575.25,7559.0,7559.0,10689
1784012400,7559.25,7566.0,7552.5,7559.0,12686
1784016000,7559.0,7564.5,7552.5,7554.25,12336
1784019600,7554.5,7564.0,7551.25,7557.5,9486
1784023200,7557.75,7566.0,7553.25,7557.0,9356
1784026800,7557.0,7564.25,7544.0,7555.75,24594
1784030400,7555.5,7613.75,7544.75,7579.5,75064
1784034000,7579.5,7588.25,7564.25,7583.5,147532
1784037600,7583.5,7603.75,7556.5,7587.5,177877
1784041200,7587.5,7601.5,7576.25,7579.75,137028
1784044800,7580.0,7589.25,7570.0,7589.25,82473
1784048400,7589.25,7596.75,7585.25,7593.25,61103
1784052000,7593.5,7598.25,7587.0,7592.0,63827
1784055600,7592.25,7596.0,7587.0,7590.0,125005
1784059200,7590.0,7592.5,7585.75,7591.0,31272
1784066400,7589.75,7592.25,7583.0,7589.0,0
1784070000,7589.0,7604.25,7587.75,7602.75,6681
1784073600,7602.75,7604.5,7592.5,7601.5,10137
1784077200,7601.75,7604.5,7596.0,7604.25,7311
1784080800,7604.5,7607.5,7602.5,7603.25,6909
1784084400,7603.25,7608.25,7601.25,7607.25,4421
1784088000,7606.25,7608.5,7605.75,7608.5,3691
1784091600,7608.5,7613.5,7602.5,7609.0,10042
1784095200,7609.25,7611.0,7606.25,7607.75,7829
1784098800,7607.5,7609.0,7593.5,7604.5,13987
1784102400,7604.5,7607.25,7595.75,7606.75,12535
1784106000,7606.75,7610.75,7603.75,7604.5,8167
1784109600,7604.75,7606.75,7597.0,7601.5,8144
1784113200,7601.0,7603.75,7598.0,7600.0,8410
1784116800,7600.0,7614.75,7592.5,7611.5,28264
1784120400,7611.5,7626.25,7601.25,7614.5,166955
1784124000,7614.5,7626.0,7597.25,7604.75,210281
1784127600,7605.0,7611.5,7592.0,7596.25,130146
1784131200,7596.25,7598.0,7571.75,7586.75,152959
1784134800,7587.0,7616.25,7586.0,7612.5,115318
1784138400,7612.5,7619.75,7601.0,7602.0,100607
1784142000,7602.0,7618.0,7600.5,7616.75,169796
1784145600,7616.75,7619.75,7608.75,7616.0,40497
1784152800,7615.0,7622.25,7613.25,7618.25,0
1784156400,7618.25,7622.0,7614.75,7616.25,3321
1784160000,7616.25,7627.75,7614.25,7616.5,11810
1784163600,7616.75,7619.0,7610.25,7614.5,9229
1784167200,7614.75,7623.5,7611.0,7622.75,8084
1784170800,7622.75,7625.25,7621.0,7624.0,5321
1784174400,7624.0,7626.5,7620.5,7621.75,4313
1784178000,7622.0,7632.0,7615.5,7617.0,11519
1784181600,7617.25,7625.0,7611.0,7618.25,12296
1784185200,7618.25,7618.75,7600.0,7601.75,13673
1784188800,7601.75,7610.0,7593.5,7609.5,15327
1784192400,7609.75,7615.5,7605.0,7605.0,11075
1784196000,7605.25,7607.75,7600.75,7603.0,9946
1784199600,7602.75,7603.5,7580.75,7597.25,25017
1784203200,7597.0,7599.0,7580.5,7586.5,32384
1784206800,7586.75,7604.25,7575.5,7588.0,165612
1784210400,7587.75,7615.0,7585.25,7611.25,182512
1784214000,7611.0,7613.5,7598.75,7604.75,139845
1784217600,7605.0,7605.5,7583.0,7598.25,126169
1784221200,7598.25,7598.75,7579.5,7582.25,83392
1784224800,7582.25,7586.5,7568.0,7571.5,108043
1784228400,7571.25,7579.5,7548.25,7577.25,211916
1784232000,7577.25,7578.0,7566.25,7569.25,44399
1784239200,7572.75,7575.0,7563.75,7565.75,0
1784242800,7566.0,7567.0,7557.0,7560.5,5928
1784246400,7560.25,7563.5,7546.0,7552.25,13146
1784250000,7552.25,7556.0,7535.5,7538.0,14528
1784253600,7538.25,7539.5,7525.5,7530.0,10806
1784257200,7530.25,7541.5,7524.5,7525.75,10412
1784260800,7521.0,7521.75,7507.75,7513.75,16083
1784264400,7513.75,7516.0,7503.0,7511.25,13604
1784268000,7511.0,7523.5,7509.0,7512.0,16241
1784271600,7512.25,7519.0,7510.0,7511.75,19059
1784275200,7511.75,7516.75,7491.25,7499.5,36379
1784278800,7499.5,7510.5,7496.75,7510.25,18777
1784282400,7510.25,7522.0,7507.0,7518.25,23092
1784286000,7518.25,7522.0,7509.25,7519.0,19176
1784289600,7518.75,7519.5,7502.5,7504.25,25450
1784293200,7504.5,7514.0,7473.0,7513.75,244043
1784296800,7513.75,7539.0,7512.5,7516.25,269318
1784300400,7516.25,7536.5,7504.75,7534.25,190523
1784304000,7534.25,7538.5,7513.5,7529.25,146087
1784307600,7529.0,7538.0,7508.75,7510.75,92899
1784311200,7511.0,7516.75,7495.75,7508.5,113097
1784314800,7508.75,7510.0,7486.25,7496.75,227327
1784318400,7496.5,7497.75,7484.0,7497.75,65212
1784498400,7487.0,7502.5,7482.0,7495.75,9031
1784502000,7496.0,7505.25,7491.25,7504.0,7627
1784505600,7504.5,7517.5,7496.75,7503.25,14453
1784509200,7503.5,7511.75,7490.0,7494.75,11904
1784512800,7494.75,7511.0,7493.75,7505.5,9298
1784516400,7505.5,7510.25,7501.25,7505.25,5656
1784520000,7505.75,7515.0,7499.0,7509.25,6171
1784523600,7509.5,7510.25,7494.0,7496.0,6822
1784527200,7496.25,7499.75,7491.0,7497.0,8163
1784530800,7497.25,7519.5,7496.75,7516.0,20769
1784534400,7516.0,7521.75,7512.0,7514.25,13786
1784538000,7514.25,7527.75,7510.5,7521.75,11316
1784541600,7521.75,7524.25,7516.0,7522.0,10438
1784545200,7522.0,7545.25,7520.75,7535.5,43212
1784548800,7535.5,7536.0,7521.0,7527.25,38645
1784552400,7527.25,7552.0,7519.0,7520.5,175360
1784556000,7520.75,7527.5,7500.75,7505.25,189489
1784559600,7505.0,7528.25,7502.0,7523.5,132906
1784563200,7523.75,7534.0,7508.25,7513.75,124059
1784566800,7513.75,7515.75,7499.25,7509.0,88219
1784570400,7509.25,7517.75,7487.75,7490.5,110763
1784574000,7490.25,7497.25,7478.0,7485.75,209419
1784577600,7485.75,7493.25,7476.75,7483.25,44423
1784584800,7484.0,7485.75,7473.0,7475.5,0
1784588400,7475.5,7491.0,7474.5,7485.25,6208
1784592000,7485.0,7495.75,7473.75,7492.25,14220
1784595600,7492.25,7499.25,7489.5,7492.5,10575
1784599200,7493.0,7501.75,7488.75,7501.75,8022
1784602800,7501.5,7512.5,7501.5,7511.75,8527
1784606400,7515.0,7516.25,7513.0,7514.25,6866
1784610000,7514.25,7523.75,7510.0,7520.75,7180
1784613600,7520.75,7530.25,7518.0,7523.75,10818
1784617200,7524.0,7528.0,7514.0,7517.75,16151
1784620800,7517.75,7525.75,7516.0,7523.25,9903
1784624400,7523.25,7528.25,7521.25,7522.5,8635
1784628000,7522.75,7530.25,7519.5,7522.0,17697
1784631600,7522.25,7523.5,7511.0,7515.0,13326
1784635200,7515.0,7522.0,7505.25,7515.5,25207
1784638800,7515.75,7530.25,7504.5,7516.5,159303
1784642400,7516.75,7536.5,7510.75,7531.25,184548
1784646000,7531.0,7544.0,7521.5,7538.75,118683
1784649600,7538.5,7554.0,7538.25,7550.5,68112
1784653200,7550.25,7552.5,7545.25,7549.25,52367
1784656800,7549.0,7550.75,7542.25,7547.0,57882
1784660400,7546.75,7549.5,7543.5,7545.75,136659
1784664000,7545.5,7547.0,7540.75,7542.75,37387
1784671200,7545.0,7545.5,7538.25,7540.5,0
1784674800,7540.5,7544.0,7539.5,7543.25,3278
1784678400,7543.0,7547.0,7537.5,7542.0,7924
1784682000,7542.0,7544.5,7534.25,7541.0,6963
1784685600,7541.0,7543.0,7536.0,7541.25,5206
1784689200,7541.0,7544.75,7534.25,7535.0,6043
1784692800,7538.0,7539.25,7535.25,7538.25,3272
1784696400,7538.5,7538.75,7532.5,7536.25,5316
1784700000,7536.25,7536.5,7521.0,7522.75,13437
1784703600,7522.5,7527.25,7512.0,7516.0,20046
1784707200,7516.25,7526.5,7514.75,7525.0,13120
1784710800,7525.25,7531.75,7520.25,7526.25,13233
1784714400,7526.25,7533.0,7524.5,7530.0,11162
1784718000,7530.0,7530.25,7511.5,7517.25,20496
1784721600,7517.5,7523.25,7504.0,7514.75,30219
1784725200,7514.75,7550.0,7514.75,7549.75,128003
1784728800,7550.0,7556.25,7528.75,7541.75,166759
1784732400,7542.0,7560.75,7541.25,7560.0,111732
1784736000,7560.25,7563.5,7557.25,7561.0,54007
1784739600,7561.0,7562.5,7546.0,7547.5,62563
1784743200,7547.75,7549.75,7542.25,7546.75,74760
1784746800,7547.0,7547.25,7535.75,7536.75,151156
1784750400,7536.75,7554.0,7531.75,7541.0,65855
1784757600,7530.25,7536.0,7515.75,7522.5,0
1784761200,7522.5,7530.5,7517.0,7530.25,6468
1784764800,7530.5,7549.25,7527.75,7546.5,13294
1784768400,7546.5,7549.5,7538.25,7538.75,10667
1784772000,7538.75,7541.75,7526.5,7530.75,8655
1784775600,7531.0,7531.25,7520.75,7528.0,6433
1784779200,7525.0,7533.75,7523.75,7527.25,5048
1784782800,7527.5,7535.5,7521.5,7522.75,5269
1784786400,7522.5,7526.5,7519.25,7519.75,9411
1784790000,7519.75,7520.5,7495.25,7504.5,25612
1784793600,7504.25,7519.5,7498.75,7518.75,15219
1784797200,7518.75,7526.0,7509.25,7511.25,11773
1784800800,7511.25,7524.25,7508.5,7520.5,11135
1784804400,7520.25,7521.75,7490.0,7500.0,30903
1784808000,7500.0,7501.5,7462.0,7466.0,63700
1784811600,7465.75,7486.25,7445.0,7455.75,235692
1784815200,7455.75,7469.75,7440.0,7443.5,248738
1784818800,7443.75,7445.0,7411.75,7438.25,233111
1784822400,7438.25,7457.5,7435.25,7446.75,150083
1784826000,7446.75,7452.25,7431.75,7432.0,107583
1784829600,7431.75,7437.5,7426.75,7431.25,86323
1784833200,7431.25,7447.75,7418.5,7444.0,207317
1784836800,7443.75,7458.25,7443.5,7455.75,56390
1784844000,7450.5,7454.0,7442.75,7453.25,0
1784847600,7453.25,7453.75,7444.5,7449.0,5669
1784851200,7449.25,7457.0,7443.5,7454.25,15054
1784854800,7454.5,7459.25,7450.25,7451.0,8483
1784858400,7451.0,7453.25,7439.25,7439.5,7511
1784862000,7439.5,7444.0,7436.75,7437.25,6783
1784865600,7440.5,7444.75,7436.75,7443.5,5316
1784869200,7443.25,7450.5,7441.5,7442.0,6753
1784872800,7442.25,7447.25,7433.75,7442.5,9134
1784876400,7442.75,7463.25,7442.0,7456.5,15379
1784880000,7456.75,7462.0,7449.25,7457.25,11204
1784883600,7457.5,7467.5,7456.25,7465.75,12216
1784887200,7465.75,7467.0,7457.75,7458.5,9144
1784890800,7458.5,7469.0,7453.0,7465.0,18594
1784894400,7465.0,7467.75,7449.0,7450.25,28242
1784898000,7450.0,7457.25,7432.5,7433.5,158117
1784901600,7433.75,7466.5,7431.5,7465.0,234491
1784905200,7464.75,7492.0,7454.75,7489.75,216192
1784908800,7489.75,7496.5,7466.25,7473.5,133674
1784912400,7473.75,7481.0,7461.0,7469.0,94897
1784916000,7469.0,7472.25,7435.5,7443.25,126237
1784919600,7443.25,7451.0,7432.0,7448.0,200012
1784923200,7447.75,7450.0,7439.25,7447.5,44878
1785103200,7492.5,7498.5,7490.0,7491.75,6566
1785106800,7492.0,7512.0,7491.0,7511.0,11393
1785110400,7511.0,7512.0,7492.5,7492.75,16706
1785114000,7492.5,7499.25,7487.0,7498.0,12532
1785117600,7498.25,7502.5,7495.75,7499.25,7047
1785121200,7499.25,7503.5,7498.0,7499.25,4640
1785124800,7499.5,7507.0,7498.75,7504.75,5284
1785128400,7504.75,7517.0,7504.25,7514.5,8681
1785132000,7514.5,7520.0,7510.75,7511.75,13217
1785135600,7511.75,7517.25,7505.75,7505.75,15495
1785139200,7505.75,7520.0,7505.5,7519.25,14963
1785142800,7519.25,7524.75,7516.5,7522.25,11390
1785146400,7522.25,7524.25,7518.5,7521.75,9524
1785150000,7521.75,7522.0,7507.75,7511.75,18110
1785153600,7511.75,7515.25,7504.5,7513.25,23761
1785157200,7513.5,7515.25,7473.75,7474.0,168359
1785160800,7474.0,7479.25,7423.0,7455.5,301877
1785164400,7455.75,7461.75,7421.25,7433.0,178856
1785168000,7433.0,7455.25,7424.25,7428.0,149821
1785171600,7428.25,7436.5,7416.25,7436.0,101391
1785175200,7436.25,7450.5,7424.0,7448.75,110415
1785178800,7448.75,7456.75,7442.75,7449.0,165390
1785182400,7449.25,7456.5,7445.0,7453.5,35814
1785189600,7453.0,7456.0,7444.0,7444.5,0
1785193200,7444.5,7450.0,7440.0,7447.75,5213
1785196800,7448.25,7452.0,7434.25,7437.75,12395
1785200400,7437.5,7443.5,7425.0,7434.25,13386
1785204000,7434.5,7435.75,7426.75,7430.5,8149
1785207600,7430.5,7442.0,7424.0,7440.75,10950
1785211200,7435.75,7435.75,7426.0,7427.25,7722
1785214800,7427.5,7448.25,7419.0,7420.75,8330
1785218400,7421.25,7431.5,7419.5,7429.75,14131
1785222000,7429.75,7438.5,7429.0,7433.25,15095
1785225600,7433.5,7449.0,7425.25,7442.0,20923
1785229200,7441.75,7445.75,7438.0,7439.75,8583
1785232800,7439.5,7444.25,7433.75,7442.25,14587
1785236400,7442.25,7452.5,7432.5,7450.75,33645
1785240000,7450.75,7467.0,7448.25,7456.5,33953
1785243600,7456.5,7462.25,7417.0,7422.0,193077
1785247200,7421.75,7456.0,7420.0,7444.0,204557
1785250800,7444.25,7482.25,7437.5,7479.5,188950
1785254400,7479.75,7485.75,7466.75,7484.0,107525
1785258000,7484.0,7485.5,7462.75,7469.5,106135
1785261600,7469.75,7474.0,7462.0,7472.25,82815
1785265200,7472.25,7477.5,7462.5,7466.0,164090
1785268800,7466.25,7474.0,7458.25,7467.5,46662
1785276000,7464.0,7474.0,7450.5,7451.75,0
1785279600,7452.0,7495.25,7449.25,7494.75,27948
1785283200,7494.75,7501.0,7485.25,7486.75,21961
1785286800,7486.75,7489.25,7455.0,7455.5,22257
1785290400,7455.25,7468.75,7453.25,7463.25,12758
1785294000,7463.25,7468.0,7445.0,7447.25,11717
1785297600,7445.75,7450.5,7438.5,7450.5,13384
1785301200,7450.75,7462.75,7448.5,7457.75,9909
1785304800,7457.5,7480.0,7451.25,7478.75,14673
1785308400,7478.75,7485.0,7474.75,7481.25,17363
1785312000,7481.25,7486.0,7469.0,7480.75,18043
1785315600,7481.0,7492.0,7477.5,7485.75,14065
1785319200,7485.75,7488.5,7476.0,7477.5,13294
1785322800,7478.0,7484.75,7476.25,7480.75,13219
1785326400,7480.75,7481.5,7455.5,7463.5,32539
1785330000,7463.5,7464.75,7422.0,7430.0,183554
1785333600,7430.0,7439.75,7393.0,7403.75,259381
1785337200,7403.75,7412.5,7385.75,7393.0,151358
1785340800,7393.25,7404.5,7371.75,7404.5,142031
1785344400,7404.25,7428.25,7402.75,7419.5,134716
1785348000,7419.75,7482.75,7414.75,7475.25,254256
1785351600,7475.25,7482.0,7345.75,7350.25,447203
1785355200,7350.25,7358.0,7324.0,7335.25,112523
1785362400,7338.0,7376.5,7331.0,7370.0,0
1785366000,7370.0,7382.75,7369.5,7378.25,13910
1785369600,7378.5,7387.75,7368.0,7375.75,23921
1785373200,7376.25,7392.25,7374.25,7388.75,17696
1785376800,7389.0,7392.75,7377.5,7378.25,10060
1785380400,7378.25,7384.0,7369.5,7374.0,10229
1785384000,7373.0,7379.25,7366.25,7367.5,8042
1785387600,7367.75,7377.0,7361.75,7368.5,12024
1785391200,7368.5,7369.25,7358.5,7363.75,14857
1785394800,7364.0,7382.25,7354.25,7359.5,34727
1785398400,7359.5,7378.75,7351.5,7372.75,21442
1785402000,7372.5,7388.0,7371.25,7374.5,15814
1785405600,7374.5,7392.5,7371.5,7385.0,18139
1785409200,7385.25,7402.0,7385.25,7399.75,20956
1785412800,7399.5,7406.0,7392.75,7398.75,38943
1785416400,7398.75,7440.0,7397.75,7439.75,233682
1785420000,7439.5,7446.5,7408.75,7415.25,273721
1785423600,7415.25,7430.0,7399.0,7424.5,228018
1785427200,7424.5,7445.75,7421.75,7443.75,145810
1785430800,7443.75,7457.75,7443.75,7451.5,92295
1785434400,7451.75,7462.5,7450.5,7461.5,72810
1785438000,7461.5,7478.5,7461.25,7472.75,213987
1785441600,7472.75,7498.0,7468.0,7474.5,81439
1785448800,7479.5,7485.5,7468.25,7484.5,0
1785452400,7484.5,7491.5,7480.25,7487.75,6905
1785456000,7487.75,7498.0,7484.75,7495.0,12174
1785459600,7495.0,7504.5,7494.25,7497.75,13357
1785463200,7497.75,7500.5,7488.5,7493.0,8284
1785466800,7492.75,7498.75,7488.25,7497.5,7503
1785470400,7497.75,7509.25,7496.75,7508.75,6583
1785474000,7508.75,7510.75,7505.5,7508.25,7403
1785477600,7508.25,7511.25,7491.75,7496.5,14790
1785481200,7496.25,7509.25,7493.25,7506.75,20729
1785484800,7506.5,7513.75,7503.0,7513.0,16310
1785488400,7513.0,7517.75,7503.75,7504.25,15190
1785492000,7504.0,7512.0,7502.0,7506.75,12209
1785495600,7506.75,7511.5,7494.5,7499.25,17849
1785499200,7499.5,7499.5,7479.5,7483.0,32666
1785502800,7483.0,7515.5,7466.75,7470.75,239890
1785506400,7470.5,7481.25,7427.5,7477.0,360415
1785510000,7477.0,7485.0,7449.25,7482.5,210303
1785513600,7482.5,7503.0,7475.75,7497.5,130454
1785517200,7497.5,7517.0,7496.5,7506.0,114514
1785520800,7505.75,7516.75,7504.25,7513.0,84589
1785524400,7512.75,7541.0,7509.0,7520.0,310378
1785528000,7520.0,7527.75,7499.0,7519.25,84857
1785708000,7553.5,7557.5,7544.5,7545.5,9857
1785711600,7545.75,7555.0,7543.5,7551.5,8173
1785715200,7551.5,7556.75,7545.5,7554.25,15853
1785718800,7554.0,7558.75,7549.75,7558.0,10018
1785722400,7558.0,7561.75,7556.5,7560.5,7183
1785726000,7560.5,7564.5,7558.25,7562.25,7069
1785729600,7561.75,7567.0,7561.0,7563.25,6200
1785733200,7563.5,7565.25,7560.25,7563.0,5978
1785736800,7563.25,7566.0,7555.75,7556.75,9267
1785740400,7557.0,7561.75,7552.75,7559.75,17462
1785744000,7559.75,7560.0,7547.5,7559.5,18211
1785747600,7559.5,7560.25,7553.5,7557.5,10959
1785751200,7557.5,7563.0,7555.5,7562.75,11631
1785754800,7562.75,7567.75,7555.75,7557.5,22527
1785758400,7557.25,7566.25,7553.25,7563.25,30615
1785762000,7563.5,7588.25,7542.75,7588.0,216378
1785765600,7587.75,7606.0,7582.75,7606.0,201940
1785769200,7606.0,7614.0,7599.75,7611.5,149385
1785772800,7611.5,7618.0,7609.25,7613.75,96953
1785776400,7614.0,7629.75,7611.0,7628.0,93461
1785780000,7628.25,7635.0,7625.0,7631.25,120454
1785783600,7631.25,7637.75,7625.75,7628.25,230692
1785787200,7628.25,7636.5,7625.25,7631.25,45257
1785794400,7631.0,7636.5,7629.0,7635.25,0
1785798000,7635.25,7636.25,7632.75,7635.5,4227
1785801600,7635.5,7637.25,7629.25,7632.75,11553
1785805200,7632.75,7647.5,7629.5,7646.5,13671
1785808800,7646.25,7647.5,7639.0,7642.5,7113
1785812400,7642.25,7645.5,7638.25,7645.0,5926
1785816000,7644.0,7646.5,7641.75,7645.5,3071
1785819600,7645.25,7649.5,7642.75,7647.5,5511
1785823200,7647.75,7650.0,7642.75,7644.5,7319
1785826800,7644.5,7648.0,7641.5,7643.5,14850
1785830400,7643.5,7645.75,7635.25,7637.25,18165
1785834000,7637.0,7638.5,7631.75,7637.5,14744
1785837600,7637.75,7647.75,7635.5,7643.0,19853
1785841200,7643.25,7657.75,7641.5,7654.5,29305
1785844800,7654.5,7656.25,7651.0,7651.0,21498
1785848400,7651.0,7686.5,7649.25,7685.5,205567
1785852000,7685.25,7716.5,7682.5,7715.25,243043
1785855600,7715.5,7741.25,7714.0,7736.5,187171
1785859200,7736.5,7755.75,7733.25,7755.25,123068
1785862800,7755.25,7783.75,7754.25,7768.25,152916
1785866400,7768.25,7777.25,7763.5,7773.0,128635
1785870000,7773.0,7786.0,7761.25,7764.75,293219
1785873600,7763.75,7781.25,7761.25,7774.5,80121
1785880800,7772.0,7783.25,7771.0,7780.75,0
1785884400,7780.75,7782.75,7775.75,7777.5,6231
1785888000,7777.25,7785.5,7776.0,7784.25,8543
1785891600,7784.25,7786.0,7777.75,7784.25,8701
1785895200,7784.5,7788.75,7783.0,7786.75,8414
1785898800,7786.75,7792.5,7786.5,7792.0,7996
1785902400,7792.75,7792.75,7788.25,7791.25,4935
1785906000,7791.25,7800.0,7790.5,7798.75,6946
1785909600,7798.5,7799.5,7791.0,7798.0,9271
1785913200,7798.25,7799.5,7788.0,7793.0,15543
1785916800,7792.75,7796.75,7780.25,7784.25,21633
1785920400,7784.25,7792.0,7782.5,7788.5,12652
1785924000,7788.5,7798.0,7787.5,7797.5,12910
1785927600,7797.5,7799.75,7792.5,7798.0,14971
1785931200,7798.0,7805.25,7795.5,7799.5,28403
1785934800,7799.5,7820.25,7795.0,7819.25,203055
1785938400,7818.75,7818.75,7776.0,7786.25,265756
1785942000,7786.5,7791.5,7754.5,7758.0,189580
1785945600,7757.75,7773.75,7750.5,7769.5,148224
1785949200,7769.75,7773.0,7761.75,7767.0,81542
1785952800,7767.0,7774.5,7763.25,7765.5,72103
1785956400,7765.5,7771.5,7745.75,7748.25,207321
1785960000,7748.25,7761.75,7746.75,7758.75,63405
1785967200,7756.75,7770.75,7756.75,7764.25,0
1785970800,7764.25,7767.75,7760.0,7761.75,4345
1785974400,7762.0,7763.25,7756.75,7757.0,7331
1785978000,7757.0,7757.5,7748.0,7755.0,11741
1785981600,7755.0,7768.0,7755.0,7765.0,7644
1785985200,7765.0,7767.25,7759.0,7761.75,3917
1785988800,7763.0,7765.25,7759.75,7763.0,2873
1785992400,7763.0,7765.5,7760.5,7765.0,3886
1785996000,7765.25,7765.25,7754.0,7759.75,6714
1785999600,7759.75,7764.5,7754.75,7758.5,9960
1786003200,7758.25,7765.5,7750.0,7764.75,11432
1786006800,7764.75,7767.5,7755.25,7767.0,7937
1786010400,7767.0,7767.25,7758.75,7761.75,6900
1786014000,7761.75,7765.5,7750.5,7759.75,19160
1786017600,7759.75,7761.5,7751.75,7754.25,20694
1786021200,7754.25,7765.5,7740.25,7759.25,173647
1786024800,7759.25,7768.5,7745.25,7760.0,179572
1786028400,7759.75,7762.5,7729.25,7731.0,177904
1786032000,7731.0,7740.0,7724.25,7739.5,129377
1786035600,7739.5,7741.5,7726.75,7736.25,81613
1786039200,7736.25,7747.25,7734.5,7739.5,91321
1786042800,7739.5,7747.75,7727.0,7735.75,188594
1786046400,7735.75,7741.5,7727.75,7731.5,44340
1786053600,7735.0,7740.0,7729.75,7737.75,0
1786057200,7737.75,7741.25,7736.25,7740.0,2507
1786060800,7740.0,7742.5,7729.0,7735.75,9812
1786064400,7735.75,7739.25,7727.25,7732.75,9190
1786068000,7732.75,7735.25,7726.5,7732.0,5270
1786071600,7732.25,7734.25,7728.5,7729.25,3892
1786075200,7729.75,7733.5,7725.5,7731.5,4046
1786078800,7731.5,7737.0,7731.25,7731.75,4389
1786082400,7731.75,7740.0,7731.75,7738.0,6304
1786086000,7738.0,7743.75,7736.0,7740.25,7850
1786089600,7740.5,7747.25,7740.25,7745.25,9860
1786093200,7745.5,7749.5,7744.25,7745.75,6140
1786096800,7746.0,7749.5,7744.0,7746.5,5364
1786100400,7746.25,7756.75,7746.25,7748.75,13283
1786104000,7748.5,7778.75,7747.25,7774.75,59005
1786107600,7774.75,7776.0,7751.75,7758.0,187201
1786111200,7758.0,7781.25,7743.5,7776.25,215605
1786114800,7776.25,7786.75,7771.25,7778.0,117269
1786118400,7778.0,7781.25,7757.75,7767.0,112266
1786122000,7767.0,7772.25,7764.25,7768.75,55109
1786125600,7768.75,7770.25,7756.0,7764.5,65182
1786129200,7764.5,7785.5,7763.75,7778.5,196366
1786132800,7778.5,7781.25,7773.0,7779.75,48577
1786312800,7772.0,7773.5,7763.0,7768.5,5387
1786316400,7769.0,7773.25,7766.75,7767.0,4878
1786320000,7767.0,7778.0,7765.25,7770.75,8839
1786323600,7770.75,7781.5,7769.75,7780.5,6625
1786327200,7780.5,7783.25,7777.5,7782.25,3526
1786330800,7782.0,7786.25,7780.5,7783.75,3551
1786334400,7783.5,7788.75,7782.25,7787.25,3467
1786338000,7787.5,7791.25,7787.25,7790.75,2998
1786341600,7790.75,7792.75,7784.5,7787.0,6265
1786345200,7787.0,7796.25,7783.5,7792.25,11280
1786348800,7792.25,7793.75,7789.0,7791.75,7320
1786352400,7791.75,7793.25,7788.5,7789.0,5266
1786356000,7789.0,7791.0,7784.0,7785.5,7873
1786359600,7785.5,7787.25,7778.5,7782.5,13983
1786363200,7782.25,7785.75,7771.5,7773.75,17372
1786366800,7773.75,7783.5,7769.75,7780.75,128775
1786370400,7780.75,7798.0,7780.25,7781.5,128439
1786374000,7781.75,7790.75,7778.0,7790.0,101316
1786377600,7790.0,7791.25,7764.5,7776.25,100011
1786381200,7776.0,7779.5,7771.25,7773.75,58961
1786384800,7773.75,7779.75,7769.25,7778.5,55215
1786388400,7778.75,7781.25,7770.25,7778.0,147988
1786392000,7778.0,7778.5,7773.0,7777.25,35384
1786399200,7778.25,7781.25,7771.25,7773.5,0
1786402800,7773.5,7774.0,7766.5,7770.75,5648
1786406400,7770.75,7781.25,7767.75,7779.75,7428
1786410000,7779.5,7786.5,7778.0,7783.25,7207
1786413600,7783.0,7786.75,7782.5,7784.5,3610
1786417200,7784.25,7789.25,7784.25,7787.0,3371
1786420800,7787.0,7789.5,7786.75,7787.0,2562
1786424400,7787.0,7788.75,7780.5,7780.5,3960
1786428000,7780.75,7784.5,7770.5,7774.75,8501
1786431600,7775.0,7777.5,7770.75,7776.0,8539
1786435200,7776.0,7780.5,7770.0,7775.0,10598
1786438800,7775.0,7780.5,7771.5,7778.0,7647
1786442400,7778.0,7787.75,7775.0,7785.25,9410
1786446000,7785.25,7796.0,7784.75,7789.25,21188
1786449600,7789.25,7795.25,7785.25,7787.5,20404
1786453200,7787.75,7793.5,7771.75,7782.0,125093
1786456800,7782.25,7787.0,7778.0,7782.0,127193
1786460400,7782.0,7784.0,7762.25,7765.5,120703
1786464000,7765.5,7769.75,7755.75,7756.75,79153
1786467600,7756.75,7759.0,7747.75,7757.5,74414
1786471200,7757.75,7757.75,7738.0,7746.25,88161
1786474800,7746.0,7756.5,7743.25,7750.0,167006
1786478400,7750.0,7757.75,7746.75,7753.25,41707
1786485600,7756.0,7756.5,7750.5,7752.75,0
1786489200,7753.0,7755.75,7751.75,7755.25,1579
1786492800,7755.25,7755.5,7749.0,7752.5,5669
1786496400,7752.5,7754.0,7748.5,7749.75,4850
1786500000,7749.75,7755.5,7749.75,7755.5,3344
1786503600,7755.5,7756.5,7753.75,7755.5,2574
1786507200,7754.5,7758.0,7754.5,7757.25,2263
1786510800,7757.5,7757.5,7752.75,7756.75,2543
1786514400,7756.75,7759.75,7754.25,7759.75,4801
1786518000,7759.5,7761.5,7757.0,7759.5,8341
1786521600,7759.5,7763.5,7758.25,7762.25,6652
1786525200,7762.5,7773.75,7762.25,7766.5,14022
1786528800,7766.25,7770.25,7759.25,7766.5,11123
1786532400,7766.25,7771.5,7764.5,7770.5,9702
1786536000,7770.5,7788.0,7760.75,7784.75,47692
1786539600,7784.75,7794.0,7765.5,7770.5,155908
1786543200,7770.5,7777.75,7756.5,7766.75,160388
1786546800,7766.75,7769.5,7760.25,7764.75,92154
1786550400,7764.75,7776.25,7764.25,7773.25,71953
1786554000,7773.25,7777.5,7770.25,7772.5,57290
1786557600,7772.5,7781.0,7772.25,7775.0,58386
1786561200,7775.0,7778.75,7764.5,7769.5,129927
1786564800,7769.75,7777.75,7766.5,7766.75,37387
1786572000,7770.0,7771.0,7766.5,7768.75,0
1786575600,7768.5,7771.75,7767.5,7768.25,2557
1786579200,7768.25,7773.5,7767.5,7770.5,5838
1786582800,7770.25,7771.25,7764.25,7770.0,4964
1786586400,7770.25,7774.5,7768.0,7773.0,3695
1786590000,7772.75,7775.5,7772.0,7775.0,3020
1786593600,7775.75,7777.5,7772.0,7775.75,3227
1786597200,7775.75,7780.5,7775.0,7776.25,4456
1786600800,7776.5,7779.75,7773.75,7777.75,4301
1786604400,7778.0,7780.0,7774.0,7777.75,5970
1786608000,7777.75,7783.0,7775.25,7781.5,7115
1786611600,7781.5,7784.75,7778.0,7784.25,5061
1786615200,7784.25,7785.5,7783.0,7785.0,4391
1786618800,7785.0,7789.0,7782.75,7784.0,7659
1786622400,7784.0,7790.25,7778.0,7788.5,22980
1786626000,7788.5,7821.5,7785.5,7820.75,142130
1786629600,7820.75,7838.5,7818.0,7822.25,190124
1786633200,7822.0,7826.75,7797.75,7799.0,174928
1786636800,7798.75,7812.25,7798.5,7811.5,78394
1786640400,7811.5,7819.25,7810.5,7811.75,71117
1786644000,7811.75,7823.75,7811.0,7822.0,77243
1786647600,7822.0,7828.75,7818.0,7823.25,171985
1786651200,7823.25,7825.5,7818.5,7825.25,42660
1786658400,7825.0,7827.0,7822.75,7824.0,0
1786662000,7824.0,7827.5,7823.75,7825.75,2682
1786665600,7825.75,7828.75,7823.0,7824.25,5769
1786669200,7824.0,7825.0,7820.25,7823.5,6016
1786672800,7823.5,7827.0,7823.5,7825.0,4086
1786676400,7825.0,7827.75,7824.25,7824.25,2933
1786680000,7825.25,7825.5,7822.5,7823.0,3555
1786683600,7823.25,7826.0,7821.5,7824.75,3714
1786687200,7824.75,7824.75,7820.5,7821.75,3887
1786690800,7821.75,7824.75,7820.0,7823.5,6818
1786694400,7823.5,7828.75,7822.0,7826.25,8437
1786698000,7826.25,7827.75,7824.0,7827.75,5773
1786701600,7827.5,7829.5,7825.5,7828.75,7777
1786705200,7828.75,7830.75,7826.25,7829.25,9014
1786708800,7829.25,7831.75,7821.0,7830.5,17439
1786712400,7830.25,7831.0,7819.25,7826.25,115654
1786716000,7825.75,7830.75,7809.5,7809.5,140718
1786719600,7809.75,7813.75,7800.0,7804.25,122841
1786723200,7804.5,7810.25,7798.5,7799.25,76716
1786726800,7799.25,7803.75,7796.5,7800.5,66414
1786730400,7800.5,7807.5,7799.5,7804.25,59282
1786734000,7804.5,7806.5,7800.75,7805.25,131318
1786737600,7805.25,7806.25,7799.75,7805.0,34482
1786917600,7809.75,7811.25,7808.5,7810.25,3286
1786921200,7810.5,7813.25,7808.75,7812.25,2385
1786924800,7812.25,7814.0,7808.0,7810.75,5008
1786928400,7810.75,7813.5,7807.0,7807.75,4603
1786932000,7807.5,7810.0,7806.25,7808.5,3251
1786935600,7808.75,7812.25,7808.0,7812.25,2257
1786939200,7812.75,7813.5,7811.5,7812.25,2360
1786942800,7812.25,7817.5,7812.0,7817.25,3569
1786946400,7817.5,7820.25,7816.5,7819.75,6085
1786950000,7820.0,7821.25,7813.25,7819.0,8599
1786953600,7819.0,7819.25,7813.75,7816.0,5619
1786957200,7816.25,7818.0,7814.0,7815.0,7188
1786960800,7815.0,7824.5,7812.75,7816.5,11436
1786964400,7816.25,7818.5,7813.25,7813.25,9949
1786968000,7813.5,7815.0,7801.25,7803.75,29533
1786971600,7803.5,7809.5,7793.25,7794.25,123091
1786975200,7794.5,7799.0,7790.0,7794.0,130148
1786978800,7794.0,7800.0,7788.25,7794.25,99188
1786982400,7794.25,7797.5,7787.0,7788.0,62641
1786986000,7787.75,7789.0,7772.0,7775.0,125351
1786989600,7775.25,7779.25,7773.25,7776.0,78694
1786993200,7776.0,7776.75,7766.25,7768.5,166926
1786996800,7768.5,7769.5,7763.5,7765.5,40789
1787004000,7766.0,7768.5,7762.5,7765.25,0
1787007600,7765.25,7768.5,7763.5,7768.25,4313
1787011200,7768.0,7770.5,7766.25,7766.75,5530
1787014800,7767.0,7768.0,7755.25,7761.5,10083
1787018400,7761.5,7762.0,7742.75,7749.0,16845
1787022000,7749.25,7749.75,7741.0,7744.25,8840
1787025600,7743.0,7744.75,7739.5,7743.5,6369
1787029200,7743.5,7743.5,7734.25,7735.0,8317
1787032800,7735.25,7742.25,7726.0,7742.0,16618
1787036400,7741.75,7742.25,7726.0,7726.25,14218
1787040000,7726.5,7731.75,7716.5,7729.75,24244
1787043600,7729.75,7731.25,7722.5,7729.5,17711
1787047200,7729.5,7734.25,7728.25,7731.75,13623
1787050800,7731.75,7738.5,7730.75,7734.75,18036
1787054400,7734.75,7739.25,7728.5,7735.75,21596
1787058000,7735.5,7736.5,7719.0,7724.75,179772
1787061600,7725.0,7732.75,7716.5,7719.25,219304
1787065200,7719.5,7726.5,7713.25,7723.25,142509
1787068800,7723.25,7728.75,7720.5,7726.0,93727
1787072400,7726.0,7728.0,7715.75,7716.0,68279
1787076000,7715.75,7726.0,7714.25,7717.0,87465
1787079600,7717.0,7722.75,7710.25,7715.25,196724
1787083200,7715.0,7716.0,7711.25,7713.25,37525
1787090400,7714.0,7717.5,7707.5,7707.75,0
1787094000,7707.75,7714.5,7706.75,7710.75,6028
1787097600,7710.5,7716.0,7702.0,7711.0,13726
1787101200,7711.0,7717.0,7709.5,7711.25,10124
1787104800,7711.25,7712.0,7706.0,7709.25,8338
1787108400,7709.5,7712.0,7705.75,7706.75,5271
1787112000,7705.0,7709.0,7699.5,7704.25,7211
1787115600,7704.25,7708.25,7698.25,7699.75,7377
1787119200,7699.5,7715.0,7698.25,7714.5,12608
1787122800,7714.5,7719.0,7709.5,7718.5,14668
1787126400,7718.25,7722.0,7716.75,7718.25,17019
1787130000,7718.0,7720.75,7711.75,7713.5,9855
1787133600,7713.5,7716.25,7709.5,7713.5,8357
1787137200,7713.5,7719.25,7713.25,7718.0,11144
1787140800,7718.0,7758.25,7714.75,7748.25,99748
1787144400,7748.0,7750.75,7720.75,7739.5,218696
1787148000,7739.75,7762.25,7726.5,7761.75,224809
1787151600,7762.0,7764.75,7739.75,7745.75,145834
1787155200,7745.75,7759.5,7734.25,7736.0,114921
1787158800,7736.0,7741.5,7729.75,7734.75,89942
1787162400,7734.5,7745.0,7729.0,7734.75,103555
1787166000,7734.75,7743.5,7721.75,7731.5,204972
1787169600,7731.25,7732.75,7725.75,7730.5,39520
1787176800,7733.0,7743.25,7731.5,7742.0,0
1787180400,7742.25,7746.5,7739.75,7740.0,6031
1787184000,7740.0,7742.75,7734.0,7742.25,8747
1787187600,7742.25,7744.0,7737.0,7738.75,8181
1787191200,7738.75,7743.0,7735.0,7737.75,5094
1787194800,7737.75,7742.0,7736.25,7738.75,4868
1787198400,7741.75,7742.75,7737.75,7739.25,3669
1787202000,7739.25,7740.75,7734.25,7735.0,5197
1787205600,7734.75,7745.25,7734.75,7742.5,7361
1787209200,7742.5,7742.5,7730.0,7730.0,13540
1787212800,7730.25,7733.5,7715.5,7718.5,18280
1787216400,7718.75,7727.0,7717.5,7724.0,9780
1787220000,7723.75,7730.5,7722.0,7730.5,11101
1787223600,7730.5,7733.5,7703.25,7704.25,27575
1787227200,7704.5,7704.75,7680.25,7696.75,73770
1787230800,7697.0,7716.25,7692.5,7703.75,175351
1787234400,7703.75,7713.25,7691.75,7710.0,220976
1787238000,7709.75,7720.0,7690.5,7696.5,192533
1787241600,7696.5,7704.75,7691.75,7702.0,100838
1787245200,7702.25,7702.25,7680.25,7683.5,104015
1787248800,7683.5,7683.5,7669.25,7670.5,115556
1787252400,7670.5,7676.25,7659.0,7665.25,228457
1787256000,7665.25,7668.5,7657.75,7667.75,54201
1787263200,7669.0,7671.5,7663.25,7669.5,0
1787266800,7669.25,7669.5,7664.25,7666.25,3416
1787270400,7666.25,7673.0,7664.25,7664.5,9615
1787274000,7664.75,7669.25,7661.25,7667.25,7685
1787277600,7667.25,7673.0,7666.75,7670.75,5880
1787281200,7671.0,7671.75,7666.5,7668.75,3561
1787284800,7669.75,7670.0,7664.25,7668.75,4274
1787288400,7669.0,7671.0,7665.75,7668.5,4144
1787292000,7668.5,7675.25,7667.25,7673.5,6177
1787295600,7673.75,7682.25,7671.0,7682.0,13002
1787299200,7682.0,7690.25,7677.5,7687.5,13700
1787302800,7687.5,7689.0,7681.75,7687.75,11724
1787306400,7688.0,7692.25,7685.5,7688.5,9132
1787310000,7688.5,7699.5,7684.75,7695.0,21345
1787313600,7695.0,7704.75,7693.0,7700.75,32066
1787317200,7701.0,7702.25,7676.75,7680.5,173811
1787320800,7680.5,7694.25,7677.25,7693.5,163370
1787324400,7693.75,7714.0,7689.5,7707.25,154459
1787328000,7707.5,7708.75,7693.0,7699.0,112918
1787331600,7699.25,7700.75,7689.5,7689.5,67510
1787335200,7689.75,7697.75,7685.75,7697.25,63593
1787338800,7697.25,7703.0,7688.75,7691.5,192817
1787342400,7691.75,7692.25,7687.0,7691.25,42548
1787522400,7683.75,7690.75,7681.75,7689.5,3223
1787526000,7689.25,7702.5,7689.25,7702.25,4604
1787529600,7702.25,7703.25,7684.75,7697.5,11572
1787533200,7697.5,7702.75,7690.25,7690.5,8420
1787536800,7690.5,7697.5,7687.25,7696.5,7891
1787540400,7696.5,7696.5,7682.25,7682.5,7146
1787544000,7683.0,7685.0,7679.5,7679.75,6517
1787547600,7680.0,7685.5,7675.0,7676.5,8346
1787551200,7676.5,7678.75,7669.0,7673.5,9917
1787554800,7673.5,7679.5,7670.5,7671.0,9659
1787558400,7671.0,7684.0,7668.75,7680.5,10624
1787562000,7680.5,7684.5,7677.75,7680.5,7585
1787565600,7680.5,7682.0,7669.75,7670.5,9432
1787569200,7670.5,7686.5,7664.5,7679.75,21140
1787572800,7680.0,7682.5,7669.25,7678.0,20342
1787576400,7678.0,7682.75,7655.0,7668.5,162834
1787580000,7668.75,7675.5,7659.5,7670.75,150561
1787583600,7670.75,7681.5,7657.75,7679.5,139948
1787587200,7679.25,7686.5,7675.25,7676.0,77697
1787590800,7676.0,7682.0,7664.5,7667.0,92816
1787594400,7667.0,7685.25,7666.75,7674.25,89745
1787598000,7674.0,7677.0,7668.0,7669.5,141455
1787601600,7669.75,7675.0,7666.5,7674.25,39230
1787608800,7676.0,7677.5,7673.25,7674.5,0
1787612400,7674.5,7675.75,7667.75,7670.5,3751
1787616000,7670.5,7675.75,7660.25,7673.75,10345
1787619600,7673.75,7676.75,7670.5,7673.25,6817
1787623200,7673.25,7675.5,7666.5,7668.0,8015
1787626800,7668.0,7678.75,7668.0,7674.5,6820
1787630400,7677.5,7679.5,7675.25,7677.0,4515
1787634000,7676.75,7681.0,7676.0,7680.0,4938
1787637600,7680.0,7690.75,7669.75,7689.75,10478
1787641200,7689.75,7692.5,7681.5,7682.75,11673
1787644800,7682.75,7699.75,7680.5,7697.0,19187
1787648400,7697.0,7714.0,7694.5,7709.5,21306
1787652000,7709.25,7710.0,7699.75,7702.25,11730
1787655600,7702.0,7706.5,7693.0,7704.75,15975
1787659200,7704.75,7709.0,7694.75,7698.0,22517
1787662800,7697.75,7701.25,7688.0,7690.0,123635
1787666400,7690.0,7691.25,7663.25,7680.25,165465
1787670000,7680.0,7691.0,7676.25,7687.75,116583
1787673600,7687.75,7692.75,7686.25,7690.75,75729
1787677200,7690.75,7691.5,7679.25,7683.5,68566
1787680800,7683.25,7692.0,7680.0,7689.5,61345
1787684400,7689.5,7695.0,7681.75,7691.25,150459
1787688000,7691.0,7696.0,7689.0,7690.75,39043
1787695200,7691.5,7694.0,7690.5,7692.25,0
1787698800,7692.0,7692.5,7680.5,7682.0,4583
1787702400,7681.75,7686.0,7673.5,7674.0,12391
1787706000,7674.25,7678.0,7670.75,7674.25,9798
1787709600,7674.5,7687.0,7672.25,7685.75,8568
1787713200,7686.0,7692.0,7684.5,7690.25,6925
1787716800,7689.75,7691.5,7682.25,7683.25,5286
1787720400,7683.25,7687.75,7683.0,7685.0,4330
1787724000,7685.0,7691.0,7679.75,7688.5,7723
1787727600,7688.0,7688.75,7680.75,7686.0,9258
1787731200,7686.0,7691.0,7683.0,7688.5,8432
1787734800,7688.75,7689.75,7683.0,7689.0,7216
1787738400,7689.0,7690.25,7681.75,7687.0,7986
1787742000,7687.25,7694.75,7683.0,7687.5,13531
1787745600,7687.5,7698.5,7676.5,7679.25,38371
1787749200,7679.5,7701.75,7676.75,7701.25,134129
1787752800,7701.25,7702.5,7680.5,7690.75,146020
1787756400,7690.5,7697.0,7683.0,7685.25,125435
1787760000,7685.5,7686.5,7671.0,7679.25,98605
1787763600,7679.25,7691.0,7677.75,7688.75,82982
1787767200,7688.75,7698.5,7685.5,7697.25,72409
1787770800,7697.25,7705.5,7687.0,7692.25,164690
1787774400,7692.0,7710.25,7690.25,7710.0,58441
1787781600,7722.0,7741.25,7721.25,7736.25,0
1787785200,7736.0,7739.25,7733.25,7738.5,6785
1787788800,7738.75,7739.25,7714.5,7716.5,17827
1787792400,7716.25,7726.75,7714.5,7724.5,11743
1787796000,7724.5,7729.75,7724.0,7728.0,5747
1787799600,7728.0,7730.75,7725.5,7725.75,4772
1787803200,7725.75,7727.5,7719.0,7719.75,3770
1787806800,7720.0,7720.75,7710.0,7712.0,7943
1787810400,7712.25,7718.0,7707.0,7718.0,11560
1787814000,7718.0,7722.0,7713.5,7720.5,11668
1787817600,7720.75,7734.5,7720.5,7728.0,16721
1787821200,7728.25,7728.75,7718.75,7724.25,14376
1787824800,7724.25,7724.5,7718.25,7724.0,9518
1787828400,7724.0,7729.75,7715.0,7722.25,18710
1787832000,7722.0,7726.5,7711.0,7711.5,24851
1787835600,7711.5,7728.5,7702.75,7715.25,204171
1787839200,7715.25,7736.0,7712.0,7735.25,187013
1787842800,7735.5,7742.75,7725.25,7738.0,152185
1787846400,7738.0,7752.25,7735.0,7751.75,92495
1787850000,7752.0,7755.5,7742.75,7743.75,85977
1787853600,7743.75,7745.5,7722.75,7727.5,132367
1787857200,7727.5,7744.75,7726.25,7741.0,197503
1787860800,7741.25,7743.25,7731.75,7733.0,41890
1787868000,7733.75,7734.75,7727.5,7732.25,0
1787871600,7732.25,7732.5,7727.25,7728.75,3712
1787875200,7729.0,7737.5,7728.25,7735.75,7335
1787878800,7735.75,7743.0,7735.75,7742.75,6606
1787882400,7743.0,7747.25,7738.75,7740.75,6087
1787886000,7741.0,7747.5,7738.0,7741.75,5783
1787889600,7738.25,7741.0,7736.75,7737.75,2990
1787893200,7737.5,7738.0,7731.5,7731.75,4944
1787896800,7731.75,7743.5,7731.0,7743.5,8980
1787900400,7743.5,7744.5,7738.5,7740.25,9913
1787904000,7740.25,7745.0,7736.25,7740.25,9988
1787907600,7740.0,7740.75,7736.25,7738.75,5972
1787911200,7738.75,7740.5,7736.25,7739.75,7120
1787914800,7739.75,7743.5,7737.25,7739.75,7590
1787918400,7740.0,7751.25,7739.5,7749.75,19188
1787922000,7749.75,7758.0,7742.75,7746.25,108282
1787925600,7746.25,7780.0,7726.5,7779.25,318886
1787929200,7779.25,7782.5,7737.25,7739.75,255320
1787932800,7739.75,7745.25,7720.0,7725.75,210080
1787936400,7725.75,7726.5,7711.75,7724.25,131006
1787940000,7724.25,7727.25,7712.25,7716.0,86838
1787943600,7716.0,7728.25,7713.75,7722.75,194754
1787947200,7722.75,7725.5,7719.0,7722.0,40788
1788127200,7708.0,7714.75,7705.0,7709.25,5940
1788130800,7709.0,7709.5,7688.25,7688.5,13757
1788134400,7688.75,7703.75,7684.5,7697.25,17250
1788138000,7697.5,7697.5,7686.5,7690.0,13215
1788141600,7689.75,7696.75,7683.75,7692.0,10571
1788145200,7692.0,7696.0,7690.75,7692.75,5259
1788148800,7693.0,7702.25,7690.75,7700.5,5126
1788152400,7700.5,7710.5,7699.0,7704.5,9006
1788156000,7704.75,7712.0,7702.5,7711.0,8088
1788159600,7710.75,7711.25,7707.25,7709.5,8346
1788163200,7709.5,7718.5,7707.75,7712.75,10624
1788166800,7712.5,7716.0,7706.75,7707.25,6417
1788170400,7707.5,7711.25,7705.5,7709.75,6771
1788174000,7709.75,7711.25,7700.5,7702.25,11045
1788177600,7702.5,7709.25,7691.5,7693.75,32944
1788181200,7693.75,7704.25,7682.5,7689.5,155074
1788184800,7689.75,7692.0,7674.75,7687.5,147723
1788188400,7687.5,7692.5,7680.75,7682.0,98442
1788192000,7682.0,7687.75,7677.25,7686.5,84263
1788195600,7686.5,7696.25,7679.25,7693.0,77549
1788199200,7693.0,7696.25,7678.0,7684.5,102639
1788202800,7684.5,7708.25,7684.5,7697.75,284300
1788206400,7697.75,7704.75,7696.5,7701.25,52560
1788213600,7701.25,7702.75,7700.0,7701.25,0
1788217200,7701.0,7705.25,7700.5,7703.5,6236
1788220800,7703.75,7708.0,7700.5,7705.0,8499
1788224400,7704.75,7705.75,7698.0,7703.25,10528
1788228000,7703.0,7703.75,7693.75,7700.25,7677
1788231600,7700.25,7700.25,7695.25,7696.5,4516
1788235200,7696.5,7698.0,7692.0,7692.75,4485
1788238800,7692.75,7706.25,7690.0,7704.5,9236
1788242400,7704.75,7705.5,7696.0,7697.5,9015
1788246000,7697.25,7705.5,7687.0,7690.5,18353
1788249600,7690.5,7693.0,7658.5,7658.5,44992
1788253200,7658.75,7660.0,7648.5,7653.25,27361
1788256800,7653.5,7664.5,7650.75,7656.5,18689
1788260400,7656.25,7663.25,7651.25,7652.5,21088
1788264000,7652.25,7654.75,7645.0,7647.5,36313
1788267600,7647.25,7652.75,7638.75,7647.0,169398
1788271200,7647.25,7673.0,7644.5,7662.25,220152
1788274800,7662.5,7673.75,7653.75,7670.0,158476
1788278400,7670.0,7670.5,7642.5,7649.5,183238
1788282000,7649.5,7649.5,7635.0,7644.75,123305
1788285600,7645.0,7647.0,7621.5,7634.0,147908
1788289200,7634.0,7645.5,7632.75,7644.0,254033
1788292800,7644.0,7648.75,7640.75,7647.5,53317
1788300000,7645.0,7648.0,7641.5,7645.25,0
1788303600,7645.25,7647.25,7644.25,7646.25,2750
1788307200,7646.5,7651.5,7640.0,7640.0,11589
1788310800,7640.0,7642.75,7632.25,7636.75,14588
1788314400,7637.0,7641.75,7633.5,7641.0,7941
1788318000,7641.25,7642.0,7634.25,7635.5,5996
1788321600,7635.25,7636.5,7632.75,7635.25,4395
1788325200,7635.5,7643.0,7632.75,7637.25,7304
1788328800,7637.5,7643.0,7631.75,7641.25,11309
1788332400,7641.25,7647.25,7635.25,7637.5,13656
1788336000,7637.5,7643.0,7623.25,7626.5,12511
1788339600,7626.5,7633.0,7621.5,7625.75,16054
1788343200,7625.75,7628.75,7621.25,7626.75,12364
1788346800,7626.5,7646.25,7618.5,7646.25,28331
1788350400,7646.25,7658.75,7639.25,7640.25,45916
1788354000,7640.0,7657.0,7639.75,7656.75,149394
1788357600,7656.5,7690.25,7654.75,7679.75,260378
1788361200,7679.5,7691.25,7676.0,7685.75,149528
1788364800,7685.5,7685.75,7673.0,7675.5,93432
1788368400,7675.5,7681.25,7670.0,7678.0,101006
1788372000,7678.25,7687.75,7672.5,7674.5,107442
1788375600,7674.25,7681.75,7673.25,7678.25,162113
1788379200,7678.25,7682.5,7667.5,7669.25,46183
1788386400,7673.5,7680.0,7671.5,7676.0,0
1788390000,7676.25,7681.25,7674.5,7679.75,4565
1788393600,7679.75,7679.75,7671.5,7672.75,6531
1788397200,7672.5,7679.25,7671.5,7671.75,7665
1788400800,7671.75,7680.5,7671.0,7678.75,5544
1788404400,7678.5,7683.75,7677.75,7682.0,4896
1788408000,7683.5,7684.5,7679.25,7679.75,3422
1788411600,7679.5,7679.75,7661.25,7678.75,13112
1788415200,7678.75,7680.5,7672.0,7674.25,6595
1788418800,7674.25,7686.25,7672.25,7683.0,10833
1788422400,7682.75,7694.5,7681.75,7683.5,15030
1788426000,7683.5,7686.75,7672.0,7673.5,9890
1788429600,7673.75,7677.25,7669.25,7673.25,12163
1788433200,7673.25,7685.25,7670.25,7673.75,16592
1788436800,7673.5,7704.0,7673.5,7701.25,44181
1788440400,7701.25,7726.5,7694.0,7721.75,190353
1788444000,7722.0,7722.0,7700.0,7718.25,233455
1788447600,7718.25,7759.5,7718.0,7759.5,263284
1788451200,7759.5,7759.5,7748.0,7755.0,120984
1788454800,7755.0,7761.0,7747.0,7758.25,79842
1788458400,7760.75,7766.5,7759.75,7762.5,90423
1788462000,7762.5,7763.0,7752.0,7756.0,204412
1788465600,7756.25,7757.0,7748.0,7749.25,43386
1788472800,7749.75,7753.25,7748.25,7753.0,0
1788476400,7753.0,7754.25,7751.25,7752.75,2705
1788480000,7752.5,7757.0,7750.5,7756.0,5773
1788483600,7756.0,7757.25,7753.0,7756.5,5103
1788487200,7756.5,7758.75,7755.0,7758.0,3621
1788490800,7758.0,7759.25,7756.75,7757.75,2869
1788494400,7757.0,7761.75,7757.0,7761.25,3994
1788498000,7761.25,7764.5,7759.5,7761.5,5565
1788501600,7761.25,7764.0,7755.0,7755.75,7637
1788505200,7755.75,7763.0,7754.75,7759.75,12330
1788508800,7760.0,7763.0,7758.5,7762.0,12163
1788512400,7762.0,7762.25,7755.5,7758.25,8616
1788516000,7758.25,7763.75,7758.25,7761.75,8568
1788519600,7761.75,7764.0,7757.25,7762.0,10171
1788523200,7762.0,7763.0,7731.25,7738.25,70793
1788526800,7738.25,7751.0,7733.75,7745.0,151673
1788530400,7745.25,7745.5,7715.0,7716.25,190708
1788534000,7716.25,7722.75,7711.75,7721.25,157301
1788537600,7721.25,7735.25,7720.25,7730.75,101412
1788541200,7730.75,7731.5,7712.75,7716.25,105237
1788544800,7716.0,7725.75,7713.5,7724.25,75843
1788548400,7724.25,7726.75,7717.5,7723.75,193193
1788552000,7723.75,7724.25,7713.75,7722.0,45943
1788840000,7722.5,7725.75,7721.25,7723.25,5143
1788843600,7723.25,7723.5,7705.0,7705.5,10937
1788847200,7705.75,7707.0,7694.75,7703.25,15363
1788850800,7703.5,7710.5,7690.0,7692.25,20902
1788854400,7692.25,7696.5,7687.5,7692.5,20522
1788858000,7692.5,7709.0,7689.0,7709.0,14304
1788861600,7709.0,7718.25,7695.75,7698.5,22157
1788865200,7698.75,7706.25,7693.0,7705.75,20024
1788868800,7706.0,7714.25,7696.25,7714.0,25981
1788872400,7714.0,7717.75,7688.25,7695.0,166820
1788876000,7695.0,7700.0,7680.0,7696.75,197495
1788879600,7697.0,7704.0,7693.75,7694.25,129279
1788883200,7694.25,7698.25,7685.75,7690.0,122095
1788886800,7689.75,7701.75,7689.75,7695.25,89913
1788890400,7695.25,7699.5,7676.75,7688.0,135876
1788894000,7688.25,7692.25,7672.25,7681.0,244262
1788897600,7681.25,7683.0,7673.75,7678.25,47661
1788904800,7681.0,7682.75,7676.5,7682.5,0
1788908400,7682.5,7682.75,7672.75,7674.5,5567
1788912000,7674.75,7684.25,7674.5,7682.25,10382
1788915600,7682.25,7687.75,7681.25,7685.25,12510
1788919200,7685.25,7687.25,7682.75,7686.0,6416
1788922800,7686.0,7686.5,7682.0,7683.0,5280
1788926400,7684.0,7689.75,7680.5,7688.75,5541
1788930000,7688.75,7691.0,7683.75,7691.0,7338
1788933600,7691.0,7691.25,7684.5,7685.25,8443
1788937200,7685.25,7691.25,7681.5,7685.25,14459
1788940800,7685.25,7687.75,7677.75,7682.0,13645
1788944400,7682.0,7683.75,7657.0,7659.25,23340
1788948000,7659.5,7665.0,7647.25,7650.0,31042
1788951600,7650.0,7663.5,7649.0,7652.75,32497
1788955200,7652.75,7657.0,7644.5,7655.5,30824
1788958800,7655.5,7663.75,7651.75,7661.0,143056
1788962400,7660.75,7662.0,7644.5,7657.75,195501
1788966000,7658.0,7665.0,7628.75,7641.25,278195
1788969600,7641.5,7648.75,7632.75,7645.75,113753
1788973200,7645.75,7653.25,7643.5,7650.25,115550
1788976800,7650.25,7653.75,7642.75,7648.75,91367
1788980400,7648.75,7654.5,7641.25,7644.5,173645
1788984000,7644.5,7648.25,7642.5,7648.0,38113
1788991200,7646.5,7651.0,7645.75,7647.0,0
1788994800,7647.0,7653.0,7645.75,7652.0,3827
1788998400,7652.25,7656.5,7647.25,7647.5,11831
1789002000,7647.5,7652.0,7644.0,7651.5,10641
1789005600,7651.5,7655.5,7648.25,7654.5,6724
1789009200,7654.5,7656.75,7652.0,7655.75,5744
1789012800,7656.25,7660.0,7655.0,7659.0,5034
1789016400,7659.0,7665.75,7657.75,7663.5,6883
1789020000,7663.5,7666.25,7659.25,7664.0,8623
1789023600,7664.0,7664.0,7656.25,7659.25,11378
1789027200,7659.5,7662.5,7651.25,7652.5,13683
1789030800,7652.5,7655.5,7646.0,7652.0,13842
1789034400,7652.0,7657.0,7646.25,7648.25,17866
1789038000,7648.0,7648.75,7632.0,7632.0,23207
1789041600,7632.0,7635.0,7597.75,7601.5,110698
1789045200,7601.5,7609.0,7586.0,7586.75,229016
1789048800,7586.75,7620.0,7585.5,7613.5,287646
1789052400,7613.25,7619.25,7601.25,7604.75,169957
1789056000,7605.0,7613.0,7591.5,7611.5,159910
1789059600,7611.25,7617.75,7599.5,7602.25,120310
1789063200,7602.25,7605.25,7591.75,7597.0,123571
1789066800,7597.0,7602.75,7592.5,7598.5,219375
1789070400,7598.75,7606.5,7595.75,7602.0,47388
1789077600,7599.5,7607.25,7598.25,7599.75,0
1789081200,7599.5,7601.75,7594.5,7595.0,5338
1789084800,7595.0,7613.75,7594.25,7613.25,18360
1789088400,7613.25,7616.25,7606.75,7610.0,12292
1789092000,7610.0,7611.25,7602.25,7603.75,8993
1789095600,7603.5,7604.25,7597.75,7602.75,8603
1789099200,7605.0,7614.5,7601.25,7611.25,11164
1789102800,7611.0,7627.5,7610.75,7626.0,15071
1789106400,7626.0,7632.25,7622.5,7631.0,19657
1789110000,7631.0,7633.0,7624.5,7626.75,20449
1789113600,7626.75,7644.25,7623.25,7643.75,37720
1789117200,7643.75,7647.75,7636.5,7641.0,20190
1789120800,7640.75,7645.25,7635.5,7638.5,18869
1789124400,7638.75,7642.5,7635.5,7640.75,17729
1789128000,7640.75,7677.5,7620.5,7676.25,107621
1789131600,7676.25,7683.5,7659.75,7681.0,270747
1789135200,7681.0,7681.25,7653.25,7657.25,321952
1789138800,7657.25,7680.5,7655.25,7675.0,230827
1789142400,7674.75,7680.0,7665.75,7674.25,164579
1789146000,7674.25,7681.0,7673.0,7674.75,126568
1789149600,7675.0,7677.75,7667.0,7668.0,142614
1789153200,7668.0,7670.5,7657.5,7659.0,263282
1789156800,7659.0,7663.5,7658.5,7659.5,54040
1789336800,7609.5,7622.75,7607.75,7618.5,8638
1789340400,7618.75,7625.5,7614.75,7615.5,5830
1789344000,7615.25,7624.5,7614.5,7621.5,8551
1789347600,7621.75,7634.5,7620.0,7632.75,6658
1789351200,7633.0,7634.0,7631.5,7632.0,2480
1789352888,7632.25,7632.25,7632.25,7632.25,0
