time,open,high,low,close,volume
1473739200,4763.25,4764.75,4699.25,4727.75,142822
1473825600,4732.75,4771.0,4724.0,4732.5,77624
1473912000,4734.0,4826.75,4720.5,4817.75,61726
1473998400,4813.25,4828.75,4799.0,4817.0,285889
1474257600,4814.75,4841.75,4782.5,4794.25,235031
1474344000,4796.75,4820.5,4790.0,4798.5,195027
1474430400,4800.0,4854.5,4788.5,4850.0,291231
1474516800,4849.0,4892.25,4842.75,4886.25,196512
1474603200,4887.25,4889.75,4848.25,4856.5,197323
1474862400,4852.0,4859.5,4807.5,4815.0,209587
1474948800,4813.75,4864.5,4800.75,4860.75,227156
1475035200,4857.5,4873.25,4844.75,4868.25,208679
1475121600,4866.75,4876.5,4812.5,4844.25,306337
1475208000,4839.25,4885.5,4811.75,4870.25,248154
1475467200,4867.25,4879.5,4842.75,4865.75,177125
1475553600,4866.75,4888.0,4836.25,4857.5,276978
1475640000,4856.5,4888.5,4849.25,4873.5,182962
1475726400,4874.0,4881.0,4845.5,4872.0,187196
1475812800,4870.25,4883.75,4834.75,4859.0,281205
1476158400,4892.0,4897.25,4798.0,4827.0,316603
1476244800,4822.25,4842.0,4800.25,4813.5,234222
1476331200,4804.75,4813.0,4754.5,4796.0,297938
1476417600,4796.0,4841.0,4786.25,4804.25,237878
1476676800,4803.5,4810.5,4781.0,4803.25,179668
1476763200,4802.25,4856.75,4799.75,4827.0,205551
1476849600,4823.75,4840.25,4811.0,4830.25,148339
1476936000,4828.25,4847.25,4798.75,4843.75,248117
1477022400,4844.25,4849.0,4814.75,4843.25,188661
1477281600,4847.25,4908.75,4842.75,4902.75,182257
1477368000,4906.25,4919.5,4873.5,4886.0,184984
1477454400,4874.0,4881.75,4839.5,4853.75,234117
1477540800,4852.0,4880.25,4804.25,4807.0,261342
1477627200,4818.25,4843.25,4786.5,4806.0,325145
1477886400,4795.25,4830.0,4788.25,4796.75,199169
1477972800,4802.75,4817.0,4718.75,4757.25,307806
1478059200,4754.5,4768.5,4708.25,4716.75,300313
1478145600,4700.0,4729.5,4668.25,4674.5,280599
1478232000,4671.25,4695.5,4651.25,4657.75,264048
1478494800,4709.75,4781.75,4709.75,4775.75,223773
1478581200,4777.5,4822.5,4752.75,4802.25,219987
1478667600,4807.25,4837.5,4558.5,4820.5,719499
1478754000,4817.5,4879.75,4679.25,4743.75,555100
1479099600,4753.0,4784.5,4672.75,4694.5,285041
1479186000,4692.75,4779.25,4688.0,4766.0,238486
1479272400,4765.0,4794.75,4736.25,4783.25,195711
1479358800,4781.5,4831.5,4778.0,4828.5,190166
1479445200,4828.75,4840.5,4803.0,4808.5,168797
1479704400,4813.5,4862.0,4803.25,4854.0,167542
1479790800,4858.0,4884.75,4857.0,4874.75,157465
1479877200,4877.25,4882.5,4830.25,4849.5,159650
1480050000,4850.5,4870.0,4839.5,4868.5,75485
1480309200,4864.25,4879.75,4842.75,4861.0,143185
1480395600,4861.0,4897.75,4847.5,4875.0,175916
1480482000,4872.5,4885.5,4812.5,4816.0,231494
1480568400,4819.0,4827.5,4722.75,4736.5,291375
1480654800,4735.5,4759.0,4707.25,4738.5,235325
1480914000,4719.0,4795.75,4701.5,4780.5,207428
1481000400,4780.75,4796.5,4767.75,4786.75,185123
1481086800,4788.75,4854.75,4763.5,4841.75,232690
1481173200,4844.5,4869.5,4836.0,4863.0,225777
1481259600,4861.25,4897.5,4852.5,4893.75,133170
1481518800,4899.0,4917.0,4852.5,4867.75,124198
1481605200,4867.0,4962.0,4861.5,4937.75,131855
1481691600,4939.5,4956.5,4910.25,4931.75,74019
1481778000,4928.5,4960.75,4917.5,4934.5,48306
1481864400,4938.0,4948.25,4930.25,4943.5,185358
1482123600,4915.75,4966.25,4912.5,4938.75,146138
1482210000,4939.5,4963.25,4938.5,4956.0,109979
1482296400,4956.0,4960.0,4939.25,4949.5,90653
1482382800,4948.0,4953.0,4917.0,4936.5,110522
1482469200,4933.75,4943.75,4922.75,4942.25,69061
1482814800,4942.0,4994.5,4940.0,4961.25,100365
1482901200,4961.25,4979.25,4920.25,4923.75,136664
1482987600,4923.75,4933.5,4901.25,4918.5,121556
1483074000,4920.5,4940.0,4850.0,4864.0,197659
1483419600,4876.75,4927.5,4876.75,4906.25,215983
1483506000,4906.5,4942.5,4903.0,4933.5,171952
1483592400,4934.75,4964.25,4920.5,4962.0,169565
1483678800,4962.5,5017.5,4952.5,5004.0,183315
1483938000,5004.5,5029.5,5002.5,5022.0,148112
1484024400,5022.0,5047.0,5007.25,5031.25,153774
1484110800,5032.75,5048.25,5007.5,5046.5,218752
1484197200,5044.5,5044.75,4990.25,5034.75,212324
1484283600,5035.25,5063.25,5035.25,5061.25,136613
1484629200,5056.25,5059.0,5025.0,5040.25,198098
1484715600,5040.5,5057.25,5034.0,5054.5,159690
1484802000,5053.25,5074.75,5036.5,5053.5,185603
1484888400,5055.5,5083.0,5044.75,5058.25,216184
1485147600,5059.0,5069.75,5030.25,5063.5,181150
1485234000,5063.75,5104.0,5060.0,5096.25,141578
1485320400,5100.0,5150.0,5099.75,5146.5,153214
1485406800,5148.25,5168.5,5141.75,5147.75,173375
1485493200,5144.25,5167.5,5139.25,5162.5,138335
1485752400,5146.25,5154.5,5094.5,5124.5,249340
1485838800,5123.5,5135.0,5083.25,5112.75,214696
1485925200,5132.0,5158.25,5123.0,5148.5,237364
1486011600,5147.75,5157.5,5119.5,5131.0,209875
1486098000,5129.5,5162.25,5119.75,5155.0,181444
1486357200,5157.25,5163.5,5140.25,5157.75,145402
1486443600,5157.0,5192.0,5154.25,5176.75,164423
1486530000,5175.0,5197.0,5163.5,5191.25,166260
1486616400,5189.75,5219.25,5186.25,5212.25,157897
1486702800,5211.25,5232.5,5209.75,5226.75,147032
1486962000,5229.25,5261.5,5226.75,5259.25,144520
1487048400,5259.25,5278.0,5239.75,5276.0,166904
1487134800,5274.5,5313.5,5265.25,5310.0,168262
1487221200,5313.0,5317.0,5288.5,5300.5,209931
1487307600,5300.25,5328.75,5286.75,5325.75,170805
1487653200,5323.5,5353.75,5320.5,5343.75,192758
1487739600,5345.5,5355.5,5336.25,5351.0,156582
1487826000,5352.5,5361.25,5310.75,5332.0,240394
1487912400,5329.25,5344.5,5299.0,5343.25,211944
1488171600,5340.0,5352.5,5323.25,5347.5,153779
1488258000,5345.0,5350.0,5317.0,5332.25,168037
1488344400,5334.5,5400.0,5332.0,5386.0,241769
1488430800,5382.75,5393.75,5356.25,5364.75,206020
1488517200,5358.75,5373.5,5344.25,5372.0,176727
1488776400,5369.0,5374.5,5339.0,5361.0,166727
1488862800,5354.75,5374.25,5341.5,5349.75,180791
1488949200,5350.0,5377.25,5333.75,5363.0,221615
1489035600,5362.25,5372.0,5335.5,5366.75,249227
1489122000,5370.0,5395.25,5363.0,5382.0,159754
1489377600,5381.0,5396.5,5371.75,5395.5,85360
1489464000,5394.5,5396.75,5360.0,5381.5,92067
1489550400,5380.5,5427.25,5376.0,5415.25,63828
1489636800,5412.25,5440.0,5398.75,5413.0,35580
1489723200,5411.75,5423.0,5405.75,5417.25,143955
1489982400,5407.25,5428.0,5396.0,5418.5,144687
1490068800,5415.75,5441.0,5330.0,5338.25,414738
1490155200,5334.25,5376.25,5315.0,5365.75,335865
1490241600,5365.5,5378.5,5347.25,5354.5,269772
1490328000,5357.0,5395.0,5347.5,5378.75,294980
1490587200,5360.0,5385.75,5317.25,5379.0,276499
1490673600,5382.5,5424.75,5363.5,5405.0,245032
1490760000,5409.0,5437.5,5404.75,5436.0,173940
1490846400,5436.0,5451.0,5426.5,5437.5,163121
1490932800,5440.75,5452.75,5421.0,5438.5,166661
1491192000,5436.75,5455.0,5403.25,5434.5,264740
1491278400,5432.75,5448.0,5406.75,5444.0,195119
1491364800,5447.0,5481.25,5409.0,5416.25,301129
1491451200,5414.0,5437.25,5390.0,5422.75,287867
1491537600,5426.75,5436.0,5382.75,5421.25,243807
1491796800,5420.75,5443.75,5405.75,5422.25,197534
1491883200,5426.75,5429.25,5358.0,5401.75,332142
1491969600,5402.75,5412.75,5369.0,5372.75,251108
1492056000,5369.0,5399.5,5347.5,5359.0,278784
1492401600,5352.75,5399.5,5347.75,5395.25,148626
1492488000,5397.5,5405.25,5375.5,5389.25,246219
1492574400,5389.75,5430.75,5388.75,5397.75,213579
1492660800,5398.0,5454.75,5394.5,5442.75,231392
1492747200,5445.0,5454.75,5427.5,5442.0,193756
1493006400,5471.0,5512.75,5471.0,5504.0,212519
1493092800,5502.0,5557.25,5499.0,5548.25,172850
1493179200,5546.75,5562.5,5535.0,5536.25,221754
1493265600,5535.25,5599.0,5534.25,5591.0,194734
1493352000,5584.5,5597.75,5571.75,5580.5,185941
1493611200,5581.0,5637.25,5573.5,5630.75,166028
1493697600,5629.0,5641.75,5622.5,5639.75,169050
1493784000,5621.0,5631.0,5606.0,5613.25,206431
1493870400,5609.0,5634.0,5603.75,5625.75,223464
1493956800,5627.0,5649.5,5612.5,5648.25,166263
1494216000,5658.25,5660.5,5634.5,5655.5,164353
1494302400,5654.25,5687.75,5650.75,5676.25,194000
1494388800,5678.5,5679.75,5658.25,5675.5,174081
1494475200,5674.75,5676.25,5636.25,5670.75,238806
1494561600,5670.0,5689.75,5656.5,5689.0,186832
1494820800,5689.5,5706.5,5682.5,5701.25,180918
1494907200,5705.0,5727.25,5696.25,5724.25,183423
1494993600,5723.5,5724.0,5574.75,5578.75,506880
1495080000,5575.5,5648.5,5550.5,5630.5,522258
1495166400,5631.5,5676.5,5622.0,5653.25,292202
1495425600,5652.75,5704.25,5648.75,5702.0,198203
1495512000,5701.5,5718.5,5688.5,5711.5,219010
1495598400,5709.5,5734.5,5705.25,5731.25,191514
1495684800,5731.5,5795.5,5731.25,5782.0,239940
1495771200,5781.25,5796.5,5772.75,5792.25,163404
1496116800,5793.0,5803.5,5778.25,5792.0,197717
1496203200,5792.5,5819.25,5763.75,5793.25,332645
1496289600,5804.75,5824.0,5780.5,5822.0,266069
1496376000,5823.75,5886.75,5822.0,5886.0,298205
1496635200,5878.25,5891.25,5872.75,5880.75,177414
1496721600,5880.25,5893.25,5848.5,5863.25,257087
1496808000,5862.25,5884.75,5845.75,5879.75,274935
1496894400,5877.75,5897.75,5853.5,5885.0,266471
1496980800,5872.5,5898.75,5660.25,5740.5,425289
1497240000,5740.5,5746.5,5634.5,5711.0,260181
1497326400,5713.25,5760.25,5706.75,5751.25,144808
1497412800,5752.25,5780.0,5680.0,5725.25,120807
1497499200,5722.75,5724.5,5633.75,5702.5,64524
1497585600,5701.5,5720.0,5685.0,5702.0,356290
1497844800,5694.25,5782.5,5683.25,5766.0,271968
1497931200,5766.75,5784.0,5729.0,5732.75,301241
1498017600,5728.25,5796.5,5699.0,5796.0,319202
1498104000,5793.25,5814.5,5770.75,5785.75,233021
1498190400,5785.5,5815.5,5763.0,5812.25,213552
1498449600,5803.0,5852.0,5768.0,5778.25,311741
1498536000,5780.75,5784.0,5669.0,5676.5,418001
1498622400,5673.75,5768.75,5632.0,5763.5,396603
1498708800,5766.25,5776.0,5601.0,5653.0,604720
1498795200,5648.25,5686.5,5623.5,5652.75,336513
1499088600,5658.0,5690.75,5581.25,5589.25,232656
1499227200,5591.25,5667.75,5560.25,5651.5,392297
1499313600,5650.5,5652.75,5580.0,5596.75,370735
1499400000,5598.5,5676.5,5591.5,5655.75,266767
1499659200,5663.0,5711.5,5650.0,5694.0,241360
1499745600,5692.0,5722.5,5667.5,5720.0,283454
1499832000,5719.5,5790.0,5712.75,5785.75,262329
1499918400,5786.75,5812.0,5777.25,5797.5,240958
1500004800,5799.5,5847.75,5787.75,5843.25,230871
1500264000,5843.5,5863.75,5831.25,5855.0,217890
1500350400,5858.25,5898.5,5820.25,5882.75,246038
1500436800,5895.5,5925.0,5889.0,5918.25,233290
1500523200,5919.5,5938.5,5897.0,5925.25,265354
1500609600,5930.75,5931.25,5890.5,5918.75,254484
1500868800,5919.25,5954.75,5905.0,5934.0,195018
1500955200,5925.25,5946.25,5915.75,5933.75,237095
1501041600,5933.75,5958.0,5927.0,5948.0,190190
1501128000,5961.0,5995.75,5844.75,5909.5,539445
1501214400,5909.0,5918.25,5850.0,5910.25,338476
1501473600,5910.0,5933.5,5870.25,5882.5,280483
1501560000,5884.5,5931.25,5875.5,5889.25,229005
1501646400,5933.0,5947.5,5856.25,5910.75,389618
1501732800,5911.25,5924.5,5877.25,5890.0,289423
1501819200,5889.0,5912.0,5874.25,5898.0,256730
1502078400,5900.0,5937.75,5898.0,5934.0,165201
1502164800,5935.0,5972.75,5907.5,5918.0,305079
1502251200,5913.25,5924.5,5861.75,5922.5,377648
1502337600,5922.5,5923.0,5767.25,5789.75,548167
1502424000,5769.0,5845.75,5761.0,5838.25,394754
1502683200,5837.25,5916.75,5837.25,5910.0,261541
1502769600,5913.5,5945.0,5895.5,5912.0,249827
1502856000,5915.25,5949.5,5902.0,5923.5,293910
1502942400,5920.0,5923.75,5786.5,5800.25,511900
1503028800,5792.25,5835.0,5772.5,5801.25,443313
1503288000,5805.0,5816.75,5752.25,5794.0,360383
1503374400,5795.25,5882.25,5794.25,5878.5,307895
1503460800,5878.25,5884.0,5841.5,5848.0,301682
1503547200,5845.75,5874.25,5803.25,5840.5,372774
1503633600,5845.25,5874.0,5816.5,5825.0,300167
1503892800,5819.75,5856.0,5801.25,5844.75,216424
1503979200,5820.0,5875.5,5777.25,5869.75,334338
1504065600,5869.75,5944.0,5862.5,5935.0,273971
1504152000,5936.25,5998.0,5932.5,5990.75,273833
1504238400,5994.0,6019.75,5973.25,5988.25,229855
1504584000,5956.5,5984.75,5889.5,5939.25,485650
1504670400,5943.5,5965.75,5909.25,5955.0,335781
1504756800,5952.0,5981.5,5932.25,5970.0,301526
1504843200,5969.25,5972.0,5907.5,5916.25,190958
1505102400,5928.75,5991.75,5928.75,5982.5,160000
1505188800,5981.25,6004.0,5967.5,5996.5,125609
1505275200,5999.0,6005.25,5975.5,6002.0,76177
1505361600,6001.75,6002.5,5963.5,5966.25,72484
1505448000,5965.25,5978.25,5945.25,5974.0,268013
1505707200,5999.25,6018.25,5967.25,5986.75,235721
1505793600,5989.75,6004.75,5975.0,5997.0,212483
1505880000,5997.0,6000.5,5930.5,5978.5,347504
1505966400,5976.0,5980.25,5919.25,5945.25,343404
1506052800,5944.25,5945.5,5911.0,5935.75,272649
1506312000,5930.75,5954.25,5842.0,5876.5,447828
1506398400,5878.75,5912.5,5862.75,5892.5,343472
1506484800,5889.75,5963.0,5886.5,5941.0,349282
1506571200,5936.0,5948.25,5911.25,5938.5,268097
1506657600,5939.25,5985.5,5933.0,5982.5,275661
1506916800,5984.0,6009.75,5958.5,5980.5,269518
1507003200,5985.5,6004.75,5978.75,5998.0,207901
1507089600,5999.0,6015.5,5979.5,6004.0,236714
1507176000,6005.0,6068.0,6001.0,6065.75,254723
1507262400,6062.25,6071.5,6037.5,6064.25,232608
1507521600,6062.5,6084.0,6054.75,6064.5,155751
1507608000,6062.25,6088.5,6039.0,6065.25,238961
1507694400,6064.5,6086.0,6053.25,6082.5,180901
1507780800,6083.5,6097.0,6066.5,6074.75,200082
1507867200,6073.0,6104.0,6068.5,6099.75,178530
1508126400,6101.5,6121.5,6098.0,6120.25,167591
1508212800,6119.75,6125.5,6105.0,6123.75,154430
1508299200,6122.25,6132.75,6108.0,6119.25,180414
1508385600,6121.25,6121.75,6051.25,6097.75,332212
1508472000,6097.75,6129.5,6090.5,6111.0,222217
1508731200,6109.5,6128.0,6060.5,6064.75,247882
1508817600,6064.75,6092.5,6057.0,6079.5,235526
1508904000,6073.5,6087.5,6011.0,6064.5,436671
1508990400,6065.0,6096.25,6035.0,6084.75,320283
1509076800,6092.0,6225.75,6078.75,6215.25,435844
1509336000,6209.5,6251.5,6202.25,6224.25,360344
1509422400,6221.75,6258.75,6219.25,6249.75,239132
1509508800,6249.75,6284.5,6223.5,6240.75,346061
1509595200,6230.0,6263.0,6192.5,6235.75,356528
1509681600,6252.5,6296.75,6236.0,6290.5,301691
1509944400,6285.25,6317.5,6268.0,6313.5,218392
1510030800,6311.5,6331.5,6296.25,6316.0,284157
1510117200,6310.5,6345.5,6301.5,6341.5,218248
1510203600,6342.25,6351.5,6244.75,6314.5,550267
1510290000,6312.75,6321.0,6281.0,6309.25,266728
1510549200,6312.5,6325.0,6281.0,6312.0,229366
1510635600,6310.75,6318.25,6262.75,6293.5,342800
1510722000,6293.5,6294.75,6230.75,6266.25,399624
1510808400,6264.5,6358.5,6260.75,6341.0,339694
1510894800,6342.75,6351.75,6308.5,6313.25,275846
1511154000,6312.0,6329.25,6291.25,6316.0,203721
1511240400,6315.75,6385.25,6311.25,6379.5,216030
1511326800,6381.25,6395.25,6375.25,6389.5,116314
1511533800,6388.25,6416.0,6375.75,6413.5,118443
1511758800,6414.25,6424.5,6394.75,6413.25,204123
1511845200,6413.25,6429.5,6388.75,6420.25,307329
1511931600,6423.5,6428.5,6283.0,6305.5,625761
1512018000,6306.5,6377.5,6289.0,6369.0,457769
1512104400,6353.75,6369.0,6246.0,6346.25,608005
1512363600,6371.0,6391.75,6250.75,6265.25,520744
1512450000,6255.5,6339.75,6231.75,6271.75,443788
1512536400,6269.0,6307.0,6232.5,6293.0,363675
1512622800,6298.0,6335.5,6288.75,6323.0,325352
1512709200,6322.25,6379.0,6320.5,6340.0,180084
1512968400,6343.0,6409.75,6339.75,6397.5,148290
1513054800,6404.25,6407.75,6371.75,6384.25,134498
1513141200,6385.0,6418.75,6365.5,6398.5,109048
1513227600,6396.75,6425.0,6385.5,6391.75,79395
1513314000,6389.5,6500.0,6384.0,6478.0,288903
1513573200,6498.0,6542.0,6497.5,6535.25,220351
1513659600,6535.0,6545.75,6479.75,6500.75,272966
1513746000,6504.0,6529.0,6463.25,6489.0,276115
1513832400,6486.75,6520.75,6476.0,6492.25,211561
1513918800,6489.75,6501.75,6467.5,6483.75,130810
1514264400,6482.5,6492.0,6432.25,6460.0,135130
1514350800,6461.25,6475.5,6442.0,6454.0,158481
1514437200,6452.25,6477.5,6442.25,6446.25,138254
1514523600,6444.5,6467.75,6383.25,6408.75,210114
1514869200,6405.0,6523.25,6397.75,6514.75,259593
1514955600,6513.25,6591.25,6511.25,6584.5,223243
1515042000,6583.75,6617.5,6580.0,6603.5,254577
1515128400,6608.0,6671.0,6599.75,6667.75,214944
1515387600,6667.75,6690.75,6653.25,6688.0,198494
1515474000,6687.25,6707.25,6667.25,6687.0,272445
1515560400,6679.75,6686.75,6628.25,6677.25,320261
1515646800,6676.5,6728.75,6664.25,6726.5,228872
1515733200,6725.5,6777.75,6703.25,6775.25,288871
1516078800,6781.5,6845.75,6729.25,6762.25,516270
1516165200,6762.75,6834.25,6744.75,6823.75,357653
1516251600,6818.0,6838.0,6796.0,6813.0,314511
1516338000,6816.5,6857.0,6801.5,6845.75,324203
1516597200,6830.75,6941.25,6824.25,6931.0,262762
1516683600,6929.75,6981.25,6919.75,6965.75,336204
1516770000,6956.5,7004.25,6888.25,6931.25,526387
1516856400,6933.5,6987.25,6902.0,6931.5,415464
1516942800,6938.0,7034.5,6934.25,7030.25,326274
1517202000,7030.0,7047.25,6980.0,6992.5,407157
1517288400,6991.5,7006.5,6902.75,6941.5,524079
1517374800,6938.25,6991.0,6921.5,6962.5,413798
1517461200,6973.0,6987.75,6884.75,6898.5,492861
1517547600,6954.0,6963.5,6752.25,6755.75,642482
1517806800,6752.25,6813.5,6387.75,6429.25,931677
1517893200,6473.0,6677.5,6260.25,6653.75,813419
1517979600,6638.0,6717.75,6532.0,6555.75,593446
1518066000,6542.0,6618.5,6301.0,6317.25,640585
1518152400,6328.0,6455.5,6164.0,6417.75,787495
1518411600,6434.5,6567.5,6414.25,6531.75,406083
1518498000,6529.75,6571.0,6470.75,6560.5,382334
1518584400,6559.5,6692.75,6456.25,6687.0,482298
1518670800,6681.0,6827.5,6669.75,6816.0,458423
1518757200,6816.25,6859.75,6762.0,6786.75,445962
1519102800,6783.25,6843.75,6723.25,6790.5,461892
1519189200,6788.25,6885.5,6741.25,6760.5,440206
1519275600,6756.5,6831.5,6694.75,6788.75,439678
1519362000,6792.5,6913.75,6782.75,6909.75,0
1519621200,6918.25,7007.5,6890.0,7000.0,297831
1519707600,7003.5,7009.0,6904.0,6915.75,498392
1519794000,6913.75,6970.5,6857.75,6865.0,461819
1519880400,6879.5,6898.75,6689.0,6760.75,793737
1519966800,6763.75,6823.25,6646.0,6804.75,636240
1520226000,6795.75,6904.5,6742.5,6877.5,467865
1520312400,6880.5,6939.25,6871.75,6907.75,415228
1520398800,6858.0,6937.0,6798.25,6924.5,498163
1520485200,6922.75,6977.25,6913.5,6974.25,388688
1520571600,6972.0,7103.75,6963.0,7098.25,225672
1520827200,7099.25,7158.75,7090.0,7139.5,185865
1520913600,7136.75,7188.5,7025.75,7058.25,208524
1521000000,7039.5,7098.0,7012.25,7033.5,117327
1521086400,7036.75,7076.75,7003.25,7046.5,56177
1521172800,7050.5,7059.25,7031.0,7044.0,287434
1521432000,7043.0,7043.0,6821.25,6914.25,571979
1521518400,6911.75,6927.75,6863.0,6917.5,401041
1521604800,6912.5,6951.0,6842.25,6884.0,454570
1521691200,6883.25,6915.0,6686.0,6692.0,685491
1521777600,6692.25,6721.25,6519.0,6554.25,748098
1522036800,6549.75,6779.0,6525.0,6773.5,637180
1522123200,6775.75,6849.25,6490.0,6561.25,731553
1522209600,6550.25,6582.25,6421.0,6477.25,948120
1522296000,6490.75,6653.75,6443.75,6594.0,647977
1522641600,6557.0,6588.5,6326.5,6393.25,670690
1522728000,6405.75,6496.75,6351.25,6469.25,681282
1522814400,6466.0,6591.75,6306.75,6582.5,635562
1522900800,6582.0,6654.5,6559.0,6600.25,495024
1522987200,6608.0,6611.25,6408.5,6454.75,631810
1523246400,6463.0,6618.0,6460.0,6497.0,482071
1523332800,6490.5,6651.75,6471.75,6624.25,542219
1523419200,6625.25,6663.25,6550.75,6592.75,443623
1523505600,6596.25,6693.75,6589.75,6670.75,357175
1523592000,6668.75,6713.0,6606.25,6640.75,465366
1523851200,6674.25,6722.0,6639.25,6712.0,324486
1523937600,6704.25,6844.75,6698.5,6828.75,325724
1524024000,6819.5,6867.0,6796.75,6843.5,298181
1524110400,6855.25,6866.25,6755.25,6780.0,376428
1524196800,6777.75,6790.25,6646.0,6676.25,422339
1524456000,6705.5,6728.0,6616.75,6667.0,384306
1524542400,6660.75,6717.75,6467.25,6526.75,626789
1524628800,6525.75,6576.25,6429.25,6555.75,544882
1524715200,6583.25,6749.0,6559.25,6734.75,424984
1524801600,6744.75,6772.0,6623.0,6669.75,481734
1525060800,6668.0,6718.0,6595.5,6613.0,389473
1525147200,6606.0,6740.0,6578.75,6692.0,360806
1525233600,6715.5,6729.5,6625.25,6633.5,382532
1525320000,6630.75,6671.5,6538.0,6664.5,518811
1525406400,6666.5,6788.5,6610.5,6774.75,408713
1525665600,6779.0,6851.25,6772.25,6826.0,323768
1525752000,6817.0,6837.5,6771.0,6820.5,370356
1525838400,6822.0,6901.25,6808.25,6896.0,316609
1525924800,6896.0,6971.25,6888.75,6965.0,292974
1526011200,6949.5,6979.5,6928.25,6960.0,263016
1526270400,6958.25,7013.5,6955.5,6974.0,255900
1526356800,6969.0,6976.75,6854.25,6890.5,432917
1526443200,6895.5,6953.5,6875.5,6937.25,274261
1526529600,6935.25,6962.0,6875.0,6905.75,325159
1526616000,6908.5,6936.25,6862.25,6874.0,314569
1526875200,6919.0,6957.0,6881.5,6915.75,293370
1526961600,6914.0,6954.75,6890.0,6909.25,269992
1527048000,6905.5,6961.5,6829.75,6957.0,390903
1527134400,6956.75,6975.0,6885.25,6957.25,379490
1527220800,6955.0,7003.75,6942.5,6960.25,317340
1527566400,6989.5,6995.0,6890.5,6944.5,487638
1527652800,6948.0,6994.75,6918.5,6987.25,303797
1527739200,6978.5,7023.5,6958.25,6977.0,389141
1527825600,6982.5,7090.5,6977.25,7083.0,335020
1528084800,7079.75,7151.5,7071.75,7148.25,247834
1528171200,7147.5,7187.5,7137.5,7179.25,256212
1528257600,7181.75,7222.25,7142.25,7215.0,300300
1528344000,7217.5,7234.25,7116.75,7161.0,410243
1528430400,7160.0,7163.0,7077.75,7151.5,215656
1528689600,7135.0,7189.0,7125.0,7170.25,173772
1528776000,7165.0,7219.25,7155.5,7199.5,112997
1528862400,7213.75,7262.75,7192.0,7204.25,94299
1528948800,7203.25,7292.25,7178.25,7283.75,68895
1529035200,7283.5,7291.75,7229.25,7257.5,364647
1529294400,7276.0,7289.25,7208.75,7276.0,291954
1529380800,7275.0,7279.0,7157.5,7252.25,450281
1529467200,7253.75,7336.5,7226.75,7313.25,320649
1529553600,7315.25,7358.5,7226.25,7237.75,424012
1529640000,7228.0,7274.0,7198.25,7222.75,322915
1529899200,7222.75,7222.75,6995.5,7073.5,598963
1529985600,7064.25,7130.0,7040.5,7104.0,399009
1530072000,7098.25,7151.5,6988.0,6998.25,546252
1530158400,6998.75,7076.5,6956.0,7060.5,483220
1530244800,7055.25,7123.75,7045.0,7066.75,396079
1530504000,7068.25,7119.75,6987.5,7116.5,379570
1530624600,7113.75,7165.0,7022.25,7023.75,300232
1530763200,7023.0,7128.0,7015.0,7125.75,378283
1530849600,7118.75,7237.75,7101.25,7233.5,320304
1531108800,7232.5,7303.5,7232.25,7300.25,269931
1531195200,7300.75,7335.5,7259.5,7301.5,286748
1531281600,7263.5,7290.0,7204.5,7253.75,373366
1531368000,7259.75,7387.0,7249.5,7382.75,304341
1531454400,7382.0,7414.25,7367.0,7393.0,279818
1531713600,7399.5,7413.75,7316.0,7325.0,246001
1531800000,7320.0,7436.0,7292.5,7421.75,343273
1531886400,7424.25,7437.75,7381.5,7404.5,267804
1531972800,7400.0,7416.0,7354.75,7367.75,321505
1532059200,7380.25,7413.75,7350.75,7360.0,302839
1532318400,7368.0,7432.75,7311.5,7430.5,287213
1532404800,7420.25,7489.75,7386.75,7416.25,406774
1532491200,7410.5,7530.0,7397.0,7469.5,351372
1532577600,7412.25,7450.0,7362.0,7430.75,392494
1532664000,7429.5,7467.0,7263.5,7301.25,534684
1532923200,7293.0,7309.25,7166.75,7200.5,497537
1533009600,7210.0,7298.0,7189.25,7244.75,430194
1533096000,7293.0,7303.75,7241.0,7277.0,370601
1533182400,7284.25,7395.25,7214.25,7385.75,441069
1533268800,7392.0,7415.0,7362.25,7402.0,298355
1533528000,7404.25,7449.75,7387.5,7444.0,250166
1533614400,7442.5,7486.75,7440.25,7477.25,260630
1533700800,7478.25,7496.0,7442.5,7471.5,250480
1533787200,7463.5,7505.5,7458.75,7475.5,236834
1533873600,7472.25,7472.75,7390.75,7427.0,389778
1534132800,7425.5,7479.0,7378.25,7417.0,377939
1534219200,7420.5,7465.0,7397.0,7457.75,305390
1534305600,7460.5,7464.75,7316.5,7374.0,521164
1534392000,7380.0,7434.5,7363.25,7389.0,348395
1534478400,7382.5,7407.0,7321.75,7387.75,366862
1534737600,7390.5,7420.75,7351.5,7387.0,286070
1534824000,7381.25,7452.25,7369.0,7397.5,320662
1534910400,7374.25,7444.75,7352.0,7433.25,309493
1534996800,7433.5,7475.0,7411.25,7424.5,356371
1535083200,7427.0,7499.5,7422.75,7495.75,278682
1535342400,7499.0,7569.0,7498.75,7568.0,280533
1535428800,7568.25,7597.25,7564.25,7578.0,273330
1535515200,7581.0,7674.5,7581.0,7668.75,311623
1535601600,7672.75,7697.0,7626.25,7649.0,390929
1535688000,7641.75,7682.25,7633.25,7661.25,346901
1536033600,7670.0,7693.75,7586.75,7638.75,470667
1536120000,7642.25,7643.25,7503.25,7531.75,522313
1536206400,7530.0,7544.5,7407.75,7457.5,650890
1536292800,7454.75,7494.75,7393.0,7438.5,606515
1536552000,7433.0,7483.5,7414.0,7460.25,418797
1536638400,7460.5,7524.75,7404.5,7512.0,467702
1536724800,7515.25,7541.0,7425.0,7485.75,586137
1536811200,7483.25,7583.25,7470.0,7564.5,459821
1536897600,7563.5,7598.75,7515.25,7544.75,237770
1537156800,7534.0,7547.25,7429.5,7436.25,197770
1537243200,7434.25,7535.25,7393.5,7495.25,171310
1537329600,7499.25,7517.25,7442.5,7497.5,95710
1537416000,7500.5,7587.5,7485.25,7579.75,74390
1537502400,7581.5,7619.25,7571.0,7589.0,371830
1537761600,7539.75,7594.0,7473.75,7586.0,390762
1537848000,7591.0,7603.25,7550.5,7595.25,318332
1537934400,7598.0,7668.0,7577.5,7590.25,405833
1538020800,7590.25,7686.25,7586.0,7657.25,377694
1538107200,7663.5,7677.0,7617.0,7655.25,381496
1538366400,7672.0,7728.75,7652.0,7675.5,358159
1538452800,7675.0,7712.75,7630.25,7652.75,392577
1538539200,7656.25,7703.75,7641.5,7664.75,394538
1538625600,7651.0,7651.0,7456.5,7514.25,704908
1538712000,7521.0,7540.0,7347.0,7436.0,735015
1538971200,7443.25,7453.25,7286.5,7391.75,615687
1539057600,7391.0,7455.75,7337.0,7399.0,583403
1539144000,7394.75,7412.0,7000.0,7032.0,924204
1539230400,7010.25,7138.0,6907.75,7031.0,1146270
1539316800,7040.75,7197.75,7034.25,7172.25,772623
1539576000,7176.75,7179.0,7060.75,7076.5,641765
1539662400,7068.25,7357.5,7063.5,7353.75,614355
1539748800,7339.75,7368.5,7221.5,7313.25,663303
1539835200,7307.75,7309.5,7094.5,7137.75,705908
1539921600,7154.0,7244.25,7092.75,7106.5,661050
1540180800,7085.75,7210.5,7057.0,7155.25,650331
1540267200,7155.0,7164.0,6944.0,7140.25,825811
1540353600,7136.25,7175.0,6785.75,6836.25,895420
1540440000,6878.5,7075.75,6816.75,6926.5,793502
1540526400,6882.0,6986.5,6734.25,6893.25,1069548
1540785600,6898.0,6991.5,6580.5,6736.25,905327
1540872000,6719.25,6849.25,6661.0,6815.25,832546
1540958400,6857.0,7039.25,6816.75,6975.5,755201
1541044800,6960.0,7079.75,6936.75,7077.75,589071
1541131200,6987.25,7143.25,6911.25,6980.25,793339
1541394000,6972.75,6998.5,6865.0,6949.5,506045
1541480400,6947.25,7034.75,6906.75,7016.5,514296
1541566800,7011.5,7225.0,6971.5,7218.5,621601
1541653200,7212.75,7231.0,7132.0,7166.0,477828
1541739600,7145.75,7166.25,6989.0,7031.25,596695
1541998800,7026.25,7103.75,6825.75,6835.0,702949
1542085200,6847.0,6962.0,6801.25,6853.0,711516
1542171600,6861.75,6929.5,6746.0,6768.25,731312
1542258000,6780.0,6920.5,6712.25,6915.5,793461
1542344400,6874.5,6915.0,6806.25,6895.25,691502
1542603600,6875.0,6934.5,6632.25,6672.0,743936
1542690000,6668.5,6670.0,6449.5,6532.5,910469
1542776400,6527.75,6647.75,6509.0,6576.25,569302
1542983400,6525.0,6601.5,6495.0,6531.0,362540
1543208400,6537.5,6696.5,6530.5,6673.25,503369
1543294800,6639.5,6723.0,6613.25,6712.5,577173
1543381200,6722.25,6923.5,6709.25,6918.25,639404
1543467600,6907.0,6943.75,6843.0,6913.25,530605
1543554000,6902.25,6967.25,6871.5,6949.5,485575
1543813200,7041.0,7139.0,7015.25,7058.25,575964
1543899600,7055.25,7055.25,6783.0,6803.25,811925
1544072400,6834.5,6854.25,6630.25,6824.5,986103
1544158800,6835.5,6856.5,6594.75,6623.5,854199
1544418000,6596.25,6714.5,6535.25,6699.25,778327
1544504400,6695.0,6808.75,6651.25,6717.0,734366
1544590800,6686.5,6872.0,6683.5,6769.0,663375
1544677200,6769.0,6838.5,6723.0,6752.0,626806
1544763600,6752.0,6760.75,6583.25,6599.5,351779
1545022800,6580.0,6635.25,6401.25,6466.25,323403
1545109200,6471.25,6555.75,6435.75,6462.75,229055
1545195600,6441.75,6594.0,6282.25,6334.75,174403
1545282000,6331.75,6385.25,6161.75,6308.5,95448
1545368400,6307.5,6317.75,6242.0,6257.25,862689
1545661800,6049.75,6123.0,5888.75,5892.0,449594
1545800400,5902.0,6310.0,5820.5,6285.5,642440
1545886800,6283.0,6333.0,6053.25,6323.5,740129
1545973200,6309.0,6402.5,6243.75,6293.25,644735
1546232400,6312.25,6376.75,6283.0,6333.25,386061
1546405200,6349.5,6409.25,6154.0,6371.0,659316
1546491600,6242.75,6304.25,6148.5,6162.0,714536
1546578000,6168.75,6462.0,6136.5,6434.0,696539
1546837200,6451.25,6535.75,6402.5,6496.5,516597
1546923600,6506.0,6586.25,6467.25,6557.25,539049
1547010000,6546.75,6645.0,6546.75,6604.75,496789
1547096400,6597.25,6641.75,6527.5,6625.25,496364
1547182800,6622.5,6632.5,6572.0,6612.75,364787
1547442000,6599.0,6602.5,6521.5,6545.0,364990
1547528400,6543.0,6689.0,6542.25,6676.75,492324
1547614800,6674.5,6737.25,6664.0,6666.25,443742
1547701200,6670.0,6760.0,6612.25,6720.0,472761
1547787600,6722.75,6828.25,6712.0,6792.75,499881
1548133200,6794.5,6794.5,6611.5,6653.0,651258
1548219600,6652.0,6724.25,6592.25,6665.25,515044
1548306000,6663.0,6718.5,6653.0,6675.0,449017
1548392400,6684.5,6810.5,6676.75,6791.25,446822
1548651600,6784.25,6791.0,6648.25,6701.75,490045
1548738000,6695.25,6721.0,6616.75,6638.75,441622
1548824400,6690.25,6845.25,6657.75,6837.25,526133
1548910800,6844.25,6943.0,6839.25,6914.75,557023
1548997200,6911.0,6927.5,6860.5,6877.75,461403
1549256400,6863.75,6983.0,6858.25,6937.5,353660
1549342800,6937.5,7033.75,6928.25,7008.0,369764
1549429200,7009.25,7038.75,6972.25,6995.75,376560
1549515600,6988.0,6994.75,6856.25,6905.5,595400
1549602000,6902.0,6926.25,6841.0,6916.75,464342
1549861200,6921.75,6969.5,6896.25,6914.25,384589
1549947600,6908.5,7028.5,6903.0,7018.5,363950
1550034000,7017.25,7069.75,7012.0,7016.25,359971
1550120400,7017.25,7057.5,6972.0,7019.75,490159
1550206800,7017.5,7095.25,6975.25,7063.75,430944
1550552400,7063.75,7094.75,7035.25,7068.25,386613
1550638800,7068.75,7105.0,7032.25,7073.25,418267
1550725200,7070.75,7113.75,7005.0,7034.5,432866
1550811600,7031.25,7101.25,7019.25,7088.25,367501
1551070800,7108.5,7168.5,7102.0,7125.75,346624
1551157200,7122.0,7151.0,7073.25,7117.75,362741
1551243600,7109.25,7131.75,7048.0,7121.75,367938
1551330000,7121.25,7130.75,7072.5,7102.5,360883
1551416400,7106.5,7164.5,7098.25,7156.0,383198
1551675600,7177.0,7211.5,7074.5,7145.75,556660
1551762000,7144.5,7182.0,7124.25,7165.5,364928
1551848400,7156.0,7171.25,7107.0,7111.25,444302
1551934800,7109.0,7123.25,7003.25,7027.5,556540
1552021200,7025.5,7034.0,6939.0,7026.75,312130
1552276800,7022.25,7176.75,6997.5,7164.75,203726
1552363200,7176.0,7223.0,7163.25,7206.5,167990
1552449600,7209.25,7295.5,7183.75,7267.75,127111
1552536000,7273.25,7293.5,7237.75,7239.75,82276
1552622400,7245.75,7288.0,7243.0,7270.35009765625,412124
1552881600,7338.0,7379.5,7321.75,7360.75,366874
1552968000,7362.25,7421.25,7351.25,7376.5,427134
1553054400,7378.0,7458.0,7349.5,7409.5,550615
1553140800,7400.5,7541.0,7367.75,7534.5,523249
1553227200,7526.75,7544.75,7353.0,7368.75,694561
1553486400,7372.25,7390.5,7290.0,7355.25,596897
1553572800,7363.0,7447.5,7340.5,7376.75,557412
1553659200,7383.5,7404.75,7276.0,7334.5,592979
1553745600,7323.5,7372.5,7289.5,7352.0,446378
1553832000,7350.25,7414.5,7350.25,7400.5,395579
1554091200,7430.0,7506.5,7428.5,7498.5,412914
1554177600,7495.25,7532.5,7483.75,7519.25,359192
1554264000,7517.0,7616.25,7513.25,7582.25,483546
1554350400,7581.25,7598.0,7522.0,7561.5,432440
1554436800,7565.0,7612.75,7556.0,7604.25,358710
1554696000,7607.75,7629.25,7561.25,7623.5,333328
1554782400,7625.75,7633.75,7578.75,7593.25,389517
1554868800,7590.5,7646.0,7575.75,7641.25,332696
1554955200,7644.0,7661.0,7601.5,7617.25,340950
1555041600,7617.0,7665.0,7611.0,7652.25,346210
1555300800,7654.0,7659.0,7598.75,7647.75,322483
1555387200,7650.75,7695.0,7648.75,7679.5,373199
1555473600,7676.5,7733.5,7668.5,7689.75,463944
1555560000,7691.5,7723.0,7660.25,7712.5,393586
1555905600,7715.25,7746.75,7669.75,7734.75,253668
1555992000,7738.0,7843.75,7724.5,7838.0,427149
1556078400,7833.5,7852.75,7802.25,7847.75,387633
1556164800,7855.25,7879.5,7792.0,7798.5,488329
1556251200,7799.25,7845.5,7755.5,7840.25,467051
1556510400,7837.25,7867.75,7805.5,7813.75,320324
1556596800,7805.25,7857.0,7740.0,7800.0,463833
1556683200,7848.75,7867.25,7736.0,7756.5,484406
1556769600,7737.75,7805.0,7682.25,7734.25,592822
1556856000,7739.0,7872.5,7734.75,7865.0,454088
1557115200,7810.0,7817.5,7667.5,7803.5,630196
1557201600,7744.75,7804.0,7581.25,7674.0,838952
1557288000,7663.75,7698.0,7600.0,7647.5,621509
1557374400,7639.75,7644.5,7481.0,7595.25,741216
1557460800,7591.0,7654.5,7435.75,7610.25,802652
1557720000,7534.25,7551.5,7305.0,7314.75,773473
1557806400,7315.25,7459.5,7290.0,7421.0,547769
1557892800,7429.25,7538.5,7353.75,7529.25,535915
1557979200,7524.25,7641.0,7473.5,7600.25,525588
1558065600,7600.75,7620.0,7506.5,7511.5,626777
1558324800,7514.75,7559.25,7361.5,7391.75,634294
1558411200,7408.25,7485.25,7400.75,7464.0,436744
1558497600,7462.75,7475.0,7391.25,7430.0,455678
1558584000,7430.75,7434.75,7268.0,7311.0,640165
1558670400,7316.75,7379.75,7300.5,7315.5,407810
1559016000,7315.5,7371.75,7280.25,7295.25,528983
1559102400,7291.5,7296.0,7183.25,7216.0,568052
1559188800,7214.75,7271.25,7208.5,7255.25,403475
1559275200,7251.75,7256.0,7129.25,7133.5,540433
1559534400,7110.0,7132.5,6941.25,6993.75,771723
1559620800,7008.75,7186.5,6981.75,7179.25,565396
1559707200,7189.0,7245.25,7150.25,7228.5,534798
1559793600,7213.75,7299.25,7181.0,7282.25,433916
1559880000,7266.5,7453.0,7257.75,7419.5,484835
1560139200,7469.0,7578.5,7431.25,7515.5,463884
1560225600,7519.5,7600.75,7492.75,7518.25,461725
1560312000,7517.75,7531.0,7461.0,7473.25,388858
1560398400,7476.0,7536.0,7421.0,7522.75,396174
1560484800,7503.25,7520.75,7451.5,7478.25,254822
1560744000,7481.0,7550.75,7476.0,7534.25,184038
1560830400,7542.25,7693.5,7514.75,7645.25,209971
1560916800,7641.0,7685.75,7601.75,7674.25,112587
1561003200,7668.0,7793.0,7660.0,7745.25,101514
1561089600,7737.0,7743.25,7701.5,7723.60986328125,379078
1561348800,7744.5,7794.25,7731.75,7758.75,260978
1561435200,7753.0,7779.5,7609.5,7628.75,424811
1561521600,7633.0,7719.0,7616.25,7650.0,376979
1561608000,7641.0,7716.5,7640.75,7690.5,300152
1561694400,7685.25,7726.0,7664.0,7693.75,310126
1561953600,7781.5,7849.75,7759.0,7790.0,406594
1562040000,7792.5,7843.25,7763.0,7838.25,297574
1562160600,7840.25,7892.75,7824.5,7887.5,209604
1562299200,7887.75,7909.75,7797.25,7851.5,375287
1562558400,7855.0,7863.5,7777.5,7801.0,342228
1562644800,7802.25,7858.75,7743.0,7845.25,346314
1562731200,7848.0,7949.5,7811.25,7928.75,442842
1562817600,7924.25,7963.25,7894.25,7918.75,407894
1562904000,7917.25,7967.5,7911.75,7960.0,299817
1563163200,7958.25,7992.0,7941.25,7986.75,247176
1563249600,7982.75,8001.5,7924.0,7942.75,303702
1563336000,7939.75,7966.25,7868.0,7885.5,303890
1563422400,7868.0,7954.75,7833.0,7933.5,413722
1563508800,7950.5,7980.75,7815.25,7842.75,438469
1563768000,7830.0,7936.5,7826.25,7924.75,355209
1563854400,7926.5,7985.75,7908.0,7983.75,357765
1563940800,7944.0,8051.75,7925.25,8038.0,356159
1564027200,8004.5,8034.5,7917.25,7981.75,433945
1564113600,7992.0,8040.75,7987.5,8019.75,322305
1564372800,8017.5,8031.75,7951.75,8001.25,301214
1564459200,8004.25,8020.0,7928.25,7963.25,394698
1564545600,7992.5,8001.25,7782.25,7866.75,556437
1564632000,7834.0,8014.5,7776.75,7808.25,772956
1564718400,7797.0,7806.0,7650.25,7702.25,736453
1564977600,7701.75,7705.5,7359.75,7385.25,848399
1565064000,7349.0,7549.0,7224.5,7515.5,845239
1565150400,7512.75,7577.5,7387.5,7553.25,851275
1565236800,7553.5,7738.5,7526.0,7735.75,553666
1565323200,7699.5,7724.0,7596.75,7660.25,619044
1565582400,7654.5,7710.0,7534.75,7566.75,552715
1565668800,7570.25,7789.5,7514.0,7748.0,674983
1565755200,7746.5,7767.5,7477.0,7488.75,825231
1565841600,7469.0,7572.75,7388.25,7496.25,705042
1565928000,7509.25,7632.5,7502.5,7611.75,449473
1566187200,7617.25,7750.0,7616.0,7727.5,401476
1566273600,7717.25,7752.0,7655.5,7668.0,414176
1566360000,7655.0,7765.75,7652.25,7750.25,344352
1566446400,7756.0,7782.25,7654.0,7711.25,487622
1566532800,7705.75,7762.0,7447.75,7504.5,763864
1566792000,7435.0,7626.0,7353.25,7590.5,617907
1566878400,7591.5,7648.5,7537.0,7562.75,520966
1566964800,7564.0,7605.75,7504.25,7599.25,480975
1567051200,7582.25,7730.25,7548.5,7712.0,447668
1567137600,7704.25,7770.5,7646.0,7690.75,450746
1567483200,7628.25,7695.5,7580.75,7617.5,643037
1567569600,7614.25,7730.0,7608.5,7722.75,399672
1567656000,7722.0,7886.75,7717.25,7855.5,478413
1567742400,7853.5,7895.0,7838.25,7857.75,356484
1568001600,7857.0,7887.0,7798.5,7830.75,372953
1568088000,7834.0,7857.75,7744.25,7815.0,446533
1568174400,7818.5,7905.0,7786.5,7889.75,383871
1568260800,7893.25,7982.75,7886.75,7921.5,448979
1568347200,7916.25,7958.5,7881.75,7886.0,243852
1568606400,7856.75,7873.25,7776.25,7856.5,199321
1568692800,7864.0,7897.5,7828.0,7890.25,147539
1568779200,7890.75,7906.75,7790.0,7894.25,122281
1568865600,7898.75,7951.0,7830.5,7896.25,69135
1568952000,7899.5,7932.75,7890.75,7899.47998046875,425158
1569211200,7839.25,7897.5,7807.75,7850.5,348180
1569297600,7869.0,7904.75,7701.75,7735.25,609261
1569384000,7738.25,7844.25,7663.0,7820.25,540081
1569470400,7822.5,7842.75,7734.75,7787.25,489320
1569556800,7787.0,7822.0,7641.0,7701.25,598171
1569816000,7735.5,7788.75,7705.75,7770.5,337872
1569902400,7784.0,7841.5,7691.0,7695.5,478759
1569988800,7711.0,7730.5,7525.5,7546.25,586568
1570075200,7551.5,7661.5,7474.25,7658.5,582820
1570161600,7656.75,7773.75,7624.0,7767.25,420539
1570420800,7712.5,7799.75,7682.5,7740.0,381262
1570507200,7736.0,7784.5,7613.5,7622.0,552145
1570593600,7621.0,7732.0,7604.5,7699.75,404170
1570680000,7702.25,7798.75,7583.25,7760.25,535042
1570766400,7783.25,7918.5,7767.0,7859.0,490521
1571025600,7850.25,7894.75,7807.0,7857.5,311101
1571112000,7862.25,7971.75,7859.75,7959.75,347657
1571198400,7960.0,7960.25,7907.5,7948.5,347550
1571284800,7954.25,7994.75,7922.0,7952.75,368623
1571371200,7953.75,7958.5,7835.75,7880.75,437753
1571630400,7874.25,7951.75,7865.75,7948.25,275031
1571716800,7949.25,7988.75,7837.25,7858.75,377545
1571803200,7846.25,7918.25,7810.25,7901.5,348671
1571889600,7922.75,7984.0,7913.25,7928.25,380967
1571976000,7928.5,8041.5,7918.5,8035.75,348318
1572235200,8048.0,8127.5,8048.0,8094.75,309114
1572321600,8109.25,8118.75,8050.75,8055.25,351246
1572408000,8057.25,8141.0,8020.5,8111.25,381307
1572494400,8128.5,8139.0,8046.0,8090.25,448458
1572580800,8094.25,8168.0,8084.5,8160.25,348326
1572843600,8165.0,8233.75,8164.0,8215.75,325479
1572930000,8221.5,8248.0,8193.25,8210.75,305795
1573016400,8208.0,8228.25,8161.0,8207.25,314414
1573102800,8213.75,8282.25,8190.0,8230.5,366403
1573189200,8230.0,8264.25,8190.0,8257.25,326871
1573448400,8257.25,8261.75,8206.5,8249.75,229844
1573534800,8253.25,8300.25,8228.5,8275.0,316729
1573621200,8273.0,8281.5,8220.0,8265.75,382042
1573707600,8269.0,8285.5,8216.25,8265.5,381593
1573794000,8267.5,8324.0,8261.25,8318.75,367145
1574053200,8318.75,8367.0,8279.25,8333.5,370609
1574139600,8335.0,8379.0,8312.5,8341.5,373942
1574226000,8333.0,8348.0,8231.0,8291.75,526978
1574312400,8261.5,8308.0,8240.0,8274.5,411833
1574398800,8280.25,8313.5,8233.25,8280.5,344497
1574658000,8303.25,8379.25,8296.5,8376.5,259485
1574744400,8374.25,8422.0,8366.25,8400.75,285726
1574830800,8402.75,8458.75,8397.0,8454.75,240866
1575037800,8456.75,8458.25,8406.5,8417.5,242603
1575262800,8424.5,8457.25,8276.5,8316.0,559474
1575349200,8313.75,8337.5,8168.25,8251.25,614317
1575435600,8258.75,8319.25,8220.5,8295.25,413647
1575522000,8296.25,8340.0,8273.25,8309.25,370987
1575608400,8311.0,8409.5,8307.75,8400.25,302782
1575867600,8401.5,8427.25,8347.0,8356.0,292419
1575954000,8354.5,8398.0,8297.0,8363.75,403364
1576040400,8366.25,8411.0,8345.0,8405.5,304183
1576126800,8407.5,8497.0,8381.0,8465.25,554338
1576213200,8485.0,8523.75,8435.5,8494.0,335038
1576472400,8507.0,8587.75,8503.25,8576.0,192050
1576558800,8576.0,8596.75,8563.25,8576.25,145053
1576645200,8569.75,8612.0,8567.75,8590.25,98301
1576731600,8598.0,8655.5,8580.25,8642.5,65776
1576818000,8651.0,8707.4599609375,8638.25,8707.4599609375,307870
1577077200,8710.75,8743.25,8707.5,8726.5,194915
1577197800,8728.25,8736.0,8707.0,8729.5,106029
1577336400,8730.25,8805.0,8729.0,8804.25,170684
1577422800,8801.0,8843.5,8769.0,8783.25,322888
1577682000,8783.5,8809.75,8691.25,8733.75,404047
1577768400,8731.75,8772.25,8692.25,8752.25,284519
1577941200,8776.75,8901.5,8769.5,8891.75,416637
1578027600,8895.5,8907.25,8735.25,8810.0,599887
1578286800,8772.25,8873.0,8723.0,8847.5,469514
1578373200,8853.25,8894.75,8825.75,8853.0,510004
1578459600,8841.5,8972.25,8678.0,8944.5,723085
1578546000,8948.75,9022.25,8932.5,9009.0,457262
1578632400,9010.0,9055.5,8966.25,8978.25,472166
1578891600,8979.0,9095.5,8979.0,9088.25,380440
1578978000,9087.75,9114.75,9035.0,9062.5,553343
1579064400,9062.0,9096.0,9023.0,9060.0,497100
1579150800,9061.75,9140.25,9061.5,9133.5,397881
1579237200,9137.0,9189.25,9130.0,9174.5,438669
1579582800,9174.0,9199.75,9114.75,9169.75,532160
1579669200,9179.5,9254.0,9174.25,9195.75,519015
1579755600,9190.0,9253.5,9151.75,9248.25,616950
1579842000,9252.0,9287.25,9109.5,9144.5,758796
1580101200,9077.0,9077.0,8925.5,8954.5,792705
1580187600,8952.5,9136.25,8952.5,9105.25,632550
1580274000,9119.5,9158.75,9072.25,9098.5,578408
1580360400,9111.25,9240.0,9003.5,9216.25,846585
1580446800,9226.5,9248.75,8966.0,8997.75,898384
1580706000,8982.75,9155.75,8975.0,9114.25,680726
1580792400,9099.0,9369.25,9073.0,9355.0,563913
1580878800,9357.0,9462.75,9317.75,9381.5,729548
1580965200,9390.0,9464.0,9362.5,9455.5,545054
1581051600,9467.0,9471.0,9385.0,9409.5,592695
1581310800,9401.5,9531.5,9330.75,9527.5,500147
1581397200,9525.0,9609.5,9501.25,9527.25,589570
1581483600,9536.25,9628.25,9523.75,9625.75,454472
1581570000,9621.5,9644.75,9511.25,9613.0,613580
1581656400,9626.25,9659.25,9588.0,9632.25,489387
1582002000,9635.0,9687.5,9534.25,9636.0,668505
1582088400,9643.25,9748.75,9641.25,9733.5,419130
1582174800,9744.75,9763.0,9517.0,9624.25,802424
1582261200,9617.25,9623.75,9411.5,9458.0,911839
1582520400,9355.25,9365.0,9041.25,9091.0,1171879
1582606800,9091.0,9224.25,8810.0,8854.25,1344897
1582693200,8868.25,9037.5,8709.5,8850.25,1251412
1582779600,8811.5,8878.5,8334.25,8382.75,1580041
1582866000,8347.0,8574.75,8126.25,8454.0,1527204
1583125200,8349.25,8883.25,8224.25,8791.25,1373357
1583211600,8830.5,9002.5,8511.0,8582.5,1295648
1583298000,8557.5,8950.0,8508.25,8896.5,939032
1583384400,8889.0,8899.75,8610.75,8648.75,954104
1583470800,8677.0,8726.5,8310.5,8503.25,1097279
1583726400,8369.0,8375.0,7820.0,7951.5,560913
1583812800,7893.75,8378.75,7814.25,8331.5,982070
1583899200,8317.0,8334.25,7892.75,8003.5,990236
1583985600,7998.75,8108.0,7128.5,7215.25,876291
1584072000,7100.0,7978.0,6942.5,7915.75,584274
1584331200,7903.0,7905.25,6927.0,7057.5,307368
1584417600,7053.0,7552.25,6948.75,7405.25,317501
1584504000,7386.0,7392.25,6830.0,7225.25,156283
1584590400,7251.75,7521.5,6894.25,7293.5,115519
1584676800,7195.0,7649.0,7153.5,7417.97998046875,562616
1584936000,6798.0,7316.25,6628.75,6984.5,633237
1585022400,7005.75,7572.25,7005.75,7554.75,556553
1585108800,7544.75,7761.0,7371.5,7467.75,656698
1585195200,7483.5,7893.5,7310.25,7844.0,567711
1585281600,7882.75,7893.25,7551.25,7568.5,443315
1585540800,7395.75,7884.0,7365.0,7854.75,419576
1585627200,7856.75,7995.0,7747.5,7786.25,424386
1585713600,7772.5,7773.5,7404.25,7438.75,411364
1585800000,7473.5,7656.25,7376.0,7627.25,436829
1585886400,7623.0,7660.25,7423.5,7522.75,351874
1586145600,7535.75,8099.0,7535.5,8029.75,396874
1586232000,8034.25,8303.25,7948.0,8012.0,531043
1586318400,8015.0,8242.0,7953.25,8189.75,424380
1586404800,8195.25,8326.25,8101.75,8227.5,522648
1586750400,8296.0,8338.75,8073.25,8327.25,385072
1586836800,8337.0,8710.0,8319.0,8692.5,431916
1586923200,8706.25,8707.5,8486.5,8594.0,407752
1587009600,8576.0,8842.5,8500.5,8734.25,539163
1587096000,8909.75,8966.75,8689.5,8809.0,509555
1587355200,8799.5,8846.0,8687.0,8692.0,427981
1587441600,8695.0,8763.0,8342.0,8431.75,582449
1587528000,8447.0,8700.0,8400.0,8638.0,373067
1587614400,8636.25,8786.5,8580.5,8598.75,435112
1587700800,8588.25,8780.25,8498.25,8769.0,380231
1587960000,8766.0,8898.0,8730.0,8824.25,355545
1588046400,8819.0,8945.75,8654.5,8719.75,440939
1588132800,8759.25,9118.75,8733.75,9036.5,432414
1588219200,9109.5,9144.75,8856.5,8988.5,462961
1588305600,8847.0,8879.0,8672.0,8718.0,414560
1588564800,8624.0,8828.0,8556.25,8795.5,381914
1588651200,8806.25,9020.0,8798.5,8924.25,367233
1588737600,8928.5,9056.5,8877.75,8952.0,414045
1588824000,8947.5,9126.0,8930.25,9107.75,383884
1588910400,9115.0,9238.0,9103.25,9218.25,362315
1589169600,9194.75,9339.0,9118.5,9279.0,398142
1589256000,9282.0,9345.5,9040.5,9078.25,500539
1589342400,9045.75,9202.75,8878.25,8992.25,703290
1589428800,9012.75,9104.0,8847.0,9079.5,639071
1589515200,9085.5,9148.5,8925.5,9096.5,537250
1589774400,9135.0,9361.5,9110.25,9325.5,398562
1589860800,9316.25,9417.25,9283.75,9300.75,392499
1589947200,9289.75,9498.0,9273.0,9485.5,369922
1590033600,9494.75,9510.75,9352.0,9355.75,429220
1590120000,9360.5,9422.5,9241.5,9406.25,365377
1590465600,9396.25,9604.0,9373.0,9406.5,486546
1590552000,9409.0,9508.0,9172.5,9432.5,560524
1590638400,9436.5,9565.5,9320.5,9460.25,510617
1590724800,9453.5,9590.5,9372.0,9560.25,529700
1590984000,9513.0,9605.75,9450.25,9595.0,345593
1591070400,9590.0,9670.0,9504.75,9647.75,389908
1591156800,9657.5,9728.25,9635.5,9684.75,376694
1591243200,9685.5,9742.5,9572.25,9626.25,462358
1591329600,9643.5,9846.25,9601.75,9808.5,513656
1591588800,9819.0,9901.0,9747.0,9884.75,391647
1591675200,9887.25,10005.25,9811.5,9951.0,437442
1591761600,9960.0,10155.5,9958.5,10087.25,557713
1591848000,10086.25,10107.0,9584.5,9616.75,828944
1591934400,9616.0,9849.25,9494.75,9645.0,508840
1592193600,9536.75,9815.5,9381.75,9800.5,319211
1592280000,9812.5,10013.75,9797.75,9972.5,216305
1592366400,9961.75,10059.0,9927.0,9994.5,100473
1592452800,9995.25,10040.75,9879.5,9995.75,67457
1592539200,9997.25,10123.25,9997.25,10120.83984375,518436
1592798400,9868.0,10134.5,9843.5,10124.75,354768
1592884800,10121.5,10296.25,9972.25,10196.0,406477
1592971200,10183.0,10242.0,9927.25,10010.75,661645
1593057600,10005.25,10107.0,9885.5,10088.25,514249
1593144000,10087.0,10120.5,9824.25,9865.5,576150
1593403200,9785.5,9997.0,9728.75,9973.75,479544
1593489600,9983.0,10171.5,9940.25,10147.25,422348
1593576000,10141.0,10310.0,10076.0,10268.75,402791
1593662400,10258.5,10422.25,10246.5,10355.75,404764
1594008000,10352.0,10614.5,10308.75,10598.5,486369
1594094400,10600.0,10694.5,10505.75,10532.25,465212
1594180800,10526.0,10673.0,10505.25,10662.25,481023
1594267200,10674.25,10774.25,10560.0,10727.5,607385
1594353600,10727.0,10847.5,10625.5,10837.25,527570
1594612800,10848.25,11058.5,10561.5,10600.0,736178
1594699200,10602.0,10693.0,10358.75,10646.25,915009
1594785600,10706.0,10766.5,10551.25,10683.25,719947
1594872000,10693.0,10698.25,10475.5,10511.75,628898
1594958400,10532.25,10669.75,10523.75,10622.5,443143
1595217600,10621.25,10964.5,10546.25,10951.0,496402
1595304000,10952.25,11058.0,10784.75,10851.0,587994
1595390400,10850.75,10916.25,10761.25,10804.25,483851
1595476800,10850.0,10938.5,10514.5,10548.25,644189
1595563200,10565.5,10597.0,10301.0,10459.0,652482
1595822400,10490.0,10684.0,10401.0,10675.25,444802
1595908800,10682.5,10758.5,10514.0,10540.0,445252
1595995200,10558.0,10699.75,10512.25,10674.25,368010
1596081600,10700.0,10897.25,10502.75,10794.0,521157
1596168000,10906.5,10939.0,10691.0,10890.5,631553
1596427200,10933.25,11073.0,10876.25,11044.25,389622
1596513600,11054.0,11094.75,10983.0,11086.0,395698
1596600000,11080.5,11144.0,11055.75,11091.75,348822
1596686400,11094.0,11271.75,11051.25,11261.25,420437
1596772800,11260.5,11283.25,11035.25,11122.75,532554
1597032000,11140.25,11156.5,10928.25,11072.0,485730
1597118400,11072.25,11157.75,10845.5,10878.5,561748
1597204800,10928.5,11185.75,10878.5,11126.0,434240
1597291200,11115.5,11266.0,11094.25,11175.25,413661
1597377600,11180.5,11237.75,11096.0,11133.75,398616
1597636800,11145.0,11300.5,11142.25,11286.75,246403
1597723200,11285.5,11415.25,11268.0,11409.25,326816
1597809600,11414.25,11438.0,11299.0,11332.0,410893
1597896000,11327.0,11496.5,11221.5,11477.25,401137
1597982400,11480.0,11573.5,11407.0,11562.0,414226
1598241600,11581.0,11722.5,11528.25,11636.25,617004
1598328000,11636.0,11742.25,11574.75,11726.25,495891
1598414400,11739.5,12001.5,11726.75,11991.25,578801
1598500800,11984.5,12046.0,11834.75,11952.75,709346
1598587200,11953.25,12018.25,11920.5,11991.75,489066
1598846400,12002.75,12165.0,11988.25,12114.0,480979
1598932800,12109.75,12328.75,12093.0,12312.5,518997
1599019200,12325.5,12465.25,12172.25,12411.5,725395
1599105600,12408.5,12438.75,11658.5,11800.5,931583
1599192000,11745.0,11843.0,11142.0,11548.75,1202274
1599537600,11531.0,11585.0,11040.5,11060.5,1012392
1599624000,11006.0,11478.75,10935.25,11392.75,720954
1599710400,11377.75,11566.75,11088.0,11178.25,885270
1599796800,11187.0,11356.25,10937.5,11061.5,495802
1600056000,11104.0,11362.75,11104.0,11280.5,322360
1600142400,11278.5,11495.5,11247.75,11464.25,224404
1600228800,11467.5,11550.0,11237.5,11268.75,167828
1600315200,11269.5,11302.5,10918.75,11090.0,157390
1600401600,11082.0,11179.25,11037.25,11144.8095703125,800279
1600660800,10920.0,11009.75,10656.5,10989.0,727984
1600747200,10966.25,11191.0,10897.5,11149.5,573572
1600833600,11160.5,11222.0,10786.0,10829.0,656111
1600920000,10803.5,11011.75,10660.25,10891.75,791934
1601006400,10914.25,11166.25,10813.75,11136.5,600725
1601265600,11145.0,11404.0,11140.25,11394.75,568217
1601352000,11388.0,11448.75,11289.5,11337.75,444170
1601438400,11321.0,11526.0,11167.0,11407.25,647968
1601524800,11375.0,11599.25,11375.0,11574.75,580589
1601611200,11566.75,11604.75,11204.5,11233.25,806629
1601870400,11308.5,11497.5,11267.5,11469.25,398444
1601956800,11473.0,11524.5,11197.5,11273.75,612278
1602043200,11220.5,11506.5,11208.0,11470.0,443046
1602129600,11473.25,11578.75,11469.75,11539.0,403379
1602216000,11562.0,11739.0,11552.5,11724.75,408445
1602475200,11722.75,12197.0,11687.75,12098.25,756438
1602561600,12100.0,12249.0,12019.0,12094.0,754735
1602648000,12079.75,12178.0,11901.75,11974.25,597198
1602734400,11950.0,11983.25,11736.5,11874.0,595926
1602820800,11891.0,12022.0,11792.0,11798.0,527026
1603080000,11816.75,11950.5,11591.25,11650.25,623203
1603166400,11697.5,11792.0,11598.5,11660.75,622702
1603252800,11675.25,11779.25,11585.0,11691.25,599851
1603339200,11683.5,11724.0,11511.0,11649.75,583669
1603425600,11669.25,11691.75,11551.0,11663.5,501243
1603684800,11634.0,11695.5,11343.25,11492.25,674142
1603771200,11499.5,11623.0,11478.25,11588.0,551642
1603857600,11558.5,11566.75,11123.75,11132.75,749420
1603944000,11180.5,11457.75,11145.0,11342.75,606325
1604030400,11213.25,11281.25,10944.5,11046.25,801978
1604293200,11034.5,11212.0,10942.25,11063.25,602651
1604379600,11074.75,11347.0,11064.5,11265.75,509496
1604466000,11264.0,11843.75,11230.25,11763.0,842617
1604552400,11830.0,12119.5,11771.25,12076.5,578443
1604638800,12088.5,12109.0,11868.25,12075.0,552483
1604898000,12139.25,12408.75,11812.25,11820.5,731881
1604984400,11863.5,11901.5,11503.25,11618.25,834533
1605070800,11632.25,11917.75,11575.25,11886.0,546218
1605157200,11898.5,11975.75,11775.75,11820.0,554930
1605243600,11857.0,11952.75,11801.75,11933.5,445512
1605502800,11957.25,12065.0,11851.75,12005.0,471101
1605589200,12061.25,12096.25,11953.75,11975.0,401505
1605675600,11972.0,12027.5,11861.5,11897.0,475826
1605762000,11876.0,12000.0,11804.5,11987.25,421691
1605848400,11960.0,12021.0,11873.5,11905.75,358180
1606107600,11894.0,12001.75,11808.25,11905.25,425777
1606194000,11909.75,12104.5,11872.75,12076.0,401635
1606280400,12098.5,12177.75,12077.5,12152.25,386232
1606487400,12168.25,12307.5,12127.0,12257.5,296828
1606712400,12286.5,12337.25,12086.0,12277.0,493064
1606798800,12336.0,12512.25,12312.0,12452.25,464023
1606885200,12456.25,12473.5,12312.5,12454.25,400405
1606971600,12472.0,12540.25,12444.0,12462.25,376884
1607058000,12487.0,12535.75,12448.5,12526.0,321796
1607317200,12525.0,12612.25,12474.75,12596.0,323774
1607403600,12574.0,12652.5,12502.0,12637.5,365422
1607490000,12657.25,12675.0,12306.75,12367.0,635769
1607576400,12342.75,12449.0,12218.25,12402.0,529843
1607662800,12391.0,12414.25,12234.25,12368.0,361860
1607922000,12405.5,12545.0,12386.5,12456.5,296143
1608008400,12460.5,12604.75,12417.0,12591.75,223263
1608094800,12599.5,12699.75,12567.75,12665.25,153920
1608181200,12677.0,12766.25,12667.5,12751.0,84472
1608267600,12744.25,12823.0,12708.0,12800.0595703125,460979
1608526800,12760.0,12782.5,12461.0,12683.5,606583
1608613200,12698.25,12760.0,12593.5,12710.0,457270
1608699600,12704.75,12738.75,12623.5,12651.25,358011
1608820200,12660.75,12724.0,12631.5,12704.5,173464
1609131600,12676.25,12855.5,12655.25,12832.75,346691
1609218000,12845.25,12918.25,12808.25,12841.0,393995
1609304400,12860.75,12909.75,12820.5,12841.5,334304
1609390800,12840.0,12896.0,12796.5,12885.5,280573
1609736400,12889.0,12959.75,12522.5,12685.5,650472
1609822800,12682.75,12809.0,12612.0,12793.5,483173
1609909200,12800.25,12844.25,12491.25,12616.75,755618
1609995600,12658.5,12959.0,12646.5,12928.0,435939
1610082000,12927.0,13125.0,12919.0,13097.25,508107
1610341200,13093.25,13105.25,12871.75,12897.0,454751
1610427600,12910.75,12959.0,12767.25,12890.25,461733
1610514000,12882.5,13003.0,12820.75,12972.25,416295
1610600400,12975.5,13028.75,12881.0,12901.0,417583
1610686800,12909.0,12931.25,12743.5,12802.25,539769
1611032400,12774.25,13032.75,12727.0,12985.5,481603
1611118800,13030.0,13327.0,13017.0,13294.25,438765
1611205200,13288.5,13423.5,13283.25,13395.5,421922
1611291600,13394.0,13402.25,13300.25,13361.5,407706
1611550800,13370.0,13554.5,13189.0,13475.5,663844
1611637200,13459.75,13599.75,13380.25,13485.5,502390
1611723600,13551.0,13586.5,12884.75,13105.5,786471
1611810000,13052.5,13394.0,12906.25,13186.0,623570
1611896400,13156.0,13188.0,12829.0,12911.25,738848
1612155600,12849.0,13271.5,12727.25,13236.5,549549
1612242000,13232.5,13509.75,13230.5,13449.0,491671
1612328400,13506.0,13584.5,13386.75,13394.25,499098
1612414800,13429.5,13568.75,13345.25,13547.5,408023
1612501200,13560.0,13638.5,13519.5,13598.0,431935
1612760400,13623.75,13693.0,13596.0,13683.0,393927
1612846800,13683.5,13735.25,13634.0,13680.25,367116
1612933200,13698.0,13769.25,13516.75,13643.5,552643
1613019600,13662.0,13743.75,13612.5,13729.0,495131
1613106000,13711.25,13820.75,13646.0,13804.75,392927
1613451600,13829.5,13900.5,13716.0,13767.75,604657
1613538000,13758.25,13785.0,13543.0,13699.75,583565
1613624400,13699.5,13723.25,13468.0,13633.0,574576
1613710800,13638.25,13729.0,13534.75,13576.0,535194
1613970000,13585.0,13629.0,13215.0,13224.25,648527
1614056400,13227.0,13335.75,12757.25,13192.0,873273
1614142800,13170.75,13334.0,12958.0,13302.0,673353
1614229200,13304.75,13353.75,12764.0,12831.75,894521
1614315600,12802.5,13089.5,12662.25,12911.0,841911
1614574800,12957.5,13318.0,12946.25,13279.75,513852
1614661200,13312.25,13328.25,13048.25,13055.25,563138
1614747600,13061.25,13192.0,12663.25,12681.75,756448
1614834000,12682.0,12797.0,12306.5,12455.0,1049493
1614920400,12435.0,12697.75,12207.25,12663.75,1016317
1615179600,12715.0,12761.25,12281.75,12297.25,749028
1615266000,12345.75,12867.5,12326.0,12788.75,644022
1615352400,12812.0,12993.25,12703.0,12749.25,715961
1615438800,12795.25,13119.25,12724.25,13048.25,526139
1615525200,13055.0,13095.0,12768.25,12933.5,476352
1615780800,12950.0,13099.0,12872.0,13078.5,297629
1615867200,13084.75,13298.0,13056.5,13151.5,240942
1615953600,13174.75,13283.25,12946.5,13201.5,202697
1616040000,13200.5,13279.0,12777.5,12795.5,121108
1616126400,12818.25,12919.0,12732.75,12808.759765625,641117
1616385600,12807.0,13157.0,12788.5,13071.75,478667
1616472000,13069.0,13172.0,12979.0,13006.25,604250
1616558400,13050.25,13145.25,12784.0,12794.0,626538
1616644800,12803.0,12859.5,12609.75,12770.5,745797
1616731200,12799.75,12988.5,12676.25,12966.75,622214
1616990400,12975.75,13003.0,12807.5,12944.5,574193
1617076800,12975.0,12984.0,12776.5,12878.25,516408
1617163200,12894.75,13158.0,12858.25,13089.75,478398
1617249600,13094.5,13332.5,13090.25,13316.0,436489
1617595200,13339.0,13615.0,13304.25,13585.5,356725
1617681600,13603.75,13655.0,13524.25,13570.0,457218
1617768000,13580.5,13641.0,13512.5,13604.75,434828
1617854400,13620.75,13789.75,13615.5,13747.75,435060
1617940800,13786.5,13841.75,13648.25,13829.5,494768
1618200000,13817.75,13832.25,13732.0,13808.75,453968
1618286400,13825.0,13994.0,13772.75,13975.75,485938
1618372800,13977.75,14029.0,13772.75,13798.75,662204
1618459200,13827.0,14034.25,13789.25,14014.0,524814
1618545600,14002.0,14059.5,13952.75,14029.5,500612
1618804800,13989.0,14052.25,13821.0,13897.25,613719
1618891200,13900.0,13933.75,13719.25,13794.25,606019
1618977600,13740.0,13926.5,13700.5,13919.25,510093
1619064000,13896.5,13944.75,13701.75,13750.25,623942
1619150400,13757.0,13981.0,13737.0,13927.0,450885
1619409600,13919.75,14039.25,13865.5,14011.5,403664
1619496000,14024.75,14050.0,13912.5,13953.0,412801
1619582400,13955.5,13993.5,13878.0,13892.25,501596
1619668800,13973.5,14064.0,13818.5,13953.5,595555
1619755200,13948.25,13956.75,13819.75,13850.0,555237
1620014400,13880.25,13947.5,13772.0,13790.0,473913
1620100800,13785.0,13792.5,13380.75,13536.0,667316
1620187200,13525.75,13665.5,13462.75,13491.0,520694
1620273600,13484.0,13611.5,13388.75,13597.75,567452
1620360000,13614.5,13818.0,13588.25,13709.75,550632
1620619200,13718.0,13752.0,13305.5,13356.75,603725
1620705600,13316.5,13375.75,13065.25,13346.0,787639
1620792000,13321.25,13351.75,12959.75,12998.5,760916
1620878400,12968.75,13223.75,12915.0,13100.25,727348
1620964800,13095.0,13426.25,13071.0,13387.0,468758
1621224000,13380.25,13448.5,13182.75,13303.5,488299
1621310400,13308.5,13432.25,13178.5,13212.0,442088
1621396800,13182.0,13243.0,12954.25,13233.5,669351
1621483200,13220.5,13522.75,13150.75,13486.5,465782
1621569600,13492.5,13570.0,13395.75,13405.0,457735
1621828800,13383.25,13686.0,13356.5,13635.25,368611
1621915200,13656.5,13738.75,13606.75,13656.25,436157
1622001600,13670.25,13728.5,13656.0,13700.25,343069
1622088000,13702.5,13720.75,13620.25,13665.5,388603
1622174400,13694.75,13763.5,13662.75,13686.5,366218
1622520000,13699.0,13773.0,13592.25,13648.75,448000
1622606400,13653.25,13712.75,13603.25,13673.75,371449
1622692800,13679.5,13707.75,13462.25,13529.25,552987
1622779200,13531.75,13783.75,13467.75,13766.75,446994
1623038400,13773.25,13824.0,13691.5,13804.25,397545
1623124800,13823.0,13917.25,13741.75,13811.5,482546
1623211200,13813.0,13904.25,13803.5,13814.25,376893
1623297600,13817.0,13976.5,13726.0,13959.75,492336
1623384000,13975.5,13997.75,13932.25,13994.25,257733
1623643200,13999.0,14133.5,13965.25,14124.75,229733
1623729600,14119.5,14163.0,14009.25,14030.25,178164
1623816000,14046.75,14103.75,13840.0,13981.25,124322
1623902400,13948.5,14217.75,13850.25,14165.5,113875
1623988800,14183.75,14214.25,14063.5,14107.4296875,575363
1624248000,14022.75,14144.0,13958.5,14130.0,503663
1624334400,14136.75,14279.25,14066.5,14258.25,420968
1624420800,14274.0,14315.75,14231.75,14263.0,366489
1624507200,14275.25,14422.0,14270.0,14354.25,409864
1624593600,14365.75,14394.25,14313.25,14339.0,379758
1624852800,14350.0,14519.75,14333.25,14512.5,376860
1624939200,14504.5,14584.75,14468.75,14563.0,360169
1625025600,14584.75,14598.5,14518.25,14549.0,384458
1625112000,14558.5,14606.25,14471.0,14548.5,436419
1625198400,14543.75,14729.0,14513.25,14713.75,392168
1625544000,14704.25,14790.0,14625.25,14775.5,557682
1625630400,14764.5,14883.75,14726.25,14802.25,471450
1625716800,14812.0,14822.0,14540.5,14712.25,631207
1625803200,14710.25,14832.0,14640.75,14810.5,424770
1626062400,14824.0,14888.5,14785.0,14869.25,362608
1626148800,14880.0,14994.75,14794.5,14865.0,506392
1626235200,14869.75,14996.0,14841.25,14891.75,499191
1626321600,14895.0,14962.75,14708.25,14787.5,634785
1626408000,14778.5,14869.5,14656.0,14670.5,539012
1626667200,14675.0,14682.5,14445.0,14540.75,720291
1626753600,14593.75,14782.5,14516.75,14722.75,529359
1626840000,14729.75,14839.5,14668.25,14827.75,404345
1626926400,14836.75,14982.75,14826.75,14928.5,425426
1627012800,14979.5,15117.25,14934.25,15098.0,449261
1627272000,15098.0,15134.0,15038.75,15117.75,391517
1627358400,15125.25,15131.5,14774.25,14947.75,671793
1627444800,14875.75,15074.5,14866.0,15011.5,577186
1627531200,14984.75,15084.0,14905.0,15037.75,412593
1627617600,14905.25,14980.0,14811.25,14955.75,505630
1627876800,14972.75,15056.25,14932.25,14952.75,446142
1627963200,14962.25,15050.0,14849.0,15046.25,520377
1628049600,15038.0,15108.0,14997.0,15073.5,445703
1628136000,15081.75,15172.5,15069.25,15167.75,341554
1628222400,15167.75,15169.75,15047.25,15095.5,425074
1628481600,15090.25,15145.5,15003.25,15125.25,361388
1628568000,15128.75,15157.25,14994.5,15044.5,475298
1628654400,15045.0,15119.0,14963.0,15019.5,479700
1628740800,15008.5,15090.5,14941.25,15078.5,384239
1628827200,15079.75,15141.75,15055.25,15125.75,364520
1629086400,15119.25,15139.0,14917.25,15134.0,590789
1629172800,15131.5,15133.75,14897.0,14997.5,687897
1629259200,14970.25,15037.25,14806.5,14849.25,568846
1629345600,14840.0,14999.0,14710.5,14928.0,734184
1629432000,14943.25,15100.0,14851.0,15086.75,504460
1629691200,15090.0,15337.5,15086.5,15304.5,412591
1629777600,15327.0,15384.0,15309.5,15355.5,365577
1629864000,15362.25,15397.0,15333.0,15364.25,405227
1629950400,15367.25,15368.25,15255.25,15274.75,564382
1630036800,15286.0,15443.75,15265.5,15426.5,441045
1630296000,15432.75,15617.75,15420.0,15597.5,417563
1630382400,15605.5,15677.25,15517.75,15582.5,521129
1630468800,15599.5,15699.0,15578.5,15609.25,465488
1630555200,15610.0,15682.0,15551.75,15601.0,463636
1630641600,15601.0,15677.5,15552.25,15651.5,462870
1630987200,15656.0,15708.75,15606.75,15674.75,542055
1631073600,15671.0,15691.0,15523.75,15620.0,559402
1631160000,15610.0,15675.75,15545.75,15558.75,531288
1631246400,15561.0,15668.0,15433.5,15441.5,402816
1631505600,15452.5,15565.0,15350.25,15436.75,363283
1631592000,15452.25,15530.75,15351.25,15387.0,237816
1631678400,15395.5,15521.75,15315.25,15504.0,156770
1631764800,15516.5,15542.0,15369.5,15517.75,105428
1631851200,15502.75,15547.0,15474.0,15486.669921875,641864
1632110400,15284.0,15338.25,14807.5,15009.5,845911
1632196800,14992.0,15163.25,14963.25,15024.0,659780
1632283200,14992.75,15227.0,14930.5,15163.5,601005
1632369600,15178.25,15347.0,15175.25,15303.5,514535
1632456000,15300.25,15334.25,15176.75,15318.75,470511
1632715200,15319.0,15399.25,15084.0,15194.75,543381
1632801600,15172.25,15192.25,14740.75,14764.75,836785
1632888000,14769.25,14926.0,14711.0,14739.75,649554
1632974400,14769.75,14883.5,14670.25,14682.5,699372
1633060800,14702.25,14818.0,14537.0,14761.75,663413
1633320000,14785.0,14835.0,14367.75,14462.25,802849
1633406400,14493.75,14754.75,14410.5,14655.25,574640
1633492800,14662.0,14770.0,14422.5,14759.0,756883
1633579200,14768.0,15001.25,14767.0,14881.25,492756
1633665600,14891.25,14996.0,14790.75,14808.25,550607
1633924800,14810.25,14897.25,14677.0,14700.5,510490
1634011200,14688.5,14783.25,14585.5,14653.25,599367
1634097600,14594.0,14795.75,14591.0,14764.25,556059
1634184000,14770.25,15071.5,14767.5,15037.25,425055
1634270400,15063.75,15145.0,15020.75,15134.5,442893
1634529600,15145.0,15297.25,15038.75,15290.5,423424
1634616000,15289.75,15428.25,15269.0,15398.5,384792
1634702400,15411.0,15446.5,15319.0,15377.5,451735
1634788800,15357.5,15483.75,15301.0,15478.75,436644
1634875200,15383.0,15463.5,15273.75,15341.0,545390
1635134400,15324.25,15546.0,15295.75,15495.75,456009
1635220800,15543.0,15701.0,15503.0,15545.0,586099
1635307200,15532.25,15717.5,15507.25,15587.25,534474
1635393600,15595.0,15777.0,15591.75,15764.75,498210
1635480000,15679.75,15864.75,15595.5,15838.5,484693
1635739200,15885.25,15914.75,15768.5,15894.25,411507
1635825600,15891.0,15980.25,15849.5,15961.25,418550
1635912000,15957.75,16145.75,15935.25,16129.75,448135
1635998400,16129.5,16376.0,16129.5,16330.75,524361
1636084800,16335.0,16448.5,16292.0,16351.75,525824
1636347600,16293.0,16394.0,16256.0,16327.75,414326
1636434000,16315.5,16391.75,16160.0,16212.75,560749
1636520400,16201.25,16243.0,15896.5,15980.5,658266
1636606800,15989.0,16114.0,15976.0,16022.75,434778
1636693200,16043.75,16213.25,16001.75,16192.75,422493
1636952400,16212.25,16276.5,16082.25,16187.75,483873
1637038800,16198.5,16323.75,16142.0,16300.75,424380
1637125200,16297.75,16396.5,16270.0,16311.5,455992
1637211600,16322.5,16508.0,16303.5,16481.25,602241
1637298000,16503.25,16628.5,16490.25,16575.0,549031
1637557200,16600.25,16767.5,16364.5,16382.0,770668
1637643600,16399.0,16418.75,16118.5,16312.0,901449
1637730000,16300.25,16368.5,16102.0,16366.0,656267
1637937000,16360.0,16436.0,15988.0,16051.0,680753
1638162000,16046.5,16437.75,16038.0,16390.75,597936
1638248400,16419.0,16456.25,16068.75,16150.5,854651
1638334800,16238.75,16427.5,15825.25,15869.75,861888
1638421200,15891.75,16066.25,15762.75,15988.5,853707
1638507600,16020.0,16121.75,15538.0,15717.75,898849
1638766800,15716.25,15897.25,15559.25,15842.75,695515
1638853200,15848.75,16374.5,15824.5,16318.0,594627
1638939600,16360.5,16436.75,16251.5,16392.25,494849
1639026000,16380.5,16420.0,16120.25,16148.75,612576
1639112400,16158.5,16335.75,16133.75,16329.75,395288
1639371600,16321.75,16411.25,16064.25,16082.0,286177
1639458000,16085.0,16133.75,15738.5,15924.75,274758
1639544400,15928.5,16302.5,15744.5,16288.0,161710
1639630800,16288.5,16459.25,15800.25,15870.5,143255
1639717200,15873.0,15902.0,15668.0,15717.3203125,800579
1639976400,15809.5,15851.75,15492.0,15621.25,676197
1640062800,15674.25,15987.25,15605.0,15980.0,530228
1640149200,15979.0,16183.0,15881.5,16169.75,476670
1640235600,16180.0,16356.0,16145.25,16299.0,349182
1640581200,16304.25,16580.75,16304.25,16560.0,351308
1640667600,16565.75,16659.5,16452.25,16488.0,454633
1640754000,16513.5,16564.25,16387.5,16490.5,354985
1640840400,16484.5,16567.5,16411.25,16430.25,304259
1640926800,16431.0,16464.0,16313.75,16320.75,363720
1641186000,16356.0,16508.0,16292.0,16485.5,513549
1641272400,16497.75,16564.0,16139.5,16275.75,669527
1641358800,16265.0,16269.0,15752.75,15766.5,769790
1641445200,15763.75,15895.75,15598.5,15759.0,802950
1641531600,15801.75,15852.75,15510.0,15581.0,704406
1641790800,15590.0,15669.0,15152.5,15608.0,888780
1641877200,15622.25,15839.5,15475.0,15831.0,709363
1641963600,15826.0,16009.25,15762.5,15887.25,671265
1642050000,15901.0,15979.75,15458.25,15490.25,763018
1642136400,15505.0,15621.0,15312.5,15595.75,795897
1642482000,15616.75,15653.25,15170.75,15206.0,868066
1642568400,15238.75,15372.0,15011.25,15033.5,776612
1642654800,15042.25,15340.25,14646.75,14841.0,771410
1642741200,14722.0,14858.5,14408.5,14426.5,1041723
1643000400,14410.0,14582.0,13706.0,14501.0,1323080
1643086800,14495.0,14499.0,13890.0,14140.75,957800
1643173200,13945.5,14639.75,13945.5,14158.5,908549
1643259600,14194.0,14409.25,13844.5,13986.75,866647
1643346000,14167.75,14442.0,13831.0,14433.0,878243
1643605200,14454.0,14914.75,14353.25,14905.0,654278
1643691600,14868.75,15137.0,14729.25,14994.75,597305
1643778000,15129.0,15260.0,14825.0,15114.5,645396
1643864400,14852.5,14870.0,14456.25,14492.25,731581
1643950800,14770.0,14825.75,14362.75,14685.5,763735
1644210000,14682.5,14806.25,14511.5,14559.75,562312
1644296400,14600.0,14776.0,14467.5,14734.5,611858
1644382800,14746.25,15068.0,14741.0,15038.25,529886
1644469200,15062.25,15062.25,14622.0,14701.0,834478
1644555600,14698.25,14766.75,14181.0,14240.5,835981
1644814800,14250.0,14394.0,14031.0,14253.0,734224
1644901200,14257.0,14614.75,14223.25,14609.5,558472
1644987600,14588.0,14668.5,14381.0,14600.0,594304
1645074000,14592.25,14619.5,14131.5,14164.75,631084
1645160400,14156.25,14299.0,13906.25,13996.0,760914
1645506000,13952.75,14157.5,13580.25,13862.75,1114720
1645592400,13928.25,14068.75,13471.25,13507.5,713187
1645678800,13484.25,13983.25,13025.75,13966.5,1122732
1645765200,13909.5,14196.25,13760.25,14180.5,784997
1646024400,13900.25,14292.25,13683.0,14228.0,753711
1646110800,14219.25,14327.75,13900.0,14005.5,645171
1646197200,14026.25,14290.0,13911.5,14239.25,629022
1646283600,14196.5,14391.0,13955.0,14030.5,596925
1646370000,14069.25,14086.5,13733.75,13839.75,725774
1646629200,13763.5,13879.75,13265.0,13320.75,717846
1646715600,13283.0,13666.0,13103.25,13267.0,841407
1646802000,13192.25,13821.75,13189.75,13734.75,650826
1646888400,13778.0,13778.0,13396.25,13586.0,611077
1646974800,13577.25,13860.75,13281.75,13292.0,439890
1647230400,13362.0,13447.5,13015.5,13045.5,402608
1647316800,13082.0,13489.0,12944.0,13451.75,284955
1647403200,13451.75,14029.25,13420.5,13953.0,274498
1647489600,13999.0,14136.25,13822.75,14111.75,125160
1647576000,14060.0,14095.3095703125,13970.5,14095.3095703125,558776
1647835200,14404.0,14466.75,14183.75,14370.5,589629
1647921600,14390.0,14690.75,14293.5,14654.0,509918
1648008000,14654.0,14682.25,14441.0,14447.0,555130
1648094400,14462.75,14769.75,14433.5,14763.75,512267
1648180800,14765.0,14840.5,14572.5,14755.75,553931
1648440000,14756.0,14997.0,14658.75,14985.25,532125
1648526400,14981.0,15268.75,14956.5,15237.75,552951
1648612800,15222.0,15262.25,15012.25,15071.5,513516
1648699200,15100.5,15180.75,14855.5,14868.75,560785
1648785600,14918.75,14960.0,14725.0,14863.75,539029
1649044800,14846.0,15174.5,14801.0,15164.25,460171
1649131200,15155.5,15198.0,14780.25,14828.0,563198
1649217600,14861.0,14861.25,14394.75,14505.25,783213
1649304000,14496.25,14633.75,14317.0,14536.0,645737
1649390400,14536.25,14642.25,14310.5,14327.0,640156
1649649600,14345.0,14382.0,13984.75,14000.0,577477
1649736000,14006.25,14284.25,13881.25,13945.0,704351
1649822400,13952.75,14266.5,13921.0,14221.5,530164
1649908800,14211.5,14296.25,13876.5,13893.75,548400
1650254400,13892.0,14002.5,13729.5,13907.75,492103
1650340800,13962.75,14242.0,13828.0,14217.25,556357
1650427200,14104.75,14298.0,13956.5,14004.75,604344
1650513600,14070.0,14283.0,13667.5,13728.25,685788
1650600000,13720.0,13781.0,13297.0,13353.5,732255
1650859200,13334.25,13549.75,13184.0,13535.75,749649
1650945600,13523.5,13583.75,12801.5,13016.0,755330
1651032000,12881.0,13255.25,12878.25,13009.0,817196
1651118400,13191.0,13542.0,13033.0,13454.75,756360
1651204800,13219.5,13433.0,12831.75,12852.0,723386
1651464000,12892.25,13084.5,12709.75,13073.0,763818
1651550400,13051.75,13183.75,12968.5,13087.5,662216
1651636800,13121.0,13555.25,12883.0,13531.25,703191
1651723200,13500.25,13548.0,12705.25,12858.0,877795
1651809600,12883.25,12928.75,12519.0,12695.75,852234
1652068800,12605.0,12637.25,12135.25,12193.75,816033
1652155200,12206.0,12547.0,12102.25,12349.0,853859
1652241600,12328.75,12553.25,11938.5,11969.75,865890
1652328000,12004.5,12132.75,11689.0,11947.25,878238
1652414400,11891.5,12432.0,11891.5,12382.75,663517
1652673600,12409.0,12498.75,12190.25,12244.75,623715
1652760000,12235.5,12578.0,12234.0,12560.25,653222
1652846400,12572.0,12594.0,11862.75,11935.5,735386
1652932800,11907.0,12076.75,11704.0,11878.25,827741
1653019200,11898.0,12096.75,11491.25,11840.75,806781
1653278400,11866.0,12075.5,11783.75,12035.25,660213
1653364800,11915.0,11918.0,11576.25,11771.0,717429
1653451200,11808.0,12036.0,11672.0,11942.25,671096
1653537600,11887.5,12343.0,11848.25,12279.25,611884
1653624000,12250.0,12720.25,12222.0,12677.75,615992
1653969600,12705.25,12883.0,12480.0,12646.5,832388
1654056000,12662.5,12823.5,12454.75,12551.0,682211
1654142400,12549.75,12903.75,12442.5,12893.75,620008
1654228800,12896.0,12945.25,12503.0,12551.0,652955
1654488000,12549.75,12810.0,12527.0,12605.0,536936
1654574400,12605.25,12740.25,12412.5,12711.5,577970
1654660800,12680.5,12783.0,12579.25,12615.75,583652
1654747200,12625.0,12726.0,12255.25,12275.0,690155
1654833600,12301.5,12338.75,11823.0,11840.0,617395
1655092800,11768.0,11772.5,11254.5,11296.5,530220
1655179200,11334.25,11505.5,11205.0,11314.25,378134
1655265600,11329.75,11759.25,11327.75,11593.75,265812
1655352000,11608.5,11737.75,11036.75,11124.75,146538
1655438400,11178.5,11290.0,11130.25,11130.3896484375,731831
1655784000,11332.5,11678.25,11273.75,11577.25,657209
1655870400,11579.75,11745.75,11320.5,11565.75,638960
1655956800,11542.75,11766.75,11460.5,11737.5,630125
1656043200,11687.75,12148.5,11684.75,12140.5,563303
1656302400,12137.5,12262.0,11994.25,12040.5,565803
1656388800,12076.25,12174.25,11661.5,11674.25,634694
1656475200,11680.5,11749.0,11564.5,11691.0,590173
1656561600,11691.5,11696.75,11351.0,11529.5,738071
1656648000,11507.5,11629.75,11381.75,11611.25,605401
1656993600,11606.0,11815.75,11389.25,11808.5,790937
1657080000,11820.25,11974.25,11727.75,11880.25,649912
1657166400,11901.25,12168.5,11836.5,12138.5,550463
1657252800,12115.0,12211.0,11952.5,12152.0,640445
1657512000,12149.75,12149.75,11853.0,11884.25,578336
1657598400,11900.5,12025.5,11712.0,11779.0,607949
1657684800,11780.0,11970.0,11479.25,11762.25,732270
1657771200,11729.5,11835.0,11511.25,11797.5,654560
1657857600,11810.5,12021.5,11740.25,12007.5,560980
1658116800,12043.5,12186.5,11857.0,11907.0,553676
1658203200,11909.5,12328.5,11889.5,12274.0,585591
1658289600,12330.5,12517.5,12235.75,12465.25,643607
1658376000,12440.0,12655.25,12373.5,12640.0,605066
1658462400,12559.25,12698.5,12343.75,12423.5,634548
1658721600,12444.5,12498.5,12266.5,12354.5,491612
1658808000,12311.25,12334.0,12072.0,12112.5,536287
1658894400,12192.0,12690.0,12191.75,12619.0,634889
1658980800,12580.0,12948.0,12449.0,12737.5,645261
1659067200,12920.25,13012.0,12744.25,12971.5,592416
1659326400,12981.0,13108.75,12851.75,12962.5,622511
1659412800,12974.25,13097.0,12814.75,12924.5,674564
1659499200,12921.0,13310.25,12867.25,13271.5,690056
1659585600,13247.0,13356.0,13184.75,13327.0,542680
1659672000,13327.25,13384.5,13085.0,13228.75,687792
1659931200,13227.75,13419.25,13120.5,13183.25,597182
1660017600,13206.25,13233.75,12963.25,13031.5,553704
1660104000,13050.0,13408.0,12982.0,13392.0,602069
1660190400,13380.5,13575.0,13285.0,13311.25,614816
1660276800,13344.25,13583.25,13312.0,13577.75,500647
1660536000,13571.5,13706.0,13495.25,13681.25,463768
1660622400,13674.75,13740.75,13522.75,13658.25,555979
1660708800,13658.0,13672.0,13406.25,13493.25,610667
1660795200,13503.0,13575.5,13410.75,13523.25,530513
1660881600,13534.25,13534.5,13228.75,13268.5,618758
1661140800,13226.5,13226.5,12874.5,12909.75,599946
1661227200,12933.75,13018.5,12823.5,12896.5,570278
1661313600,12892.0,13011.25,12825.75,12929.75,503227
1661400000,12944.0,13161.5,12925.0,13156.0,543666
1661486400,13153.75,13220.0,12557.5,12620.5,753862
1661745600,12485.0,12610.25,12401.5,12492.75,693093
1661832000,12503.5,12658.25,12247.5,12358.75,797462
1661918400,12366.0,12513.0,12276.25,12285.25,672068
1662004800,12284.75,12299.5,12017.75,12292.25,820606
1662091200,12297.75,12461.5,12040.25,12104.25,835870
1662436800,12110.5,12244.5,11930.0,12019.0,895450
1662523200,12019.75,12306.25,11921.5,12263.25,677159
1662609600,12267.75,12379.5,12115.75,12321.75,737024
1662696000,12345.25,12613.75,12329.5,12592.5,535984
1662955200,12626.0,12773.75,12573.25,12740.75,444255
1663041600,12769.5,12889.0,12003.25,12036.5,463841
1663128000,12050.25,12173.0,12001.75,12142.0,270232
1663214400,12159.0,12187.75,11866.5,11934.75,169928
1663300800,11880.0,11880.0,11750.5,11814.580078125,754923
1663560000,11920.0,12066.25,11792.25,12024.0,632663
1663646400,12045.75,12092.5,11828.25,11922.25,704882
1663732800,11946.0,12140.5,11647.5,11710.0,822965
1663819200,11661.25,11796.0,11510.0,11565.5,786180
1663905600,11583.75,11600.25,11229.0,11376.75,799378
1664164800,11362.5,11537.75,11256.5,11316.25,809853
1664251200,11315.5,11568.25,11233.5,11333.75,841073
1664337600,11361.0,11613.5,11141.5,11555.75,897742
1664424000,11544.0,11567.25,11091.5,11228.25,891823
1664510400,11220.0,11357.25,11024.25,11035.5,878168
1664769600,11030.0,11358.25,10890.75,11285.75,757581
1664856000,11314.5,11675.0,11281.5,11640.75,772885
1664942400,11630.25,11711.0,11366.5,11623.75,700889
1665028800,11628.0,11729.75,11505.25,11541.75,773914
1665115200,11494.5,11564.5,11043.25,11101.5,759141
1665374400,11067.75,11136.5,10876.75,10984.5,757732
1665460800,10987.0,11039.5,10767.25,10845.0,833906
1665547200,10875.0,10976.75,10805.5,10840.5,731214
1665633600,10859.0,11142.75,10484.75,11083.75,1050244
1665720000,11064.75,11253.5,10726.75,10744.0,843525
1665979200,10720.0,11146.25,10713.0,11110.25,638720
1666065600,11161.25,11431.75,11081.5,11198.75,832215
1666152000,11320.25,11382.75,11049.0,11153.25,733776
1666238400,11134.0,11328.75,11008.0,11090.75,739672
1666324800,11061.25,11386.25,10935.5,11358.5,840952
1666584000,11393.75,11530.25,11207.75,11478.75,715016
1666670400,11453.75,11734.0,11430.25,11713.5,660210
1666756800,11510.0,11703.5,11415.0,11446.0,784638
1666843200,11417.75,11537.5,10921.5,11235.25,769071
1666929600,11122.75,11626.0,11062.0,11587.0,728261
1667188800,11592.5,11595.0,11367.25,11447.25,607680
1667275200,11455.0,11619.0,11288.75,11332.0,605362
1667361600,11320.25,11460.0,10909.0,10944.5,770983
1667448000,10938.0,10996.0,10708.0,10728.0,705050
1667534400,10712.0,10974.25,10636.0,10890.25,881129
1667797200,10786.5,11038.5,10751.0,11014.25,554692
1667883600,11016.0,11231.25,10928.75,11094.25,728868
1667970000,11089.25,11164.25,10822.25,10830.75,669071
1668056400,10841.0,11677.0,10808.0,11632.25,862147
1668142800,11669.75,11876.75,11569.25,11848.0,682257
1668402000,11791.0,11898.5,11702.0,11734.75,576678
1668488400,11768.5,12118.75,11761.75,11904.25,771822
1668574800,11882.0,11963.0,11706.5,11739.5,577864
1668661200,11777.75,11827.5,11528.25,11710.5,658469
1668747600,11747.75,11843.0,11607.0,11708.0,585873
1669006800,11723.0,11756.0,11553.0,11588.0,477970
1669093200,11588.0,11759.25,11526.5,11754.5,531087
1669179600,11741.5,11892.75,11720.0,11862.75,474645
1669386600,11878.0,11933.0,11766.25,11782.75,252366
1669611600,11731.25,11788.5,11575.25,11616.25,506250
1669698000,11625.0,11704.5,11465.0,11524.75,555859
1669784400,11520.0,12078.5,11497.75,12042.25,769082
1669870800,12079.25,12145.0,11943.25,12062.75,629297
1669957200,12039.75,12067.75,11740.5,12010.25,588295
1670216400,12000.5,12015.75,11745.5,11805.75,537924
1670302800,11812.0,11846.25,11502.0,11566.0,657271
1670389200,11566.0,11596.25,11422.5,11509.5,634691
1670475600,11500.0,11685.75,11433.0,11645.5,600826
1670562000,11641.5,11748.0,11517.0,11569.75,504052
1670821200,11553.0,11716.0,11522.75,11711.75,354886
1670907600,11691.25,12229.5,11680.5,11839.75,407612
1670994000,11839.0,11948.5,11613.75,11750.75,197122
1671080400,11758.75,11779.5,11298.25,11347.25,182838
1671166800,11340.25,11381.25,11206.5,11327.0400390625,665526
1671426000,11328.75,11411.0,11131.75,11193.25,562529
1671512400,11182.5,11247.0,11043.5,11175.75,625090
1671598800,11206.5,11389.75,11181.0,11334.5,631322
1671685200,11357.0,11384.75,10870.5,11054.25,714500
1671771600,11061.0,11143.0,10916.25,11075.25,534525
1672117200,11104.0,11183.75,10896.0,10915.5,499799
1672203600,10915.75,10996.5,10758.75,10772.75,635572
1672290000,10785.75,11071.5,10777.5,11032.75,470004
1672376400,11033.5,11051.5,10855.5,11022.25,462484
1672722000,11122.5,11182.0,10844.75,10945.5,657681
1672808400,10941.25,11068.5,10863.5,10999.25,758003
1672894800,10988.5,11046.75,10805.0,10820.25,694452
1672981200,10838.75,11165.75,10751.0,11113.5,736332
1673240400,11126.5,11385.5,11120.25,11185.5,646318
1673326800,11184.75,11288.75,11094.0,11282.0,559281
1673413200,11282.5,11479.5,11239.75,11476.5,500153
1673499600,11474.5,11579.75,11291.0,11534.25,754571
1673586000,11528.5,11619.5,11389.0,11608.0,482002
1673931600,11613.5,11685.0,11510.25,11624.5,576141
1674018000,11619.75,11759.5,11468.0,11475.75,619614
1674104400,11470.5,11487.0,11308.5,11356.5,594769
1674190800,11401.0,11686.75,11365.25,11677.0,577769
1674450000,11676.75,11983.0,11650.5,11934.0,593978
1674536400,11933.0,12010.5,11835.75,11909.5,511370
1674622800,11970.5,11976.5,11604.5,11873.25,633473
1674709200,11874.75,12113.0,11867.25,12106.75,621434
1674795600,12049.0,12308.5,12016.0,12222.25,588072
1675054800,12212.5,12252.0,11960.0,11968.0,634667
1675141200,11984.0,12156.0,11871.0,12152.0,585202
1675227600,12116.0,12524.5,12055.25,12414.25,668515
1675314000,12520.0,12949.75,12501.75,12846.75,817822
1675400400,12748.25,12878.0,12551.25,12624.0,824209
1675659600,12572.0,12608.5,12455.75,12515.5,535147
1675746000,12513.0,12818.5,12459.25,12776.75,744996
1675832400,12747.0,12808.5,12512.75,12545.25,590355
1675918800,12555.0,12728.5,12366.5,12425.5,612404
1676005200,12448.75,12451.5,12243.25,12346.25,600244
1676264400,12357.5,12567.0,12265.25,12540.5,467840
1676350800,12547.25,12687.0,12390.5,12631.0,719204
1676437200,12620.75,12756.5,12524.25,12730.0,568579
1676523600,12740.0,12792.75,12455.25,12482.5,682325
1676610000,12462.5,12466.25,12265.75,12390.0,629355
1676955600,12380.0,12417.75,12090.25,12096.75,609494
1677042000,12108.0,12190.5,12034.0,12097.5,640711
1677128400,12176.25,12261.0,12028.5,12207.5,640962
1677214800,12190.0,12214.5,11923.0,11997.0,643618
1677474000,12003.0,12189.5,11990.0,12083.25,578952
1677560400,12093.5,12172.75,12025.75,12072.25,646026
1677646800,12041.25,12141.75,11924.75,11961.75,759645
1677733200,11967.0,12096.25,11832.5,12062.0,752009
1677819600,12049.0,12329.0,12012.0,12311.25,675472
1678078800,12306.25,12486.25,12276.25,12323.5,612506
1678165200,12320.25,12381.25,12142.25,12169.0,685006
1678251600,12170.0,12254.5,12108.25,12228.25,633419
1678338000,12231.0,12353.5,11977.5,12007.25,816838
1678424400,12005.0,12109.0,11795.0,11840.25,871209
1678680000,11894.75,12095.75,11674.25,11931.75,694438
1678766400,11960.0,12223.0,11921.75,12207.0,364395
1678852800,12200.75,12280.0,11972.0,12247.75,261341
1678939200,12264.5,12600.5,12189.25,12583.0,181754
1679025600,12575.75,12636.5,12531.75,12594.650390625,734052
1679284800,12690.0,12750.0,12525.25,12688.5,694471
1679371200,12699.75,12898.25,12676.5,12867.25,565860
1679457600,12873.25,13082.0,12678.0,12707.0,713083
1679544000,12695.0,13031.0,12694.25,12854.0,838385
1679630400,12871.5,12924.75,12728.0,12890.25,676547
1679889600,12916.0,12984.5,12765.5,12788.5,562634
1679976000,12810.5,12833.5,12634.25,12732.5,537965
1680062400,12745.5,12994.0,12742.0,12965.0,566316
1680148800,12962.5,13111.75,12931.5,13082.0,583151
1680235200,13084.25,13311.5,13057.5,13301.75,624955
1680494400,13262.0,13278.75,13154.0,13270.0,542896
1680580800,13259.0,13348.75,13168.25,13219.0,577032
1680667200,13230.0,13247.25,13006.0,13079.75,594608
1680753600,13072.75,13191.0,12953.25,13170.75,41224
1681099200,13179.75,13203.25,12967.5,13158.0,553003
1681185600,13163.25,13208.75,13053.5,13074.75,549047
1681272000,13073.75,13241.75,12937.75,12952.25,684779
1681358400,12957.0,13228.0,12925.5,13209.75,558233
1681444800,13183.0,13255.0,13058.0,13181.25,627824
1681704000,13212.5,13218.0,13076.75,13186.5,540742
1681790400,13184.0,13298.75,13138.0,13193.0,576668
1681876800,13170.5,13226.75,13065.0,13183.0,529506
1681963200,13162.0,13200.0,13021.75,13074.25,680299
1682049600,13089.0,13122.0,12982.5,13090.5,593982
1682308800,13070.0,13134.0,12967.25,13056.5,582286
1682395200,13050.25,13059.5,12800.0,12809.5,694266
1682481600,12940.0,13012.25,12863.75,12887.75,755124
1682568000,12965.0,13333.0,12936.0,13231.25,728241
1682654400,13215.0,13336.0,13169.0,13320.25,671058
1682913600,13317.0,13370.25,13258.75,13306.75,487908
1683000000,13290.0,13334.75,13110.25,13184.5,664855
1683086400,13162.0,13314.0,13080.0,13100.75,648753
1683172800,13064.0,13173.0,13001.75,13043.75,656440
1683259200,13060.0,13359.0,13055.75,13317.75,573291
1683518400,13316.0,13368.0,13254.5,13352.25,506054
1683604800,13338.5,13347.0,13250.5,13264.75,552248
1683691200,13258.75,13446.75,13202.75,13409.5,839699
1683777600,13410.0,13470.25,13361.5,13446.5,653399
1683864000,13446.0,13494.25,13310.5,13396.25,628035
1684123200,13378.75,13480.0,13350.0,13468.0,495940
1684209600,13461.0,13554.5,13426.25,13483.25,561834
1684296000,13498.5,13669.0,13474.25,13643.5,621137
1684382400,13640.5,13913.0,13628.25,13894.0,749496
1684468800,13908.5,13960.25,13814.25,13858.0,659819
1684728000,13805.5,13946.75,13794.25,13902.5,538203
1684814400,13913.25,13979.25,13710.0,13728.75,658680
1684900800,13729.0,13845.75,13566.5,13650.25,704804
1684987200,13877.0,14031.25,13803.0,13976.5,819148
1685073600,13977.75,14369.0,13924.5,14332.5,729047
1685419200,14437.5,14570.0,14336.75,14396.75,882198
1685505600,14397.25,14429.0,14251.25,14300.5,680429
1685592000,14289.5,14528.25,14248.25,14472.25,622329
1685678400,14494.0,14627.75,14468.25,14575.25,623290
1685937600,14577.0,14694.75,14512.75,14588.75,619089
1686024000,14582.0,14623.75,14504.5,14586.5,572806
1686110400,14594.5,14675.0,14305.5,14331.5,770555
1686196800,14316.0,14526.75,14256.75,14503.0,631769
1686283200,14517.0,14687.5,14460.25,14556.25,581386
1686542400,14560.25,14827.0,14554.25,14800.5,397388
1686628800,14824.0,14967.75,14779.5,14914.25,347119
1686715200,14925.0,15061.5,14793.0,15012.75,204099
1686801600,15038.0,15252.0,14878.0,15188.0,139777
1686888000,15181.25,15324.0,15130.5,15316.6103515625,636907
1687233600,15303.25,15322.5,15126.5,15256.5,652883
1687320000,15247.5,15273.25,15002.25,15044.0,640702
1687406400,15038.75,15238.0,14964.0,15214.75,611017
1687492800,15236.0,15236.0,14985.25,15058.25,620593
1687752000,15057.75,15152.5,14853.5,14856.5,649993
1687838400,14875.0,15139.25,14862.25,15111.5,569198
1687924800,15088.25,15219.0,15021.25,15130.0,662146
1688011200,15161.0,15202.75,15028.5,15100.25,594134
1688097600,15106.0,15376.75,15099.0,15337.0,529455
1688391000,15331.0,15392.0,15308.0,15364.75,265064
1688529600,15357.0,15432.0,15255.25,15360.75,519857
1688616000,15353.75,15366.0,15111.5,15238.0,574681
1688702400,15211.75,15359.75,15172.25,15181.75,555119
1688961600,15198.5,15218.25,15063.25,15187.0,609953
1689048000,15195.75,15278.75,15109.5,15260.0,552637
1689134400,15258.0,15507.75,15254.5,15444.75,649433
1689220800,15457.75,15741.25,15456.5,15711.5,563935
1689307200,15699.0,15857.25,15663.0,15694.25,629943
1689566400,15690.0,15882.75,15661.5,15840.75,522129
1689652800,15832.0,16029.75,15733.0,15974.75,633272
1689739200,15949.25,16062.75,15911.25,15959.25,682279
1689825600,15922.75,15925.75,15547.0,15592.25,810475
1689912000,15590.75,15719.25,15522.25,15540.0,704413
1690171200,15556.0,15618.75,15483.75,15561.25,561877
1690257600,15570.0,15736.25,15549.25,15673.0,554880
1690344000,15730.25,15739.25,15515.0,15610.75,683826
1690430400,15638.75,15904.0,15511.25,15571.0,846437
1690516800,15580.0,15896.0,15546.25,15847.5,689386
1690776000,15850.0,15917.0,15791.25,15857.5,523896
1690862400,15869.25,15889.25,15728.25,15817.25,529660
1690948800,15757.0,15789.75,15414.0,15473.0,773499
1691035200,15455.75,15551.75,15339.5,15438.75,658841
1691121600,15441.0,15610.25,15336.5,15354.0,773229
1691380800,15370.5,15495.5,15334.25,15485.5,578299
1691467200,15495.0,15497.75,15218.0,15354.25,638813
1691553600,15351.75,15432.5,15146.5,15178.25,652732
1691640000,15202.5,15442.25,15136.0,15201.25,807104
1691726400,15219.0,15266.75,15037.25,15095.75,613959
1691985600,15104.0,15282.0,15020.75,15270.25,554628
1692072000,15279.0,15335.0,15074.75,15106.5,593602
1692158400,15110.75,15166.0,14921.5,14942.25,641607
1692244800,14940.25,15018.25,14738.25,14778.0,681399
1692331200,14748.0,14802.75,14609.25,14744.0,731241
1692590400,14762.5,15013.75,14720.5,14985.75,641685
1692676800,14974.5,15118.25,14932.0,14958.5,623728
1692763200,14959.75,15356.75,14957.25,15195.5,606168
1692849600,15333.0,15418.0,14817.0,14862.0,847308
1692936000,14833.0,15048.75,14751.75,14979.25,823889
1693195200,14991.0,15126.5,14973.5,15092.5,586342
1693281600,15098.75,15430.5,15049.75,15415.75,616223
1693368000,15427.5,15522.75,15361.5,15501.25,590194
1693454400,15513.75,15606.75,15460.0,15538.5,584743
1693540800,15534.0,15661.25,15454.0,15516.25,572689
1693886400,15517.0,15586.75,15418.25,15534.5,604891
1693972800,15511.25,15533.0,15310.5,15399.5,596503
1694059200,15385.0,15395.75,15157.5,15282.25,644887
1694145600,15286.25,15390.75,15223.0,15297.5,598477
1694404800,15308.0,15497.5,15298.0,15475.75,411385
1694491200,15466.5,15480.75,15288.75,15304.75,253049
1694577600,15308.5,15424.25,15212.75,15356.25,190166
1694664000,15372.75,15517.75,15337.25,15478.0,110435
1694750400,15480.25,15524.0,15401.25,15435.2001953125,708762
1695009600,15382.25,15461.0,15330.5,15414.5,509746
1695096000,15424.25,15442.25,15248.5,15375.25,552065
1695182400,15375.25,15436.25,15127.0,15152.0,605256
1695268800,15133.25,15149.0,14841.0,14862.75,702742
1695355200,14854.5,15027.5,14836.25,14869.5,624056
1695614400,14880.25,14955.75,14782.25,14935.25,568859
1695700800,14949.0,14949.0,14666.25,14715.0,667617
1695787200,14725.25,14821.5,14586.0,14739.0,716200
1695873600,14772.5,14947.5,14658.0,14859.75,734472
1695960000,14876.5,15060.75,14811.0,14866.5,745541
1696219200,14965.0,15046.0,14826.0,14984.75,762896
1696305600,14989.5,15031.0,14651.5,14714.5,762964
1696392000,14713.75,14956.0,14589.0,14923.75,803257
1696478400,14903.0,14958.75,14716.25,14861.75,676461
1696564800,14853.75,15160.25,14660.0,15112.0,840602
1696824000,15040.25,15212.75,14949.5,15187.0,617072
1696910400,15196.5,15383.5,15171.75,15270.75,648613
1696996800,15282.25,15416.75,15253.0,15380.0,614965
1697083200,15407.5,15468.75,15216.25,15315.0,747494
1697169600,15324.0,15366.75,15062.25,15120.25,777005
1697428800,15120.0,15336.75,15083.0,15289.5,641294
1697515200,15305.75,15309.25,15050.25,15240.75,781599
1697601600,15236.5,15238.25,14979.25,15025.25,853599
1697688000,15045.0,15138.25,14839.5,14890.0,1019700
1697774400,14850.0,14887.5,14645.0,14664.0,846675
1698033600,14680.0,14853.75,14514.25,14712.0,765733
1698120000,14744.0,14948.75,14706.0,14846.5,703058
1698206400,14828.0,14855.0,14444.0,14478.25,820677
1698292800,14425.0,14459.0,14140.25,14194.0,987597
1698379200,14248.25,14407.75,14209.75,14265.25,782097
1698638400,14336.0,14476.5,14303.0,14416.5,704860
1698724800,14410.5,14503.75,14311.25,14490.25,712605
1698811200,14460.0,14762.0,14410.75,14744.5,741817
1698897600,14761.25,15017.25,14760.0,14998.0,652481
1698984000,14928.0,15228.5,14925.5,15178.75,633835
1699246800,15187.0,15257.5,15138.0,15232.5,496129
1699333200,15215.0,15412.25,15176.0,15374.25,585124
1699419600,15373.0,15417.5,15286.75,15386.5,547842
1699506000,15356.25,15453.75,15236.75,15256.0,710427
1699592400,15254.75,15612.75,15207.25,15596.25,679633
1699851600,15586.25,15601.25,15465.25,15547.0,532937
1699938000,15558.0,15918.75,15552.0,15879.75,656099
1700024400,15895.0,16049.5,15832.25,15889.25,685072
1700110800,15846.75,15906.75,15796.75,15897.5,634456
1700197200,15897.75,15940.0,15825.0,15895.75,562424
1700456400,15895.0,16116.75,15837.25,16086.5,559493
1700542800,16087.5,16122.5,15912.0,15990.25,575452
1700629200,15967.25,16173.5,15942.75,16049.25,624552
1700715600,16036.75,16086.5,16034.5,16062.5,624552
1700836200,16036.75,16086.5,15981.75,16021.0,296604
1701061200,16008.0,16089.25,15938.75,16008.75,502555
1701147600,16005.25,16071.5,15945.25,16048.0,598224
1701234000,16055.5,16208.5,16013.5,16023.75,634326
1701320400,16040.25,16098.5,15856.0,15985.5,694118
1701406800,15955.0,16050.0,15864.0,16023.75,621710
1701666000,16022.0,16026.0,15721.25,15869.0,721019
1701752400,15863.25,15961.0,15761.25,15908.75,683586
1701838800,15897.0,16037.75,15802.0,15815.25,675482
1701925200,15814.5,16066.0,15791.0,16038.75,632326
1702011600,16017.5,16118.75,15888.25,16098.25,588926
1702270800,16093.0,16248.0,16045.5,16237.0,394184
1702357200,16240.0,16389.5,16185.25,16362.75,253666
1702443600,16383.0,16593.0,16365.5,16563.75,155141
1702530000,16561.5,16674.5,16418.75,16541.5,131883
1702616400,16532.5,16612.5,16521.5,16530.23046875,668578
1702875600,16820.25,16974.0,16802.25,16939.75,463438
1702962000,16917.0,17029.5,16910.75,17023.0,496518
1703048400,17024.0,17073.5,16758.5,16766.25,654329
1703134800,16790.25,16970.25,16790.25,16956.5,639818
1703221200,16956.0,17041.5,16891.5,16980.0,486853
1703566800,16964.5,17111.25,16964.5,17083.5,292090
1703653200,17090.25,17133.0,17055.5,17113.25,424302
1703739600,17127.0,17165.25,17077.75,17090.5,357702
1703826000,17090.25,17131.0,16938.25,17023.5,470864
1704171600,17019.0,17038.5,16622.5,16720.0,652714
1704258000,16736.75,16737.25,16522.0,16538.0,677219
1704344400,16545.25,16587.25,16436.0,16445.0,559464
1704430800,16455.0,16577.25,16334.25,16460.25,627475
1704690000,16470.0,16811.25,16378.25,16803.75,549900
1704776400,16788.0,16868.5,16657.75,16830.25,605921
1704862800,16829.5,16983.0,16801.5,16945.25,550703
1704949200,16955.0,17057.0,16753.0,16966.25,756441
1705035600,16957.75,17042.5,16866.5,16969.25,593445
1705381200,16961.75,17033.75,16811.75,16966.5,816021
1705467600,16978.0,16982.0,16689.25,16869.75,722784
1705554000,16854.5,17125.75,16834.25,17110.0,852229
1705640400,17116.0,17471.25,17107.25,17438.5,758132
1705899600,17466.0,17585.0,17434.0,17458.5,637245
1705986000,17461.0,17558.25,17409.5,17531.25,508078
1706072400,17554.0,17793.5,17552.25,17621.0,721605
1706158800,17614.75,17752.0,17542.0,17634.5,710822
1706245200,17571.25,17632.0,17466.0,17527.0,631481
1706504400,17502.0,17716.25,17457.5,17706.0,568739
1706590800,17711.75,17735.75,17467.0,17588.5,554146
1706677200,17415.5,17484.0,17221.5,17242.25,816119
1706763600,17273.25,17646.75,17262.75,17436.75,705238
1706850000,17588.0,17775.5,17465.5,17732.75,761167
1707109200,17696.0,17745.5,17554.25,17700.0,621645
1707195600,17698.5,17769.0,17560.75,17660.0,623168
1707282000,17645.75,17875.5,17629.75,17841.75,613340
1707368400,17856.25,17896.5,17792.25,17868.25,471370
1707454800,17854.25,18071.0,17852.25,18039.25,499282
1707714000,18040.0,18121.5,17911.25,17965.0,538132
1707800400,17928.5,17963.25,17542.0,17676.75,858230
1707886800,17703.0,17887.0,17669.25,17881.0,688088
1707973200,17870.0,17968.25,17780.5,17912.75,657768
1708059600,17952.0,18026.0,17715.0,17744.0,744628
1708405200,17729.25,17807.5,17452.5,17607.25,889292
1708491600,17573.0,17723.0,17372.75,17536.75,731450
1708578000,17702.5,18087.0,17676.0,18047.5,759232
1708664400,18023.25,18144.75,17946.0,17991.0,659725
1708923600,17961.5,18059.5,17922.0,17977.0,526169
1709010000,17951.0,18040.25,17908.75,18021.0,567818
1709096400,18017.5,18019.75,17846.25,17915.25,553731
1709182800,17870.0,18109.5,17826.0,18082.75,680147
1709269200,18075.0,18372.75,18029.5,18338.25,639153
1709528400,18336.0,18377.75,18234.25,18262.0,569342
1709614800,18246.0,18252.0,17832.5,17930.25,803857
1709701200,17981.0,18174.25,17942.5,18044.25,806131
1709787600,18041.0,18360.0,17915.75,18316.25,758499
1709874000,18279.0,18436.5,18012.5,18046.75,1048847
1710129600,18056.0,18068.25,17890.5,17971.0,472517
1710216000,18010.5,18241.75,17930.0,18227.75,281274
1710302400,18218.0,18256.5,18033.25,18078.5,179714
1710388800,18094.25,18177.75,17915.5,18024.5,110277
1710475200,18006.0,18074.75,17831.75,17854.75,705711
1710734400,18073.5,18381.0,18062.25,18231.5,656629
1710820800,18222.0,18289.25,18053.25,18270.0,660394
1710907200,18274.0,18545.0,18227.5,18479.75,618809
1710993600,18539.75,18709.0,18526.75,18561.75,606959
1711080000,18580.5,18626.0,18492.0,18574.75,511962
1711339200,18567.0,18601.25,18414.75,18513.5,456250
1711425600,18531.25,18619.0,18439.25,18449.0,516507
1711512000,18477.5,18571.75,18378.5,18503.75,605634
1711598400,18505.0,18538.75,18447.5,18475.0,515193
1711944000,18503.0,18612.0,18414.5,18497.25,572133
1712030400,18497.25,18511.0,18201.5,18330.0,618982
1712116800,18345.0,18451.75,18232.5,18373.25,597987
1712203200,18388.5,18568.0,18055.25,18076.75,777140
1712289600,18086.25,18408.25,18051.5,18300.75,809193
1712548800,18348.25,18376.0,18237.5,18295.0,524203
1712635200,18314.75,18407.25,18160.75,18359.75,696069
1712721600,18381.0,18474.25,18053.5,18196.75,880504
1712808000,18184.0,18518.75,18088.0,18485.0,728802
1712894400,18486.25,18507.75,18120.25,18179.25,787334
1713153600,18151.0,18350.75,17841.5,17876.25,797316
1713240000,17879.0,17988.0,17792.0,17881.25,766364
1713326400,17897.0,17968.5,17615.25,17658.5,844749
1713412800,17669.75,17770.75,17506.25,17547.25,756158
1713499200,17530.75,17553.25,17113.25,17180.75,1023135
1713758400,17228.25,17448.0,17148.5,17350.0,646130
1713844800,17352.25,17666.0,17286.25,17606.75,601826
1713931200,17682.0,17795.5,17481.75,17664.5,667402
1714017600,17450.0,17827.5,17308.25,17567.5,820011
1714104000,17808.25,17901.5,17668.25,17845.75,628227
1714363200,17864.75,17949.0,17791.25,17904.25,528891
1714449600,17918.5,17920.25,17473.5,17571.25,677704
1714536000,17462.5,17793.25,17399.25,17438.25,791170
1714622400,17487.0,17755.25,17386.25,17649.75,635300
1714708800,17744.25,18050.25,17719.5,18000.75,556949
1714968000,18047.5,18201.25,17983.75,18195.5,395489
1715054400,18189.5,18266.25,18151.0,18199.5,469722
1715140800,18194.0,18242.25,18072.5,18186.5,453714
1715227200,18160.75,18240.25,18103.75,18214.5,471196
1715313600,18226.0,18348.0,18188.5,18255.0,473881
1715572800,18238.0,18336.25,18228.75,18295.5,411036
1715659200,18282.0,18433.0,18165.5,18415.0,555369
1715745600,18409.75,18707.0,18393.0,18691.75,605869
1715832000,18693.25,18760.75,18633.25,18650.0,548582
1715918400,18642.0,18686.75,18545.0,18635.25,489227
1716177600,18633.5,18794.5,18633.0,18763.0,470381
1716264000,18746.0,18808.75,18678.0,18799.25,426117
1716350400,18798.25,18891.0,18684.25,18786.75,578439
1716436800,18860.5,19023.25,18621.5,18696.25,851576
1716523200,18684.0,18926.0,18680.0,18876.0,552083
1716868800,18874.75,18980.5,18819.5,18940.5,642954
1716955200,18949.5,18949.75,18740.0,18802.75,573938
1717041600,18753.0,18787.0,18546.25,18606.5,619548
1717128000,18590.75,18668.25,18241.25,18591.0,834003
1717387200,18590.25,18755.5,18435.75,18646.25,669104
1717473600,18662.5,18753.25,18511.25,18701.0,616703
1717560000,18711.0,19090.5,18696.25,19074.25,575227
1717646400,19089.5,19124.5,19017.25,19060.25,524900
1717732800,19064.0,19155.0,18940.0,19037.75,612033
1717992000,19025.0,19129.75,18974.25,19109.75,571666
1718078400,19107.25,19257.5,18994.5,19242.25,564706
1718164800,19248.0,19612.25,19233.5,19496.5,691079
1718251200,19602.0,19691.0,19500.0,19602.5,584725
1718337600,19602.75,19699.5,19501.5,19685.5,584288
1718596800,19695.0,20001.0,19640.5,19921.25,423232
1718683200,19918.5,19996.5,19851.75,19919.25,201834
1718856000,19930.25,20095.0,19694.25,19763.25,157046
1718942400,19781.25,19819.25,19687.5,19747.2890625,590839
1719201600,20014.75,20030.25,19728.0,19750.75,683900
1719288000,19756.0,19981.25,19726.0,19972.25,574518
1719374400,19973.0,20070.5,19901.0,20012.5,590175
1719460800,19946.0,20116.75,19874.25,20039.5,589649
1719547200,20063.25,20273.25,19906.25,19927.25,750324
1719806400,19970.0,20074.0,19811.75,20052.0,639341
1719892800,20045.75,20259.25,19910.0,20255.25,621477
1720013400,20241.0,20435.25,20205.0,20411.5,395129
1720152000,20419.25,20639.5,20361.0,20620.75,600207
1720411200,20591.5,20688.0,20579.25,20659.75,497107
1720497600,20681.0,20771.75,20615.75,20678.5,569689
1720584000,20686.0,20916.75,20684.5,20899.75,576694
1720670400,20895.5,20983.75,20377.25,20441.75,906128
1720756800,20432.75,20741.0,20335.0,20524.0,724343
1721016000,20580.0,20797.0,20506.25,20583.75,703410
1721102400,20628.0,20684.5,20464.5,20598.0,629745
1721188800,20591.0,20597.75,19965.75,19997.5,854323
1721275200,20024.25,20162.5,19758.75,19899.25,964287
1721361600,19955.0,19979.75,19654.0,19713.0,774109
1721620800,19749.0,20044.75,19718.75,20001.0,657854
1721707200,19982.0,20084.75,19868.25,19925.0,601990
1721793600,19883.0,19883.0,19168.75,19203.25,846812
1721880000,19260.0,19390.5,18883.25,18992.25,992015
1721966400,19003.0,19297.75,18995.0,19174.5,694702
1722225600,19171.75,19377.25,19113.25,19209.25,600017
1722312000,19217.0,19319.75,18725.0,18936.25,745002
1722398400,18865.75,19648.0,18861.75,19505.25,762246
1722484800,19593.25,19717.0,18854.0,19023.25,920616
1722571200,18956.5,18979.75,18385.75,18556.25,842228
1722830400,18390.0,18390.0,17351.0,18013.25,937137
1722916800,18165.75,18483.25,17966.0,18179.0,697089
1723003200,18033.0,18558.5,17836.25,17966.5,725244
1723089600,17873.0,18593.5,17741.75,18525.25,663957
1723176000,18550.25,18674.5,18383.0,18616.0,501761
1723435200,18590.0,18765.25,18515.0,18639.5,469892
1723521600,18648.25,19122.5,18628.5,19104.25,497670
1723608000,19099.25,19203.5,18925.5,19115.0,553997
1723694400,19142.5,19603.25,19100.5,19581.25,522322
1723780800,19570.25,19683.0,19447.5,19605.75,458933
1724040000,19629.0,19871.75,19525.25,19857.75,429305
1724126400,19857.75,19931.0,19743.0,19809.5,485435
1724212800,19803.0,19981.75,19771.5,19909.5,479077
1724299200,19921.25,20025.25,19542.0,19578.25,630179
1724385600,19621.5,19904.25,19591.75,19790.75,581201
1724644800,19787.75,19846.25,19505.5,19591.25,473540
1724731200,19558.75,19694.25,19441.5,19653.75,441146
1724817600,19635.5,19691.0,19227.25,19415.75,537278
1724904000,19217.0,19693.5,19140.25,19393.25,669705
1724990400,19445.75,19632.75,19370.5,19623.0,495609
1725336000,19599.0,19683.0,18911.0,19006.5,698442
1725422400,18993.75,19114.75,18825.75,18962.5,582116
1725508800,18965.75,19150.5,18827.25,18963.5,585125
1725595200,18921.0,18972.25,18339.75,18458.25,726350
1725854400,18400.0,18734.5,18386.0,18692.25,726350
1725940800,18727.0,18878.5,18582.25,18864.0,536220
1726027200,18837.75,19293.5,18547.0,19271.0,729344
1726113600,19241.5,19483.5,19185.0,19447.25,581032
1726200000,19419.5,19577.25,19398.25,19530.25,467948
1726459200,19498.0,19546.5,19299.25,19433.0,339781
1726545600,19426.5,19615.5,19341.0,19439.25,254059
1726632000,19451.0,19660.0,19331.0,19349.25,138848
1726718400,19420.5,19966.25,19408.75,19850.25,134917
1726804800,19831.25,19838.25,19746.5,19808.009765625,479646
1727064000,20040.0,20164.0,19955.25,20080.0,394947
1727150400,20063.25,20214.75,19953.0,20167.75,457126
1727236800,20183.75,20271.0,20064.25,20192.0,405050
1727323200,20242.0,20538.0,20188.0,20346.25,509755
1727409600,20345.0,20395.75,20173.0,20221.5,435634
1727668800,20198.5,20287.0,20056.0,20261.25,510434
1727755200,20234.25,20331.75,19818.0,19975.0,662776
1727841600,19975.25,20090.25,19833.5,20009.75,475599
1727928000,20055.5,20113.75,19852.0,19990.25,526765
1728014400,19965.5,20263.75,19941.5,20227.25,560070
1728273600,20220.0,20267.25,19948.0,19992.75,450371
1728360000,20025.75,20329.5,19902.5,20298.5,444750
1728446400,20294.25,20482.75,20196.0,20463.5,421249
1728532800,20445.25,20508.25,20301.5,20429.75,450569
1728619200,20435.0,20494.25,20314.75,20450.0,385312
1728878400,20432.5,20680.0,20383.25,20619.25,395756
1728964800,20638.75,20659.25,20254.0,20342.0,522391
1729051200,20334.5,20398.5,20206.25,20349.5,417571
1729137600,20328.0,20594.75,20276.75,20368.0,535486
1729224000,20384.0,20529.75,20320.75,20483.5,385566
1729483200,20496.25,20554.5,20343.75,20519.5,456078
1729569600,20536.5,20602.25,20360.25,20542.0,476324
1729656000,20521.0,20542.5,20079.0,20220.5,619162
1729742400,20294.25,20428.5,20261.75,20380.25,462552
1729828800,20388.5,20707.25,20364.0,20498.75,585929
1730088000,20525.5,20676.5,20486.0,20497.0,430120
1730174400,20513.0,20760.25,20432.25,20696.5,498020
1730260800,20734.0,20788.5,20472.5,20534.75,519409
1730347200,20482.0,20495.75,20008.5,20021.75,686677
1730433600,20071.0,20288.0,20017.0,20153.25,554025
1730696400,20138.0,20248.5,20013.0,20086.0,520521
1730782800,20130.75,20385.5,20041.75,20341.75,450115
1730869200,20360.5,20935.25,20323.5,20894.0,632408
1730955600,20923.5,21253.0,20861.5,21224.75,462805
1731042000,21224.25,21265.0,21121.75,21231.25,401943
1731301200,21249.75,21340.75,21098.25,21217.75,456006
1731387600,21221.0,21251.75,21054.75,21189.5,511372
1731474000,21178.0,21268.5,21056.5,21159.5,533739
1731560400,21167.0,21190.25,20950.5,21011.75,561950
1731646800,20977.5,20981.5,20405.25,20493.75,691851
1731906000,20504.0,20724.25,20476.0,20633.5,525474
1731992400,20633.25,20792.5,20382.5,20767.75,553617
1732078800,20762.25,20843.25,20477.0,20749.0,619493
1732165200,20738.0,20905.75,20514.25,20829.5,698342
1732251600,20794.0,20880.0,20693.25,20849.75,541554
1732510800,20935.0,21081.0,20780.25,20880.25,544568
1732597200,20906.25,21024.75,20755.0,20993.5,505254
1732683600,20990.75,21019.0,20675.0,20813.0,520026
1732890600,20813.0,21017.5,20805.5,20993.5,339955
1733115600,20995.25,21259.75,20940.0,21218.0,475464
1733202000,21220.0,21329.0,21134.25,21281.5,444143
1733288400,21323.0,21548.5,21305.75,21536.5,461922
1733374800,21513.25,21567.25,21437.5,21473.25,421035
1733461200,21450.0,21669.25,21424.75,21656.75,459878
1733720400,21649.0,21706.25,21436.0,21483.75,517123
1733806800,21479.25,21606.75,21352.75,21405.25,544406
1733893200,21436.0,21820.0,21405.75,21793.5,547213
1733979600,21756.75,21772.5,21604.25,21651.25,510307
1734066000,21720.75,21908.0,21666.5,21795.75,639403
1734325200,21780.25,22152.5,21762.0,22110.25,482433
1734411600,22115.0,22124.5,21942.25,22014.75,277298
1734498000,22010.0,22083.75,21034.25,21218.75,209588
1734584400,21218.5,21424.25,21080.0,21112.75,124728
1734670800,21151.5,21151.5,20745.0,20947.98046875,864714
1734930000,21566.0,21776.75,21476.75,21753.25,508598
1735050600,21743.25,22049.75,21709.0,22028.5,261201
1735189200,22049.5,22111.25,21870.25,22008.0,407116
1735275600,21990.75,22008.0,21498.75,21698.5,572604
1735534800,21711.0,21742.75,21253.0,21416.25,530975
1735621200,21390.25,21524.75,21182.0,21226.5,477280
1735794000,21269.0,21490.5,20983.75,21167.5,664742
1735880400,21186.75,21559.25,21144.0,21516.5,488243
1736139600,21532.25,21896.75,21478.25,21744.5,574300
1736226000,21781.25,21806.0,21279.5,21359.75,645144
1736312400,21380.75,21448.25,21166.25,21360.75,637114
1736398800,21334.75,21347.25,21218.0,21301.5,77170
1736485200,21302.75,21372.5,20874.75,21016.0,703964
1736744400,21027.5,21037.0,20694.0,20947.25,617059
1736830800,21020.0,21143.75,20773.5,20919.5,676188
1736917200,20977.0,21452.75,20909.0,21400.25,551806
1737003600,21389.0,21567.25,21172.25,21249.75,598631
1737090000,21227.5,21682.5,21209.25,21594.75,594110
1737435600,21600.0,21783.5,21377.75,21709.5,662316
1737522000,21809.25,22093.5,21768.25,22000.5,508606
1737608400,21981.75,22050.5,21855.5,22038.25,476286
1737694800,22018.5,22078.25,21844.0,21911.25,522901
1737954000,21771.0,21771.0,20763.75,21258.5,1056136
1738040400,21343.25,21626.0,21159.5,21581.75,663336
1738126800,21559.0,21697.0,21367.0,21523.25,629631
1738213200,21547.75,21748.75,21419.5,21624.75,618073
1738299600,21680.0,21966.0,21533.75,21589.25,655811
1738558800,21200.0,21579.75,20943.0,21405.0,728140
1738645200,21592.0,21694.0,21242.5,21670.25,497143
1738731600,21562.0,21795.0,21429.75,21763.0,497655
1738818000,21764.5,21882.25,21705.75,21871.75,438729
1738904400,21817.75,21968.0,21552.75,21590.75,598869
1739163600,21463.25,21894.0,21418.0,21846.5,391625
1739250000,21832.0,21871.5,21669.5,21786.75,423200
1739336400,21794.25,21862.5,21510.75,21804.75,545408
1739422800,21861.25,22124.0,21753.0,22113.25,536739
1739509200,22071.0,22225.0,22042.5,22196.25,433212
1739854800,22235.75,22319.75,22102.75,22232.25,567203
1739941200,22224.5,22299.75,22118.0,22250.5,496442
1740027600,22213.0,22235.5,21951.0,22141.75,563585
1740114000,22136.0,22245.5,21652.75,21679.25,708349
1740373200,21700.75,21813.0,21407.5,21420.25,670634
1740459600,21442.5,21453.75,20990.0,21149.0,805678
1740546000,21230.5,21409.25,21055.0,21187.0,646236
1740632400,21249.0,21386.5,20583.25,20605.75,854180
1740718800,20649.5,20944.25,20460.5,20919.5,845890
1740978000,21005.25,21121.0,20316.75,20468.25,833041
1741064400,20527.0,20732.5,20075.25,20399.0,958071
1741150800,20555.0,20725.0,20215.0,20665.0,783638
1741237200,20605.25,20647.5,20003.0,20089.25,763150
1741323600,20214.5,20286.25,19765.5,20229.75,763257
1741579200,20147.0,20156.5,19272.25,19452.75,798366
1741665600,19440.0,19686.75,19139.25,19399.0,857876
1741752000,19412.75,19788.75,19387.0,19618.5,702688
1741838400,19572.0,19694.0,19170.0,19249.0,761160
1741924800,19312.75,19742.5,19296.75,19712.0,742663
1742184000,19668.25,19959.25,19550.5,19831.75,584953
1742270400,19821.0,19858.0,19397.75,19496.75,360195
1742356800,19496.75,19935.0,19455.5,19746.75,210518
1742443200,19746.75,19898.75,19530.25,19678.5,116159
1742529600,19690.75,19728.75,19408.0,19450.810546875,605235
1742788800,20050.5,20409.5,20050.5,20374.25,555043
1742875200,20353.0,20524.75,20293.0,20488.5,470886
1742961600,20511.5,20536.75,20045.0,20116.5,620685
1743048000,20046.0,20199.5,19937.25,19990.25,634738
1743134400,19995.25,20011.75,19357.5,19457.0,696397
1743393600,19319.75,19489.75,18976.75,19439.5,842547
1743480000,19411.25,19644.0,19261.25,19604.5,790964
1743566400,19600.5,20044.25,19076.75,19758.0,835319
1743652800,19020.0,19177.0,18614.0,18675.5,893793
1743739200,18660.0,18713.0,17387.5,17539.0,1199851
1743998400,17100.0,18361.5,16460.0,17563.25,1140389
1744084800,17665.0,18357.25,16973.5,17243.75,956641
1744171200,17220.25,19386.75,16735.0,19288.75,1086917
1744257600,19266.75,19383.5,17919.0,18484.5,975104
1744344000,18464.75,18873.5,18067.0,18807.5,667630
1744603200,19225.0,19256.0,18737.5,18934.75,570510
1744689600,18902.5,19144.75,18809.0,18960.25,525790
1744776000,18790.0,18861.25,18116.25,18385.25,683175
1744862400,18391.25,18652.75,18261.5,18380.75,629368
1745208000,18306.25,18383.5,17700.0,17922.25,484750
1745294400,17914.0,18514.0,17863.75,18385.0,619146
1745380800,18646.0,19165.5,18623.75,18804.0,733977
1745467200,18826.5,19418.0,18594.75,19322.0,599457
1745553600,19405.0,19589.0,19216.25,19535.25,587589
1745812800,19524.5,19623.0,19257.25,19528.0,514474
1745899200,19478.25,19688.5,19378.0,19642.0,565539
1745985600,19599.75,19880.0,19103.75,19658.5,713642
1746072000,19834.0,20125.75,19757.25,19870.75,588901
1746158400,19782.5,20276.75,19749.5,20195.25,517806
1746417600,20181.5,20201.75,19966.0,20055.5,418875
1746504000,20014.25,20036.75,19739.0,19876.5,514526
1746590400,19809.0,20133.75,19678.75,19961.0,597360
1746676800,19934.5,20337.25,19910.75,20148.0,567597
1746763200,20157.0,20288.75,20058.0,20136.75,453686
1747022400,20398.5,20996.0,20376.75,20948.75,638564
1747108800,20954.75,21346.5,20818.0,21278.0,526706
1747195200,21250.0,21419.5,21238.25,21392.5,513593
1747281600,21379.75,21529.75,21192.0,21400.25,542990
1747368000,21396.0,21512.0,21320.25,21506.0,419242
1747627200,21310.75,21544.5,21112.5,21527.0,520282
1747713600,21513.0,21562.25,21298.0,21447.25,437865
1747800000,21414.75,21558.5,21072.75,21156.75,605668
1747886400,21145.0,21337.5,21040.0,21178.25,512634
1747972800,21223.75,21236.0,20727.0,20975.0,528055
1748318400,20978.0,21488.5,20954.25,21460.5,531358
1748404800,21480.0,21567.5,21321.25,21379.75,421653
1748491200,21513.0,21858.75,21301.0,21408.5,563888
1748577600,21371.25,21433.5,21071.5,21376.75,551092
1748836800,21303.75,21576.25,21163.0,21534.5,434593
1748923200,21555.0,21759.75,21399.25,21706.0,427859
1749009600,21688.25,21803.0,21641.0,21766.5,403012
1749096000,21744.75,21935.0,21503.5,21582.25,0
1749182400,21471.0,21873.5,21471.0,21789.5,466591
1749441600,21799.25,21890.75,21716.0,21821.5,354827
1749528000,21824.0,21992.25,21732.0,21962.5,439539
1749614400,21945.75,22106.0,21790.75,21887.5,523556
1749700800,21871.0,21977.25,21713.25,21932.5,397839
1749787200,21909.0,21915.75,21471.0,21644.25,556189
1750046400,21554.0,21999.5,21501.75,21941.5,336301
1750132800,21950.0,21952.0,21685.0,21730.5,173026
1750219200,21705.0,21872.5,21640.5,21720.25,0
1750392000,21731.0,21896.5,21435.5,21889.890625,649884
1750651200,21648.25,22093.0,21566.75,22073.5,549766
1750737600,22079.0,22448.25,22065.75,22412.75,447975
1750824000,22412.0,22548.25,22384.5,22461.0,397611
1750910400,22461.25,22694.0,22437.75,22669.25,422397
1750996800,22676.25,22825.5,22600.0,22751.5,487835
1751256000,22751.5,22934.75,22751.5,22893.25,434250
1751342400,22867.5,22914.75,22594.5,22692.75,495079
1751428800,22694.5,22858.75,22582.0,22843.0,408882
1751549400,22845.0,23102.5,22827.0,23062.5,0
1751601600,23059.25,23062.5,22882.0,22906.75,0
1751860800,22970.0,23028.5,22779.75,22884.75,537930
1751947200,22837.75,22972.75,22808.5,22896.75,420913
1752033600,22906.5,23112.0,22843.5,23052.75,450523
1752120000,23041.0,23090.0,22901.25,23013.25,391782
1752206400,23011.75,23048.75,22831.5,22959.0,461057
1752465600,22860.75,23066.5,22803.0,23035.5,414465
1752552000,23034.25,23222.75,22996.0,23056.75,524056
1752638400,23018.75,23100.0,22835.5,23076.5,548602
1752724800,23065.5,23279.75,23017.0,23251.0,445290
1752811200,23261.25,23320.75,23169.5,23224.25,450704
1753070400,23232.5,23424.75,23203.75,23342.0,398833
1753156800,23339.5,23367.0,23108.0,23226.25,537829
1753243200,23191.25,23418.0,23146.75,23310.75,512963
1753329600,23402.25,23424.5,23298.25,23377.5,435559
1753416000,23391.5,23476.0,23330.75,23421.25,395469
1753675200,23520.0,23585.25,23436.75,23491.25,424393
1753761600,23504.25,23652.5,23421.25,23452.0,538169
1753848000,23452.0,23689.0,23356.5,23480.5,538732
1753934400,23705.0,23845.0,23290.5,23365.0,739642
1754020800,23308.5,23347.5,22775.0,22883.75,803558
1754280000,22850.0,23352.5,22821.75,23296.5,472671
1754366400,23354.0,23404.25,23084.5,23132.0,542676
1754452800,23091.75,23445.25,23045.5,23422.75,527514
1754539200,23418.5,23671.0,23329.0,23496.25,561716
1754625600,23518.25,23767.75,23503.0,23713.75,454190
1754884800,23764.0,23804.5,23587.5,23637.5,443981
1754971200,23635.0,23953.5,23596.0,23938.0,488577
1755057600,23945.0,24068.5,23886.0,23946.5,453506
1755144000,23927.75,24007.75,23793.25,23930.5,492051
1755230400,23888.75,23963.0,23734.5,23804.0,441888
1755489600,23795.0,23881.75,23719.0,23797.75,399622
1755576000,23800.75,23838.0,23426.0,23469.5,557582
1755662400,23461.0,23485.5,23035.0,23324.0,713574
1755748800,23323.0,23369.25,23119.0,23219.75,525924
1755835200,23225.25,23650.0,23076.75,23569.75,490867
1756094400,23602.0,23616.25,23443.25,23498.25,399485
1756180800,23505.75,23611.0,23371.5,23591.5,443746
1756267200,23604.0,23689.0,23434.75,23628.75,436560
1756353600,23542.25,23803.75,23487.5,23769.0,486265
1756440000,23760.5,23762.0,23397.5,23461.75,0
1756785600,23479.0,23552.5,23025.25,23275.0,744115
1756872000,23382.0,23525.25,23298.25,23448.75,563651
1756958400,23456.75,23708.75,23410.0,23668.0,484986
1757044800,23700.0,23902.0,23505.0,23684.0,674088
1757304000,23673.5,23888.0,23650.25,23799.75,457632
1757390400,23799.0,23921.25,23726.0,23874.0,473187
1757476800,23898.5,24044.25,23785.0,23877.75,521709
1757563200,23853.75,24046.0,23838.0,24017.75,445071
1757649600,24028.25,24159.0,23969.0,24113.25,425565
1757908800,24115.25,24315.5,24076.0,24309.25,366064
1757995200,24290.0,24403.5,24258.25,24284.0,211077
1758081600,24290.0,24312.5,24003.75,24222.5,171533
1758168000,24250.25,24569.5,24248.5,24460.25,106669
1758254400,24468.25,24575.0,24412.5,24568.0703125,505600
1758513600,24850.0,25027.25,24748.75,25003.0,481197
1758600000,24995.0,25026.0,24780.5,24827.25,564182
1758686400,24839.5,24913.5,24627.0,24739.25,530441
1758772800,24746.0,24793.5,24422.5,24629.25,710112
1758859200,24642.5,24747.5,24520.0,24726.75,548790
1759118400,24726.5,24975.5,24721.75,24837.75,508361
1759204800,24817.75,24913.75,24722.25,24901.75,513254
1759291200,24843.0,25036.75,24633.25,25017.5,474674
1759377600,25009.25,25180.0,24993.75,25110.0,460294
1759464000,25101.5,25196.5,24923.25,24992.0,490721
1759723200,25000.0,25252.75,24995.0,25184.75,414908
1759809600,25184.5,25275.0,24984.75,25039.25,539431
1759896000,25059.75,25364.75,25026.25,25331.0,451309
1759982400,25351.5,25394.0,25160.75,25289.25,500933
1760068800,25287.75,25388.0,24158.5,24397.0,934374
1760328000,24542.0,24965.0,24542.0,24922.25,934374
1760414400,24913.75,25044.25,24421.0,24762.5,729059
1760500800,24754.0,25115.0,24663.25,24924.5,637036
1760587200,24937.0,25179.5,24643.5,24831.25,738759
1760673600,24793.75,25055.75,24410.0,24986.5,743681
1760932800,25065.75,25354.5,24955.75,25305.25,437206
1761019200,25326.75,25368.0,25203.25,25294.75,441490
1761105600,25283.75,25338.25,24804.75,25039.25,695128
1761192000,25012.25,25296.0,24937.0,25254.0,527352
1761278400,25283.25,25570.75,25276.0,25509.25,467727
1761537600,25723.5,26013.5,25700.0,25963.75,435230
1761624000,26002.5,26231.5,25943.0,26163.5,452121
1761710400,26179.75,26379.75,26049.25,26262.5,557797
1761796800,26154.5,26399.0,25853.0,25882.75,665782
1761883200,26150.5,26274.0,25888.75,26004.0,597984
1762146000,26028.25,26266.0,26012.75,26103.25,0
1762232400,26104.5,26104.5,25522.75,25575.25,669483
1762318800,25545.0,25880.0,25282.0,25746.25,618171
1762405200,25738.5,25822.25,25197.75,25244.25,754444
1762491600,25314.75,25354.75,24709.25,25166.25,765092
1762750800,25320.75,25760.5,25269.0,25714.5,626203
1762837200,25722.25,25768.75,25478.5,25640.75,537967
1762923600,25668.0,25830.0,25488.75,25623.75,606259
1763010000,25624.0,25721.5,25002.5,25094.75,775125
1763096400,25095.25,25293.25,24626.0,25094.0,862322
1763355600,25142.25,25361.25,24731.75,24879.0,738978
1763442000,24905.5,24959.5,24376.25,24595.75,871074
1763528400,24551.0,24988.0,24445.0,24721.75,770449
1763614800,24966.75,25310.0,24073.25,24131.5,995836
1763701200,24110.0,24596.25,23904.5,24305.5,918728
1763960400,24455.75,24993.5,24361.75,24948.25,604148
1764046800,24966.25,25135.25,24602.0,25085.5,629575
1764133200,25071.25,25376.0,25061.25,25302.25,522196
1764340200,25313.0,25499.75,25285.75,25482.0,199445
1764565200,25482.5,25546.0,25193.25,25391.25,574734
1764651600,25411.5,25670.0,25324.75,25606.0,561951
1764738000,25611.0,25685.25,25421.5,25657.5,494194
1764824400,25650.25,25732.5,25488.75,25622.75,509526
1764910800,25629.75,25868.0,25579.75,25732.0,498264
1765170000,25750.0,25860.75,25564.75,25664.0,473150
1765256400,25713.0,25735.75,25560.0,25699.75,407387
1765342800,25680.0,25870.75,25528.75,25798.0,556710
1765429200,25769.5,25861.5,25383.0,25713.5,637723
1765515600,25701.0,25733.25,25118.0,25213.5,760749
1765774800,25223.5,25410.0,25033.25,25093.25,448073
1765861200,25101.25,25202.5,24828.0,25139.0,247876
1765947600,25091.75,25266.0,24654.5,24668.75,139991
1766034000,24744.0,25178.0,24675.5,25028.25,111598
1766120400,25002.5,25160.0,24977.5,25132.7890625,502611
1766379600,25635.25,25794.75,25628.0,25692.25,367322
1766466000,25701.0,25822.5,25608.25,25812.25,336346
1766586600,25815.75,25892.0,25777.5,25880.5,163037
1766725200,25868.0,25935.25,25834.25,25863.25,240485
1766984400,25863.25,25893.75,25648.0,25739.75,347055
1767070800,25740.0,25793.75,25668.25,25675.25,300558
1767157200,25683.25,25716.75,25429.0,25456.75,329352
1767330000,25478.5,25803.75,25265.25,25385.25,554838
1767589200,25431.75,25708.0,25406.5,25577.75,461305
1767675600,25583.0,25837.75,25527.5,25822.0,445573
1767762000,25831.25,25996.25,25727.0,25838.75,477861
1767848400,25838.75,25849.75,25569.0,25687.5,510805
1767934800,25725.0,25985.5,25615.5,25938.25,509669
1768194000,25949.0,26020.5,25632.75,25956.75,452996
1768280400,25953.5,26045.5,25803.25,25906.0,560438
1768366800,25900.75,25925.75,25420.75,25631.0,647871
1768453200,25593.0,25952.75,25562.5,25705.75,591058
1768539600,25720.5,25891.0,25591.5,25689.0,490573
1768885200,25471.0,25472.0,25095.25,25129.25,864568
1768971600,25149.5,25653.5,25025.0,25471.0,810753
1769058000,25529.5,25739.75,25483.75,25658.25,533607
1769144400,25605.0,25845.75,25540.25,25738.25,504901
1769403600,25585.5,25936.5,25365.25,25848.5,450290
1769490000,25861.25,26118.0,25838.5,26073.0,429460
1769576400,26111.25,26349.0,25993.25,26156.25,511937
1769662800,26282.5,26296.0,25536.0,25999.25,699097
1769749200,25998.5,26020.0,25568.75,25670.0,712197
1770008400,25530.0,25949.5,25180.25,25850.0,578865
1770094800,25876.5,26027.75,25219.0,25452.0,696150
1770181200,25387.5,25514.25,24783.5,24999.25,742646
1770267600,25061.75,25169.0,24407.25,24651.0,774469
1770354000,24416.0,25222.0,24239.75,25163.25,653956
1770613200,25153.75,25428.75,24955.5,25354.0,492306
1770699600,25363.0,25447.25,25198.25,25218.25,477554
1770786000,25259.0,25465.25,25058.25,25288.5,531730
1770872400,25289.0,25419.75,24721.5,24768.0,668338
1770958800,24842.25,24995.5,24578.75,24803.25,688226
1771304400,24789.75,24922.25,24449.25,24767.75,752646
1771390800,24773.75,25128.25,24700.75,24956.0,540796
1771477200,24943.5,25054.0,24749.0,24858.75,515038
1771563600,24837.75,25139.5,24678.5,25067.5,615358
1771822800,25033.75,25059.75,24668.0,24762.75,594568
1771909200,24788.0,25078.75,24694.5,25028.75,520239
1771995600,25016.25,25494.75,24992.0,25382.0,417621
1772082000,25388.25,25418.25,24861.75,25081.0,605581
1772168400,25024.25,25098.75,24782.0,25004.75,561211
1772427600,24682.5,25101.0,24477.0,25025.25,627650
1772514000,25002.75,25011.0,24352.0,24755.75,719421
1772600400,24710.75,25217.75,24499.0,25128.25,603596
1772686800,25156.5,25250.0,24772.5,25049.5,683962
1772773200,25019.75,25141.5,24601.0,24670.25,645082
1773028800,24435.25,25058.0,24000.0,24991.0,708630
1773115200,24981.5,25217.5,24830.0,24982.5,564644
1773201600,25010.25,25180.0,24873.5,24983.5,476593
1773288000,24934.5,24949.25,24517.75,24560.0,565145
1773374400,24567.0,24805.25,24333.75,24394.25,609146
1773633600,24285.0,24816.25,24278.0,24675.75,413547
1773720000,24668.75,24896.0,24517.0,24795.5,204810
1773806400,24796.0,24989.0,24350.0,24434.5,126918
1773892800,24399.75,24505.25,24115.0,24364.0,69553
1773979200,24417.25,24444.0,24108.75,24291.779296875,611673
1774238400,23902.0,24763.0,23772.5,24408.25,683625
1774324800,24417.25,24550.0,24134.0,24213.75,544209
1774411200,24420.0,24539.75,24286.5,24367.75,525449
1774497600,24373.5,24421.25,23763.25,23794.25,557306
1774584000,23824.0,23976.0,23232.5,23328.5,559271
1774843200,23189.5,23574.0,23024.5,23139.75,559453
1774929600,23119.5,23975.25,22961.5,23915.0,755160
1775016000,23889.0,24348.25,23880.0,24194.75,579693
1775102400,24180.0,24266.75,23666.0,24218.0,576893
1775448000,24093.5,24452.25,23981.5,24358.5,444473
1775534400,24348.75,24451.5,23941.5,24371.0,575961
1775620800,24514.0,25257.0,24355.0,25074.25,644388
1775707200,25037.75,25269.75,24953.0,25251.5,514186
1775793600,25237.0,25393.0,25193.0,25281.25,430719
1776052800,24980.0,25599.25,24904.5,25543.5,507117
1776139200,25575.25,26003.25,25560.0,25996.75,477724
1776225600,25985.75,26377.5,25933.75,26365.5,521771
1776312000,26350.0,26564.0,26275.5,26487.25,590117
1776398400,26460.0,26884.75,26440.0,26825.5,599136
1776657600,26599.75,26827.75,26535.0,26748.75,502901
1776744000,26776.75,26901.75,26551.75,26634.75,610696
1776830400,26729.5,27136.0,26727.75,27083.0,512026
1776916800,27075.0,27155.75,26681.75,26934.0,644095
1777003200,26992.0,27462.5,26992.0,27435.0,545525
1777262400,27403.25,27542.5,27298.5,27440.5,444514
1777348800,27423.0,27512.0,27009.5,27168.75,603738
1777435200,27197.25,27414.0,27094.0,27325.25,516846
1777521600,27207.0,27622.75,27163.25,27596.0,701348
1777608000,27631.75,27917.0,27536.25,27835.75,509821
1777867200,27890.0,27965.75,27613.0,27776.0,576727
1777953600,27760.0,28247.0,27731.75,28136.0,458058
1778040000,28250.0,28800.0,28243.0,28716.75,637911
1778126400,28662.75,28944.75,28552.0,28682.25,657049
1778212800,28582.0,29386.75,28541.0,29332.5,543817
1778472000,29294.0,29480.0,29225.75,29424.0,558723
1778558400,29399.0,29455.75,28742.0,29170.0,719824
1778644800,29143.75,29565.5,29055.5,29479.25,570739
1778731200,29537.0,29782.0,29448.25,29687.75,611771
1778817600,29690.0,29734.0,29089.75,29231.75,750779
1779076800,29135.0,29419.75,28814.75,29096.0,854443
1779163200,29100.0,29188.5,28663.0,28924.25,717466
1779249600,28929.75,29397.5,28797.25,29390.5,606377
1779336000,29253.0,29554.0,29113.0,29447.25,612220
1779422400,29444.0,29749.0,29436.0,29558.75,495134
1779768000,29676.25,30118.75,29676.25,30073.5,668516
1779854400,30050.0,30379.0,29877.5,30047.25,637375
1779940800,30120.0,30344.5,29763.0,30307.0,564551
1780027200,30328.0,30536.0,30216.5,30405.25,578992
1780286400,30415.5,30693.0,30291.5,30566.25,568793
1780372800,30544.75,30763.25,30317.75,30712.75,525212
1780459200,30741.75,30807.75,30478.25,30633.25,638765
1780545600,30453.0,30603.25,30151.0,30488.25,684303
1780632000,30414.0,30422.0,28781.25,29026.5,1044741
1780891200,28844.5,29743.0,28822.25,29454.75,846024
1780977600,29435.0,29848.25,28227.75,29117.0,1082950
1781064000,29094.75,29250.0,28409.0,28554.0,772662
1781150400,28455.0,29544.25,28265.75,29464.75,738252
1781236800,29456.75,29760.0,29230.0,29662.0,499151
1781496000,29907.0,30612.5,29907.0,30559.25,344999
1781582400,30539.75,30664.5,29956.75,29995.0,215042
1781668800,30006.75,30268.5,29616.0,29687.5,92564
1781755200,29758.5,30285.75,29758.5,30263.349609375,563315
1782100800,30577.0,30968.0,30337.5,30653.5,644848
1782187200,30662.75,30701.25,29577.25,29666.0,727043
1782273600,29770.0,30157.75,29264.75,29514.25,682714
1782360000,30089.75,30263.75,29295.75,29724.75,657543
1782446400,29742.0,29892.75,29160.5,29368.25,582809
1782705600,29282.5,30069.5,29273.75,30052.75,531640
1782792000,30007.25,30599.75,29934.75,30523.5,482570
1782878400,30505.75,30553.75,30008.5,30094.25,525442
1782964800,30089.75,30320.0,29328.5,29556.0,651643
1783310400,29930.25,30094.0,29683.0,29941.0,547644
1783396800,29960.0,29973.75,29210.0,29391.5,587510
1783483200,29373.75,29558.75,28909.75,29468.5,553586
1783569600,29412.0,29993.5,29395.0,29937.0,472581
1783656000,29937.75,30077.75,29675.0,30032.25,431679
1783915200,29952.0,30041.0,29386.5,29475.75,516287
1784001600,29446.0,29921.75,29303.5,29790.25,472860
1784088000,29805.0,30062.5,29397.0,29693.25,504329
1784174400,29709.0,29797.0,29078.5,29225.75,506282
1784260800,29191.0,29220.0,28408.25,28773.25,635199
1784520000,28747.75,29192.5,28709.75,28778.75,502826
1784606400,28778.25,29364.75,28701.0,29316.0,457614
1784692800,29310.75,29342.25,28952.0,29181.25,456902
1784779200,29100.0,29282.5,28432.5,28620.75,667509
1784865600,28700.25,28736.0,28212.5,28282.25,599439
1785124800,28500.0,28763.25,27939.0,28190.0,596053
1785211200,28210.5,28228.0,27603.5,27922.0,668434
1785297600,27962.0,28178.25,27201.5,27342.0,815515
1785384000,27202.0,28414.5,27202.0,28237.75,737532
1785470400,28317.0,28725.75,28079.75,28404.25,679547
1785729600,28565.0,28964.25,28313.5,28891.75,550089
1785816000,28930.0,29956.5,28831.75,29863.5,643753
1785902400,29777.25,30074.0,29530.75,29615.0,567073
1785988800,29569.5,29686.25,29241.25,29488.25,556323
1786075200,29514.25,29867.75,29453.5,29834.75,531146
1786334400,29851.25,29984.0,29718.75,29737.0,394392
1786420800,29764.5,29886.75,29533.5,29626.0,454357
1786507200,29657.75,30001.75,29624.5,29853.25,412530
1786593600,29825.0,30272.75,29780.5,30188.5,460408
1786680000,30210.75,30283.0,30028.5,30141.75,405685
1786939200,30170.0,30343.0,30054.5,30096.0,404828
1787025600,30077.0,30121.25,29514.0,29586.0,577517
1787112000,29566.5,29757.25,29375.75,29512.75,577168
1787198400,29561.5,29689.75,29202.75,29300.5,559747
1787284800,29327.0,29539.0,29220.0,29387.75,493893
1787544000,29392.25,29480.5,28946.75,29105.75,536026
1787630400,29140.5,29425.75,29017.0,29276.75,487191
1787716800,29288.0,29437.75,29096.0,29289.5,456602
1787803200,29499.5,29708.0,29401.75,29695.75,570995
1787889600,29635.5,29811.5,29436.25,29491.75,583609
1788148800,29540.0,29546.25,29273.5,29513.0,468460
1788235200,29518.25,29571.25,29002.0,29125.5,556412
1788321600,29136.5,29213.0,28927.25,29186.25,442250
1788408000,29177.0,29584.25,29075.0,29524.75,539285
1788494400,29505.0,29704.5,29468.0,29565.25,472983
1788840000,29535.25,29764.75,29424.75,29538.75,613787
1788926400,29526.5,29633.75,29333.0,29448.75,497007
1789012800,29458.5,29508.25,29043.25,29135.25,568263
1789099200,29141.0,29500.25,29040.5,29387.0,568263
1789352884,28997.75,29111.0,28981.0,29066.25,36422
