time,open,high,low,close,volume
1499659200,1416.4000244140625,1419.300048828125,1403.699951171875,1408.699951171875,2658
1499745600,1408.5999755859375,1414.0999755859375,1400.0,1413.0999755859375,5843
1499832000,1413.5,1432.800048828125,1411.5999755859375,1422.5999755859375,5998
1499918400,1422.800048828125,1426.0,1413.800048828125,1425.800048828125,4203
1500004800,1425.699951171875,1433.300048828125,1420.800048828125,1428.5999755859375,4915
1500264000,1429.0999755859375,1434.5999755859375,1422.4000244140625,1430.9000244140625,5151
1500350400,1428.9000244140625,1431.800048828125,1420.300048828125,1426.800048828125,5815
1500436800,1426.699951171875,1443.0,1425.0999755859375,1442.199951171875,8112
1500523200,1440.699951171875,1445.5,1438.5,1441.9000244140625,8966
1500609600,1442.0999755859375,1444.5,1432.300048828125,1435.4000244140625,8294
1500868800,1434.9000244140625,1438.0,1427.9000244140625,1436.4000244140625,7007
1500955200,1435.5,1452.300048828125,1435.5,1450.0999755859375,10881
1501041600,1450.699951171875,1452.199951171875,1439.800048828125,1441.300048828125,10838
1501128000,1443.0999755859375,1447.0,1424.699951171875,1431.199951171875,23019
1501214400,1431.699951171875,1432.9000244140625,1424.0999755859375,1430.0,12890
1501473600,1429.4000244140625,1433.4000244140625,1419.0999755859375,1424.699951171875,11694
1501560000,1428.9000244140625,1432.0999755859375,1419.0999755859375,1428.0,9124
1501646400,1427.4000244140625,1429.300048828125,1406.300048828125,1411.9000244140625,18192
1501732800,1411.199951171875,1414.300048828125,1400.5,1405.0,14721
1501819200,1405.5,1412.0999755859375,1403.199951171875,1411.199951171875,12151
1502078400,1411.5999755859375,1417.699951171875,1406.199951171875,1413.9000244140625,9211
1502164800,1413.199951171875,1426.800048828125,1405.800048828125,1409.4000244140625,21143
1502251200,1408.4000244140625,1409.5,1391.4000244140625,1397.199951171875,23740
1502337600,1398.5999755859375,1398.800048828125,1366.5999755859375,1370.0999755859375,29622
1502424000,1367.800048828125,1375.800048828125,1364.0999755859375,1372.300048828125,23829
1502683200,1371.9000244140625,1395.0,1371.9000244140625,1393.4000244140625,18258
1502769600,1394.300048828125,1400.300048828125,1381.4000244140625,1381.699951171875,13781
1502856000,1382.199951171875,1392.0999755859375,1380.0999755859375,1382.5999755859375,15080
1502942400,1381.0,1385.199951171875,1351.5,1354.5,33533
1503028800,1352.699951171875,1362.0,1348.699951171875,1357.0999755859375,24551
1503288000,1358.5999755859375,1360.9000244140625,1348.800048828125,1355.4000244140625,15654
1503374400,1355.5,1372.199951171875,1355.5,1370.800048828125,16832
1503460800,1369.199951171875,1373.300048828125,1359.4000244140625,1367.199951171875,16261
1503547200,1366.0,1377.0999755859375,1363.800048828125,1373.4000244140625,17431
1503633600,1374.199951171875,1380.699951171875,1369.9000244140625,1375.5999755859375,16234
1503892800,1375.5999755859375,1383.800048828125,1372.4000244140625,1381.800048828125,15536
1503979200,1375.4000244140625,1386.0,1368.5,1382.699951171875,27260
1504065600,1383.5,1392.800048828125,1378.9000244140625,1390.800048828125,20730
1504152000,1389.699951171875,1407.199951171875,1389.300048828125,1405.0,28336
1504238400,1403.5,1414.5,1403.5,1411.699951171875,18672
1504584000,1404.5,1419.9000244140625,1393.5,1401.199951171875,58154
1504670400,1400.0,1407.800048828125,1397.9000244140625,1401.5999755859375,56435
1504756800,1400.0,1404.5999755859375,1393.300048828125,1398.5,110598
1504843200,1398.5999755859375,1405.800048828125,1393.4000244140625,1403.5,177349
1505102400,1401.5,1417.199951171875,1401.5,1416.5999755859375,181603
1505188800,1415.800048828125,1424.800048828125,1415.699951171875,1423.5999755859375,202257
1505275200,1423.0999755859375,1430.0,1420.699951171875,1427.199951171875,103014
1505361600,1426.0,1429.199951171875,1422.0,1427.300048828125,88053
1505448000,1425.800048828125,1427.02001953125,1421.5999755859375,1427.02001953125,60742
1505707200,1432.699951171875,1445.199951171875,1431.5999755859375,1442.199951171875,65628
1505793600,1441.0999755859375,1444.5,1437.800048828125,1441.5999755859375,42991
1505880000,1440.699951171875,1447.9000244140625,1439.5999755859375,1447.0999755859375,78485
1505966400,1446.4000244140625,1449.800048828125,1441.9000244140625,1445.4000244140625,58202
1506052800,1444.4000244140625,1456.0,1438.5999755859375,1450.9000244140625,65989
1506312000,1449.9000244140625,1456.5,1444.0,1453.699951171875,80570
1506398400,1454.0,1462.0999755859375,1451.0,1457.9000244140625,64575
1506484800,1457.699951171875,1489.800048828125,1457.0999755859375,1487.9000244140625,183473
1506571200,1486.0,1492.800048828125,1478.699951171875,1492.5999755859375,101019
1506657600,1492.199951171875,1495.300048828125,1488.5,1492.9000244140625,93280
1506916800,1495.0,1513.5,1491.5999755859375,1512.5,92481
1507003200,1512.5,1516.199951171875,1504.4000244140625,1515.5999755859375,89811
1507089600,1515.5,1517.4000244140625,1505.0,1511.4000244140625,73785
1507176000,1508.5,1517.4000244140625,1508.5,1515.5,63467
1507262400,1513.5999755859375,1515.0,1506.5999755859375,1511.5999755859375,60826
1507521600,1510.800048828125,1518.0,1502.800048828125,1507.5999755859375,54419
1507608000,1507.0,1514.0,1505.300048828125,1510.0,77377
1507694400,1509.699951171875,1513.199951171875,1505.699951171875,1507.800048828125,60027
1507780800,1508.0999755859375,1511.199951171875,1501.0999755859375,1507.800048828125,70298
1507867200,1507.5999755859375,1511.800048828125,1503.0,1506.300048828125,61449
1508126400,1506.699951171875,1514.4000244140625,1501.199951171875,1505.4000244140625,73882
1508212800,1505.199951171875,1508.699951171875,1495.800048828125,1499.4000244140625,84540
1508299200,1499.699951171875,1510.300048828125,1499.0,1506.4000244140625,96438
1508385600,1506.300048828125,1507.4000244140625,1491.9000244140625,1502.9000244140625,83594
1508472000,1503.5,1514.0999755859375,1502.5999755859375,1510.300048828125,75931
1508731200,1508.5999755859375,1513.0999755859375,1496.300048828125,1497.699951171875,68427
1508817600,1496.5999755859375,1508.0,1496.5999755859375,1501.4000244140625,53460
1508904000,1499.800048828125,1500.5,1481.9000244140625,1498.0,97211
1508990400,1497.800048828125,1503.4000244140625,1494.5999755859375,1499.5999755859375,62403
1509076800,1499.5999755859375,1509.199951171875,1492.5,1508.0,94230
1509336000,1507.5999755859375,1508.800048828125,1483.0999755859375,1493.0999755859375,120264
1509422400,1490.9000244140625,1508.0,1490.4000244140625,1502.699951171875,102775
1509508800,1503.4000244140625,1516.300048828125,1483.5,1491.9000244140625,135935
1509595200,1488.5999755859375,1501.5999755859375,1482.199951171875,1496.0999755859375,92441
1509681600,1495.5999755859375,1498.699951171875,1489.5,1494.800048828125,67919
1509944400,1493.699951171875,1503.0,1489.199951171875,1497.0,79803
1510030800,1498.0999755859375,1500.5999755859375,1474.0,1477.300048828125,125341
1510117200,1476.0,1483.0999755859375,1467.0,1482.5,120572
1510203600,1482.9000244140625,1485.300048828125,1461.4000244140625,1477.5,173627
1510290000,1477.5,1479.9000244140625,1470.300048828125,1474.199951171875,106273
1510549200,1474.5999755859375,1477.5,1463.199951171875,1473.5999755859375,85311
1510635600,1472.4000244140625,1474.5,1464.300048828125,1470.5,90447
1510722000,1469.800048828125,1470.699951171875,1453.0,1463.800048828125,132971
1510808400,1463.800048828125,1492.5999755859375,1462.0999755859375,1486.0,134040
1510894800,1485.699951171875,1498.9000244140625,1480.199951171875,1492.9000244140625,109846
1511154000,1492.5999755859375,1504.5,1486.300048828125,1504.0999755859375,84425
1511240400,1503.699951171875,1521.5,1501.800048828125,1518.800048828125,94612
1511326800,1517.9000244140625,1526.4000244140625,1514.0,1516.5999755859375,41208
1511533800,1512.800048828125,1524.5,1510.300048828125,1518.5,43404
1511758800,1520.199951171875,1524.5999755859375,1512.5999755859375,1513.300048828125,82248
1511845200,1515.4000244140625,1538.199951171875,1511.5,1536.300048828125,125638
1511931600,1535.800048828125,1550.699951171875,1534.5,1541.199951171875,136222
1512018000,1541.800048828125,1554.0999755859375,1538.800048828125,1545.4000244140625,165135
1512104400,1542.5999755859375,1545.9000244140625,1494.800048828125,1537.5999755859375,239369
1512363600,1547.699951171875,1562.0,1528.9000244140625,1531.0999755859375,162229
1512450000,1532.0999755859375,1539.300048828125,1515.0999755859375,1516.4000244140625,143969
1512536400,1516.199951171875,1519.5999755859375,1506.5999755859375,1508.0999755859375,124147
1512622800,1509.0,1526.0999755859375,1507.0999755859375,1520.9000244140625,204875
1512709200,1521.5,1529.699951171875,1519.800048828125,1521.0999755859375,221434
1512968400,1521.699951171875,1528.199951171875,1517.0999755859375,1522.199951171875,247564
1513054800,1523.199951171875,1526.300048828125,1515.0999755859375,1516.300048828125,122769
1513141200,1517.0,1534.300048828125,1509.699951171875,1525.800048828125,86315
1513227600,1524.300048828125,1528.699951171875,1502.9000244140625,1508.699951171875,55447
1513314000,1507.0,1517.199951171875,1507.0,1510.219970703125,145223
1513573200,1536.5999755859375,1557.0,1535.5,1551.0999755859375,100439
1513659600,1552.199951171875,1556.800048828125,1536.0999755859375,1538.5,89562
1513746000,1538.5,1548.800048828125,1537.5,1539.800048828125,82396
1513832400,1540.199951171875,1555.5999755859375,1539.0999755859375,1550.199951171875,66488
1513918800,1550.5,1553.699951171875,1542.9000244140625,1543.699951171875,36695
1514264400,1544.300048828125,1550.199951171875,1542.800048828125,1547.5,37195
1514350800,1548.199951171875,1554.0,1540.9000244140625,1545.5,62646
1514437200,1544.800048828125,1550.300048828125,1542.800048828125,1549.5999755859375,42124
1514523600,1548.9000244140625,1557.0,1529.5,1536.5,97909
1514869200,1538.800048828125,1553.199951171875,1533.5,1548.800048828125,107483
1514955600,1548.800048828125,1557.699951171875,1547.800048828125,1555.5,92646
1515042000,1554.5,1564.0,1552.800048828125,1557.0,74776
1515128400,1557.199951171875,1562.5999755859375,1551.5999755859375,1561.9000244140625,88061
1515387600,1561.0,1565.9000244140625,1546.800048828125,1562.4000244140625,92580
1515474000,1562.5,1567.5,1558.699951171875,1560.699951171875,79417
1515560400,1559.199951171875,1563.9000244140625,1548.5,1561.9000244140625,101342
1515646800,1561.4000244140625,1589.699951171875,1559.0999755859375,1587.9000244140625,123788
1515733200,1586.0,1602.199951171875,1585.199951171875,1596.0999755859375,118605
1516078800,1594.0999755859375,1607.199951171875,1570.699951171875,1577.199951171875,170923
1516165200,1578.0999755859375,1593.4000244140625,1575.699951171875,1589.0,117927
1516251600,1588.800048828125,1592.0,1574.4000244140625,1575.0,108950
1516338000,1576.699951171875,1601.5999755859375,1572.5,1599.0,138361
1516597200,1593.4000244140625,1608.9000244140625,1591.0,1607.0,95270
1516683600,1607.199951171875,1616.300048828125,1599.800048828125,1613.0999755859375,96856
1516770000,1611.800048828125,1619.199951171875,1596.5,1601.0999755859375,128469
1516856400,1601.0999755859375,1612.4000244140625,1594.5999755859375,1604.4000244140625,106295
1516942800,1604.0,1610.0,1600.0999755859375,1609.5999755859375,69360
1517202000,1609.0999755859375,1612.9000244140625,1596.9000244140625,1597.800048828125,90577
1517288400,1598.9000244140625,1601.5,1579.5999755859375,1586.800048828125,134710
1517374800,1586.300048828125,1596.699951171875,1570.800048828125,1576.0,126675
1517461200,1578.699951171875,1584.800048828125,1565.5,1582.5999755859375,136429
1517547600,1583.0,1585.800048828125,1542.199951171875,1544.199951171875,179494
1517806800,1543.5,1548.5,1447.300048828125,1459.300048828125,263121
1517893200,1470.5999755859375,1513.5999755859375,1415.0999755859375,1507.4000244140625,250735
1517979600,1502.199951171875,1517.9000244140625,1487.5,1497.5999755859375,182834
1518066000,1495.5999755859375,1512.0,1461.699951171875,1463.800048828125,198916
1518152400,1463.800048828125,1489.300048828125,1433.800048828125,1476.699951171875,280428
1518411600,1480.199951171875,1498.5,1463.5999755859375,1492.300048828125,196111
1518498000,1489.4000244140625,1497.800048828125,1475.9000244140625,1496.199951171875,102455
1518584400,1496.199951171875,1524.699951171875,1470.0,1520.699951171875,174072
1518670800,1521.5,1542.5999755859375,1514.9000244140625,1540.9000244140625,110308
1518757200,1539.0,1552.5999755859375,1533.9000244140625,1544.199951171875,122115
1519102800,1543.5,1551.0,1526.0,1530.5999755859375,113145
1519189200,1530.5999755859375,1557.5999755859375,1524.0999755859375,1528.199951171875,131682
1519275600,1527.5999755859375,1549.699951171875,1517.0,1536.4000244140625,112464
1519362000,1536.5,1551.800048828125,1530.5,1551.199951171875,0
1519621200,1552.300048828125,1563.5,1543.300048828125,1561.699951171875,75032
1519707600,1560.5999755859375,1567.9000244140625,1535.0999755859375,1538.300048828125,105290
1519794000,1537.9000244140625,1544.800048828125,1508.0999755859375,1511.199951171875,146383
1519880400,1512.0,1523.9000244140625,1491.699951171875,1505.4000244140625,193204
1519966800,1505.4000244140625,1535.9000244140625,1490.4000244140625,1530.4000244140625,151598
1520226000,1525.5,1550.800048828125,1514.800048828125,1543.5999755859375,128002
1520312400,1543.199951171875,1562.5999755859375,1536.0,1559.0999755859375,109833
1520398800,1549.800048828125,1578.0999755859375,1538.0,1573.4000244140625,134921
1520485200,1574.199951171875,1582.9000244140625,1563.0,1573.699951171875,162802
1520571600,1573.199951171875,1598.5,1570.0,1597.300048828125,170839
1520827200,1599.0,1606.699951171875,1593.199951171875,1601.9000244140625,222797
1520913600,1601.699951171875,1611.9000244140625,1590.0999755859375,1597.699951171875,126322
1521000000,1593.5,1604.9000244140625,1582.5,1584.800048828125,58812
1521086400,1585.0,1589.800048828125,1572.0,1579.0999755859375,21603
1521172800,1582.0999755859375,1589.0999755859375,1576.0,1576.8199462890625,112280
1521432000,1591.199951171875,1591.199951171875,1555.0999755859375,1577.5999755859375,121003
1521518400,1577.5,1582.300048828125,1568.5999755859375,1576.699951171875,80768
1521604800,1575.9000244140625,1594.199951171875,1570.9000244140625,1584.0999755859375,109879
1521691200,1583.5999755859375,1589.800048828125,1542.4000244140625,1543.9000244140625,181540
1521777600,1547.0,1555.199951171875,1513.0999755859375,1518.4000244140625,187902
1522036800,1518.4000244140625,1547.0,1516.199951171875,1546.0,137168
1522123200,1546.0,1557.5,1509.4000244140625,1518.699951171875,154513
1522209600,1516.5999755859375,1526.800048828125,1506.199951171875,1517.4000244140625,158398
1522296000,1519.800048828125,1543.5999755859375,1514.5,1531.199951171875,142313
1522641600,1527.5,1532.699951171875,1482.5,1491.699951171875,176431
1522728000,1495.199951171875,1517.5,1492.800048828125,1513.699951171875,138667
1522814400,1514.5,1537.4000244140625,1484.4000244140625,1534.9000244140625,132697
1522900800,1534.199951171875,1547.5999755859375,1532.300048828125,1543.699951171875,97445
1522987200,1545.5999755859375,1547.0999755859375,1502.300048828125,1515.4000244140625,143614
1523246400,1517.199951171875,1537.5,1513.5,1519.5,93084
1523332800,1519.0,1551.5,1514.199951171875,1545.5,121205
1523419200,1544.9000244140625,1554.800048828125,1530.300048828125,1548.5999755859375,87652
1523505600,1549.0,1565.5999755859375,1548.800048828125,1559.300048828125,81507
1523592000,1558.300048828125,1564.699951171875,1546.5,1552.800048828125,96307
1523851200,1557.9000244140625,1570.4000244140625,1552.699951171875,1566.4000244140625,96186
1523937600,1565.5999755859375,1587.0,1564.5999755859375,1584.0999755859375,92271
1524024000,1582.800048828125,1595.9000244140625,1582.199951171875,1587.800048828125,80293
1524110400,1588.0,1590.9000244140625,1570.0999755859375,1575.0999755859375,89091
1524196800,1574.5,1578.699951171875,1562.5,1566.699951171875,94369
1524456000,1573.9000244140625,1574.4000244140625,1556.699951171875,1565.300048828125,65551
1524542400,1564.199951171875,1577.800048828125,1542.9000244140625,1556.800048828125,134372
1524628800,1556.300048828125,1559.9000244140625,1540.4000244140625,1555.0999755859375,121512
1524715200,1556.300048828125,1565.5999755859375,1550.0999755859375,1564.199951171875,92993
1524801600,1563.5999755859375,1564.699951171875,1548.5,1558.9000244140625,86429
1525060800,1557.5,1567.4000244140625,1541.699951171875,1543.800048828125,102790
1525147200,1543.0,1555.0,1527.199951171875,1552.9000244140625,114649
1525233600,1553.0999755859375,1568.199951171875,1546.5999755859375,1552.5,93731
1525320000,1552.5999755859375,1558.199951171875,1531.0,1551.0999755859375,137459
1525406400,1550.0999755859375,1575.199951171875,1537.5999755859375,1566.800048828125,111839
1525665600,1566.800048828125,1588.699951171875,1565.699951171875,1581.4000244140625,86127
1525752000,1580.5,1590.0,1575.0999755859375,1589.5,99277
1525838400,1589.0999755859375,1600.9000244140625,1583.5,1598.4000244140625,97288
1525924800,1598.199951171875,1611.5,1596.300048828125,1605.199951171875,84089
1526011200,1604.300048828125,1611.0,1599.800048828125,1609.5,87044
1526270400,1608.5,1616.4000244140625,1598.4000244140625,1604.300048828125,102885
1526356800,1604.0,1605.699951171875,1591.0,1601.800048828125,110559
1526443200,1602.699951171875,1622.800048828125,1598.9000244140625,1619.0999755859375,95436
1526529600,1619.699951171875,1629.5999755859375,1616.300048828125,1626.5999755859375,87643
1526616000,1626.300048828125,1632.5,1623.699951171875,1626.9000244140625,87071
1526875200,1633.699951171875,1641.5999755859375,1630.9000244140625,1640.699951171875,81926
1526961600,1640.4000244140625,1643.800048828125,1625.4000244140625,1626.800048828125,76218
1527048000,1625.800048828125,1632.0999755859375,1618.0999755859375,1629.5,88235
1527134400,1629.5,1632.4000244140625,1614.699951171875,1630.0999755859375,94847
1527220800,1629.800048828125,1636.300048828125,1623.0999755859375,1625.300048828125,73372
1527566400,1624.0,1630.9000244140625,1607.0999755859375,1625.199951171875,144076
1527652800,1626.0,1652.800048828125,1621.0999755859375,1649.5999755859375,127606
1527739200,1648.5,1654.199951171875,1631.5999755859375,1634.199951171875,138677
1527825600,1637.9000244140625,1652.199951171875,1636.9000244140625,1650.199951171875,113895
1528084800,1648.699951171875,1656.0999755859375,1641.199951171875,1654.5,94884
1528171200,1655.0,1667.699951171875,1651.4000244140625,1666.0999755859375,100441
1528257600,1665.699951171875,1679.4000244140625,1663.800048828125,1678.300048828125,102858
1528344000,1678.0,1681.199951171875,1659.9000244140625,1670.199951171875,173620
1528430400,1671.0,1673.699951171875,1661.0,1671.0999755859375,182483
1528689600,1668.5,1678.699951171875,1666.199951171875,1676.4000244140625,237882
1528776000,1674.699951171875,1686.800048828125,1672.199951171875,1681.4000244140625,136805
1528862400,1682.9000244140625,1686.199951171875,1673.699951171875,1675.5999755859375,73446
1528948800,1676.0,1687.5,1671.0999755859375,1686.199951171875,33028
1529035200,1684.4000244140625,1687.5,1676.0,1677.75,128066
1529294400,1687.5,1699.800048828125,1677.199951171875,1699.5999755859375,99617
1529380800,1698.5,1699.800048828125,1675.5999755859375,1698.800048828125,138870
1529467200,1699.0,1713.9000244140625,1694.9000244140625,1713.4000244140625,113402
1529553600,1712.300048828125,1720.800048828125,1689.199951171875,1693.699951171875,153981
1529640000,1693.5999755859375,1703.0999755859375,1684.300048828125,1691.199951171875,196796
1529899200,1689.0,1690.699951171875,1652.0999755859375,1662.300048828125,202019
1529985600,1662.5999755859375,1677.800048828125,1657.5999755859375,1674.5999755859375,161925
1530072000,1673.199951171875,1675.800048828125,1643.4000244140625,1644.4000244140625,162408
1530158400,1643.0,1652.300048828125,1632.5,1650.699951171875,155489
1530244800,1650.4000244140625,1660.5999755859375,1645.9000244140625,1647.5,147252
1530504000,1646.5,1660.9000244140625,1633.300048828125,1660.0,122569
1530624600,1659.699951171875,1673.0999755859375,1655.5999755859375,1667.300048828125,0
1530763200,1670.4000244140625,1685.300048828125,1664.0,1684.0999755859375,123183
1530849600,1681.699951171875,1701.800048828125,1678.699951171875,1701.0,96099
1531108800,1700.800048828125,1711.0,1700.0,1710.4000244140625,75634
1531195200,1710.699951171875,1715.0,1690.4000244140625,1700.199951171875,94478
1531281600,1692.5999755859375,1702.0999755859375,1683.5999755859375,1686.699951171875,117140
1531368000,1689.9000244140625,1697.9000244140625,1681.5999755859375,1692.300048828125,110108
1531454400,1692.800048828125,1702.699951171875,1688.800048828125,1691.5999755859375,92506
1531713600,1692.4000244140625,1695.5,1674.4000244140625,1683.199951171875,99564
1531800000,1682.9000244140625,1695.300048828125,1680.300048828125,1690.199951171875,99006
1531886400,1691.4000244140625,1695.199951171875,1680.0999755859375,1694.199951171875,81389
1531972800,1694.699951171875,1707.199951171875,1687.0,1705.5,106212
1532059200,1704.300048828125,1707.5999755859375,1697.5,1698.9000244140625,101530
1532318400,1699.699951171875,1705.699951171875,1691.9000244140625,1702.699951171875,77532
1532404800,1701.9000244140625,1711.800048828125,1676.0999755859375,1682.199951171875,123494
1532491200,1680.0,1691.0,1674.800048828125,1689.800048828125,116069
1532577600,1687.5,1707.699951171875,1687.5,1701.0999755859375,114870
1532664000,1699.0,1703.300048828125,1661.199951171875,1661.9000244140625,142190
1532923200,1661.5999755859375,1673.4000244140625,1653.4000244140625,1655.0,122938
1533009600,1656.199951171875,1679.699951171875,1653.300048828125,1672.4000244140625,140980
1533096000,1677.199951171875,1677.300048828125,1657.5999755859375,1668.0999755859375,105726
1533182400,1670.5999755859375,1685.699951171875,1656.800048828125,1684.800048828125,110415
1533268800,1685.5,1689.5,1668.199951171875,1675.300048828125,112683
1533528000,1676.699951171875,1687.5999755859375,1671.0,1686.9000244140625,86933
1533614400,1686.5999755859375,1697.300048828125,1686.0,1691.5,87892
1533700800,1692.199951171875,1692.300048828125,1676.5999755859375,1687.0999755859375,87229
1533787200,1685.699951171875,1699.199951171875,1685.0999755859375,1693.0,71711
1533873600,1691.9000244140625,1698.5,1680.5,1687.300048828125,107057
1534132800,1686.5,1691.9000244140625,1669.9000244140625,1677.0999755859375,115570
1534219200,1678.0999755859375,1697.800048828125,1677.9000244140625,1696.5999755859375,100358
1534305600,1696.5999755859375,1697.4000244140625,1662.5,1673.800048828125,148349
1534392000,1674.0,1693.0,1671.0,1689.199951171875,91739
1534478400,1688.5,1697.699951171875,1680.300048828125,1696.9000244140625,85402
1534737600,1697.5999755859375,1702.9000244140625,1689.199951171875,1699.199951171875,81694
1534824000,1700.199951171875,1724.9000244140625,1695.9000244140625,1717.199951171875,120076
1534910400,1712.5,1725.800048828125,1708.4000244140625,1723.300048828125,87291
1534996800,1723.9000244140625,1726.300048828125,1712.699951171875,1717.5999755859375,92226
1535083200,1719.0999755859375,1728.699951171875,1718.0,1726.800048828125,74424
1535342400,1727.9000244140625,1740.199951171875,1726.9000244140625,1731.0999755859375,82953
1535428800,1731.0,1735.5999755859375,1721.5999755859375,1729.5,76771
1535515200,1729.5999755859375,1738.300048828125,1724.9000244140625,1736.5999755859375,83206
1535601600,1737.4000244140625,1742.800048828125,1728.300048828125,1734.9000244140625,96000
1535688000,1732.800048828125,1744.0,1727.800048828125,1740.5999755859375,0
1536033600,1743.699951171875,1746.300048828125,1720.5999755859375,1734.5999755859375,139773
1536120000,1735.199951171875,1736.4000244140625,1713.0999755859375,1728.699951171875,123502
1536206400,1729.300048828125,1734.300048828125,1713.5,1715.199951171875,127835
1536292800,1714.800048828125,1723.699951171875,1705.800048828125,1715.800048828125,125193
1536552000,1715.199951171875,1726.0999755859375,1713.0,1719.699951171875,107963
1536638400,1719.0999755859375,1725.300048828125,1708.800048828125,1720.9000244140625,113716
1536724800,1721.5999755859375,1722.5,1702.0999755859375,1716.5999755859375,133565
1536811200,1715.4000244140625,1724.5999755859375,1711.199951171875,1715.0,161747
1536897600,1715.300048828125,1728.199951171875,1712.5999755859375,1723.699951171875,175152
1537156800,1720.300048828125,1723.9000244140625,1701.699951171875,1704.300048828125,223129
1537243200,1703.4000244140625,1715.5,1697.800048828125,1713.0,141553
1537329600,1713.300048828125,1719.0999755859375,1698.9000244140625,1705.0,103007
1537416000,1705.800048828125,1724.5,1704.699951171875,1723.5,37217
1537502400,1723.199951171875,1727.5,1720.0,1720.3499755859375,126125
1537761600,1713.0,1717.300048828125,1699.4000244140625,1709.4000244140625,99941
1537848000,1710.5999755859375,1717.699951171875,1708.4000244140625,1714.5,78390
1537934400,1715.0999755859375,1719.4000244140625,1693.0,1695.199951171875,119678
1538020800,1696.199951171875,1703.0999755859375,1693.4000244140625,1696.5,100798
1538107200,1698.699951171875,1706.0999755859375,1686.9000244140625,1700.800048828125,133550
1538366400,1703.699951171875,1711.800048828125,1672.5999755859375,1678.699951171875,158271
1538452800,1679.699951171875,1680.4000244140625,1656.5999755859375,1660.5,147722
1538539200,1660.800048828125,1682.300048828125,1659.0999755859375,1678.300048828125,146492
1538625600,1675.699951171875,1675.800048828125,1645.5,1650.5999755859375,174409
1538712000,1653.0999755859375,1657.5999755859375,1620.4000244140625,1639.4000244140625,202230
1538971200,1640.800048828125,1642.5,1619.199951171875,1634.0,115794
1539057600,1634.0,1641.4000244140625,1623.5,1626.800048828125,143909
1539144000,1627.0999755859375,1629.5,1565.9000244140625,1570.5,250682
1539230400,1567.699951171875,1586.0,1544.4000244140625,1553.699951171875,315939
1539316800,1555.4000244140625,1575.800048828125,1530.699951171875,1549.4000244140625,262954
1539576000,1553.0999755859375,1565.0,1535.699951171875,1550.699951171875,193762
1539662400,1550.0,1601.800048828125,1548.5,1600.699951171875,197212
1539748800,1598.800048828125,1602.0999755859375,1570.699951171875,1594.0999755859375,162781
1539835200,1593.300048828125,1594.0999755859375,1555.4000244140625,1562.199951171875,162728
1539921600,1564.5,1575.4000244140625,1539.199951171875,1542.699951171875,158060
1540180800,1541.0,1556.5,1532.800048828125,1542.199951171875,127969
1540267200,1541.800048828125,1542.800048828125,1500.199951171875,1531.199951171875,196436
1540353600,1531.300048828125,1534.4000244140625,1467.699951171875,1469.800048828125,200991
1540440000,1478.300048828125,1509.0,1469.4000244140625,1495.0999755859375,188020
1540526400,1488.0,1504.9000244140625,1457.4000244140625,1490.9000244140625,224802
1540785600,1488.0999755859375,1517.0,1460.699951171875,1480.199951171875,190562
1540872000,1478.0,1514.0999755859375,1474.800048828125,1512.0,192313
1540958400,1512.300048828125,1529.4000244140625,1508.5,1511.9000244140625,184307
1541044800,1511.4000244140625,1548.199951171875,1510.5999755859375,1542.0999755859375,178877
1541131200,1537.699951171875,1559.699951171875,1534.5999755859375,1549.5999755859375,186367
1541394000,1548.9000244140625,1557.0999755859375,1533.5,1549.800048828125,119893
1541480400,1549.5999755859375,1562.300048828125,1543.699951171875,1559.5,117221
1541566800,1557.5,1585.800048828125,1550.4000244140625,1584.199951171875,159426
1541653200,1584.0,1589.199951171875,1573.5,1582.0999755859375,116226
1541739600,1580.199951171875,1582.9000244140625,1539.0999755859375,1551.699951171875,157203
1541998800,1552.4000244140625,1561.9000244140625,1518.199951171875,1520.4000244140625,178481
1542085200,1522.0,1540.699951171875,1512.5,1517.4000244140625,164615
1542171600,1520.300048828125,1534.4000244140625,1494.0,1499.800048828125,184018
1542258000,1501.5999755859375,1528.699951171875,1490.199951171875,1527.4000244140625,191882
1542344400,1526.5999755859375,1532.4000244140625,1509.4000244140625,1531.5,152262
1542603600,1528.0999755859375,1533.4000244140625,1492.0,1500.4000244140625,153277
1542690000,1501.800048828125,1501.800048828125,1464.0999755859375,1466.9000244140625,192128
1542776400,1466.199951171875,1501.9000244140625,1463.5999755859375,1487.9000244140625,116532
1542983400,1477.5,1501.0,1472.5,1486.0999755859375,89441
1543208400,1490.0,1512.199951171875,1486.199951171875,1503.5,120977
1543294800,1498.9000244140625,1511.0,1490.5999755859375,1493.699951171875,123860
1543381200,1494.9000244140625,1532.0999755859375,1484.199951171875,1527.9000244140625,159698
1543467600,1525.5,1535.300048828125,1512.199951171875,1527.5,126902
1543554000,1526.5999755859375,1536.5999755859375,1518.0,1534.5999755859375,139832
1543813200,1548.300048828125,1562.4000244140625,1527.5,1547.800048828125,152270
1543899600,1547.5999755859375,1549.300048828125,1478.199951171875,1481.9000244140625,227560
1544072400,1489.5999755859375,1490.699951171875,1440.699951171875,1475.300048828125,236105
1544158800,1477.5999755859375,1489.0,1438.800048828125,1450.0999755859375,199558
1544418000,1446.199951171875,1456.5,1420.4000244140625,1447.0999755859375,192096
1544504400,1449.0999755859375,1468.4000244140625,1430.0,1444.199951171875,166591
1544590800,1438.9000244140625,1474.199951171875,1438.800048828125,1455.5999755859375,168444
1544677200,1455.800048828125,1464.800048828125,1431.0999755859375,1432.4000244140625,202791
1544763600,1434.9000244140625,1438.0,1406.5,1412.300048828125,159074
1545022800,1409.800048828125,1419.9000244140625,1371.699951171875,1386.4000244140625,234965
1545109200,1387.9000244140625,1402.300048828125,1368.0999755859375,1372.300048828125,144496
1545195600,1370.800048828125,1400.0,1340.699951171875,1345.5999755859375,106795
1545282000,1346.0,1361.5999755859375,1312.0,1336.199951171875,89750
1545368400,1337.0,1342.300048828125,1324.9000244140625,1326.219970703125,250825
1545661800,1295.0,1305.0,1263.199951171875,1264.199951171875,123726
1545800400,1267.0999755859375,1333.4000244140625,1252.0,1331.0999755859375,177796
1545886800,1329.4000244140625,1337.199951171875,1288.9000244140625,1333.699951171875,225242
1545973200,1335.300048828125,1360.5999755859375,1326.199951171875,1340.9000244140625,165135
1546232400,1345.300048828125,1354.800048828125,1328.0999755859375,1349.0,155975
1546405200,1353.199951171875,1362.800048828125,1323.5,1356.199951171875,162604
1546491600,1344.9000244140625,1357.0999755859375,1326.4000244140625,1330.4000244140625,174035
1546578000,1333.0999755859375,1387.300048828125,1325.300048828125,1381.5999755859375,182263
1546837200,1384.4000244140625,1414.5999755859375,1375.800048828125,1405.9000244140625,173010
1546923600,1406.800048828125,1429.300048828125,1404.5999755859375,1425.9000244140625,164464
1547010000,1424.0,1445.0999755859375,1422.800048828125,1437.5,136836
1547096400,1436.4000244140625,1448.5999755859375,1424.300048828125,1446.5999755859375,139747
1547182800,1445.800048828125,1450.9000244140625,1437.300048828125,1447.699951171875,114992
1547442000,1446.199951171875,1446.5,1431.4000244140625,1433.9000244140625,122885
1547528400,1435.0999755859375,1447.5,1431.800048828125,1443.199951171875,145658
1547614800,1442.4000244140625,1463.5999755859375,1440.9000244140625,1454.199951171875,113699
1547701200,1453.0999755859375,1473.800048828125,1445.5,1468.300048828125,127420
1547787600,1469.9000244140625,1489.699951171875,1466.5999755859375,1484.300048828125,138782
1548133200,1481.9000244140625,1483.9000244140625,1450.5999755859375,1459.800048828125,150609
1548219600,1460.0,1472.199951171875,1444.4000244140625,1455.4000244140625,121941
1548306000,1454.5999755859375,1467.5999755859375,1450.300048828125,1460.9000244140625,104759
1548392400,1463.5999755859375,1486.5999755859375,1461.0999755859375,1482.5999755859375,111149
1548651600,1481.199951171875,1482.800048828125,1463.300048828125,1475.0,128819
1548738000,1474.4000244140625,1478.9000244140625,1467.199951171875,1472.5999755859375,96302
1548824400,1475.5999755859375,1493.4000244140625,1466.0999755859375,1488.5999755859375,133097
1548910800,1488.5,1504.699951171875,1484.4000244140625,1500.199951171875,169049
1548997200,1502.5999755859375,1506.699951171875,1495.300048828125,1503.5,122022
1549256400,1499.5999755859375,1519.5999755859375,1498.300048828125,1517.4000244140625,101524
1549342800,1517.800048828125,1525.699951171875,1511.9000244140625,1518.4000244140625,91034
1549429200,1518.0,1523.300048828125,1510.5,1517.5,74595
1549515600,1517.4000244140625,1518.199951171875,1492.9000244140625,1505.5999755859375,118735
1549602000,1504.4000244140625,1510.0,1493.9000244140625,1508.0999755859375,87306
1549861200,1509.800048828125,1520.800048828125,1504.800048828125,1520.0,93109
1549947600,1519.0999755859375,1541.5,1518.5,1538.5,108845
1550034000,1538.0,1546.800048828125,1535.9000244140625,1542.199951171875,92584
1550120400,1541.5,1552.5,1532.5,1544.5999755859375,130853
1550206800,1543.699951171875,1572.699951171875,1537.199951171875,1570.5999755859375,121864
1550552400,1570.4000244140625,1579.9000244140625,1562.699951171875,1575.699951171875,103317
1550638800,1575.0,1584.699951171875,1571.699951171875,1583.5999755859375,112963
1550725200,1583.4000244140625,1590.9000244140625,1569.0,1577.5,118384
1550811600,1576.0,1592.4000244140625,1575.0999755859375,1589.9000244140625,103238
1551070800,1596.0,1603.5999755859375,1589.300048828125,1591.0999755859375,91833
1551157200,1589.0999755859375,1590.5,1575.0999755859375,1576.699951171875,104252
1551243600,1574.4000244140625,1583.5,1569.199951171875,1582.0999755859375,93314
1551330000,1582.0,1582.5999755859375,1571.199951171875,1575.5,116696
1551416400,1575.800048828125,1591.0,1574.800048828125,1589.5,124013
1551675600,1592.4000244140625,1598.0,1563.0999755859375,1574.4000244140625,141342
1551762000,1574.0999755859375,1579.300048828125,1566.9000244140625,1569.800048828125,93445
1551848400,1567.5,1569.199951171875,1535.5999755859375,1537.0,172797
1551934800,1537.0999755859375,1541.800048828125,1520.199951171875,1523.5999755859375,236604
1552021200,1524.0,1526.699951171875,1512.5999755859375,1525.699951171875,162064
1552276800,1526.699951171875,1550.9000244140625,1519.300048828125,1548.5,237708
1552363200,1549.199951171875,1556.5999755859375,1544.699951171875,1548.9000244140625,122014
1552449600,1549.0,1563.9000244140625,1543.4000244140625,1558.4000244140625,64689
1552536000,1558.0,1561.300048828125,1546.800048828125,1547.5999755859375,31165
1552622400,1549.5,1563.5,1547.699951171875,1551.9000244140625,138191
1552881600,1558.0999755859375,1575.5999755859375,1555.199951171875,1569.9000244140625,128822
1552968000,1570.699951171875,1577.699951171875,1556.4000244140625,1558.699951171875,129533
1553054400,1559.5999755859375,1569.199951171875,1538.5,1546.800048828125,169223
1553140800,1544.0,1575.699951171875,1538.800048828125,1568.5999755859375,175957
1553227200,1566.4000244140625,1569.9000244140625,1508.5,1511.0999755859375,249903
1553486400,1511.5,1526.9000244140625,1497.4000244140625,1519.5999755859375,175604
1553572800,1520.0,1542.5,1518.699951171875,1531.9000244140625,137139
1553659200,1532.0,1536.800048828125,1508.0,1526.300048828125,142003
1553745600,1524.199951171875,1542.9000244140625,1517.5999755859375,1540.199951171875,120898
1553832000,1540.199951171875,1553.4000244140625,1534.5,1543.800048828125,162455
1554091200,1545.9000244140625,1562.5999755859375,1545.9000244140625,1559.5999755859375,133519
1554177600,1559.0,1562.800048828125,1548.0,1554.4000244140625,102212
1554264000,1553.0999755859375,1574.9000244140625,1552.699951171875,1566.9000244140625,129813
1554350400,1567.199951171875,1573.800048828125,1561.4000244140625,1571.9000244140625,96841
1554436800,1570.9000244140625,1588.199951171875,1570.0,1586.0999755859375,128167
1554696000,1587.800048828125,1588.300048828125,1573.5999755859375,1583.9000244140625,104965
1554782400,1584.0999755859375,1585.0,1561.699951171875,1564.699951171875,100692
1554868800,1564.5,1586.800048828125,1562.0999755859375,1585.800048828125,104757
1554955200,1586.199951171875,1589.5,1580.800048828125,1581.9000244140625,92385
1555041600,1582.199951171875,1594.199951171875,1581.0,1589.199951171875,98195
1555300800,1590.0999755859375,1593.5,1577.300048828125,1583.699951171875,78587
1555387200,1583.5,1591.4000244140625,1582.0,1586.800048828125,84717
1555473600,1586.199951171875,1593.5999755859375,1563.5,1570.5999755859375,119816
1555560000,1570.5,1576.0,1558.199951171875,1569.0,109732
1555905600,1568.5999755859375,1571.800048828125,1556.699951171875,1564.0999755859375,79466
1555992000,1564.5,1592.5999755859375,1561.0,1589.699951171875,126447
1556078400,1589.9000244140625,1598.699951171875,1584.5,1590.5999755859375,108586
1556164800,1588.5,1590.800048828125,1565.699951171875,1579.0,122968
1556251200,1576.4000244140625,1596.300048828125,1572.5,1594.0,98500
1556510400,1592.699951171875,1607.5999755859375,1592.699951171875,1602.199951171875,88469
1556596800,1602.9000244140625,1605.0999755859375,1580.5999755859375,1594.199951171875,132900
1556683200,1597.0,1600.5999755859375,1573.0,1577.5999755859375,133510
1556769600,1573.300048828125,1592.0,1566.9000244140625,1585.800048828125,147804
1556856000,1586.9000244140625,1618.699951171875,1584.800048828125,1617.300048828125,128366
1557115200,1600.0,1621.9000244140625,1577.5999755859375,1617.5,147921
1557201600,1605.5999755859375,1615.5,1572.5,1590.199951171875,184178
1557288000,1589.0,1594.0999755859375,1576.0,1581.300048828125,142028
1557374400,1579.5999755859375,1579.9000244140625,1546.699951171875,1572.0999755859375,189232
1557460800,1571.0,1582.699951171875,1545.699951171875,1578.5999755859375,181210
1557720000,1568.4000244140625,1569.5,1519.0,1520.0999755859375,210040
1557806400,1521.0,1550.699951171875,1516.699951171875,1546.0999755859375,140584
1557892800,1547.0,1553.0,1529.300048828125,1551.5,129467
1557979200,1550.0,1570.4000244140625,1542.800048828125,1559.9000244140625,124008
1558065600,1559.5999755859375,1561.699951171875,1534.699951171875,1537.5999755859375,161683
1558324800,1536.800048828125,1547.4000244140625,1522.0999755859375,1526.800048828125,127705
1558411200,1528.800048828125,1548.9000244140625,1527.5999755859375,1546.300048828125,105971
1558497600,1545.300048828125,1548.0,1527.9000244140625,1533.800048828125,105289
1558584000,1533.5,1534.199951171875,1492.9000244140625,1502.0999755859375,184081
1558670400,1502.4000244140625,1518.5,1501.699951171875,1517.699951171875,115003
1559016000,1516.0999755859375,1523.9000244140625,1502.800048828125,1505.800048828125,127436
1559102400,1505.4000244140625,1506.4000244140625,1480.5999755859375,1488.9000244140625,151048
1559188800,1489.199951171875,1502.5,1476.699951171875,1486.4000244140625,117554
1559275200,1484.5999755859375,1486.4000244140625,1459.4000244140625,1466.5,162322
1559534400,1461.0,1478.300048828125,1454.300048828125,1472.300048828125,204128
1559620800,1475.800048828125,1509.300048828125,1471.300048828125,1506.9000244140625,166123
1559707200,1507.199951171875,1516.5999755859375,1492.199951171875,1505.800048828125,153212
1559793600,1504.0999755859375,1513.0,1488.800048828125,1502.5,157001
1559880000,1498.9000244140625,1521.0999755859375,1497.9000244140625,1512.5999755859375,150111
1560139200,1519.5999755859375,1537.4000244140625,1515.300048828125,1522.5999755859375,111462
1560225600,1524.699951171875,1538.199951171875,1511.4000244140625,1518.0999755859375,118505
1560312000,1518.4000244140625,1523.5999755859375,1511.800048828125,1521.5999755859375,91443
1560398400,1522.199951171875,1537.300048828125,1514.699951171875,1535.699951171875,153847
1560484800,1535.4000244140625,1539.699951171875,1522.4000244140625,1524.699951171875,149374
1560744000,1524.699951171875,1539.5999755859375,1524.4000244140625,1534.0,207122
1560830400,1534.5999755859375,1562.300048828125,1529.9000244140625,1551.199951171875,112740
1560916800,1551.199951171875,1557.699951171875,1544.800048828125,1556.199951171875,58485
1561003200,1554.5,1572.699951171875,1554.300048828125,1563.4000244140625,27745
1561089600,1562.0999755859375,1564.0,1554.550048828125,1554.550048828125,129069
1561348800,1550.800048828125,1559.0,1533.5999755859375,1537.300048828125,112223
1561435200,1536.300048828125,1540.5,1523.4000244140625,1525.0,113659
1561521600,1524.800048828125,1535.699951171875,1520.199951171875,1521.199951171875,105769
1561608000,1520.5,1552.0,1519.800048828125,1549.800048828125,146620
1561694400,1550.699951171875,1575.199951171875,1548.5,1567.0999755859375,226708
1561953600,1582.9000244140625,1593.300048828125,1564.800048828125,1573.5999755859375,149789
1562040000,1574.4000244140625,1577.0999755859375,1554.699951171875,1566.300048828125,119230
1562160600,1566.0999755859375,1579.0,1562.5999755859375,1578.0,62345
1562299200,1579.0,1581.5,1560.5,1579.4000244140625,99152
1562558400,1580.5,1581.300048828125,1560.800048828125,1564.699951171875,85845
1562644800,1563.4000244140625,1566.800048828125,1555.5,1565.199951171875,96929
1562731200,1564.5999755859375,1577.9000244140625,1560.0999755859375,1568.0,119441
1562817600,1567.5999755859375,1573.300048828125,1553.699951171875,1559.699951171875,100821
1562904000,1559.0999755859375,1578.5999755859375,1559.0,1572.0,99564
1563163200,1572.4000244140625,1579.0,1560.0,1565.0999755859375,88380
1563249600,1564.800048828125,1573.699951171875,1558.0999755859375,1565.5,100388
1563336000,1564.4000244140625,1568.5,1548.199951171875,1551.5999755859375,108706
1563422400,1549.4000244140625,1562.4000244140625,1546.5999755859375,1558.0999755859375,110089
1563508800,1560.5999755859375,1565.4000244140625,1545.0999755859375,1548.0999755859375,103476
1563768000,1546.0999755859375,1557.9000244140625,1544.5999755859375,1548.300048828125,94587
1563854400,1547.9000244140625,1558.0999755859375,1545.9000244140625,1557.300048828125,97079
1563940800,1555.4000244140625,1585.9000244140625,1550.5999755859375,1584.199951171875,138522
1564027200,1583.699951171875,1588.9000244140625,1561.300048828125,1563.199951171875,126578
1564113600,1562.5,1585.0999755859375,1562.0,1581.5,108916
1564372800,1579.800048828125,1584.5,1566.4000244140625,1571.0999755859375,80042
1564459200,1572.800048828125,1589.4000244140625,1557.4000244140625,1587.4000244140625,136733
1564545600,1587.0,1603.5,1566.0,1576.699951171875,235957
1564632000,1572.5,1592.0999755859375,1545.699951171875,1551.5999755859375,223997
1564718400,1549.800048828125,1552.0999755859375,1522.0999755859375,1535.300048828125,211631
1564977600,1535.0,1535.5999755859375,1470.4000244140625,1479.9000244140625,242708
1565064000,1473.800048828125,1505.5,1450.699951171875,1499.4000244140625,191436
1565150400,1498.300048828125,1508.4000244140625,1474.699951171875,1500.0999755859375,194252
1565236800,1498.0,1535.199951171875,1493.0999755859375,1534.0999755859375,155125
1565323200,1527.800048828125,1532.300048828125,1508.199951171875,1513.699951171875,151344
1565582400,1513.5999755859375,1521.0999755859375,1491.0,1493.0999755859375,115242
1565668800,1494.4000244140625,1525.9000244140625,1484.300048828125,1513.699951171875,152829
1565755200,1513.5,1516.0,1464.5,1468.300048828125,205310
1565841600,1465.800048828125,1485.0,1455.0999755859375,1463.300048828125,188968
1565928000,1464.199951171875,1496.5,1463.9000244140625,1493.5999755859375,132442
1566187200,1492.5999755859375,1516.4000244140625,1492.5999755859375,1507.5999755859375,105377
1566273600,1506.5,1512.800048828125,1495.0999755859375,1496.4000244140625,86921
1566360000,1494.0,1515.0999755859375,1492.699951171875,1514.0,87628
1566446400,1514.0,1518.5999755859375,1498.300048828125,1506.5,107218
1566532800,1505.0,1514.0999755859375,1455.800048828125,1463.699951171875,229888
1566792000,1448.699951171875,1484.4000244140625,1440.4000244140625,1480.300048828125,165761
1566878400,1480.5999755859375,1487.699951171875,1452.5999755859375,1454.699951171875,176358
1566964800,1454.800048828125,1480.300048828125,1447.699951171875,1473.300048828125,144557
1567051200,1470.300048828125,1499.4000244140625,1465.199951171875,1497.5,121117
1567137600,1496.5999755859375,1508.199951171875,1486.4000244140625,1494.199951171875,119005
1567483200,1486.0,1495.9000244140625,1465.699951171875,1470.0999755859375,190895
1567569600,1469.199951171875,1489.5999755859375,1468.199951171875,1483.4000244140625,105652
1567656000,1483.300048828125,1525.5,1482.5999755859375,1507.0,168453
1567742400,1507.300048828125,1518.5999755859375,1504.199951171875,1505.0,104934
1568001600,1505.199951171875,1528.5999755859375,1504.5,1522.0,127993
1568088000,1522.0999755859375,1546.5999755859375,1514.699951171875,1545.0,165333
1568174400,1545.0999755859375,1579.300048828125,1541.4000244140625,1577.0,224324
1568260800,1579.5,1586.699951171875,1561.5999755859375,1579.199951171875,264272
1568347200,1578.0999755859375,1595.199951171875,1577.300048828125,1580.800048828125,212070
1568606400,1575.0,1593.5999755859375,1566.699951171875,1585.0999755859375,209544
1568692800,1585.9000244140625,1588.699951171875,1570.0,1581.5,135252
1568779200,1581.5999755859375,1582.300048828125,1556.0,1569.5999755859375,59952
1568865600,1570.199951171875,1583.300048828125,1560.4000244140625,1561.300048828125,34959
1568952000,1561.800048828125,1568.699951171875,1560.4000244140625,1562.3800048828125,158572
1569211200,1564.9000244140625,1571.5999755859375,1552.300048828125,1562.0999755859375,109717
1569297600,1564.0,1570.4000244140625,1530.300048828125,1536.800048828125,193893
1569384000,1536.800048828125,1556.5,1529.4000244140625,1552.800048828125,152922
1569470400,1552.5999755859375,1558.5999755859375,1531.5999755859375,1537.199951171875,145632
1569556800,1537.800048828125,1544.5999755859375,1516.5999755859375,1524.0999755859375,149047
1569816000,1529.800048828125,1534.199951171875,1519.5,1525.0,159147
1569902400,1528.5999755859375,1545.0,1491.199951171875,1493.300048828125,198485
1569988800,1494.9000244140625,1499.800048828125,1468.5,1476.800048828125,191080
1570075200,1477.5999755859375,1489.199951171875,1459.0,1486.9000244140625,164899
1570161600,1487.699951171875,1502.4000244140625,1477.699951171875,1500.5,122654
1570420800,1490.699951171875,1510.699951171875,1487.5,1498.9000244140625,111481
1570507200,1497.0,1505.4000244140625,1470.300048828125,1474.300048828125,151591
1570593600,1474.699951171875,1490.9000244140625,1472.0,1481.5,101207
1570680000,1482.0999755859375,1496.199951171875,1462.699951171875,1489.699951171875,134969
1570766400,1493.5,1530.0,1489.300048828125,1512.9000244140625,186685
1571025600,1510.4000244140625,1519.9000244140625,1500.800048828125,1506.5999755859375,80812
1571112000,1506.800048828125,1531.4000244140625,1506.800048828125,1526.4000244140625,107282
1571198400,1525.0999755859375,1532.5999755859375,1517.199951171875,1524.800048828125,91695
1571284800,1525.5999755859375,1545.0,1521.0999755859375,1543.4000244140625,105723
1571371200,1543.0999755859375,1544.9000244140625,1524.0999755859375,1537.5999755859375,104513
1571630400,1534.699951171875,1559.9000244140625,1534.199951171875,1551.5,105337
1571716800,1551.5,1560.5999755859375,1547.0999755859375,1551.699951171875,87874
1571803200,1550.800048828125,1557.300048828125,1545.199951171875,1555.5,70918
1571889600,1556.0,1560.0999755859375,1544.0999755859375,1552.4000244140625,82434
1571976000,1551.5,1564.9000244140625,1547.5999755859375,1559.199951171875,78810
1572235200,1560.199951171875,1579.5999755859375,1559.300048828125,1574.9000244140625,105413
1572321600,1575.5999755859375,1582.9000244140625,1568.0,1578.199951171875,95081
1572408000,1578.5,1579.699951171875,1561.800048828125,1574.4000244140625,95812
1572494400,1575.699951171875,1576.300048828125,1551.0,1563.4000244140625,146468
1572580800,1563.800048828125,1591.0,1561.4000244140625,1590.300048828125,138923
1572843600,1589.699951171875,1605.9000244140625,1589.699951171875,1597.199951171875,113059
1572930000,1597.0999755859375,1613.5999755859375,1595.5999755859375,1599.4000244140625,112415
1573016400,1598.5,1602.4000244140625,1586.9000244140625,1592.4000244140625,109694
1573102800,1593.699951171875,1610.5999755859375,1589.5999755859375,1594.9000244140625,130123
1573189200,1594.4000244140625,1601.300048828125,1587.9000244140625,1598.9000244140625,99793
1573448400,1600.0999755859375,1600.5999755859375,1587.199951171875,1596.9000244140625,82115
1573534800,1597.199951171875,1607.300048828125,1593.0999755859375,1595.699951171875,100717
1573621200,1595.5999755859375,1595.9000244140625,1579.699951171875,1593.0,118129
1573707600,1593.199951171875,1597.0999755859375,1585.800048828125,1589.0999755859375,103166
1573794000,1589.800048828125,1600.800048828125,1588.800048828125,1597.199951171875,95265
1574053200,1598.4000244140625,1601.199951171875,1587.0,1591.9000244140625,88309
1574139600,1592.0999755859375,1605.0,1588.5999755859375,1598.699951171875,107594
1574226000,1597.800048828125,1603.800048828125,1580.199951171875,1593.9000244140625,152215
1574312400,1590.199951171875,1599.0,1579.4000244140625,1584.800048828125,121222
1574398800,1584.0,1592.800048828125,1580.5999755859375,1591.0,101138
1574658000,1595.4000244140625,1625.5,1594.0999755859375,1623.199951171875,128793
1574744400,1623.300048828125,1632.5999755859375,1619.800048828125,1627.699951171875,115805
1574830800,1627.0999755859375,1636.0999755859375,1625.9000244140625,1635.0999755859375,91996
1575037800,1635.4000244140625,1636.4000244140625,1623.0,1623.800048828125,99410
1575262800,1625.0999755859375,1635.4000244140625,1605.4000244140625,1609.300048828125,145107
1575349200,1609.0,1614.5999755859375,1587.5,1604.199951171875,145609
1575435600,1604.300048828125,1618.5,1599.0999755859375,1614.300048828125,118376
1575522000,1614.0,1622.699951171875,1610.5999755859375,1616.800048828125,107066
1575608400,1617.0,1640.300048828125,1616.300048828125,1636.4000244140625,129296
1575867600,1636.5999755859375,1637.800048828125,1628.5999755859375,1630.4000244140625,99042
1575954000,1630.0,1636.0,1619.0999755859375,1633.5,108541
1576040400,1633.9000244140625,1637.5999755859375,1625.4000244140625,1633.9000244140625,110764
1576126800,1635.0,1657.0999755859375,1628.199951171875,1645.699951171875,196002
1576213200,1650.9000244140625,1657.0999755859375,1631.4000244140625,1640.9000244140625,220589
1576472400,1643.0,1660.699951171875,1641.9000244140625,1652.0999755859375,199688
1576558800,1651.9000244140625,1658.9000244140625,1647.0999755859375,1658.0999755859375,119382
1576645200,1657.4000244140625,1664.9000244140625,1655.0999755859375,1663.699951171875,75180
1576731600,1663.5,1669.4000244140625,1660.9000244140625,1667.4000244140625,44021
1576818000,1668.0,1673.9000244140625,1666.5,1672.1199951171875,113408
1577077200,1673.800048828125,1677.800048828125,1667.800048828125,1676.800048828125,87349
1577197800,1677.4000244140625,1681.300048828125,1674.300048828125,1680.0999755859375,33145
1577336400,1680.5,1684.4000244140625,1678.0,1682.199951171875,46368
1577422800,1681.300048828125,1687.800048828125,1668.5,1670.9000244140625,103268
1577682000,1669.5,1675.9000244140625,1659.4000244140625,1668.4000244140625,116597
1577768400,1667.9000244140625,1676.9000244140625,1660.5999755859375,1670.5999755859375,135363
1577941200,1674.0,1684.800048828125,1654.5999755859375,1670.5,163826
1578027600,1672.4000244140625,1674.300048828125,1639.699951171875,1661.800048828125,176771
1578286800,1653.199951171875,1667.9000244140625,1646.5999755859375,1663.0,138819
1578373200,1663.5,1669.4000244140625,1653.0,1658.199951171875,114910
1578459600,1656.5,1672.300048828125,1627.300048828125,1668.5999755859375,169350
1578546000,1669.0,1676.5999755859375,1664.300048828125,1667.699951171875,118766
1578632400,1667.199951171875,1672.0,1653.4000244140625,1659.199951171875,146654
1578891600,1657.0,1672.199951171875,1652.0,1670.9000244140625,116036
1578978000,1670.199951171875,1687.4000244140625,1660.9000244140625,1679.5,179580
1579064400,1678.800048828125,1691.199951171875,1671.0,1685.5999755859375,147006
1579150800,1686.0,1710.199951171875,1686.0,1706.5,179261
1579237200,1707.0999755859375,1715.0999755859375,1698.0999755859375,1699.9000244140625,138060
1579582800,1698.9000244140625,1703.300048828125,1683.199951171875,1685.9000244140625,150158
1579669200,1686.4000244140625,1697.0999755859375,1681.699951171875,1684.800048828125,127606
1579755600,1683.199951171875,1690.300048828125,1664.9000244140625,1685.5,136971
1579842000,1685.699951171875,1694.300048828125,1652.5,1663.4000244140625,192930
1580101200,1651.0999755859375,1655.199951171875,1634.199951171875,1644.199951171875,210996
1580187600,1644.5999755859375,1664.300048828125,1644.0,1658.9000244140625,151696
1580274000,1660.5999755859375,1665.699951171875,1646.199951171875,1649.4000244140625,129304
1580360400,1648.5999755859375,1652.0,1628.699951171875,1648.9000244140625,181593
1580446800,1650.4000244140625,1652.800048828125,1609.0999755859375,1614.699951171875,221684
1580706000,1613.5,1639.0,1613.5,1633.0,164594
1580792400,1631.699951171875,1662.5999755859375,1627.300048828125,1659.800048828125,147585
1580878800,1661.0999755859375,1685.5,1654.300048828125,1684.800048828125,148463
1580965200,1684.5,1695.199951171875,1676.800048828125,1680.5999755859375,116240
1581051600,1682.0999755859375,1682.5,1652.699951171875,1658.199951171875,157058
1581310800,1656.300048828125,1669.5999755859375,1646.4000244140625,1669.0,107171
1581397200,1668.4000244140625,1688.5,1667.5,1678.4000244140625,134231
1581483600,1679.5999755859375,1691.9000244140625,1677.199951171875,1690.0,102544
1581570000,1690.5,1698.0,1673.0,1696.4000244140625,132555
1581656400,1696.5999755859375,1703.0999755859375,1681.699951171875,1687.0999755859375,122802
1582002000,1687.5999755859375,1693.9000244140625,1672.5999755859375,1683.199951171875,135075
1582088400,1684.300048828125,1699.5,1684.0,1693.4000244140625,110574
1582174800,1694.5999755859375,1698.9000244140625,1673.5999755859375,1694.4000244140625,178772
1582261200,1693.0999755859375,1694.0999755859375,1671.0,1679.0999755859375,172169
1582520400,1665.800048828125,1666.5999755859375,1618.0,1624.5999755859375,269354
1582606800,1625.699951171875,1645.5,1566.300048828125,1571.9000244140625,350378
1582693200,1574.5999755859375,1591.5999755859375,1545.5999755859375,1550.4000244140625,305062
1582779600,1547.4000244140625,1556.699951171875,1480.300048828125,1485.5999755859375,369979
1582866000,1481.5999755859375,1500.0,1444.0,1474.9000244140625,447369
1583125200,1454.5,1520.0999755859375,1446.4000244140625,1500.800048828125,363288
1583211600,1509.5,1548.0,1468.199951171875,1479.5999755859375,308685
1583298000,1475.199951171875,1530.199951171875,1470.199951171875,1522.300048828125,233936
1583384400,1522.699951171875,1523.5,1459.5999755859375,1476.5999755859375,231363
1583470800,1479.5,1485.4000244140625,1414.4000244140625,1444.5999755859375,274992
1583726400,1419.800048828125,1419.800048828125,1301.199951171875,1314.0,227362
1583812800,1303.0,1373.800048828125,1283.699951171875,1339.9000244140625,344366
1583899200,1337.5,1340.699951171875,1244.699951171875,1262.699951171875,310346
1583985600,1262.0999755859375,1276.0,1095.800048828125,1109.9000244140625,410718
1584072000,1088.9000244140625,1217.300048828125,1070.5,1198.699951171875,313230
1584331200,1174.699951171875,1188.5999755859375,972.9000244140625,1032.4000244140625,290265
1584417600,1032.0,1107.5,1006.4000244140625,1090.5999755859375,192024
1584504000,1074.300048828125,1076.199951171875,965.2000122070312,1009.2000122070312,98721
1584590400,1009.2000122070312,1073.5,958.5,1048.0999755859375,55554
1584676800,1033.300048828125,1100.699951171875,1024.5999755859375,1069.239990234375,270525
1584936000,979.0,1063.800048828125,958.9000244140625,998.2999877929688,253398
1585022400,1004.2000122070312,1105.300048828125,1004.2000122070312,1099.4000244140625,234892
1585108800,1096.5,1145.0999755859375,1062.800048828125,1097.0999755859375,211762
1585195200,1099.0,1180.300048828125,1068.699951171875,1166.699951171875,208024
1585281600,1176.4000244140625,1176.9000244140625,1111.800048828125,1120.300048828125,178401
1585540800,1095.0,1157.5,1086.300048828125,1154.4000244140625,156556
1585627200,1152.800048828125,1166.9000244140625,1123.9000244140625,1147.5999755859375,189662
1585713600,1136.300048828125,1137.5,1059.199951171875,1067.5999755859375,211549
1585800000,1070.199951171875,1108.199951171875,1049.800048828125,1081.699951171875,193255
1585886400,1079.199951171875,1084.5999755859375,1029.699951171875,1053.0,166279
1586145600,1049.0999755859375,1138.0,1049.0999755859375,1128.699951171875,176251
1586232000,1125.800048828125,1190.4000244140625,1110.9000244140625,1125.199951171875,207881
1586318400,1125.0999755859375,1197.300048828125,1117.300048828125,1182.199951171875,181784
1586404800,1183.699951171875,1250.9000244140625,1167.699951171875,1243.5999755859375,268753
1586750400,1265.0,1265.5999755859375,1195.0999755859375,1211.5999755859375,156464
1586836800,1216.0,1253.800048828125,1213.5,1237.0,148741
1586923200,1237.0999755859375,1237.0999755859375,1170.0999755859375,1182.9000244140625,165912
1587009600,1177.699951171875,1207.199951171875,1148.5,1173.9000244140625,211011
1587096000,1231.800048828125,1232.300048828125,1204.4000244140625,1224.300048828125,170349
1587355200,1221.0999755859375,1233.5,1190.800048828125,1206.4000244140625,144224
1587441600,1208.0,1222.5999755859375,1164.5999755859375,1185.0999755859375,174621
1587528000,1184.4000244140625,1214.0,1174.300048828125,1194.9000244140625,123844
1587614400,1197.0999755859375,1233.0999755859375,1185.4000244140625,1204.800048828125,154172
1587700800,1204.0,1237.4000244140625,1189.0,1224.5999755859375,127483
1587960000,1226.5999755859375,1289.300048828125,1217.800048828125,1277.5,181206
1588046400,1277.5,1320.699951171875,1264.800048828125,1301.800048828125,216540
1588132800,1300.5,1374.0,1294.5999755859375,1359.0,234758
1588219200,1368.5,1370.5999755859375,1297.5999755859375,1306.699951171875,229839
1588305600,1297.5,1297.5,1236.5,1257.9000244140625,192094
1588564800,1236.800048828125,1263.5,1220.0999755859375,1255.9000244140625,155707
1588651200,1256.5,1303.699951171875,1255.800048828125,1268.0999755859375,167797
1588737600,1268.0,1286.5999755859375,1252.800048828125,1255.300048828125,160604
1588824000,1254.0,1289.0,1245.5999755859375,1285.0,152517
1588910400,1284.199951171875,1330.800048828125,1282.5,1329.0,164202
1589169600,1327.0999755859375,1341.699951171875,1297.300048828125,1315.0999755859375,186215
1589256000,1314.5,1332.0999755859375,1255.0999755859375,1266.5,196159
1589342400,1257.5,1279.5,1208.0999755859375,1229.9000244140625,289756
1589428800,1234.5,1240.5999755859375,1174.9000244140625,1233.5999755859375,285023
1589515200,1233.699951171875,1259.0999755859375,1212.5999755859375,1246.4000244140625,202162
1589774400,1254.0999755859375,1338.199951171875,1247.5,1333.199951171875,247395
1589860800,1331.0999755859375,1350.699951171875,1303.800048828125,1307.5,187195
1589947200,1302.699951171875,1354.199951171875,1297.5,1344.300048828125,192434
1590033600,1346.5999755859375,1355.300048828125,1327.0,1342.5999755859375,171076
1590120000,1342.199951171875,1357.5,1315.9000244140625,1354.300048828125,152920
1590465600,1353.4000244140625,1410.0999755859375,1350.800048828125,1394.300048828125,216343
1590552000,1394.800048828125,1442.800048828125,1377.4000244140625,1436.4000244140625,246632
1590638400,1437.0,1453.0999755859375,1393.9000244140625,1407.199951171875,249910
1590724800,1405.5999755859375,1409.0999755859375,1368.199951171875,1392.800048828125,246555
1590984000,1390.0,1421.0999755859375,1372.0999755859375,1404.5,165278
1591070400,1404.9000244140625,1422.699951171875,1388.699951171875,1417.199951171875,169605
1591156800,1418.0999755859375,1465.199951171875,1415.5999755859375,1448.800048828125,193425
1591243200,1451.0,1461.0,1427.300048828125,1452.4000244140625,196562
1591329600,1454.0999755859375,1527.800048828125,1448.9000244140625,1502.699951171875,278604
1591588800,1506.0,1539.4000244140625,1501.0,1537.0,184276
1591675200,1539.0999755859375,1540.4000244140625,1495.199951171875,1508.0999755859375,211086
1591761600,1507.0,1525.800048828125,1460.5999755859375,1466.199951171875,232136
1591848000,1461.4000244140625,1465.4000244140625,1350.9000244140625,1357.4000244140625,364316
1591934400,1360.4000244140625,1415.4000244140625,1345.699951171875,1383.199951171875,323305
1592193600,1359.0999755859375,1428.800048828125,1318.5999755859375,1421.5,309547
1592280000,1424.0,1484.9000244140625,1418.699951171875,1454.5999755859375,181660
1592366400,1450.0999755859375,1473.9000244140625,1422.0999755859375,1427.9000244140625,87873
1592452800,1426.199951171875,1442.300048828125,1403.0999755859375,1420.800048828125,41908
1592539200,1421.4000244140625,1452.699951171875,1421.4000244140625,1442.719970703125,194158
1592798400,1392.800048828125,1435.5999755859375,1383.4000244140625,1433.800048828125,142904
1592884800,1434.4000244140625,1459.5,1400.0999755859375,1434.199951171875,143538
1592971200,1432.9000244140625,1441.699951171875,1368.0999755859375,1396.4000244140625,217238
1593057600,1394.699951171875,1413.4000244140625,1363.5999755859375,1409.800048828125,201411
1593144000,1407.699951171875,1412.699951171875,1369.5,1375.199951171875,246223
1593403200,1362.199951171875,1425.5,1359.5999755859375,1423.199951171875,238910
1593489600,1422.4000244140625,1441.699951171875,1406.5,1437.5999755859375,197062
1593576000,1436.0,1450.800048828125,1415.0999755859375,1424.300048828125,223030
1593662400,1423.699951171875,1458.5,1417.800048828125,1432.699951171875,172430
1594008000,1424.199951171875,1466.4000244140625,1424.199951171875,1442.699951171875,170934
1594094400,1442.0,1450.0,1409.4000244140625,1410.9000244140625,167547
1594180800,1410.699951171875,1429.5999755859375,1395.199951171875,1423.0,191665
1594267200,1427.0999755859375,1428.0999755859375,1376.0999755859375,1394.0,213721
1594353600,1394.199951171875,1423.800048828125,1373.5999755859375,1419.5999755859375,178808
1594612800,1423.0,1451.300048828125,1396.5999755859375,1400.5,203132
1594699200,1404.0,1424.5999755859375,1390.300048828125,1419.4000244140625,245424
1594785600,1432.199951171875,1483.0999755859375,1431.5999755859375,1476.699951171875,275453
1594872000,1479.800048828125,1485.5,1453.800048828125,1459.9000244140625,175496
1594958400,1464.199951171875,1481.5999755859375,1459.5,1469.199951171875,147648
1595217600,1469.0,1473.5,1453.699951171875,1463.699951171875,141513
1595304000,1462.4000244140625,1496.5999755859375,1462.300048828125,1485.5999755859375,176438
1595390400,1484.4000244140625,1494.300048828125,1465.0999755859375,1490.199951171875,139692
1595476800,1490.0999755859375,1507.5,1472.0999755859375,1487.199951171875,171950
1595563200,1488.0,1494.699951171875,1460.300048828125,1462.4000244140625,167883
1595822400,1466.4000244140625,1483.0,1456.199951171875,1481.0999755859375,118401
1595908800,1483.0,1488.300048828125,1464.800048828125,1467.4000244140625,122059
1595995200,1470.0,1499.699951171875,1463.0,1496.699951171875,137444
1596081600,1497.9000244140625,1498.9000244140625,1468.199951171875,1490.5999755859375,170948
1596168000,1495.800048828125,1498.0999755859375,1451.0999755859375,1477.800048828125,242797
1596427200,1479.199951171875,1504.800048828125,1467.800048828125,1502.199951171875,145531
1596513600,1502.5,1514.800048828125,1493.699951171875,1514.0,146838
1596600000,1513.5999755859375,1544.5,1509.300048828125,1542.0999755859375,163117
1596686400,1542.0,1552.5999755859375,1534.0,1544.5,152803
1596772800,1544.300048828125,1569.0,1531.300048828125,1566.199951171875,190771
1597032000,1568.5999755859375,1594.0999755859375,1561.5,1583.9000244140625,166548
1597118400,1582.300048828125,1605.699951171875,1567.4000244140625,1577.300048828125,215698
1597204800,1582.5999755859375,1596.9000244140625,1570.9000244140625,1579.699951171875,168131
1597291200,1579.699951171875,1591.4000244140625,1572.4000244140625,1578.5,125703
1597377600,1578.300048828125,1587.5,1560.9000244140625,1573.199951171875,106594
1597636800,1575.199951171875,1586.5,1572.0,1583.9000244140625,76811
1597723200,1583.0,1589.5999755859375,1563.0999755859375,1569.300048828125,97438
1597809600,1569.699951171875,1586.5,1566.0,1569.5,113080
1597896000,1568.0999755859375,1570.800048828125,1551.300048828125,1560.300048828125,120160
1597982400,1561.300048828125,1569.0999755859375,1541.300048828125,1548.5999755859375,141504
1598241600,1552.5999755859375,1568.699951171875,1548.5999755859375,1566.5,110594
1598328000,1567.5,1583.9000244140625,1553.4000244140625,1569.5999755859375,127587
1598414400,1570.0,1573.699951171875,1557.199951171875,1562.4000244140625,109201
1598500800,1563.0,1575.4000244140625,1551.699951171875,1566.0999755859375,137609
1598587200,1568.4000244140625,1584.5999755859375,1562.5999755859375,1575.699951171875,114005
1598846400,1576.9000244140625,1589.800048828125,1558.0999755859375,1561.300048828125,160957
1598932800,1560.300048828125,1580.9000244140625,1549.800048828125,1578.5,137745
1599019200,1579.199951171875,1595.699951171875,1567.199951171875,1592.5,144353
1599105600,1591.0,1595.4000244140625,1534.699951171875,1549.5,265159
1599192000,1548.800048828125,1570.5,1498.0999755859375,1531.4000244140625,246346
1599537600,1532.9000244140625,1553.4000244140625,1495.300048828125,1507.699951171875,256962
1599624000,1495.4000244140625,1533.4000244140625,1479.5999755859375,1524.199951171875,186796
1599710400,1523.9000244140625,1544.300048828125,1504.5999755859375,1506.0999755859375,241040
1599796800,1508.5999755859375,1523.0999755859375,1481.5999755859375,1493.0999755859375,229911
1600056000,1500.4000244140625,1539.800048828125,1496.800048828125,1536.0,220596
1600142400,1533.5999755859375,1553.0,1533.5,1540.300048828125,131716
1600228800,1541.300048828125,1573.699951171875,1536.9000244140625,1554.9000244140625,67378
1600315200,1555.800048828125,1558.0999755859375,1522.4000244140625,1542.300048828125,33038
1600401600,1540.0999755859375,1557.6099853515625,1535.0,1557.6099853515625,190278
1600660800,1534.800048828125,1538.5,1462.9000244140625,1482.800048828125,238670
1600747200,1479.5999755859375,1493.4000244140625,1465.5999755859375,1488.800048828125,153103
1600833600,1489.800048828125,1500.199951171875,1444.699951171875,1446.699951171875,170424
1600920000,1447.5,1470.9000244140625,1426.199951171875,1447.0,239509
1601006400,1450.300048828125,1474.199951171875,1428.9000244140625,1467.199951171875,162835
1601265600,1468.5,1510.9000244140625,1468.5,1506.5,154283
1601352000,1507.0999755859375,1513.9000244140625,1486.199951171875,1507.0,139445
1601438400,1504.199951171875,1526.9000244140625,1485.800048828125,1504.4000244140625,208840
1601524800,1499.300048828125,1530.300048828125,1499.300048828125,1527.4000244140625,186383
1601611200,1526.300048828125,1542.4000244140625,1490.699951171875,1534.0,210629
1601870400,1544.800048828125,1579.9000244140625,1536.9000244140625,1576.0999755859375,146780
1601956800,1576.0,1617.699951171875,1563.0999755859375,1574.199951171875,281945
1602043200,1568.199951171875,1613.4000244140625,1564.0999755859375,1609.800048828125,193664
1602129600,1610.300048828125,1633.699951171875,1609.5999755859375,1626.699951171875,166525
1602216000,1632.5,1644.5999755859375,1625.699951171875,1637.699951171875,184019
1602475200,1636.300048828125,1651.699951171875,1630.5999755859375,1650.800048828125,160053
1602561600,1649.5,1650.5,1622.5999755859375,1634.5999755859375,170845
1602648000,1633.199951171875,1647.0999755859375,1616.300048828125,1619.5,164696
1602734400,1620.5999755859375,1639.9000244140625,1595.5,1635.4000244140625,184127
1602820800,1638.0,1648.4000244140625,1626.800048828125,1627.0999755859375,136878
1603080000,1630.5999755859375,1648.4000244140625,1607.5999755859375,1611.300048828125,137486
1603166400,1619.4000244140625,1632.300048828125,1604.699951171875,1614.800048828125,144404
1603252800,1615.300048828125,1628.5999755859375,1600.199951171875,1603.0999755859375,152917
1603339200,1603.0,1634.0999755859375,1587.699951171875,1630.5999755859375,155884
1603425600,1634.5,1641.699951171875,1620.199951171875,1635.5999755859375,117600
1603684800,1634.699951171875,1634.699951171875,1580.9000244140625,1602.0999755859375,157361
1603771200,1601.0999755859375,1611.5999755859375,1577.199951171875,1589.0,143850
1603857600,1577.5999755859375,1579.4000244140625,1537.199951171875,1539.199951171875,212359
1603944000,1544.4000244140625,1565.0,1523.0,1558.4000244140625,182327
1604030400,1542.5999755859375,1559.800048828125,1520.300048828125,1536.800048828125,221929
1604293200,1537.0,1568.199951171875,1526.0,1564.699951171875,162027
1604379600,1565.0999755859375,1620.0999755859375,1564.4000244140625,1611.0,170266
1604466000,1616.0,1640.4000244140625,1546.9000244140625,1611.5999755859375,282145
1604552400,1617.4000244140625,1663.5999755859375,1597.9000244140625,1658.5,184572
1604638800,1658.800048828125,1669.0,1637.199951171875,1643.0999755859375,163806
1604898000,1651.800048828125,1815.300048828125,1648.300048828125,1703.0999755859375,277769
1604984400,1706.4000244140625,1750.0,1693.0999755859375,1734.199951171875,211066
1605070800,1735.800048828125,1747.800048828125,1717.0999755859375,1735.199951171875,137312
1605157200,1739.4000244140625,1739.4000244140625,1691.4000244140625,1707.4000244140625,181033
1605243600,1707.300048828125,1750.0,1693.199951171875,1743.699951171875,165259
1605502800,1747.0,1793.5999755859375,1745.0999755859375,1783.9000244140625,191285
1605589200,1784.0,1796.9000244140625,1751.199951171875,1792.4000244140625,163796
1605675600,1788.5,1807.4000244140625,1762.699951171875,1768.300048828125,167024
1605762000,1765.4000244140625,1784.5,1753.800048828125,1783.0,150117
1605848400,1770.0,1788.0999755859375,1757.300048828125,1783.300048828125,132841
1606107600,1778.5,1828.800048828125,1776.5999755859375,1817.0999755859375,139532
1606194000,1820.0999755859375,1863.5,1819.800048828125,1851.5,176097
1606280400,1853.300048828125,1863.5999755859375,1828.0999755859375,1844.5999755859375,129363
1606487400,1848.300048828125,1856.199951171875,1829.300048828125,1853.0,86729
1606712400,1855.199951171875,1859.0,1811.800048828125,1820.0999755859375,186855
1606798800,1825.199951171875,1850.800048828125,1824.0,1835.5,171007
1606885200,1834.800048828125,1843.699951171875,1816.199951171875,1837.5,136756
1606971600,1842.300048828125,1860.800048828125,1830.300048828125,1847.199951171875,133380
1607058000,1850.300048828125,1893.5999755859375,1848.0999755859375,1891.300048828125,134530
1607317200,1892.800048828125,1899.4000244140625,1875.300048828125,1892.0999755859375,118057
1607403600,1886.5999755859375,1919.5,1875.4000244140625,1916.800048828125,143738
1607490000,1919.5999755859375,1937.0999755859375,1888.300048828125,1903.5,217910
1607576400,1904.5999755859375,1925.5,1881.5,1921.199951171875,208580
1607662800,1925.5999755859375,1929.5999755859375,1891.5999755859375,1911.4000244140625,259691
1607922000,1921.0,1945.699951171875,1913.300048828125,1915.199951171875,237821
1608008400,1919.699951171875,1964.4000244140625,1911.9000244140625,1960.9000244140625,166571
1608094800,1962.9000244140625,1975.699951171875,1944.800048828125,1954.9000244140625,92360
1608181200,1957.800048828125,1981.4000244140625,1955.4000244140625,1978.4000244140625,55165
1608267600,1978.0999755859375,1986.5999755859375,1971.199951171875,1986.300048828125,195539
1608526800,1990.0,1992.199951171875,1878.0999755859375,1966.0999755859375,239782
1608613200,1964.0999755859375,1989.0,1944.9000244140625,1985.0,151660
1608699600,1982.9000244140625,2008.4000244140625,1965.699951171875,2002.9000244140625,127209
1608820200,2004.800048828125,2015.699951171875,1992.699951171875,2002.800048828125,50997
1609131600,1997.0,2032.300048828125,1991.0,1995.0,145358
1609218000,1996.5,2006.699951171875,1946.5999755859375,1955.5,163400
1609304400,1957.0999755859375,1987.4000244140625,1949.699951171875,1976.5,122677
1609390800,1976.0999755859375,1980.300048828125,1958.0,1974.800048828125,144363
1609736400,1977.9000244140625,1997.5999755859375,1920.5,1945.5,226233
1609822800,1948.300048828125,1988.0,1932.9000244140625,1976.300048828125,151399
1609909200,1978.5999755859375,2081.39990234375,1971.0,2059.300048828125,341236
1609995600,2061.39990234375,2098.199951171875,2050.199951171875,2094.5,161588
1610082000,2095.5,2112.5,2058.800048828125,2089.5,191404
1610341200,2086.199951171875,2094.699951171875,2055.0,2089.10009765625,154431
1610427600,2090.39990234375,2127.10009765625,2088.39990234375,2125.800048828125,146164
1610514000,2122.89990234375,2132.699951171875,2104.800048828125,2110.699951171875,155937
1610600400,2115.0,2163.699951171875,2111.300048828125,2153.60009765625,185059
1610686800,2154.699951171875,2158.800048828125,2095.199951171875,2120.800048828125,238077
1611032400,2115.60009765625,2150.800048828125,2107.699951171875,2147.300048828125,179540
1611118800,2144.699951171875,2173.199951171875,2136.0,2157.699951171875,193781
1611205200,2152.0,2166.10009765625,2132.199951171875,2138.5,162843
1611291600,2138.800048828125,2166.300048828125,2112.699951171875,2164.0,198218
1611550800,2159.39990234375,2192.39990234375,2128.39990234375,2161.0,252945
1611637200,2160.300048828125,2179.800048828125,2131.199951171875,2145.800048828125,190626
1611723600,2135.10009765625,2150.60009765625,2084.5,2104.300048828125,269649
1611810000,2101.699951171875,2139.300048828125,2075.0,2099.800048828125,232102
1611896400,2095.5,2122.199951171875,2060.199951171875,2068.199951171875,249895
1612155600,2060.800048828125,2127.699951171875,2028.5999755859375,2119.39990234375,159725
1612242000,2119.800048828125,2152.699951171875,2113.800048828125,2147.5,148735
1612328400,2147.5,2159.60009765625,2127.699951171875,2154.800048828125,151573
1612414800,2159.300048828125,2205.800048828125,2147.199951171875,2199.39990234375,152239
1612501200,2201.60009765625,2234.199951171875,2197.800048828125,2230.300048828125,187294
1612760400,2234.0,2290.300048828125,2230.800048828125,2285.800048828125,165994
1612846800,2291.300048828125,2309.800048828125,2276.39990234375,2297.10009765625,171580
1612933200,2299.0,2316.89990234375,2262.89990234375,2281.0,226913
1613019600,2282.800048828125,2303.699951171875,2247.60009765625,2281.199951171875,216728
1613106000,2273.5,2294.39990234375,2259.5,2286.39990234375,149689
1613451600,2295.10009765625,2314.10009765625,2261.0,2270.800048828125,194239
1613538000,2270.699951171875,2273.5,2222.5,2255.0,186571
1613624400,2256.10009765625,2262.300048828125,2207.0,2217.699951171875,178982
1613710800,2221.10009765625,2276.699951171875,2204.10009765625,2265.300048828125,192451
1613970000,2264.89990234375,2279.39990234375,2233.60009765625,2250.10009765625,185473
1614056400,2255.0,2268.39990234375,2168.800048828125,2231.199951171875,261206
1614142800,2232.300048828125,2295.5,2218.300048828125,2285.10009765625,197920
1614229200,2292.10009765625,2302.699951171875,2191.89990234375,2200.0,274663
1614315600,2196.0,2235.800048828125,2160.10009765625,2199.199951171875,296627
1614574800,2203.699951171875,2280.800048828125,2196.5,2274.800048828125,178598
1614661200,2279.89990234375,2281.5,2227.10009765625,2229.10009765625,182382
1614747600,2232.300048828125,2266.800048828125,2201.5,2205.800048828125,223310
1614834000,2205.39990234375,2220.0,2106.300048828125,2144.5,308094
1614920400,2148.0,2194.699951171875,2084.39990234375,2189.699951171875,343140
1615179600,2201.0,2235.800048828125,2161.0,2200.800048828125,221028
1615266000,2211.5,2263.60009765625,2202.5,2245.699951171875,174541
1615352400,2247.39990234375,2303.699951171875,2234.60009765625,2285.39990234375,192094
1615438800,2293.199951171875,2337.199951171875,2282.699951171875,2334.699951171875,188941
1615525200,2338.800048828125,2356.0,2327.5,2351.300048828125,199039
1615780800,2357.60009765625,2368.199951171875,2332.300048828125,2358.10009765625,262980
1615867200,2355.10009765625,2356.300048828125,2305.199951171875,2319.5,160363
1615953600,2320.699951171875,2341.5,2287.300048828125,2337.39990234375,69674
1616040000,2334.5,2344.800048828125,2259.60009765625,2265.60009765625,45263
1616126400,2271.5,2279.300048828125,2254.0,2266.159912109375,212673
1616385600,2278.0,2290.89990234375,2250.199951171875,2261.300048828125,147238
1616472000,2264.5,2269.5,2168.89990234375,2180.39990234375,219041
1616558400,2185.5,2223.0,2128.10009765625,2130.199951171875,234457
1616644800,2137.10009765625,2187.89990234375,2092.699951171875,2178.199951171875,294356
1616731200,2182.300048828125,2223.0,2172.300048828125,2218.5,228932
1616990400,2220.5,2222.60009765625,2153.199951171875,2155.39990234375,216725
1617076800,2162.39990234375,2199.800048828125,2143.5,2192.39990234375,210348
1617163200,2195.800048828125,2237.5,2188.89990234375,2222.5,212713
1617249600,2215.5,2257.5,2212.199951171875,2251.89990234375,158437
1617595200,2293.0,2298.300048828125,2249.10009765625,2263.10009765625,141257
1617681600,2265.39990234375,2280.89990234375,2244.89990234375,2256.0,140967
1617768000,2261.5,2264.300048828125,2212.10009765625,2219.199951171875,164230
1617854400,2225.800048828125,2246.699951171875,2206.699951171875,2239.199951171875,153766
1617940800,2246.89990234375,2253.300048828125,2225.39990234375,2239.199951171875,147355
1618200000,2239.199951171875,2242.60009765625,2217.0,2230.60009765625,128340
1618286400,2230.10009765625,2239.60009765625,2201.5,2224.89990234375,171265
1618372800,2228.199951171875,2273.5,2220.5,2245.0,202720
1618459200,2249.39990234375,2271.699951171875,2235.800048828125,2255.699951171875,158458
1618545600,2255.89990234375,2270.39990234375,2243.300048828125,2259.0,154222
1618804800,2255.199951171875,2256.0,2211.89990234375,2229.300048828125,183883
1618891200,2229.300048828125,2235.699951171875,2164.60009765625,2184.0,231804
1618977600,2184.199951171875,2239.199951171875,2167.10009765625,2238.39990234375,206418
1619064000,2231.60009765625,2266.5,2220.199951171875,2228.300048828125,225957
1619150400,2234.60009765625,2279.89990234375,2232.60009765625,2269.5,191756
1619409600,2270.0,2300.39990234375,2267.5,2293.199951171875,137277
1619496000,2296.89990234375,2307.199951171875,2288.10009765625,2297.199951171875,148011
1619582400,2298.0,2308.60009765625,2281.699951171875,2300.89990234375,125963
1619668800,2295.5,2322.699951171875,2270.89990234375,2293.39990234375,190543
1619755200,2288.800048828125,2291.800048828125,2254.199951171875,2261.5,204892
1620014400,2267.699951171875,2291.0,2262.199951171875,2273.699951171875,144376
1620100800,2271.5,2272.300048828125,2222.300048828125,2244.5,206072
1620187200,2246.0,2261.10009765625,2226.300048828125,2236.60009765625,167417
1620273600,2235.39990234375,2249.60009765625,2198.800048828125,2239.89990234375,185029
1620360000,2241.800048828125,2272.699951171875,2229.10009765625,2267.89990234375,166833
1620619200,2268.10009765625,2277.699951171875,2200.10009765625,2209.60009765625,182600
1620705600,2202.0,2216.60009765625,2152.10009765625,2203.300048828125,259406
1620792000,2199.0,2207.89990234375,2124.199951171875,2131.5,253595
1620878400,2126.5,2186.699951171875,2112.60009765625,2168.60009765625,252768
1620964800,2171.89990234375,2227.60009765625,2169.199951171875,2222.699951171875,185356
1621224000,2222.39990234375,2229.39990234375,2191.0,2225.5,165852
1621310400,2227.800048828125,2245.10009765625,2201.39990234375,2207.89990234375,172402
1621396800,2200.60009765625,2210.300048828125,2152.300048828125,2192.199951171875,197951
1621483200,2191.800048828125,2211.199951171875,2170.199951171875,2205.699951171875,156500
1621569600,2202.89990234375,2236.300048828125,2202.199951171875,2212.300048828125,132064
1621828800,2210.199951171875,2237.39990234375,2200.5,2226.10009765625,123164
1621915200,2227.199951171875,2250.199951171875,2204.60009765625,2205.5,140731
1622001600,2210.39990234375,2249.800048828125,2208.800048828125,2247.10009765625,139276
1622088000,2247.5,2279.10009765625,2239.300048828125,2271.0,160567
1622174400,2279.199951171875,2286.699951171875,2263.5,2268.60009765625,141815
1622520000,2269.300048828125,2298.699951171875,2256.5,2293.89990234375,170148
1622606400,2295.10009765625,2304.60009765625,2281.199951171875,2297.0,177113
1622692800,2298.0,2303.300048828125,2252.699951171875,2277.199951171875,200157
1622779200,2279.10009765625,2293.5,2266.10009765625,2286.699951171875,125899
1623038400,2285.60009765625,2320.5,2270.10009765625,2317.39990234375,135705
1623124800,2319.0,2347.800048828125,2308.699951171875,2341.699951171875,178811
1623211200,2340.60009765625,2350.300048828125,2322.5,2326.0,139562
1623297600,2327.39990234375,2338.0,2303.5,2309.10009765625,186028
1623384000,2310.0,2334.60009765625,2305.800048828125,2333.89990234375,172187
1623643200,2335.699951171875,2350.0,2318.0,2326.89990234375,201622
1623729600,2325.800048828125,2332.89990234375,2301.39990234375,2320.300048828125,138230
1623816000,2319.699951171875,2323.5,2292.60009765625,2314.5,52335
1623902400,2307.89990234375,2318.89990234375,2261.89990234375,2288.800048828125,66390
1623988800,2289.699951171875,2293.300048828125,2243.10009765625,2259.469970703125,252479
1624248000,2223.60009765625,2287.300048828125,2206.199951171875,2280.89990234375,169819
1624334400,2282.89990234375,2296.199951171875,2258.800048828125,2292.5,124757
1624420800,2292.699951171875,2312.199951171875,2283.89990234375,2300.300048828125,122883
1624507200,2302.0,2337.89990234375,2301.199951171875,2331.199951171875,110613
1624593600,2336.800048828125,2346.699951171875,2325.800048828125,2332.0,161203
1624852800,2336.699951171875,2338.60009765625,2299.39990234375,2316.199951171875,137874
1624939200,2317.60009765625,2328.800048828125,2299.300048828125,2304.60009765625,109224
1625025600,2305.300048828125,2314.800048828125,2284.699951171875,2307.800048828125,134813
1625112000,2311.0,2330.60009765625,2308.60009765625,2327.0,136378
1625198400,2324.39990234375,2335.89990234375,2297.10009765625,2302.0,131876
1625544000,2304.5,2311.800048828125,2249.89990234375,2269.89990234375,154430
1625630400,2264.699951171875,2278.5,2229.10009765625,2248.800048828125,164147
1625716800,2252.60009765625,2253.199951171875,2188.89990234375,2227.300048828125,217596
1625803200,2224.199951171875,2278.699951171875,2214.10009765625,2275.39990234375,148358
1626062400,2275.39990234375,2283.39990234375,2252.89990234375,2277.300048828125,112416
1626148800,2277.300048828125,2278.39990234375,2233.10009765625,2234.199951171875,151027
1626235200,2234.699951171875,2254.89990234375,2196.300048828125,2199.300048828125,176902
1626321600,2199.0,2201.300048828125,2159.300048828125,2186.800048828125,224386
1626408000,2185.0,2211.300048828125,2154.800048828125,2158.89990234375,189033
1626667200,2156.199951171875,2161.199951171875,2100.10009765625,2126.89990234375,310075
1626753600,2136.10009765625,2202.39990234375,2122.0,2192.0,252823
1626840000,2191.5,2235.0,2184.800048828125,2231.300048828125,187298
1626926400,2234.39990234375,2240.800048828125,2186.0,2194.800048828125,187841
1627012800,2203.300048828125,2214.10009765625,2179.300048828125,2205.10009765625,156158
1627272000,2200.5,2231.800048828125,2176.10009765625,2213.39990234375,148017
1627358400,2212.5,2213.10009765625,2164.10009765625,2186.699951171875,185690
1627444800,2183.5,2237.60009765625,2179.800048828125,2220.699951171875,182158
1627531200,2223.60009765625,2255.699951171875,2215.699951171875,2237.5,157895
1627617600,2238.0,2252.199951171875,2213.39990234375,2221.60009765625,174659
1627876800,2226.5,2257.0,2207.5,2210.89990234375,175613
1627963200,2212.89990234375,2228.89990234375,2181.699951171875,2219.39990234375,173203
1628049600,2215.0,2223.199951171875,2188.60009765625,2191.699951171875,156662
1628136000,2190.89990234375,2235.800048828125,2187.300048828125,2232.699951171875,142347
1628222400,2231.5,2263.800048828125,2227.0,2245.89990234375,142606
1628481600,2245.60009765625,2245.60009765625,2223.39990234375,2232.699951171875,106742
1628568000,2235.800048828125,2243.60009765625,2223.39990234375,2237.800048828125,117886
1628654400,2237.300048828125,2250.0,2215.89990234375,2248.699951171875,148546
1628740800,2248.89990234375,2252.699951171875,2228.60009765625,2242.5,132433
1628827200,2242.89990234375,2244.800048828125,2218.300048828125,2222.199951171875,116183
1629086400,2217.0,2221.10009765625,2187.800048828125,2201.39990234375,163957
1629172800,2201.0,2202.10009765625,2148.10009765625,2174.39990234375,249476
1629259200,2171.60009765625,2191.300048828125,2143.60009765625,2155.0,202092
1629345600,2148.800048828125,2158.699951171875,2108.699951171875,2129.10009765625,276696
1629432000,2130.89990234375,2170.60009765625,2109.800048828125,2165.300048828125,205377
1629691200,2164.10009765625,2210.0,2163.0,2206.60009765625,157773
1629777600,2209.0,2231.10009765625,2207.60009765625,2228.10009765625,142604
1629864000,2230.0,2251.0,2219.5,2237.300048828125,154027
1629950400,2238.10009765625,2242.800048828125,2208.800048828125,2213.89990234375,180074
1630036800,2213.800048828125,2282.10009765625,2206.39990234375,2275.300048828125,205234
1630296000,2280.0,2287.5,2261.5,2266.60009765625,153822
1630382400,2268.60009765625,2278.10009765625,2254.89990234375,2271.199951171875,169547
1630468800,2275.199951171875,2294.300048828125,2260.199951171875,2286.60009765625,160587
1630555200,2285.89990234375,2310.10009765625,2280.300048828125,2301.10009765625,143779
1630641600,2303.0,2312.39990234375,2283.699951171875,2290.89990234375,145885
1630987200,2289.5,2302.0,2273.10009765625,2275.39990234375,165273
1631073600,2274.300048828125,2280.39990234375,2237.800048828125,2250.10009765625,200656
1631160000,2249.5,2274.5,2225.0,2250.699951171875,230492
1631246400,2250.0,2270.800048828125,2226.60009765625,2227.800048828125,261670
1631505600,2230.10009765625,2249.10009765625,2213.89990234375,2241.10009765625,263933
1631592000,2244.10009765625,2258.300048828125,2202.10009765625,2211.39990234375,165317
1631678400,2210.60009765625,2239.0,2205.300048828125,2235.0,73260
1631764800,2233.5,2245.199951171875,2214.199951171875,2233.199951171875,26060
1631851200,2232.0,2241.0400390625,2222.5,2241.0400390625,233981
1632110400,2223.10009765625,2227.39990234375,2146.89990234375,2176.800048828125,308079
1632196800,2172.699951171875,2208.800048828125,2163.0,2180.89990234375,205935
1632283200,2176.699951171875,2231.5,2167.39990234375,2214.89990234375,205646
1632369600,2215.199951171875,2262.89990234375,2214.199951171875,2255.199951171875,183537
1632456000,2255.60009765625,2263.89990234375,2231.39990234375,2244.0,156687
1632715200,2245.89990234375,2290.800048828125,2241.89990234375,2277.0,182438
1632801600,2277.10009765625,2287.699951171875,2221.5,2226.0,257847
1632888000,2228.199951171875,2246.5,2214.800048828125,2221.89990234375,208176
1632974400,2228.0,2251.39990234375,2197.699951171875,2200.800048828125,272406
1633060800,2201.0,2248.800048828125,2171.300048828125,2235.60009765625,248242
1633320000,2239.39990234375,2245.300048828125,2201.5,2214.800048828125,239675
1633406400,2216.89990234375,2244.10009765625,2199.800048828125,2223.5,176678
1633492800,2223.199951171875,2226.10009765625,2180.199951171875,2212.199951171875,280906
1633579200,2213.699951171875,2263.300048828125,2213.39990234375,2247.0,172972
1633665600,2246.0,2257.199951171875,2226.800048828125,2229.10009765625,153256
1633924800,2230.10009765625,2249.199951171875,2209.5,2216.5,128457
1634011200,2214.39990234375,2238.10009765625,2193.60009765625,2229.300048828125,154588
1634097600,2224.10009765625,2241.699951171875,2211.0,2238.5,169229
1634184000,2238.89990234375,2276.300048828125,2238.60009765625,2272.10009765625,130987
1634270400,2274.60009765625,2298.199951171875,2262.60009765625,2265.0,175391
1634529600,2266.0,2270.60009765625,2247.699951171875,2264.699951171875,141240
1634616000,2262.699951171875,2285.699951171875,2258.89990234375,2272.800048828125,123137
1634702400,2273.89990234375,2294.10009765625,2264.89990234375,2287.5,132699
1634788800,2286.300048828125,2304.5,2274.699951171875,2294.10009765625,147010
1634875200,2294.89990234375,2305.300048828125,2270.800048828125,2288.800048828125,166429
1635134400,2284.699951171875,2314.60009765625,2279.5,2310.300048828125,143744
1635220800,2310.699951171875,2321.89990234375,2290.199951171875,2293.89990234375,177171
1635307200,2293.300048828125,2296.5,2248.800048828125,2249.5,192455
1635393600,2254.0,2302.89990234375,2249.5,2295.10009765625,165467
1635480000,2299.89990234375,2302.699951171875,2283.800048828125,2295.300048828125,145945
1635739200,2301.800048828125,2356.800048828125,2299.0,2354.300048828125,204613
1635825600,2356.0,2364.60009765625,2341.39990234375,2359.39990234375,178334
1635912000,2360.10009765625,2413.699951171875,2354.10009765625,2401.10009765625,224964
1635998400,2403.0,2424.800048828125,2390.89990234375,2400.800048828125,185300
1636084800,2402.0,2450.300048828125,2399.199951171875,2434.300048828125,253361
1636347600,2427.0,2460.800048828125,2426.699951171875,2441.800048828125,169964
1636434000,2436.300048828125,2442.0,2410.89990234375,2426.800048828125,174288
1636520400,2424.0,2431.39990234375,2378.39990234375,2389.300048828125,188199
1636606800,2390.199951171875,2419.699951171875,2384.199951171875,2408.10009765625,131687
1636693200,2407.800048828125,2418.5,2402.800048828125,2410.300048828125,115877
1636952400,2413.10009765625,2427.5,2390.800048828125,2401.0,142334
1637038800,2400.89990234375,2409.10009765625,2384.699951171875,2404.800048828125,138380
1637125200,2402.89990234375,2405.300048828125,2366.39990234375,2374.199951171875,152834
1637211600,2371.60009765625,2386.300048828125,2345.300048828125,2364.199951171875,186525
1637298000,2363.89990234375,2377.39990234375,2328.5,2342.699951171875,208340
1637557200,2346.10009765625,2372.89990234375,2326.199951171875,2332.199951171875,221701
1637643600,2336.300048828125,2344.89990234375,2300.89990234375,2329.300048828125,220497
1637730000,2328.39990234375,2334.89990234375,2300.300048828125,2331.0,163060
1637937000,2332.199951171875,2345.39990234375,2206.300048828125,2243.300048828125,336182
1638162000,2231.10009765625,2282.300048828125,2226.0,2240.199951171875,337608
1638248400,2244.699951171875,2258.300048828125,2171.800048828125,2197.300048828125,410588
1638334800,2213.800048828125,2255.89990234375,2136.800048828125,2146.300048828125,373963
1638421200,2146.0,2213.10009765625,2143.5,2205.199951171875,332772
1638507600,2214.699951171875,2222.5,2139.199951171875,2159.300048828125,327736
1638766800,2166.39990234375,2220.39990234375,2149.800048828125,2203.60009765625,250218
1638853200,2207.89990234375,2274.300048828125,2201.699951171875,2253.89990234375,217576
1638939600,2262.10009765625,2279.89990234375,2243.89990234375,2269.800048828125,200531
1639026000,2269.0,2274.10009765625,2214.39990234375,2218.39990234375,265664
1639112400,2219.0,2244.89990234375,2196.0,2212.39990234375,243187
1639371600,2209.39990234375,2227.199951171875,2167.199951171875,2180.0,258168
1639458000,2184.60009765625,2195.300048828125,2152.39990234375,2161.300048828125,155043
1639544400,2164.300048828125,2201.89990234375,2130.10009765625,2198.10009765625,83275
1639630800,2198.5,2227.60009765625,2141.300048828125,2151.89990234375,56533
1639717200,2152.699951171875,2160.699951171875,2132.0,2142.429931640625,334169
1639976400,2169.0,2173.60009765625,2102.300048828125,2135.89990234375,292340
1640062800,2139.800048828125,2204.60009765625,2135.0,2199.699951171875,206131
1640149200,2203.0,2223.5,2187.5,2219.300048828125,178647
1640235600,2220.89990234375,2245.0,2220.10009765625,2236.89990234375,135494
1640581200,2238.0,2260.300048828125,2222.699951171875,2259.60009765625,130970
1640667600,2259.10009765625,2275.199951171875,2240.800048828125,2243.800048828125,145387
1640754000,2247.10009765625,2252.60009765625,2229.800048828125,2247.800048828125,132269
1640840400,2244.39990234375,2272.300048828125,2237.60009765625,2246.89990234375,122020
1640926800,2245.89990234375,2258.800048828125,2231.39990234375,2242.800048828125,134759
1641186000,2247.60009765625,2284.39990234375,2244.199951171875,2269.39990234375,222614
1641272400,2268.89990234375,2288.60009765625,2250.800048828125,2266.5,182380
1641358800,2267.199951171875,2276.39990234375,2187.5,2190.60009765625,248172
1641445200,2189.300048828125,2220.5,2173.699951171875,2202.699951171875,267822
1641531600,2207.699951171875,2219.800048828125,2173.199951171875,2175.89990234375,230479
1641790800,2172.800048828125,2184.10009765625,2125.89990234375,2168.0,310296
1641877200,2168.5,2194.0,2144.5,2190.39990234375,200103
1641963600,2190.199951171875,2209.300048828125,2161.300048828125,2173.10009765625,203930
1642050000,2176.5,2197.5,2148.800048828125,2155.5,225874
1642136400,2157.0,2163.300048828125,2120.199951171875,2157.699951171875,250546
1642482000,2162.300048828125,2168.60009765625,2089.300048828125,2092.10009765625,305851
1642568400,2095.89990234375,2108.39990234375,2054.199951171875,2059.199951171875,300309
1642654800,2060.39990234375,2104.300048828125,2010.5999755859375,2021.199951171875,296537
1642741200,2020.0,2044.199951171875,1982.0,1985.4000244140625,458527
1643000400,1986.5999755859375,2038.0,1925.199951171875,2031.699951171875,528648
1643086800,2033.300048828125,2036.0,1958.9000244140625,2001.300048828125,353264
1643173200,1989.300048828125,2049.89990234375,1949.699951171875,1972.699951171875,372656
1643259600,1971.4000244140625,2009.5999755859375,1918.5,1928.300048828125,336345
1643346000,1936.199951171875,1966.5,1892.4000244140625,1965.5999755859375,350775
1643605200,1960.800048828125,2025.5999755859375,1937.800048828125,2024.4000244140625,268330
1643691600,2015.0,2049.199951171875,1992.699951171875,2045.9000244140625,259989
1643778000,2041.0999755859375,2058.39990234375,2005.699951171875,2025.0,245740
1643864400,2025.0,2025.5999755859375,1983.0,1986.4000244140625,258203
1643950800,1998.4000244140625,2014.0999755859375,1956.800048828125,1996.9000244140625,236037
1644210000,1996.5999755859375,2024.300048828125,1980.0,2007.300048828125,185338
1644296400,2010.5,2044.5,2002.5,2040.800048828125,168056
1644382800,2042.0,2080.0,2041.5999755859375,2079.10009765625,182679
1644469200,2079.39990234375,2103.89990234375,2034.300048828125,2048.5,332749
1644555600,2045.5,2074.199951171875,2009.9000244140625,2025.699951171875,251682
1644814800,2028.300048828125,2048.199951171875,2000.5,2019.4000244140625,242885
1644901200,2017.4000244140625,2076.60009765625,2011.199951171875,2074.0,182977
1644987600,2072.60009765625,2086.199951171875,2053.800048828125,2077.5,158623
1645074000,2073.10009765625,2079.60009765625,2020.800048828125,2025.5,183474
1645160400,2028.0,2049.199951171875,2000.4000244140625,2006.5999755859375,205738
1645506000,1997.5999755859375,2025.9000244140625,1959.800048828125,1979.199951171875,296786
1645592400,1987.0999755859375,2008.4000244140625,1937.199951171875,1941.0999755859375,226506
1645678800,1941.199951171875,1997.4000244140625,1883.0999755859375,1993.5,349511
1645765200,1984.199951171875,2040.5999755859375,1966.0,2039.0,236900
1646024400,2012.4000244140625,2059.199951171875,1971.699951171875,2044.5,340324
1646110800,2044.5,2064.699951171875,1990.4000244140625,2006.699951171875,245547
1646197200,2009.699951171875,2066.10009765625,1991.300048828125,2056.10009765625,217026
1646283600,2051.199951171875,2071.300048828125,2015.4000244140625,2030.5999755859375,179884
1646370000,2032.5,2036.4000244140625,1981.699951171875,1999.800048828125,214478
1646629200,1985.0,2011.300048828125,1943.300048828125,1950.5,236105
1646715600,1946.5999755859375,2008.0999755859375,1922.5999755859375,1960.300048828125,292627
1646802000,1951.4000244140625,2023.0999755859375,1951.0,2014.300048828125,203898
1646888400,2014.0999755859375,2015.4000244140625,1977.699951171875,2010.9000244140625,232932
1646974800,2012.0,2048.89990234375,1976.800048828125,1978.300048828125,234633
1647230400,1983.0,2005.800048828125,1931.300048828125,1941.5,306124
1647316800,1945.0,1971.5,1916.800048828125,1969.0999755859375,148927
1647403200,1965.0999755859375,2042.0999755859375,1962.199951171875,2032.4000244140625,86295
1647489600,2039.0,2067.10009765625,2017.0,2064.800048828125,43808
1647576000,2058.0,2063.300048828125,2047.5999755859375,2062.68994140625,191872
1647835200,2082.10009765625,2090.39990234375,2047.9000244140625,2062.800048828125,180248
1647921600,2065.300048828125,2097.0,2053.10009765625,2082.300048828125,164205
1648008000,2083.39990234375,2088.39990234375,2044.199951171875,2047.4000244140625,163386
1648094400,2047.0999755859375,2074.39990234375,2039.800048828125,2070.800048828125,143350
1648180800,2072.60009765625,2079.89990234375,2057.60009765625,2075.199951171875,149940
1648440000,2075.5,2077.699951171875,2043.0,2074.800048828125,155784
1648526400,2074.89990234375,2137.10009765625,2071.39990234375,2131.300048828125,203862
1648612800,2128.199951171875,2131.699951171875,2079.10009765625,2088.5,216984
1648699200,2089.60009765625,2102.60009765625,2062.800048828125,2066.39990234375,216810
1648785600,2068.5,2089.89990234375,2062.89990234375,2088.300048828125,187687
1649044800,2088.5,2097.0,2072.0,2094.60009765625,142362
1649131200,2094.10009765625,2107.89990234375,2037.800048828125,2042.9000244140625,204213
1649217600,2045.0,2049.60009765625,1999.5,2014.0999755859375,273733
1649304000,2013.0999755859375,2026.0,1978.800048828125,2006.0,230341
1649390400,2004.0999755859375,2015.9000244140625,1987.0999755859375,1991.0999755859375,175591
1649649600,1994.199951171875,2005.4000244140625,1971.300048828125,1977.5,200569
1649736000,1978.800048828125,2030.300048828125,1966.5999755859375,1984.800048828125,210323
1649822400,1987.199951171875,2027.699951171875,1984.9000244140625,2022.4000244140625,144832
1649908800,2020.0999755859375,2036.699951171875,1999.800048828125,2001.5,151457
1650254400,2001.0,2004.5,1977.699951171875,1987.699951171875,132198
1650340800,1994.5,2035.5,1981.199951171875,2028.5,171187
1650427200,2026.800048828125,2051.800048828125,2022.9000244140625,2036.699951171875,161237
1650513600,2040.0,2060.89990234375,1982.300048828125,1988.9000244140625,213501
1650600000,1986.0999755859375,1991.699951171875,1927.800048828125,1938.699951171875,242659
1650859200,1931.5,1953.0,1903.5,1950.5999755859375,260518
1650945600,1950.300048828125,1957.5999755859375,1879.300048828125,1889.199951171875,278955
1651032000,1879.699951171875,1909.300048828125,1873.699951171875,1881.0999755859375,271029
1651118400,1890.800048828125,1925.800048828125,1857.800048828125,1914.9000244140625,251177
1651204800,1905.9000244140625,1928.800048828125,1855.699951171875,1861.300048828125,270789
1651464000,1868.699951171875,1889.300048828125,1834.5,1879.800048828125,274772
1651550400,1876.800048828125,1906.4000244140625,1867.5,1895.4000244140625,203730
1651636800,1896.5999755859375,1951.5,1867.800048828125,1947.199951171875,207869
1651723200,1943.300048828125,1950.800048828125,1844.0999755859375,1868.0999755859375,267011
1651809600,1873.800048828125,1876.4000244140625,1815.300048828125,1836.5999755859375,304355
1652068800,1821.5999755859375,1828.0,1750.800048828125,1760.4000244140625,297897
1652155200,1762.300048828125,1799.0,1721.5999755859375,1759.9000244140625,300505
1652241600,1758.5,1792.0,1712.300048828125,1715.699951171875,289265
1652328000,1723.0,1752.699951171875,1698.300048828125,1737.5,305234
1652414400,1730.0,1804.0,1730.0,1789.5,215235
1652673600,1792.5999755859375,1804.5,1770.800048828125,1782.4000244140625,168166
1652760000,1780.0,1840.199951171875,1780.0,1837.199951171875,200587
1652846400,1839.0999755859375,1841.5999755859375,1760.300048828125,1772.800048828125,242530
1652932800,1772.5,1797.9000244140625,1744.5,1774.9000244140625,228233
1653019200,1777.4000244140625,1803.800048828125,1727.300048828125,1772.199951171875,254184
1653278400,1776.0999755859375,1800.199951171875,1764.5999755859375,1791.800048828125,178649
1653364800,1791.9000244140625,1791.9000244140625,1732.300048828125,1764.4000244140625,222675
1653451200,1769.199951171875,1807.699951171875,1753.4000244140625,1796.800048828125,211052
1653537600,1797.0999755859375,1847.800048828125,1792.5999755859375,1836.300048828125,178919
1653624000,1834.699951171875,1893.4000244140625,1830.5999755859375,1885.800048828125,169678
1653969600,1891.0999755859375,1908.300048828125,1850.5999755859375,1861.9000244140625,266944
1654056000,1864.5,1879.300048828125,1827.5,1853.0,241244
1654142400,1851.5999755859375,1898.300048828125,1844.4000244140625,1896.9000244140625,183476
1654228800,1896.9000244140625,1902.699951171875,1867.699951171875,1881.300048828125,175389
1654488000,1881.699951171875,1905.699951171875,1878.0,1888.699951171875,168764
1654574400,1889.699951171875,1919.5999755859375,1868.0999755859375,1918.5999755859375,172056
1654660800,1914.0999755859375,1919.0999755859375,1880.199951171875,1889.5,182645
1654747200,1892.0999755859375,1905.199951171875,1848.800048828125,1850.699951171875,237034
1654833600,1854.0,1856.800048828125,1790.5,1800.5999755859375,265941
1655092800,1793.5999755859375,1794.0,1706.4000244140625,1715.4000244140625,323273
1655179200,1716.199951171875,1741.5,1691.0,1708.4000244140625,188776
1655265600,1710.0999755859375,1754.699951171875,1700.4000244140625,1732.300048828125,84110
1655352000,1736.5,1752.4000244140625,1641.0,1652.0,41965
1655438400,1657.0,1673.5999755859375,1649.199951171875,1664.1099853515625,265413
1655784000,1672.0,1713.800048828125,1657.300048828125,1693.4000244140625,218285
1655870400,1694.4000244140625,1705.5,1658.800048828125,1691.4000244140625,226547
1655956800,1690.0,1715.199951171875,1676.5,1711.800048828125,205433
1656043200,1703.5,1765.0,1701.800048828125,1761.699951171875,245418
1656302400,1763.5,1783.699951171875,1751.5,1769.800048828125,216065
1656388800,1773.300048828125,1795.0999755859375,1736.9000244140625,1738.300048828125,169990
1656475200,1739.5999755859375,1746.699951171875,1702.9000244140625,1721.4000244140625,175357
1656561600,1723.699951171875,1726.199951171875,1680.5999755859375,1708.0,224019
1656648000,1701.4000244140625,1732.199951171875,1680.4000244140625,1728.5,210642
1656993600,1727.5,1742.800048828125,1680.199951171875,1741.699951171875,202324
1657080000,1741.5,1750.5,1710.5999755859375,1728.5999755859375,186369
1657166400,1731.5,1773.5,1721.5,1770.199951171875,156402
1657252800,1766.0,1783.5999755859375,1749.5999755859375,1769.4000244140625,173178
1657512000,1769.699951171875,1769.699951171875,1728.699951171875,1732.800048828125,176777
1657598400,1735.800048828125,1747.0999755859375,1716.199951171875,1728.699951171875,171411
1657684800,1730.4000244140625,1755.0,1699.0,1727.4000244140625,218729
1657771200,1722.5,1727.4000244140625,1682.300048828125,1709.4000244140625,206701
1657857600,1710.800048828125,1747.199951171875,1702.5999755859375,1744.5,219768
1658116800,1749.9000244140625,1776.300048828125,1733.5,1738.800048828125,163946
1658203200,1742.5,1803.800048828125,1740.0,1800.800048828125,191555
1658289600,1800.800048828125,1831.199951171875,1790.800048828125,1828.4000244140625,192469
1658376000,1821.699951171875,1838.9000244140625,1800.9000244140625,1837.699951171875,174071
1658462400,1833.4000244140625,1845.5999755859375,1793.0999755859375,1808.4000244140625,198572
1658721600,1808.0,1822.699951171875,1797.5,1817.4000244140625,155351
1658808000,1813.300048828125,1819.4000244140625,1798.5,1805.800048828125,147546
1658894400,1811.199951171875,1856.199951171875,1806.800048828125,1847.699951171875,158782
1658980800,1848.4000244140625,1880.699951171875,1830.5,1872.800048828125,162536
1659067200,1876.199951171875,1890.699951171875,1863.800048828125,1885.300048828125,165539
1659326400,1888.0,1897.0999755859375,1854.800048828125,1885.4000244140625,167960
1659412800,1883.4000244140625,1903.5,1867.5,1883.0,196250
1659499200,1886.0,1915.199951171875,1879.800048828125,1910.699951171875,199364
1659585600,1909.0,1920.699951171875,1897.5,1907.800048828125,161500
1659672000,1908.300048828125,1923.300048828125,1884.699951171875,1921.800048828125,194251
1659931200,1921.800048828125,1959.800048828125,1914.300048828125,1941.0999755859375,161409
1660017600,1943.5,1947.9000244140625,1904.0999755859375,1914.5999755859375,158925
1660104000,1915.0,1972.5,1908.5999755859375,1969.5,170833
1660190400,1969.0999755859375,2008.699951171875,1967.4000244140625,1976.300048828125,197304
1660276800,1981.0999755859375,2017.9000244140625,1976.0999755859375,2016.9000244140625,170639
1660536000,2016.0,2024.9000244140625,1995.300048828125,2023.800048828125,147244
1660622400,2021.0999755859375,2033.0,2003.0999755859375,2023.300048828125,179890
1660708800,2025.199951171875,2028.9000244140625,1976.5,1989.0999755859375,223331
1660795200,1991.9000244140625,2005.300048828125,1981.4000244140625,2001.699951171875,168550
1660881600,1999.800048828125,2000.5999755859375,1952.9000244140625,1959.0999755859375,187618
1661140800,1955.5999755859375,1956.0,1911.699951171875,1917.5,198373
1661227200,1920.4000244140625,1940.9000244140625,1905.9000244140625,1920.5999755859375,162161
1661313600,1918.5,1944.300048828125,1909.699951171875,1935.199951171875,137295
1661400000,1939.5999755859375,1965.4000244140625,1936.699951171875,1964.9000244140625,157810
1661486400,1962.5999755859375,1973.699951171875,1889.9000244140625,1899.300048828125,219516
1661745600,1882.699951171875,1900.300048828125,1871.699951171875,1882.699951171875,202300
1661832000,1883.4000244140625,1901.9000244140625,1845.0999755859375,1856.300048828125,224367
1661918400,1856.199951171875,1872.0999755859375,1841.0999755859375,1844.5999755859375,204816
1662004800,1844.300048828125,1845.699951171875,1797.9000244140625,1824.199951171875,244721
1662091200,1824.0,1849.0,1800.199951171875,1809.300048828125,222411
1662436800,1810.0999755859375,1832.199951171875,1783.5999755859375,1792.5999755859375,263122
1662523200,1791.5999755859375,1833.699951171875,1778.699951171875,1830.5999755859375,231093
1662609600,1828.5,1847.800048828125,1804.5,1845.699951171875,244147
1662696000,1846.5999755859375,1885.0,1844.800048828125,1882.9000244140625,231779
1662955200,1884.4000244140625,1910.5,1878.699951171875,1906.5,320295
1663041600,1909.800048828125,1923.800048828125,1823.800048828125,1830.5999755859375,199702
1663128000,1831.0,1845.0,1814.199951171875,1839.5,94966
1663214400,1841.0999755859375,1855.0,1816.5,1824.300048828125,41069
1663300800,1813.0,1818.5,1792.5999755859375,1804.5799560546875,243328
1663560000,1802.0,1824.5,1779.300048828125,1819.9000244140625,155474
1663646400,1822.4000244140625,1830.0,1780.4000244140625,1795.0999755859375,174307
1663732800,1798.300048828125,1825.5999755859375,1760.699951171875,1768.0999755859375,240915
1663819200,1763.300048828125,1783.5,1720.4000244140625,1727.800048828125,247818
1663905600,1730.4000244140625,1734.199951171875,1662.0,1686.0999755859375,276376
1664164800,1683.0,1710.9000244140625,1656.5999755859375,1662.5,289775
1664251200,1662.5,1697.800048828125,1653.5999755859375,1668.4000244140625,279805
1664337600,1671.800048828125,1731.800048828125,1647.5,1720.800048828125,312199
1664424000,1721.199951171875,1724.9000244140625,1658.199951171875,1682.0999755859375,266908
1664510400,1682.9000244140625,1715.9000244140625,1667.5999755859375,1669.800048828125,323603
1664769600,1667.199951171875,1723.4000244140625,1656.9000244140625,1714.9000244140625,277754
1664856000,1719.0999755859375,1782.5,1714.0999755859375,1781.5,285936
1664942400,1777.0,1777.699951171875,1734.800048828125,1768.0,229769
1665028800,1769.0,1781.9000244140625,1749.0,1758.0999755859375,219401
1665115200,1755.4000244140625,1770.800048828125,1698.5,1706.699951171875,236273
1665374400,1701.699951171875,1715.5,1685.5999755859375,1696.699951171875,201903
1665460800,1696.199951171875,1720.800048828125,1667.0999755859375,1696.9000244140625,248941
1665547200,1700.9000244140625,1717.5999755859375,1673.9000244140625,1692.699951171875,219683
1665633600,1697.0,1742.800048828125,1643.800048828125,1734.800048828125,324626
1665720000,1734.4000244140625,1765.0,1686.9000244140625,1688.300048828125,271228
1665979200,1685.0,1747.9000244140625,1685.0,1742.0,199073
1666065600,1750.0,1794.4000244140625,1746.4000244140625,1761.9000244140625,263895
1666152000,1771.9000244140625,1779.699951171875,1712.699951171875,1732.300048828125,250165
1666238400,1733.0,1755.5,1703.699951171875,1709.4000244140625,231623
1666324800,1713.800048828125,1751.699951171875,1695.300048828125,1746.9000244140625,299559
1666584000,1752.5999755859375,1769.800048828125,1729.5,1754.199951171875,230323
1666670400,1753.199951171875,1809.199951171875,1744.9000244140625,1800.5999755859375,250199
1666756800,1799.5,1844.199951171875,1795.199951171875,1809.9000244140625,263954
1666843200,1815.300048828125,1839.699951171875,1794.800048828125,1810.199951171875,266157
1666929600,1808.5999755859375,1860.5999755859375,1796.699951171875,1851.5999755859375,249545
1667188800,1852.5,1862.199951171875,1835.0,1853.0,209418
1667275200,1852.9000244140625,1876.4000244140625,1848.0999755859375,1856.5999755859375,214352
1667361600,1852.800048828125,1869.5999755859375,1789.4000244140625,1793.300048828125,265319
1667448000,1794.0,1799.699951171875,1758.300048828125,1782.699951171875,227003
1667534400,1781.5,1817.199951171875,1771.800048828125,1804.699951171875,250661
1667797200,1791.800048828125,1824.0,1785.5,1813.9000244140625,168500
1667883600,1812.5999755859375,1837.699951171875,1790.9000244140625,1813.199951171875,198083
1667970000,1812.5999755859375,1818.5999755859375,1759.0,1763.4000244140625,194363
1668056400,1764.5,1877.4000244140625,1763.5999755859375,1870.4000244140625,267493
1668142800,1877.800048828125,1906.0999755859375,1869.9000244140625,1886.800048828125,229449
1668402000,1881.0999755859375,1895.4000244140625,1863.4000244140625,1866.0,189560
1668488400,1871.300048828125,1913.300048828125,1869.4000244140625,1893.4000244140625,231813
1668574800,1889.800048828125,1903.0,1853.5,1857.9000244140625,188258
1668661200,1861.9000244140625,1867.0999755859375,1820.5999755859375,1842.5999755859375,178212
1668747600,1844.0999755859375,1869.0,1836.300048828125,1853.199951171875,164777
1669006800,1853.0999755859375,1857.9000244140625,1829.800048828125,1843.199951171875,124042
1669093200,1842.5,1865.4000244140625,1837.300048828125,1863.800048828125,136678
1669179600,1863.800048828125,1873.0999755859375,1850.300048828125,1866.4000244140625,156991
1669386600,1869.0999755859375,1878.800048828125,1861.300048828125,1870.199951171875,79453
1669611600,1867.0,1867.0,1827.0999755859375,1832.800048828125,168217
1669698000,1834.699951171875,1850.5,1832.5,1837.800048828125,147074
1669784400,1837.5,1897.5999755859375,1821.199951171875,1887.5,262405
1669870800,1896.4000244140625,1906.0999755859375,1874.9000244140625,1883.699951171875,219155
1669957200,1881.5999755859375,1902.300048828125,1843.4000244140625,1894.4000244140625,205981
1670216400,1892.0,1894.9000244140625,1834.800048828125,1841.9000244140625,186130
1670302800,1842.4000244140625,1847.5,1803.0999755859375,1814.0999755859375,191457
1670389200,1814.0,1827.5999755859375,1803.4000244140625,1808.0,176588
1670475600,1807.199951171875,1838.300048828125,1798.300048828125,1819.699951171875,172651
1670562000,1819.5999755859375,1828.699951171875,1795.800048828125,1797.199951171875,212026
1670821200,1798.800048828125,1823.0999755859375,1791.0999755859375,1819.9000244140625,281623
1670907600,1820.0,1891.300048828125,1816.5999755859375,1834.0999755859375,218694
1670994000,1835.5,1849.5,1807.9000244140625,1821.5,69888
1671080400,1826.0,1828.4000244140625,1768.199951171875,1775.0999755859375,64824
1671166800,1772.5999755859375,1779.699951171875,1746.5,1752.4100341796875,240473
1671426000,1770.5999755859375,1784.5,1743.5,1749.5,156511
1671512400,1748.699951171875,1769.4000244140625,1730.800048828125,1758.5999755859375,154680
1671598800,1763.0999755859375,1798.0999755859375,1762.0,1787.9000244140625,160294
1671685200,1793.0,1795.300048828125,1734.800048828125,1765.0,177357
1671771600,1764.5,1779.300048828125,1751.9000244140625,1772.5999755859375,135829
1672117200,1773.0999755859375,1789.5999755859375,1753.699951171875,1760.800048828125,115619
1672203600,1761.5,1769.699951171875,1731.199951171875,1733.199951171875,133073
1672290000,1732.9000244140625,1781.4000244140625,1732.0,1777.0999755859375,148034
1672376400,1773.199951171875,1778.300048828125,1753.4000244140625,1770.9000244140625,141532
1672722000,1790.0,1801.800048828125,1745.4000244140625,1760.0,223315
1672808400,1758.5999755859375,1794.800048828125,1757.199951171875,1783.0999755859375,216507
1672894800,1781.4000244140625,1787.9000244140625,1750.4000244140625,1762.4000244140625,176260
1672981200,1763.5999755859375,1808.0,1759.300048828125,1803.4000244140625,224817
1673240400,1802.9000244140625,1828.5,1802.5999755859375,1805.9000244140625,159550
1673326800,1806.5,1833.300048828125,1795.800048828125,1832.199951171875,160532
1673413200,1831.0999755859375,1857.0999755859375,1830.5,1855.199951171875,169677
1673499600,1857.0999755859375,1887.199951171875,1843.199951171875,1885.800048828125,243092
1673586000,1886.0,1900.800048828125,1867.300048828125,1898.0999755859375,166921
1673931600,1899.5,1905.5999755859375,1887.9000244140625,1894.9000244140625,173419
1674018000,1893.5999755859375,1916.5,1862.800048828125,1864.0,228594
1674104400,1864.4000244140625,1866.5,1832.199951171875,1845.199951171875,206493
1674190800,1845.199951171875,1876.5999755859375,1836.199951171875,1876.0,190599
1674450000,1875.9000244140625,1906.4000244140625,1869.9000244140625,1899.0,181467
1674536400,1898.0999755859375,1903.5,1883.4000244140625,1894.800048828125,147960
1674622800,1892.300048828125,1902.4000244140625,1862.800048828125,1899.5,176900
1674709200,1899.0999755859375,1923.300048828125,1886.5999755859375,1910.5,174525
1674795600,1906.800048828125,1927.199951171875,1901.5999755859375,1919.5,167852
1675054800,1916.800048828125,1919.9000244140625,1891.9000244140625,1893.5,164559
1675141200,1897.4000244140625,1940.0999755859375,1883.0999755859375,1939.4000244140625,212810
1675227600,1938.0999755859375,1986.5,1925.199951171875,1968.4000244140625,253183
1675314000,1966.4000244140625,2016.9000244140625,1964.300048828125,2007.9000244140625,278959
1675400400,2005.0,2015.5999755859375,1981.5999755859375,1993.5,236329
1675659600,1987.199951171875,1991.0,1956.9000244140625,1965.0999755859375,182426
1675746000,1964.5,1984.199951171875,1938.800048828125,1979.300048828125,232027
1675832400,1973.5,1978.9000244140625,1944.0999755859375,1949.9000244140625,178689
1675918800,1950.699951171875,1973.0999755859375,1915.300048828125,1920.9000244140625,188313
1676005200,1923.800048828125,1927.5,1906.199951171875,1924.4000244140625,188112
1676264400,1925.5,1949.800048828125,1913.699951171875,1947.0999755859375,156063
1676350800,1947.300048828125,1964.0999755859375,1921.300048828125,1946.0999755859375,220980
1676437200,1942.0,1967.300048828125,1925.199951171875,1965.5,167858
1676523600,1965.5,1970.300048828125,1931.300048828125,1945.300048828125,211177
1676610000,1944.0999755859375,1953.199951171875,1926.0999755859375,1950.699951171875,195189
1676955600,1949.300048828125,1951.699951171875,1890.4000244140625,1892.699951171875,199646
1677042000,1892.300048828125,1909.800048828125,1885.4000244140625,1898.300048828125,193101
1677128400,1901.4000244140625,1921.0,1884.4000244140625,1910.9000244140625,189818
1677214800,1909.9000244140625,1914.5,1874.300048828125,1891.5999755859375,196213
1677474000,1890.5,1919.0,1889.300048828125,1898.9000244140625,151368
1677560400,1900.699951171875,1916.699951171875,1889.0999755859375,1899.0999755859375,162464
1677646800,1900.699951171875,1911.0,1887.5,1899.800048828125,180699
1677733200,1901.9000244140625,1908.4000244140625,1876.199951171875,1904.199951171875,156103
1677819600,1903.0999755859375,1934.800048828125,1898.199951171875,1930.800048828125,156008
1678078800,1930.0999755859375,1936.9000244140625,1893.699951171875,1902.199951171875,177105
1678165200,1903.4000244140625,1909.5999755859375,1876.300048828125,1879.800048828125,161511
1678251600,1880.199951171875,1890.300048828125,1865.0,1880.300048828125,169296
1678338000,1881.5,1886.300048828125,1823.699951171875,1827.199951171875,252853
1678424400,1827.0999755859375,1838.5999755859375,1754.5,1772.699951171875,450514
1678680000,1780.800048828125,1810.800048828125,1722.5999755859375,1745.0999755859375,464481
1678766400,1748.5,1805.0999755859375,1744.800048828125,1779.0999755859375,224477
1678852800,1770.0,1786.9000244140625,1715.0,1747.800048828125,109057
1678939200,1745.4000244140625,1785.5,1715.4000244140625,1771.5,55121
1679025600,1768.300048828125,1780.0,1740.0999755859375,1759.010009765625,315824
1679284800,1749.199951171875,1779.4000244140625,1708.0,1760.699951171875,263382
1679371200,1763.9000244140625,1808.199951171875,1761.0999755859375,1793.300048828125,216199
1679457600,1798.5999755859375,1799.199951171875,1739.199951171875,1741.0,237040
1679544000,1745.800048828125,1774.9000244140625,1716.699951171875,1732.5,284968
1679630400,1741.9000244140625,1751.199951171875,1703.0,1747.699951171875,274333
1679889600,1748.0999755859375,1777.5,1745.300048828125,1767.300048828125,205332
1679976000,1771.699951171875,1779.0,1756.300048828125,1764.800048828125,136954
1680062400,1767.5,1788.4000244140625,1766.9000244140625,1784.300048828125,158741
1680148800,1783.199951171875,1802.4000244140625,1773.300048828125,1780.0999755859375,166271
1680235200,1781.0999755859375,1817.0999755859375,1777.800048828125,1813.5,222697
1680494400,1810.199951171875,1827.4000244140625,1793.300048828125,1814.199951171875,195788
1680580800,1813.699951171875,1823.0,1771.5,1780.9000244140625,180070
1680667200,1783.5999755859375,1784.699951171875,1752.699951171875,1763.699951171875,169735
1680753600,1761.199951171875,1772.199951171875,1753.699951171875,1766.800048828125,13614
1681099200,1779.199951171875,1789.0999755859375,1754.300048828125,1785.5999755859375,145893
1681185600,1787.800048828125,1807.199951171875,1785.199951171875,1798.300048828125,140805
1681272000,1798.199951171875,1822.0,1782.699951171875,1784.9000244140625,175833
1681358400,1784.800048828125,1813.9000244140625,1780.5,1808.699951171875,129528
1681444800,1806.0999755859375,1819.4000244140625,1779.0999755859375,1791.699951171875,180778
1681704000,1796.5,1817.0999755859375,1793.300048828125,1814.199951171875,139720
1681790400,1814.300048828125,1825.5,1794.800048828125,1806.0,149234
1681876800,1806.300048828125,1814.0,1790.5999755859375,1809.9000244140625,139078
1681963200,1805.9000244140625,1809.4000244140625,1788.4000244140625,1798.199951171875,152742
1682049600,1798.0,1808.5999755859375,1782.5999755859375,1801.4000244140625,158311
1682308800,1797.300048828125,1809.699951171875,1788.0999755859375,1799.5,122167
1682395200,1796.4000244140625,1796.9000244140625,1747.300048828125,1754.800048828125,203010
1682481600,1754.0999755859375,1757.699951171875,1733.0,1737.800048828125,211572
1682568000,1736.4000244140625,1762.0,1731.699951171875,1760.0999755859375,183260
1682654400,1757.5,1781.0999755859375,1742.199951171875,1774.800048828125,220585
1682913600,1776.5999755859375,1796.5,1768.800048828125,1776.4000244140625,159870
1683000000,1772.0,1777.9000244140625,1720.4000244140625,1737.9000244140625,258777
1683086400,1737.699951171875,1778.9000244140625,1731.4000244140625,1745.0,273563
1683172800,1730.0,1743.5,1707.9000244140625,1724.0,266607
1683259200,1724.0,1772.199951171875,1723.4000244140625,1765.4000244140625,218289
1683518400,1765.5999755859375,1776.0999755859375,1751.4000244140625,1761.0,135621
1683604800,1761.0999755859375,1762.699951171875,1741.4000244140625,1755.0999755859375,132531
1683691200,1755.199951171875,1786.800048828125,1747.0,1764.9000244140625,219482
1683777600,1766.9000244140625,1774.0999755859375,1739.5999755859375,1749.699951171875,174670
1683864000,1750.4000244140625,1763.0999755859375,1734.9000244140625,1746.5,148903
1684123200,1742.699951171875,1776.5,1740.4000244140625,1767.5,157109
1684209600,1766.300048828125,1768.0,1739.699951171875,1740.9000244140625,187372
1684296000,1744.9000244140625,1784.0,1739.699951171875,1781.0,240694
1684382400,1781.300048828125,1794.4000244140625,1768.0999755859375,1791.0999755859375,218916
1684468800,1793.0999755859375,1805.5999755859375,1770.4000244140625,1779.199951171875,230866
1684728000,1771.5999755859375,1808.5999755859375,1769.4000244140625,1800.9000244140625,190686
1684814400,1802.800048828125,1823.699951171875,1791.699951171875,1793.0999755859375,236468
1684900800,1794.699951171875,1798.9000244140625,1763.5,1772.0,241020
1684987200,1775.0,1775.5,1742.699951171875,1758.699951171875,254499
1685073600,1756.300048828125,1780.300048828125,1750.5,1777.300048828125,199970
1685419200,1787.699951171875,1791.699951171875,1763.300048828125,1771.199951171875,215541
1685505600,1770.699951171875,1775.800048828125,1738.5,1751.800048828125,257559
1685592000,1751.300048828125,1777.199951171875,1743.4000244140625,1771.0,223294
1685678400,1773.0,1836.0999755859375,1771.5,1834.5999755859375,285999
1685937600,1835.800048828125,1842.800048828125,1798.5,1809.5999755859375,266603
1686024000,1810.199951171875,1864.5,1802.5,1858.0999755859375,267447
1686110400,1858.5999755859375,1898.5999755859375,1854.800048828125,1892.4000244140625,307688
1686196800,1896.9000244140625,1899.9000244140625,1868.0,1883.300048828125,237770
1686283200,1881.199951171875,1884.699951171875,1862.9000244140625,1868.4000244140625,259845
1686542400,1867.0,1885.300048828125,1860.4000244140625,1876.699951171875,321960
1686628800,1879.699951171875,1908.699951171875,1875.0,1898.199951171875,211218
1686715200,1901.199951171875,1910.4000244140625,1862.4000244140625,1876.9000244140625,113914
1686801600,1878.5999755859375,1894.0,1858.5999755859375,1890.5999755859375,57491
1686888000,1888.800048828125,1909.0999755859375,1884.0999755859375,1909.0999755859375,229117
1687233600,1898.0,1898.0,1870.699951171875,1885.4000244140625,174717
1687320000,1883.0,1892.4000244140625,1869.300048828125,1880.5,165845
1687406400,1880.0999755859375,1882.800048828125,1857.0,1865.300048828125,164171
1687492800,1866.300048828125,1867.800048828125,1830.699951171875,1834.5999755859375,262032
1687752000,1835.0999755859375,1858.699951171875,1825.0999755859375,1838.4000244140625,198695
1687838400,1841.199951171875,1871.699951171875,1834.0999755859375,1865.699951171875,171363
1687924800,1863.0999755859375,1878.0,1852.4000244140625,1874.0,167636
1688011200,1876.0,1902.300048828125,1871.300048828125,1898.0999755859375,204716
1688097600,1897.5999755859375,1916.4000244140625,1895.9000244140625,1903.699951171875,208456
1688391000,1903.199951171875,1919.5999755859375,1898.199951171875,1911.0999755859375,116922
1688529600,1910.9000244140625,1913.4000244140625,1884.4000244140625,1888.0,192920
1688616000,1886.5999755859375,1887.199951171875,1835.0,1856.300048828125,253243
1688702400,1854.4000244140625,1894.300048828125,1847.0999755859375,1878.0,203378
1688961600,1876.699951171875,1911.300048828125,1861.5999755859375,1909.5999755859375,172545
1689048000,1910.699951171875,1931.300048828125,1906.0,1927.800048828125,175140
1689134400,1927.300048828125,1965.300048828125,1926.0999755859375,1948.5,239153
1689220800,1948.800048828125,1967.0,1947.5999755859375,1963.9000244140625,158584
1689307200,1960.199951171875,1964.699951171875,1932.0,1944.199951171875,197469
1689566400,1943.0999755859375,1973.199951171875,1938.0,1965.300048828125,140290
1689652800,1962.699951171875,1993.0,1957.699951171875,1989.9000244140625,169427
1689739200,1988.0,2005.9000244140625,1983.0999755859375,1997.300048828125,166867
1689825600,1998.0999755859375,2007.0,1971.0999755859375,1980.0999755859375,168024
1689912000,1981.0999755859375,1995.9000244140625,1968.800048828125,1971.699951171875,162252
1690171200,1971.199951171875,1990.5,1967.5,1976.9000244140625,129551
1690257600,1977.300048828125,1989.9000244140625,1970.699951171875,1977.199951171875,141009
1690344000,1980.199951171875,1999.5,1972.300048828125,1991.9000244140625,169516
1690430400,1987.5999755859375,2012.699951171875,1958.0999755859375,1966.199951171875,209790
1690516800,1966.300048828125,1996.4000244140625,1959.5,1991.0,158482
1690776000,1992.699951171875,2015.699951171875,1985.4000244140625,2013.5999755859375,171527
1690862400,2015.0,2017.800048828125,1983.5,2004.0,172396
1690948800,1994.5,1999.300048828125,1966.0,1976.5999755859375,185261
1691035200,1975.800048828125,1982.9000244140625,1955.199951171875,1970.800048828125,164561
1691121600,1969.699951171875,1987.699951171875,1958.699951171875,1965.5,196355
1691380800,1965.300048828125,1977.0,1950.5999755859375,1967.5,142588
1691467200,1968.300048828125,1969.0,1928.199951171875,1955.0999755859375,182043
1691553600,1953.699951171875,1964.5999755859375,1930.0,1938.0999755859375,156144
1691640000,1940.199951171875,1963.5999755859375,1920.5,1928.5,203460
1691726400,1930.5,1938.5,1918.300048828125,1931.199951171875,155476
1691985600,1932.300048828125,1939.300048828125,1907.199951171875,1928.0999755859375,176572
1692072000,1930.0,1933.9000244140625,1900.800048828125,1902.4000244140625,190942
1692158400,1903.300048828125,1911.9000244140625,1876.699951171875,1878.5999755859375,186571
1692244800,1876.699951171875,1889.0,1853.5999755859375,1856.199951171875,204250
1692331200,1855.0999755859375,1871.300048828125,1837.800048828125,1865.0,241583
1692590400,1864.5999755859375,1874.0999755859375,1848.800048828125,1861.5999755859375,184558
1692676800,1861.300048828125,1875.0,1850.0,1856.5999755859375,164525
1692763200,1857.0,1879.300048828125,1852.0,1875.199951171875,174091
1692849600,1877.4000244140625,1883.699951171875,1847.5999755859375,1850.300048828125,242180
1692936000,1851.9000244140625,1867.199951171875,1832.800048828125,1857.4000244140625,211810
1693195200,1857.699951171875,1884.5,1856.0999755859375,1873.300048828125,146663
1693281600,1874.300048828125,1900.699951171875,1862.0999755859375,1898.800048828125,165301
1693368000,1898.9000244140625,1912.800048828125,1889.5999755859375,1906.5999755859375,156458
1693454400,1908.9000244140625,1918.300048828125,1900.300048828125,1901.5999755859375,150051
1693540800,1902.800048828125,1934.0,1902.0999755859375,1922.699951171875,195866
1693886400,1922.699951171875,1924.699951171875,1882.199951171875,1883.0999755859375,226585
1693972800,1883.300048828125,1895.699951171875,1865.0999755859375,1876.5,174251
1694059200,1875.199951171875,1877.699951171875,1849.4000244140625,1857.800048828125,168348
1694145600,1858.9000244140625,1863.800048828125,1847.800048828125,1853.4000244140625,195832
1694404800,1853.199951171875,1870.4000244140625,1851.5999755859375,1857.300048828125,290352
1694491200,1856.800048828125,1866.300048828125,1850.199951171875,1854.9000244140625,190799
1694577600,1855.199951171875,1863.0,1835.699951171875,1842.199951171875,94883
1694664000,1843.800048828125,1872.5,1841.9000244140625,1867.9000244140625,57644
1694750400,1870.5999755859375,1874.199951171875,1857.0999755859375,1861.06005859375,222691
1695009600,1866.199951171875,1871.0999755859375,1852.800048828125,1853.199951171875,132409
1695096000,1854.699951171875,1862.0,1838.9000244140625,1845.5999755859375,179799
1695182400,1846.0999755859375,1863.9000244140625,1824.300048828125,1826.300048828125,183878
1695268800,1826.0,1826.800048828125,1795.5999755859375,1797.9000244140625,219042
1695355200,1798.300048828125,1810.0,1791.9000244140625,1792.699951171875,176070
1695614400,1793.0,1804.5999755859375,1780.4000244140625,1800.9000244140625,175597
1695700800,1803.300048828125,1804.0999755859375,1776.300048828125,1777.9000244140625,205143
1695787200,1781.9000244140625,1802.800048828125,1777.4000244140625,1793.0,236478
1695873600,1798.300048828125,1818.9000244140625,1786.0,1809.0999755859375,217558
1695960000,1811.9000244140625,1824.800048828125,1793.4000244140625,1798.5999755859375,235658
1696219200,1814.9000244140625,1818.199951171875,1762.9000244140625,1771.4000244140625,257684
1696305600,1773.699951171875,1775.699951171875,1734.4000244140625,1741.9000244140625,260711
1696392000,1739.5,1748.4000244140625,1720.699951171875,1743.0,277939
1696478400,1740.300048828125,1748.800048828125,1728.800048828125,1743.5999755859375,229240
1696564800,1742.4000244140625,1769.0999755859375,1723.0999755859375,1759.699951171875,294729
1696824000,1743.5,1775.699951171875,1735.5999755859375,1770.300048828125,184197
1696910400,1768.9000244140625,1801.0,1766.9000244140625,1790.0,210058
1696996800,1789.800048828125,1802.699951171875,1773.199951171875,1786.0,175325
1697083200,1791.199951171875,1800.9000244140625,1736.0,1746.199951171875,242308
1697169600,1746.300048828125,1755.199951171875,1724.300048828125,1729.9000244140625,218898
1697428800,1729.9000244140625,1762.199951171875,1729.9000244140625,1758.0,173723
1697515200,1759.199951171875,1792.9000244140625,1746.0999755859375,1778.0999755859375,243809
1697601600,1777.5,1779.300048828125,1737.0,1740.199951171875,234582
1697688000,1739.0999755859375,1748.0999755859375,1709.199951171875,1712.699951171875,284132
1697774400,1710.4000244140625,1714.5,1688.0999755859375,1689.800048828125,284058
1698033600,1692.4000244140625,1699.699951171875,1670.9000244140625,1676.0999755859375,242690
1698120000,1681.5999755859375,1701.199951171875,1677.699951171875,1688.9000244140625,194532
1698206400,1688.5,1689.5999755859375,1657.800048828125,1660.9000244140625,221702
1698292800,1659.199951171875,1681.199951171875,1649.0,1664.5,301070
1698379200,1666.300048828125,1676.300048828125,1638.800048828125,1645.0999755859375,253281
1698638400,1648.300048828125,1670.800048828125,1641.699951171875,1653.5999755859375,198779
1698724800,1652.199951171875,1672.4000244140625,1644.199951171875,1668.4000244140625,208044
1698811200,1665.5999755859375,1678.199951171875,1652.4000244140625,1676.4000244140625,273017
1698897600,1675.800048828125,1723.5999755859375,1675.4000244140625,1720.699951171875,271579
1698984000,1720.800048828125,1779.5999755859375,1719.9000244140625,1767.699951171875,320195
1699246800,1767.300048828125,1772.300048828125,1735.4000244140625,1745.5999755859375,202402
1699333200,1744.300048828125,1746.800048828125,1727.0999755859375,1740.0999755859375,189048
1699419600,1739.5,1743.0,1713.699951171875,1720.199951171875,195602
1699506000,1716.5999755859375,1733.800048828125,1689.699951171875,1692.9000244140625,231533
1699592400,1694.4000244140625,1717.0999755859375,1687.4000244140625,1711.5,227569
1699851600,1709.0,1717.4000244140625,1694.5,1711.5,170047
1699938000,1712.199951171875,1808.199951171875,1707.0999755859375,1805.199951171875,399970
1700024400,1807.9000244140625,1838.5,1801.5999755859375,1808.5,337190
1700110800,1805.699951171875,1813.5,1770.5,1779.4000244140625,283849
1700197200,1783.699951171875,1805.5999755859375,1780.4000244140625,1802.4000244140625,211733
1700456400,1801.9000244140625,1815.800048828125,1794.5,1812.0999755859375,157763
1700542800,1813.300048828125,1816.4000244140625,1784.699951171875,1788.699951171875,160921
1700629200,1789.0999755859375,1811.699951171875,1787.0999755859375,1798.9000244140625,182593
1700715600,1798.699951171875,1803.5,1796.199951171875,1797.4000244140625,182593
1700836200,1798.699951171875,1815.0,1795.300048828125,1811.0,96277
1701061200,1810.199951171875,1811.300048828125,1789.0,1804.199951171875,152196
1701147600,1805.300048828125,1809.300048828125,1788.5999755859375,1797.0,163808
1701234000,1798.699951171875,1834.5,1797.5,1805.800048828125,215278
1701320400,1805.5999755859375,1822.199951171875,1800.800048828125,1812.199951171875,217482
1701406800,1810.9000244140625,1869.5999755859375,1797.0,1865.699951171875,316025
1701666000,1867.9000244140625,1886.0999755859375,1856.0999755859375,1884.9000244140625,266118
1701752400,1883.9000244140625,1887.199951171875,1855.300048828125,1859.800048828125,226568
1701838800,1859.699951171875,1895.199951171875,1853.199951171875,1854.800048828125,246648
1701925200,1855.5,1870.9000244140625,1845.5999755859375,1869.699951171875,226015
1702011600,1870.0,1892.0,1859.199951171875,1882.0999755859375,314659
1702270800,1880.4000244140625,1890.300048828125,1872.800048828125,1886.0999755859375,319194
1702357200,1886.800048828125,1904.199951171875,1867.300048828125,1884.0,191436
1702443600,1884.699951171875,1954.800048828125,1870.0999755859375,1950.4000244140625,120491
1702530000,1951.5,2014.5,1950.0,2001.699951171875,83143
1702616400,1995.800048828125,2023.300048828125,1982.300048828125,2009.3299560546875,376062
1702875600,2010.199951171875,2022.5999755859375,2001.199951171875,2005.5999755859375,202380
1702962000,2004.199951171875,2047.9000244140625,2000.199951171875,2044.800048828125,216779
1703048400,2042.699951171875,2064.39990234375,2002.0,2003.5999755859375,299243
1703134800,2010.5999755859375,2039.699951171875,2010.0,2039.199951171875,218909
1703221200,2038.5999755859375,2069.800048828125,2030.0999755859375,2056.39990234375,201349
1703566800,2051.89990234375,2087.60009765625,2051.89990234375,2082.10009765625,124427
1703653200,2083.0,2097.0,2075.199951171875,2089.10009765625,166852
1703739600,2088.699951171875,2096.199951171875,2072.60009765625,2079.300048828125,152393
1703826000,2080.89990234375,2086.199951171875,2042.300048828125,2047.699951171875,206602
1704171600,2048.0,2061.60009765625,2022.4000244140625,2033.0,259426
1704258000,2036.0999755859375,2037.300048828125,1973.9000244140625,1977.300048828125,304284
1704344400,1979.800048828125,1991.0,1965.5999755859375,1973.5999755859375,224522
1704430800,1977.300048828125,1989.0999755859375,1938.5999755859375,1966.800048828125,251773
1704690000,1969.199951171875,2004.5999755859375,1954.5,2004.0999755859375,185648
1704776400,2002.300048828125,2002.699951171875,1966.4000244140625,1982.699951171875,179161
1704862800,1980.9000244140625,1988.699951171875,1963.4000244140625,1984.0,185494
1704949200,1984.5999755859375,2003.0999755859375,1944.699951171875,1969.0999755859375,265841
1705035600,1966.699951171875,2003.300048828125,1957.300048828125,1963.9000244140625,209888
1705381200,1962.9000244140625,1971.0999755859375,1931.5,1940.0999755859375,235625
1705467600,1940.4000244140625,1942.0999755859375,1904.800048828125,1925.0,210028
1705554000,1925.0,1941.800048828125,1911.199951171875,1936.199951171875,217256
1705640400,1936.9000244140625,1958.300048828125,1921.300048828125,1954.800048828125,210553
1705899600,1957.5999755859375,1998.699951171875,1957.4000244140625,1996.300048828125,231350
1705986000,1997.699951171875,2017.0,1980.0,1989.5,227477
1706072400,1989.800048828125,2017.199951171875,1968.300048828125,1972.199951171875,215770
1706158800,1973.4000244140625,2006.0,1970.800048828125,1987.699951171875,213535
1706245200,1991.0,2008.300048828125,1982.5,1988.5,179638
1706504400,1985.5,2023.300048828125,1979.300048828125,2022.800048828125,161799
1706590800,2019.0999755859375,2025.5,1999.300048828125,2005.9000244140625,161490
1706677200,2009.5,2019.5999755859375,1953.5,1955.9000244140625,314780
1706763600,1959.800048828125,1985.9000244140625,1941.0999755859375,1982.5999755859375,284422
1706850000,1982.800048828125,1988.300048828125,1949.4000244140625,1970.5999755859375,248525
1707109200,1968.4000244140625,1970.0,1925.4000244140625,1943.800048828125,209771
1707195600,1942.699951171875,1963.4000244140625,1934.5,1961.0,172176
1707282000,1961.0999755859375,1971.5999755859375,1944.9000244140625,1957.5,192421
1707368400,1954.699951171875,1988.5999755859375,1947.4000244140625,1987.5999755859375,167804
1707454800,1985.699951171875,2020.800048828125,1983.800048828125,2019.0999755859375,221567
1707714000,2017.199951171875,2060.89990234375,2015.800048828125,2055.0,239293
1707800400,2054.10009765625,2058.199951171875,1953.699951171875,1969.300048828125,431449
1707886800,1972.300048828125,2021.800048828125,1970.4000244140625,2016.800048828125,259660
1707973200,2018.5,2071.199951171875,2017.199951171875,2067.5,279940
1708059600,2064.0,2070.0,2032.0999755859375,2039.0,266601
1708405200,2037.5,2044.800048828125,2001.699951171875,2010.199951171875,208402
1708491600,2013.0,2013.800048828125,1985.0,2000.5,167564
1708578000,2002.699951171875,2021.5999755859375,1999.0,2016.0,244586
1708664400,2013.699951171875,2031.9000244140625,2003.5999755859375,2020.5,178823
1708923600,2018.0,2036.699951171875,2009.300048828125,2032.199951171875,148525
1709010000,2031.0,2062.39990234375,2027.0999755859375,2059.89990234375,166749
1709096400,2059.10009765625,2059.89990234375,2038.199951171875,2043.4000244140625,153413
1709182800,2041.0,2083.39990234375,2037.199951171875,2057.300048828125,247225
1709269200,2053.60009765625,2082.10009765625,2044.9000244140625,2078.199951171875,185776
1709528400,2076.0,2096.800048828125,2073.10009765625,2075.800048828125,176223
1709614800,2073.300048828125,2077.39990234375,2048.39990234375,2055.300048828125,181580
1709701200,2054.699951171875,2079.300048828125,2052.10009765625,2069.699951171875,187028
1709787600,2070.60009765625,2099.0,2057.300048828125,2086.699951171875,187560
1709874000,2088.5,2121.39990234375,2070.699951171875,2084.60009765625,302883
1710129600,2085.300048828125,2088.800048828125,2064.0,2068.60009765625,320334
1710216000,2070.89990234375,2085.0,2048.699951171875,2065.300048828125,181371
1710302400,2063.300048828125,2081.89990234375,2059.39990234375,2072.699951171875,88162
1710388800,2073.699951171875,2081.89990234375,2016.199951171875,2032.699951171875,52568
1710475200,2034.5,2041.4000244140625,2019.050048828125,2019.050048828125,201888
1710734400,2064.10009765625,2076.39990234375,2047.0999755859375,2049.800048828125,155235
1710820800,2050.89990234375,2065.699951171875,2032.5,2059.300048828125,153285
1710907200,2059.60009765625,2108.699951171875,2047.800048828125,2098.60009765625,236470
1710993600,2102.199951171875,2132.699951171875,2101.699951171875,2122.800048828125,208947
1711080000,2125.300048828125,2132.199951171875,2091.39990234375,2093.60009765625,167378
1711339200,2092.60009765625,2111.89990234375,2089.199951171875,2097.300048828125,104367
1711425600,2098.800048828125,2118.199951171875,2091.5,2092.60009765625,132793
1711512000,2095.800048828125,2142.39990234375,2095.800048828125,2138.39990234375,188244
1711598400,2140.60009765625,2161.800048828125,2132.39990234375,2145.89990234375,191410
1711944000,2150.60009765625,2167.0,2119.5,2123.0,177305
1712030400,2126.0,2129.5,2072.10009765625,2082.699951171875,234059
1712116800,2087.199951171875,2102.699951171875,2069.89990234375,2096.800048828125,188513
1712203200,2098.199951171875,2123.699951171875,2068.89990234375,2074.39990234375,197910
1712289600,2075.199951171875,2094.39990234375,2059.39990234375,2082.300048828125,203995
1712548800,2086.0,2101.60009765625,2074.0,2092.39990234375,144288
1712635200,2092.800048828125,2106.699951171875,2081.10009765625,2100.300048828125,159897
1712721600,2102.39990234375,2114.0,2027.9000244140625,2043.199951171875,368117
1712808000,2043.699951171875,2063.699951171875,2017.0,2057.89990234375,247329
1712894400,2057.60009765625,2062.39990234375,2009.800048828125,2019.800048828125,212766
1713153600,2019.800048828125,2035.800048828125,1982.199951171875,1991.0,258842
1713240000,1992.199951171875,1994.699951171875,1965.300048828125,1982.800048828125,255907
1713326400,1983.300048828125,2000.9000244140625,1959.199951171875,1962.0,232306
1713412800,1963.800048828125,1987.4000244140625,1951.9000244140625,1958.0999755859375,219658
1713499200,1958.5999755859375,1974.199951171875,1915.800048828125,1961.199951171875,283542
1713758400,1966.4000244140625,1993.199951171875,1958.699951171875,1982.5999755859375,159567
1713844800,1985.0999755859375,2023.9000244140625,1973.9000244140625,2014.9000244140625,187512
1713931200,2016.0,2019.0999755859375,1993.9000244140625,2006.800048828125,169194
1714017600,2010.5,2023.5,1965.699951171875,1993.199951171875,225344
1714104000,1992.9000244140625,2020.0,1984.5999755859375,2013.699951171875,168512
1714363200,2019.0,2032.9000244140625,2015.0999755859375,2027.0999755859375,123420
1714449600,2025.5999755859375,2026.699951171875,1978.0999755859375,1985.5999755859375,194515
1714536000,1982.699951171875,2031.300048828125,1972.0999755859375,1989.699951171875,254994
1714622400,1997.9000244140625,2032.199951171875,1991.699951171875,2027.199951171875,186415
1714708800,2026.4000244140625,2070.0,2019.0999755859375,2045.800048828125,197735
1714968000,2052.89990234375,2075.5,2047.5,2071.10009765625,132243
1715054400,2071.199951171875,2088.800048828125,2069.199951171875,2076.699951171875,131226
1715140800,2072.0,2074.39990234375,2051.800048828125,2064.800048828125,118276
1715227200,2063.39990234375,2086.89990234375,2054.300048828125,2084.10009765625,117960
1715313600,2085.300048828125,2096.300048828125,2061.89990234375,2067.89990234375,138794
1715572800,2066.699951171875,2090.89990234375,2065.699951171875,2072.5,114511
1715659200,2071.89990234375,2103.5,2058.300048828125,2095.0,195229
1715745600,2097.199951171875,2132.5,2094.5,2118.89990234375,195262
1715832000,2117.60009765625,2123.89990234375,2102.5,2104.89990234375,137878
1715918400,2103.39990234375,2109.199951171875,2097.39990234375,2105.5,132827
1716177600,2105.89990234375,2118.800048828125,2100.10009765625,2109.89990234375,117589
1716264000,2111.60009765625,2113.39990234375,2093.60009765625,2107.10009765625,117246
1716350400,2106.0,2110.199951171875,2080.60009765625,2089.10009765625,167725
1716436800,2084.60009765625,2101.0,2044.9000244140625,2053.699951171875,243990
1716523200,2056.39990234375,2078.39990234375,2055.699951171875,2076.5,145809
1716868800,2078.199951171875,2093.5,2060.89990234375,2073.199951171875,170242
1716955200,2071.0,2071.10009765625,2038.4000244140625,2041.5999755859375,175503
1717041600,2041.199951171875,2070.0,2031.199951171875,2061.0,170394
1717128000,2064.10009765625,2082.5,2048.699951171875,2075.800048828125,213060
1717387200,2080.0,2104.699951171875,2050.39990234375,2065.199951171875,204362
1717473600,2066.0,2068.0,2035.0999755859375,2037.5,174964
1717560000,2038.5999755859375,2069.800048828125,2035.5999755859375,2068.699951171875,162991
1717646400,2069.300048828125,2069.300048828125,2047.699951171875,2053.0,133887
1717732800,2054.800048828125,2060.300048828125,2020.5999755859375,2029.199951171875,175118
1717992000,2027.699951171875,2038.0,2005.800048828125,2035.9000244140625,164552
1718078400,2035.800048828125,2037.4000244140625,2005.5999755859375,2027.699951171875,153461
1718164800,2027.300048828125,2095.199951171875,2024.300048828125,2060.0,312582
1718251200,2060.199951171875,2074.0,2026.0,2041.0,258239
1718337600,2037.0,2038.5,1999.0999755859375,2008.0,277013
1718596800,2010.0,2029.9000244140625,1993.5,2024.199951171875,267472
1718683200,2025.0,2036.4000244140625,2014.5999755859375,2026.5999755859375,142325
1718856000,2028.9000244140625,2037.5999755859375,2010.9000244140625,2016.9000244140625,52425
1718942400,2017.0,2022.4000244140625,2005.0,2015.5400390625,154456
1719201600,2044.800048828125,2067.300048828125,2034.5,2052.800048828125,156102
1719288000,2053.60009765625,2060.0,2037.300048828125,2044.9000244140625,120879
1719374400,2042.5,2046.800048828125,2026.5,2040.5,132557
1719460800,2037.9000244140625,2063.300048828125,2030.4000244140625,2060.10009765625,142416
1719547200,2061.39990234375,2084.89990234375,2050.39990234375,2065.0,286383
1719806400,2068.39990234375,2079.39990234375,2041.199951171875,2048.39990234375,210660
1719892800,2049.199951171875,2059.60009765625,2035.9000244140625,2055.0,140636
1720013400,2053.5,2069.39990234375,2050.89990234375,2053.10009765625,110063
1720152000,2055.10009765625,2061.800048828125,2032.800048828125,2042.699951171875,172276
1720411200,2040.800048828125,2072.300048828125,2036.699951171875,2056.699951171875,176796
1720497600,2058.10009765625,2064.89990234375,2039.300048828125,2047.800048828125,134115
1720584000,2048.5,2070.89990234375,2047.5999755859375,2069.300048828125,123554
1720670400,2068.60009765625,2149.0,2064.800048828125,2145.60009765625,427085
1720756800,2148.300048828125,2186.39990234375,2144.800048828125,2167.0,296515
1721016000,2175.5,2219.89990234375,2170.89990234375,2207.60009765625,271803
1721102400,2210.5,2287.699951171875,2207.10009765625,2284.199951171875,322116
1721188800,2285.89990234375,2304.89990234375,2253.699951171875,2260.89990234375,364049
1721275200,2265.5,2285.5,2206.800048828125,2217.0,311648
1721361600,2220.699951171875,2225.199951171875,2193.60009765625,2202.300048828125,229631
1721620800,2207.0,2242.60009765625,2188.699951171875,2238.699951171875,224543
1721707200,2239.89990234375,2274.0,2224.10009765625,2262.0,233109
1721793600,2262.800048828125,2274.5,2212.10009765625,2214.60009765625,279584
1721880000,2215.699951171875,2275.699951171875,2202.199951171875,2240.300048828125,286454
1721966400,2244.39990234375,2288.800048828125,2244.199951171875,2277.199951171875,230250
1722225600,2277.199951171875,2298.10009765625,2241.199951171875,2251.300048828125,187469
1722312000,2249.89990234375,2278.5,2236.300048828125,2259.10009765625,184602
1722398400,2263.0,2320.5,2253.10009765625,2273.0,290469
1722484800,2272.5,2282.5,2182.10009765625,2198.10009765625,357063
1722571200,2195.89990234375,2200.10009765625,2097.0,2118.5,385201
1722830400,2097.5,2109.800048828125,1992.800048828125,2049.0,443442
1722916800,2063.699951171875,2099.89990234375,2038.300048828125,2072.60009765625,285298
1723003200,2060.800048828125,2113.10009765625,2035.5,2045.800048828125,237464
1723089600,2038.199951171875,2100.0,2025.9000244140625,2095.0,196018
1723176000,2096.5,2112.300048828125,2075.0,2089.89990234375,144129
1723435200,2088.699951171875,2095.39990234375,2063.0,2071.5,131963
1723521600,2071.5,2109.60009765625,2062.39990234375,2105.0,145321
1723608000,2102.699951171875,2140.5,2082.10009765625,2091.800048828125,177220
1723694400,2092.60009765625,2156.5,2080.699951171875,2145.60009765625,218191
1723780800,2147.39990234375,2164.60009765625,2133.10009765625,2151.60009765625,154875
1724040000,2154.199951171875,2178.10009765625,2147.60009765625,2176.60009765625,105933
1724126400,2177.300048828125,2187.10009765625,2144.60009765625,2151.699951171875,122009
1724212800,2152.5,2182.0,2150.300048828125,2179.300048828125,129993
1724299200,2181.89990234375,2188.300048828125,2154.89990234375,2159.300048828125,126201
1724385600,2161.39990234375,2235.0,2161.39990234375,2227.199951171875,219343
1724644800,2228.199951171875,2249.300048828125,2224.199951171875,2227.60009765625,156977
1724731200,2225.300048828125,2233.39990234375,2199.60009765625,2210.199951171875,123286
1724817600,2210.300048828125,2213.800048828125,2184.699951171875,2195.699951171875,126309
1724904000,2193.39990234375,2232.199951171875,2186.0,2210.5,165053
1724990400,2213.89990234375,2227.39990234375,2194.39990234375,2223.10009765625,153321
1725336000,2221.300048828125,2224.5,2148.60009765625,2153.5,202093
1725422400,2154.5,2173.699951171875,2135.699951171875,2149.800048828125,163448
1725508800,2144.0,2159.800048828125,2128.10009765625,2137.60009765625,160355
1725595200,2140.89990234375,2150.10009765625,2083.39990234375,2096.5,245291
1725854400,2091.0,2120.199951171875,2086.800048828125,2102.300048828125,245291
1725940800,2104.800048828125,2107.5,2074.699951171875,2101.0,146856
1726027200,2101.300048828125,2109.199951171875,2058.199951171875,2106.0,208191
1726113600,2106.60009765625,2144.199951171875,2100.10009765625,2132.5,199406
1726200000,2134.699951171875,2188.39990234375,2132.5,2184.800048828125,293468
1726459200,2183.0,2204.699951171875,2176.800048828125,2192.300048828125,318726
1726545600,2190.699951171875,2233.800048828125,2185.89990234375,2208.800048828125,182011
1726632000,2209.199951171875,2265.5,2197.800048828125,2208.800048828125,86452
1726718400,2214.39990234375,2282.39990234375,2214.0,2255.0,41688
1726804800,2255.10009765625,2255.5,2242.89990234375,2244.449951171875,223641
1727064000,2256.39990234375,2268.10009765625,2235.39990234375,2243.199951171875,125363
1727150400,2243.199951171875,2255.300048828125,2229.5,2246.5,137691
1727236800,2246.39990234375,2251.10009765625,2216.699951171875,2218.5,131425
1727323200,2221.5,2253.60009765625,2219.199951171875,2230.89990234375,145288
1727409600,2231.0,2268.10009765625,2222.60009765625,2244.300048828125,167053
1727668800,2241.800048828125,2256.89990234375,2226.199951171875,2249.199951171875,152402
1727755200,2248.39990234375,2252.89990234375,2201.5,2217.89990234375,184990
1727841600,2216.0,2226.5,2197.10009765625,2214.89990234375,122401
1727928000,2218.199951171875,2220.10009765625,2188.199951171875,2199.0,163452
1728014400,2197.10009765625,2240.89990234375,2195.60009765625,2230.5,174029
1728273600,2234.5,2237.60009765625,2195.800048828125,2211.199951171875,110884
1728360000,2213.89990234375,2221.39990234375,2201.5,2213.699951171875,121535
1728446400,2213.699951171875,2233.89990234375,2200.699951171875,2218.300048828125,134271
1728532800,2214.89990234375,2225.0,2181.5,2204.699951171875,168164
1728619200,2205.89990234375,2252.60009765625,2194.10009765625,2250.0,152654
1728878400,2249.300048828125,2267.800048828125,2240.199951171875,2265.60009765625,113715
1728964800,2266.60009765625,2291.800048828125,2255.5,2267.60009765625,174112
1729051200,2269.60009765625,2309.0,2264.699951171875,2304.39990234375,143984
1729137600,2303.89990234375,2311.39990234375,2285.39990234375,2297.699951171875,138631
1729224000,2295.300048828125,2310.199951171875,2289.10009765625,2291.199951171875,113621
1729483200,2293.5,2300.800048828125,2249.39990234375,2255.5,119438
1729569600,2252.5,2254.10009765625,2234.10009765625,2246.199951171875,110744
1729656000,2242.10009765625,2247.800048828125,2206.5,2226.699951171875,126996
1729742400,2223.699951171875,2243.5,2217.89990234375,2231.0,110842
1729828800,2231.699951171875,2252.199951171875,2216.699951171875,2221.5,118739
1730088000,2225.699951171875,2262.39990234375,2225.5,2257.5,123157
1730174400,2257.699951171875,2262.800048828125,2231.300048828125,2250.300048828125,128142
1730260800,2252.10009765625,2277.39990234375,2240.0,2247.300048828125,147381
1730347200,2247.300048828125,2256.0,2202.89990234375,2208.60009765625,177534
1730433600,2206.199951171875,2240.0,2198.39990234375,2220.60009765625,142641
1730696400,2214.0,2247.800048828125,2203.300048828125,2231.10009765625,160159
1730782800,2230.800048828125,2281.800048828125,2220.0,2273.10009765625,125338
1730869200,2280.800048828125,2423.89990234375,2272.0,2405.800048828125,437289
1730955600,2404.10009765625,2424.5,2386.5,2395.699951171875,213648
1731042000,2401.60009765625,2416.300048828125,2387.300048828125,2412.39990234375,147894
1731301200,2418.10009765625,2455.60009765625,2418.0,2448.5,169733
1731387600,2447.5,2449.699951171875,2396.300048828125,2405.10009765625,180937
1731474000,2405.800048828125,2435.60009765625,2379.0,2382.699951171875,187234
1731560400,2386.10009765625,2401.199951171875,2341.5,2349.60009765625,185281
1731646800,2350.699951171875,2355.800048828125,2306.39990234375,2313.60009765625,184231
1731906000,2317.699951171875,2334.39990234375,2309.300048828125,2317.699951171875,118501
1731992400,2318.699951171875,2336.60009765625,2282.5,2334.10009765625,154657
1732078800,2332.89990234375,2343.5,2306.800048828125,2335.199951171875,146166
1732165200,2335.699951171875,2382.60009765625,2321.699951171875,2373.60009765625,183950
1732251600,2371.0,2419.0,2368.300048828125,2413.60009765625,167014
1732510800,2430.0,2477.10009765625,2427.89990234375,2451.0,233201
1732597200,2453.89990234375,2457.10009765625,2418.699951171875,2432.39990234375,161124
1732683600,2439.300048828125,2462.89990234375,2429.60009765625,2434.300048828125,141781
1732890600,2438.39990234375,2460.5,2436.199951171875,2444.60009765625,114832
1733115600,2444.39990234375,2454.0,2424.0,2442.5,157629
1733202000,2444.699951171875,2445.800048828125,2417.300048828125,2423.5,134222
1733288400,2421.800048828125,2440.10009765625,2393.10009765625,2432.300048828125,132228
1733374800,2432.300048828125,2434.800048828125,2399.60009765625,2402.199951171875,134049
1733461200,2402.39990234375,2425.39990234375,2396.39990234375,2411.699951171875,134300
1733720400,2413.199951171875,2435.39990234375,2397.0,2398.300048828125,140512
1733806800,2399.39990234375,2409.199951171875,2379.800048828125,2388.800048828125,144828
1733893200,2393.0,2413.89990234375,2386.10009765625,2399.699951171875,152343
1733979600,2399.10009765625,2400.39990234375,2363.10009765625,2365.5,160456
1734066000,2366.199951171875,2373.0,2337.300048828125,2349.699951171875,260615
1734325200,2346.5,2374.5,2341.5,2363.10009765625,387638
1734411600,2362.199951171875,2366.0,2330.800048828125,2335.300048828125,177723
1734498000,2333.89990234375,2358.0,2211.5,2231.800048828125,113310
1734584400,2232.60009765625,2268.199951171875,2215.39990234375,2221.800048828125,57344
1734670800,2222.0,2225.5,2189.89990234375,2194.050048828125,282647
1734930000,2270.60009765625,2283.39990234375,2238.60009765625,2258.699951171875,136869
1735050600,2260.89990234375,2280.89990234375,2248.699951171875,2278.89990234375,62358
1735189200,2278.199951171875,2304.800048828125,2257.60009765625,2300.5,112817
1735275600,2299.89990234375,2302.0,2241.5,2263.300048828125,158730
1735534800,2263.60009765625,2267.800048828125,2217.60009765625,2247.699951171875,134768
1735621200,2247.699951171875,2273.199951171875,2240.800048828125,2249.800048828125,152948
1735794000,2258.0,2283.199951171875,2233.60009765625,2249.39990234375,178382
1735880400,2252.0,2286.5,2246.800048828125,2283.39990234375,130093
1736139600,2286.89990234375,2313.60009765625,2277.60009765625,2282.60009765625,152281
1736226000,2283.300048828125,2302.60009765625,2250.5,2263.89990234375,163915
1736312400,2262.60009765625,2269.800048828125,2226.0,2254.0,176556
1736398800,2254.5,2256.0,2240.800048828125,2246.199951171875,13615
1736485200,2245.5,2252.800048828125,2186.300048828125,2201.699951171875,251211
1736744400,2196.300048828125,2210.800048828125,2172.199951171875,2207.199951171875,173185
1736830800,2213.0,2242.699951171875,2205.39990234375,2232.199951171875,185328
1736917200,2235.60009765625,2303.5,2235.300048828125,2276.199951171875,194335
1737003600,2277.5,2286.5,2261.60009765625,2279.199951171875,140157
1737090000,2275.300048828125,2307.5,2273.89990234375,2286.89990234375,149197
1737435600,2288.699951171875,2333.199951171875,2258.39990234375,2331.60009765625,207074
1737522000,2327.800048828125,2337.0,2311.39990234375,2315.5,138918
1737608400,2316.89990234375,2326.800048828125,2298.10009765625,2326.300048828125,141284
1737694800,2324.199951171875,2334.800048828125,2312.39990234375,2319.300048828125,123574
1737954000,2307.0,2328.10009765625,2281.5,2297.10009765625,204853
1738040400,2298.199951171875,2307.39990234375,2282.199951171875,2299.300048828125,129909
1738126800,2298.0,2313.60009765625,2276.60009765625,2294.10009765625,155097
1738213200,2298.699951171875,2332.0,2296.10009765625,2316.300048828125,179457
1738299600,2313.89990234375,2333.89990234375,2284.89990234375,2295.39990234375,224388
1738558800,2248.0,2290.89990234375,2198.0,2267.39990234375,268862
1738645200,2293.60009765625,2302.89990234375,2252.699951171875,2298.800048828125,142963
1738731600,2300.10009765625,2327.800048828125,2295.10009765625,2324.0,108371
1738818000,2327.199951171875,2336.199951171875,2301.60009765625,2314.89990234375,130542
1738904400,2313.0,2327.89990234375,2283.0,2287.800048828125,180113
1739163600,2268.199951171875,2303.39990234375,2263.199951171875,2297.300048828125,105855
1739250000,2297.199951171875,2298.10009765625,2274.199951171875,2284.0,121874
1739336400,2284.199951171875,2300.0,2231.39990234375,2263.10009765625,178731
1739422800,2263.199951171875,2290.199951171875,2257.5,2288.0,145519
1739509200,2287.800048828125,2306.0,2281.60009765625,2285.39990234375,113782
1739854800,2289.699951171875,2302.39990234375,2280.300048828125,2297.5,137694
1739941200,2297.0,2301.5,2275.60009765625,2289.699951171875,124657
1740027600,2284.699951171875,2288.0,2254.39990234375,2266.60009765625,135192
1740114000,2264.300048828125,2286.10009765625,2196.89990234375,2199.300048828125,240166
1740373200,2202.39990234375,2219.89990234375,2173.5,2184.39990234375,193300
1740459600,2187.199951171875,2194.800048828125,2156.60009765625,2176.300048828125,198054
1740546000,2183.5,2206.199951171875,2169.800048828125,2178.199951171875,168808
1740632400,2183.10009765625,2200.60009765625,2143.300048828125,2144.5,197197
1740718800,2147.0,2167.10009765625,2129.39990234375,2165.300048828125,219155
1740978000,2169.800048828125,2195.10009765625,2093.199951171875,2105.89990234375,246049
1741064400,2113.89990234375,2116.800048828125,2050.300048828125,2083.10009765625,332271
1741150800,2102.60009765625,2115.60009765625,2066.39990234375,2105.199951171875,245362
1741237200,2101.199951171875,2105.60009765625,2056.800048828125,2070.39990234375,258273
1741323600,2073.300048828125,2100.89990234375,2034.0999755859375,2077.300048828125,281993
1741579200,2068.0,2070.699951171875,2003.800048828125,2023.4000244140625,270301
1741665600,2028.0999755859375,2049.0,2001.5999755859375,2025.0,336321
1741752000,2025.4000244140625,2079.10009765625,2011.199951171875,2027.699951171875,254561
1741838400,2024.0999755859375,2036.199951171875,1985.5,1996.0999755859375,240731
1741924800,2001.9000244140625,2045.800048828125,2001.0999755859375,2044.0999755859375,262117
1742184000,2036.0,2075.5,2024.5999755859375,2068.89990234375,323061
1742270400,2065.699951171875,2068.800048828125,2042.5,2051.0,176925
1742356800,2052.300048828125,2096.39990234375,2048.699951171875,2083.0,108523
1742443200,2084.39990234375,2096.699951171875,2061.300048828125,2070.0,36691
1742529600,2070.0,2073.60009765625,2041.199951171875,2045.6500244140625,226749
1742788800,2083.0,2127.89990234375,2083.0,2125.199951171875,184506
1742875200,2121.89990234375,2128.0,2105.5,2112.300048828125,136502
1742961600,2114.699951171875,2123.39990234375,2081.10009765625,2090.300048828125,154224
1743048000,2080.10009765625,2098.60009765625,2071.699951171875,2080.699951171875,159612
1743134400,2081.800048828125,2088.300048828125,2026.0999755859375,2037.0999755859375,175537
1743393600,2019.300048828125,2038.4000244140625,1986.199951171875,2027.0999755859375,213865
1743480000,2024.9000244140625,2044.4000244140625,1997.800048828125,2026.699951171875,222152
1743566400,2027.300048828125,2092.800048828125,1974.0,2059.10009765625,246517
1743652800,1967.0,1984.5999755859375,1917.5,1923.800048828125,360864
1743739200,1921.800048828125,1927.5999755859375,1792.199951171875,1839.4000244140625,579320
1743998400,1782.0,1931.800048828125,1711.5,1822.699951171875,578316
1744084800,1834.300048828125,1889.9000244140625,1748.0,1774.0,445542
1744171200,1769.199951171875,1948.5999755859375,1709.0999755859375,1924.9000244140625,567771
1744257600,1933.300048828125,1945.5999755859375,1794.300048828125,1844.5999755859375,472685
1744344000,1840.5999755859375,1873.800048828125,1809.800048828125,1869.0,301250
1744603200,1885.300048828125,1905.699951171875,1855.5,1891.300048828125,238863
1744689600,1889.800048828125,1916.5999755859375,1875.699951171875,1892.9000244140625,195548
1744776000,1887.300048828125,1899.0999755859375,1849.699951171875,1874.4000244140625,234167
1744862400,1874.800048828125,1899.0999755859375,1868.199951171875,1889.5999755859375,230223
1745208000,1885.0,1887.699951171875,1830.5999755859375,1850.5999755859375,150445
1745294400,1847.199951171875,1905.199951171875,1844.199951171875,1898.9000244140625,239178
1745380800,1925.0,1980.0999755859375,1922.0999755859375,1926.0999755859375,277863
1745467200,1930.0,1974.0999755859375,1909.699951171875,1964.5,183924
1745553600,1966.300048828125,1968.4000244140625,1937.800048828125,1964.300048828125,193516
1745812800,1960.800048828125,1984.4000244140625,1942.5999755859375,1971.9000244140625,163342
1745899200,1967.699951171875,1991.699951171875,1952.5999755859375,1983.5999755859375,171599
1745985600,1985.5999755859375,1987.4000244140625,1929.0999755859375,1969.800048828125,245178
1746072000,1968.300048828125,1999.0,1959.199951171875,1982.0,208136
1746158400,1980.300048828125,2034.300048828125,1979.5999755859375,2026.800048828125,184587
1746417600,2026.800048828125,2026.9000244140625,2002.300048828125,2010.9000244140625,133042
1746504000,2010.9000244140625,2012.0,1977.4000244140625,1988.9000244140625,154421
1746590400,1981.9000244140625,2013.0,1981.0999755859375,1995.300048828125,175411
1746676800,1996.800048828125,2048.5,1993.5999755859375,2033.300048828125,185682
1746763200,2031.0,2043.5,2019.9000244140625,2028.800048828125,153833
1747022400,2074.39990234375,2139.60009765625,2053.800048828125,2100.300048828125,267790
1747108800,2102.89990234375,2120.0,2086.300048828125,2108.300048828125,145873
1747195200,2107.0,2109.39990234375,2085.60009765625,2089.199951171875,148960
1747281600,2088.699951171875,2105.89990234375,2074.300048828125,2101.39990234375,138525
1747368000,2105.800048828125,2121.60009765625,2097.60009765625,2119.39990234375,147486
1747627200,2100.89990234375,2110.60009765625,2081.60009765625,2109.5,135990
1747713600,2106.10009765625,2117.0,2097.10009765625,2110.800048828125,107079
1747800000,2109.39990234375,2110.800048828125,2046.800048828125,2051.5,205413
1747886400,2050.199951171875,2062.10009765625,2027.0999755859375,2050.199951171875,196352
1747972800,2054.0,2060.0,1981.5,2042.9000244140625,194398
1748318400,2043.0,2097.0,2041.300048828125,2093.699951171875,163835
1748404800,2096.89990234375,2097.89990234375,2068.800048828125,2072.300048828125,147085
1748491200,2071.300048828125,2130.60009765625,2061.199951171875,2078.0,201136
1748577600,2075.10009765625,2078.300048828125,2050.89990234375,2068.300048828125,198362
1748836800,2060.199951171875,2076.699951171875,2042.199951171875,2073.300048828125,163567
1748923200,2073.199951171875,2112.10009765625,2053.800048828125,2106.10009765625,180458
1749009600,2106.5,2118.199951171875,2096.89990234375,2100.300048828125,144201
1749096000,2099.60009765625,2116.10009765625,2084.699951171875,2099.39990234375,0
1749182400,2098.0,2136.10009765625,2097.699951171875,2133.5,170191
1749441600,2136.0,2157.5,2131.39990234375,2147.39990234375,150058
1749528000,2147.699951171875,2168.60009765625,2142.5,2159.39990234375,137266
1749614400,2159.699951171875,2194.10009765625,2146.800048828125,2150.39990234375,196984
1749700800,2147.10009765625,2151.300048828125,2124.60009765625,2141.199951171875,141049
1749787200,2139.10009765625,2139.10009765625,2071.800048828125,2101.5,288866
1750046400,2094.800048828125,2138.0,2087.699951171875,2125.0,273646
1750132800,2127.300048828125,2127.5,2098.199951171875,2102.699951171875,167666
1750219200,2100.0,2133.0,2091.699951171875,2113.39990234375,0
1750392000,2115.699951171875,2142.5,2075.10009765625,2128.860107421875,230099
1750651200,2107.60009765625,2151.0,2098.800048828125,2149.5,197710
1750737600,2150.199951171875,2182.800048828125,2148.699951171875,2177.89990234375,156527
1750824000,2176.5,2181.5,2149.199951171875,2153.300048828125,135988
1750910400,2152.0,2189.60009765625,2149.89990234375,2187.60009765625,139881
1750996800,2189.199951171875,2207.0,2173.60009765625,2188.800048828125,237301
1751256000,2189.5,2203.199951171875,2186.39990234375,2191.699951171875,156936
1751342400,2188.5,2238.800048828125,2174.0,2213.39990234375,220243
1751428800,2213.89990234375,2247.699951171875,2207.800048828125,2244.300048828125,190515
1751549400,2245.800048828125,2280.0,2244.300048828125,2262.699951171875,0
1751601600,2262.0,2262.0,2235.699951171875,2239.0,0
1751860800,2256.10009765625,2260.60009765625,2214.89990234375,2229.10009765625,212884
1751947200,2223.60009765625,2254.89990234375,2219.10009765625,2245.10009765625,143551
1752033600,2244.89990234375,2270.699951171875,2233.60009765625,2268.39990234375,147330
1752120000,2268.60009765625,2292.60009765625,2260.199951171875,2280.0,144673
1752206400,2281.0,2284.39990234375,2244.10009765625,2247.60009765625,147965
1752465600,2237.800048828125,2263.60009765625,2225.5,2262.5,123762
1752552000,2261.39990234375,2273.39990234375,2212.10009765625,2218.300048828125,202261
1752638400,2213.5,2243.5,2198.0,2239.60009765625,234516
1752724800,2237.60009765625,2271.800048828125,2228.199951171875,2267.5,164731
1752811200,2268.5,2283.800048828125,2248.10009765625,2251.0,168940
1753070400,2251.300048828125,2272.39990234375,2240.5,2242.300048828125,135766
1753156800,2246.800048828125,2266.10009765625,2234.10009765625,2260.699951171875,163764
1753243200,2263.89990234375,2296.5,2262.300048828125,2294.800048828125,180702
1753329600,2292.699951171875,2293.0,2262.699951171875,2263.60009765625,141313
1753416000,2267.10009765625,2276.10009765625,2252.199951171875,2271.300048828125,141003
1753675200,2282.89990234375,2293.199951171875,2261.0,2269.300048828125,150652
1753761600,2267.89990234375,2284.800048828125,2247.199951171875,2253.60009765625,151547
1753848000,2255.199951171875,2276.0,2226.0,2241.5,209828
1753934400,2228.5,2245.699951171875,2213.800048828125,2220.199951171875,234129
1754020800,2217.300048828125,2223.5,2146.800048828125,2173.10009765625,354416
1754280000,2173.39990234375,2228.300048828125,2167.10009765625,2220.10009765625,168539
1754366400,2228.39990234375,2236.39990234375,2205.800048828125,2232.10009765625,172434
1754452800,2234.199951171875,2251.699951171875,2216.89990234375,2229.10009765625,164779
1754539200,2230.0,2254.39990234375,2208.10009765625,2221.800048828125,176516
1754625600,2226.199951171875,2238.89990234375,2219.800048828125,2226.10009765625,142103
1754884800,2233.699951171875,2239.5,2220.300048828125,2224.800048828125,132518
1754971200,2224.800048828125,2293.60009765625,2222.89990234375,2291.199951171875,238128
1755057600,2292.0,2338.10009765625,2290.39990234375,2336.10009765625,214520
1755144000,2332.300048828125,2337.0,2284.199951171875,2305.199951171875,243900
1755230400,2306.5,2319.60009765625,2281.699951171875,2292.699951171875,166507
1755489600,2289.5,2306.5,2289.39990234375,2301.60009765625,103982
1755576000,2301.60009765625,2311.39990234375,2278.10009765625,2283.60009765625,135375
1755662400,2283.89990234375,2286.800048828125,2257.800048828125,2274.800048828125,146274
1755748800,2276.60009765625,2284.0,2258.10009765625,2280.60009765625,144693
1755835200,2283.5,2374.89990234375,2274.60009765625,2368.89990234375,290276
1756094400,2369.300048828125,2373.5,2342.60009765625,2344.10009765625,143355
1756180800,2346.10009765625,2368.699951171875,2330.800048828125,2364.10009765625,160458
1756267200,2365.10009765625,2383.0,2355.0,2379.699951171875,140526
1756353600,2381.39990234375,2398.60009765625,2373.300048828125,2382.199951171875,145046
1756440000,2382.800048828125,2390.5,2362.199951171875,2369.800048828125,0
1756785600,2373.0,2376.5,2326.10009765625,2357.0,216532
1756872000,2353.0,2370.10009765625,2338.39990234375,2353.699951171875,175427
1756958400,2357.39990234375,2385.300048828125,2352.89990234375,2383.300048828125,146052
1757044800,2382.0,2413.5,2365.60009765625,2393.5,245143
1757304000,2391.800048828125,2404.39990234375,2379.699951171875,2398.39990234375,154358
1757390400,2398.199951171875,2404.699951171875,2369.89990234375,2384.60009765625,170736
1757476800,2378.800048828125,2401.0,2370.199951171875,2379.699951171875,165969
1757563200,2376.0,2424.699951171875,2370.0,2423.10009765625,211716
1757649600,2420.0,2420.39990234375,2396.10009765625,2397.89990234375,220445
1757908800,2398.0,2414.60009765625,2397.60009765625,2407.39990234375,290057
1757995200,2404.89990234375,2414.300048828125,2388.300048828125,2403.199951171875,181896
1758081600,2405.89990234375,2463.300048828125,2391.0,2409.39990234375,98164
1758168000,2412.300048828125,2472.300048828125,2412.0,2468.800048828125,43465
1758254400,2475.5,2485.10009765625,2461.699951171875,2472.0400390625,250587
1758513600,2469.5,2486.5,2448.300048828125,2481.89990234375,206648
1758600000,2481.800048828125,2510.300048828125,2472.39990234375,2477.0,196596
1758686400,2476.39990234375,2484.10009765625,2453.0,2454.10009765625,154628
1758772800,2459.699951171875,2463.10009765625,2412.10009765625,2430.0,193600
1758859200,2431.699951171875,2453.0,2420.89990234375,2450.39990234375,161542
1759118400,2449.199951171875,2468.699951171875,2443.5,2450.800048828125,145804
1759204800,2448.699951171875,2457.0,2428.699951171875,2455.5,191192
1759291200,2450.0,2465.5,2424.699951171875,2460.10009765625,177113
1759377600,2458.800048828125,2474.89990234375,2448.5,2474.10009765625,167128
1759464000,2474.199951171875,2515.0,2472.5,2492.10009765625,217934
1759723200,2491.89990234375,2518.5,2491.60009765625,2501.0,194057
1759809600,2503.10009765625,2509.60009765625,2464.60009765625,2473.5,198809
1759896000,2477.199951171875,2502.39990234375,2470.0,2499.5,136362
1759982400,2500.0,2505.0,2472.10009765625,2483.199951171875,150412
1760068800,2485.699951171875,2500.300048828125,2381.800048828125,2408.5,327863
1760328000,2421.60009765625,2477.800048828125,2421.60009765625,2474.800048828125,327863
1760414400,2473.300048828125,2527.89990234375,2433.10009765625,2510.699951171875,258252
1760500800,2508.60009765625,2559.89990234375,2502.199951171875,2535.5,270347
1760587200,2533.89990234375,2548.60009765625,2470.60009765625,2481.699951171875,323762
1760673600,2479.39990234375,2484.300048828125,2430.39990234375,2464.39990234375,328396
1760932800,2473.699951171875,2515.39990234375,2460.89990234375,2511.89990234375,174942
1761019200,2515.0,2519.199951171875,2485.10009765625,2500.0,157125
1761105600,2499.0,2504.800048828125,2436.89990234375,2463.0,249832
1761192000,2463.39990234375,2501.199951171875,2455.60009765625,2493.39990234375,176822
1761278400,2495.199951171875,2544.0,2495.10009765625,2523.699951171875,170676
1761537600,2551.800048828125,2566.5,2524.199951171875,2532.0,146824
1761624000,2532.60009765625,2537.699951171875,2509.5,2518.0,149278
1761710400,2516.39990234375,2539.300048828125,2473.89990234375,2494.199951171875,245774
1761796800,2498.699951171875,2517.199951171875,2467.800048828125,2475.60009765625,217984
1761883200,2471.39990234375,2494.89990234375,2463.0,2489.89990234375,206837
1762146000,2489.10009765625,2500.39990234375,2450.699951171875,2479.699951171875,0
1762232400,2485.5,2485.699951171875,2432.60009765625,2437.5,215947
1762318800,2439.60009765625,2483.39990234375,2419.60009765625,2473.300048828125,212065
1762405200,2474.699951171875,2480.800048828125,2424.39990234375,2427.39990234375,228216
1762491600,2432.60009765625,2445.89990234375,2386.60009765625,2440.60009765625,256870
1762750800,2455.199951171875,2476.39990234375,2446.300048828125,2464.300048828125,192699
1762837200,2466.300048828125,2471.39990234375,2448.89990234375,2466.199951171875,143694
1762923600,2463.10009765625,2487.60009765625,2456.5,2459.89990234375,167855
1763010000,2456.89990234375,2465.5,2380.89990234375,2390.0,244833
1763096400,2393.5,2409.10009765625,2353.800048828125,2396.0,266694
1763355600,2397.0,2408.5,2338.300048828125,2348.199951171875,229794
1763442000,2349.800048828125,2371.60009765625,2321.89990234375,2355.699951171875,263868
1763528400,2351.89990234375,2384.300048828125,2344.60009765625,2354.89990234375,220740
1763614800,2366.199951171875,2411.89990234375,2307.300048828125,2310.699951171875,357408
1763701200,2312.0,2390.89990234375,2300.699951171875,2375.300048828125,379277
1763960400,2387.800048828125,2423.300048828125,2370.300048828125,2418.800048828125,209932
1764046800,2422.39990234375,2475.5,2411.199951171875,2471.300048828125,221787
1764133200,2471.300048828125,2507.60009765625,2466.60009765625,2492.800048828125,187109
1764340200,2490.89990234375,2508.10009765625,2486.10009765625,2505.10009765625,87919
1764565200,2501.0,2505.699951171875,2471.39990234375,2473.39990234375,178691
1764651600,2476.300048828125,2493.60009765625,2468.5,2469.699951171875,155284
1764738000,2471.10009765625,2516.10009765625,2468.10009765625,2514.199951171875,179789
1764824400,2514.5,2544.199951171875,2502.699951171875,2535.5,177384
1764910800,2532.10009765625,2543.300048828125,2519.199951171875,2524.39990234375,166758
1765170000,2528.0,2545.800048828125,2518.0,2525.10009765625,145613
1765256400,2522.89990234375,2545.699951171875,2516.60009765625,2529.39990234375,154778
1765342800,2530.300048828125,2581.800048828125,2519.699951171875,2563.89990234375,222045
1765429200,2570.5,2598.699951171875,2543.39990234375,2593.199951171875,244014
1765515600,2598.89990234375,2605.0,2549.300048828125,2553.699951171875,299434
1765774800,2552.800048828125,2577.300048828125,2532.199951171875,2534.699951171875,263013
1765861200,2533.89990234375,2546.0,2505.39990234375,2521.800048828125,207667
1765947600,2518.89990234375,2544.0,2489.39990234375,2494.699951171875,93383
1766034000,2499.699951171875,2535.89990234375,2492.89990234375,2510.10009765625,44072
1766120400,2502.300048828125,2519.0,2502.300048828125,2509.56005859375,174309
1766379600,2550.0,2590.300048828125,2549.10009765625,2574.89990234375,143873
1766466000,2575.39990234375,2577.60009765625,2552.800048828125,2559.10009765625,129237
1766586600,2557.39990234375,2567.10009765625,2548.300048828125,2566.10009765625,60749
1766725200,2565.300048828125,2567.800048828125,2540.800048828125,2551.39990234375,81410
1766984400,2551.60009765625,2556.89990234375,2530.300048828125,2536.199951171875,104314
1767070800,2537.10009765625,2542.199951171875,2517.0,2517.699951171875,93533
1767157200,2516.300048828125,2520.60009765625,2496.60009765625,2498.0,129902
1767330000,2501.39990234375,2525.89990234375,2493.5,2522.5,183903
1767589200,2524.199951171875,2570.800048828125,2517.199951171875,2562.5,175273
1767675600,2562.0,2597.699951171875,2549.800048828125,2596.5,169021
1767762000,2596.5,2603.300048828125,2574.0,2589.5,156654
1767848400,2591.5,2626.10009765625,2573.800048828125,2618.39990234375,192640
1767934800,2624.0,2650.300048828125,2614.199951171875,2636.89990234375,187037
1768194000,2638.89990234375,2651.0,2616.300048828125,2649.300048828125,153141
1768280400,2644.39990234375,2677.0,2638.10009765625,2647.800048828125,162635
1768366800,2646.39990234375,2669.0,2635.39990234375,2666.10009765625,205405
1768453200,2660.699951171875,2704.89990234375,2654.5,2688.39990234375,194778
1768539600,2690.89990234375,2705.60009765625,2680.0,2691.199951171875,177311
1768885200,2670.0,2683.60009765625,2631.0,2658.699951171875,270857
1768971600,2664.0,2719.10009765625,2651.10009765625,2710.800048828125,305535
1769058000,2712.89990234375,2749.199951171875,2710.300048828125,2730.800048828125,208835
1769144400,2728.60009765625,2737.199951171875,2670.199951171875,2679.60009765625,209783
1769403600,2661.0,2697.89990234375,2643.89990234375,2670.89990234375,173558
1769490000,2669.800048828125,2682.699951171875,2656.39990234375,2677.60009765625,150900
1769576400,2678.89990234375,2697.5,2655.699951171875,2663.10009765625,185492
1769662800,2663.10009765625,2680.699951171875,2623.5,2664.10009765625,217439
1769749200,2657.0,2658.60009765625,2607.5,2624.60009765625,291308
1770008400,2615.0,2666.300048828125,2575.89990234375,2650.300048828125,232545
1770094800,2645.0,2678.89990234375,2613.10009765625,2656.800048828125,260695
1770181200,2656.10009765625,2674.60009765625,2598.60009765625,2632.699951171875,268291
1770267600,2634.60009765625,2648.199951171875,2577.300048828125,2586.800048828125,263413
1770354000,2585.699951171875,2684.10009765625,2566.800048828125,2677.89990234375,279560
1770613200,2677.0,2703.60009765625,2659.800048828125,2696.10009765625,172417
1770699600,2693.5,2712.199951171875,2685.10009765625,2688.300048828125,151765
1770786000,2691.10009765625,2720.0,2646.699951171875,2675.60009765625,211199
1770872400,2679.10009765625,2700.39990234375,2608.89990234375,2621.10009765625,232203
1770958800,2621.0,2675.699951171875,2607.300048828125,2653.10009765625,228556
1771304400,2650.89990234375,2667.10009765625,2613.699951171875,2653.60009765625,207440
1771390800,2652.89990234375,2692.800048828125,2641.699951171875,2662.89990234375,168631
1771477200,2662.0,2671.300048828125,2633.5,2669.10009765625,158742
1771563600,2666.699951171875,2696.0,2641.10009765625,2668.800048828125,231700
1771822800,2666.5,2666.5,2602.699951171875,2626.300048828125,214257
1771909200,2631.800048828125,2663.5,2620.10009765625,2655.0,172666
1771995600,2654.300048828125,2678.60009765625,2645.800048828125,2667.699951171875,155615
1772082000,2667.89990234375,2683.39990234375,2642.0,2680.60009765625,214395
1772168400,2665.5,2666.5,2617.699951171875,2634.699951171875,237666
1772427600,2608.800048828125,2663.300048828125,2573.10009765625,2657.89990234375,294382
1772514000,2654.39990234375,2658.800048828125,2551.800048828125,2612.10009765625,364258
1772600400,2607.0,2649.300048828125,2582.800048828125,2637.60009765625,231393
1772686800,2636.800048828125,2645.39990234375,2559.89990234375,2586.39990234375,332343
1772773200,2585.39990234375,2603.300048828125,2516.60009765625,2526.699951171875,351932
1773028800,2499.199951171875,2564.39990234375,2416.89990234375,2553.89990234375,420274
1773115200,2553.300048828125,2594.39990234375,2523.89990234375,2550.5,319116
1773201600,2552.0,2566.39990234375,2522.60009765625,2545.0,254658
1773288000,2539.699951171875,2539.800048828125,2476.5,2491.0,307647
1773374400,2495.0,2521.89990234375,2470.10009765625,2480.89990234375,328923
1773633600,2468.5,2530.10009765625,2463.10009765625,2505.0,386109
1773720000,2500.0,2536.800048828125,2475.0,2520.199951171875,177210
1773806400,2519.199951171875,2547.89990234375,2468.39990234375,2479.39990234375,113778
1773892800,2482.89990234375,2520.10009765625,2442.0,2495.60009765625,45323
1773979200,2503.699951171875,2513.89990234375,2465.0,2496.39990234375,301238
1774238400,2429.10009765625,2574.5,2415.300048828125,2509.60009765625,377593
1774324800,2510.199951171875,2567.800048828125,2478.300048828125,2522.300048828125,245938
1774411200,2551.10009765625,2565.60009765625,2529.300048828125,2551.800048828125,202990
1774497600,2549.39990234375,2558.39990234375,2505.0,2508.199951171875,212346
1774584000,2514.60009765625,2532.10009765625,2452.699951171875,2464.0,178565
1774843200,2445.0,2498.89990234375,2418.800048828125,2428.199951171875,227038
1774929600,2427.199951171875,2522.5,2409.39990234375,2512.199951171875,289291
1775016000,2508.800048828125,2557.0,2507.60009765625,2526.699951171875,197694
1775102400,2529.89990234375,2555.10009765625,2467.800048828125,2544.0,222715
1775448000,2527.89990234375,2561.60009765625,2511.39990234375,2554.800048828125,143340
1775534400,2551.300048828125,2568.699951171875,2525.199951171875,2560.10009765625,219884
1775620800,2575.800048828125,2665.0,2557.39990234375,2635.699951171875,269837
1775707200,2631.800048828125,2660.89990234375,2613.5,2651.60009765625,165676
1775793600,2649.699951171875,2674.5,2634.10009765625,2644.39990234375,128913
1776052800,2607.800048828125,2685.89990234375,2591.800048828125,2682.300048828125,177654
1776139200,2688.199951171875,2726.0,2684.10009765625,2718.10009765625,149900
1776225600,2717.89990234375,2727.39990234375,2707.300048828125,2725.5,137370
1776312000,2724.60009765625,2734.5,2711.39990234375,2730.800048828125,157615
1776398400,2733.0,2807.800048828125,2731.89990234375,2788.89990234375,250859
1776657600,2758.699951171875,2809.39990234375,2745.89990234375,2804.39990234375,161062
1776744000,2805.60009765625,2828.699951171875,2767.699951171875,2775.199951171875,241283
1776830400,2788.699951171875,2810.60009765625,2779.300048828125,2795.300048828125,145250
1776916800,2793.199951171875,2808.89990234375,2748.89990234375,2786.199951171875,225642
1777003200,2782.199951171875,2810.699951171875,2770.5,2796.10009765625,174175
1777262400,2792.699951171875,2811.60009765625,2779.39990234375,2799.60009765625,145838
1777348800,2799.300048828125,2809.5,2757.199951171875,2767.39990234375,169266
1777435200,2770.39990234375,2778.10009765625,2730.300048828125,2747.800048828125,202563
1777521600,2739.0,2815.60009765625,2726.10009765625,2807.800048828125,214327
1777608000,2813.300048828125,2825.0,2792.5,2819.300048828125,167103
1777867200,2825.89990234375,2834.800048828125,2786.800048828125,2804.60009765625,216836
1777953600,2803.39990234375,2856.199951171875,2802.199951171875,2852.89990234375,165332
1778040000,2847.699951171875,2918.39990234375,2847.699951171875,2895.199951171875,203002
1778126400,2891.89990234375,2907.699951171875,2837.699951171875,2848.89990234375,209989
1778212800,2842.60009765625,2875.699951171875,2835.300048828125,2867.60009765625,145286
1778472000,2863.0,2896.199951171875,2846.10009765625,2878.89990234375,141819
1778558400,2878.800048828125,2883.89990234375,2807.699951171875,2850.39990234375,191840
1778644800,2849.5,2862.39990234375,2824.10009765625,2852.300048828125,149594
1778731200,2852.199951171875,2881.39990234375,2844.5,2869.39990234375,144322
1778817600,2868.199951171875,2869.199951171875,2787.89990234375,2799.60009765625,236596
1779076800,2788.800048828125,2817.300048828125,2762.0,2782.699951171875,216933
1779163200,2782.5,2794.39990234375,2728.39990234375,2753.199951171875,202063
1779249600,2752.699951171875,2823.199951171875,2740.39990234375,2821.0,221423
1779336000,2818.199951171875,2858.699951171875,2792.89990234375,2847.300048828125,235356
1779422400,2847.800048828125,2887.0,2842.699951171875,2872.10009765625,159544
1779768000,2888.0,2928.300048828125,2887.89990234375,2925.0,181589
1779854400,2925.300048828125,2952.0,2913.39990234375,2924.699951171875,169841
1779940800,2929.89990234375,2948.60009765625,2898.800048828125,2941.800048828125,152464
1780027200,2938.699951171875,2942.699951171875,2902.699951171875,2924.300048828125,190040
1780286400,2920.5,2935.10009765625,2882.300048828125,2909.699951171875,172891
1780372800,2905.10009765625,2938.39990234375,2889.300048828125,2936.0,115359
1780459200,2936.0,2938.0,2886.699951171875,2895.39990234375,166558
1780545600,2892.800048828125,2948.300048828125,2885.10009765625,2939.300048828125,160451
1780632000,2934.300048828125,2934.5,2812.39990234375,2834.800048828125,240935
1780891200,2816.300048828125,2886.0,2807.699951171875,2859.5,197370
1780977600,2857.10009765625,2926.60009765625,2793.699951171875,2868.300048828125,302277
1781064000,2863.60009765625,2908.10009765625,2824.800048828125,2838.800048828125,295823
1781150400,2831.5,2928.89990234375,2813.199951171875,2922.10009765625,270754
1781236800,2922.10009765625,2974.199951171875,2910.300048828125,2947.0,256801
1781496000,2984.0,3005.0,2962.699951171875,2968.199951171875,287478
1781582400,2967.39990234375,2991.10009765625,2938.300048828125,2942.800048828125,130272
1781668800,2941.199951171875,2979.800048828125,2910.300048828125,2919.60009765625,88099
1781755200,2925.0,2972.300048828125,2925.0,2960.72998046875,207535
1782100800,2989.89990234375,3039.0,2970.800048828125,3024.10009765625,185394
1782187200,3022.39990234375,3028.39990234375,2965.199951171875,2998.199951171875,180836
1782273600,2998.39990234375,3041.39990234375,2987.199951171875,3013.5,201980
1782360000,3023.699951171875,3062.39990234375,3010.5,3030.699951171875,206746
1782446400,3034.699951171875,3045.699951171875,2999.60009765625,3022.60009765625,260607
1782705600,3020.89990234375,3044.89990234375,2987.800048828125,3030.60009765625,196979
1782792000,3026.10009765625,3050.60009765625,3015.10009765625,3045.60009765625,146316
1782878400,3040.0,3068.39990234375,3023.699951171875,3035.10009765625,155321
1782964800,3030.89990234375,3062.39990234375,2988.5,3014.199951171875,176213
1783310400,3019.699951171875,3042.10009765625,3006.699951171875,3027.0,148571
1783396800,3033.39990234375,3042.60009765625,2988.800048828125,2998.800048828125,154949
1783483200,2994.300048828125,3004.300048828125,2943.39990234375,2971.5,190362
1783569600,2965.800048828125,3014.89990234375,2964.300048828125,3008.39990234375,140897
1783656000,3008.10009765625,3019.5,2970.800048828125,2994.0,127122
1783915200,2984.699951171875,2995.800048828125,2961.800048828125,2970.39990234375,145107
1784001600,2967.199951171875,3029.800048828125,2956.199951171875,2979.89990234375,154086
1784088000,2981.199951171875,3006.10009765625,2974.39990234375,2991.800048828125,141991
1784174400,2995.300048828125,3012.800048828125,2972.699951171875,2990.699951171875,156961
1784260800,2991.699951171875,2994.800048828125,2949.300048828125,2973.5,195680
1784520000,2964.5,2998.699951171875,2952.699951171875,2955.199951171875,143952
1784606400,2955.800048828125,2999.800048828125,2951.10009765625,2997.0,144491
1784692800,2997.0,2998.699951171875,2965.5,2969.800048828125,145379
1784779200,2974.60009765625,2979.0,2932.10009765625,2951.699951171875,184233
1784865600,2948.5,2969.699951171875,2934.5,2941.300048828125,154705
1785124800,2955.5,2985.89990234375,2941.199951171875,2960.0,149238
1785211200,2961.5,2968.300048828125,2933.39990234375,2964.5,148398
1785297600,2966.89990234375,2978.300048828125,2902.300048828125,2915.39990234375,241122
1785384000,2906.60009765625,2957.89990234375,2905.60009765625,2954.300048828125,187449
1785470400,2954.0,2976.300048828125,2905.300048828125,2938.0,229668
1785729600,2950.0,2994.60009765625,2948.39990234375,2989.300048828125,182894
1785816000,2992.39990234375,3051.800048828125,2986.10009765625,3044.699951171875,166376
1785902400,3049.10009765625,3058.300048828125,3023.300048828125,3025.39990234375,143190
1785988800,3028.5,3041.0,3004.89990234375,3009.10009765625,118748
1786075200,3008.5,3046.800048828125,3002.0,3041.60009765625,120903
1786334400,3038.89990234375,3044.60009765625,3016.0,3025.0,105651
1786420800,3024.699951171875,3045.800048828125,3019.89990234375,3035.5,123902
1786507200,3036.10009765625,3060.0,3033.10009765625,3052.800048828125,123779
1786593600,3056.199951171875,3076.300048828125,3052.5,3060.199951171875,110920
1786680000,3062.199951171875,3076.300048828125,3051.699951171875,3074.89990234375,105230
1786939200,3073.5,3079.89990234375,3055.89990234375,3064.89990234375,115178
1787025600,3063.699951171875,3066.60009765625,3024.10009765625,3026.39990234375,139661
1787112000,3025.89990234375,3059.10009765625,3019.800048828125,3039.89990234375,144974
1787198400,3041.39990234375,3048.5,2993.199951171875,2999.199951171875,157682
1787284800,2999.60009765625,3026.699951171875,2997.89990234375,3022.10009765625,137739
1787544000,3023.0,3028.89990234375,2996.0,3001.60009765625,117184
1787630400,3004.60009765625,3025.39990234375,2997.0,3014.39990234375,111268
1787716800,3014.60009765625,3020.5,3002.60009765625,3010.10009765625,99596
1787803200,3016.89990234375,3024.199951171875,3002.10009765625,3019.0,132284
1787889600,3019.60009765625,3025.5,2976.60009765625,2977.5,159842
1788148800,2971.0,2982.5,2946.10009765625,2958.699951171875,180833
1788235200,2958.0,2964.60009765625,2918.89990234375,2924.699951171875,177117
1788321600,2926.39990234375,2962.5,2914.5,2958.800048828125,194193
1788408000,2957.60009765625,2983.300048828125,2949.89990234375,2969.699951171875,154337
1788494400,2967.89990234375,2979.300048828125,2949.5,2976.60009765625,141348
1788840000,2974.699951171875,2977.89990234375,2954.699951171875,2963.60009765625,168629
1788926400,2963.10009765625,2966.199951171875,2919.39990234375,2923.0,161037
1789012800,2923.10009765625,2933.800048828125,2887.800048828125,2893.39990234375,194109
1789099200,2890.89990234375,2929.800048828125,2887.60009765625,2904.5,194109
1789352789,2892.699951171875,2903.89990234375,2888.800048828125,2903.39990234375,5275
