time,open,high,low,close,volume
1713736800,38271.0,38319.0,38255.0,38312.0,1808
1713740400,38309.0,38335.0,38289.0,38328.0,991
1713744000,38327.0,38356.0,38265.0,38268.0,2110
1713747600,38271.0,38308.0,38253.0,38293.0,1393
1713751200,38295.0,38304.0,38279.0,38289.0,600
1713754800,38290.0,38299.0,38272.0,38280.0,507
1713758400,38275.0,38304.0,38275.0,38298.0,497
1713762000,38299.0,38313.0,38283.0,38312.0,736
1713765600,38313.0,38392.0,38312.0,38386.0,2186
1713769200,38380.0,38393.0,38281.0,38298.0,2540
1713772800,38298.0,38354.0,38287.0,38339.0,3514
1713776400,38339.0,38407.0,38333.0,38373.0,2530
1713780000,38373.0,38410.0,38373.0,38405.0,1747
1713783600,38406.0,38451.0,38382.0,38441.0,2917
1713787200,38442.0,38449.0,38373.0,38405.0,4750
1713790800,38407.0,38442.0,38228.0,38291.0,22486
1713794400,38291.0,38358.0,38263.0,38268.0,16796
1713798000,38267.0,38326.0,38208.0,38323.0,13452
1713801600,38325.0,38434.0,38318.0,38430.0,10649
1713805200,38432.0,38669.0,38418.0,38639.0,16380
1713808800,38639.0,38681.0,38567.0,38599.0,13013
1713812400,38598.0,38598.0,38429.0,38472.0,20912
1713816000,38472.0,38494.0,38434.0,38494.0,3175
1713823200,38507.0,38511.0,38461.0,38485.0,0
1713826800,38484.0,38493.0,38431.0,38478.0,1116
1713830400,38478.0,38505.0,38468.0,38498.0,738
1713834000,38497.0,38499.0,38442.0,38455.0,983
1713837600,38456.0,38485.0,38452.0,38471.0,771
1713841200,38472.0,38488.0,38453.0,38481.0,425
1713844800,38479.0,38492.0,38464.0,38469.0,365
1713848400,38470.0,38482.0,38454.0,38478.0,593
1713852000,38478.0,38496.0,38450.0,38495.0,1083
1713855600,38495.0,38532.0,38487.0,38508.0,2803
1713859200,38510.0,38546.0,38476.0,38477.0,2262
1713862800,38477.0,38512.0,38471.0,38488.0,1550
1713866400,38488.0,38573.0,38486.0,38568.0,2463
1713870000,38570.0,38579.0,38505.0,38513.0,3059
1713873600,38512.0,38589.0,38480.0,38581.0,4232
1713877200,38581.0,38662.0,38517.0,38631.0,21452
1713880800,38633.0,38737.0,38572.0,38727.0,19011
1713884400,38727.0,38732.0,38633.0,38645.0,11840
1713888000,38646.0,38736.0,38636.0,38708.0,8275
1713891600,38707.0,38789.0,38679.0,38759.0,9016
1713895200,38761.0,38766.0,38700.0,38724.0,7959
1713898800,38725.0,38747.0,38690.0,38740.0,13218
1713902400,38737.0,38767.0,38695.0,38758.0,4541
1713909600,38749.0,38749.0,38719.0,38735.0,0
1713913200,38738.0,38752.0,38727.0,38734.0,899
1713916800,38733.0,38755.0,38719.0,38754.0,871
1713920400,38752.0,38764.0,38743.0,38764.0,710
1713924000,38765.0,38774.0,38753.0,38768.0,596
1713927600,38770.0,38793.0,38768.0,38779.0,646
1713931200,38779.0,38780.0,38770.0,38774.0,488
1713934800,38776.0,38800.0,38773.0,38793.0,675
1713938400,38793.0,38794.0,38743.0,38758.0,1664
1713942000,38756.0,38756.0,38711.0,38736.0,2426
1713945600,38735.0,38756.0,38715.0,38728.0,2630
1713949200,38729.0,38739.0,38685.0,38698.0,2063
1713952800,38697.0,38729.0,38691.0,38696.0,2292
1713956400,38696.0,38753.0,38672.0,38736.0,5285
1713960000,38734.0,38753.0,38653.0,38666.0,4500
1713963600,38666.0,38727.0,38636.0,38687.0,19847
1713967200,38689.0,38744.0,38622.0,38627.0,13903
1713970800,38626.0,38637.0,38520.0,38564.0,14576
1713974400,38563.0,38617.0,38532.0,38603.0,10297
1713978000,38603.0,38769.0,38585.0,38758.0,11262
1713981600,38759.0,38761.0,38628.0,38636.0,13114
1713985200,38635.0,38729.0,38601.0,38669.0,15456
1713988800,38669.0,38700.0,38560.0,38603.0,10465
1713996000,38577.0,38611.0,38570.0,38584.0,0
1713999600,38589.0,38612.0,38572.0,38587.0,1125
1714003200,38587.0,38637.0,38587.0,38632.0,1213
1714006800,38633.0,38635.0,38598.0,38604.0,815
1714010400,38602.0,38618.0,38593.0,38601.0,490
1714014000,38601.0,38605.0,38592.0,38602.0,213
1714017600,38603.0,38610.0,38595.0,38602.0,310
1714021200,38602.0,38603.0,38570.0,38584.0,788
1714024800,38583.0,38621.0,38572.0,38613.0,1672
1714028400,38612.0,38627.0,38551.0,38573.0,2640
1714032000,38573.0,38594.0,38557.0,38575.0,2549
1714035600,38572.0,38575.0,38530.0,38535.0,2158
1714039200,38535.0,38560.0,38410.0,38432.0,8580
1714042800,38431.0,38484.0,38429.0,38470.0,3546
1714046400,38467.0,38487.0,38216.0,38241.0,12287
1714050000,38243.0,38259.0,37980.0,37985.0,33669
1714053600,37987.0,38035.0,37944.0,37963.0,21621
1714057200,37961.0,38109.0,37957.0,38100.0,13325
1714060800,38097.0,38207.0,38065.0,38195.0,12641
1714064400,38198.0,38354.0,38165.0,38327.0,13168
1714068000,38328.0,38332.0,38164.0,38210.0,13939
1714071600,38213.0,38355.0,38209.0,38292.0,17870
1714075200,38292.0,38408.0,38277.0,38345.0,8472
1714082400,38343.0,38398.0,38313.0,38327.0,0
1714086000,38327.0,38330.0,38300.0,38312.0,882
1714089600,38314.0,38324.0,38288.0,38315.0,806
1714093200,38315.0,38336.0,38298.0,38324.0,764
1714096800,38323.0,38333.0,38302.0,38314.0,538
1714100400,38314.0,38347.0,38313.0,38334.0,514
1714104000,38338.0,38349.0,38328.0,38335.0,440
1714107600,38335.0,38376.0,38330.0,38371.0,627
1714111200,38372.0,38382.0,38349.0,38349.0,1679
1714114800,38350.0,38359.0,38325.0,38344.0,1931
1714118400,38342.0,38371.0,38321.0,38350.0,2309
1714122000,38352.0,38355.0,38314.0,38345.0,1707
1714125600,38349.0,38354.0,38310.0,38324.0,2799
1714129200,38325.0,38348.0,38311.0,38329.0,2436
1714132800,38329.0,38465.0,38288.0,38333.0,10870
1714136400,38335.0,38452.0,38242.0,38406.0,22128
1714140000,38408.0,38496.0,38370.0,38396.0,18560
1714143600,38400.0,38448.0,38334.0,38437.0,12409
1714147200,38437.0,38507.0,38414.0,38506.0,8142
1714150800,38506.0,38535.0,38480.0,38502.0,7635
1714154400,38504.0,38524.0,38454.0,38498.0,8283
1714158000,38496.0,38504.0,38421.0,38428.0,12652
1714161600,38429.0,38455.0,38424.0,38453.0,2284
1714341600,38490.0,38501.0,38474.0,38488.0,680
1714345200,38489.0,38528.0,38481.0,38528.0,692
1714348800,38529.0,38548.0,38511.0,38543.0,846
1714352400,38543.0,38567.0,38538.0,38566.0,1053
1714356000,38565.0,38565.0,38545.0,38549.0,731
1714359600,38551.0,38554.0,38540.0,38543.0,360
1714363200,38541.0,38563.0,38531.0,38554.0,684
1714366800,38553.0,38556.0,38541.0,38554.0,689
1714370400,38555.0,38557.0,38502.0,38502.0,1371
1714374000,38504.0,38533.0,38499.0,38522.0,2027
1714377600,38523.0,38524.0,38482.0,38487.0,1570
1714381200,38485.0,38492.0,38459.0,38464.0,1868
1714384800,38466.0,38499.0,38460.0,38487.0,986
1714388400,38489.0,38513.0,38470.0,38495.0,1420
1714392000,38494.0,38508.0,38463.0,38503.0,1886
1714395600,38503.0,38591.0,38478.0,38494.0,15779
1714399200,38494.0,38562.0,38465.0,38505.0,10381
1714402800,38505.0,38522.0,38472.0,38499.0,7024
1714406400,38499.0,38558.0,38491.0,38542.0,5541
1714410000,38541.0,38593.0,38520.0,38587.0,6248
1714413600,38585.0,38585.0,38464.0,38551.0,9846
1714417200,38551.0,38575.0,38393.0,38566.0,20927
1714420800,38565.0,38592.0,38556.0,38558.0,2841
1714428000,38576.0,38576.0,38532.0,38541.0,0
1714431600,38541.0,38549.0,38535.0,38540.0,296
1714435200,38540.0,38541.0,38520.0,38524.0,420
1714438800,38523.0,38534.0,38521.0,38522.0,353
1714442400,38522.0,38526.0,38508.0,38512.0,424
1714446000,38512.0,38531.0,38508.0,38529.0,311
1714449600,38529.0,38532.0,38519.0,38522.0,254
1714453200,38522.0,38524.0,38492.0,38518.0,977
1714456800,38520.0,38555.0,38517.0,38538.0,1562
1714460400,38539.0,38552.0,38521.0,38525.0,1277
1714464000,38524.0,38536.0,38503.0,38507.0,1020
1714467600,38507.0,38550.0,38499.0,38547.0,1554
1714471200,38549.0,38571.0,38517.0,38570.0,2723
1714474800,38570.0,38570.0,38513.0,38523.0,3625
1714478400,38522.0,38549.0,38370.0,38396.0,9806
1714482000,38396.0,38456.0,38311.0,38338.0,19348
1714485600,38333.0,38456.0,38322.0,38432.0,17753
1714489200,38410.0,38415.0,38219.0,38253.0,18210
1714492800,38255.0,38270.0,38121.0,38160.0,13060
1714496400,38159.0,38237.0,38138.0,38225.0,9883
1714500000,38225.0,38251.0,38073.0,38112.0,11492
1714503600,38112.0,38148.0,37983.0,37989.0,19012
1714507200,37987.0,38041.0,37926.0,37965.0,12557
1714514400,37923.0,37998.0,37923.0,37973.0,0
1714518000,37974.0,37993.0,37954.0,37974.0,952
1714521600,37975.0,37988.0,37962.0,37979.0,883
1714525200,37981.0,38008.0,37977.0,37995.0,676
1714528800,37997.0,38008.0,37978.0,38003.0,486
1714532400,38003.0,38022.0,38003.0,38021.0,656
1714536000,38021.0,38025.0,38010.0,38018.0,853
1714539600,38018.0,38020.0,37994.0,37998.0,593
1714543200,37997.0,38009.0,37966.0,37969.0,1388
1714546800,37969.0,37982.0,37923.0,37942.0,1273
1714550400,37943.0,37962.0,37933.0,37955.0,1202
1714554000,37955.0,37958.0,37875.0,37904.0,2216
1714557600,37905.0,37911.0,37866.0,37908.0,2611
1714561200,37906.0,37935.0,37887.0,37908.0,2032
1714564800,37905.0,37970.0,37889.0,37937.0,4290
1714568400,37936.0,38102.0,37924.0,38002.0,15259
1714572000,38003.0,38095.0,37969.0,38085.0,13763
1714575600,38088.0,38127.0,38035.0,38080.0,8755
1714579200,38080.0,38129.0,38059.0,38071.0,5669
1714582800,38072.0,38151.0,38052.0,38102.0,6074
1714586400,38108.0,38497.0,38079.0,38484.0,46646
1714590000,38486.0,38527.0,38044.0,38057.0,47765
1714593600,38057.0,38132.0,38046.0,38128.0,6011
1714600800,38126.0,38156.0,38124.0,38147.0,0
1714604400,38146.0,38189.0,38139.0,38182.0,889
1714608000,38184.0,38227.0,38181.0,38214.0,1193
1714611600,38215.0,38236.0,38199.0,38234.0,933
1714615200,38234.0,38250.0,38227.0,38234.0,918
1714618800,38234.0,38235.0,38214.0,38221.0,419
1714622400,38220.0,38223.0,38209.0,38222.0,365
1714626000,38222.0,38237.0,38211.0,38223.0,621
1714629600,38224.0,38231.0,38180.0,38183.0,2051
1714633200,38182.0,38233.0,38167.0,38212.0,2805
1714636800,38211.0,38251.0,38178.0,38182.0,2281
1714640400,38183.0,38212.0,38181.0,38211.0,1092
1714644000,38210.0,38254.0,38191.0,38245.0,1298
1714647600,38246.0,38267.0,38219.0,38231.0,1844
1714651200,38232.0,38318.0,38206.0,38257.0,4468
1714654800,38260.0,38321.0,38122.0,38167.0,21892
1714658400,38169.0,38248.0,38038.0,38230.0,24794
1714662000,38230.0,38287.0,38172.0,38243.0,13263
1714665600,38245.0,38251.0,38138.0,38203.0,10544
1714669200,38208.0,38337.0,38207.0,38313.0,11314
1714672800,38313.0,38435.0,38300.0,38420.0,12673
1714676400,38421.0,38451.0,38298.0,38387.0,21202
1714680000,38387.0,38643.0,38323.0,38634.0,10571
1714687200,38642.0,38691.0,38592.0,38607.0,0
1714690800,38606.0,38619.0,38597.0,38612.0,684
1714694400,38612.0,38638.0,38596.0,38630.0,928
1714698000,38629.0,38644.0,38617.0,38617.0,708
1714701600,38618.0,38624.0,38608.0,38613.0,471
1714705200,38612.0,38623.0,38609.0,38622.0,430
1714708800,38619.0,38624.0,38600.0,38604.0,412
1714712400,38603.0,38627.0,38599.0,38625.0,603
1714716000,38625.0,38635.0,38607.0,38617.0,1517
1714719600,38618.0,38622.0,38585.0,38616.0,1416
1714723200,38616.0,38661.0,38611.0,38643.0,1840
1714726800,38642.0,38686.0,38638.0,38683.0,1334
1714730400,38682.0,38706.0,38672.0,38672.0,1853
1714734000,38671.0,38690.0,38649.0,38657.0,1871
1714737600,38658.0,38934.0,38651.0,38866.0,12693
1714741200,38866.0,38957.0,38789.0,38900.0,30314
1714744800,38909.0,38956.0,38662.0,38691.0,36001
1714748400,38694.0,38828.0,38664.0,38800.0,11853
1714752000,38805.0,38842.0,38788.0,38802.0,7313
1714755600,38803.0,38869.0,38793.0,38851.0,7844
1714759200,38851.0,38891.0,38826.0,38844.0,8061
1714762800,38843.0,38863.0,38804.0,38830.0,12375
1714766400,38828.0,38889.0,38828.0,38869.0,3442
1714946400,38920.0,38921.0,38882.0,38898.0,553
1714950000,38898.0,38905.0,38870.0,38873.0,514
1714953600,38876.0,38886.0,38848.0,38863.0,979
1714957200,38863.0,38875.0,38858.0,38870.0,545
1714960800,38870.0,38878.0,38867.0,38869.0,360
1714964400,38866.0,38874.0,38860.0,38870.0,277
1714968000,38871.0,38871.0,38859.0,38859.0,234
1714971600,38860.0,38869.0,38850.0,38864.0,492
1714975200,38863.0,38897.0,38860.0,38883.0,950
1714978800,38882.0,38891.0,38869.0,38872.0,1089
1714982400,38873.0,38898.0,38857.0,38892.0,1294
1714986000,38892.0,38920.0,38890.0,38915.0,1201
1714989600,38916.0,38966.0,38909.0,38960.0,1586
1714993200,38958.0,38963.0,38943.0,38961.0,1210
1714996800,38960.0,38997.0,38951.0,38985.0,2086
1715000400,38984.0,39028.0,38927.0,38931.0,14707
1715004000,38932.0,38983.0,38913.0,38931.0,8668
1715007600,38929.0,38931.0,38842.0,38881.0,7441
1715011200,38880.0,38916.0,38834.0,38904.0,6801
1715014800,38905.0,38965.0,38892.0,38950.0,5446
1715018400,38951.0,39013.0,38933.0,38935.0,7052
1715022000,38934.0,39004.0,38897.0,39000.0,10186
1715025600,38999.0,39005.0,38978.0,38990.0,2641
1715032800,38985.0,39007.0,38976.0,39004.0,0
1715036400,39005.0,39009.0,38987.0,38997.0,469
1715040000,38998.0,39012.0,38997.0,39006.0,455
1715043600,39006.0,39008.0,38986.0,38998.0,657
1715047200,38998.0,39009.0,38989.0,38999.0,356
1715050800,39001.0,39020.0,38998.0,39017.0,369
1715054400,39018.0,39020.0,39006.0,39010.0,312
1715058000,39011.0,39017.0,38999.0,38999.0,302
1715061600,39000.0,39039.0,39000.0,39029.0,1207
1715065200,39028.0,39047.0,38998.0,39004.0,1658
1715068800,39003.0,39066.0,38991.0,39065.0,1791
1715072400,39064.0,39080.0,39056.0,39066.0,1354
1715076000,39066.0,39082.0,39032.0,39038.0,2234
1715079600,39040.0,39048.0,39009.0,39024.0,1808
1715083200,39024.0,39038.0,39010.0,39029.0,2367
1715086800,39029.0,39097.0,39005.0,39073.0,14321
1715090400,39073.0,39127.0,39056.0,39106.0,9925
1715094000,39107.0,39118.0,39044.0,39058.0,7474
1715097600,39056.0,39062.0,39011.0,39038.0,6130
1715101200,39039.0,39094.0,38991.0,39002.0,7927
1715104800,39003.0,39033.0,38978.0,39012.0,6748
1715108400,39013.0,39075.0,38993.0,39020.0,9099
1715112000,39020.0,39039.0,39007.0,39012.0,1950
1715119200,39016.0,39024.0,38992.0,39024.0,0
1715122800,39024.0,39028.0,39012.0,39019.0,454
1715126400,39019.0,39030.0,39015.0,39022.0,455
1715130000,39022.0,39028.0,39010.0,39015.0,334
1715133600,39014.0,39020.0,38997.0,39010.0,411
1715137200,39010.0,39027.0,39005.0,39016.0,298
1715140800,39015.0,39018.0,39003.0,39005.0,162
1715144400,39003.0,39017.0,39000.0,39017.0,378
1715148000,39017.0,39029.0,39008.0,39020.0,942
1715151600,39019.0,39055.0,39017.0,39032.0,1537
1715155200,39032.0,39041.0,39011.0,39019.0,1692
1715158800,39019.0,39052.0,39014.0,39042.0,1166
1715162400,39042.0,39056.0,39019.0,39019.0,1540
1715166000,39020.0,39028.0,38990.0,39008.0,1917
1715169600,39007.0,39014.0,38936.0,38961.0,3219
1715173200,38961.0,39037.0,38956.0,39029.0,15921
1715176800,39032.0,39106.0,39003.0,39098.0,10980
1715180400,39098.0,39120.0,39070.0,39097.0,8541
1715184000,39099.0,39122.0,39060.0,39100.0,6371
1715187600,39103.0,39145.0,39072.0,39141.0,7538
1715191200,39140.0,39193.0,39133.0,39159.0,7997
1715194800,39159.0,39236.0,39131.0,39187.0,13514
1715198400,39186.0,39203.0,39172.0,39202.0,3349
1715205600,39198.0,39212.0,39175.0,39203.0,0
1715209200,39203.0,39205.0,39190.0,39194.0,388
1715212800,39195.0,39199.0,39181.0,39192.0,795
1715216400,39193.0,39199.0,39178.0,39196.0,561
1715220000,39197.0,39197.0,39175.0,39179.0,378
1715223600,39180.0,39185.0,39164.0,39166.0,406
1715227200,39167.0,39170.0,39158.0,39161.0,395
1715230800,39161.0,39167.0,39154.0,39162.0,498
1715234400,39159.0,39165.0,39129.0,39130.0,996
1715238000,39132.0,39158.0,39126.0,39139.0,1540
1715241600,39138.0,39150.0,39114.0,39117.0,1657
1715245200,39117.0,39126.0,39087.0,39108.0,1280
1715248800,39107.0,39143.0,39106.0,39120.0,1369
1715252400,39119.0,39140.0,39096.0,39128.0,2110
1715256000,39125.0,39163.0,39093.0,39131.0,3794
1715259600,39131.0,39261.0,39109.0,39261.0,14283
1715263200,39261.0,39410.0,39254.0,39382.0,18553
1715266800,39381.0,39395.0,39344.0,39349.0,7487
1715270400,39350.0,39404.0,39335.0,39395.0,6691
1715274000,39395.0,39467.0,39381.0,39445.0,10951
1715277600,39444.0,39521.0,39432.0,39510.0,8078
1715281200,39511.0,39558.0,39499.0,39537.0,12933
1715284800,39538.0,39592.0,39534.0,39565.0,4444
1715292000,39562.0,39596.0,39552.0,39586.0,0
1715295600,39586.0,39598.0,39581.0,39582.0,590
1715299200,39583.0,39590.0,39574.0,39589.0,692
1715302800,39591.0,39595.0,39568.0,39568.0,532
1715306400,39567.0,39575.0,39564.0,39572.0,602
1715310000,39572.0,39578.0,39562.0,39567.0,311
1715313600,39568.0,39586.0,39568.0,39586.0,532
1715317200,39584.0,39595.0,39579.0,39584.0,776
1715320800,39584.0,39606.0,39581.0,39599.0,1447
1715324400,39599.0,39630.0,39599.0,39625.0,1943
1715328000,39624.0,39636.0,39590.0,39634.0,1878
1715331600,39634.0,39671.0,39630.0,39652.0,1678
1715335200,39653.0,39658.0,39640.0,39640.0,1130
1715338800,39640.0,39650.0,39613.0,39616.0,1553
1715342400,39616.0,39645.0,39606.0,39618.0,3303
1715346000,39619.0,39718.0,39616.0,39694.0,15702
1715349600,39692.0,39692.0,39574.0,39607.0,18975
1715353200,39608.0,39617.0,39532.0,39582.0,10314
1715356800,39584.0,39644.0,39559.0,39625.0,8289
1715360400,39627.0,39629.0,39587.0,39624.0,6259
1715364000,39624.0,39634.0,39575.0,39630.0,5598
1715367600,39630.0,39675.0,39609.0,39636.0,11319
1715371200,39635.0,39638.0,39611.0,39618.0,2531
1715551200,39620.0,39634.0,39576.0,39625.0,910
1715554800,39626.0,39635.0,39624.0,39631.0,335
1715558400,39632.0,39638.0,39617.0,39634.0,544
1715562000,39633.0,39639.0,39627.0,39635.0,405
1715565600,39635.0,39639.0,39617.0,39621.0,398
1715569200,39620.0,39653.0,39617.0,39639.0,965
1715572800,39640.0,39645.0,39629.0,39644.0,443
1715576400,39645.0,39656.0,39637.0,39647.0,523
1715580000,39647.0,39666.0,39635.0,39651.0,1440
1715583600,39650.0,39661.0,39633.0,39652.0,936
1715587200,39653.0,39681.0,39646.0,39648.0,2144
1715590800,39648.0,39672.0,39644.0,39671.0,1198
1715594400,39670.0,39681.0,39663.0,39675.0,917
1715598000,39675.0,39715.0,39664.0,39709.0,1787
1715601600,39707.0,39733.0,39695.0,39717.0,2198
1715605200,39717.0,39780.0,39703.0,39750.0,16135
1715608800,39750.0,39750.0,39659.0,39678.0,11233
1715612400,39680.0,39687.0,39605.0,39626.0,9211
1715616000,39625.0,39646.0,39599.0,39599.0,4975
1715619600,39599.0,39599.0,39519.0,39561.0,10312
1715623200,39561.0,39585.0,39532.0,39566.0,5449
1715626800,39567.0,39595.0,39538.0,39561.0,10488
1715630400,39561.0,39570.0,39524.0,39552.0,2090
1715637600,39559.0,39559.0,39539.0,39552.0,0
1715641200,39552.0,39570.0,39551.0,39566.0,376
1715644800,39567.0,39571.0,39552.0,39554.0,599
1715648400,39554.0,39559.0,39544.0,39557.0,588
1715652000,39557.0,39561.0,39549.0,39549.0,276
1715655600,39550.0,39554.0,39543.0,39549.0,323
1715659200,39549.0,39555.0,39544.0,39551.0,534
1715662800,39551.0,39570.0,39546.0,39567.0,740
1715666400,39567.0,39570.0,39556.0,39558.0,871
1715670000,39558.0,39573.0,39543.0,39570.0,898
1715673600,39570.0,39581.0,39555.0,39576.0,1190
1715677200,39574.0,39583.0,39567.0,39581.0,867
1715680800,39582.0,39624.0,39522.0,39611.0,6224
1715684400,39610.0,39610.0,39570.0,39594.0,1756
1715688000,39592.0,39620.0,39405.0,39589.0,11039
1715691600,39590.0,39641.0,39545.0,39611.0,17148
1715695200,39609.0,39670.0,39523.0,39605.0,19632
1715698800,39604.0,39612.0,39531.0,39541.0,7111
1715702400,39537.0,39557.0,39520.0,39533.0,5088
1715706000,39533.0,39536.0,39488.0,39523.0,5678
1715709600,39524.0,39701.0,39519.0,39681.0,11113
1715713200,39679.0,39736.0,39657.0,39672.0,13409
1715716800,39671.0,39688.0,39656.0,39681.0,2772
1715724000,39680.0,39700.0,39664.0,39698.0,0
1715727600,39698.0,39700.0,39684.0,39690.0,456
1715731200,39690.0,39703.0,39683.0,39692.0,696
1715734800,39693.0,39711.0,39688.0,39709.0,702
1715738400,39709.0,39727.0,39706.0,39713.0,599
1715742000,39714.0,39725.0,39712.0,39715.0,455
1715745600,39715.0,39717.0,39690.0,39690.0,532
1715749200,39690.0,39703.0,39685.0,39699.0,762
1715752800,39698.0,39707.0,39678.0,39683.0,1121
1715756400,39683.0,39695.0,39667.0,39679.0,1008
1715760000,39680.0,39692.0,39662.0,39689.0,1426
1715763600,39689.0,39701.0,39679.0,39691.0,1064
1715767200,39690.0,39705.0,39682.0,39695.0,794
1715770800,39696.0,39696.0,39672.0,39680.0,1243
1715774400,39679.0,39895.0,39652.0,39831.0,10841
1715778000,39831.0,39918.0,39790.0,39810.0,19332
1715781600,39811.0,39895.0,39800.0,39881.0,11932
1715785200,39883.0,39966.0,39873.0,39923.0,10414
1715788800,39924.0,39974.0,39880.0,39964.0,5950
1715792400,39964.0,39987.0,39926.0,39969.0,6169
1715796000,39969.0,39989.0,39936.0,39967.0,6408
1715799600,39964.0,40063.0,39948.0,40045.0,15233
1715803200,40044.0,40046.0,40001.0,40033.0,4072
1715810400,40016.0,40068.0,40016.0,40054.0,0
1715814000,40054.0,40094.0,40054.0,40083.0,902
1715817600,40084.0,40108.0,40084.0,40108.0,1085
1715821200,40107.0,40114.0,40097.0,40103.0,773
1715824800,40104.0,40110.0,40093.0,40109.0,475
1715828400,40110.0,40128.0,40107.0,40119.0,741
1715832000,40120.0,40122.0,40106.0,40107.0,435
1715835600,40108.0,40109.0,40092.0,40094.0,456
1715839200,40092.0,40092.0,40066.0,40076.0,1593
1715842800,40075.0,40084.0,40056.0,40070.0,1309
1715846400,40068.0,40076.0,40053.0,40065.0,1557
1715850000,40066.0,40083.0,40060.0,40066.0,1485
1715853600,40067.0,40075.0,40043.0,40055.0,1258
1715857200,40057.0,40083.0,40051.0,40052.0,2786
1715860800,40049.0,40086.0,40026.0,40038.0,3973
1715864400,40039.0,40103.0,40015.0,40048.0,16988
1715868000,40046.0,40190.0,40040.0,40183.0,16893
1715871600,40185.0,40189.0,40103.0,40154.0,13160
1715875200,40155.0,40156.0,40102.0,40132.0,8725
1715878800,40132.0,40145.0,40036.0,40079.0,14558
1715882400,40079.0,40114.0,40008.0,40109.0,9827
1715886000,40110.0,40118.0,40002.0,40007.0,15093
1715889600,40007.0,40024.0,39979.0,39993.0,4411
1715896800,39995.0,40017.0,39992.0,40011.0,0
1715900400,40011.0,40024.0,40006.0,40017.0,587
1715904000,40017.0,40027.0,40011.0,40022.0,737
1715907600,40023.0,40028.0,40015.0,40018.0,864
1715911200,40020.0,40021.0,39999.0,40001.0,635
1715914800,40003.0,40004.0,39984.0,39984.0,467
1715918400,39986.0,39992.0,39983.0,39990.0,359
1715922000,39990.0,39996.0,39983.0,39993.0,529
1715925600,39994.0,40019.0,39990.0,40002.0,1312
1715929200,40003.0,40025.0,39995.0,39995.0,1429
1715932800,39996.0,39997.0,39955.0,39976.0,2103
1715936400,39977.0,40010.0,39977.0,39994.0,1740
1715940000,39994.0,40007.0,39984.0,40005.0,1074
1715943600,40003.0,40037.0,39986.0,40018.0,1370
1715947200,40018.0,40037.0,40006.0,40033.0,1864
1715950800,40035.0,40068.0,39974.0,40049.0,15511
1715954400,40047.0,40063.0,40015.0,40046.0,10121
1715958000,40046.0,40046.0,39990.0,40030.0,7571
1715961600,40029.0,40065.0,40014.0,40063.0,6075
1715965200,40063.0,40086.0,40046.0,40067.0,6331
1715968800,40068.0,40095.0,39987.0,40082.0,10049
1715972400,40081.0,40147.0,40065.0,40139.0,12851
1715976000,40138.0,40138.0,40117.0,40134.0,3202
1716156000,40133.0,40180.0,40133.0,40164.0,811
1716159600,40163.0,40185.0,40162.0,40180.0,483
1716163200,40180.0,40188.0,40159.0,40184.0,705
1716166800,40182.0,40194.0,40173.0,40179.0,714
1716170400,40179.0,40185.0,40170.0,40182.0,474
1716174000,40181.0,40183.0,40170.0,40172.0,388
1716177600,40172.0,40179.0,40164.0,40171.0,410
1716181200,40170.0,40178.0,40166.0,40178.0,460
1716184800,40175.0,40175.0,40151.0,40155.0,1103
1716188400,40154.0,40168.0,40149.0,40163.0,1131
1716192000,40162.0,40164.0,40133.0,40145.0,1338
1716195600,40145.0,40149.0,40135.0,40145.0,571
1716199200,40146.0,40164.0,40144.0,40158.0,1000
1716202800,40160.0,40168.0,40146.0,40166.0,852
1716206400,40166.0,40181.0,40123.0,40137.0,2902
1716210000,40140.0,40149.0,40036.0,40130.0,17733
1716213600,40131.0,40199.0,40091.0,40188.0,11315
1716217200,40188.0,40213.0,40149.0,40152.0,8267
1716220800,40150.0,40162.0,40097.0,40109.0,8965
1716224400,40108.0,40128.0,40002.0,40011.0,11546
1716228000,40011.0,40018.0,39922.0,39957.0,13239
1716231600,39957.0,39990.0,39922.0,39955.0,15630
1716235200,39954.0,39972.0,39919.0,39943.0,6028
1716242400,39946.0,39951.0,39915.0,39923.0,0
1716246000,39923.0,39929.0,39916.0,39925.0,520
1716249600,39925.0,39942.0,39920.0,39933.0,950
1716253200,39932.0,39938.0,39925.0,39929.0,816
1716256800,39929.0,39942.0,39925.0,39935.0,586
1716260400,39935.0,39944.0,39934.0,39944.0,360
1716264000,39943.0,39954.0,39943.0,39954.0,353
1716267600,39953.0,39957.0,39942.0,39944.0,428
1716271200,39944.0,39961.0,39940.0,39942.0,1249
1716274800,39943.0,39966.0,39941.0,39948.0,1075
1716278400,39949.0,39949.0,39923.0,39943.0,1405
1716282000,39940.0,39957.0,39925.0,39927.0,1227
1716285600,39926.0,39957.0,39926.0,39954.0,1036
1716289200,39957.0,39960.0,39940.0,39952.0,1834
1716292800,39954.0,39969.0,39923.0,39950.0,2649
1716296400,39951.0,39985.0,39909.0,39964.0,18431
1716300000,39965.0,40019.0,39957.0,39970.0,11488
1716303600,39968.0,40019.0,39953.0,39961.0,7763
1716307200,39963.0,39968.0,39931.0,39945.0,6800
1716310800,39945.0,39981.0,39907.0,39979.0,8218
1716314400,39980.0,39989.0,39943.0,39960.0,6762
1716318000,39959.0,40034.0,39943.0,40011.0,13332
1716321600,40009.0,40012.0,39988.0,39994.0,2128
1716328800,39992.0,40016.0,39990.0,40011.0,0
1716332400,40012.0,40020.0,40012.0,40017.0,325
1716336000,40016.0,40021.0,40007.0,40010.0,478
1716339600,40009.0,40023.0,40001.0,40022.0,640
1716343200,40022.0,40033.0,40013.0,40016.0,680
1716346800,40015.0,40017.0,40008.0,40012.0,396
1716350400,40011.0,40012.0,40001.0,40007.0,361
1716354000,40008.0,40017.0,40002.0,40016.0,459
1716357600,40015.0,40016.0,39972.0,39974.0,1186
1716361200,39975.0,39988.0,39949.0,39985.0,1709
1716364800,39985.0,39991.0,39959.0,39968.0,1002
1716368400,39969.0,39977.0,39949.0,39967.0,926
1716372000,39967.0,39976.0,39952.0,39957.0,1328
1716375600,39958.0,39965.0,39903.0,39909.0,2739
1716379200,39910.0,39945.0,39904.0,39935.0,2670
1716382800,39933.0,40007.0,39909.0,39984.0,15153
1716386400,39982.0,40009.0,39955.0,39983.0,10924
1716390000,39979.0,39986.0,39880.0,39915.0,9918
1716393600,39914.0,39977.0,39912.0,39955.0,8657
1716397200,39954.0,39978.0,39817.0,39860.0,12274
1716400800,39857.0,39859.0,39668.0,39729.0,23369
1716404400,39728.0,39818.0,39690.0,39792.0,20532
1716408000,39794.0,39836.0,39694.0,39721.0,8065
1716415200,39730.0,39740.0,39701.0,39716.0,0
1716418800,39716.0,39744.0,39716.0,39738.0,636
1716422400,39739.0,39742.0,39721.0,39725.0,808
1716426000,39726.0,39763.0,39715.0,39760.0,1116
1716429600,39758.0,39825.0,39751.0,39825.0,1403
1716433200,39827.0,39860.0,39811.0,39850.0,1602
1716436800,39850.0,39864.0,39837.0,39838.0,878
1716440400,39835.0,39839.0,39823.0,39825.0,764
1716444000,39824.0,39834.0,39807.0,39810.0,1149
1716447600,39809.0,39827.0,39800.0,39811.0,1719
1716451200,39811.0,39813.0,39775.0,39780.0,1750
1716454800,39779.0,39820.0,39774.0,39817.0,2055
1716458400,39818.0,39833.0,39814.0,39832.0,1202
1716462000,39837.0,39858.0,39814.0,39844.0,2213
1716465600,39843.0,39882.0,39836.0,39847.0,3579
1716469200,39848.0,39855.0,39514.0,39541.0,28234
1716472800,39536.0,39587.0,39462.0,39471.0,27381
1716476400,39473.0,39545.0,39451.0,39517.0,15183
1716480000,39515.0,39534.0,39378.0,39384.0,14119
1716483600,39383.0,39418.0,39210.0,39220.0,23981
1716487200,39222.0,39229.0,39119.0,39133.0,27131
1716490800,39133.0,39193.0,39114.0,39162.0,28569
1716494400,39162.0,39166.0,39129.0,39142.0,4782
1716501600,39143.0,39164.0,39132.0,39137.0,0
1716505200,39138.0,39164.0,39136.0,39142.0,856
1716508800,39141.0,39181.0,39136.0,39179.0,1038
1716512400,39177.0,39199.0,39174.0,39190.0,842
1716516000,39192.0,39207.0,39191.0,39202.0,913
1716519600,39201.0,39205.0,39184.0,39187.0,412
1716523200,39186.0,39197.0,39178.0,39184.0,571
1716526800,39185.0,39185.0,39168.0,39179.0,1155
1716530400,39180.0,39182.0,39138.0,39144.0,1280
1716534000,39146.0,39201.0,39141.0,39197.0,1622
1716537600,39199.0,39216.0,39185.0,39212.0,1946
1716541200,39213.0,39217.0,39192.0,39203.0,1207
1716544800,39204.0,39223.0,39198.0,39207.0,906
1716548400,39210.0,39220.0,39182.0,39207.0,1613
1716552000,39208.0,39243.0,39167.0,39207.0,3379
1716555600,39206.0,39281.0,39167.0,39171.0,16287
1716559200,39175.0,39245.0,39127.0,39219.0,19608
1716562800,39220.0,39314.0,39202.0,39254.0,16350
1716566400,39253.0,39286.0,39213.0,39214.0,7013
1716570000,39217.0,39262.0,39204.0,39216.0,6038
1716573600,39214.0,39242.0,39153.0,39153.0,6434
1716577200,39152.0,39182.0,39105.0,39153.0,13753
1716580800,39152.0,39171.0,39144.0,39149.0,2306
1716760800,39163.0,39169.0,39141.0,39145.0,446
1716764400,39145.0,39145.0,39109.0,39119.0,495
1716768000,39119.0,39134.0,39114.0,39128.0,887
1716771600,39129.0,39141.0,39095.0,39139.0,2143
1716775200,39140.0,39143.0,39097.0,39116.0,765
1716778800,39117.0,39127.0,39117.0,39122.0,204
1716868800,39188.0,39197.0,39182.0,39182.0,497
1716872400,39183.0,39192.0,39175.0,39191.0,690
1716876000,39190.0,39201.0,39167.0,39189.0,1422
1716879600,39189.0,39218.0,39170.0,39183.0,1523
1716883200,39181.0,39196.0,39167.0,39176.0,3365
1716886800,39176.0,39188.0,39170.0,39176.0,1249
1716890400,39177.0,39177.0,39096.0,39128.0,3201
1716894000,39128.0,39129.0,39103.0,39123.0,1595
1716897600,39123.0,39139.0,39083.0,39130.0,2970
1716901200,39129.0,39133.0,38994.0,39020.0,20723
1716904800,39021.0,39050.0,38974.0,39013.0,13316
1716908400,39013.0,39036.0,38990.0,39011.0,7050
1716912000,39011.0,39018.0,38942.0,38951.0,7957
1716915600,38951.0,38955.0,38846.0,38879.0,12150
1716919200,38880.0,38900.0,38787.0,38862.0,14161
1716922800,38861.0,38957.0,38841.0,38951.0,14824
1716926400,38950.0,38977.0,38913.0,38919.0,5451
1716933600,38920.0,38920.0,38884.0,38895.0,0
1716937200,38895.0,38900.0,38870.0,38877.0,703
1716940800,38878.0,38891.0,38846.0,38858.0,1071
1716944400,38857.0,38866.0,38838.0,38857.0,1733
1716948000,38858.0,38867.0,38829.0,38832.0,746
1716951600,38831.0,38834.0,38809.0,38816.0,1007
1716955200,38816.0,38835.0,38811.0,38833.0,869
1716958800,38833.0,38837.0,38776.0,38781.0,1326
1716962400,38782.0,38816.0,38754.0,38797.0,2095
1716966000,38795.0,38812.0,38742.0,38743.0,2621
1716969600,38744.0,38794.0,38726.0,38762.0,3883
1716973200,38764.0,38777.0,38723.0,38729.0,2398
1716976800,38727.0,38737.0,38706.0,38725.0,1825
1716980400,38725.0,38730.0,38683.0,38712.0,2635
1716984000,38712.0,38738.0,38676.0,38682.0,3758
1716987600,38682.0,38692.0,38499.0,38588.0,27184
1716991200,38588.0,38649.0,38555.0,38578.0,16492
1716994800,38577.0,38606.0,38547.0,38571.0,9530
1716998400,38568.0,38610.0,38526.0,38581.0,7072
1717002000,38582.0,38595.0,38536.0,38578.0,8387
1717005600,38578.0,38583.0,38515.0,38528.0,7354
1717009200,38526.0,38605.0,38510.0,38542.0,12984
1717012800,38543.0,38556.0,38221.0,38243.0,13759
1717020000,38268.0,38286.0,38250.0,38265.0,0
1717023600,38267.0,38274.0,38239.0,38272.0,1382
1717027200,38273.0,38277.0,38251.0,38256.0,1706
1717030800,38258.0,38273.0,38249.0,38259.0,1038
1717034400,38261.0,38272.0,38228.0,38240.0,926
1717038000,38239.0,38239.0,38212.0,38226.0,955
1717041600,38226.0,38229.0,38194.0,38204.0,1054
1717045200,38203.0,38203.0,38169.0,38185.0,1490
1717048800,38186.0,38203.0,38140.0,38145.0,2262
1717052400,38146.0,38222.0,38146.0,38218.0,2334
1717056000,38218.0,38225.0,38164.0,38222.0,3284
1717059600,38221.0,38231.0,38186.0,38194.0,1906
1717063200,38197.0,38211.0,38179.0,38197.0,2056
1717066800,38196.0,38203.0,38173.0,38177.0,2254
1717070400,38175.0,38235.0,38165.0,38215.0,4815
1717074000,38215.0,38292.0,38164.0,38184.0,23245
1717077600,38186.0,38210.0,38111.0,38155.0,20981
1717081200,38153.0,38245.0,38148.0,38193.0,12301
1717084800,38195.0,38294.0,38188.0,38289.0,9061
1717088400,38290.0,38312.0,38266.0,38286.0,7685
1717092000,38283.0,38286.0,38204.0,38255.0,10070
1717095600,38255.0,38273.0,38123.0,38223.0,20672
1717099200,38223.0,38231.0,38178.0,38204.0,5014
1717106400,38225.0,38226.0,38166.0,38190.0,0
1717110000,38189.0,38194.0,38163.0,38176.0,737
1717113600,38176.0,38187.0,38141.0,38177.0,1714
1717117200,38178.0,38207.0,38177.0,38197.0,1343
1717120800,38197.0,38202.0,38166.0,38175.0,925
1717124400,38175.0,38218.0,38175.0,38210.0,869
1717128000,38212.0,38231.0,38191.0,38203.0,549
1717131600,38202.0,38221.0,38197.0,38200.0,969
1717135200,38200.0,38234.0,38199.0,38222.0,1288
1717138800,38220.0,38245.0,38204.0,38216.0,2384
1717142400,38216.0,38253.0,38209.0,38223.0,2806
1717146000,38222.0,38223.0,38187.0,38193.0,1992
1717149600,38192.0,38208.0,38140.0,38189.0,2446
1717153200,38190.0,38215.0,38173.0,38210.0,1873
1717156800,38208.0,38336.0,38200.0,38308.0,7951
1717160400,38307.0,38371.0,38223.0,38239.0,22406
1717164000,38238.0,38277.0,38182.0,38253.0,20329
1717167600,38255.0,38286.0,38218.0,38252.0,10481
1717171200,38251.0,38314.0,38208.0,38310.0,10587
1717174800,38311.0,38424.0,38310.0,38422.0,10772
1717178400,38422.0,38491.0,38417.0,38466.0,11304
1717182000,38465.0,38812.0,38429.0,38802.0,31238
1717185600,38798.0,38858.0,38770.0,38825.0,12193
1717365600,38824.0,38854.0,38769.0,38816.0,2061
1717369200,38815.0,38857.0,38810.0,38844.0,1210
1717372800,38844.0,38900.0,38843.0,38886.0,2021
1717376400,38886.0,38898.0,38857.0,38867.0,1410
1717380000,38868.0,38892.0,38865.0,38888.0,1011
1717383600,38888.0,38898.0,38876.0,38885.0,774
1717387200,38883.0,38919.0,38882.0,38907.0,740
1717390800,38904.0,38912.0,38880.0,38894.0,1051
1717394400,38893.0,38915.0,38874.0,38879.0,2505
1717398000,38876.0,38896.0,38773.0,38774.0,2763
1717401600,38773.0,38810.0,38737.0,38786.0,3885
1717405200,38788.0,38791.0,38734.0,38756.0,1620
1717408800,38759.0,38773.0,38750.0,38765.0,1499
1717412400,38766.0,38800.0,38759.0,38791.0,2527
1717416000,38790.0,38806.0,38764.0,38775.0,2561
1717419600,38777.0,38841.0,38665.0,38701.0,20823
1717423200,38709.0,38776.0,38574.0,38591.0,24906
1717426800,38590.0,38597.0,38480.0,38530.0,16923
1717430400,38529.0,38552.0,38340.0,38391.0,20833
1717434000,38390.0,38497.0,38333.0,38480.0,13989
1717437600,38482.0,38564.0,38461.0,38543.0,9350
1717441200,38543.0,38669.0,38537.0,38668.0,14772
1717444800,38669.0,38684.0,38650.0,38657.0,4000
1717452000,38666.0,38674.0,38649.0,38666.0,0
1717455600,38667.0,38675.0,38636.0,38640.0,817
1717459200,38640.0,38681.0,38640.0,38673.0,837
1717462800,38675.0,38676.0,38652.0,38669.0,728
1717466400,38670.0,38670.0,38654.0,38661.0,514
1717470000,38662.0,38662.0,38638.0,38659.0,657
1717473600,38657.0,38669.0,38650.0,38650.0,451
1717477200,38650.0,38655.0,38639.0,38655.0,798
1717480800,38652.0,38653.0,38588.0,38597.0,1854
1717484400,38595.0,38616.0,38555.0,38590.0,2270
1717488000,38592.0,38592.0,38479.0,38487.0,3289
1717491600,38488.0,38499.0,38435.0,38456.0,2878
1717495200,38458.0,38488.0,38425.0,38475.0,2009
1717498800,38475.0,38555.0,38474.0,38555.0,2436
1717502400,38553.0,38578.0,38503.0,38576.0,3062
1717506000,38575.0,38689.0,38489.0,38682.0,18145
1717509600,38684.0,38767.0,38623.0,38628.0,23690
1717513200,38634.0,38675.0,38576.0,38590.0,10944
1717516800,38592.0,38688.0,38564.0,38662.0,10591
1717520400,38660.0,38757.0,38622.0,38748.0,7651
1717524000,38745.0,38878.0,38734.0,38816.0,11552
1717527600,38815.0,38818.0,38682.0,38787.0,16153
1717531200,38786.0,38815.0,38771.0,38804.0,2464
1717538400,38801.0,38832.0,38787.0,38831.0,0
1717542000,38831.0,38855.0,38831.0,38850.0,834
1717545600,38851.0,38856.0,38840.0,38844.0,1223
1717549200,38847.0,38870.0,38841.0,38854.0,1338
1717552800,38855.0,38874.0,38853.0,38865.0,1031
1717556400,38865.0,38875.0,38857.0,38866.0,699
1717560000,38867.0,38877.0,38866.0,38870.0,639
1717563600,38870.0,38884.0,38862.0,38882.0,911
1717567200,38881.0,38889.0,38848.0,38849.0,1684
1717570800,38849.0,38870.0,38844.0,38846.0,1754
1717574400,38846.0,38862.0,38820.0,38833.0,1706
1717578000,38833.0,38844.0,38816.0,38836.0,1363
1717581600,38836.0,38859.0,38828.0,38839.0,1432
1717585200,38838.0,38884.0,38819.0,38871.0,2026
1717588800,38870.0,38902.0,38842.0,38896.0,3236
1717592400,38896.0,38916.0,38732.0,38737.0,18499
1717596000,38733.0,38747.0,38628.0,38725.0,25601
1717599600,38729.0,38877.0,38729.0,38866.0,14018
1717603200,38866.0,38868.0,38784.0,38818.0,10060
1717606800,38819.0,38859.0,38775.0,38855.0,8992
1717610400,38855.0,38936.0,38845.0,38912.0,8526
1717614000,38911.0,38936.0,38833.0,38888.0,18884
1717617600,38887.0,38893.0,38864.0,38878.0,3426
1717624800,38884.0,38898.0,38856.0,38894.0,0
1717628400,38894.0,38907.0,38892.0,38899.0,490
1717632000,38900.0,38900.0,38873.0,38894.0,982
1717635600,38893.0,38905.0,38883.0,38902.0,898
1717639200,38902.0,38908.0,38891.0,38893.0,699
1717642800,38892.0,38907.0,38890.0,38896.0,596
1717646400,38893.0,38894.0,38876.0,38879.0,598
1717650000,38878.0,38878.0,38864.0,38868.0,916
1717653600,38868.0,38879.0,38854.0,38866.0,1518
1717657200,38865.0,38880.0,38840.0,38853.0,1494
1717660800,38854.0,38870.0,38835.0,38848.0,2260
1717664400,38850.0,38878.0,38849.0,38876.0,1303
1717668000,38876.0,38878.0,38854.0,38864.0,834
1717671600,38865.0,38872.0,38848.0,38867.0,1494
1717675200,38867.0,38881.0,38829.0,38873.0,4257
1717678800,38873.0,39090.0,38813.0,39074.0,28747
1717682400,39075.0,39083.0,38892.0,38905.0,28020
1717686000,38904.0,38968.0,38889.0,38929.0,11267
1717689600,38928.0,38934.0,38888.0,38911.0,10978
1717693200,38911.0,38953.0,38887.0,38925.0,9800
1717696800,38925.0,38978.0,38808.0,38966.0,16188
1717700400,38967.0,38989.0,38932.0,38964.0,18403
1717704000,38963.0,38964.0,38932.0,38964.0,0
1717711200,38955.0,38976.0,38955.0,38971.0,519
1717714800,38971.0,38981.0,38968.0,38979.0,481
1717718400,38979.0,38993.0,38977.0,38983.0,872
1717722000,38983.0,39005.0,38978.0,38999.0,836
1717725600,38998.0,39015.0,38997.0,39007.0,765
1717729200,39007.0,39014.0,38992.0,38992.0,817
1717732800,38997.0,39014.0,38993.0,39014.0,460
1717736400,39015.0,39043.0,39014.0,39037.0,869
1717740000,39034.0,39034.0,39011.0,39017.0,1445
1717743600,39016.0,39027.0,38979.0,38988.0,1456
1717747200,38986.0,38987.0,38923.0,38935.0,2181
1717750800,38935.0,38954.0,38925.0,38944.0,1508
1717754400,38944.0,38965.0,38930.0,38938.0,1358
1717758000,38939.0,38978.0,38918.0,38967.0,2053
1717761600,38963.0,38996.0,38716.0,38810.0,13308
1717765200,38811.0,38943.0,38794.0,38926.0,24961
1717768800,38925.0,39174.0,38910.0,39043.0,26314
1717772400,39043.0,39051.0,38958.0,39019.0,16300
1717776000,39020.0,39046.0,38963.0,39038.0,10526
1717779600,39037.0,39080.0,38987.0,39018.0,8850
1717783200,39016.0,39021.0,38880.0,38992.0,17163
1717786800,38993.0,39010.0,38843.0,38856.0,19758
1717790400,38856.0,38877.0,38837.0,38866.0,4498
1717970400,38852.0,38896.0,38823.0,38871.0,884
1717974000,38871.0,38872.0,38851.0,38853.0,640
1717977600,38853.0,38872.0,38839.0,38853.0,950
1717981200,38852.0,38856.0,38842.0,38849.0,414
1717984800,38850.0,38852.0,38838.0,38847.0,327
1717988400,38849.0,38874.0,38846.0,38849.0,647
1717992000,38848.0,38856.0,38842.0,38851.0,545
1717995600,38851.0,38859.0,38841.0,38848.0,724
1717999200,38846.0,38846.0,38755.0,38762.0,2023
1718002800,38759.0,38806.0,38731.0,38799.0,3460
1718006400,38795.0,38813.0,38739.0,38747.0,2537
1718010000,38748.0,38755.0,38721.0,38737.0,1860
1718013600,38738.0,38791.0,38725.0,38773.0,1656
1718017200,38774.0,38820.0,38770.0,38807.0,1614
1718020800,38806.0,38842.0,38784.0,38790.0,2343
1718024400,38788.0,38891.0,38719.0,38889.0,22869
1718028000,38890.0,38915.0,38749.0,38751.0,13509
1718031600,38752.0,38856.0,38750.0,38846.0,10914
1718035200,38848.0,38852.0,38806.0,38822.0,5320
1718038800,38822.0,38931.0,38787.0,38897.0,9183
1718042400,38897.0,38925.0,38877.0,38911.0,8899
1718046000,38911.0,38944.0,38866.0,38934.0,12704
1718049600,38933.0,38941.0,38894.0,38903.0,2794
1718056800,38898.0,38916.0,38897.0,38899.0,0
1718060400,38899.0,38902.0,38868.0,38877.0,503
1718064000,38875.0,38879.0,38855.0,38857.0,615
1718067600,38857.0,38877.0,38854.0,38877.0,642
1718071200,38875.0,38876.0,38854.0,38858.0,489
1718074800,38858.0,38873.0,38857.0,38872.0,711
1718078400,38876.0,38885.0,38861.0,38873.0,981
1718082000,38873.0,38889.0,38868.0,38889.0,510
1718085600,38890.0,38932.0,38890.0,38903.0,1339
1718089200,38903.0,38915.0,38872.0,38872.0,1383
1718092800,38872.0,38881.0,38832.0,38836.0,2444
1718096400,38836.0,38852.0,38783.0,38784.0,2387
1718100000,38783.0,38805.0,38757.0,38795.0,2785
1718103600,38794.0,38795.0,38744.0,38779.0,3247
1718107200,38781.0,38810.0,38765.0,38778.0,3341
1718110800,38778.0,38806.0,38481.0,38580.0,27867
1718114400,38580.0,38735.0,38526.0,38725.0,20572
1718118000,38723.0,38746.0,38670.0,38691.0,13251
1718121600,38693.0,38694.0,38602.0,38647.0,8792
1718125200,38644.0,38720.0,38611.0,38708.0,9910
1718128800,38708.0,38812.0,38698.0,38779.0,11570
1718132400,38781.0,38814.0,38718.0,38795.0,13933
1718136000,38795.0,38799.0,38763.0,38773.0,3024
1718143200,38773.0,38785.0,38752.0,38784.0,0
1718146800,38783.0,38795.0,38774.0,38774.0,443
1718150400,38774.0,38793.0,38760.0,38770.0,577
1718154000,38770.0,38789.0,38765.0,38780.0,528
1718157600,38780.0,38789.0,38777.0,38789.0,300
1718161200,38788.0,38799.0,38786.0,38794.0,295
1718164800,38794.0,38803.0,38793.0,38803.0,443
1718168400,38802.0,38832.0,38801.0,38830.0,899
1718172000,38829.0,38856.0,38807.0,38813.0,1669
1718175600,38812.0,38837.0,38804.0,38829.0,1784
1718179200,38828.0,38843.0,38812.0,38830.0,2087
1718182800,38829.0,38840.0,38810.0,38827.0,1537
1718186400,38828.0,38840.0,38815.0,38833.0,1190
1718190000,38836.0,38844.0,38821.0,38833.0,1530
1718193600,38834.0,39165.0,38802.0,39141.0,15324
1718197200,39140.0,39193.0,39047.0,39076.0,30632
1718200800,39077.0,39079.0,38975.0,38986.0,22511
1718204400,38987.0,38991.0,38866.0,38896.0,16465
1718208000,38895.0,38904.0,38808.0,38839.0,11021
1718211600,38840.0,38878.0,38799.0,38828.0,10522
1718215200,38832.0,38849.0,38700.0,38793.0,31868
1718218800,38792.0,38907.0,38659.0,38748.0,32637
1718222400,38748.0,38764.0,38704.0,38748.0,5153
1718229600,38735.0,38744.0,38716.0,38727.0,0
1718233200,38727.0,38737.0,38715.0,38732.0,528
1718236800,38731.0,38737.0,38719.0,38727.0,656
1718240400,38727.0,38742.0,38720.0,38723.0,697
1718244000,38724.0,38732.0,38715.0,38721.0,573
1718247600,38723.0,38735.0,38722.0,38733.0,564
1718251200,38733.0,38736.0,38726.0,38730.0,247
1718254800,38731.0,38731.0,38699.0,38703.0,590
1718258400,38703.0,38730.0,38696.0,38727.0,1366
1718262000,38727.0,38732.0,38682.0,38682.0,3084
1718265600,38681.0,38692.0,38621.0,38639.0,3082
1718269200,38641.0,38666.0,38622.0,38631.0,2155
1718272800,38631.0,38642.0,38587.0,38628.0,2104
1718276400,38628.0,38648.0,38616.0,38633.0,1762
1718280000,38634.0,38770.0,38620.0,38694.0,7462
1718283600,38693.0,38694.0,38493.0,38507.0,26816
1718287200,38508.0,38554.0,38437.0,38495.0,24595
1718290800,38496.0,38549.0,38449.0,38489.0,12285
1718294400,38488.0,38558.0,38446.0,38540.0,12744
1718298000,38538.0,38644.0,38530.0,38628.0,11434
1718301600,38629.0,38692.0,38604.0,38689.0,10459
1718305200,38685.0,38750.0,38653.0,38668.0,15382
1718308800,38668.0,38692.0,38642.0,38650.0,4279
1718316000,38646.0,38656.0,38619.0,38648.0,0
1718319600,38649.0,38655.0,38641.0,38648.0,419
1718323200,38647.0,38658.0,38639.0,38642.0,649
1718326800,38643.0,38658.0,38639.0,38654.0,535
1718330400,38653.0,38663.0,38644.0,38661.0,658
1718334000,38661.0,38669.0,38658.0,38667.0,680
1718337600,38668.0,38671.0,38655.0,38661.0,636
1718341200,38661.0,38674.0,38660.0,38672.0,632
1718344800,38671.0,38674.0,38609.0,38623.0,1604
1718348400,38622.0,38631.0,38547.0,38555.0,3488
1718352000,38555.0,38561.0,38474.0,38475.0,4105
1718355600,38475.0,38493.0,38391.0,38395.0,4653
1718359200,38396.0,38396.0,38312.0,38351.0,6907
1718362800,38349.0,38443.0,38306.0,38386.0,6286
1718366400,38385.0,38432.0,38373.0,38402.0,5556
1718370000,38404.0,38552.0,38385.0,38460.0,19581
1718373600,38453.0,38467.0,38323.0,38459.0,23668
1718377200,38459.0,38578.0,38441.0,38572.0,15354
1718380800,38572.0,38613.0,38523.0,38596.0,9247
1718384400,38596.0,38620.0,38512.0,38524.0,7226
1718388000,38523.0,38598.0,38480.0,38577.0,8156
1718391600,38576.0,38614.0,38548.0,38608.0,15994
1718395200,38608.0,38608.0,38565.0,38582.0,4367
1718575200,38587.0,38607.0,38578.0,38606.0,296
1718578800,38608.0,38609.0,38585.0,38590.0,129
1718582400,38593.0,38599.0,38583.0,38585.0,334
1718586000,38583.0,38583.0,38550.0,38568.0,389
1718589600,38567.0,38582.0,38562.0,38564.0,257
1718593200,38565.0,38588.0,38565.0,38581.0,263
1718596800,38585.0,38593.0,38571.0,38571.0,184
1718600400,38575.0,38607.0,38571.0,38605.0,398
1718604000,38607.0,38633.0,38574.0,38599.0,1409
1718607600,38600.0,38639.0,38596.0,38607.0,1317
1718611200,38607.0,38619.0,38527.0,38540.0,1833
1718614800,38538.0,38560.0,38533.0,38541.0,565
1718618400,38541.0,38543.0,38478.0,38536.0,1480
1718622000,38538.0,38565.0,38531.0,38539.0,935
1718625600,38536.0,38560.0,38494.0,38520.0,3332
1718629200,38519.0,38583.0,38448.0,38500.0,14501
1718632800,38499.0,38593.0,38486.0,38591.0,10055
1718636400,38594.0,38691.0,38594.0,38623.0,10051
1718640000,38622.0,38751.0,38621.0,38712.0,11297
1718643600,38712.0,38797.0,38698.0,38784.0,8118
1718647200,38785.0,38874.0,38785.0,38814.0,8902
1718650800,38813.0,38884.0,38800.0,38824.0,12808
1718654400,38823.0,38851.0,38803.0,38841.0,2709
1718661600,38868.0,38882.0,38847.0,38870.0,0
1718665200,38875.0,38883.0,38849.0,38876.0,486
1718668800,38875.0,38887.0,38859.0,38860.0,224
1718672400,38858.0,38860.0,38828.0,38833.0,300
1718676000,38832.0,38849.0,38832.0,38849.0,70
1718679600,38847.0,38860.0,38845.0,38849.0,99
1718683200,38848.0,38855.0,38838.0,38838.0,105
1718686800,38840.0,38857.0,38839.0,38857.0,90
1718690400,38858.0,38872.0,38839.0,38839.0,534
1718694000,38839.0,38856.0,38794.0,38794.0,519
1718697600,38793.0,38812.0,38760.0,38793.0,782
1718701200,38794.0,38830.0,38794.0,38806.0,682
1718704800,38805.0,38817.0,38786.0,38792.0,411
1718708400,38792.0,38793.0,38777.0,38784.0,406
1718712000,38789.0,38924.0,38787.0,38801.0,1035
1718715600,38792.0,38970.0,38774.0,38860.0,9149
1718719200,38857.0,38898.0,38755.0,38771.0,8154
1718722800,38771.0,38826.0,38749.0,38816.0,5286
1718726400,38818.0,38864.0,38790.0,38810.0,5373
1718730000,38809.0,38861.0,38772.0,38845.0,3839
1718733600,38845.0,38846.0,38787.0,38823.0,3273
1718737200,38822.0,38875.0,38770.0,38866.0,5840
1718740800,38866.0,38867.0,38836.0,38862.0,2057
1718748000,38853.0,38874.0,38839.0,38868.0,0
1718751600,38867.0,38871.0,38858.0,38859.0,102
1718755200,38858.0,38862.0,38834.0,38836.0,148
1718758800,38836.0,38840.0,38828.0,38834.0,98
1718762400,38835.0,38840.0,38832.0,38834.0,99
1718766000,38835.0,38838.0,38824.0,38824.0,24
1718856000,38815.0,38828.0,38815.0,38828.0,46
1718859600,38824.0,38862.0,38824.0,38852.0,135
1718863200,38857.0,38860.0,38835.0,38835.0,144
1718866800,38834.0,38909.0,38834.0,38862.0,197
1718870400,38859.0,38876.0,38846.0,38871.0,258
1718874000,38879.0,38895.0,38872.0,38886.0,198
1718877600,38893.0,38907.0,38887.0,38890.0,157
1718881200,38887.0,38909.0,38869.0,38883.0,170
1718884800,38878.0,38884.0,38816.0,38821.0,1037
1718888400,38814.0,38999.0,38779.0,38936.0,4433
1718892000,38939.0,39033.0,38902.0,38919.0,4538
1718895600,38920.0,38959.0,38903.0,38928.0,1771
1718899200,38925.0,39044.0,38925.0,39031.0,4319
1718902800,39026.0,39156.0,39000.0,39140.0,3145
1718906400,39138.0,39257.0,39138.0,39229.0,5347
1718910000,39231.0,39233.0,39095.0,39148.0,2778
1718913600,39148.0,39156.0,39112.0,39136.0,895
1718920800,39160.0,39165.0,39147.0,39147.0,0
1718924400,39148.0,39153.0,39141.0,39152.0,17
1718928000,39158.0,39160.0,39120.0,39122.0,27
1718931600,39122.0,39122.0,39117.0,39117.0,9
1718935200,39123.0,39144.0,39123.0,39144.0,8
1718938800,39150.0,39157.0,39148.0,39148.0,7
1718942400,39151.0,39153.0,39150.0,39153.0,18
1718946000,39163.0,39168.0,39161.0,39161.0,37
1718949600,39162.0,39168.0,39139.0,39139.0,65
1718953200,39132.0,39132.0,39084.0,39094.0,86
1718956800,39091.0,39128.0,39091.0,39108.0,212
1718960400,39102.0,39121.0,39090.0,39121.0,84
1718964000,39104.0,39125.0,39090.0,39125.0,59
1718967600,39123.0,39154.0,39123.0,39140.0,70
1718971200,39132.0,39134.0,39051.0,39121.0,80
1718974800,39138.0,39185.0,39122.0,39171.0,112
1719180000,39589.0,39607.0,39579.0,39581.0,773
1719183600,39581.0,39585.0,39573.0,39575.0,653
1719187200,39575.0,39578.0,39562.0,39566.0,681
1719190800,39564.0,39567.0,39463.0,39499.0,2086
1719194400,39499.0,39506.0,39483.0,39490.0,482
1719198000,39490.0,39509.0,39489.0,39499.0,424
1719201600,39498.0,39511.0,39490.0,39506.0,513
1719205200,39506.0,39538.0,39505.0,39534.0,937
1719208800,39535.0,39566.0,39532.0,39554.0,1317
1719212400,39553.0,39615.0,39548.0,39614.0,2129
1719216000,39612.0,39667.0,39604.0,39653.0,2411
1719219600,39650.0,39699.0,39650.0,39692.0,2514
1719223200,39692.0,39719.0,39674.0,39714.0,2570
1719226800,39711.0,39716.0,39669.0,39688.0,2562
1719230400,39690.0,39694.0,39647.0,39659.0,4107
1719234000,39660.0,39864.0,39623.0,39856.0,17806
1719237600,39854.0,39999.0,39826.0,39977.0,27277
1719241200,39977.0,39989.0,39909.0,39925.0,12350
1719244800,39922.0,39946.0,39867.0,39885.0,8215
1719248400,39886.0,39902.0,39797.0,39807.0,12131
1719252000,39808.0,39867.0,39781.0,39853.0,9629
1719255600,39851.0,39905.0,39828.0,39831.0,13676
1719259200,39829.0,39858.0,39802.0,39858.0,3994
1719266400,39849.0,39871.0,39846.0,39864.0,0
1719270000,39863.0,39882.0,39861.0,39879.0,519
1719273600,39879.0,39881.0,39861.0,39865.0,625
1719277200,39864.0,39881.0,39855.0,39874.0,1320
1719280800,39876.0,39884.0,39873.0,39877.0,573
1719284400,39878.0,39918.0,39877.0,39914.0,1392
1719288000,39915.0,39919.0,39903.0,39913.0,649
1719291600,39915.0,39928.0,39911.0,39911.0,798
1719295200,39911.0,39911.0,39877.0,39898.0,1601
1719298800,39899.0,39910.0,39855.0,39864.0,2200
1719302400,39866.0,39876.0,39783.0,39809.0,3697
1719306000,39807.0,39832.0,39784.0,39801.0,3036
1719309600,39799.0,39820.0,39791.0,39817.0,2241
1719313200,39818.0,39839.0,39774.0,39803.0,3328
1719316800,39804.0,39818.0,39748.0,39771.0,5146
1719320400,39772.0,39842.0,39664.0,39675.0,20603
1719324000,39668.0,39741.0,39631.0,39642.0,17284
1719327600,39643.0,39643.0,39508.0,39513.0,16681
1719331200,39515.0,39517.0,39393.0,39454.0,15071
1719334800,39454.0,39522.0,39441.0,39499.0,9607
1719338400,39500.0,39564.0,39485.0,39540.0,9330
1719342000,39540.0,39569.0,39487.0,39518.0,14389
1719345600,39517.0,39520.0,39477.0,39493.0,3558
1719352800,39484.0,39488.0,39462.0,39484.0,0
1719356400,39486.0,39488.0,39474.0,39479.0,500
1719360000,39478.0,39500.0,39469.0,39497.0,708
1719363600,39497.0,39515.0,39494.0,39511.0,833
1719367200,39512.0,39517.0,39504.0,39515.0,510
1719370800,39516.0,39520.0,39508.0,39510.0,525
1719374400,39511.0,39524.0,39505.0,39518.0,628
1719378000,39519.0,39533.0,39518.0,39530.0,911
1719381600,39530.0,39539.0,39510.0,39511.0,2069
1719385200,39510.0,39555.0,39510.0,39555.0,2837
1719388800,39555.0,39558.0,39519.0,39523.0,2151
1719392400,39522.0,39538.0,39500.0,39504.0,1626
1719396000,39498.0,39510.0,39467.0,39480.0,1942
1719399600,39480.0,39480.0,39424.0,39443.0,2557
1719403200,39444.0,39455.0,39401.0,39414.0,3612
1719406800,39416.0,39444.0,39307.0,39359.0,17779
1719410400,39360.0,39447.0,39330.0,39446.0,12916
1719414000,39447.0,39544.0,39398.0,39542.0,12821
1719417600,39541.0,39571.0,39525.0,39556.0,8745
1719421200,39554.0,39575.0,39506.0,39557.0,6427
1719424800,39556.0,39586.0,39534.0,39562.0,6527
1719428400,39563.0,39585.0,39512.0,39531.0,11894
1719432000,39531.0,39573.0,39481.0,39486.0,7268
1719439200,39500.0,39500.0,39462.0,39474.0,0
1719442800,39475.0,39475.0,39434.0,39444.0,874
1719446400,39444.0,39445.0,39389.0,39407.0,1141
1719450000,39407.0,39433.0,39405.0,39431.0,898
1719453600,39432.0,39441.0,39422.0,39425.0,845
1719457200,39425.0,39430.0,39416.0,39416.0,414
1719460800,39419.0,39447.0,39414.0,39447.0,404
1719464400,39447.0,39471.0,39443.0,39465.0,926
1719468000,39465.0,39495.0,39465.0,39468.0,1877
1719471600,39469.0,39493.0,39469.0,39481.0,1629
1719475200,39481.0,39485.0,39432.0,39444.0,1801
1719478800,39443.0,39474.0,39441.0,39465.0,1205
1719482400,39465.0,39486.0,39463.0,39482.0,1071
1719486000,39483.0,39486.0,39454.0,39461.0,2068
1719489600,39462.0,39486.0,39443.0,39461.0,3414
1719493200,39459.0,39575.0,39416.0,39527.0,19471
1719496800,39529.0,39651.0,39515.0,39612.0,15619
1719500400,39611.0,39616.0,39554.0,39594.0,10618
1719504000,39591.0,39641.0,39569.0,39581.0,6445
1719507600,39579.0,39645.0,39571.0,39572.0,5170
1719511200,39572.0,39573.0,39411.0,39462.0,12937
1719514800,39463.0,39560.0,39461.0,39556.0,11351
1719518400,39554.0,39600.0,39521.0,39525.0,5602
1719525600,39502.0,39516.0,39486.0,39508.0,0
1719529200,39509.0,39523.0,39508.0,39521.0,435
1719532800,39523.0,39531.0,39502.0,39503.0,564
1719536400,39502.0,39549.0,39499.0,39545.0,1367
1719540000,39544.0,39567.0,39544.0,39554.0,910
1719543600,39555.0,39559.0,39544.0,39550.0,428
1719547200,39549.0,39551.0,39537.0,39542.0,622
1719550800,39542.0,39546.0,39531.0,39536.0,485
1719554400,39535.0,39584.0,39535.0,39581.0,1362
1719558000,39580.0,39595.0,39548.0,39554.0,1588
1719561600,39554.0,39583.0,39530.0,39574.0,2245
1719565200,39573.0,39599.0,39570.0,39581.0,1576
1719568800,39581.0,39591.0,39569.0,39588.0,976
1719572400,39586.0,39593.0,39556.0,39570.0,1950
1719576000,39571.0,39603.0,39539.0,39555.0,5252
1719579600,39559.0,39789.0,39467.0,39606.0,28529
1719583200,39605.0,39817.0,39605.0,39715.0,28090
1719586800,39713.0,39714.0,39571.0,39594.0,18162
1719590400,39593.0,39596.0,39497.0,39539.0,11246
1719594000,39538.0,39574.0,39444.0,39454.0,8194
1719597600,39452.0,39488.0,39371.0,39375.0,9809
1719601200,39375.0,39490.0,39285.0,39484.0,26487
1719604800,39486.0,39539.0,39471.0,39524.0,6577
1719784800,39560.0,39560.0,39486.0,39522.0,962
1719788400,39521.0,39521.0,39490.0,39492.0,1065
1719792000,39493.0,39533.0,39481.0,39528.0,1251
1719795600,39526.0,39532.0,39516.0,39525.0,650
1719799200,39525.0,39530.0,39521.0,39521.0,500
1719802800,39522.0,39531.0,39517.0,39518.0,501
1719806400,39518.0,39518.0,39506.0,39506.0,399
1719810000,39507.0,39546.0,39507.0,39544.0,922
1719813600,39543.0,39565.0,39542.0,39561.0,1746
1719817200,39559.0,39584.0,39484.0,39495.0,3779
1719820800,39496.0,39550.0,39492.0,39536.0,3359
1719824400,39536.0,39548.0,39512.0,39540.0,1784
1719828000,39540.0,39553.0,39521.0,39541.0,1082
1719831600,39541.0,39578.0,39532.0,39576.0,1561
1719835200,39577.0,39586.0,39504.0,39516.0,3608
1719838800,39518.0,39805.0,39506.0,39718.0,31587
1719842400,39722.0,39775.0,39386.0,39450.0,36253
1719846000,39450.0,39520.0,39412.0,39515.0,14259
1719849600,39514.0,39567.0,39463.0,39538.0,10475
1719853200,39539.0,39555.0,39514.0,39523.0,5488
1719856800,39520.0,39549.0,39472.0,39478.0,7122
1719860400,39477.0,39544.0,39414.0,39511.0,15199
1719864000,39511.0,39516.0,39486.0,39493.0,2714
1719871200,39498.0,39509.0,39482.0,39488.0,0
1719874800,39487.0,39488.0,39468.0,39479.0,644
1719878400,39479.0,39487.0,39453.0,39470.0,1205
1719882000,39471.0,39479.0,39458.0,39466.0,1102
1719885600,39467.0,39475.0,39442.0,39453.0,738
1719889200,39454.0,39457.0,39442.0,39447.0,673
1719892800,39447.0,39463.0,39446.0,39460.0,596
1719896400,39460.0,39478.0,39452.0,39471.0,835
1719900000,39473.0,39479.0,39432.0,39443.0,1623
1719903600,39444.0,39444.0,39344.0,39386.0,3256
1719907200,39388.0,39414.0,39375.0,39407.0,2185
1719910800,39410.0,39418.0,39373.0,39392.0,1535
1719914400,39392.0,39399.0,39382.0,39388.0,1159
1719918000,39388.0,39389.0,39338.0,39375.0,2845
1719921600,39377.0,39420.0,39365.0,39418.0,3425
1719925200,39417.0,39561.0,39385.0,39483.0,24259
1719928800,39486.0,39525.0,39444.0,39502.0,17265
1719932400,39504.0,39543.0,39481.0,39487.0,10796
1719936000,39487.0,39492.0,39430.0,39441.0,7328
1719939600,39442.0,39590.0,39432.0,39563.0,8243
1719943200,39564.0,39639.0,39564.0,39615.0,7641
1719946800,39613.0,39694.0,39600.0,39690.0,10562
1719950400,39689.0,39690.0,39641.0,39654.0,3114
1719957600,39662.0,39677.0,39650.0,39672.0,0
1719961200,39672.0,39676.0,39640.0,39649.0,736
1719964800,39649.0,39679.0,39648.0,39666.0,648
1719968400,39666.0,39667.0,39644.0,39651.0,701
1719972000,39651.0,39662.0,39648.0,39654.0,465
1719975600,39654.0,39663.0,39637.0,39641.0,652
1719979200,39642.0,39660.0,39640.0,39653.0,437
1719982800,39654.0,39655.0,39639.0,39645.0,769
1719986400,39646.0,39686.0,39645.0,39681.0,1500
1719990000,39682.0,39722.0,39667.0,39707.0,1762
1719993600,39706.0,39735.0,39695.0,39727.0,2340
1719997200,39728.0,39743.0,39723.0,39738.0,1199
1720000800,39737.0,39755.0,39731.0,39740.0,1153
1720004400,39740.0,39745.0,39710.0,39718.0,1780
1720008000,39717.0,39722.0,39656.0,39671.0,3121
1720013400,39670.0,39763.0,39634.0,39696.0,18847
1720017000,39705.0,39749.0,39582.0,39604.0,18833
1720020600,39602.0,39649.0,39576.0,39585.0,11380
1720024200,39584.0,39675.0,39568.0,39639.0,12737
1720026000,39638.0,39654.0,39621.0,39636.0,1478
1720044000,39636.0,39636.0,39636.0,39636.0,0
1720047600,39636.0,39636.0,39636.0,39636.0,0
1720152000,39675.0,39686.0,39672.0,39682.0,15185
1720155600,39682.0,39702.0,39675.0,39699.0,458
1720159200,39696.0,39705.0,39689.0,39699.0,1214
1720162800,39698.0,39704.0,39667.0,39686.0,1765
1720166400,39685.0,39695.0,39637.0,39655.0,2465
1720170000,39657.0,39668.0,39645.0,39659.0,1229
1720173600,39659.0,39662.0,39626.0,39631.0,1283
1720177200,39629.0,39644.0,39608.0,39612.0,1849
1720180800,39614.0,39718.0,39571.0,39658.0,5998
1720184400,39658.0,39674.0,39541.0,39614.0,21211
1720188000,39614.0,39620.0,39489.0,39614.0,19184
1720191600,39615.0,39682.0,39594.0,39654.0,9973
1720195200,39655.0,39657.0,39546.0,39587.0,7168
1720198800,39587.0,39674.0,39569.0,39652.0,6358
1720202400,39654.0,39717.0,39629.0,39700.0,6783
1720206000,39699.0,39730.0,39667.0,39697.0,10143
1720209600,39697.0,39698.0,39659.0,39659.0,2690
1720389600,39670.0,39672.0,39631.0,39644.0,741
1720393200,39644.0,39652.0,39633.0,39634.0,415
1720396800,39633.0,39646.0,39620.0,39622.0,954
1720400400,39622.0,39643.0,39612.0,39636.0,711
1720404000,39635.0,39642.0,39628.0,39633.0,521
1720407600,39633.0,39642.0,39632.0,39637.0,253
1720411200,39635.0,39635.0,39621.0,39622.0,355
1720414800,39621.0,39622.0,39606.0,39609.0,695
1720418400,39608.0,39634.0,39597.0,39631.0,1630
1720422000,39632.0,39683.0,39612.0,39682.0,2072
1720425600,39682.0,39727.0,39680.0,39705.0,2466
1720429200,39704.0,39712.0,39681.0,39709.0,1159
1720432800,39707.0,39707.0,39678.0,39689.0,939
1720436400,39688.0,39724.0,39687.0,39723.0,1773
1720440000,39724.0,39786.0,39719.0,39781.0,3293
1720443600,39782.0,40006.0,39761.0,39927.0,32735
1720447200,39929.0,39975.0,39843.0,39879.0,16422
1720450800,39877.0,39885.0,39636.0,39643.0,17529
1720454400,39642.0,39681.0,39611.0,39649.0,10756
1720458000,39649.0,39671.0,39595.0,39660.0,7721
1720461600,39661.0,39668.0,39605.0,39656.0,6647
1720465200,39655.0,39671.0,39625.0,39660.0,10021
1720468800,39660.0,39681.0,39652.0,39674.0,3088
1720476000,39670.0,39684.0,39660.0,39676.0,0
1720479600,39676.0,39712.0,39676.0,39711.0,912
1720483200,39711.0,39718.0,39696.0,39696.0,693
1720486800,39695.0,39714.0,39693.0,39696.0,697
1720490400,39696.0,39706.0,39689.0,39701.0,437
1720494000,39701.0,39726.0,39699.0,39724.0,614
1720497600,39724.0,39729.0,39719.0,39727.0,405
1720501200,39728.0,39730.0,39715.0,39720.0,752
1720504800,39720.0,39723.0,39679.0,39692.0,1301
1720508400,39693.0,39702.0,39652.0,39700.0,2318
1720512000,39700.0,39713.0,39688.0,39710.0,1291
1720515600,39711.0,39718.0,39688.0,39688.0,972
1720519200,39689.0,39710.0,39689.0,39691.0,1703
1720522800,39691.0,39694.0,39666.0,39684.0,1857
1720526400,39685.0,39697.0,39642.0,39659.0,3387
1720530000,39660.0,39677.0,39500.0,39511.0,21171
1720533600,39510.0,39585.0,39450.0,39568.0,19403
1720537200,39569.0,39619.0,39529.0,39619.0,11388
1720540800,39620.0,39771.0,39607.0,39766.0,13421
1720544400,39768.0,39817.0,39680.0,39683.0,13629
1720548000,39682.0,39682.0,39585.0,39595.0,11127
1720551600,39594.0,39631.0,39555.0,39600.0,11802
1720555200,39601.0,39618.0,39584.0,39600.0,5451
1720562400,39600.0,39600.0,39576.0,39584.0,0
1720566000,39584.0,39594.0,39584.0,39588.0,384
1720569600,39588.0,39601.0,39588.0,39598.0,563
1720573200,39599.0,39602.0,39572.0,39572.0,594
1720576800,39572.0,39588.0,39572.0,39588.0,430
1720580400,39588.0,39592.0,39581.0,39582.0,418
1720584000,39582.0,39589.0,39575.0,39588.0,418
1720587600,39587.0,39590.0,39559.0,39559.0,759
1720591200,39558.0,39592.0,39558.0,39582.0,1197
1720594800,39583.0,39590.0,39560.0,39582.0,1765
1720598400,39582.0,39600.0,39572.0,39600.0,1960
1720602000,39601.0,39622.0,39594.0,39615.0,1676
1720605600,39615.0,39622.0,39583.0,39587.0,1847
1720609200,39587.0,39624.0,39587.0,39620.0,1639
1720612800,39620.0,39642.0,39610.0,39612.0,2427
1720616400,39612.0,39668.0,39567.0,39592.0,18799
1720620000,39611.0,39632.0,39566.0,39627.0,13333
1720623600,39628.0,39720.0,39623.0,39713.0,13451
1720627200,39716.0,39814.0,39711.0,39802.0,12308
1720630800,39803.0,39851.0,39791.0,39836.0,9558
1720634400,39836.0,39870.0,39801.0,39862.0,8257
1720638000,39862.0,40067.0,39852.0,40039.0,22132
1720641600,40038.0,40049.0,40010.0,40011.0,5265
1720648800,40013.0,40034.0,40000.0,40026.0,0
1720652400,40025.0,40027.0,40014.0,40021.0,651
1720656000,40021.0,40021.0,39992.0,39998.0,1302
1720659600,39999.0,40022.0,39998.0,40017.0,913
1720663200,40017.0,40029.0,40014.0,40024.0,633
1720666800,40023.0,40040.0,40017.0,40035.0,685
1720670400,40039.0,40041.0,40031.0,40036.0,601
1720674000,40038.0,40050.0,40037.0,40039.0,846
1720677600,40039.0,40044.0,40029.0,40040.0,1643
1720681200,40041.0,40045.0,39996.0,40013.0,2401
1720684800,40011.0,40031.0,40005.0,40011.0,1946
1720688400,40011.0,40015.0,39995.0,40008.0,1038
1720692000,40008.0,40013.0,39973.0,39987.0,2059
1720695600,39988.0,39996.0,39967.0,39978.0,1842
1720699200,39972.0,40164.0,39962.0,40002.0,13521
1720702800,40003.0,40129.0,39937.0,40067.0,26751
1720706400,40068.0,40200.0,40044.0,40123.0,28088
1720710000,40123.0,40186.0,40081.0,40120.0,19259
1720713600,40121.0,40124.0,40030.0,40057.0,14339
1720717200,40057.0,40100.0,40014.0,40092.0,9058
1720720800,40093.0,40134.0,40062.0,40080.0,9169
1720724400,40081.0,40107.0,40042.0,40071.0,14134
1720728000,40070.0,40109.0,40058.0,40108.0,4637
1720735200,40121.0,40125.0,40083.0,40121.0,0
1720738800,40120.0,40145.0,40101.0,40115.0,842
1720742400,40114.0,40147.0,40106.0,40114.0,913
1720746000,40113.0,40122.0,40103.0,40108.0,615
1720749600,40108.0,40115.0,40091.0,40108.0,699
1720753200,40108.0,40118.0,40101.0,40111.0,452
1720756800,40110.0,40122.0,40108.0,40115.0,603
1720760400,40115.0,40132.0,40103.0,40130.0,724
1720764000,40131.0,40145.0,40120.0,40131.0,1392
1720767600,40132.0,40144.0,40114.0,40128.0,1292
1720771200,40128.0,40150.0,40122.0,40137.0,2180
1720774800,40135.0,40138.0,40104.0,40121.0,1198
1720778400,40121.0,40205.0,40097.0,40113.0,5045
1720782000,40113.0,40140.0,40095.0,40106.0,2322
1720785600,40104.0,40169.0,40024.0,40162.0,7626
1720789200,40167.0,40230.0,40119.0,40158.0,21526
1720792800,40157.0,40308.0,40105.0,40306.0,22138
1720796400,40309.0,40412.0,40298.0,40370.0,15663
1720800000,40370.0,40420.0,40338.0,40417.0,9195
1720803600,40417.0,40572.0,40404.0,40511.0,15449
1720807200,40511.0,40539.0,40471.0,40504.0,8350
1720810800,40504.0,40527.0,40279.0,40328.0,24776
1720814400,40328.0,40367.0,40314.0,40324.0,4849
1720994400,40390.0,40418.0,40338.0,40360.0,1826
1720998000,40361.0,40366.0,40338.0,40363.0,653
1721001600,40362.0,40380.0,40339.0,40368.0,759
1721005200,40369.0,40374.0,40361.0,40372.0,737
1721008800,40370.0,40378.0,40361.0,40370.0,696
1721012400,40370.0,40380.0,40366.0,40369.0,389
1721016000,40370.0,40386.0,40365.0,40382.0,540
1721019600,40381.0,40404.0,40375.0,40398.0,1404
1721023200,40397.0,40423.0,40389.0,40419.0,1579
1721026800,40418.0,40444.0,40389.0,40444.0,2077
1721030400,40443.0,40490.0,40423.0,40489.0,2626
1721034000,40489.0,40523.0,40485.0,40492.0,2174
1721037600,40495.0,40537.0,40489.0,40536.0,1676
1721041200,40534.0,40582.0,40485.0,40506.0,6058
1721044800,40505.0,40534.0,40492.0,40521.0,3340
1721048400,40521.0,40607.0,40436.0,40448.0,27523
1721052000,40450.0,40560.0,40433.0,40553.0,17347
1721055600,40553.0,40654.0,40546.0,40646.0,17540
1721059200,40643.0,40643.0,40491.0,40528.0,15464
1721062800,40528.0,40551.0,40429.0,40469.0,13332
1721066400,40472.0,40594.0,40456.0,40593.0,10102
1721070000,40592.0,40636.0,40436.0,40525.0,17804
1721073600,40524.0,40550.0,40514.0,40544.0,3664
1721080800,40548.0,40584.0,40547.0,40570.0,0
1721084400,40570.0,40582.0,40569.0,40577.0,354
1721088000,40578.0,40582.0,40562.0,40570.0,515
1721091600,40571.0,40574.0,40558.0,40566.0,525
1721095200,40569.0,40576.0,40562.0,40575.0,379
1721098800,40575.0,40585.0,40569.0,40571.0,379
1721102400,40570.0,40583.0,40556.0,40573.0,1113
1721106000,40573.0,40581.0,40565.0,40573.0,543
1721109600,40573.0,40573.0,40526.0,40530.0,1170
1721113200,40531.0,40538.0,40487.0,40490.0,1739
1721116800,40490.0,40540.0,40458.0,40531.0,2510
1721120400,40531.0,40563.0,40512.0,40539.0,4988
1721124000,40540.0,40626.0,40483.0,40487.0,7614
1721127600,40488.0,40547.0,40472.0,40545.0,2179
1721131200,40543.0,40667.0,40527.0,40655.0,5660
1721134800,40656.0,40949.0,40644.0,40942.0,29633
1721138400,40942.0,41107.0,40942.0,41095.0,28491
1721142000,41098.0,41156.0,41005.0,41028.0,20576
1721145600,41028.0,41153.0,41028.0,41149.0,11513
1721149200,41148.0,41162.0,41063.0,41154.0,10539
1721152800,41154.0,41258.0,41143.0,41252.0,13034
1721156400,41251.0,41298.0,41216.0,41259.0,16213
1721160000,41260.0,41264.0,41229.0,41261.0,4648
1721167200,41248.0,41293.0,41248.0,41280.0,0
1721170800,41281.0,41282.0,41256.0,41266.0,852
1721174400,41266.0,41275.0,41251.0,41266.0,814
1721178000,41266.0,41287.0,41263.0,41282.0,873
1721181600,41283.0,41304.0,41282.0,41288.0,771
1721185200,41290.0,41296.0,41270.0,41286.0,934
1721188800,41289.0,41291.0,41274.0,41282.0,533
1721192400,41281.0,41286.0,41252.0,41254.0,1105
1721196000,41256.0,41257.0,41150.0,41183.0,3894
1721199600,41182.0,41200.0,41127.0,41157.0,3743
1721203200,41157.0,41199.0,41143.0,41182.0,5996
1721206800,41181.0,41196.0,41160.0,41186.0,1695
1721210400,41185.0,41207.0,41163.0,41171.0,2997
1721214000,41171.0,41178.0,41104.0,41168.0,5622
1721217600,41168.0,41171.0,41095.0,41112.0,5309
1721221200,41114.0,41394.0,41102.0,41368.0,31954
1721224800,41367.0,41432.0,41314.0,41327.0,28640
1721228400,41323.0,41468.0,41315.0,41468.0,15653
1721232000,41468.0,41507.0,41431.0,41491.0,15731
1721235600,41491.0,41492.0,41389.0,41460.0,11349
1721239200,41461.0,41517.0,41408.0,41466.0,10366
1721242800,41465.0,41526.0,41440.0,41487.0,18218
1721246400,41487.0,41546.0,41465.0,41546.0,5511
1721253600,41538.0,41557.0,41530.0,41552.0,0
1721257200,41552.0,41563.0,41540.0,41556.0,777
1721260800,41556.0,41598.0,41553.0,41585.0,1779
1721264400,41584.0,41611.0,41583.0,41610.0,1382
1721268000,41610.0,41611.0,41587.0,41603.0,919
1721271600,41603.0,41608.0,41580.0,41596.0,734
1721275200,41596.0,41600.0,41566.0,41577.0,702
1721278800,41576.0,41578.0,41554.0,41558.0,961
1721282400,41556.0,41572.0,41532.0,41567.0,3342
1721286000,41567.0,41570.0,41435.0,41476.0,4524
1721289600,41476.0,41500.0,41444.0,41462.0,3083
1721293200,41462.0,41481.0,41440.0,41450.0,2100
1721296800,41449.0,41460.0,41420.0,41449.0,2560
1721300400,41450.0,41467.0,41415.0,41464.0,2019
1721304000,41466.0,41466.0,41394.0,41396.0,4115
1721307600,41395.0,41598.0,41321.0,41595.0,31218
1721311200,41591.0,41672.0,41458.0,41498.0,35759
1721314800,41496.0,41532.0,41228.0,41238.0,25769
1721318400,41240.0,41263.0,41132.0,41209.0,17030
1721322000,41208.0,41243.0,41141.0,41149.0,10527
1721325600,41151.0,41153.0,40981.0,41028.0,16847
1721329200,41027.0,41060.0,40886.0,40953.0,29692
1721332800,40953.0,40989.0,40944.0,40971.0,6834
1721340000,40963.0,41000.0,40957.0,40986.0,0
1721343600,40987.0,40999.0,40982.0,40991.0,519
1721347200,40990.0,41006.0,40967.0,40991.0,1253
1721350800,40991.0,41000.0,40973.0,40985.0,935
1721354400,40985.0,40991.0,40962.0,40986.0,909
1721358000,40986.0,40995.0,40967.0,40981.0,605
1721361600,40980.0,40980.0,40966.0,40974.0,576
1721365200,40975.0,40994.0,40970.0,40993.0,489
1721368800,40992.0,40999.0,40896.0,40900.0,2340
1721372400,40900.0,40920.0,40818.0,40861.0,5525
1721376000,40864.0,40925.0,40837.0,40853.0,4338
1721379600,40853.0,40888.0,40818.0,40860.0,3776
1721383200,40857.0,40906.0,40838.0,40870.0,4431
1721386800,40869.0,40926.0,40858.0,40901.0,4670
1721390400,40901.0,40910.0,40831.0,40889.0,3359
1721394000,40890.0,40894.0,40648.0,40777.0,38030
1721397600,40773.0,40796.0,40608.0,40639.0,26670
1721401200,40641.0,40681.0,40480.0,40613.0,21716
1721404800,40610.0,40686.0,40522.0,40527.0,16744
1721408400,40527.0,40566.0,40466.0,40565.0,13579
1721412000,40564.0,40592.0,40498.0,40560.0,10613
1721415600,40560.0,40654.0,40499.0,40566.0,18906
1721419200,40566.0,40593.0,40497.0,40550.0,4063
1721599200,40602.0,40615.0,40564.0,40608.0,1114
1721602800,40608.0,40657.0,40608.0,40656.0,1061
1721606400,40656.0,40660.0,40615.0,40634.0,1018
1721610000,40635.0,40637.0,40548.0,40552.0,1205
1721613600,40552.0,40583.0,40538.0,40576.0,1029
1721617200,40576.0,40614.0,40576.0,40581.0,763
1721620800,40583.0,40597.0,40563.0,40586.0,705
1721624400,40587.0,40600.0,40577.0,40590.0,739
1721628000,40590.0,40623.0,40563.0,40589.0,1971
1721631600,40589.0,40606.0,40560.0,40597.0,1900
1721635200,40597.0,40648.0,40587.0,40621.0,2311
1721638800,40622.0,40631.0,40604.0,40617.0,1750
1721642400,40617.0,40633.0,40599.0,40633.0,1518
1721646000,40634.0,40644.0,40599.0,40617.0,2280
1721649600,40619.0,40659.0,40611.0,40618.0,2855
1721653200,40618.0,40744.0,40544.0,40550.0,26810
1721656800,40550.0,40746.0,40489.0,40720.0,22731
1721660400,40737.0,40744.0,40515.0,40552.0,17973
1721664000,40549.0,40644.0,40521.0,40640.0,10332
1721667600,40643.0,40695.0,40635.0,40676.0,9264
1721671200,40679.0,40717.0,40618.0,40691.0,8698
1721674800,40690.0,40726.0,40648.0,40673.0,13146
1721678400,40697.0,40713.0,40675.0,40685.0,5693
1721685600,40683.0,40715.0,40682.0,40699.0,0
1721689200,40699.0,40701.0,40675.0,40679.0,650
1721692800,40677.0,40683.0,40656.0,40667.0,841
1721696400,40667.0,40686.0,40657.0,40666.0,976
1721700000,40665.0,40676.0,40654.0,40669.0,573
1721703600,40672.0,40675.0,40630.0,40650.0,656
1721707200,40651.0,40670.0,40650.0,40660.0,313
1721710800,40660.0,40668.0,40637.0,40654.0,529
1721714400,40651.0,40656.0,40602.0,40645.0,1590
1721718000,40646.0,40654.0,40597.0,40608.0,1880
1721721600,40609.0,40682.0,40592.0,40671.0,1491
1721725200,40671.0,40721.0,40668.0,40706.0,1616
1721728800,40707.0,40755.0,40701.0,40737.0,1947
1721732400,40737.0,40743.0,40710.0,40721.0,1533
1721736000,40718.0,40728.0,40656.0,40682.0,2610
1721739600,40682.0,40711.0,40579.0,40641.0,19051
1721743200,40639.0,40771.0,40593.0,40632.0,20774
1721746800,40648.0,40782.0,40648.0,40774.0,12216
1721750400,40773.0,40794.0,40614.0,40646.0,10998
1721754000,40646.0,40721.0,40637.0,40711.0,7742
1721757600,40707.0,40765.0,40703.0,40741.0,6777
1721761200,40739.0,40744.0,40586.0,40618.0,12501
1721764800,40617.0,40655.0,40567.0,40601.0,6893
1721772000,40575.0,40583.0,40515.0,40550.0,0
1721775600,40552.0,40552.0,40520.0,40524.0,806
1721779200,40525.0,40561.0,40520.0,40560.0,879
1721782800,40562.0,40567.0,40548.0,40548.0,858
1721786400,40548.0,40556.0,40533.0,40543.0,582
1721790000,40543.0,40546.0,40520.0,40523.0,610
1721793600,40523.0,40525.0,40434.0,40478.0,1716
1721797200,40478.0,40513.0,40477.0,40495.0,780
1721800800,40496.0,40517.0,40444.0,40452.0,1729
1721804400,40452.0,40500.0,40418.0,40424.0,2561
1721808000,40426.0,40440.0,40371.0,40437.0,2945
1721811600,40438.0,40447.0,40389.0,40444.0,1733
1721815200,40442.0,40469.0,40426.0,40428.0,1810
1721818800,40428.0,40479.0,40414.0,40456.0,1803
1721822400,40456.0,40470.0,40402.0,40412.0,3696
1721826000,40411.0,40520.0,40277.0,40290.0,25688
1721829600,40287.0,40350.0,40195.0,40302.0,24876
1721833200,40301.0,40306.0,40196.0,40270.0,15157
1721836800,40272.0,40342.0,40246.0,40265.0,12192
1721840400,40263.0,40335.0,40254.0,40255.0,7270
1721844000,40255.0,40292.0,40150.0,40204.0,12279
1721847600,40204.0,40212.0,40053.0,40108.0,21108
1721851200,40109.0,40211.0,40096.0,40193.0,7357
1721858400,40208.0,40218.0,40185.0,40196.0,0
1721862000,40197.0,40215.0,40110.0,40195.0,725
1721865600,40192.0,40222.0,40179.0,40210.0,1001
1721869200,40208.0,40214.0,40169.0,40179.0,969
1721872800,40179.0,40201.0,40145.0,40155.0,1169
1721876400,40155.0,40208.0,40155.0,40197.0,918
1721880000,40194.0,40197.0,40178.0,40188.0,671
1721883600,40190.0,40201.0,40170.0,40170.0,800
1721887200,40173.0,40196.0,40082.0,40177.0,3428
1721890800,40177.0,40185.0,40079.0,40123.0,4740
1721894400,40124.0,40247.0,40090.0,40233.0,5315
1721898000,40233.0,40242.0,40143.0,40170.0,2673
1721901600,40170.0,40175.0,40055.0,40107.0,4191
1721905200,40108.0,40133.0,40075.0,40082.0,2860
1721908800,40082.0,40178.0,40056.0,40167.0,6776
1721912400,40166.0,40297.0,40074.0,40273.0,27048
1721916000,40273.0,40326.0,40194.0,40286.0,28901
1721919600,40285.0,40453.0,40276.0,40445.0,19226
1721923200,40440.0,40625.0,40433.0,40575.0,16231
1721926800,40579.0,40685.0,40448.0,40472.0,15836
1721930400,40475.0,40475.0,40274.0,40300.0,12735
1721934000,40298.0,40475.0,40180.0,40192.0,20089
1721937600,40191.0,40246.0,40159.0,40246.0,4679
1721944800,40245.0,40275.0,40233.0,40234.0,0
1721948400,40237.0,40274.0,40236.0,40274.0,641
1721952000,40271.0,40306.0,40266.0,40281.0,788
1721955600,40280.0,40345.0,40277.0,40329.0,742
1721959200,40329.0,40343.0,40317.0,40321.0,320
1721962800,40322.0,40338.0,40312.0,40329.0,260
1721966400,40331.0,40351.0,40324.0,40341.0,277
1721970000,40342.0,40355.0,40307.0,40310.0,555
1721973600,40309.0,40344.0,40301.0,40308.0,1208
1721977200,40311.0,40375.0,40290.0,40371.0,1872
1721980800,40373.0,40400.0,40358.0,40396.0,2247
1721984400,40395.0,40405.0,40363.0,40377.0,1328
1721988000,40375.0,40443.0,40372.0,40436.0,1813
1721991600,40436.0,40473.0,40413.0,40471.0,1991
1721995200,40471.0,40496.0,40397.0,40429.0,4117
1721998800,40431.0,40757.0,40396.0,40710.0,26399
1722002400,40704.0,40832.0,40618.0,40781.0,28957
1722006000,40782.0,40897.0,40731.0,40890.0,15572
1722009600,40891.0,40983.0,40831.0,40979.0,14036
1722013200,40980.0,40995.0,40788.0,40850.0,14396
1722016800,40846.0,40898.0,40783.0,40804.0,9384
1722020400,40803.0,40898.0,40742.0,40832.0,19955
1722024000,40833.0,40876.0,40814.0,40852.0,4155
1722204000,40857.0,40920.0,40854.0,40915.0,1047
1722207600,40913.0,40939.0,40912.0,40923.0,586
1722211200,40924.0,41029.0,40914.0,41002.0,1647
1722214800,41002.0,41014.0,40976.0,40988.0,1041
1722218400,40990.0,40998.0,40977.0,40983.0,572
1722222000,40983.0,40992.0,40970.0,40983.0,485
1722225600,40982.0,40993.0,40966.0,40973.0,392
1722229200,40973.0,40997.0,40971.0,40992.0,653
1722232800,40994.0,40999.0,40958.0,40995.0,1217
1722236400,40996.0,40998.0,40868.0,40873.0,2145
1722240000,40876.0,40938.0,40863.0,40930.0,1758
1722243600,40929.0,40966.0,40894.0,40961.0,905
1722247200,40964.0,40994.0,40956.0,40981.0,1038
1722250800,40978.0,41014.0,40938.0,41003.0,3706
1722254400,41003.0,41051.0,40974.0,40978.0,2874
1722258000,40978.0,40978.0,40662.0,40797.0,27887
1722261600,40797.0,40863.0,40607.0,40707.0,22363
1722265200,40708.0,40823.0,40642.0,40815.0,16086
1722268800,40816.0,40873.0,40792.0,40819.0,10134
1722272400,40813.0,40875.0,40767.0,40812.0,8505
1722276000,40811.0,40823.0,40763.0,40803.0,8252
1722279600,40805.0,40862.0,40750.0,40772.0,12630
1722283200,40772.0,40779.0,40748.0,40767.0,2949
1722290400,40776.0,40800.0,40756.0,40770.0,0
1722294000,40770.0,40773.0,40669.0,40691.0,1280
1722297600,40689.0,40720.0,40681.0,40710.0,666
1722301200,40711.0,40715.0,40647.0,40667.0,959
1722304800,40669.0,40695.0,40659.0,40692.0,650
1722308400,40692.0,40714.0,40690.0,40710.0,418
1722312000,40714.0,40757.0,40712.0,40757.0,606
1722315600,40757.0,40773.0,40743.0,40769.0,661
1722319200,40767.0,40789.0,40739.0,40776.0,986
1722322800,40779.0,40853.0,40779.0,40819.0,1794
1722326400,40821.0,40826.0,40774.0,40801.0,1461
1722330000,40806.0,40824.0,40787.0,40815.0,818
1722333600,40816.0,40851.0,40779.0,40780.0,2132
1722337200,40782.0,40804.0,40753.0,40753.0,1737
1722340800,40751.0,40768.0,40721.0,40731.0,2277
1722344400,40730.0,40993.0,40727.0,40987.0,21712
1722348000,40986.0,41002.0,40832.0,40906.0,23185
1722351600,40904.0,40911.0,40761.0,40785.0,20126
1722355200,40785.0,40892.0,40753.0,40788.0,13806
1722358800,40789.0,40887.0,40741.0,40880.0,13307
1722362400,40877.0,40991.0,40856.0,40892.0,11023
1722366000,40893.0,41095.0,40851.0,40959.0,18115
1722369600,40957.0,40986.0,40708.0,40776.0,10256
1722376800,40781.0,40859.0,40754.0,40775.0,0
1722380400,40779.0,40811.0,40772.0,40798.0,700
1722384000,40796.0,40835.0,40768.0,40829.0,947
1722387600,40830.0,40839.0,40809.0,40832.0,740
1722391200,40831.0,40869.0,40825.0,40863.0,969
1722394800,40862.0,40886.0,40850.0,40882.0,645
1722398400,40885.0,40896.0,40858.0,40877.0,1102
1722402000,40879.0,40984.0,40875.0,40969.0,1645
1722405600,40970.0,41049.0,40958.0,41021.0,2437
1722409200,41022.0,41077.0,41007.0,41077.0,2099
1722412800,41078.0,41153.0,41029.0,41130.0,3223
1722416400,41129.0,41139.0,41090.0,41115.0,2004
1722420000,41116.0,41121.0,41068.0,41071.0,2363
1722423600,41071.0,41081.0,40969.0,40983.0,6019
1722427200,40984.0,41083.0,40972.0,41050.0,4623
1722430800,41051.0,41091.0,40863.0,40913.0,23299
1722434400,40917.0,41158.0,40890.0,41102.0,25003
1722438000,41103.0,41223.0,41095.0,41187.0,11713
1722441600,41190.0,41268.0,41172.0,41210.0,7627
1722445200,41212.0,41276.0,41119.0,41229.0,9444
1722448800,41242.0,41427.0,41159.0,41402.0,18424
1722452400,41407.0,41423.0,41041.0,41069.0,31800
1722456000,41068.0,41143.0,41067.0,41086.0,6159
1722463200,41111.0,41135.0,41058.0,41127.0,0
1722466800,41130.0,41158.0,41122.0,41130.0,935
1722470400,41130.0,41162.0,41096.0,41101.0,1144
1722474000,41099.0,41140.0,41092.0,41121.0,997
1722477600,41123.0,41159.0,41106.0,41152.0,818
1722481200,41151.0,41155.0,41131.0,41147.0,560
1722484800,41151.0,41164.0,41136.0,41155.0,1058
1722488400,41156.0,41189.0,41147.0,41184.0,830
1722492000,41184.0,41184.0,41062.0,41063.0,2260
1722495600,41067.0,41097.0,40991.0,40995.0,2399
1722499200,40996.0,41055.0,40976.0,41022.0,2874
1722502800,41024.0,41096.0,41016.0,41095.0,1276
1722506400,41098.0,41137.0,41092.0,41122.0,1661
1722510000,41121.0,41125.0,41062.0,41072.0,2480
1722513600,41074.0,41165.0,41052.0,41141.0,4656
1722517200,41139.0,41304.0,41038.0,41065.0,24001
1722520800,41049.0,41067.0,40654.0,40675.0,39124
1722524400,40675.0,40685.0,40477.0,40505.0,29416
1722528000,40508.0,40627.0,40462.0,40494.0,19531
1722531600,40495.0,40509.0,40351.0,40447.0,18141
1722535200,40448.0,40461.0,40285.0,40345.0,15479
1722538800,40344.0,40544.0,40311.0,40519.0,29981
1722542400,40516.0,40525.0,40348.0,40432.0,9326
1722549600,40420.0,40450.0,40339.0,40376.0,0
1722553200,40376.0,40431.0,40369.0,40399.0,1237
1722556800,40397.0,40413.0,40332.0,40375.0,1460
1722560400,40371.0,40423.0,40340.0,40379.0,1173
1722564000,40382.0,40386.0,40245.0,40320.0,3344
1722567600,40318.0,40361.0,40318.0,40341.0,960
1722571200,40344.0,40349.0,40309.0,40320.0,833
1722574800,40326.0,40356.0,40283.0,40303.0,1270
1722578400,40305.0,40331.0,40223.0,40228.0,3224
1722582000,40226.0,40309.0,40185.0,40260.0,4426
1722585600,40258.0,40314.0,40234.0,40309.0,3407
1722589200,40306.0,40310.0,40177.0,40177.0,2117
1722592800,40178.0,40198.0,40114.0,40139.0,3145
1722596400,40140.0,40211.0,40120.0,40199.0,3046
1722600000,40199.0,40309.0,39950.0,40035.0,13297
1722603600,40033.0,40237.0,39992.0,40048.0,32568
1722607200,40119.0,40119.0,39616.0,39651.0,40321
1722610800,39649.0,39707.0,39518.0,39670.0,25014
1722614400,39677.0,39811.0,39665.0,39729.0,17440
1722618000,39731.0,39748.0,39598.0,39621.0,11610
1722621600,39620.0,39780.0,39575.0,39736.0,10863
1722625200,39737.0,39892.0,39708.0,39879.0,21231
1722628800,39876.0,39879.0,39752.0,39755.0,4118
1722808800,39623.0,39750.0,39555.0,39704.0,2211
1722812400,39705.0,39720.0,39587.0,39646.0,3321
1722816000,39643.0,39652.0,39463.0,39538.0,5215
1722819600,39536.0,39609.0,39479.0,39598.0,3758
1722823200,39599.0,39681.0,39548.0,39621.0,2481
1722826800,39620.0,39647.0,39589.0,39603.0,2196
1722830400,39592.0,39615.0,39546.0,39555.0,3123
1722834000,39553.0,39644.0,39364.0,39423.0,8840
1722837600,39422.0,39508.0,39273.0,39345.0,5927
1722841200,39341.0,39398.0,39176.0,39255.0,8154
1722844800,39258.0,39394.0,39220.0,39264.0,7355
1722848400,39265.0,39311.0,39199.0,39270.0,4514
1722852000,39269.0,39273.0,39046.0,39107.0,5183
1722855600,39110.0,39152.0,38953.0,38972.0,6189
1722859200,38972.0,38998.0,38542.0,38649.0,13378
1722862800,38647.0,38930.0,38625.0,38781.0,38342
1722866400,38787.0,39126.0,38729.0,38778.0,31317
1722870000,38780.0,39117.0,38735.0,39063.0,19363
1722873600,39058.0,39171.0,38932.0,38958.0,13622
1722877200,38958.0,39028.0,38888.0,38927.0,10000
1722880800,38927.0,39011.0,38800.0,38804.0,13451
1722884400,38807.0,38866.0,38716.0,38850.0,18729
1722888000,38850.0,39013.0,38822.0,39007.0,8566
1722895200,39017.0,39107.0,38988.0,39041.0,0
1722898800,39041.0,39114.0,39015.0,39100.0,2105
1722902400,39103.0,39206.0,39013.0,39195.0,3213
1722906000,39191.0,39281.0,39097.0,39179.0,3087
1722909600,39179.0,39188.0,39118.0,39157.0,1027
1722913200,39160.0,39255.0,39156.0,39228.0,1219
1722916800,39229.0,39243.0,39180.0,39202.0,904
1722920400,39202.0,39275.0,39131.0,39248.0,2737
1722924000,39245.0,39268.0,39084.0,39100.0,4099
1722927600,39101.0,39161.0,39015.0,39064.0,4311
1722931200,39065.0,39093.0,38981.0,39017.0,3453
1722934800,39014.0,39014.0,38900.0,38935.0,3815
1722938400,38937.0,39191.0,38902.0,39176.0,7488
1722942000,39177.0,39183.0,39042.0,39094.0,4461
1722945600,39093.0,39099.0,38967.0,38989.0,4271
1722949200,38986.0,39167.0,38762.0,39139.0,21427
1722952800,39136.0,39395.0,39103.0,39317.0,22051
1722956400,39316.0,39357.0,39068.0,39290.0,16792
1722960000,39292.0,39420.0,39279.0,39378.0,10469
1722963600,39383.0,39484.0,39362.0,39479.0,7943
1722967200,39452.0,39600.0,39367.0,39430.0,9827
1722970800,39433.0,39476.0,39121.0,39140.0,25404
1722974400,39140.0,39163.0,38982.0,39057.0,9970
1722981600,39025.0,39143.0,39025.0,39085.0,0
1722985200,39086.0,39102.0,39030.0,39049.0,1191
1722988800,39052.0,39177.0,39039.0,39157.0,1861
1722992400,39156.0,39302.0,39134.0,39298.0,2178
1722996000,39296.0,39373.0,39269.0,39330.0,1431
1722999600,39325.0,39417.0,39322.0,39405.0,1524
1723003200,39406.0,39441.0,39403.0,39432.0,932
1723006800,39433.0,39447.0,39365.0,39386.0,1356
1723010400,39382.0,39397.0,39280.0,39373.0,2828
1723014000,39374.0,39393.0,39268.0,39330.0,3495
1723017600,39333.0,39424.0,39314.0,39424.0,3006
1723021200,39425.0,39465.0,39409.0,39454.0,2792
1723024800,39455.0,39512.0,39435.0,39450.0,3100
1723028400,39451.0,39499.0,39444.0,39454.0,2902
1723032000,39460.0,39467.0,39408.0,39455.0,3558
1723035600,39456.0,39588.0,39293.0,39582.0,18950
1723039200,39581.0,39617.0,39423.0,39570.0,17625
1723042800,39575.0,39598.0,39370.0,39407.0,11638
1723046400,39406.0,39406.0,39190.0,39219.0,11493
1723050000,39216.0,39246.0,39031.0,39074.0,12859
1723053600,39071.0,39072.0,38861.0,38903.0,12656
1723057200,38900.0,39076.0,38880.0,38898.0,13702
1723060800,38908.0,38967.0,38754.0,38784.0,8390
1723068000,38815.0,38878.0,38794.0,38838.0,0
1723071600,38839.0,38849.0,38689.0,38803.0,2747
1723075200,38804.0,38878.0,38773.0,38811.0,1875
1723078800,38809.0,38888.0,38803.0,38850.0,1201
1723082400,38853.0,38914.0,38853.0,38900.0,1691
1723086000,38900.0,38945.0,38874.0,38889.0,1384
1723089600,38908.0,38927.0,38853.0,38897.0,1380
1723093200,38899.0,38936.0,38835.0,38847.0,1536
1723096800,38846.0,38973.0,38826.0,38917.0,2826
1723100400,38925.0,38943.0,38728.0,38781.0,3141
1723104000,38782.0,38870.0,38751.0,38860.0,2587
1723107600,38861.0,38894.0,38730.0,38781.0,2079
1723111200,38785.0,38844.0,38737.0,38805.0,2396
1723114800,38800.0,38877.0,38778.0,38868.0,2040
1723118400,38869.0,39107.0,38841.0,39038.0,7191
1723122000,39045.0,39393.0,39018.0,39365.0,24719
1723125600,39371.0,39476.0,39342.0,39460.0,24774
1723129200,39464.0,39503.0,39375.0,39423.0,13257
1723132800,39421.0,39505.0,39353.0,39406.0,10065
1723136400,39415.0,39576.0,39348.0,39564.0,11809
1723140000,39561.0,39660.0,39520.0,39562.0,10716
1723143600,39560.0,39626.0,39462.0,39597.0,20129
1723147200,39597.0,39662.0,39594.0,39621.0,5132
1723154400,39610.0,39652.0,39594.0,39613.0,0
1723158000,39613.0,39673.0,39594.0,39634.0,1248
1723161600,39632.0,39632.0,39529.0,39586.0,1939
1723165200,39581.0,39625.0,39570.0,39605.0,992
1723168800,39607.0,39652.0,39586.0,39645.0,665
1723172400,39645.0,39654.0,39603.0,39636.0,726
1723176000,39646.0,39656.0,39519.0,39533.0,1336
1723179600,39541.0,39632.0,39511.0,39615.0,1521
1723183200,39616.0,39641.0,39577.0,39612.0,1513
1723186800,39611.0,39655.0,39583.0,39652.0,2187
1723190400,39650.0,39717.0,39611.0,39700.0,3398
1723194000,39707.0,39709.0,39644.0,39675.0,1901
1723197600,39673.0,39673.0,39587.0,39594.0,1785
1723201200,39600.0,39674.0,39571.0,39596.0,2894
1723204800,39597.0,39599.0,39466.0,39522.0,3693
1723208400,39510.0,39576.0,39355.0,39470.0,17963
1723212000,39469.0,39609.0,39457.0,39587.0,18029
1723215600,39588.0,39656.0,39505.0,39518.0,10846
1723219200,39520.0,39607.0,39491.0,39605.0,6564
1723222800,39605.0,39770.0,39585.0,39594.0,10473
1723226400,39597.0,39618.0,39534.0,39593.0,8437
1723230000,39593.0,39664.0,39566.0,39632.0,11942
1723233600,39632.0,39654.0,39592.0,39609.0,2330
1723413600,39618.0,39658.0,39534.0,39591.0,1832
1723417200,39589.0,39623.0,39571.0,39612.0,927
1723420800,39611.0,39616.0,39577.0,39593.0,908
1723424400,39585.0,39620.0,39569.0,39601.0,813
1723428000,39600.0,39649.0,39598.0,39639.0,682
1723431600,39637.0,39643.0,39585.0,39603.0,588
1723435200,39608.0,39637.0,39603.0,39628.0,330
1723438800,39628.0,39645.0,39619.0,39636.0,395
1723442400,39636.0,39644.0,39597.0,39617.0,959
1723446000,39618.0,39679.0,39601.0,39667.0,1691
1723449600,39667.0,39690.0,39602.0,39607.0,1264
1723453200,39606.0,39655.0,39606.0,39623.0,1139
1723456800,39623.0,39676.0,39611.0,39673.0,831
1723460400,39675.0,39719.0,39664.0,39718.0,1599
1723464000,39718.0,39738.0,39681.0,39690.0,2167
1723467600,39690.0,39718.0,39367.0,39413.0,19083
1723471200,39415.0,39640.0,39398.0,39638.0,15359
1723474800,39642.0,39653.0,39409.0,39590.0,14298
1723478400,39588.0,39615.0,39460.0,39463.0,8012
1723482000,39462.0,39545.0,39387.0,39406.0,9426
1723485600,39408.0,39480.0,39403.0,39461.0,6174
1723489200,39459.0,39492.0,39401.0,39489.0,13213
1723492800,39488.0,39509.0,39468.0,39488.0,3419
1723500000,39488.0,39515.0,39488.0,39496.0,0
1723503600,39497.0,39524.0,39478.0,39502.0,714
1723507200,39504.0,39544.0,39480.0,39530.0,946
1723510800,39526.0,39527.0,39488.0,39506.0,729
1723514400,39506.0,39536.0,39505.0,39535.0,300
1723518000,39536.0,39562.0,39531.0,39539.0,713
1723521600,39537.0,39562.0,39536.0,39556.0,401
1723525200,39556.0,39570.0,39534.0,39549.0,985
1723528800,39551.0,39591.0,39527.0,39580.0,1215
1723532400,39582.0,39640.0,39577.0,39613.0,1826
1723536000,39614.0,39624.0,39537.0,39564.0,1706
1723539600,39563.0,39585.0,39530.0,39560.0,1297
1723543200,39562.0,39565.0,39344.0,39388.0,6498
1723546800,39390.0,39478.0,39387.0,39478.0,2401
1723550400,39481.0,39648.0,39476.0,39602.0,6163
1723554000,39604.0,39765.0,39517.0,39627.0,19821
1723557600,39626.0,39658.0,39504.0,39649.0,17879
1723561200,39651.0,39725.0,39620.0,39711.0,8458
1723564800,39713.0,39860.0,39697.0,39834.0,10992
1723568400,39835.0,39835.0,39729.0,39809.0,8612
1723572000,39807.0,39868.0,39795.0,39855.0,7126
1723575600,39854.0,39922.0,39832.0,39883.0,13910
1723579200,39885.0,39890.0,39855.0,39872.0,3659
1723586400,39889.0,39890.0,39855.0,39865.0,0
1723590000,39866.0,39882.0,39859.0,39874.0,560
1723593600,39876.0,39885.0,39861.0,39872.0,756
1723597200,39870.0,39894.0,39866.0,39886.0,687
1723600800,39886.0,39889.0,39841.0,39873.0,1237
1723604400,39873.0,39893.0,39870.0,39885.0,546
1723608000,39886.0,39907.0,39881.0,39896.0,693
1723611600,39893.0,39920.0,39887.0,39916.0,541
1723615200,39915.0,39935.0,39896.0,39921.0,1419
1723618800,39919.0,39936.0,39894.0,39901.0,1346
1723622400,39902.0,39941.0,39888.0,39939.0,1441
1723626000,39940.0,39945.0,39891.0,39894.0,1018
1723629600,39892.0,39902.0,39861.0,39894.0,1910
1723633200,39894.0,39896.0,39863.0,39877.0,1474
1723636800,39878.0,39971.0,39790.0,39916.0,6867
1723640400,39917.0,39991.0,39851.0,39927.0,19946
1723644000,39928.0,39973.0,39845.0,39946.0,18868
1723647600,39943.0,40109.0,39933.0,40106.0,13085
1723651200,40104.0,40177.0,40012.0,40109.0,15012
1723654800,40107.0,40156.0,40042.0,40141.0,8099
1723658400,40140.0,40191.0,40077.0,40182.0,8041
1723662000,40180.0,40187.0,40080.0,40107.0,14192
1723665600,40107.0,40189.0,40104.0,40166.0,3322
1723672800,40161.0,40167.0,40123.0,40146.0,0
1723676400,40144.0,40159.0,40113.0,40130.0,801
1723680000,40133.0,40176.0,40119.0,40165.0,950
1723683600,40166.0,40188.0,40156.0,40186.0,700
1723687200,40185.0,40210.0,40182.0,40199.0,991
1723690800,40200.0,40202.0,40182.0,40189.0,442
1723694400,40189.0,40207.0,40186.0,40191.0,509
1723698000,40190.0,40194.0,40175.0,40192.0,682
1723701600,40193.0,40222.0,40163.0,40222.0,1221
1723705200,40220.0,40232.0,40194.0,40225.0,1265
1723708800,40223.0,40234.0,40185.0,40197.0,1455
1723712400,40196.0,40214.0,40190.0,40211.0,787
1723716000,40212.0,40222.0,40170.0,40170.0,1558
1723719600,40170.0,40258.0,40116.0,40253.0,4788
1723723200,40253.0,40524.0,40245.0,40509.0,10323
1723726800,40511.0,40664.0,40490.0,40506.0,20001
1723730400,40506.0,40539.0,40409.0,40535.0,16826
1723734000,40536.0,40616.0,40525.0,40576.0,8745
1723737600,40574.0,40662.0,40564.0,40616.0,7791
1723741200,40618.0,40644.0,40577.0,40629.0,5579
1723744800,40631.0,40686.0,40617.0,40662.0,5671
1723748400,40661.0,40715.0,40613.0,40689.0,13311
1723752000,40690.0,40721.0,40659.0,40699.0,3942
1723759200,40703.0,40753.0,40691.0,40737.0,0
1723762800,40737.0,40755.0,40724.0,40740.0,980
1723766400,40739.0,40740.0,40701.0,40725.0,1428
1723770000,40724.0,40752.0,40714.0,40745.0,1108
1723773600,40746.0,40755.0,40740.0,40749.0,671
1723777200,40750.0,40758.0,40741.0,40750.0,578
1723780800,40749.0,40752.0,40729.0,40745.0,541
1723784400,40746.0,40772.0,40743.0,40763.0,752
1723788000,40762.0,40781.0,40753.0,40758.0,1299
1723791600,40757.0,40765.0,40723.0,40745.0,1667
1723795200,40744.0,40765.0,40716.0,40725.0,1603
1723798800,40725.0,40745.0,40708.0,40714.0,2323
1723802400,40713.0,40713.0,40652.0,40680.0,2832
1723806000,40681.0,40682.0,40632.0,40645.0,2853
1723809600,40646.0,40659.0,40546.0,40572.0,5334
1723813200,40571.0,40701.0,40566.0,40663.0,17636
1723816800,40661.0,40755.0,40566.0,40640.0,15878
1723820400,40641.0,40744.0,40638.0,40732.0,8940
1723824000,40729.0,40843.0,40724.0,40827.0,8426
1723827600,40831.0,40833.0,40778.0,40818.0,5946
1723831200,40819.0,40853.0,40773.0,40845.0,6392
1723834800,40844.0,40856.0,40771.0,40789.0,9475
1723838400,40789.0,40824.0,40788.0,40806.0,2229
1724018400,40818.0,40861.0,40810.0,40818.0,1033
1724022000,40819.0,40850.0,40819.0,40844.0,1251
1724025600,40847.0,40865.0,40822.0,40846.0,1260
1724029200,40846.0,40846.0,40817.0,40839.0,1088
1724032800,40839.0,40843.0,40821.0,40824.0,650
1724036400,40823.0,40842.0,40808.0,40814.0,739
1724040000,40813.0,40814.0,40779.0,40791.0,823
1724043600,40793.0,40804.0,40772.0,40778.0,893
1724047200,40777.0,40784.0,40741.0,40748.0,1159
1724050800,40749.0,40794.0,40746.0,40767.0,1021
1724054400,40767.0,40836.0,40752.0,40832.0,2050
1724058000,40829.0,40832.0,40800.0,40809.0,1018
1724061600,40808.0,40820.0,40787.0,40795.0,1517
1724065200,40793.0,40800.0,40780.0,40787.0,1139
1724068800,40789.0,40817.0,40775.0,40816.0,1788
1724072400,40816.0,40938.0,40804.0,40883.0,16111
1724076000,40885.0,41023.0,40854.0,41008.0,15760
1724079600,41007.0,41009.0,40914.0,40946.0,7976
1724083200,40948.0,41052.0,40930.0,41033.0,6742
1724086800,41034.0,41035.0,40951.0,40966.0,6056
1724090400,40966.0,40996.0,40930.0,40989.0,7237
1724094000,40989.0,41026.0,40938.0,41024.0,11205
1724097600,41024.0,41028.0,40974.0,40983.0,2934
1724104800,40993.0,41032.0,40993.0,41015.0,0
1724108400,41015.0,41018.0,41004.0,41007.0,347
1724112000,41010.0,41012.0,40991.0,41003.0,493
1724115600,41003.0,41016.0,40985.0,41014.0,662
1724119200,41012.0,41036.0,41010.0,41034.0,709
1724122800,41033.0,41033.0,41001.0,41006.0,463
1724126400,41004.0,41022.0,41004.0,41020.0,491
1724130000,41019.0,41027.0,41016.0,41022.0,461
1724133600,41022.0,41063.0,41007.0,41062.0,1190
1724137200,41063.0,41085.0,41051.0,41074.0,1808
1724140800,41074.0,41074.0,40989.0,41031.0,2268
1724144400,41031.0,41038.0,41000.0,41003.0,1100
1724148000,41003.0,41024.0,40987.0,41011.0,1381
1724151600,41009.0,41019.0,40995.0,41006.0,1031
1724155200,41007.0,41015.0,40973.0,40987.0,1839
1724158800,40988.0,41027.0,40916.0,40980.0,17048
1724162400,40982.0,41014.0,40921.0,40966.0,16645
1724166000,40965.0,40992.0,40876.0,40983.0,11086
1724169600,40986.0,40999.0,40927.0,40959.0,7170
1724173200,40959.0,40970.0,40904.0,40946.0,6103
1724176800,40945.0,41039.0,40943.0,40959.0,6954
1724180400,40960.0,40975.0,40916.0,40954.0,10596
1724184000,40954.0,40989.0,40950.0,40964.0,2315
1724191200,40949.0,40976.0,40949.0,40970.0,0
1724194800,40971.0,40986.0,40966.0,40979.0,419
1724198400,40979.0,41010.0,40979.0,41004.0,727
1724202000,41003.0,41005.0,40979.0,40985.0,597
1724205600,40984.0,41000.0,40979.0,40997.0,353
1724209200,40998.0,41015.0,40995.0,41005.0,345
1724212800,41005.0,41017.0,41002.0,41015.0,308
1724216400,41016.0,41022.0,40999.0,41003.0,676
1724220000,41002.0,41020.0,40991.0,41015.0,718
1724223600,41015.0,41025.0,40998.0,41006.0,873
1724227200,41005.0,41005.0,40974.0,40984.0,1164
1724230800,40984.0,41012.0,40982.0,40996.0,879
1724234400,40995.0,41019.0,40975.0,41019.0,1258
1724238000,41016.0,41031.0,40997.0,41018.0,1510
1724241600,41018.0,41033.0,41012.0,41017.0,1692
1724245200,41020.0,41073.0,40956.0,41017.0,13872
1724248800,41019.0,41097.0,40850.0,40909.0,29288
1724252400,40910.0,40988.0,40863.0,40901.0,11810
1724256000,40902.0,40988.0,40862.0,40976.0,7941
1724259600,40975.0,41002.0,40963.0,40966.0,5262
1724263200,40966.0,41044.0,40941.0,41011.0,10675
1724266800,41010.0,41031.0,40924.0,40998.0,13194
1724270400,40999.0,41023.0,40990.0,41012.0,2827
1724277600,41015.0,41036.0,41000.0,41027.0,0
1724281200,41028.0,41035.0,41019.0,41033.0,232
1724284800,41032.0,41046.0,41024.0,41027.0,603
1724288400,41026.0,41028.0,41011.0,41022.0,388
1724292000,41021.0,41021.0,40977.0,40980.0,619
1724295600,40979.0,40982.0,40963.0,40969.0,443
1724299200,40972.0,40978.0,40963.0,40974.0,302
1724302800,40974.0,40991.0,40970.0,40989.0,470
1724306400,40989.0,41015.0,40979.0,41011.0,672
1724310000,41009.0,41048.0,41007.0,41038.0,1646
1724313600,41037.0,41061.0,41031.0,41046.0,1151
1724317200,41050.0,41066.0,41029.0,41031.0,983
1724320800,41029.0,41058.0,41029.0,41039.0,926
1724324400,41041.0,41048.0,41017.0,41037.0,1586
1724328000,41036.0,41061.0,40991.0,41052.0,2216
1724331600,41054.0,41157.0,40967.0,41004.0,18417
1724335200,41011.0,41022.0,40881.0,40937.0,17411
1724338800,40936.0,40967.0,40798.0,40826.0,16129
1724342400,40825.0,40983.0,40798.0,40813.0,14859
1724346000,40814.0,40854.0,40689.0,40700.0,13961
1724349600,40708.0,40827.0,40688.0,40764.0,11415
1724353200,40766.0,40846.0,40752.0,40838.0,17030
1724356800,40838.0,40857.0,40818.0,40842.0,4134
1724364000,40838.0,40884.0,40836.0,40878.0,0
1724367600,40878.0,40885.0,40869.0,40885.0,412
1724371200,40886.0,40896.0,40875.0,40879.0,703
1724374800,40880.0,40885.0,40867.0,40877.0,485
1724378400,40877.0,40904.0,40869.0,40900.0,552
1724382000,40899.0,40916.0,40896.0,40903.0,451
1724385600,40902.0,40916.0,40902.0,40908.0,348
1724389200,40907.0,40921.0,40905.0,40916.0,619
1724392800,40916.0,40937.0,40916.0,40922.0,996
1724396400,40924.0,40939.0,40910.0,40914.0,1073
1724400000,40914.0,40953.0,40904.0,40953.0,1581
1724403600,40951.0,40970.0,40935.0,40954.0,1268
1724407200,40953.0,40991.0,40944.0,40985.0,1275
1724410800,40985.0,40995.0,40967.0,40993.0,1240
1724414400,40990.0,41022.0,40980.0,41020.0,2350
1724418000,41018.0,41056.0,40935.0,41002.0,14124
1724421600,41006.0,41253.0,41005.0,41153.0,38393
1724425200,41154.0,41306.0,41115.0,41131.0,19309
1724428800,41131.0,41140.0,40927.0,41074.0,16913
1724432400,41072.0,41169.0,41056.0,41148.0,8986
1724436000,41149.0,41188.0,41133.0,41170.0,6622
1724439600,41171.0,41305.0,41148.0,41258.0,15363
1724443200,41260.0,41284.0,41246.0,41270.0,2854
1724623200,41274.0,41326.0,41242.0,41243.0,995
1724626800,41243.0,41255.0,41231.0,41249.0,631
1724630400,41252.0,41285.0,41231.0,41278.0,846
1724634000,41279.0,41296.0,41264.0,41265.0,826
1724637600,41266.0,41269.0,41251.0,41253.0,350
1724641200,41253.0,41267.0,41233.0,41239.0,419
1724644800,41238.0,41249.0,41238.0,41244.0,170
1724648400,41244.0,41259.0,41234.0,41249.0,392
1724652000,41250.0,41262.0,41240.0,41249.0,846
1724655600,41247.0,41288.0,41246.0,41286.0,1053
1724659200,41285.0,41327.0,41275.0,41309.0,1602
1724662800,41308.0,41312.0,41276.0,41289.0,1069
1724666400,41286.0,41315.0,41283.0,41315.0,918
1724670000,41313.0,41324.0,41284.0,41315.0,1625
1724673600,41313.0,41351.0,41310.0,41348.0,1958
1724677200,41348.0,41489.0,41318.0,41463.0,16702
1724680800,41464.0,41522.0,41367.0,41392.0,22653
1724684400,41394.0,41395.0,41267.0,41289.0,11712
1724688000,41288.0,41389.0,41271.0,41381.0,6313
1724691600,41381.0,41406.0,41229.0,41262.0,8476
1724695200,41263.0,41339.0,41241.0,41325.0,7377
1724698800,41323.0,41346.0,41291.0,41338.0,8949
1724702400,41338.0,41347.0,41290.0,41303.0,2601
1724709600,41290.0,41320.0,41266.0,41278.0,0
1724713200,41278.0,41320.0,41278.0,41314.0,568
1724716800,41315.0,41331.0,41289.0,41293.0,684
1724720400,41293.0,41315.0,41286.0,41309.0,602
1724724000,41310.0,41331.0,41303.0,41324.0,482
1724727600,41324.0,41326.0,41310.0,41315.0,436
1724731200,41316.0,41322.0,41304.0,41317.0,346
1724734800,41320.0,41333.0,41317.0,41331.0,355
1724738400,41329.0,41343.0,41317.0,41338.0,546
1724742000,41337.0,41357.0,41324.0,41352.0,1119
1724745600,41354.0,41390.0,41353.0,41359.0,1580
1724749200,41360.0,41366.0,41332.0,41332.0,655
1724752800,41331.0,41334.0,41267.0,41294.0,1576
1724756400,41292.0,41336.0,41283.0,41309.0,2390
1724760000,41309.0,41309.0,41213.0,41232.0,3431
1724763600,41232.0,41361.0,41182.0,41276.0,20552
1724767200,41286.0,41344.0,41232.0,41326.0,16806
1724770800,41328.0,41358.0,41214.0,41280.0,12266
1724774400,41277.0,41290.0,41193.0,41259.0,7822
1724778000,41259.0,41342.0,41258.0,41322.0,7015
1724781600,41322.0,41355.0,41312.0,41339.0,4967
1724785200,41339.0,41371.0,41313.0,41351.0,8996
1724788800,41351.0,41371.0,41344.0,41347.0,2191
1724796000,41355.0,41368.0,41303.0,41319.0,0
1724799600,41319.0,41338.0,41298.0,41326.0,583
1724803200,41328.0,41345.0,41324.0,41341.0,499
1724806800,41341.0,41349.0,41325.0,41340.0,577
1724810400,41338.0,41362.0,41333.0,41354.0,430
1724814000,41352.0,41361.0,41350.0,41358.0,241
1724817600,41358.0,41370.0,41355.0,41363.0,220
1724821200,41361.0,41366.0,41353.0,41364.0,375
1724824800,41364.0,41379.0,41356.0,41378.0,744
1724828400,41377.0,41380.0,41363.0,41372.0,868
1724832000,41373.0,41374.0,41349.0,41355.0,1375
1724835600,41358.0,41363.0,41343.0,41360.0,663
1724839200,41362.0,41370.0,41343.0,41348.0,838
1724842800,41348.0,41371.0,41322.0,41328.0,1459
1724846400,41327.0,41338.0,41304.0,41332.0,2063
1724850000,41333.0,41451.0,41255.0,41392.0,19021
1724853600,41391.0,41432.0,41320.0,41368.0,14714
1724857200,41367.0,41410.0,41189.0,41214.0,14717
1724860800,41214.0,41234.0,41096.0,41194.0,11680
1724864400,41194.0,41224.0,40944.0,40954.0,13314
1724868000,40953.0,41141.0,40920.0,41137.0,14639
1724871600,41133.0,41225.0,41040.0,41188.0,17290
1724875200,41188.0,41265.0,41116.0,41253.0,12386
1724882400,41256.0,41275.0,41153.0,41178.0,0
1724886000,41177.0,41196.0,41163.0,41179.0,771
1724889600,41181.0,41244.0,41174.0,41239.0,982
1724893200,41244.0,41247.0,41217.0,41236.0,630
1724896800,41232.0,41275.0,41228.0,41272.0,392
1724900400,41275.0,41287.0,41267.0,41273.0,385
1724904000,41276.0,41288.0,41274.0,41288.0,301
1724907600,41287.0,41313.0,41283.0,41303.0,686
1724911200,41301.0,41330.0,41286.0,41328.0,1248
1724914800,41328.0,41367.0,41322.0,41358.0,1973
1724918400,41360.0,41380.0,41319.0,41376.0,3094
1724922000,41376.0,41396.0,41360.0,41374.0,2534
1724925600,41375.0,41403.0,41369.0,41396.0,2058
1724929200,41395.0,41450.0,41385.0,41441.0,3018
1724932800,41441.0,41494.0,41416.0,41448.0,5384
1724936400,41449.0,41507.0,41173.0,41288.0,28423
1724940000,41288.0,41494.0,41288.0,41397.0,22569
1724943600,41397.0,41561.0,41397.0,41556.0,13134
1724947200,41557.0,41682.0,41553.0,41651.0,13487
1724950800,41651.0,41674.0,41584.0,41669.0,8023
1724954400,41666.0,41672.0,41356.0,41446.0,23121
1724958000,41446.0,41549.0,41397.0,41438.0,19462
1724961600,41438.0,41498.0,41437.0,41486.0,3031
1724968800,41480.0,41493.0,41439.0,41449.0,0
1724972400,41448.0,41460.0,41433.0,41436.0,534
1724976000,41437.0,41463.0,41404.0,41450.0,952
1724979600,41454.0,41469.0,41436.0,41438.0,702
1724983200,41442.0,41473.0,41437.0,41473.0,482
1724986800,41473.0,41474.0,41435.0,41452.0,419
1724990400,41453.0,41463.0,41440.0,41456.0,381
1724994000,41458.0,41469.0,41444.0,41453.0,528
1724997600,41455.0,41484.0,41438.0,41439.0,1403
1725001200,41440.0,41514.0,41440.0,41502.0,1501
1725004800,41503.0,41532.0,41492.0,41493.0,1214
1725008400,41492.0,41520.0,41488.0,41520.0,921
1725012000,41522.0,41540.0,41484.0,41539.0,1328
1725015600,41538.0,41548.0,41508.0,41529.0,1210
1725019200,41529.0,41560.0,41475.0,41478.0,2955
1725022800,41478.0,41597.0,41412.0,41489.0,16784
1725026400,41497.0,41538.0,41444.0,41446.0,15138
1725030000,41444.0,41481.0,41308.0,41350.0,12398
1725033600,41346.0,41393.0,41232.0,41347.0,9661
1725037200,41348.0,41391.0,41300.0,41339.0,5835
1725040800,41340.0,41451.0,41327.0,41425.0,6142
1725044400,41420.0,41674.0,41385.0,41634.0,16386
1725048000,41634.0,41654.0,41594.0,41640.0,4937
1725228000,41613.0,41644.0,41612.0,41619.0,432
1725231600,41619.0,41637.0,41617.0,41625.0,439
1725235200,41623.0,41635.0,41614.0,41623.0,426
1725238800,41625.0,41652.0,41622.0,41645.0,605
1725242400,41645.0,41645.0,41611.0,41626.0,435
1725246000,41624.0,41632.0,41607.0,41619.0,275
1725336000,41582.0,41582.0,41566.0,41569.0,346
1725339600,41568.0,41595.0,41568.0,41594.0,711
1725343200,41593.0,41607.0,41560.0,41589.0,1144
1725346800,41588.0,41623.0,41588.0,41612.0,1593
1725350400,41615.0,41617.0,41504.0,41506.0,2464
1725354000,41507.0,41520.0,41452.0,41458.0,2927
1725357600,41456.0,41460.0,41419.0,41456.0,2146
1725361200,41456.0,41474.0,41427.0,41445.0,2115
1725364800,41447.0,41461.0,41414.0,41420.0,2521
1725368400,41419.0,41529.0,41302.0,41395.0,25234
1725372000,41386.0,41386.0,41140.0,41193.0,27307
1725375600,41193.0,41268.0,41171.0,41199.0,12286
1725379200,41199.0,41247.0,41139.0,41147.0,9183
1725382800,41145.0,41231.0,41139.0,41145.0,9055
1725386400,41144.0,41146.0,41017.0,41032.0,10815
1725390000,41032.0,41078.0,40867.0,41033.0,20461
1725393600,41034.0,41045.0,40985.0,41031.0,4821
1725400800,41019.0,41028.0,40970.0,41000.0,0
1725404400,41001.0,41019.0,40965.0,40998.0,1279
1725408000,40998.0,41029.0,40863.0,40883.0,2405
1725411600,40882.0,40967.0,40859.0,40935.0,1919
1725415200,40936.0,40956.0,40900.0,40912.0,1066
1725418800,40914.0,40933.0,40874.0,40888.0,685
1725422400,40890.0,40920.0,40874.0,40881.0,792
1725426000,40881.0,40899.0,40857.0,40870.0,1161
1725429600,40868.0,40920.0,40849.0,40854.0,2675
1725433200,40857.0,40977.0,40857.0,40957.0,3443
1725436800,40959.0,40996.0,40905.0,40934.0,3659
1725440400,40933.0,40969.0,40915.0,40939.0,1588
1725444000,40942.0,40954.0,40913.0,40933.0,1383
1725447600,40932.0,40979.0,40927.0,40941.0,2030
1725451200,40942.0,40989.0,40934.0,40973.0,3314
1725454800,40970.0,41160.0,40955.0,41127.0,23424
1725458400,41127.0,41232.0,41005.0,41230.0,21346
1725462000,41234.0,41258.0,41052.0,41078.0,10407
1725465600,41075.0,41115.0,41008.0,41038.0,7306
1725469200,41032.0,41038.0,40922.0,40952.0,7165
1725472800,40951.0,41038.0,40938.0,40956.0,7613
1725476400,40954.0,41095.0,40929.0,41041.0,10669
1725480000,41042.0,41054.0,40991.0,41031.0,3831
1725487200,41028.0,41053.0,41017.0,41038.0,0
1725490800,41039.0,41041.0,40963.0,41009.0,858
1725494400,41010.0,41088.0,41009.0,41069.0,1046
1725498000,41070.0,41094.0,41060.0,41072.0,513
1725501600,41073.0,41079.0,41047.0,41067.0,461
1725505200,41071.0,41071.0,41013.0,41018.0,844
1725508800,41015.0,41030.0,41007.0,41018.0,518
1725512400,41017.0,41049.0,40999.0,41031.0,858
1725516000,41033.0,41044.0,40984.0,40993.0,1107
1725519600,40994.0,41119.0,40975.0,41118.0,2380
1725523200,41115.0,41122.0,41080.0,41108.0,1733
1725526800,41107.0,41113.0,41050.0,41074.0,1654
1725530400,41071.0,41091.0,41063.0,41089.0,1215
1725534000,41089.0,41113.0,41056.0,41062.0,1793
1725537600,41063.0,41122.0,41011.0,41056.0,5986
1725541200,41057.0,41169.0,40905.0,40950.0,22409
1725544800,40961.0,41083.0,40855.0,40877.0,23344
1725548400,40881.0,40899.0,40657.0,40663.0,19195
1725552000,40659.0,40782.0,40594.0,40751.0,11685
1725555600,40751.0,40901.0,40697.0,40899.0,10222
1725559200,40902.0,40953.0,40864.0,40884.0,8269
1725562800,40886.0,40894.0,40759.0,40781.0,13675
1725566400,40865.0,40886.0,40842.0,40873.0,6978
1725573600,40879.0,40887.0,40839.0,40869.0,0
1725577200,40871.0,40875.0,40844.0,40873.0,575
1725580800,40872.0,40876.0,40813.0,40813.0,1232
1725584400,40812.0,40868.0,40771.0,40860.0,1817
1725588000,40862.0,40876.0,40856.0,40870.0,651
1725591600,40868.0,40880.0,40849.0,40853.0,561
1725595200,40851.0,40866.0,40843.0,40859.0,460
1725598800,40856.0,40861.0,40802.0,40844.0,660
1725602400,40841.0,40858.0,40791.0,40795.0,1147
1725606000,40794.0,40799.0,40617.0,40685.0,4989
1725609600,40687.0,40735.0,40652.0,40680.0,3213
1725613200,40674.0,40711.0,40647.0,40706.0,1925
1725616800,40705.0,40715.0,40667.0,40676.0,1535
1725620400,40675.0,40702.0,40659.0,40696.0,2131
1725624000,40696.0,40895.0,40626.0,40825.0,12873
1725627600,40827.0,41080.0,40804.0,40956.0,29943
1725631200,40955.0,40968.0,40507.0,40533.0,36022
1725634800,40532.0,40802.0,40400.0,40431.0,34595
1725638400,40428.0,40485.0,40365.0,40421.0,14926
1725642000,40423.0,40515.0,40384.0,40445.0,12975
1725645600,40447.0,40462.0,40345.0,40428.0,9717
1725649200,40426.0,40503.0,40370.0,40415.0,18078
1725652800,40414.0,40421.0,40264.0,40321.0,5623
1725832800,40339.0,40399.0,40331.0,40384.0,1414
1725836400,40383.0,40414.0,40360.0,40397.0,972
1725840000,40401.0,40458.0,40399.0,40440.0,1145
1725843600,40438.0,40491.0,40438.0,40474.0,1428
1725847200,40473.0,40490.0,40460.0,40480.0,638
1725850800,40478.0,40500.0,40478.0,40491.0,672
1725854400,40496.0,40547.0,40492.0,40527.0,1001
1725858000,40523.0,40530.0,40499.0,40510.0,962
1725861600,40511.0,40548.0,40504.0,40547.0,1045
1725865200,40547.0,40618.0,40544.0,40616.0,2179
1725868800,40614.0,40618.0,40561.0,40589.0,2776
1725872400,40588.0,40653.0,40583.0,40650.0,1896
1725876000,40648.0,40688.0,40644.0,40673.0,2295
1725879600,40672.0,40715.0,40660.0,40677.0,2500
1725883200,40678.0,40692.0,40628.0,40686.0,3664
1725886800,40685.0,40750.0,40577.0,40710.0,29781
1725890400,40712.0,40863.0,40697.0,40772.0,25200
1725894000,40774.0,40983.0,40717.0,40945.0,17476
1725897600,40963.0,41065.0,40960.0,41042.0,11985
1725901200,41042.0,41051.0,40853.0,40862.0,11860
1725904800,40863.0,40882.0,40783.0,40834.0,11587
1725908400,40834.0,40917.0,40788.0,40878.0,15989
1725912000,40880.0,40921.0,40872.0,40895.0,4557
1725919200,40921.0,40921.0,40871.0,40878.0,0
1725922800,40879.0,40905.0,40871.0,40880.0,1163
1725926400,40880.0,40889.0,40817.0,40878.0,1298
1725930000,40878.0,40885.0,40845.0,40873.0,803
1725933600,40872.0,40872.0,40830.0,40855.0,398
1725937200,40856.0,40858.0,40833.0,40846.0,376
1725940800,40846.0,40855.0,40809.0,40818.0,580
1725944400,40819.0,40834.0,40802.0,40822.0,818
1725948000,40822.0,40832.0,40788.0,40826.0,1087
1725951600,40825.0,40915.0,40796.0,40910.0,1979
1725955200,40913.0,40944.0,40857.0,40863.0,1811
1725958800,40861.0,40885.0,40779.0,40868.0,2743
1725962400,40870.0,40903.0,40821.0,40845.0,2225
1725966000,40846.0,40878.0,40828.0,40866.0,2422
1725969600,40866.0,40934.0,40845.0,40925.0,3541
1725973200,40930.0,40989.0,40773.0,40788.0,26575
1725976800,40784.0,40794.0,40602.0,40696.0,24602
1725980400,40691.0,40780.0,40525.0,40530.0,16256
1725984000,40530.0,40643.0,40472.0,40597.0,15776
1725987600,40596.0,40725.0,40586.0,40693.0,9109
1725991200,40694.0,40776.0,40692.0,40772.0,7298
1725994800,40774.0,40802.0,40728.0,40789.0,9573
1725998400,40777.0,40829.0,40760.0,40799.0,0
1726005600,40792.0,40792.0,40762.0,40780.0,624
1726009200,40780.0,40795.0,40754.0,40769.0,336
1726012800,40770.0,40777.0,40725.0,40731.0,801
1726016400,40731.0,40750.0,40653.0,40675.0,2318
1726020000,40677.0,40685.0,40660.0,40670.0,1158
1726023600,40668.0,40679.0,40618.0,40646.0,831
1726027200,40640.0,40646.0,40619.0,40634.0,502
1726030800,40633.0,40634.0,40596.0,40623.0,1143
1726034400,40620.0,40688.0,40614.0,40660.0,1496
1726038000,40659.0,40712.0,40659.0,40680.0,1869
1726041600,40679.0,40687.0,40605.0,40614.0,1477
1726045200,40614.0,40650.0,40584.0,40649.0,1213
1726048800,40646.0,40665.0,40622.0,40645.0,1549
1726052400,40646.0,40701.0,40623.0,40688.0,2509
1726056000,40689.0,40697.0,40495.0,40634.0,7645
1726059600,40661.0,40684.0,40267.0,40273.0,32115
1726063200,40274.0,40304.0,40034.0,40148.0,37952
1726066800,40150.0,40373.0,40108.0,40304.0,24358
1726070400,40305.0,40533.0,40289.0,40516.0,18269
1726074000,40516.0,40731.0,40515.0,40663.0,15767
1726077600,40660.0,40848.0,40634.0,40762.0,14943
1726081200,40762.0,40950.0,40747.0,40880.0,17866
1726084800,40879.0,40909.0,40868.0,40875.0,5513
1726092000,40855.0,40899.0,40855.0,40883.0,0
1726095600,40883.0,40888.0,40873.0,40880.0,577
1726099200,40881.0,40914.0,40873.0,40882.0,1048
1726102800,40882.0,40908.0,40866.0,40902.0,860
1726106400,40901.0,40920.0,40890.0,40902.0,726
1726110000,40901.0,40941.0,40891.0,40936.0,419
1726113600,40933.0,40949.0,40928.0,40949.0,608
1726117200,40951.0,40974.0,40943.0,40965.0,870
1726120800,40967.0,40978.0,40921.0,40923.0,1432
1726124400,40922.0,41014.0,40922.0,40964.0,2533
1726128000,40962.0,40984.0,40929.0,40955.0,1811
1726131600,40955.0,41000.0,40949.0,40966.0,1124
1726135200,40965.0,40995.0,40962.0,40980.0,1188
1726138800,40975.0,40985.0,40958.0,40977.0,1521
1726142400,40979.0,41100.0,40928.0,40941.0,5119
1726146000,40940.0,41037.0,40732.0,40738.0,28920
1726149600,40740.0,40926.0,40702.0,40844.0,21111
1726153200,40805.0,40913.0,40805.0,40823.0,11715
1726156800,40822.0,41017.0,40812.0,41005.0,8088
1726160400,41006.0,41132.0,40997.0,41097.0,9752
1726164000,41099.0,41129.0,40922.0,41059.0,11134
1726167600,41060.0,41159.0,41030.0,41152.0,14425
1726171200,41152.0,41156.0,41115.0,41119.0,3877
1726178400,41134.0,41164.0,41127.0,41155.0,0
1726182000,41156.0,41189.0,41156.0,41172.0,884
1726185600,41173.0,41204.0,41171.0,41191.0,1086
1726189200,41192.0,41195.0,41164.0,41175.0,700
1726192800,41175.0,41179.0,41142.0,41147.0,722
1726196400,41149.0,41182.0,41148.0,41173.0,449
1726200000,41174.0,41177.0,41165.0,41168.0,461
1726203600,41170.0,41203.0,41153.0,41153.0,1090
1726207200,41156.0,41166.0,41144.0,41149.0,1048
1726210800,41149.0,41237.0,41149.0,41194.0,2157
1726214400,41191.0,41191.0,41142.0,41165.0,2878
1726218000,41166.0,41232.0,41162.0,41211.0,1838
1726221600,41209.0,41232.0,41203.0,41229.0,1131
1726225200,41232.0,41232.0,41174.0,41200.0,1676
1726228800,41201.0,41244.0,41170.0,41226.0,3291
1726232400,41230.0,41377.0,41170.0,41355.0,30486
1726236000,41363.0,41501.0,41272.0,41421.0,39846
1726239600,41419.0,41569.0,41378.0,41542.0,26931
1726243200,41541.0,41555.0,41381.0,41424.0,17965
1726246800,41423.0,41538.0,41419.0,41459.0,13076
1726250400,41457.0,41501.0,41359.0,41409.0,22737
1726254000,41408.0,41463.0,41374.0,41432.0,15198
1726257600,41431.0,41453.0,41401.0,41425.0,2970
1726437600,41422.0,41436.0,41388.0,41428.0,361
1726441200,41426.0,41475.0,41426.0,41470.0,489
1726444800,41471.0,41473.0,41448.0,41459.0,298
1726448400,41459.0,41469.0,41432.0,41467.0,250
1726452000,41468.0,41470.0,41456.0,41462.0,208
1726455600,41466.0,41470.0,41456.0,41468.0,227
1726459200,41468.0,41470.0,41460.0,41460.0,186
1726462800,41460.0,41464.0,41443.0,41453.0,274
1726466400,41452.0,41452.0,41410.0,41416.0,759
1726470000,41417.0,41452.0,41399.0,41450.0,828
1726473600,41448.0,41491.0,41440.0,41489.0,1078
1726477200,41492.0,41529.0,41491.0,41495.0,1112
1726480800,41494.0,41522.0,41484.0,41516.0,1137
1726484400,41512.0,41546.0,41507.0,41544.0,971
1726488000,41545.0,41548.0,41507.0,41533.0,3575
1726491600,41542.0,41785.0,41517.0,41758.0,19368
1726495200,41763.0,41763.0,41502.0,41574.0,16689
1726498800,41567.0,41602.0,41494.0,41562.0,8697
1726502400,41561.0,41589.0,41507.0,41566.0,7645
1726506000,41565.0,41626.0,41538.0,41626.0,6131
1726509600,41625.0,41687.0,41607.0,41687.0,7946
1726513200,41684.0,41700.0,41623.0,41665.0,9072
1726516800,41666.0,41669.0,41636.0,41637.0,1200
1726524000,41656.0,41670.0,41637.0,41656.0,0
1726527600,41658.0,41664.0,41635.0,41640.0,147
1726531200,41639.0,41649.0,41614.0,41621.0,153
1726534800,41618.0,41644.0,41617.0,41637.0,198
1726538400,41638.0,41638.0,41624.0,41634.0,236
1726542000,41631.0,41636.0,41619.0,41625.0,179
1726545600,41630.0,41643.0,41626.0,41643.0,152
1726549200,41645.0,41651.0,41638.0,41651.0,158
1726552800,41655.0,41683.0,41650.0,41683.0,410
1726556400,41682.0,41726.0,41676.0,41700.0,667
1726560000,41701.0,41736.0,41701.0,41732.0,665
1726563600,41735.0,41766.0,41733.0,41756.0,1082
1726567200,41757.0,41784.0,41751.0,41753.0,1279
1726570800,41754.0,41802.0,41726.0,41784.0,1355
1726574400,41785.0,41805.0,41764.0,41796.0,1764
1726578000,41801.0,41823.0,41680.0,41697.0,10109
1726581600,41693.0,41872.0,41685.0,41747.0,9521
1726585200,41811.0,41844.0,41747.0,41747.0,5476
1726588800,41756.0,41766.0,41503.0,41571.0,10679
1726592400,41573.0,41670.0,41518.0,41645.0,5393
1726596000,41647.0,41688.0,41537.0,41607.0,5513
1726599600,41599.0,41635.0,41548.0,41635.0,3331
1726603200,41647.0,41687.0,41644.0,41662.0,0
1726610400,41652.0,41661.0,41645.0,41661.0,31
1726614000,41660.0,41685.0,41657.0,41685.0,41
1726617600,41676.0,41686.0,41666.0,41680.0,126
1726621200,41679.0,41700.0,41675.0,41694.0,132
1726624800,41695.0,41700.0,41691.0,41696.0,108
1726628400,41695.0,41696.0,41677.0,41677.0,229
1726632000,41676.0,41691.0,41673.0,41678.0,101
1726635600,41680.0,41699.0,41671.0,41697.0,156
1726639200,41695.0,41725.0,41688.0,41702.0,320
1726642800,41703.0,41709.0,41665.0,41670.0,656
1726646400,41666.0,41691.0,41660.0,41689.0,733
1726650000,41685.0,41715.0,41675.0,41713.0,473
1726653600,41713.0,41716.0,41696.0,41701.0,570
1726657200,41700.0,41701.0,41675.0,41675.0,803
1726660800,41671.0,41709.0,41656.0,41691.0,862
1726664400,41695.0,41701.0,41520.0,41537.0,3629
1726668000,41535.0,41604.0,41507.0,41558.0,2764
1726671600,41562.0,41606.0,41551.0,41554.0,2636
1726675200,41543.0,41664.0,41522.0,41656.0,1485
1726678800,41653.0,41720.0,41602.0,41602.0,1390
1726682400,41564.0,42018.0,41540.0,41685.0,6479
1726686000,41664.0,41798.0,41470.0,41525.0,5973
1726689600,41521.0,41612.0,41521.0,41597.0,972
1726696800,41592.0,41644.0,41590.0,41614.0,0
1726700400,41625.0,41715.0,41580.0,41708.0,355
1726704000,41725.0,41767.0,41617.0,41634.0,474
1726707600,41626.0,41673.0,41598.0,41673.0,261
1726711200,41683.0,41785.0,41680.0,41771.0,285
1726714800,41778.0,41790.0,41749.0,41788.0,122
1726718400,41785.0,41791.0,41772.0,41786.0,114
1726722000,41783.0,41786.0,41757.0,41783.0,272
1726725600,41774.0,41815.0,41754.0,41799.0,235
1726729200,41794.0,41868.0,41775.0,41868.0,243
1726732800,41865.0,41928.0,41849.0,41921.0,303
1726736400,41922.0,42004.0,41916.0,41987.0,328
1726740000,41996.0,42029.0,41980.0,42006.0,268
1726743600,42011.0,42051.0,41982.0,42012.0,484
1726747200,42015.0,42037.0,41978.0,41978.0,708
1726750800,41964.0,42120.0,41879.0,42009.0,4223
1726754400,42026.0,42072.0,41883.0,41920.0,2934
1726758000,41914.0,41978.0,41842.0,41934.0,2846
1726761600,41941.0,42102.0,41940.0,42049.0,882
1726765200,42051.0,42190.0,42039.0,42156.0,1633
1726768800,42161.0,42180.0,42029.0,42110.0,2414
1726772400,42108.0,42133.0,42010.0,42053.0,2878
1726776000,42036.0,42100.0,42028.0,42083.0,273
1726783200,42078.0,42078.0,42047.0,42047.0,0
1726786800,42062.0,42079.0,42055.0,42055.0,36
1726790400,42056.0,42060.0,42037.0,42049.0,47
1726794000,42050.0,42053.0,42048.0,42053.0,66
1726797600,42060.0,42060.0,42039.0,42042.0,39
1726801200,42035.0,42061.0,42029.0,42061.0,74
1726804800,42049.0,42065.0,42049.0,42060.0,21
1726808400,42058.0,42058.0,42037.0,42037.0,41
1726812000,42045.0,42055.0,42029.0,42029.0,45
1726815600,42037.0,42049.0,42011.0,42048.0,43
1726819200,42044.0,42044.0,42031.0,42038.0,39
1726822800,42047.0,42047.0,42045.0,42045.0,34
1726826400,42046.0,42089.0,42046.0,42072.0,272
1726830000,42070.0,42070.0,42030.0,42041.0,134
1726833600,42066.0,42092.0,42066.0,42081.0,124
1726837200,42061.0,42061.0,41836.0,41836.0,0
1726862400,42436.0,42436.0,42436.0,42436.0,112059
1727042400,42475.0,42475.0,42397.0,42436.0,851
1727046000,42435.0,42464.0,42431.0,42462.0,381
1727049600,42465.0,42510.0,42450.0,42500.0,1221
1727053200,42498.0,42519.0,42494.0,42505.0,649
1727056800,42507.0,42517.0,42497.0,42511.0,694
1727060400,42510.0,42525.0,42507.0,42507.0,394
1727064000,42506.0,42521.0,42506.0,42518.0,266
1727067600,42518.0,42524.0,42502.0,42504.0,541
1727071200,42506.0,42507.0,42459.0,42460.0,1046
1727074800,42461.0,42464.0,42322.0,42426.0,3438
1727078400,42425.0,42456.0,42407.0,42449.0,1692
1727082000,42453.0,42472.0,42414.0,42470.0,905
1727085600,42472.0,42485.0,42456.0,42456.0,761
1727089200,42457.0,42478.0,42438.0,42474.0,1129
1727092800,42471.0,42495.0,42450.0,42487.0,1733
1727096400,42489.0,42561.0,42392.0,42400.0,19182
1727100000,42402.0,42535.0,42381.0,42501.0,14648
1727103600,42494.0,42507.0,42425.0,42460.0,9404
1727107200,42458.0,42484.0,42404.0,42448.0,7755
1727110800,42448.0,42507.0,42412.0,42498.0,6578
1727114400,42497.0,42524.0,42473.0,42499.0,5934
1727118000,42496.0,42520.0,42467.0,42496.0,9707
1727121600,42496.0,42509.0,42475.0,42485.0,1922
1727128800,42485.0,42486.0,42450.0,42451.0,0
1727132400,42451.0,42465.0,42440.0,42459.0,506
1727136000,42458.0,42467.0,42422.0,42438.0,590
1727139600,42439.0,42480.0,42419.0,42435.0,1171
1727143200,42432.0,42438.0,42412.0,42424.0,652
1727146800,42425.0,42432.0,42409.0,42423.0,573
1727150400,42425.0,42456.0,42424.0,42454.0,566
1727154000,42455.0,42482.0,42455.0,42474.0,837
1727157600,42474.0,42532.0,42466.0,42522.0,1177
1727161200,42524.0,42553.0,42485.0,42546.0,1918
1727164800,42548.0,42592.0,42541.0,42589.0,2081
1727168400,42589.0,42596.0,42557.0,42566.0,1189
1727172000,42565.0,42583.0,42528.0,42532.0,977
1727175600,42532.0,42570.0,42471.0,42546.0,3396
1727179200,42546.0,42569.0,42527.0,42557.0,2204
1727182800,42575.0,42615.0,42485.0,42530.0,20530
1727186400,42524.0,42622.0,42448.0,42602.0,21651
1727190000,42602.0,42655.0,42488.0,42527.0,15041
1727193600,42528.0,42554.0,42473.0,42506.0,7444
1727197200,42506.0,42554.0,42482.0,42489.0,5197
1727200800,42492.0,42519.0,42417.0,42493.0,7766
1727204400,42491.0,42609.0,42487.0,42600.0,11201
1727208000,42600.0,42603.0,42491.0,42563.0,4688
1727215200,42563.0,42563.0,42537.0,42546.0,0
1727218800,42547.0,42554.0,42538.0,42542.0,231
1727222400,42543.0,42547.0,42508.0,42512.0,539
1727226000,42509.0,42519.0,42494.0,42502.0,699
1727229600,42501.0,42508.0,42492.0,42494.0,377
1727233200,42493.0,42519.0,42488.0,42506.0,505
1727236800,42510.0,42516.0,42499.0,42501.0,282
1727240400,42500.0,42515.0,42462.0,42479.0,854
1727244000,42478.0,42489.0,42462.0,42463.0,1007
1727247600,42466.0,42537.0,42466.0,42537.0,1262
1727251200,42536.0,42571.0,42536.0,42565.0,1402
1727254800,42564.0,42576.0,42544.0,42569.0,942
1727258400,42570.0,42633.0,42570.0,42633.0,1749
1727262000,42637.0,42637.0,42574.0,42592.0,1987
1727265600,42592.0,42599.0,42566.0,42568.0,1718
1727269200,42568.0,42678.0,42467.0,42477.0,24891
1727272800,42484.0,42529.0,42371.0,42425.0,22346
1727276400,42428.0,42439.0,42333.0,42350.0,13280
1727280000,42350.0,42371.0,42290.0,42312.0,10972
1727283600,42312.0,42340.0,42208.0,42337.0,13736
1727287200,42336.0,42346.0,42251.0,42313.0,8899
1727290800,42311.0,42330.0,42248.0,42281.0,11652
1727294400,42282.0,42303.0,42243.0,42265.0,3443
1727301600,42276.0,42276.0,42231.0,42254.0,0
1727305200,42255.0,42289.0,42248.0,42286.0,764
1727308800,42284.0,42332.0,42283.0,42325.0,1146
1727312400,42325.0,42342.0,42316.0,42337.0,779
1727316000,42339.0,42352.0,42333.0,42345.0,540
1727319600,42345.0,42379.0,42345.0,42372.0,672
1727323200,42376.0,42379.0,42366.0,42374.0,512
1727326800,42374.0,42423.0,42362.0,42415.0,1142
1727330400,42415.0,42452.0,42414.0,42429.0,1911
1727334000,42430.0,42451.0,42404.0,42449.0,1903
1727337600,42448.0,42492.0,42436.0,42488.0,3019
1727341200,42487.0,42487.0,42468.0,42481.0,986
1727344800,42477.0,42496.0,42468.0,42492.0,1177
1727348400,42493.0,42504.0,42444.0,42448.0,2328
1727352000,42447.0,42485.0,42426.0,42464.0,4035
1727355600,42464.0,42561.0,42450.0,42491.0,24588
1727359200,42491.0,42571.0,42400.0,42487.0,18463
1727362800,42486.0,42571.0,42448.0,42553.0,12414
1727366400,42551.0,42562.0,42500.0,42512.0,7408
1727370000,42511.0,42545.0,42435.0,42533.0,7788
1727373600,42536.0,42594.0,42530.0,42556.0,6990
1727377200,42557.0,42581.0,42475.0,42542.0,10044
1727380800,42541.0,42565.0,42537.0,42544.0,2264
1727388000,42538.0,42598.0,42534.0,42565.0,0
1727391600,42566.0,42571.0,42536.0,42549.0,590
1727395200,42551.0,42558.0,42525.0,42547.0,844
1727398800,42548.0,42555.0,42513.0,42520.0,805
1727402400,42519.0,42535.0,42511.0,42529.0,630
1727406000,42531.0,42542.0,42522.0,42537.0,457
1727409600,42536.0,42556.0,42536.0,42554.0,897
1727413200,42553.0,42568.0,42528.0,42563.0,1020
1727416800,42564.0,42584.0,42511.0,42513.0,1970
1727420400,42514.0,42540.0,42489.0,42491.0,1724
1727424000,42493.0,42549.0,42493.0,42528.0,1539
1727427600,42529.0,42561.0,42517.0,42542.0,1200
1727431200,42542.0,42568.0,42529.0,42529.0,981
1727434800,42529.0,42564.0,42524.0,42560.0,1317
1727438400,42560.0,42654.0,42556.0,42638.0,4418
1727442000,42638.0,42744.0,42589.0,42715.0,20723
1727445600,42722.0,42919.0,42677.0,42904.0,24526
1727449200,42903.0,43004.0,42892.0,42915.0,17591
1727452800,42912.0,42913.0,42720.0,42727.0,13822
1727456400,42727.0,42773.0,42687.0,42745.0,8868
1727460000,42745.0,42760.0,42605.0,42742.0,11735
1727463600,42741.0,42751.0,42648.0,42655.0,12168
1727467200,42655.0,42665.0,42620.0,42628.0,3542
1727647200,42648.0,42666.0,42585.0,42660.0,904
1727650800,42660.0,42707.0,42652.0,42690.0,1500
1727654400,42692.0,42715.0,42674.0,42682.0,1232
1727658000,42681.0,42686.0,42631.0,42650.0,1321
1727661600,42648.0,42672.0,42636.0,42672.0,466
1727665200,42672.0,42678.0,42664.0,42672.0,544
1727668800,42675.0,42677.0,42659.0,42667.0,390
1727672400,42666.0,42674.0,42639.0,42644.0,1038
1727676000,42645.0,42651.0,42583.0,42593.0,1826
1727679600,42592.0,42640.0,42571.0,42615.0,1978
1727683200,42615.0,42647.0,42603.0,42628.0,2543
1727686800,42630.0,42657.0,42596.0,42635.0,1296
1727690400,42634.0,42646.0,42606.0,42615.0,1214
1727694000,42618.0,42624.0,42573.0,42603.0,2218
1727697600,42601.0,42609.0,42569.0,42575.0,2467
1727701200,42574.0,42608.0,42402.0,42459.0,23996
1727704800,42458.0,42646.0,42433.0,42569.0,16506
1727708400,42574.0,42600.0,42481.0,42533.0,9625
1727712000,42531.0,42572.0,42517.0,42538.0,5915
1727715600,42536.0,42544.0,42483.0,42517.0,6787
1727719200,42514.0,42519.0,42245.0,42442.0,25808
1727722800,42443.0,42673.0,42397.0,42654.0,20509
1727726400,42652.0,42653.0,42595.0,42596.0,3312
1727733600,42605.0,42609.0,42569.0,42597.0,0
1727737200,42597.0,42601.0,42574.0,42598.0,465
1727740800,42597.0,42626.0,42576.0,42617.0,624
1727744400,42617.0,42653.0,42615.0,42651.0,670
1727748000,42652.0,42654.0,42627.0,42633.0,492
1727751600,42634.0,42637.0,42620.0,42630.0,385
1727755200,42628.0,42631.0,42617.0,42620.0,296
1727758800,42618.0,42624.0,42599.0,42604.0,516
1727762400,42606.0,42641.0,42595.0,42613.0,880
1727766000,42612.0,42612.0,42521.0,42582.0,1642
1727769600,42584.0,42587.0,42532.0,42538.0,1462
1727773200,42540.0,42541.0,42513.0,42531.0,883
1727776800,42532.0,42546.0,42484.0,42541.0,2396
1727780400,42539.0,42578.0,42531.0,42540.0,1233
1727784000,42538.0,42556.0,42509.0,42530.0,2016
1727787600,42527.0,42602.0,42319.0,42422.0,28325
1727791200,42414.0,42472.0,42252.0,42424.0,34147
1727794800,42425.0,42544.0,42283.0,42512.0,17898
1727798400,42510.0,42561.0,42345.0,42472.0,16036
1727802000,42469.0,42533.0,42309.0,42530.0,16554
1727805600,42529.0,42656.0,42527.0,42611.0,14659
1727809200,42612.0,42616.0,42460.0,42487.0,14228
1727812800,42486.0,42519.0,42434.0,42439.0,4566
1727820000,42456.0,42472.0,42355.0,42380.0,0
1727823600,42385.0,42410.0,42343.0,42383.0,1098
1727827200,42389.0,42436.0,42381.0,42407.0,791
1727830800,42408.0,42446.0,42400.0,42442.0,814
1727834400,42443.0,42455.0,42404.0,42414.0,653
1727838000,42412.0,42436.0,42393.0,42418.0,758
1727841600,42421.0,42421.0,42361.0,42378.0,546
1727845200,42375.0,42386.0,42307.0,42360.0,1155
1727848800,42360.0,42364.0,42315.0,42336.0,1691
1727852400,42335.0,42393.0,42306.0,42360.0,1904
1727856000,42363.0,42401.0,42341.0,42352.0,1677
1727859600,42353.0,42354.0,42286.0,42317.0,1949
1727863200,42313.0,42383.0,42286.0,42374.0,2992
1727866800,42378.0,42390.0,42293.0,42374.0,3451
1727870400,42375.0,42436.0,42358.0,42433.0,5157
1727874000,42433.0,42521.0,42285.0,42452.0,30191
1727877600,42448.0,42572.0,42378.0,42477.0,18952
1727881200,42476.0,42581.0,42453.0,42549.0,9906
1727884800,42550.0,42550.0,42426.0,42427.0,7165
1727888400,42427.0,42523.0,42414.0,42518.0,7244
1727892000,42517.0,42548.0,42426.0,42523.0,6187
1727895600,42522.0,42552.0,42492.0,42512.0,7531
1727899200,42511.0,42563.0,42495.0,42543.0,1892
1727906400,42549.0,42575.0,42537.0,42543.0,0
1727910000,42541.0,42552.0,42527.0,42542.0,411
1727913600,42542.0,42542.0,42477.0,42502.0,879
1727917200,42502.0,42518.0,42462.0,42488.0,860
1727920800,42486.0,42501.0,42469.0,42470.0,529
1727924400,42469.0,42485.0,42452.0,42460.0,544
1727928000,42462.0,42468.0,42441.0,42445.0,227
1727931600,42445.0,42460.0,42435.0,42440.0,474
1727935200,42438.0,42474.0,42431.0,42457.0,974
1727938800,42456.0,42469.0,42275.0,42313.0,3594
1727942400,42312.0,42376.0,42300.0,42357.0,2308
1727946000,42359.0,42389.0,42333.0,42363.0,937
1727949600,42362.0,42384.0,42335.0,42383.0,979
1727953200,42385.0,42438.0,42364.0,42437.0,1360
1727956800,42437.0,42450.0,42353.0,42356.0,3243
1727960400,42357.0,42404.0,42143.0,42235.0,24371
1727964000,42236.0,42440.0,42198.0,42229.0,33845
1727967600,42227.0,42384.0,42194.0,42351.0,12219
1727971200,42352.0,42430.0,42170.0,42211.0,14258
1727974800,42212.0,42260.0,42158.0,42256.0,11757
1727978400,42256.0,42291.0,42228.0,42254.0,5592
1727982000,42253.0,42340.0,42205.0,42312.0,11737
1727985600,42312.0,42326.0,42285.0,42296.0,3044
1727992800,42280.0,42316.0,42260.0,42295.0,0
1727996400,42298.0,42309.0,42275.0,42298.0,540
1728000000,42297.0,42304.0,42252.0,42290.0,717
1728003600,42288.0,42349.0,42268.0,42336.0,901
1728007200,42337.0,42353.0,42324.0,42329.0,638
1728010800,42329.0,42331.0,42304.0,42311.0,478
1728014400,42312.0,42332.0,42295.0,42302.0,428
1728018000,42303.0,42320.0,42298.0,42304.0,478
1728021600,42305.0,42312.0,42268.0,42270.0,616
1728025200,42256.0,42340.0,42256.0,42334.0,1455
1728028800,42336.0,42337.0,42268.0,42275.0,1377
1728032400,42273.0,42308.0,42268.0,42303.0,723
1728036000,42303.0,42365.0,42301.0,42333.0,1465
1728039600,42334.0,42396.0,42334.0,42391.0,1639
1728043200,42393.0,42588.0,42369.0,42574.0,9535
1728046800,42574.0,42641.0,42462.0,42485.0,23657
1728050400,42486.0,42565.0,42267.0,42384.0,24293
1728054000,42385.0,42448.0,42272.0,42447.0,11297
1728057600,42451.0,42539.0,42393.0,42499.0,7465
1728061200,42500.0,42553.0,42409.0,42448.0,5731
1728064800,42447.0,42557.0,42406.0,42550.0,5501
1728068400,42548.0,42667.0,42524.0,42643.0,12111
1728072000,42644.0,42663.0,42622.0,42633.0,3479
1728252000,42640.0,42699.0,42640.0,42687.0,1080
1728255600,42688.0,42704.0,42670.0,42672.0,394
1728259200,42672.0,42678.0,42638.0,42649.0,951
1728262800,42651.0,42691.0,42635.0,42653.0,988
1728266400,42652.0,42673.0,42632.0,42637.0,411
1728270000,42637.0,42646.0,42617.0,42634.0,402
1728273600,42632.0,42647.0,42628.0,42632.0,255
1728277200,42632.0,42635.0,42599.0,42606.0,444
1728280800,42604.0,42618.0,42576.0,42606.0,1129
1728284400,42604.0,42604.0,42480.0,42502.0,3239
1728288000,42497.0,42537.0,42484.0,42485.0,2354
1728291600,42485.0,42485.0,42424.0,42455.0,2400
1728295200,42455.0,42482.0,42444.0,42475.0,1023
1728298800,42472.0,42486.0,42450.0,42478.0,1012
1728302400,42477.0,42501.0,42471.0,42489.0,1833
1728306000,42490.0,42566.0,42422.0,42525.0,21965
1728309600,42525.0,42594.0,42480.0,42487.0,12888
1728313200,42483.0,42545.0,42429.0,42429.0,8987
1728316800,42431.0,42439.0,42353.0,42416.0,9368
1728320400,42430.0,42442.0,42314.0,42344.0,7490
1728324000,42344.0,42346.0,42117.0,42131.0,17966
1728327600,42132.0,42312.0,42121.0,42246.0,14308
1728331200,42273.0,42280.0,42245.0,42258.0,5027
1728338400,42260.0,42274.0,42091.0,42210.0,0
1728342000,42208.0,42253.0,42201.0,42224.0,1046
1728345600,42233.0,42281.0,42233.0,42263.0,790
1728349200,42266.0,42266.0,42207.0,42233.0,924
1728352800,42233.0,42242.0,42193.0,42230.0,747
1728356400,42234.0,42240.0,42200.0,42206.0,377
1728360000,42215.0,42234.0,42212.0,42230.0,175
1728363600,42228.0,42235.0,42193.0,42208.0,420
1728367200,42212.0,42238.0,42187.0,42227.0,826
1728370800,42230.0,42264.0,42164.0,42231.0,1547
1728374400,42234.0,42255.0,42187.0,42242.0,1924
1728378000,42247.0,42341.0,42247.0,42286.0,2334
1728381600,42287.0,42318.0,42267.0,42318.0,1217
1728385200,42315.0,42328.0,42277.0,42313.0,1077
1728388800,42315.0,42324.0,42284.0,42304.0,1721
1728392400,42308.0,42381.0,42164.0,42263.0,18914
1728396000,42264.0,42316.0,42183.0,42269.0,12517
1728399600,42273.0,42337.0,42250.0,42329.0,5940
1728403200,42326.0,42352.0,42296.0,42313.0,4372
1728406800,42311.0,42314.0,42222.0,42303.0,4479
1728410400,42306.0,42394.0,42300.0,42377.0,4420
1728414000,42376.0,42427.0,42352.0,42376.0,8707
1728417600,42375.0,42387.0,42355.0,42361.0,1731
1728424800,42375.0,42382.0,42358.0,42377.0,0
1728428400,42379.0,42387.0,42358.0,42360.0,231
1728432000,42361.0,42362.0,42336.0,42341.0,627
1728435600,42340.0,42361.0,42340.0,42355.0,672
1728439200,42353.0,42353.0,42319.0,42333.0,599
1728442800,42331.0,42339.0,42323.0,42333.0,258
1728446400,42335.0,42340.0,42322.0,42328.0,122
1728450000,42330.0,42351.0,42315.0,42322.0,580
1728453600,42323.0,42338.0,42299.0,42304.0,853
1728457200,42305.0,42315.0,42263.0,42308.0,1288
1728460800,42307.0,42310.0,42254.0,42276.0,1183
1728464400,42275.0,42352.0,42275.0,42332.0,962
1728468000,42332.0,42369.0,42325.0,42351.0,748
1728471600,42348.0,42360.0,42327.0,42353.0,981
1728475200,42355.0,42375.0,42314.0,42356.0,2046
1728478800,42358.0,42542.0,42288.0,42527.0,18491
1728482400,42525.0,42590.0,42433.0,42546.0,16676
1728486000,42548.0,42790.0,42543.0,42746.0,14791
1728489600,42746.0,42779.0,42686.0,42716.0,8666
1728493200,42715.0,42804.0,42688.0,42725.0,9291
1728496800,42725.0,42768.0,42691.0,42741.0,7343
1728500400,42744.0,42864.0,42718.0,42804.0,15286
1728504000,42803.0,42817.0,42778.0,42808.0,3828
1728511200,42805.0,42821.0,42791.0,42817.0,0
1728514800,42819.0,42833.0,42810.0,42823.0,429
1728518400,42824.0,42837.0,42811.0,42826.0,506
1728522000,42827.0,42845.0,42823.0,42834.0,368
1728525600,42832.0,42843.0,42821.0,42840.0,346
1728529200,42838.0,42843.0,42820.0,42834.0,334
1728532800,42831.0,42834.0,42821.0,42823.0,235
1728536400,42822.0,42830.0,42793.0,42795.0,500
1728540000,42793.0,42805.0,42776.0,42791.0,951
1728543600,42790.0,42806.0,42740.0,42743.0,1103
1728547200,42745.0,42769.0,42730.0,42754.0,1275
1728550800,42756.0,42775.0,42739.0,42772.0,809
1728554400,42773.0,42786.0,42757.0,42757.0,1255
1728558000,42756.0,42784.0,42744.0,42780.0,1517
1728561600,42781.0,42849.0,42663.0,42716.0,7716
1728565200,42713.0,42795.0,42647.0,42699.0,20981
1728568800,42701.0,42782.0,42617.0,42643.0,14114
1728572400,42644.0,42756.0,42622.0,42729.0,8163
1728576000,42729.0,42794.0,42676.0,42699.0,8454
1728579600,42700.0,42715.0,42598.0,42704.0,10543
1728583200,42706.0,42706.0,42587.0,42631.0,6159
1728586800,42629.0,42759.0,42611.0,42748.0,10588
1728590400,42747.0,42777.0,42733.0,42750.0,2646
1728597600,42752.0,42770.0,42746.0,42756.0,0
1728601200,42758.0,42797.0,42758.0,42792.0,547
1728604800,42791.0,42799.0,42762.0,42766.0,571
1728608400,42766.0,42781.0,42760.0,42765.0,338
1728612000,42766.0,42766.0,42747.0,42753.0,293
1728615600,42754.0,42761.0,42741.0,42758.0,315
1728619200,42759.0,42759.0,42738.0,42739.0,183
1728622800,42738.0,42742.0,42722.0,42737.0,329
1728626400,42734.0,42737.0,42713.0,42715.0,762
1728630000,42716.0,42727.0,42683.0,42718.0,1127
1728633600,42715.0,42734.0,42682.0,42698.0,1396
1728637200,42699.0,42719.0,42667.0,42678.0,880
1728640800,42675.0,42759.0,42666.0,42757.0,4123
1728644400,42758.0,42776.0,42727.0,42729.0,1585
1728648000,42731.0,42802.0,42714.0,42735.0,5609
1728651600,42736.0,42940.0,42726.0,42913.0,21755
1728655200,42912.0,43070.0,42883.0,43036.0,22024
1728658800,43035.0,43115.0,43018.0,43091.0,11720
1728662400,43089.0,43094.0,42976.0,43030.0,8794
1728666000,43032.0,43079.0,42987.0,43073.0,6175
1728669600,43073.0,43143.0,43050.0,43114.0,8069
1728673200,43113.0,43179.0,43103.0,43143.0,13525
1728676800,43144.0,43151.0,43091.0,43104.0,4393
1728856800,43110.0,43145.0,43091.0,43139.0,784
1728860400,43137.0,43150.0,43114.0,43123.0,600
1728864000,43122.0,43141.0,43116.0,43133.0,644
1728867600,43130.0,43147.0,43118.0,43129.0,768
1728871200,43126.0,43144.0,43107.0,43143.0,608
1728874800,43144.0,43153.0,43132.0,43144.0,325
1728878400,43142.0,43145.0,43129.0,43134.0,316
1728882000,43134.0,43141.0,43119.0,43124.0,618
1728885600,43125.0,43140.0,43115.0,43139.0,840
1728889200,43138.0,43169.0,43117.0,43169.0,1021
1728892800,43168.0,43168.0,43096.0,43103.0,2090
1728896400,43105.0,43123.0,43102.0,43110.0,787
1728900000,43108.0,43130.0,43072.0,43078.0,1948
1728903600,43077.0,43086.0,43056.0,43062.0,1591
1728907200,43062.0,43085.0,43059.0,43075.0,1705
1728910800,43075.0,43131.0,42987.0,43084.0,18450
1728914400,43089.0,43206.0,43063.0,43192.0,12819
1728918000,43192.0,43313.0,43163.0,43309.0,8909
1728921600,43311.0,43350.0,43298.0,43335.0,5448
1728925200,43334.0,43348.0,43280.0,43291.0,3931
1728928800,43290.0,43389.0,43268.0,43358.0,6116
1728932400,43359.0,43415.0,43333.0,43364.0,8883
1728936000,43363.0,43421.0,43350.0,43414.0,3541
1728943200,43400.0,43424.0,43394.0,43404.0,0
1728946800,43403.0,43429.0,43399.0,43416.0,420
1728950400,43418.0,43421.0,43390.0,43416.0,923
1728954000,43413.0,43437.0,43408.0,43430.0,500
1728957600,43430.0,43437.0,43423.0,43423.0,245
1728961200,43426.0,43432.0,43415.0,43422.0,458
1728964800,43420.0,43424.0,43416.0,43418.0,107
1728968400,43416.0,43418.0,43389.0,43392.0,700
1728972000,43395.0,43421.0,43390.0,43419.0,936
1728975600,43419.0,43445.0,43398.0,43429.0,1119
1728979200,43427.0,43443.0,43403.0,43417.0,1828
1728982800,43417.0,43434.0,43356.0,43370.0,5204
1728986400,43373.0,43389.0,43323.0,43347.0,6445
1728990000,43349.0,43420.0,43331.0,43376.0,4350
1728993600,43375.0,43384.0,43314.0,43322.0,2787
1728997200,43320.0,43322.0,43023.0,43036.0,30661
1729000800,43036.0,43221.0,43031.0,43183.0,24733
1729004400,43186.0,43273.0,43148.0,43170.0,12527
1729008000,43173.0,43275.0,43153.0,43201.0,6457
1729011600,43202.0,43226.0,43113.0,43119.0,5740
1729015200,43122.0,43140.0,43044.0,43065.0,7654
1729018800,43066.0,43071.0,42964.0,43018.0,18511
1729022400,43018.0,43029.0,42980.0,43003.0,3529
1729029600,43009.0,43025.0,42966.0,43009.0,0
1729033200,43011.0,43027.0,43002.0,43006.0,482
1729036800,43006.0,43020.0,42995.0,43002.0,429
1729040400,43003.0,43025.0,42990.0,43012.0,529
1729044000,43014.0,43017.0,43006.0,43010.0,328
1729047600,43008.0,43020.0,43004.0,43019.0,267
1729051200,43013.0,43017.0,43002.0,43005.0,173
1729054800,43007.0,43008.0,42990.0,42999.0,380
1729058400,42999.0,42999.0,42976.0,42980.0,920
1729062000,42982.0,43006.0,42937.0,42994.0,2054
1729065600,42995.0,43007.0,42970.0,42990.0,1415
1729069200,42990.0,43001.0,42974.0,43001.0,834
1729072800,43005.0,43005.0,42984.0,43002.0,943
1729076400,43006.0,43047.0,43003.0,43039.0,1681
1729080000,43039.0,43051.0,43015.0,43020.0,1626
1729083600,43017.0,43157.0,42948.0,43126.0,19500
1729087200,43125.0,43243.0,43122.0,43210.0,17422
1729090800,43214.0,43226.0,43169.0,43214.0,7295
1729094400,43217.0,43283.0,43217.0,43268.0,7392
1729098000,43269.0,43283.0,43224.0,43268.0,4914
1729101600,43268.0,43369.0,43267.0,43344.0,8040
1729105200,43345.0,43367.0,43312.0,43335.0,9268
1729108800,43335.0,43356.0,43317.0,43341.0,2590
1729116000,43341.0,43341.0,43310.0,43326.0,0
1729119600,43324.0,43326.0,43298.0,43302.0,446
1729123200,43302.0,43318.0,43284.0,43308.0,703
1729126800,43310.0,43321.0,43287.0,43303.0,471
1729130400,43301.0,43310.0,43265.0,43291.0,471
1729134000,43293.0,43299.0,43279.0,43281.0,276
1729137600,43281.0,43285.0,43272.0,43279.0,260
1729141200,43277.0,43309.0,43272.0,43293.0,580
1729144800,43292.0,43313.0,43254.0,43312.0,2317
1729148400,43311.0,43360.0,43303.0,43353.0,1683
1729152000,43350.0,43359.0,43305.0,43355.0,2506
1729155600,43356.0,43386.0,43349.0,43378.0,1327
1729159200,43377.0,43404.0,43307.0,43382.0,5052
1729162800,43383.0,43426.0,43359.0,43365.0,3517
1729166400,43366.0,43474.0,43357.0,43436.0,4210
1729170000,43433.0,43542.0,43402.0,43482.0,22359
1729173600,43486.0,43497.0,43389.0,43430.0,14902
1729177200,43431.0,43516.0,43372.0,43488.0,9448
1729180800,43485.0,43534.0,43436.0,43534.0,6356
1729184400,43535.0,43550.0,43503.0,43542.0,6687
1729188000,43541.0,43546.0,43424.0,43516.0,8227
1729191600,43517.0,43536.0,43483.0,43502.0,9998
1729195200,43500.0,43525.0,43488.0,43489.0,2374
1729202400,43488.0,43526.0,43483.0,43515.0,0
1729206000,43514.0,43519.0,43507.0,43517.0,311
1729209600,43516.0,43517.0,43453.0,43489.0,1203
1729213200,43491.0,43511.0,43487.0,43502.0,412
1729216800,43503.0,43511.0,43483.0,43487.0,439
1729220400,43485.0,43494.0,43472.0,43478.0,232
1729224000,43476.0,43489.0,43473.0,43486.0,179
1729227600,43489.0,43494.0,43474.0,43492.0,579
1729231200,43492.0,43493.0,43450.0,43463.0,1067
1729234800,43463.0,43526.0,43456.0,43519.0,1209
1729238400,43520.0,43535.0,43511.0,43525.0,1167
1729242000,43526.0,43545.0,43512.0,43520.0,1187
1729245600,43521.0,43528.0,43497.0,43523.0,1520
1729249200,43523.0,43558.0,43439.0,43460.0,3724
1729252800,43462.0,43473.0,43417.0,43417.0,2333
1729256400,43416.0,43504.0,43286.0,43301.0,23295
1729260000,43300.0,43423.0,43290.0,43407.0,12878
1729263600,43400.0,43448.0,43381.0,43436.0,7015
1729267200,43439.0,43573.0,43433.0,43517.0,7238
1729270800,43517.0,43550.0,43497.0,43511.0,4525
1729274400,43509.0,43581.0,43445.0,43535.0,5943
1729278000,43530.0,43533.0,43484.0,43517.0,7484
1729281600,43516.0,43546.0,43507.0,43541.0,2038
1729461600,43541.0,43566.0,43532.0,43563.0,690
1729465200,43563.0,43574.0,43557.0,43567.0,600
1729468800,43568.0,43576.0,43555.0,43571.0,518
1729472400,43571.0,43578.0,43561.0,43562.0,366
1729476000,43564.0,43565.0,43551.0,43554.0,379
1729479600,43554.0,43556.0,43545.0,43545.0,304
1729483200,43546.0,43548.0,43534.0,43537.0,346
1729486800,43537.0,43542.0,43526.0,43529.0,643
1729490400,43528.0,43541.0,43523.0,43528.0,787
1729494000,43530.0,43575.0,43526.0,43550.0,1349
1729497600,43548.0,43566.0,43534.0,43539.0,1097
1729501200,43539.0,43546.0,43460.0,43482.0,2402
1729504800,43480.0,43488.0,43414.0,43415.0,1898
1729508400,43414.0,43441.0,43404.0,43420.0,2136
1729512000,43420.0,43476.0,43411.0,43471.0,2157
1729515600,43472.0,43550.0,43410.0,43412.0,16953
1729519200,43417.0,43445.0,43288.0,43296.0,18328
1729522800,43298.0,43301.0,43111.0,43222.0,21566
1729526400,43221.0,43242.0,43165.0,43236.0,9030
1729530000,43234.0,43247.0,43180.0,43190.0,6185
1729533600,43190.0,43203.0,43131.0,43138.0,6083
1729537200,43141.0,43197.0,43125.0,43182.0,12391
1729540800,43182.0,43200.0,43165.0,43184.0,3808
1729548000,43193.0,43194.0,43162.0,43164.0,0
1729551600,43163.0,43167.0,43150.0,43152.0,585
1729555200,43153.0,43154.0,43116.0,43119.0,1276
1729558800,43119.0,43136.0,43109.0,43132.0,935
1729562400,43130.0,43144.0,43115.0,43119.0,568
1729566000,43118.0,43136.0,43110.0,43115.0,416
1729569600,43117.0,43121.0,43101.0,43101.0,379
1729573200,43102.0,43128.0,43098.0,43100.0,608
1729576800,43101.0,43107.0,43077.0,43098.0,1136
1729580400,43099.0,43110.0,43071.0,43075.0,1534
1729584000,43075.0,43098.0,43043.0,43047.0,2058
1729587600,43046.0,43053.0,42952.0,42969.0,3111
1729591200,42972.0,43023.0,42952.0,43001.0,4425
1729594800,43003.0,43022.0,42979.0,43002.0,2593
1729598400,43002.0,43056.0,42995.0,43027.0,3738
1729602000,43028.0,43089.0,42955.0,42988.0,19342
1729605600,42986.0,43085.0,42946.0,43057.0,16538
1729609200,43058.0,43127.0,43032.0,43086.0,9587
1729612800,43083.0,43184.0,43069.0,43164.0,6946
1729616400,43165.0,43251.0,43137.0,43248.0,7882
1729620000,43250.0,43284.0,43170.0,43177.0,6138
1729623600,43177.0,43248.0,43162.0,43167.0,8484
1729627200,43165.0,43168.0,42972.0,42972.0,10684
1729634400,42998.0,43033.0,42997.0,43021.0,0
1729638000,43021.0,43059.0,43012.0,43057.0,710
1729641600,43057.0,43061.0,43029.0,43033.0,439
1729645200,43034.0,43050.0,43024.0,43036.0,427
1729648800,43036.0,43048.0,43034.0,43037.0,441
1729652400,43039.0,43053.0,43030.0,43035.0,332
1729656000,43031.0,43057.0,43029.0,43055.0,300
1729659600,43054.0,43057.0,43040.0,43042.0,351
1729663200,43045.0,43049.0,43015.0,43018.0,1089
1729666800,43020.0,43065.0,43017.0,43026.0,1732
1729670400,43028.0,43052.0,42997.0,43000.0,1764
1729674000,42998.0,43026.0,42992.0,42992.0,1250
1729677600,42992.0,42997.0,42942.0,42957.0,2218
1729681200,42955.0,42971.0,42919.0,42965.0,3609
1729684800,42963.0,42974.0,42903.0,42918.0,2993
1729688400,42917.0,42955.0,42848.0,42941.0,18693
1729692000,42940.0,43003.0,42856.0,42886.0,17235
1729695600,42889.0,42889.0,42745.0,42857.0,16108
1729699200,42857.0,42866.0,42715.0,42767.0,11389
1729702800,42765.0,42779.0,42635.0,42636.0,11221
1729706400,42633.0,42741.0,42513.0,42736.0,14123
1729710000,42732.0,42759.0,42687.0,42738.0,12951
1729713600,42740.0,42745.0,42594.0,42677.0,7232
1729720800,42678.0,42685.0,42659.0,42672.0,0
1729724400,42669.0,42676.0,42651.0,42671.0,545
1729728000,42669.0,42715.0,42646.0,42710.0,1261
1729731600,42708.0,42716.0,42692.0,42710.0,561
1729735200,42706.0,42706.0,42680.0,42697.0,1102
1729738800,42696.0,42705.0,42673.0,42673.0,619
1729742400,42672.0,42681.0,42667.0,42672.0,390
1729746000,42672.0,42673.0,42660.0,42665.0,393
1729749600,42663.0,42702.0,42662.0,42668.0,992
1729753200,42671.0,42747.0,42668.0,42731.0,2439
1729756800,42729.0,42739.0,42695.0,42713.0,2143
1729760400,42712.0,42719.0,42682.0,42685.0,1152
1729764000,42684.0,42712.0,42632.0,42680.0,2689
1729767600,42680.0,42698.0,42658.0,42692.0,1542
1729771200,42693.0,42707.0,42652.0,42699.0,3109
1729774800,42700.0,42709.0,42566.0,42643.0,18820
1729778400,42643.0,42678.0,42573.0,42627.0,14599
1729782000,42627.0,42644.0,42449.0,42503.0,14741
1729785600,42501.0,42570.0,42410.0,42555.0,10889
1729789200,42555.0,42643.0,42548.0,42558.0,6745
1729792800,42558.0,42614.0,42524.0,42567.0,6074
1729796400,42566.0,42642.0,42538.0,42608.0,10122
1729800000,42607.0,42641.0,42595.0,42620.0,2920
1729807200,42615.0,42631.0,42596.0,42603.0,0
1729810800,42601.0,42618.0,42590.0,42616.0,543
1729814400,42616.0,42625.0,42600.0,42617.0,778
1729818000,42617.0,42628.0,42601.0,42604.0,530
1729821600,42604.0,42627.0,42601.0,42616.0,351
1729825200,42618.0,42620.0,42582.0,42582.0,450
1729828800,42585.0,42591.0,42574.0,42579.0,327
1729832400,42580.0,42598.0,42561.0,42594.0,530
1729836000,42595.0,42615.0,42583.0,42583.0,753
1729839600,42585.0,42646.0,42581.0,42646.0,1509
1729843200,42647.0,42659.0,42612.0,42653.0,1621
1729846800,42649.0,42700.0,42649.0,42688.0,1657
1729850400,42686.0,42714.0,42673.0,42674.0,1436
1729854000,42676.0,42712.0,42656.0,42691.0,1636
1729857600,42690.0,42734.0,42682.0,42724.0,2448
1729861200,42724.0,42804.0,42691.0,42729.0,14488
1729864800,42734.0,42811.0,42684.0,42691.0,13260
1729868400,42694.0,42713.0,42476.0,42514.0,14239
1729872000,42512.0,42566.0,42467.0,42510.0,7875
1729875600,42510.0,42510.0,42252.0,42305.0,15056
1729879200,42306.0,42415.0,42245.0,42397.0,11987
1729882800,42399.0,42409.0,42285.0,42319.0,12606
1729886400,42319.0,42327.0,42283.0,42285.0,3964
1730066400,42360.0,42490.0,42360.0,42468.0,1553
1730070000,42467.0,42483.0,42435.0,42448.0,960
1730073600,42447.0,42537.0,42442.0,42499.0,1800
1730077200,42498.0,42525.0,42490.0,42496.0,973
1730080800,42497.0,42510.0,42486.0,42506.0,577
1730084400,42508.0,42517.0,42465.0,42481.0,754
1730088000,42480.0,42512.0,42476.0,42511.0,786
1730091600,42511.0,42512.0,42462.0,42465.0,577
1730095200,42465.0,42494.0,42456.0,42481.0,833
1730098800,42481.0,42544.0,42477.0,42501.0,1983
1730102400,42503.0,42542.0,42464.0,42519.0,3045
1730106000,42519.0,42536.0,42503.0,42532.0,1777
1730109600,42534.0,42553.0,42516.0,42523.0,2050
1730113200,42523.0,42524.0,42438.0,42438.0,2593
1730116800,42439.0,42506.0,42403.0,42497.0,3496
1730120400,42496.0,42672.0,42496.0,42599.0,20444
1730124000,42603.0,42683.0,42534.0,42642.0,15284
1730127600,42641.0,42690.0,42561.0,42575.0,11849
1730131200,42553.0,42639.0,42537.0,42587.0,8179
1730134800,42585.0,42658.0,42566.0,42651.0,5505
1730138400,42651.0,42673.0,42609.0,42619.0,6271
1730142000,42618.0,42671.0,42587.0,42608.0,9983
1730145600,42609.0,42633.0,42596.0,42624.0,2692
1730152800,42643.0,42643.0,42581.0,42588.0,0
1730156400,42589.0,42600.0,42577.0,42587.0,410
1730160000,42588.0,42595.0,42563.0,42581.0,695
1730163600,42579.0,42588.0,42559.0,42571.0,711
1730167200,42573.0,42580.0,42556.0,42560.0,547
1730170800,42560.0,42582.0,42515.0,42523.0,1065
1730174400,42521.0,42560.0,42517.0,42558.0,472
1730178000,42558.0,42572.0,42546.0,42567.0,620
1730181600,42567.0,42602.0,42567.0,42597.0,834
1730185200,42596.0,42623.0,42579.0,42581.0,1149
1730188800,42581.0,42630.0,42527.0,42597.0,3099
1730192400,42596.0,42624.0,42572.0,42605.0,1773
1730196000,42605.0,42606.0,42542.0,42552.0,1663
1730199600,42552.0,42565.0,42450.0,42469.0,5271
1730203200,42467.0,42484.0,42410.0,42419.0,4612
1730206800,42417.0,42535.0,42365.0,42507.0,19679
1730210400,42499.0,42697.0,42473.0,42594.0,17578
1730214000,42595.0,42604.0,42485.0,42511.0,9096
1730217600,42511.0,42562.0,42456.0,42544.0,7214
1730221200,42547.0,42590.0,42465.0,42510.0,6800
1730224800,42511.0,42554.0,42481.0,42519.0,5844
1730228400,42519.0,42525.0,42430.0,42450.0,9336
1730232000,42451.0,42521.0,42424.0,42506.0,5374
1730239200,42522.0,42522.0,42484.0,42509.0,0
1730242800,42506.0,42508.0,42475.0,42484.0,563
1730246400,42484.0,42525.0,42481.0,42518.0,807
1730250000,42517.0,42540.0,42510.0,42535.0,730
1730253600,42534.0,42534.0,42484.0,42487.0,578
1730257200,42486.0,42490.0,42452.0,42461.0,856
1730260800,42461.0,42461.0,42432.0,42433.0,691
1730264400,42433.0,42455.0,42427.0,42445.0,757
1730268000,42444.0,42497.0,42434.0,42490.0,793
1730271600,42491.0,42498.0,42465.0,42465.0,1000
1730275200,42467.0,42514.0,42446.0,42476.0,2259
1730278800,42475.0,42477.0,42444.0,42457.0,2082
1730282400,42455.0,42494.0,42308.0,42354.0,8322
1730286000,42354.0,42395.0,42343.0,42364.0,2914
1730289600,42362.0,42400.0,42350.0,42369.0,4185
1730293200,42372.0,42558.0,42332.0,42553.0,19577
1730296800,42550.0,42631.0,42538.0,42562.0,16191
1730300400,42560.0,42659.0,42530.0,42632.0,10356
1730304000,42632.0,42645.0,42498.0,42498.0,7183
1730307600,42498.0,42549.0,42423.0,42442.0,8806
1730311200,42444.0,42523.0,42442.0,42470.0,6413
1730314800,42466.0,42468.0,42333.0,42367.0,14425
1730318400,42365.0,42433.0,42292.0,42351.0,8415
1730325600,42332.0,42357.0,42281.0,42340.0,0
1730329200,42339.0,42346.0,42321.0,42325.0,885
1730332800,42323.0,42338.0,42308.0,42317.0,1113
1730336400,42317.0,42357.0,42316.0,42323.0,681
1730340000,42323.0,42330.0,42296.0,42310.0,1058
1730343600,42310.0,42321.0,42292.0,42298.0,623
1730347200,42302.0,42303.0,42286.0,42294.0,426
1730350800,42295.0,42297.0,42276.0,42276.0,776
1730354400,42278.0,42285.0,42201.0,42205.0,1519
1730358000,42205.0,42220.0,42164.0,42181.0,2966
1730361600,42181.0,42187.0,42133.0,42143.0,3514
1730365200,42142.0,42155.0,42104.0,42153.0,2635
1730368800,42155.0,42180.0,42138.0,42170.0,2752
1730372400,42169.0,42174.0,42136.0,42167.0,2979
1730376000,42166.0,42194.0,42121.0,42130.0,4182
1730379600,42131.0,42159.0,42026.0,42150.0,26696
1730383200,42151.0,42165.0,41928.0,41932.0,25380
1730386800,41931.0,41988.0,41873.0,41978.0,16068
1730390400,41999.0,42088.0,41974.0,42085.0,10287
1730394000,42085.0,42157.0,42035.0,42050.0,9484
1730397600,42051.0,42124.0,42016.0,42113.0,9789
1730401200,42112.0,42141.0,41926.0,41941.0,18068
1730404800,41943.0,42043.0,41928.0,41951.0,8378
1730412000,41971.0,42003.0,41928.0,41970.0,0
1730415600,41970.0,41976.0,41931.0,41944.0,735
1730419200,41944.0,41976.0,41910.0,41963.0,1041
1730422800,41962.0,41974.0,41934.0,41945.0,633
1730426400,41942.0,41960.0,41893.0,41960.0,703
1730430000,41960.0,41988.0,41955.0,41986.0,677
1730433600,41987.0,41997.0,41977.0,41988.0,528
1730437200,41990.0,42014.0,41985.0,42007.0,763
1730440800,42007.0,42007.0,41965.0,41975.0,678
1730444400,41975.0,41997.0,41938.0,41983.0,1356
1730448000,41984.0,42036.0,41967.0,42014.0,2196
1730451600,42014.0,42051.0,42014.0,42046.0,1262
1730455200,42048.0,42095.0,42046.0,42090.0,1668
1730458800,42090.0,42132.0,42083.0,42125.0,2219
1730462400,42127.0,42179.0,42053.0,42165.0,5959
1730466000,42167.0,42275.0,42091.0,42231.0,18002
1730469600,42239.0,42450.0,42193.0,42390.0,22129
1730473200,42390.0,42495.0,42354.0,42364.0,11961
1730476800,42363.0,42428.0,42281.0,42303.0,7738
1730480400,42303.0,42377.0,42196.0,42205.0,10325
1730484000,42204.0,42307.0,42171.0,42281.0,7214
1730487600,42281.0,42322.0,42156.0,42195.0,12880
1730491200,42195.0,42245.0,42189.0,42208.0,2592
1730674800,42150.0,42165.0,42063.0,42084.0,1650
1730678400,42085.0,42088.0,42043.0,42063.0,1327
1730682000,42064.0,42118.0,42056.0,42107.0,1130
1730685600,42109.0,42168.0,42097.0,42140.0,1236
1730689200,42140.0,42166.0,42137.0,42161.0,590
1730692800,42160.0,42207.0,42157.0,42190.0,754
1730696400,42190.0,42190.0,42163.0,42174.0,642
1730700000,42174.0,42207.0,42172.0,42186.0,840
1730703600,42186.0,42199.0,42110.0,42115.0,1557
1730707200,42115.0,42194.0,42109.0,42158.0,2494
1730710800,42159.0,42221.0,42153.0,42217.0,2834
1730714400,42219.0,42274.0,42213.0,42272.0,2108
1730718000,42270.0,42277.0,42232.0,42249.0,1792
1730721600,42248.0,42260.0,42169.0,42211.0,2595
1730725200,42211.0,42222.0,42164.0,42174.0,2706
1730728800,42172.0,42182.0,42008.0,42117.0,19483
1730732400,42111.0,42152.0,42049.0,42068.0,13375
1730736000,42071.0,42087.0,41792.0,41829.0,15760
1730739600,41831.0,42036.0,41803.0,42030.0,11940
1730743200,42027.0,42046.0,41920.0,41978.0,7676
1730746800,41981.0,42019.0,41940.0,41986.0,4948
1730750400,41986.0,41995.0,41915.0,41962.0,11084
1730754000,41961.0,41986.0,41939.0,41986.0,2694
1730761200,42000.0,42010.0,41954.0,41956.0,0
1730764800,41954.0,41957.0,41935.0,41949.0,597
1730768400,41947.0,41995.0,41918.0,41984.0,1296
1730772000,41981.0,41998.0,41950.0,41984.0,836
1730775600,41980.0,41988.0,41963.0,41965.0,366
1730779200,41966.0,41986.0,41957.0,41963.0,438
1730782800,41964.0,42006.0,41964.0,42000.0,868
1730786400,42000.0,42017.0,41992.0,42011.0,401
1730790000,42011.0,42034.0,41975.0,42009.0,952
1730793600,42014.0,42021.0,41946.0,42021.0,1180
1730797200,42023.0,42025.0,41991.0,41996.0,1364
1730800800,41994.0,42016.0,41959.0,42006.0,1134
1730804400,42008.0,42036.0,41999.0,41999.0,838
1730808000,41998.0,42016.0,41958.0,41982.0,1321
1730811600,41982.0,42017.0,41969.0,41985.0,1848
1730815200,41984.0,42163.0,41917.0,42163.0,16885
1730818800,42168.0,42333.0,42136.0,42242.0,17264
1730822400,42237.0,42298.0,42211.0,42273.0,8552
1730826000,42273.0,42417.0,42250.0,42402.0,7475
1730829600,42405.0,42407.0,42250.0,42310.0,8146
1730833200,42310.0,42360.0,42264.0,42279.0,5895
1730836800,42280.0,42390.0,42261.0,42381.0,10310
1730840400,42382.0,42459.0,42376.0,42448.0,4346
1730847600,42440.0,42464.0,42416.0,42428.0,0
1730851200,42428.0,42697.0,42424.0,42600.0,5041
1730854800,42597.0,42733.0,42596.0,42667.0,3326
1730858400,42660.0,42958.0,42647.0,42951.0,5392
1730862000,42951.0,43019.0,42861.0,42913.0,4934
1730865600,42910.0,42955.0,42847.0,42942.0,2802
1730869200,42934.0,42966.0,42846.0,42955.0,3291
1730872800,42958.0,43131.0,42910.0,43080.0,3427
1730876400,43082.0,43352.0,43077.0,43232.0,6200
1730880000,43230.0,43550.0,43215.0,43508.0,7973
1730883600,43511.0,43565.0,43464.0,43564.0,6747
1730887200,43566.0,43642.0,43538.0,43612.0,5068
1730890800,43613.0,43658.0,43535.0,43576.0,6511
1730894400,43578.0,43780.0,43535.0,43732.0,7795
1730898000,43733.0,43739.0,43580.0,43620.0,7227
1730901600,43618.0,43736.0,43523.0,43574.0,33939
1730905200,43579.0,43791.0,43557.0,43673.0,21659
1730908800,43672.0,43786.0,43629.0,43751.0,11389
1730912400,43748.0,43796.0,43707.0,43780.0,6870
1730916000,43778.0,43888.0,43769.0,43839.0,7780
1730919600,43839.0,43866.0,43804.0,43836.0,5284
1730923200,43835.0,43953.0,43832.0,43898.0,13592
1730926800,43899.0,43965.0,43878.0,43962.0,4254
1730934000,43958.0,43958.0,43904.0,43905.0,0
1730937600,43906.0,43939.0,43873.0,43887.0,1226
1730941200,43888.0,43962.0,43883.0,43945.0,1472
1730944800,43947.0,43967.0,43930.0,43939.0,1116
1730948400,43940.0,44004.0,43940.0,43989.0,906
1730952000,43990.0,44015.0,43978.0,43999.0,607
1730955600,44002.0,44017.0,43986.0,43998.0,827
1730959200,44000.0,44007.0,43967.0,43968.0,825
1730962800,43967.0,43988.0,43926.0,43945.0,1777
1730966400,43948.0,44010.0,43943.0,43984.0,1864
1730970000,43983.0,44019.0,43953.0,43956.0,2063
1730973600,43958.0,44000.0,43958.0,43996.0,1271
1730977200,43996.0,44012.0,43951.0,44009.0,1320
1730980800,44006.0,44014.0,43955.0,43979.0,1947
1730984400,43980.0,44003.0,43864.0,43923.0,4731
1730988000,43920.0,43967.0,43807.0,43929.0,17609
1730991600,43925.0,43947.0,43877.0,43919.0,12527
1730995200,43921.0,43932.0,43843.0,43884.0,7707
1730998800,43887.0,43962.0,43877.0,43942.0,4653
1731002400,43944.0,43948.0,43849.0,43900.0,4928
1731006000,43903.0,43948.0,43806.0,43948.0,12391
1731009600,43948.0,43989.0,43881.0,43903.0,15973
1731013200,43903.0,43954.0,43898.0,43929.0,3188
1731020400,43941.0,43953.0,43906.0,43945.0,0
1731024000,43945.0,43949.0,43910.0,43914.0,755
1731027600,43915.0,43928.0,43905.0,43921.0,1061
1731031200,43922.0,43926.0,43889.0,43895.0,1010
1731034800,43895.0,43907.0,43895.0,43902.0,486
1731038400,43902.0,43916.0,43890.0,43890.0,776
1731042000,43892.0,43932.0,43888.0,43921.0,610
1731045600,43924.0,43928.0,43890.0,43902.0,689
1731049200,43902.0,43944.0,43897.0,43937.0,1020
1731052800,43936.0,43940.0,43885.0,43899.0,2052
1731056400,43897.0,43924.0,43885.0,43890.0,1806
1731060000,43890.0,43905.0,43855.0,43888.0,2878
1731063600,43889.0,43922.0,43878.0,43904.0,2453
1731067200,43905.0,43940.0,43891.0,43933.0,2038
1731070800,43933.0,43949.0,43909.0,43929.0,2542
1731074400,43930.0,44039.0,43878.0,44024.0,16211
1731078000,44018.0,44169.0,43984.0,44147.0,18050
1731081600,44148.0,44186.0,44095.0,44107.0,11366
1731085200,44110.0,44155.0,44076.0,44136.0,9366
1731088800,44138.0,44196.0,44098.0,44184.0,7529
1731092400,44182.0,44300.0,44178.0,44211.0,9989
1731096000,44211.0,44232.0,44109.0,44149.0,14921
1731099600,44147.0,44172.0,44127.0,44132.0,2653
1731279600,44152.0,44194.0,44142.0,44193.0,2100
1731283200,44192.0,44197.0,44163.0,44165.0,1642
1731286800,44161.0,44175.0,44150.0,44167.0,1163
1731290400,44168.0,44183.0,44158.0,44161.0,1007
1731294000,44161.0,44169.0,44154.0,44167.0,709
1731297600,44167.0,44175.0,44163.0,44171.0,633
1731301200,44171.0,44183.0,44168.0,44171.0,590
1731304800,44172.0,44201.0,44168.0,44197.0,854
1731308400,44196.0,44223.0,44190.0,44223.0,1208
1731312000,44221.0,44251.0,44212.0,44243.0,2039
1731315600,44241.0,44270.0,44219.0,44263.0,2031
1731319200,44263.0,44308.0,44257.0,44295.0,2343
1731322800,44297.0,44343.0,44288.0,44336.0,2093
1731326400,44337.0,44353.0,44311.0,44340.0,2395
1731330000,44342.0,44347.0,44301.0,44305.0,3098
1731333600,44306.0,44624.0,44286.0,44624.0,23392
1731337200,44623.0,44623.0,44468.0,44529.0,15389
1731340800,44530.0,44564.0,44444.0,44508.0,7268
1731344400,44509.0,44509.0,44445.0,44447.0,4933
1731348000,44446.0,44471.0,44376.0,44448.0,7993
1731351600,44452.0,44477.0,44430.0,44462.0,3614
1731355200,44459.0,44459.0,44389.0,44439.0,10025
1731358800,44439.0,44442.0,44416.0,44419.0,3089
1731366000,44438.0,44438.0,44385.0,44408.0,0
1731369600,44409.0,44414.0,44367.0,44385.0,1244
1731373200,44384.0,44419.0,44379.0,44396.0,978
1731376800,44396.0,44404.0,44357.0,44371.0,1393
1731380400,44371.0,44395.0,44369.0,44374.0,566
1731384000,44376.0,44388.0,44366.0,44387.0,463
1731387600,44387.0,44387.0,44369.0,44380.0,725
1731391200,44379.0,44387.0,44371.0,44384.0,741
1731394800,44385.0,44396.0,44355.0,44395.0,1637
1731398400,44394.0,44425.0,44360.0,44414.0,2166
1731402000,44412.0,44421.0,44381.0,44389.0,2576
1731405600,44388.0,44414.0,44345.0,44356.0,4590
1731409200,44429.0,44445.0,44387.0,44403.0,5299
1731412800,44401.0,44415.0,44358.0,44398.0,3857
1731416400,44399.0,44532.0,44368.0,44504.0,7687
1731420000,44505.0,44556.0,44427.0,44439.0,18060
1731423600,44440.0,44440.0,44282.0,44319.0,15231
1731427200,44319.0,44323.0,44185.0,44189.0,9503
1731430800,44187.0,44207.0,44058.0,44067.0,9953
1731434400,44068.0,44267.0,44050.0,44246.0,10394
1731438000,44244.0,44292.0,44176.0,44184.0,10164
1731441600,44183.0,44205.0,44039.0,44075.0,11925
1731445200,44074.0,44115.0,44057.0,44087.0,3867
1731452400,44071.0,44085.0,44014.0,44056.0,0
1731456000,44057.0,44059.0,44026.0,44040.0,795
1731459600,44041.0,44049.0,44017.0,44023.0,845
1731463200,44025.0,44040.0,44013.0,44035.0,577
1731466800,44034.0,44051.0,44018.0,44019.0,580
1731470400,44021.0,44027.0,44004.0,44012.0,765
1731474000,44012.0,44019.0,43974.0,43977.0,1253
1731477600,43976.0,43983.0,43918.0,43928.0,1661
1731481200,43926.0,43943.0,43907.0,43917.0,2157
1731484800,43918.0,43982.0,43897.0,43977.0,2475
1731488400,43974.0,44001.0,43950.0,43990.0,2556
1731492000,43994.0,44032.0,43984.0,43985.0,3430
1731495600,43988.0,44000.0,43923.0,43927.0,1700
1731499200,43928.0,43993.0,43928.0,43975.0,2976
1731502800,43976.0,44174.0,43967.0,44079.0,7562
1731506400,44077.0,44159.0,44058.0,44126.0,18595
1731510000,44128.0,44191.0,43966.0,44171.0,17302
1731513600,44173.0,44261.0,44139.0,44215.0,10105
1731517200,44215.0,44280.0,44198.0,44270.0,6790
1731520800,44270.0,44279.0,44173.0,44179.0,5931
1731524400,44181.0,44207.0,44068.0,44081.0,7957
1731528000,44080.0,44180.0,44062.0,44105.0,12798
1731531600,44106.0,44167.0,44088.0,44143.0,2813
1731538800,44131.0,44155.0,44115.0,44144.0,0
1731542400,44146.0,44152.0,44102.0,44133.0,816
1731546000,44130.0,44132.0,44097.0,44098.0,812
1731549600,44097.0,44100.0,44067.0,44072.0,715
1731553200,44067.0,44098.0,44066.0,44081.0,544
1731556800,44081.0,44106.0,44077.0,44080.0,582
1731560400,44079.0,44083.0,44044.0,44057.0,766
1731564000,44058.0,44069.0,44031.0,44033.0,957
1731567600,44032.0,44122.0,44029.0,44113.0,1610
1731571200,44113.0,44167.0,44106.0,44129.0,2162
1731574800,44132.0,44177.0,44132.0,44149.0,2333
1731578400,44148.0,44169.0,44136.0,44140.0,1364
1731582000,44141.0,44225.0,44112.0,44218.0,4138
1731585600,44216.0,44219.0,44185.0,44188.0,1749
1731589200,44188.0,44260.0,44154.0,44190.0,5307
1731592800,44189.0,44217.0,44034.0,44085.0,22119
1731596400,44086.0,44122.0,43996.0,44071.0,14621
1731600000,44071.0,44118.0,43991.0,44015.0,7667
1731603600,44018.0,44020.0,43888.0,43969.0,9441
1731607200,43964.0,43998.0,43872.0,43880.0,5928
1731610800,43880.0,44026.0,43880.0,43998.0,7228
1731614400,43999.0,43999.0,43833.0,43899.0,17663
1731618000,43900.0,43906.0,43816.0,43890.0,3813
1731625200,43901.0,43911.0,43842.0,43857.0,0
1731628800,43856.0,43856.0,43793.0,43815.0,1653
1731632400,43815.0,43818.0,43778.0,43787.0,1260
1731636000,43788.0,43801.0,43762.0,43793.0,999
1731639600,43794.0,43819.0,43782.0,43795.0,635
1731643200,43795.0,43807.0,43775.0,43792.0,763
1731646800,43793.0,43809.0,43765.0,43771.0,556
1731650400,43772.0,43773.0,43696.0,43732.0,2327
1731654000,43728.0,43728.0,43657.0,43661.0,1785
1731657600,43661.0,43726.0,43619.0,43724.0,4047
1731661200,43722.0,43732.0,43689.0,43690.0,3167
1731664800,43691.0,43720.0,43679.0,43715.0,1790
1731668400,43715.0,43738.0,43711.0,43725.0,1334
1731672000,43723.0,43778.0,43723.0,43766.0,2083
1731675600,43766.0,43796.0,43714.0,43725.0,3880
1731679200,43726.0,43782.0,43648.0,43661.0,22121
1731682800,43659.0,43668.0,43550.0,43568.0,22398
1731686400,43561.0,43680.0,43524.0,43565.0,13374
1731690000,43564.0,43571.0,43478.0,43532.0,9185
1731693600,43530.0,43594.0,43484.0,43528.0,7820
1731697200,43529.0,43608.0,43505.0,43552.0,7405
1731700800,43551.0,43646.0,43513.0,43576.0,16505
1731704400,43575.0,43623.0,43575.0,43586.0,3385
1731884400,43581.0,43586.0,43514.0,43557.0,2025
1731888000,43558.0,43612.0,43551.0,43607.0,1253
1731891600,43608.0,43621.0,43596.0,43606.0,789
1731895200,43604.0,43604.0,43573.0,43576.0,628
1731898800,43577.0,43579.0,43545.0,43549.0,585
1731902400,43550.0,43583.0,43549.0,43570.0,759
1731906000,43570.0,43596.0,43549.0,43577.0,1434
1731909600,43575.0,43608.0,43563.0,43600.0,679
1731913200,43601.0,43603.0,43493.0,43505.0,1928
1731916800,43508.0,43538.0,43454.0,43477.0,3344
1731920400,43479.0,43517.0,43441.0,43476.0,4500
1731924000,43477.0,43500.0,43447.0,43492.0,2017
1731927600,43490.0,43496.0,43398.0,43427.0,2203
1731931200,43428.0,43538.0,43427.0,43511.0,2969
1731934800,43512.0,43527.0,43447.0,43515.0,4121
1731938400,43517.0,43568.0,43467.0,43492.0,15106
1731942000,43489.0,43593.0,43435.0,43592.0,13431
1731945600,43592.0,43653.0,43555.0,43581.0,9275
1731949200,43581.0,43615.0,43544.0,43610.0,5687
1731952800,43610.0,43615.0,43461.0,43541.0,6658
1731956400,43541.0,43562.0,43455.0,43524.0,6288
1731960000,43523.0,43548.0,43495.0,43538.0,9481
1731963600,43537.0,43539.0,43505.0,43520.0,2120
1731970800,43540.0,43540.0,43476.0,43510.0,0
1731974400,43510.0,43546.0,43493.0,43512.0,1186
1731978000,43511.0,43535.0,43491.0,43531.0,556
1731981600,43534.0,43563.0,43518.0,43561.0,595
1731985200,43561.0,43607.0,43561.0,43602.0,1061
1731988800,43603.0,43622.0,43596.0,43599.0,467
1731992400,43602.0,43602.0,43578.0,43593.0,576
1731996000,43592.0,43592.0,43568.0,43571.0,600
1731999600,43572.0,43596.0,43543.0,43572.0,1328
1732003200,43571.0,43613.0,43434.0,43496.0,4217
1732006800,43497.0,43525.0,43243.0,43276.0,10826
1732010400,43274.0,43321.0,43246.0,43302.0,4137
1732014000,43298.0,43323.0,43260.0,43288.0,2712
1732017600,43289.0,43352.0,43268.0,43351.0,5774
1732021200,43351.0,43351.0,43029.0,43034.0,8626
1732024800,43035.0,43214.0,42991.0,43159.0,21963
1732028400,43156.0,43366.0,43091.0,43324.0,17708
1732032000,43325.0,43423.0,43296.0,43407.0,8562
1732035600,43404.0,43457.0,43337.0,43404.0,6228
1732039200,43406.0,43528.0,43387.0,43517.0,5739
1732042800,43517.0,43522.0,43342.0,43368.0,7799
1732046400,43368.0,43411.0,43347.0,43398.0,9625
1732050000,43398.0,43430.0,43394.0,43400.0,2772
1732057200,43403.0,43465.0,43399.0,43457.0,0
1732060800,43460.0,43516.0,43456.0,43477.0,1255
1732064400,43475.0,43487.0,43446.0,43459.0,770
1732068000,43460.0,43503.0,43455.0,43495.0,562
1732071600,43496.0,43499.0,43437.0,43450.0,614
1732075200,43452.0,43489.0,43451.0,43487.0,421
1732078800,43487.0,43494.0,43466.0,43479.0,432
1732082400,43476.0,43541.0,43476.0,43523.0,1170
1732086000,43521.0,43551.0,43480.0,43527.0,1661
1732089600,43530.0,43555.0,43505.0,43514.0,2053
1732093200,43513.0,43545.0,43495.0,43519.0,2031
1732096800,43518.0,43520.0,43445.0,43477.0,2043
1732100400,43473.0,43502.0,43455.0,43488.0,3124
1732104000,43490.0,43547.0,43468.0,43541.0,1972
1732107600,43543.0,43563.0,43478.0,43482.0,3304
1732111200,43481.0,43483.0,43299.0,43326.0,16946
1732114800,43326.0,43372.0,43181.0,43357.0,14724
1732118400,43356.0,43409.0,43219.0,43374.0,9687
1732122000,43372.0,43387.0,43207.0,43306.0,7291
1732125600,43306.0,43347.0,43233.0,43272.0,5022
1732129200,43272.0,43374.0,43249.0,43344.0,4335
1732132800,43338.0,43590.0,43322.0,43523.0,12444
1732136400,43524.0,43585.0,43456.0,43575.0,6443
1732143600,43567.0,43578.0,43490.0,43557.0,0
1732147200,43560.0,43567.0,43459.0,43465.0,1754
1732150800,43465.0,43494.0,43435.0,43446.0,922
1732154400,43447.0,43483.0,43445.0,43450.0,698
1732158000,43449.0,43503.0,43448.0,43471.0,631
1732161600,43470.0,43500.0,43454.0,43496.0,512
1732165200,43493.0,43526.0,43493.0,43511.0,533
1732168800,43512.0,43543.0,43503.0,43540.0,464
1732172400,43538.0,43577.0,43421.0,43499.0,3411
1732176000,43499.0,43538.0,43415.0,43474.0,4557
1732179600,43471.0,43472.0,43383.0,43442.0,4779
1732183200,43441.0,43495.0,43424.0,43481.0,1929
1732186800,43481.0,43615.0,43480.0,43598.0,4110
1732190400,43597.0,43722.0,43591.0,43665.0,4682
1732194000,43667.0,43749.0,43649.0,43678.0,4830
1732197600,43679.0,43718.0,43446.0,43576.0,25328
1732201200,43575.0,43855.0,43526.0,43853.0,22244
1732204800,43853.0,43959.0,43823.0,43904.0,13598
1732208400,43907.0,44095.0,43848.0,44070.0,11198
1732212000,44069.0,44146.0,44023.0,44059.0,8332
1732215600,44058.0,44092.0,44032.0,44077.0,5305
1732219200,44078.0,44099.0,43982.0,43982.0,9226
1732222800,43982.0,44013.0,43970.0,43988.0,3427
1732230000,43989.0,43989.0,43948.0,43965.0,0
1732233600,43964.0,43998.0,43955.0,43966.0,961
1732237200,43967.0,44004.0,43967.0,43985.0,741
1732240800,43985.0,44009.0,43974.0,44003.0,595
1732244400,44004.0,44028.0,43937.0,43974.0,1401
1732248000,43974.0,44004.0,43971.0,43991.0,647
1732251600,43992.0,43997.0,43953.0,43955.0,789
1732255200,43955.0,44012.0,43951.0,43990.0,946
1732258800,43990.0,44052.0,43987.0,44003.0,1406
1732262400,44003.0,44046.0,43989.0,44012.0,2351
1732266000,44011.0,44011.0,43818.0,43920.0,6454
1732269600,43921.0,43928.0,43828.0,43910.0,3192
1732273200,43906.0,43952.0,43858.0,43948.0,1989
1732276800,43949.0,44031.0,43944.0,44022.0,2239
1732280400,44024.0,44051.0,43986.0,44011.0,2997
1732284000,44009.0,44309.0,43998.0,44291.0,23533
1732287600,44285.0,44306.0,44099.0,44263.0,20023
1732291200,44264.0,44271.0,44144.0,44264.0,9918
1732294800,44267.0,44354.0,44239.0,44326.0,9909
1732298400,44325.0,44363.0,44292.0,44330.0,6452
1732302000,44328.0,44380.0,44256.0,44352.0,7103
1732305600,44352.0,44437.0,44263.0,44389.0,15001
1732309200,44388.0,44452.0,44378.0,44447.0,5144
1732489200,44499.0,44632.0,44490.0,44603.0,2241
1732492800,44600.0,44639.0,44599.0,44636.0,928
1732496400,44636.0,44655.0,44625.0,44639.0,1096
1732500000,44641.0,44657.0,44638.0,44656.0,592
1732503600,44655.0,44660.0,44639.0,44649.0,488
1732507200,44651.0,44654.0,44642.0,44647.0,688
1732510800,44647.0,44656.0,44640.0,44654.0,529
1732514400,44653.0,44656.0,44640.0,44652.0,878
1732518000,44652.0,44659.0,44614.0,44643.0,1594
1732521600,44645.0,44672.0,44635.0,44635.0,2640
1732525200,44635.0,44703.0,44624.0,44690.0,3309
1732528800,44691.0,44702.0,44676.0,44697.0,1599
1732532400,44693.0,44714.0,44687.0,44700.0,1597
1732536000,44700.0,44712.0,44639.0,44709.0,2612
1732539600,44709.0,44794.0,44700.0,44778.0,4578
1732543200,44777.0,44915.0,44721.0,44869.0,24754
1732546800,44868.0,44905.0,44756.0,44800.0,19089
1732550400,44795.0,44811.0,44680.0,44697.0,10643
1732554000,44700.0,44759.0,44609.0,44700.0,9532
1732557600,44699.0,44823.0,44699.0,44820.0,6126
1732561200,44817.0,44833.0,44767.0,44807.0,5796
1732564800,44806.0,44841.0,44760.0,44825.0,11080
1732568400,44824.0,44891.0,44806.0,44859.0,5241
1732575600,44849.0,44887.0,44689.0,44733.0,0
1732579200,44731.0,44738.0,44680.0,44693.0,3192
1732582800,44695.0,44774.0,44653.0,44760.0,2317
1732586400,44760.0,44811.0,44760.0,44796.0,1431
1732590000,44795.0,44834.0,44793.0,44829.0,798
1732593600,44829.0,44855.0,44823.0,44830.0,702
1732597200,44833.0,44843.0,44810.0,44819.0,619
1732600800,44820.0,44860.0,44818.0,44838.0,695
1732604400,44837.0,44860.0,44799.0,44802.0,1238
1732608000,44802.0,44820.0,44779.0,44803.0,2122
1732611600,44800.0,44837.0,44789.0,44834.0,1736
1732615200,44834.0,44854.0,44800.0,44843.0,1926
1732618800,44845.0,44922.0,44833.0,44911.0,2277
1732622400,44910.0,44913.0,44704.0,44788.0,9454
1732626000,44790.0,44811.0,44635.0,44676.0,5700
1732629600,44676.0,44758.0,44620.0,44661.0,19734
1732633200,44670.0,44682.0,44533.0,44610.0,15331
1732636800,44610.0,44739.0,44590.0,44715.0,9079
1732640400,44715.0,44803.0,44670.0,44791.0,7141
1732644000,44791.0,44865.0,44783.0,44850.0,5071
1732647600,44853.0,44908.0,44790.0,44894.0,7609
1732651200,44892.0,45000.0,44887.0,44949.0,13989
1732654800,44949.0,45002.0,44944.0,44975.0,2860
1732662000,44975.0,44994.0,44952.0,44983.0,0
1732665600,44987.0,44991.0,44962.0,44987.0,844
1732669200,44986.0,45002.0,44981.0,45000.0,449
1732672800,44998.0,45029.0,44998.0,45013.0,892
1732676400,45012.0,45012.0,44980.0,44997.0,586
1732680000,44996.0,44996.0,44961.0,44975.0,579
1732683600,44976.0,44985.0,44961.0,44963.0,514
1732687200,44965.0,44988.0,44964.0,44973.0,790
1732690800,44974.0,45004.0,44959.0,44960.0,1437
1732694400,44961.0,44969.0,44907.0,44931.0,3441
1732698000,44930.0,44944.0,44891.0,44921.0,3028
1732701600,44922.0,44959.0,44900.0,44947.0,1677
1732705200,44944.0,44955.0,44899.0,44951.0,1641
1732708800,44949.0,44981.0,44943.0,44961.0,1861
1732712400,44960.0,45041.0,44956.0,45015.0,4757
1732716000,45014.0,45121.0,44970.0,45030.0,16261
1732719600,45034.0,45102.0,44985.0,44989.0,16506
1732723200,44989.0,45020.0,44920.0,44932.0,10575
1732726800,44928.0,44940.0,44856.0,44870.0,7395
1732730400,44866.0,44878.0,44812.0,44863.0,6536
1732734000,44864.0,44884.0,44826.0,44843.0,4555
1732737600,44843.0,44866.0,44791.0,44828.0,10054
1732741200,44828.0,44850.0,44819.0,44847.0,2541
1732748400,44846.0,44883.0,44846.0,44875.0,0
1732752000,44876.0,44888.0,44871.0,44876.0,444
1732755600,44877.0,44898.0,44867.0,44889.0,1056
1732759200,44890.0,44912.0,44889.0,44907.0,840
1732762800,44905.0,44906.0,44884.0,44891.0,278
1732766400,44891.0,44892.0,44880.0,44885.0,310
1732856400,44966.0,44969.0,44946.0,44947.0,444
1732860000,44948.0,44960.0,44934.0,44946.0,407
1732863600,44948.0,44954.0,44915.0,44943.0,1065
1732867200,44944.0,44988.0,44928.0,44947.0,1577
1732870800,44945.0,44990.0,44932.0,44976.0,1481
1732874400,44977.0,44997.0,44952.0,44965.0,1227
1732878000,44963.0,45005.0,44944.0,45002.0,1131
1732881600,45002.0,45005.0,44944.0,44962.0,2155
1732885200,44960.0,44970.0,44877.0,44905.0,2886
1732890600,44907.0,44994.0,44853.0,44915.0,11143
1732894200,44915.0,45024.0,44912.0,45016.0,10650
1732897800,45017.0,45130.0,45005.0,45107.0,8999
1732901400,45110.0,45171.0,45037.0,45056.0,11762
1732903200,45056.0,45077.0,45036.0,45055.0,1703
1733094000,45048.0,45065.0,45000.0,45011.0,1069
1733097600,45013.0,45037.0,44995.0,45017.0,879
1733101200,45017.0,45021.0,44985.0,44985.0,471
1733104800,44987.0,44990.0,44969.0,44986.0,483
1733108400,44986.0,44991.0,44965.0,44969.0,429
1733112000,44968.0,44992.0,44964.0,44973.0,419
1733115600,44973.0,44990.0,44969.0,44969.0,421
1733119200,44967.0,44975.0,44943.0,44973.0,620
1733122800,44973.0,44979.0,44941.0,44952.0,1202
1733126400,44954.0,44987.0,44944.0,44983.0,1255
1733130000,44982.0,45010.0,44971.0,44996.0,1559
1733133600,44998.0,45030.0,44986.0,45002.0,1588
1733137200,45003.0,45047.0,45003.0,45016.0,1711
1733140800,45019.0,45056.0,45014.0,45026.0,2063
1733144400,45028.0,45057.0,45011.0,45033.0,2405
1733148000,45033.0,45136.0,44855.0,44890.0,19513
1733151600,44901.0,44941.0,44820.0,44876.0,14674
1733155200,44877.0,44946.0,44833.0,44906.0,7004
1733158800,44910.0,44929.0,44861.0,44874.0,4263
1733162400,44874.0,44949.0,44866.0,44941.0,3724
1733166000,44939.0,44965.0,44904.0,44953.0,3957
1733169600,44952.0,44973.0,44883.0,44904.0,10459
1733173200,44905.0,44932.0,44866.0,44882.0,3313
1733180400,44891.0,44907.0,44868.0,44884.0,0
1733184000,44886.0,44895.0,44869.0,44879.0,449
1733187600,44877.0,44877.0,44855.0,44857.0,550
1733191200,44856.0,44865.0,44849.0,44863.0,302
1733194800,44863.0,44909.0,44862.0,44899.0,580
1733198400,44899.0,44909.0,44896.0,44896.0,207
1733202000,44892.0,44912.0,44886.0,44905.0,358
1733205600,44907.0,44914.0,44869.0,44874.0,421
1733209200,44870.0,44885.0,44856.0,44869.0,713
1733212800,44869.0,44927.0,44862.0,44920.0,1912
1733216400,44921.0,44921.0,44876.0,44904.0,1214
1733220000,44904.0,44909.0,44871.0,44873.0,566
1733223600,44875.0,44894.0,44845.0,44887.0,1016
1733227200,44888.0,44912.0,44879.0,44883.0,1294
1733230800,44885.0,44910.0,44871.0,44878.0,1668
1733234400,44879.0,44987.0,44760.0,44828.0,14167
1733238000,44822.0,44834.0,44726.0,44778.0,11130
1733241600,44779.0,44785.0,44681.0,44703.0,7625
1733245200,44704.0,44887.0,44704.0,44863.0,7078
1733248800,44864.0,44873.0,44789.0,44808.0,4329
1733252400,44807.0,44873.0,44771.0,44853.0,4287
1733256000,44852.0,44854.0,44796.0,44809.0,7581
1733259600,44809.0,44986.0,44729.0,44873.0,12305
1733266800,44903.0,44922.0,44871.0,44921.0,0
1733270400,44921.0,44922.0,44888.0,44899.0,698
1733274000,44900.0,44906.0,44885.0,44896.0,506
1733277600,44898.0,44924.0,44898.0,44921.0,482
1733281200,44921.0,44925.0,44905.0,44923.0,274
1733284800,44924.0,44947.0,44923.0,44943.0,498
1733288400,44941.0,44952.0,44933.0,44948.0,516
1733292000,44947.0,44951.0,44922.0,44946.0,583
1733295600,44944.0,44960.0,44915.0,44958.0,961
1733299200,44958.0,44975.0,44934.0,44969.0,1690
1733302800,44965.0,45006.0,44950.0,44999.0,2188
1733306400,45000.0,45024.0,44993.0,45017.0,1142
1733310000,45018.0,45036.0,44983.0,45014.0,2097
1733313600,45013.0,45029.0,44970.0,44979.0,2227
1733317200,44977.0,45027.0,44873.0,44996.0,9366
1733320800,44993.0,45120.0,44976.0,45057.0,17251
1733324400,45054.0,45068.0,44912.0,44973.0,15157
1733328000,44975.0,45075.0,44958.0,45044.0,6669
1733331600,45044.0,45046.0,44961.0,45002.0,5214
1733335200,44999.0,45016.0,44887.0,44973.0,6031
1733338800,44972.0,45088.0,44957.0,45060.0,6246
1733342400,45058.0,45176.0,45053.0,45105.0,11829
1733346000,45107.0,45125.0,45089.0,45099.0,2803
1733353200,45094.0,45109.0,45081.0,45092.0,0
1733356800,45091.0,45093.0,45078.0,45085.0,586
1733360400,45084.0,45112.0,45080.0,45106.0,408
1733364000,45106.0,45119.0,45095.0,45096.0,412
1733367600,45095.0,45104.0,45090.0,45098.0,302
1733371200,45098.0,45098.0,45079.0,45086.0,313
1733374800,45089.0,45110.0,45086.0,45110.0,307
1733378400,45111.0,45130.0,45109.0,45124.0,505
1733382000,45122.0,45125.0,45109.0,45118.0,732
1733385600,45120.0,45154.0,45113.0,45129.0,1744
1733389200,45127.0,45127.0,45091.0,45105.0,1148
1733392800,45106.0,45118.0,45060.0,45068.0,1032
1733396400,45068.0,45103.0,45062.0,45081.0,1122
1733400000,45082.0,45106.0,45079.0,45101.0,1046
1733403600,45102.0,45103.0,45027.0,45055.0,2339
1733407200,45057.0,45149.0,45012.0,45126.0,16511
1733410800,45125.0,45154.0,44949.0,45013.0,13970
1733414400,45008.0,45039.0,44967.0,44992.0,7572
1733418000,44993.0,45007.0,44930.0,45002.0,6049
1733421600,45000.0,45008.0,44895.0,44964.0,6805
1733425200,44965.0,44981.0,44911.0,44928.0,5043
1733428800,44926.0,44929.0,44842.0,44875.0,9738
1733432400,44875.0,44877.0,44812.0,44863.0,3492
1733439600,44854.0,44863.0,44829.0,44851.0,0
1733443200,44852.0,44852.0,44827.0,44839.0,709
1733446800,44836.0,44838.0,44814.0,44823.0,502
1733450400,44823.0,44845.0,44818.0,44830.0,375
1733454000,44833.0,44833.0,44808.0,44808.0,317
1733457600,44809.0,44826.0,44796.0,44825.0,413
1733461200,44826.0,44826.0,44815.0,44825.0,183
1733464800,44825.0,44838.0,44825.0,44831.0,342
1733468400,44833.0,44846.0,44829.0,44846.0,559
1733472000,44846.0,44868.0,44836.0,44856.0,952
1733475600,44856.0,44863.0,44823.0,44850.0,1361
1733479200,44850.0,44864.0,44824.0,44826.0,844
1733482800,44827.0,44839.0,44805.0,44836.0,831
1733486400,44836.0,44848.0,44822.0,44822.0,1267
1733490000,44822.0,44944.0,44780.0,44910.0,4501
1733493600,44909.0,44982.0,44885.0,44904.0,13368
1733497200,44917.0,44926.0,44845.0,44906.0,11273
1733500800,44906.0,44910.0,44746.0,44793.0,9424
1733504400,44794.0,44795.0,44693.0,44716.0,6583
1733508000,44712.0,44798.0,44709.0,44738.0,5809
1733511600,44739.0,44748.0,44661.0,44689.0,5394
1733515200,44689.0,44718.0,44675.0,44700.0,7428
1733518800,44699.0,44709.0,44682.0,44694.0,2247
1733698800,44709.0,44745.0,44683.0,44734.0,1136
1733702400,44732.0,44732.0,44692.0,44708.0,764
1733706000,44709.0,44714.0,44684.0,44686.0,567
1733709600,44689.0,44702.0,44671.0,44681.0,635
1733713200,44683.0,44690.0,44662.0,44664.0,536
1733716800,44663.0,44677.0,44652.0,44670.0,544
1733720400,44669.0,44680.0,44659.0,44668.0,309
1733724000,44668.0,44676.0,44662.0,44668.0,377
1733727600,44665.0,44711.0,44646.0,44702.0,1765
1733731200,44702.0,44721.0,44662.0,44667.0,2392
1733734800,44669.0,44724.0,44664.0,44699.0,2588
1733738400,44701.0,44710.0,44675.0,44708.0,1033
1733742000,44707.0,44739.0,44687.0,44734.0,2042
1733745600,44733.0,44734.0,44698.0,44721.0,1617
1733749200,44718.0,44757.0,44711.0,44751.0,2012
1733752800,44751.0,44809.0,44688.0,44713.0,13617
1733756400,44717.0,44764.0,44587.0,44621.0,13232
1733760000,44619.0,44728.0,44590.0,44719.0,9832
1733763600,44718.0,44721.0,44602.0,44604.0,5632
1733767200,44604.0,44671.0,44576.0,44618.0,6137
1733770800,44619.0,44635.0,44551.0,44584.0,7276
1733774400,44587.0,44588.0,44453.0,44481.0,12303
1733778000,44479.0,44482.0,44451.0,44461.0,3575
1733785200,44489.0,44489.0,44448.0,44466.0,0
1733788800,44465.0,44466.0,44442.0,44462.0,577
1733792400,44463.0,44465.0,44433.0,44448.0,644
1733796000,44452.0,44455.0,44442.0,44446.0,264
1733799600,44446.0,44471.0,44445.0,44468.0,328
1733803200,44467.0,44470.0,44458.0,44461.0,189
1733806800,44462.0,44486.0,44461.0,44476.0,542
1733810400,44475.0,44488.0,44471.0,44471.0,361
1733814000,44475.0,44522.0,44475.0,44491.0,1189
1733817600,44492.0,44508.0,44454.0,44455.0,1727
1733821200,44455.0,44472.0,44430.0,44446.0,1875
1733824800,44445.0,44478.0,44445.0,44470.0,870
1733828400,44468.0,44488.0,44451.0,44471.0,1328
1733832000,44473.0,44481.0,44431.0,44434.0,1932
1733835600,44433.0,44433.0,44358.0,44394.0,5142
1733839200,44394.0,44430.0,44263.0,44396.0,16349
1733842800,44398.0,44520.0,44335.0,44499.0,11551
1733846400,44500.0,44552.0,44475.0,44502.0,8315
1733850000,44501.0,44527.0,44440.0,44443.0,5642
1733853600,44443.0,44502.0,44427.0,44459.0,3629
1733857200,44460.0,44509.0,44415.0,44491.0,4598
1733860800,44490.0,44495.0,44288.0,44339.0,11382
1733864400,44339.0,44387.0,44334.0,44361.0,2927
1733871600,44335.0,44385.0,44335.0,44353.0,0
1733875200,44352.0,44357.0,44334.0,44346.0,551
1733878800,44347.0,44352.0,44336.0,44339.0,370
1733882400,44339.0,44340.0,44323.0,44329.0,258
1733886000,44328.0,44330.0,44316.0,44327.0,274
1733889600,44327.0,44327.0,44299.0,44319.0,531
1733893200,44319.0,44337.0,44314.0,44332.0,248
1733896800,44333.0,44342.0,44330.0,44341.0,279
1733900400,44341.0,44343.0,44293.0,44301.0,967
1733904000,44302.0,44330.0,44294.0,44321.0,1226
1733907600,44322.0,44322.0,44271.0,44273.0,1441
1733911200,44275.0,44283.0,44251.0,44260.0,1328
1733914800,44260.0,44306.0,44255.0,44301.0,1481
1733918400,44301.0,44341.0,44289.0,44334.0,1302
1733922000,44336.0,44442.0,44293.0,44434.0,5649
1733925600,44433.0,44441.0,44252.0,44256.0,17288
1733929200,44253.0,44340.0,44221.0,44289.0,15143
1733932800,44294.0,44394.0,44250.0,44359.0,8363
1733936400,44360.0,44383.0,44302.0,44370.0,5687
1733940000,44372.0,44407.0,44291.0,44295.0,4684
1733943600,44297.0,44343.0,44282.0,44301.0,5792
1733947200,44301.0,44313.0,44209.0,44219.0,9095
1733950800,44219.0,44223.0,44182.0,44182.0,2521
1733958000,44199.0,44199.0,44159.0,44166.0,0
1733961600,44164.0,44170.0,44124.0,44145.0,832
1733965200,44144.0,44161.0,44131.0,44136.0,508
1733968800,44137.0,44144.0,44123.0,44129.0,377
1733972400,44130.0,44133.0,44113.0,44122.0,436
1733976000,44121.0,44131.0,44119.0,44131.0,312
1733979600,44131.0,44148.0,44125.0,44148.0,371
1733983200,44149.0,44152.0,44106.0,44124.0,989
1733986800,44126.0,44134.0,44098.0,44104.0,1001
1733990400,44105.0,44122.0,44096.0,44109.0,1477
1733994000,44110.0,44143.0,44108.0,44141.0,1519
1733997600,44140.0,44162.0,44128.0,44129.0,1251
1734001200,44127.0,44174.0,44120.0,44155.0,2031
1734004800,44156.0,44198.0,44143.0,44171.0,1572
1734008400,44171.0,44232.0,44151.0,44191.0,3864
1734012000,44189.0,44265.0,44148.0,44228.0,15013
1734015600,44230.0,44241.0,44101.0,44179.0,13365
1734019200,44180.0,44235.0,44095.0,44096.0,8647
1734022800,44097.0,44190.0,44059.0,44125.0,8846
1734026400,44123.0,44143.0,44032.0,44035.0,7308
1734030000,44032.0,44056.0,43961.0,43987.0,10201
1734033600,43983.0,44037.0,43957.0,43977.0,11002
1734037200,43979.0,43995.0,43942.0,43983.0,6292
1734044400,43977.0,43981.0,43920.0,43942.0,0
1734048000,43943.0,43983.0,43931.0,43976.0,1346
1734051600,43975.0,43975.0,43945.0,43952.0,701
1734055200,43951.0,43961.0,43918.0,43959.0,1003
1734058800,43959.0,43961.0,43937.0,43945.0,516
1734062400,43944.0,43983.0,43941.0,43981.0,498
1734066000,43982.0,43986.0,43960.0,43963.0,605
1734069600,43965.0,43995.0,43962.0,43993.0,522
1734073200,43992.0,44021.0,43978.0,44008.0,1872
1734076800,44006.0,44057.0,44003.0,44039.0,1768
1734080400,44037.0,44085.0,44021.0,44077.0,1852
1734084000,44075.0,44088.0,44072.0,44077.0,1158
1734087600,44076.0,44091.0,44052.0,44064.0,1515
1734091200,44065.0,44066.0,44018.0,44018.0,2172
1734094800,44018.0,44043.0,44002.0,44012.0,2576
1734098400,44009.0,44089.0,43902.0,43911.0,23156
1734102000,43913.0,43974.0,43864.0,43932.0,21541
1734105600,43932.0,44000.0,43907.0,43953.0,16167
1734109200,43950.0,43950.0,43825.0,43851.0,11856
1734112800,43850.0,43929.0,43822.0,43886.0,9973
1734116400,43884.0,43938.0,43866.0,43894.0,7840
1734120000,43892.0,43917.0,43848.0,43870.0,14965
1734123600,43870.0,43872.0,43812.0,43844.0,4207
1734303600,43848.0,43900.0,43847.0,43886.0,733
1734307200,43887.0,43922.0,43885.0,43914.0,361
1734310800,43913.0,43921.0,43900.0,43916.0,288
1734314400,43914.0,43924.0,43908.0,43918.0,226
1734318000,43920.0,43920.0,43901.0,43905.0,168
1734321600,43909.0,43918.0,43903.0,43904.0,206
1734325200,43906.0,43909.0,43892.0,43895.0,144
1734328800,43893.0,43911.0,43893.0,43903.0,185
1734332400,43903.0,43906.0,43881.0,43888.0,571
1734336000,43890.0,43921.0,43882.0,43885.0,549
1734339600,43883.0,43896.0,43859.0,43895.0,1170
1734343200,43899.0,43913.0,43888.0,43889.0,904
1734346800,43888.0,43926.0,43880.0,43912.0,849
1734350400,43912.0,43953.0,43911.0,43944.0,1086
1734354000,43948.0,43949.0,43917.0,43948.0,2582
1734357600,43948.0,43963.0,43826.0,43881.0,14996
1734361200,43890.0,43993.0,43846.0,43912.0,16392
1734364800,43917.0,43917.0,43835.0,43863.0,12491
1734368400,43864.0,43870.0,43799.0,43820.0,10831
1734372000,43819.0,43869.0,43804.0,43856.0,6179
1734375600,43854.0,43876.0,43817.0,43872.0,5083
1734379200,43869.0,43869.0,43728.0,43763.0,8597
1734382800,43763.0,43776.0,43722.0,43743.0,2441
1734390000,43743.0,43743.0,43687.0,43710.0,0
1734393600,43711.0,43722.0,43699.0,43717.0,288
1734397200,43717.0,43751.0,43707.0,43750.0,399
1734400800,43749.0,43772.0,43748.0,43758.0,194
1734404400,43755.0,43757.0,43730.0,43734.0,283
1734408000,43741.0,43755.0,43726.0,43728.0,312
1734411600,43730.0,43734.0,43694.0,43697.0,310
1734415200,43702.0,43706.0,43652.0,43669.0,293
1734418800,43658.0,43671.0,43624.0,43628.0,717
1734422400,43630.0,43634.0,43582.0,43595.0,1279
1734426000,43592.0,43633.0,43592.0,43633.0,1236
1734429600,43635.0,43643.0,43598.0,43608.0,930
1734433200,43609.0,43636.0,43570.0,43583.0,634
1734436800,43586.0,43615.0,43576.0,43578.0,615
1734440400,43581.0,43581.0,43520.0,43569.0,2338
1734444000,43566.0,43591.0,43460.0,43559.0,8982
1734447600,43561.0,43561.0,43442.0,43491.0,10212
1734451200,43490.0,43559.0,43470.0,43554.0,6584
1734454800,43556.0,43566.0,43477.0,43490.0,3468
1734458400,43489.0,43495.0,43406.0,43469.0,3213
1734462000,43470.0,43481.0,43380.0,43399.0,5563
1734465600,43399.0,43525.0,43367.0,43477.0,8316
1734469200,43478.0,43503.0,43446.0,43470.0,1500
1734476400,43478.0,43494.0,43444.0,43485.0,0
1734480000,43483.0,43518.0,43481.0,43515.0,365
1734483600,43507.0,43554.0,43507.0,43548.0,503
1734487200,43547.0,43561.0,43544.0,43550.0,193
1734490800,43548.0,43558.0,43519.0,43528.0,359
1734494400,43527.0,43565.0,43522.0,43565.0,167
1734498000,43562.0,43562.0,43545.0,43561.0,263
1734501600,43561.0,43571.0,43539.0,43550.0,252
1734505200,43557.0,43574.0,43549.0,43549.0,265
1734508800,43549.0,43570.0,43530.0,43538.0,343
1734512400,43538.0,43549.0,43522.0,43536.0,491
1734516000,43548.0,43588.0,43548.0,43582.0,273
1734519600,43586.0,43603.0,43575.0,43592.0,627
1734523200,43592.0,43635.0,43592.0,43626.0,828
1734526800,43628.0,43663.0,43589.0,43601.0,1191
1734530400,43596.0,43619.0,43471.0,43619.0,5514
1734534000,43622.0,43724.0,43591.0,43680.0,6183
1734537600,43680.0,43710.0,43587.0,43640.0,4076
1734541200,43631.0,43714.0,43606.0,43647.0,2659
1734544800,43644.0,43659.0,43574.0,43637.0,2975
1734548400,43618.0,43618.0,42943.0,42967.0,7036
1734552000,42971.0,43017.0,42297.0,42331.0,6376
1734555600,42326.0,42413.0,42191.0,42375.0,0
1734562800,42406.0,42444.0,42358.0,42365.0,552
1734566400,42373.0,42446.0,42368.0,42431.0,263
1734570000,42427.0,42460.0,42395.0,42449.0,559
1734573600,42450.0,42454.0,42403.0,42415.0,270
1734577200,42419.0,42443.0,42401.0,42435.0,300
1734580800,42421.0,42438.0,42405.0,42410.0,296
1734584400,42413.0,42430.0,42363.0,42369.0,503
1734588000,42372.0,42415.0,42351.0,42386.0,429
1734591600,42381.0,42476.0,42380.0,42465.0,985
1734595200,42451.0,42489.0,42419.0,42482.0,798
1734598800,42480.0,42484.0,42407.0,42476.0,868
1734602400,42477.0,42509.0,42462.0,42462.0,485
1734606000,42462.0,42502.0,42456.0,42479.0,316
1734609600,42489.0,42611.0,42489.0,42611.0,245
1734613200,42600.0,42684.0,42534.0,42604.0,887
1734616800,42604.0,42790.0,42568.0,42611.0,4347
1734620400,42619.0,42632.0,42436.0,42547.0,5033
1734624000,42540.0,42651.0,42434.0,42534.0,3391
1734627600,42538.0,42585.0,42436.0,42526.0,1894
1734631200,42523.0,42702.0,42422.0,42702.0,1950
1734634800,42694.0,42702.0,42484.0,42488.0,2094
1734638400,42495.0,42583.0,42350.0,42359.0,2218
1734642000,42356.0,42425.0,42353.0,42419.0,0
1734649200,42390.0,42401.0,42342.0,42342.0,56
1734652800,42338.0,42338.0,42250.0,42253.0,343
1734656400,42277.0,42291.0,42250.0,42268.0,127
1734660000,42251.0,42253.0,42208.0,42240.0,487
1734663600,42240.0,42256.0,42181.0,42192.0,84
1734667200,42197.0,42232.0,42197.0,42230.0,64
1734670800,42282.0,42283.0,42251.0,42278.0,75
1734674400,42274.0,42320.0,42253.0,42309.0,35
1734678000,42327.0,42353.0,42281.0,42281.0,47
1734681600,42191.0,42207.0,42120.0,42197.0,102
1734685200,42197.0,42197.0,42100.0,42148.0,367
1734688800,42134.0,42147.0,42092.0,42137.0,134
1734692400,42150.0,42203.0,42150.0,42159.0,145
1734696000,42101.0,42147.0,42063.0,42136.0,197
1734699600,42162.0,42267.0,42111.0,42227.0,174
1734703200,42193.0,42244.0,42193.0,42201.0,66
1734908400,43356.0,43480.0,43343.0,43427.0,1270
1734912000,43430.0,43435.0,43386.0,43400.0,914
1734915600,43402.0,43442.0,43380.0,43430.0,841
1734919200,43431.0,43439.0,43410.0,43436.0,524
1734922800,43437.0,43441.0,43410.0,43414.0,471
1734926400,43417.0,43455.0,43417.0,43451.0,388
1734930000,43454.0,43471.0,43444.0,43463.0,660
1734933600,43462.0,43469.0,43449.0,43454.0,517
1734937200,43458.0,43463.0,43415.0,43426.0,1237
1734940800,43427.0,43428.0,43352.0,43393.0,2019
1734944400,43390.0,43405.0,43338.0,43355.0,2210
1734948000,43355.0,43372.0,43285.0,43287.0,1939
1734951600,43289.0,43295.0,43175.0,43194.0,2621
1734955200,43196.0,43258.0,43192.0,43221.0,3235
1734958800,43220.0,43225.0,43061.0,43105.0,4038
1734962400,43105.0,43225.0,42991.0,43037.0,16483
1734966000,43032.0,43090.0,42929.0,42959.0,17141
1734969600,42961.0,43196.0,42953.0,43192.0,8429
1734973200,43191.0,43238.0,43117.0,43207.0,6925
1734976800,43207.0,43275.0,43189.0,43239.0,4552
1734980400,43236.0,43276.0,43192.0,43209.0,4313
1734984000,43209.0,43382.0,43183.0,43323.0,11414
1734987600,43322.0,43355.0,43290.0,43334.0,2164
1734994800,43352.0,43361.0,43318.0,43327.0,0
1734998400,43328.0,43329.0,43293.0,43326.0,520
1735002000,43327.0,43335.0,43307.0,43315.0,539
1735005600,43316.0,43321.0,43302.0,43317.0,319
1735009200,43316.0,43333.0,43297.0,43306.0,373
1735012800,43307.0,43318.0,43294.0,43317.0,223
1735016400,43317.0,43320.0,43291.0,43302.0,238
1735020000,43301.0,43324.0,43292.0,43313.0,307
1735023600,43311.0,43335.0,43308.0,43310.0,581
1735027200,43311.0,43315.0,43279.0,43300.0,693
1735030800,43295.0,43351.0,43295.0,43347.0,846
1735034400,43347.0,43349.0,43323.0,43325.0,651
1735038000,43327.0,43340.0,43286.0,43303.0,621
1735041600,43299.0,43315.0,43288.0,43315.0,993
1735045200,43310.0,43314.0,43287.0,43303.0,944
1735050600,43304.0,43341.0,43246.0,43314.0,10730
1735054200,43318.0,43528.0,43318.0,43522.0,9129
1735057800,43520.0,43563.0,43461.0,43502.0,5825
1735061400,43503.0,43664.0,43491.0,43646.0,8048
1735063200,43645.0,43653.0,43615.0,43640.0,1517
1735189200,43619.0,43647.0,43617.0,43644.0,270
1735192800,43641.0,43644.0,43615.0,43617.0,257
1735196400,43616.0,43649.0,43613.0,43643.0,743
1735200000,43641.0,43641.0,43542.0,43552.0,1155
1735203600,43550.0,43555.0,43515.0,43527.0,1176
1735207200,43526.0,43526.0,43478.0,43491.0,860
1735210800,43485.0,43497.0,43430.0,43491.0,1361
1735214400,43489.0,43507.0,43471.0,43503.0,1280
1735218000,43503.0,43530.0,43440.0,43490.0,2089
1735221600,43484.0,43593.0,43462.0,43581.0,11200
1735225200,43583.0,43625.0,43535.0,43624.0,8508
1735228800,43629.0,43724.0,43608.0,43708.0,5466
1735232400,43707.0,43745.0,43614.0,43646.0,4985
1735236000,43647.0,43728.0,43638.0,43684.0,4343
1735239600,43680.0,43701.0,43624.0,43691.0,3042
1735243200,43690.0,43742.0,43654.0,43702.0,6344
1735246800,43702.0,43713.0,43673.0,43686.0,1707
1735254000,43668.0,43710.0,43666.0,43709.0,0
1735257600,43710.0,43710.0,43636.0,43655.0,899
1735261200,43655.0,43661.0,43634.0,43659.0,534
1735264800,43655.0,43660.0,43635.0,43635.0,235
1735268400,43635.0,43644.0,43625.0,43641.0,351
1735272000,43642.0,43651.0,43632.0,43633.0,267
1735275600,43636.0,43652.0,43630.0,43631.0,268
1735279200,43632.0,43632.0,43606.0,43616.0,508
1735282800,43613.0,43636.0,43585.0,43595.0,895
1735286400,43595.0,43601.0,43555.0,43569.0,1454
1735290000,43571.0,43594.0,43564.0,43571.0,907
1735293600,43576.0,43589.0,43557.0,43571.0,994
1735297200,43573.0,43578.0,43559.0,43576.0,911
1735300800,43576.0,43587.0,43545.0,43571.0,1249
1735304400,43572.0,43573.0,43508.0,43509.0,1692
1735308000,43509.0,43577.0,43383.0,43550.0,14421
1735311600,43552.0,43560.0,43201.0,43296.0,23818
1735315200,43286.0,43361.0,43121.0,43151.0,11982
1735318800,43150.0,43188.0,43076.0,43151.0,11025
1735322400,43149.0,43290.0,43146.0,43276.0,6975
1735326000,43276.0,43413.0,43257.0,43393.0,7899
1735329600,43393.0,43395.0,43201.0,43352.0,14581
1735333200,43351.0,43363.0,43329.0,43353.0,2876
1735513200,43300.0,43381.0,43264.0,43308.0,1320
1735516800,43305.0,43312.0,43271.0,43290.0,566
1735520400,43289.0,43317.0,43268.0,43308.0,671
1735524000,43307.0,43307.0,43274.0,43279.0,415
1735527600,43277.0,43283.0,43253.0,43263.0,515
1735531200,43262.0,43276.0,43248.0,43262.0,310
1735534800,43264.0,43270.0,43234.0,43250.0,465
1735538400,43245.0,43286.0,43239.0,43243.0,673
1735542000,43242.0,43243.0,43191.0,43210.0,1224
1735545600,43209.0,43250.0,43191.0,43243.0,1596
1735549200,43243.0,43285.0,43228.0,43246.0,1957
1735552800,43241.0,43267.0,43241.0,43260.0,957
1735556400,43261.0,43289.0,43259.0,43273.0,1040
1735560000,43274.0,43274.0,42951.0,43001.0,5196
1735563600,42998.0,43022.0,42846.0,42872.0,6099
1735567200,42870.0,42937.0,42654.0,42664.0,21977
1735570800,42663.0,42777.0,42583.0,42776.0,20702
1735574400,42772.0,42990.0,42742.0,42945.0,13051
1735578000,42943.0,43077.0,42942.0,43060.0,9595
1735581600,43060.0,43112.0,43004.0,43087.0,7726
1735585200,43086.0,43105.0,42977.0,43067.0,8230
1735588800,43067.0,43116.0,42915.0,42926.0,13273
1735592400,42928.0,42943.0,42895.0,42925.0,4206
1735599600,42915.0,42931.0,42871.0,42920.0,0
1735603200,42920.0,42926.0,42873.0,42887.0,562
1735606800,42888.0,42966.0,42888.0,42957.0,818
1735610400,42957.0,42986.0,42944.0,42951.0,768
1735614000,42951.0,42953.0,42914.0,42931.0,624
1735617600,42935.0,42937.0,42891.0,42923.0,397
1735621200,42921.0,42927.0,42904.0,42926.0,262
1735624800,42924.0,42924.0,42878.0,42904.0,520
1735628400,42902.0,42934.0,42893.0,42904.0,842
1735632000,42908.0,42931.0,42891.0,42918.0,808
1735635600,42918.0,43017.0,42907.0,43010.0,2340
1735639200,43012.0,43042.0,42996.0,43022.0,909
1735642800,43023.0,43036.0,43008.0,43028.0,869
1735646400,43025.0,43063.0,42996.0,43000.0,1574
1735650000,43003.0,43049.0,42987.0,43005.0,2185
1735653600,43003.0,43059.0,42949.0,43056.0,12848
1735657200,43056.0,43100.0,42937.0,42950.0,16579
1735660800,42952.0,42960.0,42806.0,42822.0,12953
1735664400,42821.0,42893.0,42730.0,42890.0,7164
1735668000,42887.0,42901.0,42724.0,42793.0,6623
1735671600,42795.0,42868.0,42730.0,42839.0,7075
1735675200,42840.0,42912.0,42776.0,42870.0,13772
1735678800,42870.0,42900.0,42846.0,42876.0,2966
1735794000,42983.0,43040.0,42976.0,43027.0,635
1735797600,43029.0,43051.0,43023.0,43036.0,599
1735801200,43035.0,43073.0,43016.0,43018.0,1441
1735804800,43021.0,43122.0,42966.0,43028.0,3224
1735808400,43028.0,43074.0,43006.0,43073.0,2173
1735812000,43075.0,43085.0,43033.0,43077.0,932
1735815600,43080.0,43203.0,43049.0,43200.0,1790
1735819200,43202.0,43245.0,43132.0,43180.0,2778
1735822800,43181.0,43208.0,43135.0,43140.0,2718
1735826400,43141.0,43217.0,42974.0,43179.0,20016
1735830000,43176.0,43196.0,42863.0,42929.0,20457
1735833600,42925.0,42968.0,42748.0,42904.0,12933
1735837200,42905.0,42969.0,42489.0,42613.0,17178
1735840800,42611.0,42628.0,42463.0,42542.0,11576
1735844400,42543.0,42676.0,42512.0,42562.0,9821
1735848000,42565.0,42778.0,42565.0,42697.0,13672
1735851600,42696.0,42740.0,42696.0,42720.0,2634
1735858800,42707.0,42712.0,42655.0,42679.0,0
1735862400,42677.0,42755.0,42670.0,42753.0,1139
1735866000,42754.0,42771.0,42713.0,42727.0,745
1735869600,42727.0,42779.0,42727.0,42750.0,567
1735873200,42750.0,42772.0,42748.0,42749.0,320
1735876800,42754.0,42762.0,42732.0,42733.0,358
1735880400,42734.0,42738.0,42716.0,42726.0,547
1735884000,42727.0,42768.0,42721.0,42749.0,781
1735887600,42750.0,42781.0,42723.0,42755.0,1151
1735891200,42756.0,42796.0,42734.0,42752.0,1890
1735894800,42754.0,42853.0,42744.0,42837.0,1893
1735898400,42834.0,42837.0,42750.0,42755.0,1171
1735902000,42758.0,42767.0,42735.0,42754.0,1135
1735905600,42754.0,42810.0,42749.0,42804.0,1391
1735909200,42804.0,42842.0,42795.0,42796.0,1740
1735912800,42798.0,42994.0,42766.0,42784.0,15427
1735916400,42778.0,42951.0,42720.0,42941.0,14930
1735920000,42941.0,42971.0,42842.0,42921.0,8160
1735923600,42923.0,42985.0,42908.0,42945.0,4852
1735927200,42944.0,43034.0,42914.0,43003.0,4584
1735930800,43001.0,43077.0,42992.0,43019.0,4139
1735934400,43017.0,43038.0,42968.0,43011.0,10364
1735938000,43011.0,43024.0,42988.0,42995.0,2243
1736118000,43024.0,43046.0,42992.0,43016.0,536
1736121600,43020.0,43035.0,42968.0,42988.0,796
1736125200,42987.0,42997.0,42958.0,42972.0,456
1736128800,42970.0,42986.0,42951.0,42977.0,541
1736132400,42976.0,42978.0,42961.0,42962.0,238
1736136000,42962.0,42984.0,42961.0,42973.0,276
1736139600,42975.0,43011.0,42971.0,43000.0,368
1736143200,43002.0,43027.0,42996.0,43022.0,477
1736146800,43019.0,43050.0,43006.0,43031.0,956
1736150400,43035.0,43068.0,43014.0,43060.0,1444
1736154000,43063.0,43097.0,43049.0,43085.0,1944
1736157600,43087.0,43089.0,43005.0,43020.0,2010
1736161200,43020.0,43176.0,42985.0,43176.0,5330
1736164800,43175.0,43213.0,43144.0,43186.0,2665
1736168400,43182.0,43269.0,43175.0,43260.0,2853
1736172000,43261.0,43271.0,43085.0,43254.0,21309
1736175600,43254.0,43345.0,43218.0,43262.0,15916
1736179200,43265.0,43409.0,43196.0,43403.0,10153
1736182800,43404.0,43404.0,43188.0,43221.0,8820
1736186400,43224.0,43228.0,43037.0,43068.0,11823
1736190000,43071.0,43096.0,42968.0,42978.0,9573
1736193600,42975.0,43002.0,42887.0,42988.0,14393
1736197200,42990.0,43032.0,42987.0,43031.0,3474
1736204400,43028.0,43049.0,42998.0,43003.0,0
1736208000,43001.0,43012.0,42975.0,42985.0,816
1736211600,42983.0,42988.0,42942.0,42972.0,1281
1736215200,42974.0,42990.0,42948.0,42952.0,785
1736218800,42954.0,42979.0,42934.0,42978.0,573
1736222400,42979.0,42980.0,42962.0,42968.0,454
1736226000,42961.0,42964.0,42924.0,42961.0,985
1736229600,42958.0,42967.0,42939.0,42963.0,1063
1736233200,42964.0,42980.0,42937.0,42979.0,1888
1736236800,42980.0,43038.0,42942.0,43019.0,4678
1736240400,43018.0,43025.0,42964.0,42983.0,3343
1736244000,42984.0,43026.0,42976.0,43012.0,1834
1736247600,43010.0,43048.0,43008.0,43016.0,1571
1736251200,43017.0,43086.0,43005.0,43049.0,2040
1736254800,43047.0,43112.0,43046.0,43111.0,2386
1736258400,43110.0,43212.0,43083.0,43176.0,17151
1736262000,43170.0,43170.0,42859.0,43057.0,30543
1736265600,43060.0,43094.0,42893.0,42903.0,15094
1736269200,42906.0,42991.0,42817.0,42889.0,10593
1736272800,42890.0,42984.0,42888.0,42925.0,6857
1736276400,42927.0,42968.0,42852.0,42858.0,5844
1736280000,42858.0,42863.0,42653.0,42808.0,17444
1736283600,42807.0,42815.0,42781.0,42782.0,2273
1736290800,42786.0,42813.0,42755.0,42811.0,0
1736294400,42813.0,42847.0,42805.0,42838.0,845
1736298000,42840.0,42875.0,42832.0,42875.0,669
1736301600,42874.0,42894.0,42852.0,42874.0,566
1736305200,42877.0,42879.0,42852.0,42872.0,385
1736308800,42876.0,42894.0,42863.0,42873.0,360
1736312400,42874.0,42908.0,42873.0,42904.0,389
1736316000,42906.0,42906.0,42854.0,42855.0,404
1736319600,42857.0,42868.0,42833.0,42865.0,881
1736323200,42867.0,42903.0,42856.0,42876.0,1299
1736326800,42877.0,42916.0,42869.0,42908.0,1962
1736330400,42910.0,42940.0,42908.0,42932.0,1003
1736334000,42929.0,42939.0,42703.0,42813.0,8029
1736337600,42816.0,42816.0,42671.0,42699.0,6423
1736341200,42700.0,42846.0,42699.0,42831.0,7023
1736344800,42831.0,42848.0,42600.0,42605.0,16997
1736348400,42599.0,42778.0,42593.0,42775.0,14378
1736352000,42778.0,42874.0,42728.0,42822.0,7086
1736355600,42827.0,42836.0,42614.0,42689.0,7169
1736359200,42688.0,42845.0,42671.0,42722.0,8006
1736362800,42721.0,42925.0,42688.0,42801.0,9834
1736366400,42805.0,42919.0,42780.0,42875.0,8683
1736370000,42876.0,42913.0,42848.0,42881.0,3433
1736377200,42882.0,42883.0,42836.0,42841.0,0
1736380800,42842.0,42852.0,42789.0,42818.0,916
1736384400,42818.0,42825.0,42791.0,42792.0,585
1736388000,42792.0,42841.0,42792.0,42837.0,338
1736391600,42837.0,42844.0,42802.0,42806.0,444
1736395200,42807.0,42815.0,42779.0,42799.0,466
1736398800,42799.0,42834.0,42786.0,42832.0,371
1736402400,42832.0,42837.0,42819.0,42832.0,386
1736406000,42830.0,42830.0,42744.0,42754.0,1250
1736409600,42753.0,42871.0,42726.0,42859.0,2070
1736413200,42861.0,42903.0,42850.0,42873.0,1108
1736416800,42874.0,42906.0,42867.0,42876.0,793
1736420400,42874.0,42875.0,42817.0,42844.0,1416
1736424000,42843.0,42872.0,42810.0,42868.0,1477
1736427600,42867.0,42884.0,42823.0,42832.0,1598
1736431200,42829.0,42829.0,42766.0,42822.0,1976
1736463600,42821.0,42827.0,42703.0,42738.0,0
1736467200,42736.0,42744.0,42684.0,42692.0,1638
1736470800,42694.0,42758.0,42692.0,42751.0,1148
1736474400,42750.0,42779.0,42739.0,42771.0,697
1736478000,42771.0,42801.0,42770.0,42788.0,622
1736481600,42789.0,42811.0,42776.0,42808.0,511
1736485200,42808.0,42834.0,42803.0,42830.0,828
1736488800,42830.0,42833.0,42800.0,42809.0,1138
1736492400,42809.0,42863.0,42793.0,42844.0,1386
1736496000,42841.0,42893.0,42827.0,42851.0,1837
1736499600,42852.0,42858.0,42758.0,42811.0,3386
1736503200,42814.0,42855.0,42791.0,42837.0,2110
1736506800,42837.0,42903.0,42837.0,42842.0,1706
1736510400,42844.0,42858.0,42787.0,42856.0,2651
1736514000,42857.0,42864.0,42445.0,42555.0,15169
1736517600,42552.0,42676.0,42461.0,42481.0,32578
1736521200,42473.0,42473.0,42223.0,42267.0,25399
1736524800,42266.0,42279.0,42133.0,42143.0,15014
1736528400,42147.0,42274.0,42104.0,42256.0,9179
1736532000,42258.0,42417.0,42223.0,42412.0,9442
1736535600,42413.0,42415.0,42225.0,42262.0,8639
1736539200,42261.0,42290.0,42118.0,42166.0,13736
1736542800,42165.0,42270.0,42089.0,42213.0,6857
1736722800,42206.0,42247.0,42108.0,42173.0,1652
1736726400,42179.0,42218.0,42147.0,42165.0,841
1736730000,42163.0,42171.0,42061.0,42084.0,1782
1736733600,42086.0,42116.0,42068.0,42079.0,675
1736737200,42080.0,42093.0,42013.0,42053.0,1306
1736740800,42051.0,42084.0,42051.0,42083.0,414
1736744400,42082.0,42085.0,42050.0,42071.0,379
1736748000,42071.0,42123.0,42071.0,42100.0,548
1736751600,42105.0,42112.0,42062.0,42087.0,1102
1736755200,42083.0,42118.0,42003.0,42010.0,2932
1736758800,42012.0,42058.0,41973.0,42003.0,5185
1736762400,42000.0,42039.0,41982.0,42004.0,1705
1736766000,42005.0,42054.0,41967.0,42041.0,2391
1736769600,42041.0,42127.0,42012.0,42102.0,4362
1736773200,42101.0,42157.0,42067.0,42120.0,3543
1736776800,42120.0,42364.0,42062.0,42362.0,18806
1736780400,42363.0,42414.0,42252.0,42362.0,16388
1736784000,42366.0,42375.0,42174.0,42188.0,10504
1736787600,42187.0,42416.0,42173.0,42416.0,8664
1736791200,42414.0,42486.0,42366.0,42445.0,9606
1736794800,42443.0,42498.0,42382.0,42461.0,7942
1736798400,42459.0,42557.0,42421.0,42527.0,11377
1736802000,42527.0,42565.0,42511.0,42561.0,2685
1736809200,42569.0,42656.0,42569.0,42612.0,0
1736812800,42612.0,42617.0,42577.0,42592.0,1121
1736816400,42591.0,42594.0,42566.0,42585.0,695
1736820000,42586.0,42589.0,42548.0,42583.0,636
1736823600,42580.0,42587.0,42565.0,42576.0,478
1736827200,42573.0,42595.0,42561.0,42592.0,316
1736830800,42593.0,42614.0,42588.0,42612.0,425
1736834400,42615.0,42626.0,42584.0,42594.0,569
1736838000,42597.0,42630.0,42563.0,42611.0,976
1736841600,42612.0,42700.0,42602.0,42673.0,2131
1736845200,42675.0,42698.0,42653.0,42669.0,2175
1736848800,42671.0,42693.0,42653.0,42677.0,840
1736852400,42677.0,42686.0,42632.0,42640.0,1182
1736856000,42634.0,42644.0,42572.0,42618.0,2410
1736859600,42618.0,42789.0,42530.0,42644.0,7439
1736863200,42646.0,42728.0,42568.0,42595.0,15478
1736866800,42595.0,42751.0,42594.0,42668.0,14899
1736870400,42666.0,42675.0,42389.0,42390.0,13463
1736874000,42386.0,42535.0,42374.0,42519.0,9461
1736877600,42518.0,42768.0,42512.0,42755.0,8177
1736881200,42755.0,42783.0,42586.0,42602.0,7466
1736884800,42602.0,42761.0,42512.0,42750.0,13942
1736888400,42749.0,42825.0,42742.0,42815.0,3592
1736895600,42810.0,42837.0,42780.0,42799.0,0
1736899200,42799.0,42801.0,42782.0,42798.0,634
1736902800,42799.0,42815.0,42794.0,42809.0,545
1736906400,42809.0,42813.0,42785.0,42789.0,476
1736910000,42787.0,42788.0,42777.0,42780.0,327
1736913600,42780.0,42781.0,42765.0,42775.0,286
1736917200,42776.0,42776.0,42756.0,42756.0,330
1736920800,42757.0,42773.0,42752.0,42766.0,327
1736924400,42767.0,42788.0,42767.0,42786.0,986
1736928000,42787.0,42795.0,42763.0,42781.0,1201
1736931600,42782.0,42823.0,42776.0,42803.0,1460
1736935200,42803.0,42846.0,42777.0,42844.0,1078
1736938800,42847.0,42985.0,42835.0,42973.0,4703
1736942400,42972.0,42989.0,42908.0,42945.0,5576
1736946000,42946.0,43444.0,42941.0,43432.0,13830
1736949600,43434.0,43490.0,43306.0,43471.0,26654
1736953200,43473.0,43514.0,43336.0,43390.0,16881
1736956800,43391.0,43438.0,43283.0,43335.0,11097
1736960400,43331.0,43437.0,43317.0,43367.0,6643
1736964000,43369.0,43497.0,43368.0,43483.0,4654
1736967600,43485.0,43547.0,43450.0,43535.0,5764
1736971200,43538.0,43568.0,43453.0,43464.0,12625
1736974800,43463.0,43492.0,43456.0,43485.0,2365
1736982000,43482.0,43521.0,43468.0,43505.0,0
1736985600,43507.0,43562.0,43499.0,43539.0,1117
1736989200,43538.0,43538.0,43490.0,43492.0,508
1736992800,43494.0,43498.0,43476.0,43494.0,347
1736996400,43494.0,43516.0,43492.0,43502.0,464
1737000000,43503.0,43515.0,43495.0,43498.0,186
1737003600,43498.0,43499.0,43457.0,43469.0,532
1737007200,43470.0,43525.0,43466.0,43505.0,1816
1737010800,43502.0,43568.0,43493.0,43546.0,2775
1737014400,43546.0,43559.0,43442.0,43446.0,2187
1737018000,43445.0,43491.0,43437.0,43473.0,2907
1737021600,43473.0,43572.0,43436.0,43480.0,7972
1737025200,43481.0,43492.0,43336.0,43412.0,5481
1737028800,43414.0,43435.0,43340.0,43350.0,4204
1737032400,43349.0,43375.0,43285.0,43316.0,5026
1737036000,43314.0,43519.0,43311.0,43360.0,15812
1737039600,43364.0,43415.0,43312.0,43406.0,13794
1737043200,43407.0,43485.0,43343.0,43484.0,8734
1737046800,43482.0,43496.0,43415.0,43425.0,5599
1737050400,43425.0,43456.0,43315.0,43327.0,5617
1737054000,43326.0,43427.0,43300.0,43410.0,5161
1737057600,43411.0,43462.0,43360.0,43377.0,9489
1737061200,43378.0,43393.0,43298.0,43329.0,2866
1737068400,43345.0,43367.0,43318.0,43366.0,0
1737072000,43365.0,43376.0,43349.0,43363.0,538
1737075600,43364.0,43423.0,43364.0,43414.0,577
1737079200,43418.0,43431.0,43383.0,43387.0,365
1737082800,43387.0,43417.0,43377.0,43415.0,336
1737086400,43417.0,43441.0,43414.0,43426.0,446
1737090000,43428.0,43439.0,43413.0,43426.0,432
1737093600,43427.0,43438.0,43415.0,43430.0,623
1737097200,43431.0,43448.0,43399.0,43436.0,1056
1737100800,43436.0,43483.0,43432.0,43477.0,1478
1737104400,43477.0,43513.0,43463.0,43478.0,1690
1737108000,43478.0,43514.0,43467.0,43505.0,1474
1737111600,43509.0,43551.0,43509.0,43520.0,1632
1737115200,43515.0,43550.0,43492.0,43538.0,1941
1737118800,43535.0,43649.0,43535.0,43617.0,5737
1737122400,43618.0,43739.0,43615.0,43689.0,23303
1737126000,43691.0,43767.0,43655.0,43762.0,11524
1737129600,43770.0,43834.0,43735.0,43802.0,8801
1737133200,43800.0,43866.0,43771.0,43814.0,4912
1737136800,43816.0,43834.0,43749.0,43775.0,5138
1737140400,43774.0,43778.0,43715.0,43733.0,3946
1737144000,43731.0,43773.0,43686.0,43689.0,10825
1737147600,43689.0,43697.0,43665.0,43681.0,2132
1737327600,43681.0,43721.0,43625.0,43650.0,905
1737331200,43654.0,43664.0,43634.0,43661.0,820
1737334800,43660.0,43673.0,43641.0,43660.0,613
1737338400,43657.0,43660.0,43645.0,43657.0,295
1737342000,43656.0,43686.0,43654.0,43683.0,421
1737345600,43684.0,43704.0,43678.0,43704.0,398
1737435600,43823.0,43830.0,43788.0,43796.0,280
1737439200,43800.0,43816.0,43779.0,43791.0,449
1737442800,43793.0,43841.0,43771.0,43826.0,1090
1737446400,43825.0,43868.0,43788.0,43829.0,1173
1737450000,43828.0,43870.0,43812.0,43869.0,1522
1737453600,43872.0,43927.0,43840.0,43844.0,1118
1737457200,43843.0,43866.0,43794.0,43850.0,2579
1737460800,43846.0,43909.0,43825.0,43893.0,1510
1737464400,43892.0,43908.0,43843.0,43880.0,2444
1737468000,43882.0,44046.0,43847.0,43991.0,16425
1737471600,43992.0,44057.0,43899.0,44044.0,10008
1737475200,44045.0,44151.0,44015.0,44135.0,9996
1737478800,44136.0,44188.0,44104.0,44155.0,6812
1737482400,44150.0,44186.0,44127.0,44174.0,5930
1737486000,44174.0,44192.0,44126.0,44165.0,4223
1737489600,44163.0,44269.0,44151.0,44245.0,10430
1737493200,44244.0,44276.0,44235.0,44256.0,3316
1737500400,44246.0,44266.0,44196.0,44250.0,0
1737504000,44248.0,44265.0,44236.0,44263.0,895
1737507600,44261.0,44262.0,44233.0,44256.0,603
1737511200,44257.0,44276.0,44255.0,44259.0,355
1737514800,44260.0,44262.0,44247.0,44253.0,375
1737518400,44252.0,44270.0,44243.0,44262.0,393
1737522000,44260.0,44262.0,44252.0,44256.0,251
1737525600,44254.0,44259.0,44227.0,44228.0,443
1737529200,44231.0,44249.0,44221.0,44233.0,643
1737532800,44233.0,44315.0,44229.0,44305.0,1923
1737536400,44302.0,44325.0,44297.0,44304.0,1951
1737540000,44300.0,44314.0,44292.0,44303.0,858
1737543600,44302.0,44339.0,44270.0,44338.0,4549
1737547200,44339.0,44409.0,44334.0,44361.0,4068
1737550800,44361.0,44404.0,44358.0,44404.0,2356
1737554400,44405.0,44408.0,44277.0,44355.0,15086
1737558000,44356.0,44407.0,44281.0,44305.0,10735
1737561600,44308.0,44375.0,44250.0,44350.0,7952
1737565200,44350.0,44362.0,44316.0,44322.0,4370
1737568800,44324.0,44399.0,44323.0,44341.0,4481
1737572400,44340.0,44403.0,44319.0,44396.0,3846
1737576000,44396.0,44417.0,44324.0,44349.0,8151
1737579600,44349.0,44362.0,44326.0,44355.0,2260
1737586800,44362.0,44368.0,44339.0,44340.0,0
1737590400,44340.0,44362.0,44336.0,44360.0,768
1737594000,44361.0,44372.0,44333.0,44336.0,638
1737597600,44333.0,44346.0,44322.0,44336.0,380
1737601200,44334.0,44346.0,44328.0,44334.0,399
1737604800,44336.0,44346.0,44336.0,44340.0,194
1737608400,44341.0,44347.0,44327.0,44329.0,265
1737612000,44329.0,44342.0,44324.0,44325.0,369
1737615600,44329.0,44334.0,44311.0,44332.0,698
1737619200,44333.0,44347.0,44310.0,44319.0,1496
1737622800,44319.0,44351.0,44314.0,44346.0,1738
1737626400,44344.0,44384.0,44342.0,44347.0,1509
1737630000,44345.0,44404.0,44343.0,44392.0,2413
1737633600,44392.0,44427.0,44373.0,44421.0,1789
1737637200,44422.0,44423.0,44366.0,44400.0,2820
1737640800,44402.0,44487.0,44358.0,44462.0,13841
1737644400,44466.0,44531.0,44416.0,44531.0,11216
1737648000,44532.0,44640.0,44497.0,44619.0,12629
1737651600,44621.0,44702.0,44603.0,44700.0,5630
1737655200,44702.0,44740.0,44677.0,44700.0,5186
1737658800,44698.0,44720.0,44666.0,44699.0,4312
1737662400,44700.0,44757.0,44658.0,44750.0,11025
1737666000,44751.0,44752.0,44696.0,44732.0,4228
1737673200,44730.0,44737.0,44710.0,44734.0,0
1737676800,44733.0,44735.0,44717.0,44726.0,815
1737680400,44728.0,44738.0,44716.0,44726.0,902
1737684000,44728.0,44770.0,44722.0,44766.0,1287
1737687600,44766.0,44773.0,44720.0,44729.0,693
1737691200,44729.0,44737.0,44715.0,44724.0,473
1737694800,44722.0,44727.0,44710.0,44718.0,338
1737698400,44720.0,44737.0,44712.0,44726.0,542
1737702000,44724.0,44743.0,44721.0,44739.0,797
1737705600,44737.0,44761.0,44726.0,44748.0,1416
1737709200,44747.0,44756.0,44698.0,44708.0,1800
1737712800,44707.0,44713.0,44665.0,44688.0,1365
1737716400,44688.0,44714.0,44681.0,44710.0,1523
1737720000,44708.0,44708.0,44607.0,44664.0,4338
1737723600,44664.0,44665.0,44624.0,44662.0,1872
1737727200,44661.0,44725.0,44593.0,44627.0,13567
1737730800,44629.0,44684.0,44586.0,44628.0,9795
1737734400,44628.0,44717.0,44622.0,44690.0,5774
1737738000,44690.0,44743.0,44659.0,44672.0,5129
1737741600,44672.0,44684.0,44593.0,44612.0,3984
1737745200,44613.0,44631.0,44571.0,44584.0,4209
1737748800,44586.0,44615.0,44523.0,44601.0,8467
1737752400,44600.0,44601.0,44547.0,44589.0,2455
1737932400,44475.0,44555.0,44426.0,44515.0,2312
1737936000,44517.0,44525.0,44437.0,44438.0,1374
1737939600,44441.0,44464.0,44373.0,44401.0,1947
1737943200,44401.0,44430.0,44383.0,44422.0,921
1737946800,44422.0,44467.0,44411.0,44453.0,1200
1737950400,44456.0,44456.0,44411.0,44430.0,789
1737954000,44426.0,44432.0,44330.0,44348.0,1795
1737957600,44350.0,44357.0,44212.0,44244.0,2520
1737961200,44246.0,44274.0,44151.0,44153.0,3695
1737964800,44155.0,44234.0,44009.0,44093.0,7311
1737968400,44094.0,44241.0,44077.0,44236.0,7449
1737972000,44240.0,44268.0,44124.0,44191.0,8101
1737975600,44182.0,44233.0,44169.0,44177.0,4794
1737979200,44180.0,44323.0,44145.0,44279.0,4695
1737982800,44278.0,44334.0,44253.0,44282.0,4887
1737986400,44282.0,44544.0,44219.0,44510.0,25095
1737990000,44509.0,44615.0,44439.0,44552.0,19058
1737993600,44553.0,44608.0,44512.0,44591.0,11333
1737997200,44594.0,44759.0,44573.0,44664.0,11189
1738000800,44666.0,44744.0,44636.0,44731.0,7037
1738004400,44732.0,44913.0,44732.0,44813.0,10719
1738008000,44814.0,44915.0,44734.0,44899.0,14908
1738011600,44899.0,44931.0,44885.0,44891.0,3938
1738018800,44905.0,44906.0,44786.0,44870.0,0
1738022400,44872.0,44876.0,44803.0,44829.0,1581
1738026000,44833.0,44881.0,44778.0,44794.0,1873
1738029600,44791.0,44863.0,44780.0,44824.0,1213
1738033200,44821.0,44858.0,44814.0,44820.0,840
1738036800,44818.0,44830.0,44801.0,44827.0,528
1738040400,44826.0,44848.0,44770.0,44810.0,884
1738044000,44813.0,44820.0,44756.0,44765.0,829
1738047600,44765.0,44818.0,44743.0,44804.0,1492
1738051200,44804.0,44914.0,44780.0,44909.0,2824
1738054800,44907.0,44937.0,44891.0,44926.0,3026
1738058400,44928.0,44959.0,44912.0,44919.0,1362
1738062000,44920.0,44937.0,44894.0,44896.0,1671
1738065600,44898.0,44924.0,44838.0,44911.0,3623
1738069200,44909.0,44915.0,44834.0,44846.0,3045
1738072800,44843.0,44970.0,44796.0,44866.0,15921
1738076400,44866.0,45147.0,44855.0,45129.0,15672
1738080000,45132.0,45159.0,44893.0,44987.0,12397
1738083600,44985.0,45058.0,44954.0,45040.0,5775
1738087200,45043.0,45093.0,45001.0,45001.0,4518
1738090800,45001.0,45051.0,44956.0,45048.0,4409
1738094400,45045.0,45082.0,45021.0,45025.0,8136
1738098000,45024.0,45024.0,44994.0,45014.0,2026
1738105200,45021.0,45024.0,44985.0,44989.0,0
1738108800,44990.0,45021.0,44984.0,45004.0,659
1738112400,45005.0,45014.0,44994.0,44997.0,342
1738116000,44999.0,45022.0,44995.0,45015.0,266
1738119600,45016.0,45017.0,44983.0,45007.0,318
1738123200,45009.0,45033.0,45009.0,45021.0,395
1738126800,45021.0,45023.0,45002.0,45004.0,220
1738130400,45005.0,45074.0,45005.0,45042.0,1591
1738134000,45041.0,45041.0,44986.0,45004.0,940
1738137600,45004.0,45010.0,44975.0,44979.0,963
1738141200,44976.0,44995.0,44950.0,44983.0,1292
1738144800,44984.0,45029.0,44982.0,45028.0,791
1738148400,45026.0,45050.0,45013.0,45040.0,669
1738152000,45038.0,45043.0,45000.0,45017.0,830
1738155600,45017.0,45017.0,44927.0,44972.0,2671
1738159200,44968.0,45103.0,44957.0,45058.0,12561
1738162800,45059.0,45143.0,45033.0,45051.0,8869
1738166400,45053.0,45076.0,44984.0,44995.0,6632
1738170000,44998.0,45064.0,44948.0,44967.0,3978
1738173600,44968.0,44993.0,44842.0,44950.0,8771
1738177200,44937.0,45005.0,44748.0,44949.0,16405
1738180800,44942.0,45025.0,44838.0,44893.0,14376
1738184400,44892.0,45034.0,44759.0,44952.0,9385
1738191600,44901.0,44940.0,44858.0,44929.0,0
1738195200,44927.0,44989.0,44915.0,44988.0,1032
1738198800,44989.0,45017.0,44965.0,44993.0,943
1738202400,44997.0,45018.0,44984.0,44987.0,559
1738206000,44988.0,45006.0,44978.0,45004.0,439
1738209600,45006.0,45012.0,44976.0,44977.0,324
1738213200,44977.0,44987.0,44961.0,44978.0,369
1738216800,44980.0,44986.0,44963.0,44982.0,439
1738220400,44981.0,45022.0,44966.0,45020.0,781
1738224000,45017.0,45066.0,45015.0,45063.0,1613
1738227600,45062.0,45078.0,45042.0,45059.0,1745
1738231200,45059.0,45088.0,45053.0,45060.0,973
1738234800,45059.0,45091.0,44940.0,44967.0,7073
1738238400,44969.0,44976.0,44819.0,44842.0,7210
1738242000,44839.0,44877.0,44779.0,44856.0,4510
1738245600,44856.0,45045.0,44784.0,44977.0,15365
1738249200,44981.0,45046.0,44892.0,44945.0,12776
1738252800,44942.0,45070.0,44876.0,45061.0,8513
1738256400,45061.0,45061.0,44931.0,44999.0,4947
1738260000,44997.0,45173.0,44997.0,45148.0,7121
1738263600,45148.0,45165.0,45100.0,45159.0,5010
1738267200,45159.0,45188.0,44805.0,45051.0,19701
1738270800,45051.0,45114.0,45009.0,45071.0,4995
1738278000,45120.0,45127.0,45068.0,45103.0,0
1738281600,45107.0,45117.0,45075.0,45098.0,804
1738285200,45096.0,45120.0,45030.0,45115.0,1612
1738288800,45115.0,45130.0,45094.0,45097.0,734
1738292400,45096.0,45112.0,45092.0,45092.0,228
1738296000,45097.0,45110.0,45086.0,45100.0,299
1738299600,45095.0,45130.0,45093.0,45125.0,680
1738303200,45123.0,45147.0,45119.0,45134.0,463
1738306800,45131.0,45170.0,45127.0,45150.0,1126
1738310400,45152.0,45180.0,45133.0,45165.0,1176
1738314000,45169.0,45226.0,45164.0,45180.0,2198
1738317600,45180.0,45217.0,45178.0,45190.0,1243
1738321200,45189.0,45222.0,45189.0,45221.0,891
1738324800,45221.0,45224.0,45186.0,45190.0,1703
1738328400,45190.0,45199.0,45141.0,45170.0,3264
1738332000,45167.0,45194.0,45035.0,45052.0,14140
1738335600,45050.0,45117.0,45023.0,45034.0,12409
1738339200,45037.0,45081.0,44994.0,45025.0,7613
1738342800,45026.0,45114.0,44978.0,45043.0,8664
1738346400,45044.0,45075.0,44753.0,44820.0,17929
1738350000,44820.0,44851.0,44673.0,44791.0,21538
1738353600,44788.0,44788.0,44657.0,44691.0,24020
1738357200,44691.0,44722.0,44666.0,44700.0,5382
1738537200,44449.0,44449.0,44053.0,44183.0,6828
1738540800,44186.0,44249.0,44131.0,44163.0,5261
1738544400,44159.0,44224.0,44102.0,44148.0,3110
1738548000,44150.0,44156.0,43993.0,44055.0,3171
1738551600,44056.0,44082.0,44016.0,44055.0,1347
1738555200,44053.0,44076.0,43965.0,44017.0,1412
1738558800,44016.0,44064.0,43999.0,44060.0,708
1738562400,44055.0,44080.0,44013.0,44035.0,1558
1738566000,44037.0,44098.0,44034.0,44041.0,2648
1738569600,44044.0,44199.0,44033.0,44173.0,4146
1738573200,44175.0,44179.0,44047.0,44055.0,3954
1738576800,44054.0,44140.0,44042.0,44122.0,2119
1738580400,44126.0,44168.0,44075.0,44102.0,1842
1738584000,44108.0,44137.0,43998.0,44018.0,3273
1738587600,44019.0,44161.0,44019.0,44081.0,5526
1738591200,44081.0,44312.0,44022.0,44072.0,22727
1738594800,44069.0,44608.0,43989.0,44560.0,34912
1738598400,44557.0,44663.0,44412.0,44535.0,16629
1738602000,44542.0,44653.0,44461.0,44559.0,12454
1738605600,44554.0,44659.0,44472.0,44642.0,7050
1738609200,44642.0,44737.0,44631.0,44707.0,6500
1738612800,44708.0,44715.0,44551.0,44565.0,11101
1738616400,44566.0,44814.0,44560.0,44751.0,5223
1738623600,44826.0,44826.0,44726.0,44743.0,0
1738627200,44739.0,44742.0,44693.0,44710.0,958
1738630800,44711.0,44711.0,44623.0,44659.0,1058
1738634400,44660.0,44663.0,44601.0,44619.0,584
1738638000,44619.0,44627.0,44566.0,44598.0,835
1738641600,44600.0,44626.0,44580.0,44592.0,458
1738645200,44585.0,44588.0,44350.0,44501.0,4680
1738648800,44506.0,44529.0,44445.0,44528.0,956
1738652400,44529.0,44545.0,44490.0,44492.0,1043
1738656000,44498.0,44536.0,44363.0,44411.0,2165
1738659600,44413.0,44477.0,44411.0,44435.0,1620
1738663200,44435.0,44488.0,44426.0,44469.0,1174
1738666800,44471.0,44507.0,44419.0,44437.0,1884
1738670400,44443.0,44525.0,44439.0,44508.0,2675
1738674000,44507.0,44523.0,44457.0,44478.0,2738
1738677600,44478.0,44563.0,44460.0,44490.0,14258
1738681200,44493.0,44609.0,44464.0,44544.0,13228
1738684800,44548.0,44681.0,44548.0,44620.0,7986
1738688400,44621.0,44669.0,44532.0,44655.0,8930
1738692000,44653.0,44661.0,44594.0,44601.0,4188
1738695600,44599.0,44742.0,44595.0,44693.0,7783
1738699200,44695.0,44721.0,44647.0,44694.0,10401
1738702800,44695.0,44735.0,44623.0,44663.0,5679
1738710000,44660.0,44683.0,44628.0,44646.0,0
1738713600,44648.0,44701.0,44631.0,44683.0,735
1738717200,44680.0,44700.0,44633.0,44636.0,908
1738720800,44633.0,44650.0,44600.0,44603.0,996
1738724400,44605.0,44615.0,44588.0,44596.0,518
1738728000,44597.0,44600.0,44575.0,44590.0,468
1738731600,44590.0,44594.0,44558.0,44566.0,463
1738735200,44567.0,44597.0,44555.0,44568.0,569
1738738800,44567.0,44589.0,44544.0,44565.0,1253
1738742400,44564.0,44645.0,44564.0,44601.0,2228
1738746000,44602.0,44635.0,44535.0,44541.0,2610
1738749600,44540.0,44625.0,44526.0,44609.0,1188
1738753200,44609.0,44677.0,44605.0,44644.0,3329
1738756800,44646.0,44712.0,44626.0,44637.0,3340
1738760400,44637.0,44662.0,44595.0,44651.0,3260
1738764000,44651.0,44731.0,44645.0,44724.0,7027
1738767600,44618.0,44727.0,44604.0,44713.0,22969
1738771200,44712.0,44843.0,44666.0,44805.0,9744
1738774800,44807.0,44844.0,44779.0,44829.0,4620
1738778400,44831.0,44926.0,44816.0,44896.0,5298
1738782000,44897.0,44969.0,44887.0,44930.0,4309
1738785600,44930.0,45021.0,44930.0,45001.0,9211
1738789200,45001.0,45057.0,44989.0,45045.0,3187
1738796400,45045.0,45045.0,45007.0,45042.0,0
1738800000,45040.0,45078.0,45040.0,45054.0,924
1738803600,45054.0,45066.0,45044.0,45064.0,447
1738807200,45062.0,45069.0,45050.0,45060.0,388
1738810800,45061.0,45072.0,45054.0,45072.0,260
1738814400,45070.0,45090.0,45070.0,45086.0,381
1738818000,45084.0,45110.0,45083.0,45102.0,509
1738821600,45104.0,45106.0,45080.0,45082.0,387
1738825200,45083.0,45106.0,45069.0,45072.0,609
1738828800,45073.0,45133.0,45053.0,45125.0,1718
1738832400,45122.0,45122.0,45084.0,45094.0,1740
1738836000,45096.0,45177.0,45095.0,45121.0,3033
1738839600,45122.0,45124.0,44982.0,45011.0,4793
1738843200,45012.0,45080.0,45003.0,45062.0,2367
1738846800,45063.0,45082.0,45028.0,45070.0,2358
1738850400,45071.0,45117.0,44984.0,45007.0,14210
1738854000,45008.0,45018.0,44857.0,44870.0,12257
1738857600,44871.0,44943.0,44835.0,44859.0,7465
1738861200,44857.0,44910.0,44805.0,44896.0,6103
1738864800,44893.0,44904.0,44788.0,44800.0,7623
1738868400,44798.0,44851.0,44660.0,44755.0,10213
1738872000,44753.0,44880.0,44746.0,44866.0,9152
1738875600,44867.0,44871.0,44670.0,44795.0,4286
1738882800,44790.0,44852.0,44769.0,44843.0,0
1738886400,44842.0,44863.0,44833.0,44863.0,519
1738890000,44863.0,44879.0,44853.0,44867.0,509
1738893600,44868.0,44873.0,44842.0,44853.0,359
1738897200,44854.0,44863.0,44830.0,44831.0,346
1738900800,44834.0,44834.0,44824.0,44828.0,192
1738904400,44828.0,44836.0,44813.0,44819.0,258
1738908000,44815.0,44833.0,44792.0,44833.0,592
1738911600,44831.0,44845.0,44815.0,44815.0,832
1738915200,44816.0,44866.0,44816.0,44842.0,1158
1738918800,44842.0,44897.0,44835.0,44895.0,1428
1738922400,44893.0,44898.0,44871.0,44880.0,694
1738926000,44881.0,44918.0,44876.0,44902.0,800
1738929600,44903.0,44908.0,44874.0,44874.0,1041
1738933200,44875.0,44950.0,44772.0,44914.0,6580
1738936800,44914.0,44959.0,44798.0,44958.0,11607
1738940400,44964.0,44964.0,44503.0,44618.0,25566
1738944000,44625.0,44746.0,44515.0,44553.0,18122
1738947600,44548.0,44631.0,44470.0,44525.0,12442
1738951200,44524.0,44623.0,44431.0,44442.0,7838
1738954800,44443.0,44473.0,44405.0,44426.0,7550
1738958400,44426.0,44460.0,44384.0,44424.0,10899
1738962000,44424.0,44446.0,44408.0,44415.0,2679
1739142000,44177.0,44482.0,44100.0,44465.0,1849
1739145600,44469.0,44524.0,44436.0,44516.0,1824
1739149200,44516.0,44523.0,44497.0,44501.0,585
1739152800,44497.0,44515.0,44484.0,44498.0,458
1739156400,44496.0,44502.0,44480.0,44500.0,291
1739160000,44500.0,44507.0,44486.0,44486.0,225
1739163600,44487.0,44515.0,44484.0,44488.0,537
1739167200,44486.0,44497.0,44476.0,44497.0,301
1739170800,44497.0,44501.0,44473.0,44479.0,747
1739174400,44478.0,44516.0,44472.0,44512.0,1135
1739178000,44514.0,44556.0,44502.0,44540.0,1762
1739181600,44539.0,44568.0,44539.0,44564.0,892
1739185200,44565.0,44595.0,44546.0,44594.0,1422
1739188800,44595.0,44641.0,44565.0,44631.0,3926
1739192400,44627.0,44685.0,44618.0,44681.0,2716
1739196000,44684.0,44733.0,44467.0,44536.0,14837
1739199600,44538.0,44608.0,44484.0,44531.0,12062
1739203200,44534.0,44547.0,44419.0,44493.0,7750
1739206800,44493.0,44519.0,44407.0,44513.0,5577
1739210400,44512.0,44586.0,44510.0,44564.0,4232
1739214000,44559.0,44608.0,44536.0,44548.0,4897
1739217600,44550.0,44602.0,44531.0,44576.0,8618
1739221200,44577.0,44587.0,44550.0,44586.0,1808
1739228400,44574.0,44574.0,44488.0,44519.0,0
1739232000,44521.0,44541.0,44499.0,44524.0,784
1739235600,44525.0,44530.0,44496.0,44509.0,529
1739239200,44506.0,44510.0,44463.0,44480.0,1094
1739242800,44478.0,44513.0,44471.0,44513.0,494
1739246400,44511.0,44518.0,44502.0,44507.0,352
1739250000,44510.0,44525.0,44510.0,44517.0,216
1739253600,44516.0,44517.0,44489.0,44490.0,301
1739257200,44489.0,44499.0,44458.0,44458.0,743
1739260800,44460.0,44521.0,44447.0,44495.0,1045
1739264400,44498.0,44521.0,44470.0,44476.0,1239
1739268000,44476.0,44504.0,44465.0,44470.0,843
1739271600,44470.0,44512.0,44469.0,44509.0,2140
1739275200,44508.0,44513.0,44470.0,44499.0,1886
1739278800,44499.0,44499.0,44428.0,44440.0,2588
1739282400,44436.0,44498.0,44396.0,44475.0,11369
1739286000,44479.0,44612.0,44416.0,44602.0,11662
1739289600,44604.0,44654.0,44585.0,44614.0,7928
1739293200,44612.0,44630.0,44567.0,44577.0,5412
1739296800,44579.0,44662.0,44550.0,44596.0,6460
1739300400,44593.0,44745.0,44591.0,44708.0,5996
1739304000,44711.0,44749.0,44669.0,44707.0,8769
1739307600,44706.0,44730.0,44693.0,44699.0,2779
1739314800,44699.0,44726.0,44671.0,44708.0,0
1739318400,44708.0,44733.0,44704.0,44711.0,695
1739322000,44711.0,44725.0,44690.0,44716.0,647
1739325600,44719.0,44721.0,44701.0,44702.0,429
1739329200,44702.0,44704.0,44680.0,44690.0,340
1739332800,44688.0,44688.0,44674.0,44678.0,293
1739336400,44683.0,44686.0,44670.0,44673.0,365
1739340000,44674.0,44686.0,44663.0,44677.0,417
1739343600,44676.0,44688.0,44665.0,44668.0,587
1739347200,44669.0,44699.0,44657.0,44660.0,923
1739350800,44660.0,44660.0,44588.0,44642.0,2298
1739354400,44643.0,44651.0,44615.0,44650.0,851
1739358000,44651.0,44657.0,44628.0,44642.0,1068
1739361600,44643.0,44676.0,44628.0,44673.0,1588
1739365200,44673.0,44704.0,44244.0,44302.0,15760
1739368800,44305.0,44364.0,44189.0,44343.0,21373
1739372400,44342.0,44475.0,44228.0,44437.0,17425
1739376000,44440.0,44492.0,44229.0,44485.0,14109
1739379600,44484.0,44565.0,44459.0,44558.0,12348
1739383200,44559.0,44571.0,44457.0,44475.0,5830
1739386800,44474.0,44525.0,44434.0,44497.0,4999
1739390400,44496.0,44502.0,44400.0,44459.0,9348
1739394000,44459.0,44517.0,44449.0,44514.0,4759
1739401200,44512.0,44544.0,44499.0,44534.0,0
1739404800,44533.0,44553.0,44519.0,44539.0,724
1739408400,44539.0,44544.0,44521.0,44535.0,385
1739412000,44533.0,44534.0,44509.0,44529.0,342
1739415600,44531.0,44555.0,44529.0,44546.0,428
1739419200,44547.0,44564.0,44544.0,44544.0,417
1739422800,44542.0,44552.0,44538.0,44543.0,354
1739426400,44547.0,44558.0,44535.0,44536.0,592
1739430000,44536.0,44551.0,44498.0,44503.0,1198
1739433600,44503.0,44508.0,44376.0,44393.0,2552
1739437200,44391.0,44454.0,44358.0,44446.0,2540
1739440800,44446.0,44488.0,44430.0,44486.0,1047
1739444400,44486.0,44519.0,44435.0,44477.0,2531
1739448000,44476.0,44496.0,44437.0,44469.0,1704
1739451600,44470.0,44584.0,44437.0,44566.0,4847
1739455200,44564.0,44629.0,44449.0,44504.0,15459
1739458800,44508.0,44595.0,44476.0,44555.0,13041
1739462400,44560.0,44630.0,44537.0,44553.0,7011
1739466000,44552.0,44618.0,44528.0,44553.0,5912
1739469600,44551.0,44673.0,44494.0,44670.0,13267
1739473200,44670.0,44850.0,44659.0,44800.0,10853
1739476800,44798.0,44877.0,44794.0,44806.0,14915
1739480400,44807.0,44843.0,44800.0,44826.0,3397
1739487600,44825.0,44846.0,44815.0,44830.0,0
1739491200,44834.0,44847.0,44816.0,44829.0,573
1739494800,44828.0,44875.0,44826.0,44869.0,1050
1739498400,44870.0,44879.0,44862.0,44870.0,443
1739502000,44871.0,44874.0,44854.0,44865.0,329
1739505600,44864.0,44868.0,44860.0,44862.0,213
1739509200,44863.0,44867.0,44839.0,44839.0,439
1739512800,44840.0,44850.0,44835.0,44842.0,288
1739516400,44842.0,44873.0,44836.0,44836.0,1140
1739520000,44837.0,44838.0,44768.0,44783.0,1623
1739523600,44782.0,44801.0,44727.0,44738.0,3069
1739527200,44737.0,44738.0,44673.0,44681.0,1553
1739530800,44684.0,44691.0,44643.0,44688.0,1810
1739534400,44686.0,44716.0,44684.0,44714.0,1810
1739538000,44716.0,44752.0,44700.0,44750.0,2294
1739541600,44750.0,44836.0,44730.0,44815.0,12489
1739545200,44818.0,44865.0,44717.0,44749.0,11968
1739548800,44749.0,44806.0,44679.0,44748.0,7491
1739552400,44751.0,44752.0,44654.0,44702.0,4779
1739556000,44702.0,44754.0,44677.0,44729.0,3332
1739559600,44731.0,44739.0,44671.0,44692.0,3024
1739563200,44695.0,44695.0,44590.0,44636.0,10513
1739566800,44637.0,44641.0,44604.0,44636.0,2084
1739746800,44655.0,44677.0,44605.0,44642.0,628
1739750400,44630.0,44656.0,44621.0,44652.0,397
1739754000,44650.0,44666.0,44643.0,44652.0,356
1739757600,44653.0,44669.0,44647.0,44664.0,283
1739761200,44664.0,44665.0,44652.0,44660.0,219
1739764800,44659.0,44676.0,44655.0,44674.0,380
1739854800,44679.0,44682.0,44670.0,44676.0,225
1739858400,44675.0,44734.0,44673.0,44732.0,832
1739862000,44731.0,44753.0,44730.0,44747.0,1179
1739865600,44745.0,44747.0,44678.0,44707.0,1717
1739869200,44705.0,44721.0,44642.0,44646.0,1729
1739872800,44645.0,44686.0,44623.0,44684.0,1246
1739876400,44686.0,44702.0,44681.0,44687.0,743
1739880000,44688.0,44725.0,44688.0,44714.0,1809
1739883600,44713.0,44734.0,44695.0,44706.0,1888
1739887200,44706.0,44709.0,44498.0,44498.0,18635
1739890800,44495.0,44654.0,44471.0,44645.0,13652
1739894400,44643.0,44647.0,44526.0,44561.0,7224
1739898000,44562.0,44601.0,44542.0,44575.0,4317
1739901600,44577.0,44607.0,44525.0,44533.0,5414
1739905200,44534.0,44549.0,44409.0,44529.0,12284
1739908800,44530.0,44651.0,44507.0,44644.0,11876
1739912400,44645.0,44677.0,44636.0,44642.0,3931
1739919600,44638.0,44678.0,44636.0,44654.0,0
1739923200,44654.0,44684.0,44649.0,44681.0,591
1739926800,44681.0,44696.0,44678.0,44689.0,463
1739930400,44688.0,44695.0,44677.0,44687.0,266
1739934000,44686.0,44698.0,44681.0,44693.0,308
1739937600,44694.0,44694.0,44673.0,44681.0,298
1739941200,44680.0,44690.0,44679.0,44687.0,351
1739944800,44688.0,44701.0,44682.0,44686.0,423
1739948400,44684.0,44693.0,44663.0,44663.0,750
1739952000,44664.0,44677.0,44650.0,44668.0,1304
1739955600,44672.0,44688.0,44660.0,44672.0,1066
1739959200,44673.0,44673.0,44580.0,44585.0,1710
1739962800,44587.0,44588.0,44524.0,44557.0,2192
1739966400,44557.0,44597.0,44556.0,44563.0,2611
1739970000,44564.0,44593.0,44508.0,44529.0,2756
1739973600,44529.0,44552.0,44443.0,44497.0,14764
1739977200,44500.0,44544.0,44426.0,44446.0,13511
1739980800,44449.0,44558.0,44441.0,44543.0,8267
1739984400,44542.0,44565.0,44456.0,44485.0,6487
1739988000,44487.0,44517.0,44396.0,44507.0,7216
1739991600,44508.0,44678.0,44500.0,44655.0,10428
1739995200,44653.0,44723.0,44606.0,44708.0,11579
1739998800,44708.0,44708.0,44642.0,44662.0,3005
1740006000,44655.0,44679.0,44643.0,44666.0,0
1740009600,44661.0,44684.0,44649.0,44683.0,600
1740013200,44681.0,44684.0,44634.0,44635.0,728
1740016800,44634.0,44652.0,44623.0,44647.0,487
1740020400,44647.0,44653.0,44632.0,44632.0,256
1740024000,44632.0,44632.0,44607.0,44613.0,363
1740027600,44614.0,44619.0,44605.0,44608.0,199
1740031200,44609.0,44625.0,44604.0,44621.0,371
1740034800,44620.0,44636.0,44608.0,44612.0,668
1740038400,44611.0,44634.0,44605.0,44631.0,945
1740042000,44631.0,44664.0,44631.0,44657.0,1085
1740045600,44655.0,44676.0,44653.0,44654.0,814
1740049200,44654.0,44654.0,44566.0,44569.0,2513
1740052800,44572.0,44614.0,44561.0,44583.0,2422
1740056400,44584.0,44590.0,44548.0,44564.0,2219
1740060000,44564.0,44605.0,44377.0,44381.0,18611
1740063600,44381.0,44384.0,44126.0,44160.0,20893
1740067200,44161.0,44195.0,44044.0,44053.0,12942
1740070800,44054.0,44172.0,44041.0,44092.0,8516
1740074400,44090.0,44119.0,44034.0,44108.0,7330
1740078000,44110.0,44235.0,44101.0,44214.0,7044
1740081600,44214.0,44289.0,44184.0,44275.0,11767
1740085200,44276.0,44283.0,44241.0,44252.0,3677
1740092400,44264.0,44300.0,44222.0,44286.0,0
1740096000,44285.0,44293.0,44263.0,44276.0,447
1740099600,44276.0,44282.0,44256.0,44265.0,545
1740103200,44265.0,44282.0,44265.0,44275.0,382
1740106800,44273.0,44276.0,44257.0,44257.0,274
1740110400,44258.0,44269.0,44257.0,44261.0,248
1740114000,44262.0,44265.0,44247.0,44254.0,464
1740117600,44255.0,44274.0,44254.0,44270.0,333
1740121200,44272.0,44288.0,44260.0,44262.0,899
1740124800,44264.0,44311.0,44249.0,44300.0,2530
1740128400,44299.0,44303.0,44274.0,44300.0,1028
1740132000,44302.0,44331.0,44293.0,44328.0,1140
1740135600,44329.0,44331.0,44305.0,44312.0,947
1740139200,44313.0,44313.0,44059.0,44080.0,13427
1740142800,44078.0,44080.0,43997.0,44010.0,6533
1740146400,44009.0,44088.0,43850.0,43883.0,26124
1740150000,43878.0,43918.0,43825.0,43872.0,19317
1740153600,43872.0,43919.0,43830.0,43885.0,10456
1740157200,43879.0,43892.0,43659.0,43677.0,13068
1740160800,43676.0,43683.0,43515.0,43533.0,18548
1740164400,43535.0,43593.0,43419.0,43484.0,14825
1740168000,43482.0,43541.0,43457.0,43499.0,18792
1740171600,43498.0,43506.0,43470.0,43480.0,4904
1740351600,43527.0,43624.0,43510.0,43612.0,1309
1740355200,43614.0,43665.0,43609.0,43635.0,1321
1740358800,43634.0,43662.0,43623.0,43645.0,1192
1740362400,43645.0,43695.0,43645.0,43684.0,749
1740366000,43685.0,43689.0,43676.0,43685.0,545
1740369600,43687.0,43701.0,43685.0,43689.0,464
1740373200,43690.0,43714.0,43690.0,43708.0,490
1740376800,43707.0,43732.0,43701.0,43711.0,751
1740380400,43709.0,43717.0,43656.0,43688.0,1900
1740384000,43691.0,43716.0,43607.0,43703.0,2765
1740387600,43703.0,43812.0,43697.0,43772.0,3918
1740391200,43773.0,43808.0,43753.0,43787.0,1705
1740394800,43789.0,43825.0,43772.0,43812.0,1978
1740398400,43810.0,43818.0,43767.0,43779.0,2360
1740402000,43779.0,43781.0,43716.0,43716.0,3179
1740405600,43733.0,43737.0,43518.0,43521.0,22517
1740409200,43521.0,43607.0,43420.0,43508.0,21755
1740412800,43511.0,43694.0,43499.0,43628.0,15541
1740416400,43628.0,43751.0,43616.0,43694.0,10733
1740420000,43693.0,43767.0,43680.0,43719.0,8646
1740423600,43717.0,43777.0,43657.0,43678.0,7212
1740427200,43680.0,43694.0,43505.0,43542.0,17230
1740430800,43542.0,43600.0,43524.0,43570.0,4130
1740438000,43589.0,43611.0,43531.0,43558.0,0
1740441600,43558.0,43617.0,43558.0,43606.0,1553
1740445200,43608.0,43642.0,43593.0,43639.0,993
1740448800,43638.0,43645.0,43598.0,43641.0,805
1740452400,43640.0,43656.0,43615.0,43615.0,231
1740456000,43617.0,43638.0,43598.0,43598.0,151
1740459600,43600.0,43613.0,43594.0,43606.0,279
1740463200,43606.0,43611.0,43553.0,43568.0,644
1740466800,43565.0,43566.0,43428.0,43428.0,1708
1740470400,43426.0,43593.0,43426.0,43494.0,2075
1740474000,43497.0,43578.0,43441.0,43445.0,2240
1740477600,43443.0,43529.0,43443.0,43470.0,1438
1740481200,43474.0,43539.0,43390.0,43514.0,6275
1740484800,43516.0,43608.0,43504.0,43597.0,2367
1740488400,43596.0,43655.0,43584.0,43632.0,3125
1740492000,43634.0,43805.0,43560.0,43625.0,18592
1740495600,43620.0,43622.0,43346.0,43546.0,26452
1740499200,43553.0,43584.0,43376.0,43543.0,20367
1740502800,43536.0,43695.0,43463.0,43694.0,11036
1740506400,43694.0,43777.0,43572.0,43659.0,12154
1740510000,43658.0,43763.0,43542.0,43721.0,12867
1740513600,43719.0,43843.0,43628.0,43694.0,20401
1740517200,43693.0,43773.0,43686.0,43748.0,3445
1740524400,43735.0,43784.0,43727.0,43767.0,0
1740528000,43766.0,43783.0,43752.0,43777.0,730
1740531600,43778.0,43779.0,43710.0,43718.0,670
1740535200,43718.0,43740.0,43697.0,43736.0,615
1740538800,43734.0,43773.0,43731.0,43749.0,782
1740542400,43748.0,43767.0,43745.0,43766.0,216
1740546000,43762.0,43789.0,43762.0,43784.0,343
1740549600,43783.0,43791.0,43764.0,43776.0,358
1740553200,43775.0,43775.0,43743.0,43757.0,1129
1740556800,43756.0,43809.0,43747.0,43808.0,1332
1740560400,43804.0,43822.0,43773.0,43802.0,2063
1740564000,43803.0,43817.0,43778.0,43807.0,959
1740567600,43807.0,43845.0,43792.0,43805.0,2199
1740571200,43804.0,43814.0,43762.0,43781.0,1818
1740574800,43779.0,43820.0,43732.0,43752.0,3190
1740578400,43752.0,43810.0,43617.0,43797.0,18750
1740582000,43799.0,43932.0,43762.0,43882.0,17342
1740585600,43886.0,43913.0,43728.0,43744.0,12586
1740589200,43743.0,43826.0,43507.0,43553.0,17829
1740592800,43548.0,43565.0,43369.0,43410.0,18286
1740596400,43409.0,43566.0,43371.0,43444.0,16992
1740600000,43446.0,43597.0,43429.0,43513.0,18065
1740603600,43513.0,43558.0,43329.0,43499.0,11562
1740610800,43484.0,43485.0,43389.0,43454.0,0
1740614400,43453.0,43480.0,43413.0,43416.0,1918
1740618000,43422.0,43463.0,43407.0,43447.0,851
1740621600,43447.0,43524.0,43441.0,43491.0,934
1740625200,43494.0,43525.0,43484.0,43494.0,473
1740628800,43495.0,43505.0,43484.0,43503.0,481
1740632400,43502.0,43627.0,43493.0,43600.0,1533
1740636000,43601.0,43617.0,43535.0,43591.0,3670
1740639600,43591.0,43629.0,43575.0,43589.0,2638
1740643200,43589.0,43634.0,43567.0,43627.0,1917
1740646800,43627.0,43645.0,43590.0,43613.0,2462
1740650400,43612.0,43636.0,43587.0,43610.0,4492
1740654000,43615.0,43658.0,43595.0,43657.0,3526
1740657600,43656.0,43665.0,43610.0,43616.0,2675
1740661200,43614.0,43637.0,43398.0,43446.0,10153
1740664800,43446.0,43744.0,43435.0,43609.0,25419
1740668400,43606.0,43947.0,43522.0,43793.0,37551
1740672000,43794.0,43948.0,43669.0,43679.0,18125
1740675600,43682.0,43814.0,43600.0,43729.0,16092
1740679200,43735.0,43825.0,43716.0,43734.0,12027
1740682800,43735.0,43751.0,43382.0,43444.0,24753
1740686400,43447.0,43447.0,43278.0,43305.0,27650
1740690000,43306.0,43349.0,43280.0,43314.0,4114
1740697200,43325.0,43365.0,43307.0,43331.0,0
1740700800,43330.0,43347.0,43259.0,43259.0,1289
1740704400,43261.0,43319.0,43166.0,43264.0,2169
1740708000,43265.0,43305.0,43215.0,43223.0,1303
1740711600,43229.0,43242.0,43179.0,43216.0,1439
1740715200,43221.0,43305.0,43207.0,43287.0,1141
1740718800,43287.0,43310.0,43274.0,43291.0,662
1740722400,43293.0,43330.0,43279.0,43285.0,804
1740726000,43287.0,43356.0,43260.0,43347.0,1504
1740729600,43348.0,43404.0,43331.0,43391.0,2220
1740733200,43393.0,43418.0,43382.0,43397.0,1801
1740736800,43398.0,43453.0,43398.0,43424.0,1694
1740740400,43426.0,43457.0,43419.0,43448.0,1586
1740744000,43449.0,43492.0,43428.0,43474.0,3721
1740747600,43473.0,43539.0,43467.0,43476.0,4481
1740751200,43478.0,43498.0,43298.0,43489.0,21102
1740754800,43486.0,43598.0,43443.0,43592.0,22020
1740758400,43592.0,43605.0,43404.0,43524.0,15919
1740762000,43519.0,43568.0,43252.0,43257.0,17964
1740765600,43258.0,43422.0,43155.0,43232.0,25348
1740769200,43234.0,43526.0,43228.0,43513.0,15970
1740772800,43512.0,43932.0,43501.0,43890.0,25768
1740776400,43889.0,43901.0,43818.0,43842.0,5861
1740956400,43919.0,43974.0,43847.0,43934.0,1908
1740960000,43934.0,43951.0,43795.0,43817.0,2872
1740963600,43818.0,43863.0,43798.0,43862.0,2713
1740967200,43861.0,43902.0,43830.0,43855.0,2330
1740970800,43853.0,43873.0,43817.0,43869.0,1587
1740974400,43868.0,43920.0,43864.0,43918.0,1002
1740978000,43916.0,43953.0,43907.0,43939.0,775
1740981600,43939.0,43961.0,43910.0,43945.0,1209
1740985200,43945.0,43952.0,43884.0,43919.0,1751
1740988800,43918.0,43971.0,43819.0,43871.0,3875
1740992400,43869.0,43978.0,43811.0,43969.0,3969
1740996000,43970.0,43992.0,43935.0,43986.0,2360
1740999600,43987.0,44005.0,43970.0,44003.0,1741
1741003200,44002.0,44095.0,43996.0,44028.0,5452
1741006800,44028.0,44033.0,43961.0,43997.0,3794
1741010400,43996.0,44119.0,43950.0,43977.0,22670
1741014000,43943.0,44037.0,43830.0,43857.0,25278
1741017600,43859.0,43921.0,43691.0,43817.0,18121
1741021200,43815.0,43894.0,43733.0,43762.0,9775
1741024800,43761.0,43769.0,43456.0,43545.0,23174
1741028400,43538.0,43640.0,43355.0,43369.0,18092
1741032000,43366.0,43370.0,42988.0,43254.0,33641
1741035600,43253.0,43333.0,43245.0,43326.0,6561
1741042800,43356.0,43363.0,43279.0,43292.0,0
1741046400,43294.0,43335.0,43247.0,43320.0,2710
1741050000,43320.0,43343.0,43225.0,43236.0,2116
1741053600,43235.0,43301.0,43219.0,43288.0,1364
1741057200,43289.0,43324.0,43266.0,43300.0,1020
1741060800,43301.0,43324.0,43265.0,43282.0,964
1741064400,43272.0,43358.0,43205.0,43320.0,2835
1741068000,43321.0,43344.0,43277.0,43326.0,1418
1741071600,43329.0,43334.0,43224.0,43244.0,2615
1741075200,43243.0,43341.0,43204.0,43271.0,4212
1741078800,43273.0,43313.0,43221.0,43249.0,3105
1741082400,43250.0,43266.0,43179.0,43241.0,3261
1741086000,43237.0,43252.0,43182.0,43202.0,2647
1741089600,43200.0,43203.0,43055.0,43087.0,7010
1741093200,43087.0,43159.0,43053.0,43101.0,8735
1741096800,43099.0,43162.0,42654.0,42671.0,33658
1741100400,42671.0,42707.0,42470.0,42532.0,35800
1741104000,42536.0,42619.0,42422.0,42580.0,22734
1741107600,42584.0,42707.0,42539.0,42595.0,14865
1741111200,42596.0,42882.0,42586.0,42850.0,11985
1741114800,42847.0,43035.0,42845.0,43016.0,12213
1741118400,43014.0,43151.0,42484.0,42602.0,25211
1741122000,42601.0,42914.0,42601.0,42828.0,12170
1741129200,42881.0,42894.0,42812.0,42862.0,0
1741132800,42860.0,42874.0,42771.0,42830.0,2973
1741136400,42834.0,42840.0,42703.0,42784.0,3485
1741140000,42783.0,42809.0,42729.0,42751.0,1326
1741143600,42747.0,42852.0,42710.0,42829.0,1790
1741147200,42826.0,42863.0,42812.0,42829.0,875
1741150800,42831.0,42837.0,42771.0,42815.0,795
1741154400,42815.0,42834.0,42765.0,42814.0,696
1741158000,42813.0,42855.0,42775.0,42781.0,1691
1741161600,42782.0,42884.0,42761.0,42802.0,4835
1741165200,42801.0,42927.0,42761.0,42901.0,4758
1741168800,42902.0,42920.0,42818.0,42823.0,3780
1741172400,42825.0,42838.0,42661.0,42735.0,4689
1741176000,42737.0,42758.0,42635.0,42647.0,5923
1741179600,42649.0,42723.0,42542.0,42565.0,10678
1741183200,42564.0,42803.0,42519.0,42635.0,24820
1741186800,42645.0,42849.0,42619.0,42701.0,27478
1741190400,42693.0,42703.0,42474.0,42653.0,20136
1741194000,42653.0,42918.0,42649.0,42905.0,13914
1741197600,42904.0,42963.0,42724.0,42960.0,19253
1741201200,42955.0,43169.0,42920.0,43079.0,15024
1741204800,43078.0,43196.0,42931.0,43063.0,18641
1741208400,43061.0,43098.0,43038.0,43050.0,3892
1741215600,43066.0,43094.0,43035.0,43056.0,0
1741219200,43050.0,43074.0,43004.0,43008.0,1111
1741222800,43017.0,43057.0,43006.0,43038.0,1095
1741226400,43038.0,43057.0,43011.0,43021.0,906
1741230000,43023.0,43054.0,43003.0,43047.0,670
1741233600,43048.0,43081.0,43048.0,43074.0,685
1741237200,43072.0,43075.0,43028.0,43031.0,659
1741240800,43029.0,43082.0,43022.0,43072.0,835
1741244400,43074.0,43092.0,42905.0,42908.0,2315
1741248000,42908.0,42950.0,42758.0,42770.0,5766
1741251600,42768.0,42839.0,42689.0,42709.0,6826
1741255200,42711.0,42739.0,42611.0,42620.0,3862
1741258800,42616.0,42736.0,42581.0,42735.0,3713
1741262400,42735.0,42754.0,42648.0,42666.0,3612
1741266000,42668.0,42707.0,42585.0,42678.0,5809
1741269600,42678.0,42720.0,42440.0,42526.0,27484
1741273200,42522.0,42971.0,42511.0,42926.0,28559
1741276800,42930.0,43040.0,42653.0,42661.0,21949
1741280400,42661.0,42692.0,42442.0,42587.0,16473
1741284000,42581.0,42671.0,42423.0,42540.0,12995
1741287600,42542.0,42746.0,42440.0,42488.0,14585
1741291200,42488.0,42708.0,42453.0,42621.0,18995
1741294800,42623.0,42737.0,42604.0,42659.0,4877
1741302000,42651.0,42686.0,42633.0,42680.0,0
1741305600,42680.0,42722.0,42647.0,42690.0,1674
1741309200,42691.0,42748.0,42676.0,42720.0,1199
1741312800,42716.0,42752.0,42685.0,42713.0,840
1741316400,42713.0,42718.0,42667.0,42669.0,661
1741320000,42666.0,42692.0,42642.0,42686.0,793
1741323600,42687.0,42690.0,42636.0,42648.0,735
1741327200,42649.0,42651.0,42603.0,42623.0,1392
1741330800,42620.0,42698.0,42614.0,42685.0,1972
1741334400,42688.0,42704.0,42619.0,42666.0,3110
1741338000,42662.0,42734.0,42653.0,42711.0,2551
1741341600,42710.0,42713.0,42635.0,42682.0,1736
1741345200,42681.0,42718.0,42660.0,42698.0,1320
1741348800,42697.0,42723.0,42590.0,42629.0,3705
1741352400,42627.0,42884.0,42473.0,42495.0,10842
1741356000,42495.0,42778.0,42411.0,42645.0,25845
1741359600,42648.0,42732.0,42366.0,42527.0,26772
1741363200,42528.0,42558.0,42212.0,42296.0,18491
1741366800,42298.0,42699.0,42208.0,42527.0,21869
1741370400,42533.0,42817.0,42519.0,42813.0,19010
1741374000,42816.0,42944.0,42755.0,42806.0,14186
1741377600,42805.0,42942.0,42662.0,42836.0,16473
1741381200,42835.0,42854.0,42768.0,42810.0,3167
1741557600,42722.0,42722.0,42512.0,42552.0,2087
1741561200,42552.0,42617.0,42436.0,42603.0,2424
1741564800,42603.0,42632.0,42548.0,42615.0,2404
1741568400,42614.0,42683.0,42608.0,42679.0,1498
1741572000,42678.0,42695.0,42656.0,42683.0,720
1741575600,42683.0,42703.0,42645.0,42685.0,661
1741579200,42682.0,42714.0,42656.0,42657.0,574
1741582800,42665.0,42693.0,42635.0,42644.0,744
1741586400,42648.0,42697.0,42645.0,42669.0,871
1741590000,42675.0,42705.0,42633.0,42637.0,1468
1741593600,42640.0,42680.0,42370.0,42386.0,6307
1741597200,42382.0,42563.0,42366.0,42484.0,3951
1741600800,42489.0,42526.0,42413.0,42426.0,3277
1741604400,42426.0,42477.0,42380.0,42393.0,5328
1741608000,42396.0,42412.0,42307.0,42394.0,5888
1741611600,42394.0,42611.0,42326.0,42548.0,24976
1741615200,42549.0,42569.0,42381.0,42458.0,21066
1741618800,42463.0,42561.0,42344.0,42358.0,18271
1741622400,42354.0,42421.0,42254.0,42292.0,12783
1741626000,42295.0,42307.0,42030.0,42037.0,14652
1741629600,42038.0,42081.0,41778.0,41800.0,16678
1741633200,41798.0,42105.0,41666.0,41964.0,32088
1741636800,41964.0,42026.0,41906.0,42003.0,6475
1741644000,42036.0,42036.0,41892.0,41959.0,0
1741647600,41959.0,41987.0,41845.0,41965.0,3509
1741651200,41966.0,41990.0,41670.0,41761.0,3870
1741654800,41762.0,41869.0,41657.0,41843.0,2935
1741658400,41845.0,42031.0,41835.0,41973.0,4371
1741662000,41975.0,42109.0,41975.0,42041.0,2954
1741665600,42037.0,42105.0,42016.0,42065.0,1111
1741669200,42064.0,42101.0,42044.0,42084.0,1019
1741672800,42081.0,42111.0,42049.0,42062.0,1639
1741676400,42062.0,42105.0,41992.0,42083.0,2600
1741680000,42083.0,42095.0,42027.0,42093.0,5188
1741683600,42092.0,42111.0,42044.0,42057.0,3508
1741687200,42059.0,42084.0,42009.0,42053.0,2937
1741690800,42055.0,42128.0,41998.0,42122.0,3452
1741694400,42119.0,42127.0,41908.0,41919.0,6448
1741698000,41918.0,41962.0,41655.0,41696.0,24341
1741701600,41680.0,41850.0,41365.0,41374.0,37076
1741705200,41371.0,41680.0,41327.0,41522.0,20976
1741708800,41520.0,41547.0,41274.0,41320.0,14508
1741712400,41321.0,41399.0,41220.0,41328.0,17158
1741716000,41327.0,41840.0,41319.0,41774.0,21160
1741719600,41777.0,41849.0,41457.0,41471.0,21185
1741723200,41470.0,41561.0,41451.0,41478.0,5025
1741730400,41510.0,41566.0,41448.0,41550.0,0
1741734000,41547.0,41563.0,41508.0,41561.0,1061
1741737600,41563.0,41586.0,41527.0,41569.0,1117
1741741200,41568.0,41581.0,41511.0,41566.0,944
1741744800,41567.0,41607.0,41549.0,41553.0,757
1741748400,41557.0,41563.0,41513.0,41550.0,550
1741752000,41543.0,41584.0,41534.0,41550.0,532
1741755600,41551.0,41593.0,41551.0,41591.0,765
1741759200,41589.0,41589.0,41486.0,41506.0,902
1741762800,41506.0,41592.0,41479.0,41581.0,2234
1741766400,41582.0,41667.0,41510.0,41657.0,4182
1741770000,41658.0,41679.0,41625.0,41666.0,3139
1741773600,41667.0,41693.0,41610.0,41667.0,1939
1741777200,41669.0,41746.0,41663.0,41714.0,2857
1741780800,41717.0,42025.0,41647.0,41789.0,11927
1741784400,41789.0,41790.0,41325.0,41387.0,26940
1741788000,41382.0,41407.0,41123.0,41132.0,22524
1741791600,41132.0,41381.0,41047.0,41371.0,14748
1741795200,41371.0,41504.0,41311.0,41376.0,12369
1741798800,41380.0,41589.0,41358.0,41370.0,8948
1741802400,41378.0,41610.0,41362.0,41558.0,8116
1741806000,41555.0,41555.0,41383.0,41390.0,11083
1741809600,41388.0,41406.0,41341.0,41356.0,2861
1741816800,41367.0,41434.0,41343.0,41430.0,0
1741820400,41431.0,41488.0,41425.0,41481.0,1348
1741824000,41485.0,41497.0,41420.0,41428.0,1838
1741827600,41425.0,41450.0,41387.0,41449.0,2440
1741831200,41448.0,41455.0,41394.0,41406.0,1697
1741834800,41407.0,41413.0,41305.0,41326.0,2275
1741838400,41322.0,41352.0,41268.0,41295.0,1282
1741842000,41295.0,41308.0,41234.0,41278.0,1397
1741845600,41277.0,41319.0,41203.0,41303.0,1731
1741849200,41306.0,41320.0,41188.0,41207.0,2303
1741852800,41204.0,41280.0,41151.0,41277.0,3359
1741856400,41274.0,41418.0,41231.0,41417.0,2242
1741860000,41413.0,41440.0,41365.0,41387.0,2314
1741863600,41388.0,41400.0,41267.0,41336.0,5525
1741867200,41332.0,41417.0,41229.0,41333.0,5920
1741870800,41335.0,41394.0,41161.0,41217.0,17302
1741874400,41217.0,41409.0,41170.0,41201.0,17370
1741878000,41207.0,41251.0,40920.0,40928.0,16494
1741881600,40926.0,41047.0,40847.0,40933.0,13237
1741885200,40934.0,40982.0,40707.0,40727.0,12273
1741888800,40725.0,41010.0,40715.0,40995.0,12038
1741892400,40995.0,41039.0,40803.0,40868.0,14103
1741896000,40865.0,40955.0,40862.0,40905.0,0
1741903200,40913.0,41008.0,40913.0,40983.0,1915
1741906800,40984.0,41025.0,40978.0,40998.0,1250
1741910400,40998.0,41071.0,40964.0,41041.0,2698
1741914000,41043.0,41081.0,41023.0,41039.0,1390
1741917600,41037.0,41074.0,41037.0,41069.0,789
1741921200,41067.0,41088.0,41065.0,41070.0,545
1741924800,41068.0,41076.0,41051.0,41076.0,429
1741928400,41076.0,41097.0,41051.0,41057.0,732
1741932000,41053.0,41067.0,41016.0,41060.0,1066
1741935600,41061.0,41061.0,40986.0,41009.0,1560
1741939200,41010.0,41098.0,40982.0,41073.0,3733
1741942800,41076.0,41110.0,41068.0,41080.0,2015
1741946400,41081.0,41130.0,41006.0,41096.0,3553
1741950000,41096.0,41119.0,41044.0,41097.0,2808
1741953600,41099.0,41146.0,41067.0,41139.0,4093
1741957200,41136.0,41294.0,40949.0,41226.0,20481
1741960800,41210.0,41366.0,41030.0,41365.0,26160
1741964400,41368.0,41495.0,41325.0,41470.0,16120
1741968000,41475.0,41484.0,41321.0,41468.0,12402
1741971600,41471.0,41527.0,41357.0,41364.0,9587
1741975200,41368.0,41496.0,41364.0,41451.0,8050
1741978800,41448.0,41563.0,41419.0,41505.0,15647
1741982400,41504.0,41504.0,41408.0,41457.0,4679
1742162400,41451.0,41474.0,41300.0,41326.0,551
1742166000,41314.0,41358.0,41289.0,41322.0,317
1742169600,41321.0,41368.0,41301.0,41359.0,387
1742173200,41352.0,41373.0,41342.0,41342.0,330
1742176800,41349.0,41351.0,41320.0,41325.0,242
1742180400,41323.0,41335.0,41302.0,41326.0,161
1742184000,41325.0,41339.0,41313.0,41322.0,261
1742187600,41325.0,41348.0,41323.0,41326.0,256
1742191200,41329.0,41329.0,41273.0,41294.0,358
1742194800,41298.0,41335.0,41256.0,41327.0,732
1742198400,41330.0,41333.0,41251.0,41301.0,1302
1742202000,41293.0,41343.0,41286.0,41312.0,807
1742205600,41310.0,41395.0,41295.0,41389.0,813
1742209200,41390.0,41424.0,41332.0,41332.0,1098
1742212800,41332.0,41485.0,41283.0,41439.0,3960
1742216400,41442.0,41796.0,41388.0,41694.0,18333
1742220000,41698.0,41774.0,41593.0,41668.0,18454
1742223600,41673.0,41781.0,41635.0,41704.0,13131
1742227200,41706.0,41795.0,41661.0,41767.0,10001
1742230800,41763.0,41919.0,41724.0,41913.0,8475
1742234400,41913.0,42044.0,41913.0,42007.0,8096
1742238000,42006.0,42024.0,41869.0,41885.0,11506
1742241600,41884.0,41894.0,41843.0,41882.0,3108
1742248800,41880.0,41920.0,41873.0,41909.0,0
1742252400,41908.0,41913.0,41865.0,41891.0,173
1742256000,41887.0,41894.0,41855.0,41870.0,238
1742259600,41869.0,41876.0,41803.0,41810.0,386
1742263200,41809.0,41817.0,41780.0,41804.0,258
1742266800,41802.0,41807.0,41770.0,41776.0,187
1742270400,41780.0,41790.0,41754.0,41765.0,216
1742274000,41772.0,41788.0,41766.0,41779.0,71
1742277600,41781.0,41816.0,41774.0,41807.0,126
1742281200,41799.0,41830.0,41786.0,41805.0,458
1742284800,41806.0,41901.0,41793.0,41872.0,777
1742288400,41880.0,41898.0,41846.0,41846.0,487
1742292000,41849.0,41850.0,41700.0,41799.0,1333
1742295600,41799.0,41843.0,41751.0,41836.0,947
1742299200,41825.0,41840.0,41737.0,41752.0,1418
1742302800,41743.0,41824.0,41620.0,41654.0,7957
1742306400,41638.0,41726.0,41568.0,41614.0,5821
1742310000,41613.0,41613.0,41478.0,41503.0,5612
1742313600,41497.0,41602.0,41438.0,41526.0,5943
1742317200,41504.0,41633.0,41437.0,41590.0,4841
1742320800,41586.0,41677.0,41527.0,41623.0,3405
1742324400,41613.0,41658.0,41564.0,41610.0,3645
1742328000,41612.0,41648.0,41591.0,41606.0,2173
1742335200,41593.0,41610.0,41543.0,41604.0,0
1742338800,41613.0,41637.0,41604.0,41637.0,131
1742342400,41630.0,41716.0,41630.0,41691.0,162
1742346000,41697.0,41700.0,41652.0,41664.0,158
1742349600,41667.0,41678.0,41650.0,41660.0,67
1742353200,41656.0,41665.0,41639.0,41650.0,77
1742356800,41637.0,41638.0,41623.0,41634.0,191
1742360400,41625.0,41656.0,41623.0,41631.0,210
1742364000,41623.0,41635.0,41604.0,41634.0,167
1742367600,41625.0,41630.0,41536.0,41559.0,477
1742371200,41585.0,41654.0,41572.0,41633.0,529
1742374800,41615.0,41677.0,41578.0,41662.0,235
1742378400,41665.0,41673.0,41625.0,41641.0,133
1742382000,41634.0,41669.0,41605.0,41640.0,481
1742385600,41649.0,41654.0,41599.0,41630.0,784
1742389200,41623.0,41853.0,41623.0,41814.0,3679
1742392800,41814.0,41872.0,41794.0,41826.0,2943
1742396400,41814.0,41974.0,41789.0,41923.0,2351
1742400000,41925.0,41951.0,41836.0,41843.0,2406
1742403600,41841.0,41859.0,41683.0,41706.0,1314
1742407200,41683.0,42085.0,41580.0,42053.0,3443
1742410800,42045.0,42205.0,41966.0,42000.0,2359
1742414400,42000.0,42030.0,41988.0,41988.0,444
1742421600,42001.0,42073.0,42001.0,42055.0,0
1742425200,42054.0,42081.0,42043.0,42081.0,176
1742428800,42085.0,42106.0,42062.0,42098.0,72
1742432400,42090.0,42107.0,42075.0,42079.0,56
1742436000,42068.0,42107.0,42068.0,42103.0,45
1742439600,42125.0,42142.0,42117.0,42117.0,69
1742443200,42113.0,42130.0,42110.0,42112.0,97
1742446800,42109.0,42134.0,42109.0,42130.0,48
1742450400,42134.0,42134.0,42097.0,42097.0,74
1742454000,42090.0,42109.0,42078.0,42084.0,107
1742457600,42073.0,42149.0,42073.0,42112.0,320
1742461200,42117.0,42117.0,41980.0,41997.0,389
1742464800,41987.0,41989.0,41713.0,41830.0,790
1742468400,41829.0,41877.0,41804.0,41867.0,275
1742472000,41878.0,41879.0,41813.0,41824.0,565
1742475600,41812.0,41969.0,41714.0,41951.0,1734
1742479200,41951.0,42263.0,41951.0,42212.0,3683
1742482800,42217.0,42230.0,42103.0,42135.0,1502
1742486400,42136.0,42220.0,42007.0,42011.0,1930
1742490000,42014.0,42087.0,41909.0,41941.0,1575
1742493600,41943.0,42011.0,41855.0,41921.0,1581
1742497200,41916.0,42030.0,41909.0,41967.0,1553
1742500800,41972.0,42002.0,41942.0,41975.0,537
1742508000,41961.0,41991.0,41961.0,41991.0,0
1742511600,41955.0,41955.0,41921.0,41955.0,35
1742515200,41974.0,41997.0,41966.0,41970.0,22
1742518800,41980.0,42000.0,41980.0,42000.0,27
1742522400,41997.0,41997.0,41954.0,41991.0,38
1742526000,41970.0,41970.0,41952.0,41964.0,26
1742529600,41965.0,41969.0,41926.0,41926.0,22
1742533200,41921.0,41931.0,41879.0,41890.0,46
1742536800,41905.0,41933.0,41905.0,41933.0,16
1742540400,41945.0,41945.0,41848.0,41883.0,59
1742544000,41877.0,41921.0,41750.0,41784.0,64
1742547600,41804.0,41836.0,41799.0,41799.0,59
1742551200,41854.0,41854.0,41815.0,41850.0,52
1742554800,41848.0,41850.0,41805.0,41815.0,107
1742558400,41816.0,41851.0,41648.0,41648.0,163
1742562000,41594.0,41643.0,41558.0,41643.0,175
1742587200,42330.0,42330.0,42330.0,42330.0,97986
1742767200,42426.0,42550.0,42426.0,42475.0,1208
1742770800,42478.0,42524.0,42463.0,42521.0,775
1742774400,42523.0,42547.0,42506.0,42537.0,1260
1742778000,42536.0,42542.0,42515.0,42537.0,703
1742781600,42536.0,42544.0,42524.0,42543.0,449
1742785200,42542.0,42553.0,42533.0,42538.0,385
1742788800,42538.0,42541.0,42526.0,42535.0,209
1742792400,42536.0,42556.0,42536.0,42549.0,315
1742796000,42547.0,42614.0,42545.0,42605.0,939
1742799600,42605.0,42641.0,42595.0,42597.0,1673
1742803200,42596.0,42664.0,42589.0,42653.0,3389
1742806800,42650.0,42685.0,42603.0,42631.0,2323
1742810400,42627.0,42690.0,42614.0,42681.0,1551
1742814000,42680.0,42728.0,42675.0,42699.0,3091
1742817600,42701.0,42736.0,42684.0,42720.0,2899
1742821200,42722.0,42832.0,42616.0,42816.0,15157
1742824800,42818.0,42868.0,42782.0,42849.0,9797
1742828400,42850.0,42895.0,42819.0,42883.0,5458
1742832000,42882.0,42920.0,42783.0,42786.0,6855
1742835600,42788.0,42810.0,42731.0,42790.0,5185
1742839200,42789.0,42847.0,42705.0,42843.0,7825
1742842800,42847.0,42967.0,42830.0,42889.0,11050
1742846400,42889.0,42944.0,42885.0,42890.0,2723
1742853600,42892.0,42907.0,42858.0,42868.0,0
1742857200,42867.0,42888.0,42860.0,42877.0,336
1742860800,42878.0,42883.0,42839.0,42880.0,947
1742864400,42877.0,42891.0,42868.0,42876.0,493
1742868000,42874.0,42876.0,42845.0,42858.0,388
1742871600,42857.0,42863.0,42833.0,42836.0,298
1742875200,42840.0,42841.0,42830.0,42830.0,152
1742878800,42832.0,42837.0,42822.0,42831.0,382
1742882400,42830.0,42832.0,42809.0,42832.0,584
1742886000,42832.0,42868.0,42813.0,42814.0,1157
1742889600,42813.0,42851.0,42808.0,42845.0,2837
1742893200,42846.0,42865.0,42823.0,42860.0,1376
1742896800,42858.0,42895.0,42825.0,42890.0,1510
1742900400,42890.0,42963.0,42872.0,42962.0,2536
1742904000,42962.0,42999.0,42953.0,42973.0,2600
1742907600,42973.0,43023.0,42850.0,42862.0,14036
1742911200,42863.0,43003.0,42817.0,42980.0,12772
1742914800,42981.0,43003.0,42854.0,42873.0,5709
1742918400,42874.0,42902.0,42832.0,42902.0,4949
1742922000,42902.0,42926.0,42826.0,42826.0,6071
1742925600,42827.0,42873.0,42789.0,42797.0,5884
1742929200,42796.0,42933.0,42765.0,42906.0,10851
1742932800,42906.0,42938.0,42903.0,42922.0,2169
1742940000,42927.0,42950.0,42901.0,42913.0,0
1742943600,42914.0,42934.0,42910.0,42920.0,342
1742947200,42919.0,42962.0,42907.0,42950.0,1019
1742950800,42949.0,42949.0,42923.0,42928.0,413
1742954400,42928.0,42931.0,42890.0,42913.0,933
1742958000,42912.0,42914.0,42892.0,42910.0,846
1742961600,42911.0,42915.0,42902.0,42914.0,364
1742965200,42915.0,42917.0,42866.0,42869.0,760
1742968800,42867.0,42877.0,42853.0,42877.0,701
1742972400,42876.0,42917.0,42874.0,42878.0,726
1742976000,42877.0,42899.0,42846.0,42852.0,2050
1742979600,42853.0,42879.0,42832.0,42834.0,1492
1742983200,42831.0,42915.0,42829.0,42912.0,1837
1742986800,42912.0,42960.0,42903.0,42955.0,1323
1742990400,42953.0,42995.0,42925.0,42975.0,3135
1742994000,42975.0,43147.0,42919.0,43064.0,16101
1742997600,43059.0,43130.0,43020.0,43083.0,12482
1743001200,43084.0,43114.0,42810.0,42856.0,10534
1743004800,42855.0,42911.0,42785.0,42799.0,7515
1743008400,42795.0,42847.0,42674.0,42693.0,10111
1743012000,42696.0,42795.0,42639.0,42652.0,7244
1743015600,42651.0,42805.0,42636.0,42746.0,12766
1743019200,42746.0,42763.0,42701.0,42728.0,2837
1743026400,42644.0,42687.0,42543.0,42612.0,0
1743030000,42613.0,42694.0,42589.0,42683.0,1314
1743033600,42681.0,42723.0,42663.0,42700.0,829
1743037200,42704.0,42727.0,42688.0,42722.0,629
1743040800,42721.0,42772.0,42721.0,42762.0,678
1743044400,42762.0,42806.0,42761.0,42806.0,653
1743048000,42803.0,42824.0,42798.0,42819.0,684
1743051600,42819.0,42855.0,42807.0,42812.0,1030
1743055200,42813.0,42871.0,42807.0,42821.0,983
1743058800,42822.0,42836.0,42762.0,42768.0,1895
1743062400,42771.0,42835.0,42704.0,42832.0,4152
1743066000,42836.0,42851.0,42794.0,42846.0,2126
1743069600,42843.0,42873.0,42775.0,42778.0,1736
1743073200,42779.0,42819.0,42729.0,42799.0,2927
1743076800,42796.0,42831.0,42757.0,42777.0,3672
1743080400,42778.0,42799.0,42459.0,42707.0,19786
1743084000,42704.0,42837.0,42658.0,42782.0,13895
1743087600,42786.0,42814.0,42606.0,42618.0,8848
1743091200,42620.0,42736.0,42537.0,42537.0,7305
1743094800,42541.0,42647.0,42514.0,42542.0,6587
1743098400,42541.0,42706.0,42540.0,42597.0,7075
1743102000,42595.0,42770.0,42589.0,42612.0,12157
1743105600,42611.0,42649.0,42607.0,42616.0,2470
1743112800,42616.0,42627.0,42591.0,42594.0,0
1743116400,42593.0,42603.0,42551.0,42588.0,694
1743120000,42589.0,42623.0,42542.0,42618.0,779
1743123600,42618.0,42639.0,42606.0,42608.0,505
1743127200,42609.0,42649.0,42609.0,42634.0,314
1743130800,42634.0,42654.0,42623.0,42654.0,291
1743134400,42658.0,42658.0,42630.0,42647.0,311
1743138000,42648.0,42659.0,42625.0,42641.0,265
1743141600,42640.0,42666.0,42570.0,42575.0,761
1743145200,42576.0,42583.0,42452.0,42453.0,2116
1743148800,42455.0,42547.0,42453.0,42526.0,2573
1743152400,42529.0,42551.0,42499.0,42522.0,1772
1743156000,42525.0,42603.0,42525.0,42569.0,1938
1743159600,42571.0,42586.0,42528.0,42570.0,1367
1743163200,42573.0,42588.0,42448.0,42450.0,4287
1743166800,42452.0,42575.0,42299.0,42310.0,17576
1743170400,42310.0,42347.0,42020.0,42037.0,22651
1743174000,42038.0,42137.0,41987.0,42035.0,14012
1743177600,42033.0,42089.0,41911.0,41918.0,9335
1743181200,41916.0,41921.0,41814.0,41896.0,9157
1743184800,41895.0,41921.0,41820.0,41883.0,6888
1743188400,41881.0,41918.0,41817.0,41862.0,14339
1743192000,41861.0,41863.0,41714.0,41714.0,5749
1743372000,41600.0,41680.0,41561.0,41673.0,1815
1743375600,41673.0,41714.0,41627.0,41714.0,2371
1743379200,41712.0,41716.0,41635.0,41655.0,2767
1743382800,41657.0,41720.0,41656.0,41668.0,1168
1743386400,41666.0,41714.0,41637.0,41666.0,731
1743390000,41666.0,41675.0,41626.0,41662.0,575
1743393600,41669.0,41717.0,41658.0,41703.0,575
1743397200,41704.0,41723.0,41672.0,41685.0,722
1743400800,41684.0,41706.0,41627.0,41653.0,1416
1743404400,41651.0,41692.0,41581.0,41676.0,2644
1743408000,41675.0,41722.0,41598.0,41605.0,3401
1743411600,41603.0,41618.0,41552.0,41577.0,2880
1743415200,41576.0,41621.0,41567.0,41598.0,2643
1743418800,41599.0,41620.0,41516.0,41572.0,3685
1743422400,41571.0,41612.0,41523.0,41606.0,4062
1743426000,41608.0,41715.0,41429.0,41673.0,20622
1743429600,41669.0,41879.0,41652.0,41864.0,15283
1743433200,41867.0,42005.0,41856.0,41960.0,11394
1743436800,41961.0,42009.0,41849.0,41944.0,7479
1743440400,41942.0,42041.0,41877.0,41919.0,7004
1743444000,41916.0,42213.0,41910.0,42116.0,12855
1743447600,42114.0,42423.0,42112.0,42275.0,20897
1743451200,42274.0,42280.0,42189.0,42219.0,4670
1743458400,42219.0,42237.0,42118.0,42191.0,0
1743462000,42194.0,42231.0,42160.0,42189.0,1358
1743465600,42189.0,42189.0,42089.0,42127.0,1503
1743469200,42125.0,42163.0,42095.0,42148.0,738
1743472800,42145.0,42202.0,42136.0,42201.0,625
1743476400,42200.0,42207.0,42147.0,42161.0,471
1743480000,42154.0,42155.0,42122.0,42147.0,307
1743483600,42147.0,42199.0,42136.0,42142.0,716
1743487200,42136.0,42246.0,42129.0,42241.0,1486
1743490800,42238.0,42307.0,42177.0,42183.0,3308
1743494400,42182.0,42210.0,42116.0,42206.0,3878
1743498000,42207.0,42256.0,42195.0,42239.0,2416
1743501600,42241.0,42241.0,42016.0,42098.0,4888
1743505200,42099.0,42113.0,41971.0,42011.0,3944
1743508800,42011.0,42074.0,41993.0,42062.0,4556
1743512400,42062.0,42154.0,41923.0,42004.0,18115
1743516000,41998.0,42221.0,41777.0,42213.0,24458
1743519600,42215.0,42390.0,42189.0,42336.0,17001
1743523200,42338.0,42417.0,42188.0,42280.0,13514
1743526800,42277.0,42310.0,42140.0,42143.0,9854
1743530400,42146.0,42161.0,41953.0,42062.0,11568
1743534000,42062.0,42290.0,42049.0,42245.0,15768
1743537600,42244.0,42268.0,42188.0,42232.0,3960
1743544800,42231.0,42369.0,42219.0,42307.0,0
1743548400,42300.0,42338.0,42284.0,42306.0,705
1743552000,42302.0,42305.0,42187.0,42201.0,1705
1743555600,42199.0,42230.0,42190.0,42218.0,667
1743559200,42220.0,42223.0,42198.0,42207.0,408
1743562800,42210.0,42217.0,42191.0,42203.0,346
1743566400,42200.0,42204.0,42182.0,42197.0,470
1743570000,42197.0,42207.0,42172.0,42182.0,728
1743573600,42181.0,42245.0,42167.0,42210.0,1115
1743577200,42208.0,42252.0,42146.0,42160.0,2201
1743580800,42165.0,42198.0,42124.0,42139.0,1831
1743584400,42137.0,42175.0,42113.0,42118.0,1146
1743588000,42121.0,42127.0,42020.0,42048.0,3435
1743591600,42049.0,42066.0,42013.0,42031.0,2080
1743595200,42031.0,42037.0,41879.0,41946.0,6348
1743598800,41944.0,42154.0,41887.0,42057.0,19529
1743602400,42056.0,42361.0,42041.0,42347.0,16222
1743606000,42344.0,42445.0,42251.0,42316.0,14649
1743609600,42316.0,42561.0,42303.0,42539.0,10603
1743613200,42541.0,42655.0,42362.0,42429.0,12928
1743616800,42428.0,42449.0,42218.0,42243.0,11912
1743620400,42248.0,42572.0,42248.0,42484.0,14124
1743624000,42483.0,42836.0,41888.0,42035.0,28179
1743631200,41870.0,41870.0,41300.0,41554.0,0
1743634800,41558.0,41558.0,41402.0,41482.0,2569
1743638400,41482.0,41710.0,41480.0,41552.0,4132
1743642000,41552.0,41744.0,41552.0,41663.0,2798
1743645600,41661.0,41709.0,41630.0,41699.0,1683
1743649200,41703.0,41705.0,41603.0,41632.0,1026
1743652800,41644.0,41700.0,41612.0,41637.0,1396
1743656400,41639.0,41667.0,41515.0,41522.0,2431
1743660000,41523.0,41603.0,41425.0,41429.0,4105
1743663600,41431.0,41518.0,41373.0,41484.0,4713
1743667200,41480.0,41523.0,41429.0,41499.0,3256
1743670800,41493.0,41520.0,41384.0,41396.0,2653
1743674400,41392.0,41405.0,41198.0,41290.0,4926
1743678000,41291.0,41350.0,41213.0,41284.0,4447
1743681600,41279.0,41377.0,41198.0,41207.0,6603
1743685200,41205.0,41425.0,41065.0,41117.0,26808
1743688800,41103.0,41126.0,40869.0,40892.0,28717
1743692400,40889.0,41197.0,40862.0,41149.0,17503
1743696000,41148.0,41389.0,41140.0,41191.0,16289
1743699600,41195.0,41251.0,41101.0,41114.0,9456
1743703200,41113.0,41162.0,40974.0,41078.0,11902
1743706800,41075.0,41094.0,40756.0,40790.0,21106
1743710400,40792.0,40808.0,40655.0,40680.0,6436
1743717600,40696.0,40744.0,40599.0,40675.0,0
1743721200,40675.0,40724.0,40629.0,40675.0,1491
1743724800,40676.0,40747.0,40637.0,40669.0,1391
1743728400,40671.0,40704.0,40596.0,40601.0,1433
1743732000,40608.0,40672.0,40599.0,40609.0,1023
1743735600,40610.0,40612.0,40478.0,40549.0,2055
1743739200,40545.0,40562.0,40458.0,40475.0,899
1743742800,40478.0,40671.0,40445.0,40671.0,1666
1743746400,40667.0,40706.0,40563.0,40563.0,2396
1743750000,40568.0,40602.0,40496.0,40521.0,3971
1743753600,40519.0,40527.0,40342.0,40380.0,6064
1743757200,40391.0,40417.0,40303.0,40325.0,4241
1743760800,40327.0,40358.0,39548.0,39610.0,26110
1743764400,39612.0,39727.0,39188.0,39650.0,19110
1743768000,39652.0,39837.0,39467.0,39773.0,15799
1743771600,39781.0,39895.0,39525.0,39808.0,28139
1743775200,39804.0,39814.0,39042.0,39356.0,28432
1743778800,39351.0,39852.0,39249.0,39266.0,31666
1743782400,39269.0,39461.0,39076.0,39125.0,17890
1743786000,39120.0,39255.0,38821.0,39234.0,16564
1743789600,39239.0,39329.0,38568.0,38744.0,16301
1743793200,38741.0,39114.0,38472.0,38529.0,23299
1743796800,38525.0,38562.0,38303.0,38437.0,7638
1743976800,37761.0,37790.0,36708.0,37058.0,5685
1743980400,37067.0,37288.0,36819.0,37159.0,4597
1743984000,37178.0,37382.0,37049.0,37370.0,6090
1743987600,37371.0,37800.0,37339.0,37753.0,6007
1743991200,37756.0,37787.0,37586.0,37651.0,3561
1743994800,37657.0,37677.0,37395.0,37448.0,2752
1743998400,37489.0,37588.0,37278.0,37437.0,3166
1744002000,37444.0,37703.0,37340.0,37430.0,3029
1744005600,37420.0,37590.0,36926.0,36956.0,5191
1744009200,36952.0,37160.0,36823.0,36986.0,7770
1744012800,36984.0,37429.0,36961.0,37200.0,9412
1744016400,37195.0,37399.0,36987.0,37263.0,7878
1744020000,37266.0,37915.0,37196.0,37668.0,10035
1744023600,37674.0,37971.0,37618.0,37704.0,7286
1744027200,37703.0,37958.0,37465.0,37851.0,10834
1744030800,37842.0,37843.0,36819.0,37579.0,30708
1744034400,37574.0,39427.0,37408.0,38252.0,52065
1744038000,38245.0,38513.0,37371.0,37862.0,24010
1744041600,37872.0,37972.0,37494.0,37568.0,8185
1744045200,37576.0,38488.0,37540.0,38453.0,12212
1744048800,38468.0,38557.0,38015.0,38072.0,8505
1744052400,38076.0,38313.0,37882.0,38172.0,12316
1744056000,38164.0,38580.0,38126.0,38450.0,5523
1744063200,38486.0,38615.0,38432.0,38615.0,0
1744066800,38610.0,38720.0,38599.0,38659.0,1597
1744070400,38649.0,38854.0,38602.0,38621.0,4402
1744074000,38618.0,38937.0,38534.0,38918.0,4039
1744077600,38919.0,38933.0,38838.0,38906.0,1424
1744081200,38911.0,38943.0,38796.0,38845.0,1516
1744084800,38859.0,38876.0,38722.0,38817.0,1306
1744088400,38814.0,38830.0,38667.0,38811.0,1585
1744092000,38804.0,38909.0,38741.0,38868.0,2485
1744095600,38864.0,38969.0,38779.0,38916.0,4068
1744099200,38919.0,38961.0,38796.0,38941.0,5009
1744102800,38936.0,38972.0,38822.0,38829.0,3151
1744106400,38826.0,38954.0,38783.0,38888.0,2820
1744110000,38893.0,39321.0,38858.0,39300.0,10191
1744113600,39301.0,39391.0,39167.0,39220.0,8226
1744117200,39218.0,39613.0,39184.0,39518.0,32627
1744120800,39517.0,39649.0,39150.0,39150.0,30841
1744124400,39152.0,39228.0,38881.0,39137.0,25342
1744128000,39132.0,39193.0,38528.0,38536.0,24381
1744131600,38536.0,38639.0,38153.0,38474.0,17233
1744135200,38478.0,38557.0,38106.0,38155.0,13530
1744138800,38149.0,38173.0,37296.0,37848.0,23971
1744142400,37851.0,37947.0,37658.0,37753.0,5442
1744149600,37746.0,37777.0,37398.0,37574.0,0
1744153200,37572.0,37575.0,37271.0,37474.0,2752
1744156800,37474.0,37485.0,37247.0,37325.0,3517
1744160400,37322.0,37682.0,37177.0,37609.0,3934
1744164000,37607.0,37776.0,37445.0,37473.0,4189
1744167600,37475.0,37528.0,37189.0,37209.0,2577
1744171200,37217.0,37326.0,36968.0,37075.0,3451
1744174800,37080.0,37171.0,36882.0,37133.0,2525
1744178400,37134.0,37467.0,37127.0,37369.0,3211
1744182000,37362.0,38132.0,37352.0,37926.0,9773
1744185600,37915.0,38004.0,37457.0,37820.0,5706
1744189200,37837.0,37897.0,37597.0,37657.0,3089
1744192800,37652.0,37792.0,37394.0,37549.0,5082
1744196400,37552.0,37556.0,36922.0,37118.0,11305
1744200000,37131.0,37400.0,36920.0,37267.0,5641
1744203600,37275.0,38064.0,37267.0,37984.0,17843
1744207200,37976.0,38214.0,37495.0,37520.0,17366
1744210800,37521.0,38028.0,37514.0,37752.0,14482
1744214400,37750.0,38230.0,37662.0,38128.0,7113
1744218000,38134.0,40540.0,37831.0,40385.0,34734
1744221600,40386.0,40689.0,40038.0,40074.0,20574
1744225200,40055.0,41009.0,39997.0,40814.0,24734
1744228800,40814.0,41027.0,40765.0,41004.0,8669
1744236000,40956.0,41104.0,40881.0,41080.0,0
1744239600,41080.0,41140.0,41042.0,41108.0,1719
1744243200,41096.0,41126.0,40894.0,41011.0,3658
1744246800,41008.0,41060.0,40785.0,40866.0,3247
1744250400,40864.0,40880.0,40772.0,40794.0,1932
1744254000,40790.0,40826.0,40688.0,40794.0,2199
1744257600,40795.0,40805.0,40676.0,40700.0,1422
1744261200,40696.0,40807.0,40634.0,40786.0,1993
1744264800,40797.0,40870.0,40673.0,40778.0,4339
1744268400,40777.0,40909.0,40258.0,40315.0,8380
1744272000,40317.0,40409.0,40096.0,40173.0,6593
1744275600,40176.0,40310.0,40076.0,40198.0,4857
1744279200,40200.0,40494.0,40187.0,40294.0,4633
1744282800,40293.0,40401.0,40224.0,40359.0,4404
1744286400,40359.0,40511.0,40100.0,40236.0,7308
1744290000,40240.0,40372.0,39860.0,39959.0,23851
1744293600,39953.0,40103.0,39725.0,39747.0,24215
1744297200,39740.0,39896.0,39223.0,39260.0,21788
1744300800,39262.0,39358.0,38633.0,39299.0,33425
1744304400,39293.0,39746.0,38845.0,39658.0,28332
1744308000,39657.0,40047.0,39421.0,39813.0,24908
1744311600,39822.0,40032.0,39311.0,39785.0,30294
1744315200,39786.0,39932.0,39705.0,39796.0,5876
1744322400,39740.0,39969.0,39740.0,39847.0,0
1744326000,39846.0,39878.0,39563.0,39630.0,2526
1744329600,39623.0,39654.0,39211.0,39312.0,5719
1744333200,39309.0,39574.0,39266.0,39557.0,4703
1744336800,39550.0,39659.0,39400.0,39547.0,2403
1744340400,39558.0,39837.0,39554.0,39738.0,2240
1744344000,39751.0,39880.0,39751.0,39823.0,1500
1744347600,39826.0,40144.0,39742.0,40118.0,3007
1744351200,40131.0,40260.0,40020.0,40042.0,4682
1744354800,40045.0,40075.0,39793.0,39811.0,4236
1744358400,39815.0,39883.0,39464.0,39559.0,8946
1744362000,39557.0,40011.0,39523.0,40004.0,6572
1744365600,40002.0,40131.0,39930.0,40050.0,6915
1744369200,40050.0,40091.0,39744.0,39901.0,5399
1744372800,39904.0,40084.0,39833.0,39846.0,4875
1744376400,39845.0,40033.0,39461.0,39877.0,23800
1744380000,39850.0,40022.0,39452.0,39642.0,28403
1744383600,39632.0,39940.0,39463.0,39888.0,20344
1744387200,39891.0,40302.0,39825.0,40236.0,12497
1744390800,40237.0,40613.0,40061.0,40482.0,16586
1744394400,40477.0,40500.0,40260.0,40292.0,10370
1744398000,40285.0,40535.0,40284.0,40394.0,11700
1744401600,40394.0,40476.0,40379.0,40443.0,3132
1744581600,40703.0,40973.0,40451.0,40477.0,2691
1744585200,40483.0,40657.0,40451.0,40565.0,1771
1744588800,40567.0,40621.0,40485.0,40506.0,1996
1744592400,40509.0,40550.0,40433.0,40500.0,1904
1744596000,40502.0,40584.0,40494.0,40572.0,1136
1744599600,40570.0,40572.0,40034.0,40505.0,3114
1744603200,40512.0,40633.0,40500.0,40628.0,1285
1744606800,40631.0,40654.0,40587.0,40609.0,865
1744610400,40594.0,40777.0,40565.0,40703.0,1507
1744614000,40702.0,40768.0,40608.0,40741.0,1086
1744617600,40746.0,40834.0,40722.0,40810.0,1454
1744621200,40814.0,40864.0,40678.0,40739.0,1263
1744624800,40735.0,40798.0,40703.0,40797.0,1037
1744628400,40795.0,40949.0,40674.0,40684.0,3793
1744632000,40685.0,40883.0,40666.0,40869.0,3127
1744635600,40868.0,40976.0,40659.0,40755.0,20778
1744639200,40766.0,40993.0,40678.0,40877.0,19727
1744642800,40880.0,40928.0,40455.0,40474.0,16484
1744646400,40477.0,40622.0,40357.0,40481.0,16234
1744650000,40480.0,40773.0,40463.0,40722.0,14564
1744653600,40729.0,40889.0,40700.0,40854.0,8378
1744657200,40855.0,40971.0,40706.0,40752.0,14192
1744660800,40752.0,40778.0,40528.0,40677.0,4752
1744668000,40669.0,40690.0,40563.0,40591.0,0
1744671600,40592.0,40665.0,40579.0,40633.0,469
1744675200,40630.0,40711.0,40630.0,40688.0,1295
1744678800,40689.0,40738.0,40681.0,40687.0,892
1744682400,40688.0,40725.0,40664.0,40669.0,764
1744686000,40673.0,40737.0,40656.0,40726.0,673
1744689600,40725.0,40736.0,40693.0,40715.0,480
1744693200,40711.0,40725.0,40668.0,40688.0,900
1744696800,40689.0,40751.0,40663.0,40721.0,1238
1744700400,40721.0,40878.0,40717.0,40855.0,2636
1744704000,40857.0,40870.0,40727.0,40789.0,6014
1744707600,40787.0,40825.0,40705.0,40737.0,2392
1744711200,40738.0,40812.0,40690.0,40767.0,2862
1744714800,40769.0,40800.0,40577.0,40612.0,3720
1744718400,40613.0,40661.0,40535.0,40650.0,5082
1744722000,40650.0,40971.0,40650.0,40880.0,17397
1744725600,40877.0,41010.0,40692.0,40822.0,25952
1744729200,40825.0,40901.0,40733.0,40841.0,14915
1744732800,40839.0,40894.0,40694.0,40728.0,9877
1744736400,40725.0,40787.0,40607.0,40667.0,10967
1744740000,40667.0,40716.0,40570.0,40667.0,9663
1744743600,40668.0,40698.0,40553.0,40575.0,11395
1744747200,40577.0,40601.0,40524.0,40547.0,2567
1744754400,40500.0,40518.0,40312.0,40436.0,0
1744758000,40433.0,40442.0,40378.0,40424.0,801
1744761600,40424.0,40439.0,40329.0,40405.0,2447
1744765200,40407.0,40485.0,40406.0,40456.0,1643
1744768800,40457.0,40481.0,40428.0,40445.0,1219
1744772400,40449.0,40468.0,40430.0,40435.0,772
1744776000,40436.0,40442.0,40402.0,40414.0,627
1744779600,40416.0,40418.0,40202.0,40246.0,2781
1744783200,40249.0,40369.0,40244.0,40311.0,2441
1744786800,40310.0,40371.0,40189.0,40212.0,2194
1744790400,40211.0,40712.0,40201.0,40480.0,8734
1744794000,40480.0,40598.0,40455.0,40463.0,3616
1744797600,40467.0,40552.0,40452.0,40512.0,4131
1744801200,40503.0,40582.0,40470.0,40537.0,4213
1744804800,40531.0,40567.0,40448.0,40465.0,4078
1744808400,40474.0,40481.0,40234.0,40235.0,23733
1744812000,40230.0,40453.0,40215.0,40437.0,20633
1744815600,40441.0,40621.0,40366.0,40389.0,15662
1744819200,40392.0,40401.0,40277.0,40305.0,10216
1744822800,40301.0,40368.0,39832.0,39840.0,20486
1744826400,39837.0,40032.0,39772.0,39778.0,17543
1744830000,39779.0,39900.0,39584.0,39853.0,16913
1744833600,39855.0,39925.0,39796.0,39834.0,4769
1744840800,39867.0,39907.0,39818.0,39864.0,0
1744844400,39865.0,39902.0,39760.0,39865.0,2263
1744848000,39860.0,40003.0,39816.0,39991.0,2644
1744851600,39989.0,40025.0,39961.0,40006.0,1158
1744855200,40007.0,40053.0,39973.0,40044.0,1461
1744858800,40047.0,40110.0,40043.0,40109.0,845
1744862400,40110.0,40131.0,40105.0,40113.0,607
1744866000,40111.0,40176.0,40103.0,40155.0,1209
1744869600,40154.0,40198.0,40095.0,40131.0,2397
1744873200,40132.0,40292.0,40122.0,40197.0,3777
1744876800,40196.0,40219.0,40116.0,40123.0,2150
1744880400,40128.0,40220.0,39924.0,39933.0,6129
1744884000,39928.0,39930.0,39319.0,39396.0,11546
1744887600,39398.0,39482.0,39194.0,39264.0,7615
1744891200,39265.0,39408.0,39236.0,39368.0,8027
1744894800,39364.0,39467.0,39287.0,39425.0,21516
1744898400,39424.0,39473.0,39130.0,39176.0,18301
1744902000,39182.0,39442.0,39172.0,39338.0,15494
1744905600,39339.0,39603.0,39291.0,39582.0,19555
1744909200,39577.0,39602.0,39392.0,39530.0,9933
1744912800,39532.0,39634.0,39447.0,39455.0,9177
1744916400,39458.0,39475.0,39277.0,39318.0,13012
1744920000,39314.0,39409.0,39304.0,39399.0,2737
1745186400,39212.0,39250.0,39053.0,39126.0,619
1745190000,39118.0,39175.0,39106.0,39169.0,340
1745193600,39163.0,39218.0,39111.0,39111.0,1376
1745197200,39113.0,39117.0,39024.0,39069.0,1776
1745200800,39072.0,39097.0,38944.0,38985.0,1487
1745204400,38986.0,39032.0,38955.0,38997.0,785
1745208000,38996.0,39019.0,38988.0,39002.0,343
1745211600,39001.0,39052.0,38989.0,39043.0,420
1745215200,39041.0,39061.0,39000.0,39017.0,894
1745218800,39021.0,39038.0,38926.0,38934.0,1112
1745222400,38933.0,38983.0,38908.0,38975.0,1290
1745226000,38978.0,38980.0,38928.0,38969.0,1275
1745229600,38969.0,39016.0,38946.0,39012.0,1030
1745233200,39013.0,39064.0,38848.0,38898.0,4498
1745236800,38897.0,39022.0,38888.0,38991.0,2777
1745240400,38991.0,39054.0,38698.0,38699.0,14782
1745244000,38693.0,38697.0,38429.0,38432.0,13623
1745247600,38436.0,38462.0,38194.0,38211.0,11141
1745251200,38203.0,38359.0,38203.0,38221.0,7464
1745254800,38224.0,38252.0,38042.0,38048.0,7073
1745258400,38053.0,38167.0,37998.0,38033.0,8068
1745262000,38030.0,38387.0,38028.0,38327.0,15731
1745265600,38324.0,38339.0,38254.0,38306.0,3872
1745272800,38312.0,38337.0,38246.0,38293.0,0
1745276400,38298.0,38441.0,38295.0,38439.0,1307
1745280000,38438.0,38473.0,38421.0,38457.0,1783
1745283600,38460.0,38568.0,38455.0,38496.0,2074
1745287200,38497.0,38523.0,38473.0,38506.0,968
1745290800,38510.0,38515.0,38419.0,38446.0,1067
1745294400,38442.0,38458.0,38428.0,38445.0,528
1745298000,38441.0,38481.0,38429.0,38462.0,608
1745301600,38457.0,38745.0,38439.0,38739.0,2261
1745305200,38737.0,38772.0,38613.0,38618.0,2471
1745308800,38619.0,38685.0,38590.0,38651.0,2208
1745312400,38658.0,38671.0,38606.0,38643.0,1361
1745316000,38644.0,38667.0,38608.0,38633.0,2800
1745319600,38635.0,38674.0,38580.0,38609.0,3256
1745323200,38609.0,38720.0,38598.0,38714.0,3620
1745326800,38712.0,38951.0,38686.0,38900.0,17911
1745330400,38909.0,39152.0,38898.0,39141.0,13664
1745334000,39142.0,39289.0,39094.0,39255.0,12254
1745337600,39260.0,39448.0,39260.0,39332.0,14223
1745341200,39336.0,39398.0,38957.0,38970.0,17988
1745344800,38966.0,39366.0,38964.0,39341.0,7960
1745348400,39338.0,39407.0,39186.0,39354.0,11012
1745352000,39353.0,39435.0,39344.0,39362.0,3445
1745359200,39695.0,40033.0,39695.0,39997.0,0
1745362800,39999.0,40056.0,39908.0,39945.0,1792
1745366400,39945.0,39959.0,39786.0,39842.0,1579
1745370000,39843.0,39878.0,39719.0,39751.0,1078
1745373600,39756.0,39845.0,39727.0,39807.0,676
1745377200,39804.0,39806.0,39762.0,39802.0,905
1745380800,39800.0,39842.0,39797.0,39816.0,621
1745384400,39815.0,39856.0,39747.0,39837.0,1045
1745388000,39839.0,39880.0,39814.0,39826.0,1240
1745391600,39824.0,39916.0,39771.0,39911.0,2050
1745395200,39913.0,40057.0,39908.0,40003.0,3018
1745398800,40004.0,40046.0,39945.0,40001.0,2197
1745402400,40002.0,40141.0,39975.0,40115.0,2341
1745406000,40112.0,40138.0,40007.0,40012.0,3624
1745409600,40012.0,40162.0,40000.0,40155.0,3717
1745413200,40153.0,40492.0,40048.0,40431.0,22888
1745416800,40461.0,40556.0,40202.0,40330.0,19979
1745420400,40328.0,40388.0,39839.0,39957.0,17940
1745424000,39963.0,39981.0,39714.0,39954.0,12755
1745427600,39953.0,40056.0,39816.0,39948.0,8329
1745431200,39945.0,39977.0,39754.0,39791.0,6386
1745434800,39790.0,39864.0,39653.0,39754.0,12030
1745438400,39752.0,39890.0,39713.0,39780.0,5644
1745445600,39775.0,39782.0,39620.0,39728.0,0
1745449200,39718.0,39775.0,39702.0,39740.0,532
1745452800,39738.0,39795.0,39720.0,39735.0,1083
1745456400,39737.0,39772.0,39678.0,39680.0,1236
1745460000,39680.0,39722.0,39641.0,39647.0,844
1745463600,39645.0,39670.0,39625.0,39662.0,597
1745467200,39653.0,39685.0,39610.0,39664.0,873
1745470800,39665.0,39691.0,39507.0,39570.0,1408
1745474400,39570.0,39668.0,39546.0,39632.0,1612
1745478000,39634.0,39649.0,39514.0,39535.0,3105
1745481600,39534.0,39554.0,39408.0,39479.0,3438
1745485200,39481.0,39560.0,39469.0,39528.0,1752
1745488800,39534.0,39728.0,39530.0,39703.0,2885
1745492400,39700.0,39703.0,39530.0,39576.0,5309
1745496000,39575.0,39682.0,39544.0,39661.0,2558
1745499600,39670.0,39799.0,39540.0,39789.0,9157
1745503200,39786.0,40072.0,39745.0,40025.0,12403
1745506800,40025.0,40090.0,39956.0,40020.0,7883
1745510400,40029.0,40250.0,39998.0,40209.0,7293
1745514000,40209.0,40214.0,40105.0,40164.0,3395
1745517600,40161.0,40282.0,40127.0,40231.0,3859
1745521200,40229.0,40344.0,40120.0,40260.0,9924
1745524800,40260.0,40408.0,40231.0,40247.0,3809
1745532000,40254.0,40308.0,40200.0,40276.0,0
1745535600,40278.0,40283.0,40226.0,40235.0,351
1745539200,40234.0,40325.0,40215.0,40311.0,1049
1745542800,40311.0,40318.0,40222.0,40227.0,992
1745546400,40228.0,40241.0,40192.0,40203.0,890
1745550000,40202.0,40306.0,40189.0,40305.0,1253
1745553600,40299.0,40377.0,40255.0,40261.0,1468
1745557200,40265.0,40303.0,40259.0,40274.0,575
1745560800,40282.0,40361.0,40250.0,40358.0,1162
1745564400,40359.0,40365.0,40182.0,40290.0,3131
1745568000,40287.0,40337.0,40246.0,40265.0,1599
1745571600,40265.0,40288.0,40209.0,40246.0,1357
1745575200,40246.0,40317.0,40005.0,40008.0,3586
1745578800,40011.0,40144.0,40000.0,40085.0,2241
1745582400,40083.0,40159.0,40048.0,40093.0,2541
1745586000,40092.0,40239.0,39985.0,40000.0,10898
1745589600,40011.0,40135.0,39861.0,40024.0,11402
1745593200,40027.0,40098.0,39950.0,40081.0,5877
1745596800,40078.0,40183.0,40075.0,40163.0,4641
1745600400,40162.0,40284.0,40017.0,40074.0,6956
1745604000,40077.0,40272.0,40052.0,40228.0,6431
1745607600,40226.0,40289.0,40161.0,40256.0,7675
1745611200,40255.0,40326.0,40231.0,40277.0,2125
1745791200,40231.0,40235.0,40131.0,40159.0,681
1745794800,40154.0,40161.0,40115.0,40133.0,304
1745798400,40131.0,40147.0,40084.0,40095.0,734
1745802000,40090.0,40119.0,40078.0,40099.0,447
1745805600,40100.0,40130.0,40086.0,40095.0,414
1745809200,40102.0,40109.0,40067.0,40078.0,387
1745812800,40080.0,40102.0,40078.0,40097.0,348
1745816400,40092.0,40096.0,40053.0,40062.0,508
1745820000,40066.0,40172.0,40066.0,40164.0,1065
1745823600,40164.0,40226.0,40135.0,40140.0,1597
1745827200,40142.0,40232.0,40131.0,40227.0,1307
1745830800,40230.0,40283.0,40211.0,40259.0,1104
1745834400,40261.0,40262.0,40156.0,40173.0,1790
1745838000,40170.0,40257.0,40153.0,40231.0,2110
1745841600,40229.0,40304.0,40165.0,40298.0,2417
1745845200,40297.0,40565.0,40291.0,40344.0,14184
1745848800,40345.0,40494.0,40318.0,40389.0,10476
1745852400,40383.0,40416.0,40172.0,40202.0,9490
1745856000,40198.0,40210.0,40085.0,40112.0,6488
1745859600,40110.0,40193.0,40012.0,40186.0,5642
1745863200,40183.0,40257.0,40153.0,40234.0,4524
1745866800,40236.0,40468.0,40228.0,40367.0,7892
1745870400,40366.0,40374.0,40321.0,40340.0,2485
1745877600,40332.0,40346.0,40293.0,40322.0,0
1745881200,40323.0,40399.0,40316.0,40390.0,520
1745884800,40394.0,40406.0,40342.0,40399.0,608
1745888400,40399.0,40444.0,40384.0,40440.0,622
1745892000,40444.0,40470.0,40382.0,40404.0,1048
1745895600,40406.0,40424.0,40389.0,40418.0,560
1745899200,40420.0,40462.0,40376.0,40398.0,1125
1745902800,40395.0,40421.0,40366.0,40387.0,865
1745906400,40387.0,40425.0,40370.0,40383.0,612
1745910000,40384.0,40488.0,40368.0,40465.0,1393
1745913600,40466.0,40485.0,40394.0,40468.0,1408
1745917200,40470.0,40495.0,40435.0,40462.0,1577
1745920800,40465.0,40569.0,40402.0,40479.0,4332
1745924400,40478.0,40554.0,40451.0,40514.0,2249
1745928000,40519.0,40545.0,40425.0,40437.0,2431
1745931600,40433.0,40584.0,40326.0,40494.0,12006
1745935200,40492.0,40651.0,40357.0,40649.0,13612
1745938800,40650.0,40663.0,40516.0,40556.0,7909
1745942400,40554.0,40674.0,40467.0,40498.0,6160
1745946000,40499.0,40760.0,40475.0,40734.0,7039
1745949600,40736.0,40775.0,40674.0,40687.0,4704
1745953200,40688.0,40765.0,40641.0,40652.0,7999
1745956800,40653.0,40757.0,40651.0,40720.0,3499
1745964000,40710.0,40726.0,40660.0,40665.0,0
1745967600,40662.0,40677.0,40646.0,40653.0,361
1745971200,40651.0,40677.0,40597.0,40608.0,1006
1745974800,40606.0,40621.0,40574.0,40593.0,743
1745978400,40587.0,40597.0,40558.0,40560.0,590
1745982000,40557.0,40568.0,40518.0,40562.0,700
1745985600,40559.0,40585.0,40550.0,40576.0,378
1745989200,40574.0,40585.0,40548.0,40585.0,565
1745992800,40586.0,40650.0,40579.0,40648.0,1151
1745996400,40648.0,40682.0,40625.0,40666.0,1266
1746000000,40661.0,40708.0,40635.0,40639.0,1595
1746003600,40632.0,40699.0,40632.0,40674.0,810
1746007200,40676.0,40724.0,40526.0,40718.0,4535
1746010800,40718.0,40750.0,40674.0,40693.0,2452
1746014400,40693.0,40710.0,40272.0,40341.0,6485
1746018000,40337.0,40373.0,39869.0,39905.0,19052
1746021600,39881.0,40293.0,39867.0,40257.0,16089
1746025200,40255.0,40456.0,40252.0,40432.0,10880
1746028800,40435.0,40497.0,40317.0,40463.0,6729
1746032400,40462.0,40552.0,40304.0,40518.0,7236
1746036000,40520.0,40683.0,40398.0,40417.0,9991
1746039600,40416.0,40909.0,40407.0,40753.0,13693
1746043200,40750.0,40930.0,40682.0,40844.0,7840
1746050400,40841.0,40968.0,40834.0,40902.0,0
1746054000,40899.0,40929.0,40863.0,40923.0,980
1746057600,40923.0,40985.0,40915.0,40952.0,1043
1746061200,40952.0,41007.0,40943.0,40985.0,915
1746064800,40986.0,41015.0,40953.0,40957.0,522
1746068400,40956.0,41016.0,40948.0,41014.0,782
1746072000,41014.0,41023.0,40987.0,41011.0,378
1746075600,41011.0,41058.0,40983.0,40989.0,1226
1746079200,40992.0,41016.0,40960.0,40960.0,869
1746082800,40960.0,41000.0,40934.0,40969.0,1197
1746086400,40969.0,41046.0,40927.0,41044.0,1666
1746090000,41045.0,41125.0,41042.0,41116.0,1481
1746093600,41117.0,41140.0,41082.0,41105.0,2233
1746097200,41103.0,41131.0,41044.0,41094.0,3014
1746100800,41090.0,41118.0,40952.0,40952.0,3714
1746104400,40953.0,41071.0,40879.0,40920.0,13245
1746108000,40966.0,41167.0,40938.0,41164.0,9295
1746111600,41164.0,41222.0,40961.0,41000.0,7504
1746115200,40999.0,41053.0,40894.0,40923.0,6300
1746118800,40921.0,41075.0,40920.0,40973.0,4555
1746122400,40972.0,41095.0,40964.0,41032.0,4164
1746126000,41033.0,41110.0,40825.0,40873.0,7647
1746129600,40868.0,40943.0,40736.0,40815.0,3266
1746136800,40820.0,40850.0,40766.0,40815.0,0
1746140400,40825.0,40869.0,40803.0,40828.0,577
1746144000,40830.0,41177.0,40806.0,41164.0,2795
1746147600,41159.0,41256.0,41132.0,41200.0,1976
1746151200,41196.0,41239.0,41151.0,41213.0,745
1746154800,41214.0,41227.0,41202.0,41211.0,461
1746158400,41213.0,41254.0,41179.0,41209.0,647
1746162000,41212.0,41217.0,41144.0,41163.0,666
1746165600,41161.0,41164.0,41106.0,41122.0,1313
1746169200,41124.0,41204.0,41102.0,41107.0,1482
1746172800,41108.0,41127.0,40995.0,40997.0,2181
1746176400,40999.0,41078.0,40971.0,41053.0,1498
1746180000,41052.0,41091.0,41020.0,41038.0,877
1746183600,41038.0,41075.0,41010.0,41033.0,1350
1746187200,41032.0,41316.0,41022.0,41314.0,3947
1746190800,41315.0,41378.0,41143.0,41205.0,12603
1746194400,41212.0,41375.0,41171.0,41325.0,10574
1746198000,41326.0,41362.0,41184.0,41356.0,6256
1746201600,41360.0,41506.0,41348.0,41474.0,8670
1746205200,41481.0,41490.0,41386.0,41423.0,4399
1746208800,41419.0,41491.0,41352.0,41409.0,4260
1746212400,41408.0,41486.0,41361.0,41409.0,9314
1746216000,41411.0,41458.0,41403.0,41436.0,1672
1746396000,41405.0,41405.0,41283.0,41303.0,801
1746399600,41301.0,41314.0,41185.0,41232.0,1108
1746403200,41231.0,41250.0,41217.0,41226.0,853
1746406800,41225.0,41228.0,41125.0,41132.0,1457
1746410400,41130.0,41166.0,41126.0,41149.0,557
1746414000,41154.0,41175.0,41121.0,41160.0,757
1746417600,41164.0,41165.0,41110.0,41116.0,630
1746421200,41114.0,41170.0,41114.0,41151.0,868
1746424800,41151.0,41228.0,41151.0,41190.0,1418
1746428400,41191.0,41192.0,41144.0,41190.0,1366
1746432000,41186.0,41222.0,41118.0,41136.0,1614
1746435600,41137.0,41178.0,41103.0,41156.0,1635
1746439200,41154.0,41194.0,41146.0,41186.0,1197
1746442800,41185.0,41194.0,41130.0,41157.0,1274
1746446400,41160.0,41196.0,41141.0,41192.0,1692
1746450000,41192.0,41287.0,41150.0,41275.0,10462
1746453600,41294.0,41469.0,41268.0,41461.0,10646
1746457200,41461.0,41494.0,41390.0,41486.0,6719
1746460800,41488.0,41543.0,41474.0,41516.0,4441
1746464400,41513.0,41548.0,41444.0,41512.0,4009
1746468000,41514.0,41554.0,41479.0,41492.0,3086
1746471600,41490.0,41493.0,41307.0,41336.0,7786
1746475200,41337.0,41344.0,41294.0,41326.0,1907
1746482400,41319.0,41349.0,41301.0,41319.0,0
1746486000,41320.0,41332.0,41305.0,41310.0,340
1746489600,41309.0,41340.0,41293.0,41316.0,759
1746493200,41315.0,41336.0,41273.0,41290.0,744
1746496800,41289.0,41298.0,41266.0,41285.0,519
1746500400,41283.0,41301.0,41253.0,41300.0,507
1746504000,41302.0,41306.0,41264.0,41287.0,311
1746507600,41288.0,41288.0,41205.0,41221.0,602
1746511200,41219.0,41293.0,41214.0,41291.0,680
1746514800,41291.0,41298.0,41163.0,41166.0,1311
1746518400,41164.0,41164.0,41038.0,41094.0,1984
1746522000,41095.0,41100.0,41017.0,41074.0,1718
1746525600,41073.0,41134.0,41052.0,41133.0,1366
1746529200,41134.0,41158.0,40988.0,41038.0,1960
1746532800,41039.0,41081.0,41010.0,41064.0,1997
1746536400,41062.0,41075.0,40845.0,40930.0,14729
1746540000,40933.0,41196.0,40911.0,41155.0,10361
1746543600,41155.0,41198.0,41066.0,41071.0,5143
1746547200,41069.0,41278.0,40974.0,40981.0,7737
1746550800,40980.0,41067.0,40882.0,40891.0,5005
1746554400,40888.0,41049.0,40888.0,41047.0,4405
1746558000,41046.0,41068.0,40910.0,40915.0,7374
1746561600,40915.0,40927.0,40764.0,40827.0,3386
1746568800,40814.0,41334.0,40814.0,41199.0,0
1746572400,41203.0,41214.0,41156.0,41194.0,1156
1746576000,41195.0,41263.0,41130.0,41225.0,1572
1746579600,41225.0,41253.0,41172.0,41196.0,984
1746583200,41198.0,41198.0,41105.0,41136.0,1108
1746586800,41139.0,41169.0,41134.0,41144.0,527
1746590400,41144.0,41186.0,41138.0,41148.0,584
1746594000,41147.0,41149.0,41098.0,41108.0,733
1746597600,41106.0,41133.0,41070.0,41092.0,993
1746601200,41091.0,41146.0,41081.0,41135.0,1321
1746604800,41133.0,41158.0,41100.0,41150.0,1543
1746608400,41149.0,41168.0,41111.0,41129.0,2532
1746612000,41127.0,41228.0,41096.0,41205.0,2702
1746615600,41209.0,41234.0,41148.0,41184.0,1742
1746619200,41185.0,41192.0,41089.0,41108.0,2507
1746622800,41106.0,41174.0,41036.0,41157.0,10767
1746626400,41165.0,41171.0,41025.0,41072.0,5451
1746630000,41070.0,41185.0,41032.0,41179.0,5438
1746633600,41180.0,41304.0,41132.0,41295.0,5294
1746637200,41299.0,41336.0,41086.0,41132.0,5273
1746640800,41119.0,41294.0,40909.0,41273.0,11383
1746644400,41272.0,41375.0,41022.0,41197.0,12062
1746648000,41198.0,41259.0,41152.0,41186.0,4523
1746655200,41156.0,41181.0,41113.0,41168.0,0
1746658800,41171.0,41200.0,41154.0,41166.0,330
1746662400,41166.0,41307.0,41133.0,41269.0,1858
1746666000,41271.0,41367.0,41251.0,41280.0,2384
1746669600,41281.0,41355.0,41281.0,41347.0,594
1746673200,41348.0,41457.0,41339.0,41450.0,1125
1746676800,41447.0,41469.0,41431.0,41455.0,636
1746680400,41456.0,41463.0,41418.0,41428.0,656
1746684000,41424.0,41424.0,41364.0,41381.0,1009
1746687600,41384.0,41470.0,41371.0,41404.0,1469
1746691200,41407.0,41512.0,41402.0,41511.0,1555
1746694800,41512.0,41577.0,41503.0,41562.0,1516
1746698400,41566.0,41611.0,41545.0,41611.0,1233
1746702000,41609.0,41615.0,41501.0,41515.0,2558
1746705600,41513.0,41538.0,41356.0,41429.0,4589
1746709200,41428.0,41476.0,41337.0,41384.0,10007
1746712800,41382.0,41484.0,41242.0,41314.0,11485
1746716400,41308.0,41807.0,41275.0,41744.0,16571
1746720000,41745.0,41873.0,41742.0,41856.0,6479
1746723600,41857.0,41865.0,41650.0,41655.0,4806
1746727200,41650.0,41767.0,41640.0,41717.0,4502
1746730800,41714.0,41782.0,41455.0,41482.0,10837
1746734400,41480.0,41531.0,41454.0,41458.0,2932
1746741600,41477.0,41495.0,41425.0,41450.0,0
1746745200,41455.0,41470.0,41397.0,41411.0,663
1746748800,41412.0,41415.0,41313.0,41375.0,1392
1746752400,41375.0,41451.0,41369.0,41447.0,679
1746756000,41449.0,41520.0,41426.0,41443.0,1024
1746759600,41445.0,41486.0,41388.0,41484.0,728
1746763200,41484.0,41500.0,41463.0,41490.0,353
1746766800,41487.0,41492.0,41446.0,41488.0,631
1746770400,41486.0,41494.0,41441.0,41456.0,929
1746774000,41457.0,41499.0,41415.0,41438.0,1720
1746777600,41437.0,41438.0,41379.0,41412.0,2043
1746781200,41417.0,41457.0,41417.0,41455.0,683
1746784800,41458.0,41533.0,41455.0,41504.0,1236
1746788400,41507.0,41622.0,41358.0,41519.0,4678
1746792000,41515.0,41618.0,41497.0,41562.0,2271
1746795600,41568.0,41612.0,41462.0,41540.0,10614
1746799200,41537.0,41573.0,41299.0,41370.0,9705
1746802800,41370.0,41432.0,41316.0,41425.0,6204
1746806400,41426.0,41429.0,41225.0,41250.0,5318
1746810000,41247.0,41397.0,41227.0,41393.0,4242
1746813600,41386.0,41394.0,41314.0,41371.0,2777
1746817200,41370.0,41437.0,41303.0,41319.0,7062
1746820800,41319.0,41377.0,41305.0,41376.0,2080
1747000800,41846.0,41922.0,41675.0,41697.0,1797
1747004400,41711.0,41774.0,41688.0,41727.0,1290
1747008000,41728.0,41770.0,41716.0,41734.0,1092
1747011600,41735.0,41788.0,41727.0,41750.0,962
1747015200,41746.0,41755.0,41729.0,41745.0,697
1747018800,41745.0,41791.0,41733.0,41789.0,639
1747022400,41785.0,41798.0,41773.0,41776.0,603
1747026000,41780.0,41800.0,41763.0,41780.0,690
1747029600,41781.0,41816.0,41747.0,41798.0,1563
1747033200,41797.0,42340.0,41795.0,42116.0,6225
1747036800,42120.0,42208.0,42089.0,42146.0,5201
1747040400,42148.0,42227.0,42134.0,42227.0,1739
1747044000,42227.0,42394.0,42209.0,42379.0,3005
1747047600,42379.0,42408.0,42274.0,42321.0,3086
1747051200,42321.0,42456.0,42311.0,42366.0,3866
1747054800,42368.0,42440.0,42286.0,42331.0,14041
1747058400,42361.0,42405.0,42210.0,42316.0,8500
1747062000,42316.0,42354.0,42194.0,42199.0,4506
1747065600,42199.0,42375.0,42182.0,42370.0,4031
1747069200,42370.0,42463.0,42370.0,42404.0,5503
1747072800,42419.0,42504.0,42407.0,42442.0,5159
1747076400,42441.0,42502.0,42375.0,42493.0,10384
1747080000,42490.0,42563.0,42489.0,42533.0,3087
1747087200,42525.0,42532.0,42465.0,42473.0,0
1747090800,42475.0,42536.0,42445.0,42447.0,583
1747094400,42446.0,42446.0,42403.0,42409.0,925
1747098000,42409.0,42437.0,42397.0,42427.0,777
1747101600,42433.0,42455.0,42396.0,42416.0,973
1747105200,42418.0,42422.0,42381.0,42386.0,493
1747108800,42383.0,42392.0,42344.0,42372.0,694
1747112400,42373.0,42406.0,42363.0,42397.0,580
1747116000,42399.0,42431.0,42391.0,42395.0,1050
1747119600,42395.0,42422.0,42364.0,42375.0,1093
1747123200,42377.0,42439.0,42377.0,42399.0,1840
1747126800,42399.0,42466.0,42392.0,42466.0,935
1747130400,42465.0,42467.0,42258.0,42280.0,8095
1747134000,42281.0,42311.0,42224.0,42271.0,2386
1747137600,42274.0,42449.0,42263.0,42313.0,4015
1747141200,42322.0,42390.0,42275.0,42351.0,10411
1747144800,42355.0,42469.0,42300.0,42323.0,8786
1747148400,42326.0,42420.0,42304.0,42340.0,6081
1747152000,42338.0,42342.0,42268.0,42296.0,4349
1747155600,42296.0,42419.0,42283.0,42330.0,4173
1747159200,42331.0,42354.0,42266.0,42334.0,3024
1747162800,42335.0,42386.0,42225.0,42249.0,5023
1747166400,42218.0,42241.0,42206.0,42231.0,4149
1747173600,42245.0,42274.0,42227.0,42264.0,0
1747177200,42256.0,42282.0,42243.0,42259.0,481
1747180800,42259.0,42265.0,42223.0,42237.0,785
1747184400,42237.0,42253.0,42208.0,42233.0,909
1747188000,42231.0,42237.0,42201.0,42221.0,563
1747191600,42222.0,42251.0,42220.0,42241.0,497
1747195200,42241.0,42271.0,42224.0,42254.0,442
1747198800,42253.0,42270.0,42238.0,42244.0,428
1747202400,42243.0,42262.0,42212.0,42249.0,904
1747206000,42251.0,42288.0,42222.0,42263.0,1487
1747209600,42265.0,42291.0,42239.0,42266.0,1663
1747213200,42265.0,42268.0,42186.0,42211.0,1926
1747216800,42206.0,42238.0,42165.0,42221.0,1055
1747220400,42219.0,42276.0,42219.0,42240.0,1629
1747224000,42239.0,42321.0,42235.0,42277.0,2720
1747227600,42278.0,42338.0,42199.0,42270.0,9749
1747231200,42271.0,42330.0,42213.0,42232.0,6445
1747234800,42231.0,42271.0,42092.0,42232.0,7209
1747238400,42227.0,42260.0,42108.0,42144.0,3785
1747242000,42144.0,42155.0,42027.0,42132.0,4608
1747245600,42131.0,42191.0,42086.0,42164.0,4960
1747249200,42165.0,42211.0,42095.0,42123.0,8223
1747252800,42125.0,42151.0,42099.0,42109.0,2215
1747260000,42090.0,42105.0,42069.0,42074.0,0
1747263600,42075.0,42075.0,41899.0,41928.0,3460
1747267200,41927.0,41979.0,41922.0,41965.0,845
1747270800,41963.0,41976.0,41938.0,41951.0,780
1747274400,41952.0,41975.0,41931.0,41965.0,618
1747278000,41963.0,41974.0,41949.0,41961.0,463
1747281600,41960.0,41967.0,41946.0,41961.0,219
1747285200,41959.0,41962.0,41881.0,41899.0,1093
1747288800,41900.0,41946.0,41893.0,41907.0,899
1747292400,41910.0,41934.0,41842.0,41848.0,2046
1747296000,41851.0,41970.0,41848.0,41934.0,3600
1747299600,41933.0,42002.0,41933.0,42002.0,1310
1747303200,41999.0,42001.0,41950.0,41980.0,1917
1747306800,41978.0,42015.0,41954.0,41999.0,2199
1747310400,41997.0,42040.0,41930.0,41976.0,3105
1747314000,41976.0,42028.0,41900.0,41982.0,10739
1747317600,41983.0,42063.0,41969.0,42061.0,8048
1747321200,42062.0,42290.0,42052.0,42267.0,8538
1747324800,42272.0,42332.0,42225.0,42323.0,5020
1747328400,42329.0,42366.0,42274.0,42281.0,4201
1747332000,42284.0,42406.0,42256.0,42391.0,5114
1747335600,42391.0,42437.0,42345.0,42418.0,10559
1747339200,42419.0,42453.0,42390.0,42426.0,3290
1747346400,42440.0,42451.0,42411.0,42414.0,0
1747350000,42414.0,42438.0,42408.0,42420.0,412
1747353600,42422.0,42438.0,42370.0,42373.0,821
1747357200,42372.0,42379.0,42351.0,42363.0,590
1747360800,42362.0,42399.0,42356.0,42395.0,413
1747364400,42396.0,42410.0,42388.0,42397.0,240
1747368000,42392.0,42405.0,42384.0,42393.0,269
1747371600,42390.0,42407.0,42388.0,42391.0,340
1747375200,42397.0,42443.0,42388.0,42407.0,741
1747378800,42408.0,42483.0,42398.0,42481.0,1346
1747382400,42482.0,42553.0,42478.0,42526.0,1748
1747386000,42531.0,42543.0,42513.0,42526.0,1305
1747389600,42525.0,42550.0,42513.0,42516.0,890
1747393200,42516.0,42561.0,42493.0,42552.0,1191
1747396800,42551.0,42553.0,42493.0,42494.0,1681
1747400400,42493.0,42502.0,42333.0,42455.0,10907
1747404000,42452.0,42492.0,42355.0,42433.0,7404
1747407600,42439.0,42473.0,42406.0,42420.0,3703
1747411200,42416.0,42622.0,42409.0,42616.0,4589
1747414800,42616.0,42684.0,42607.0,42628.0,4218
1747418400,42634.0,42747.0,42622.0,42710.0,3648
1747422000,42710.0,42763.0,42679.0,42738.0,8150
1747425600,42736.0,42741.0,42474.0,42535.0,2864
1747605600,42472.0,42511.0,42360.0,42483.0,1032
1747609200,42480.0,42528.0,42460.0,42479.0,544
1747612800,42482.0,42496.0,42442.0,42486.0,1192
1747616400,42487.0,42533.0,42482.0,42509.0,679
1747620000,42501.0,42546.0,42486.0,42491.0,510
1747623600,42490.0,42497.0,42400.0,42405.0,922
1747627200,42409.0,42430.0,42393.0,42405.0,753
1747630800,42405.0,42427.0,42389.0,42418.0,580
1747634400,42419.0,42442.0,42352.0,42376.0,1627
1747638000,42374.0,42406.0,42347.0,42350.0,1198
1747641600,42351.0,42408.0,42344.0,42361.0,2676
1747645200,42360.0,42414.0,42337.0,42396.0,1631
1747648800,42395.0,42455.0,42356.0,42439.0,2380
1747652400,42440.0,42518.0,42432.0,42507.0,1674
1747656000,42507.0,42531.0,42462.0,42501.0,2094
1747659600,42501.0,42696.0,42409.0,42682.0,12280
1747663200,42678.0,42782.0,42646.0,42677.0,9494
1747666800,42679.0,42747.0,42620.0,42740.0,7083
1747670400,42742.0,42895.0,42725.0,42872.0,6062
1747674000,42873.0,42940.0,42842.0,42847.0,5492
1747677600,42847.0,42869.0,42779.0,42851.0,4235
1747681200,42853.0,42897.0,42778.0,42878.0,7428
1747684800,42878.0,42895.0,42824.0,42890.0,2041
1747692000,42885.0,42898.0,42860.0,42897.0,0
1747695600,42898.0,42976.0,42890.0,42938.0,1066
1747699200,42936.0,42957.0,42907.0,42908.0,677
1747702800,42907.0,42907.0,42800.0,42831.0,1341
1747706400,42832.0,42872.0,42825.0,42842.0,887
1747710000,42842.0,42857.0,42828.0,42835.0,475
1747713600,42832.0,42847.0,42825.0,42841.0,398
1747717200,42842.0,42873.0,42792.0,42793.0,753
1747720800,42794.0,42809.0,42773.0,42807.0,1109
1747724400,42809.0,42855.0,42775.0,42826.0,1375
1747728000,42824.0,42851.0,42806.0,42814.0,1219
1747731600,42817.0,42844.0,42786.0,42797.0,797
1747735200,42807.0,42910.0,42764.0,42904.0,3640
1747738800,42910.0,42910.0,42869.0,42869.0,1253
1747742400,42868.0,42904.0,42837.0,42860.0,1582
1747746000,42859.0,42900.0,42732.0,42808.0,10426
1747749600,42805.0,42854.0,42749.0,42752.0,5321
1747753200,42743.0,42842.0,42719.0,42776.0,3867
1747756800,42778.0,42786.0,42703.0,42762.0,2984
1747760400,42763.0,42802.0,42755.0,42791.0,2826
1747764000,42786.0,42799.0,42603.0,42642.0,4372
1747767600,42642.0,42779.0,42570.0,42767.0,5505
1747771200,42765.0,42774.0,42720.0,42744.0,2071
1747778400,42742.0,42742.0,42615.0,42687.0,0
1747782000,42684.0,42725.0,42682.0,42725.0,355
1747785600,42727.0,42742.0,42692.0,42718.0,523
1747789200,42715.0,42726.0,42664.0,42690.0,510
1747792800,42690.0,42692.0,42651.0,42662.0,422
1747796400,42664.0,42674.0,42640.0,42658.0,329
1747800000,42657.0,42660.0,42621.0,42636.0,312
1747803600,42639.0,42665.0,42597.0,42601.0,495
1747807200,42601.0,42607.0,42551.0,42551.0,1589
1747810800,42556.0,42607.0,42555.0,42590.0,824
1747814400,42588.0,42594.0,42489.0,42513.0,1523
1747818000,42514.0,42528.0,42434.0,42444.0,1564
1747821600,42444.0,42447.0,42326.0,42401.0,3588
1747825200,42400.0,42484.0,42379.0,42483.0,2949
1747828800,42484.0,42500.0,42379.0,42410.0,3236
1747832400,42413.0,42479.0,42312.0,42414.0,9865
1747836000,42419.0,42523.0,42306.0,42419.0,9356
1747839600,42412.0,42479.0,42383.0,42427.0,4981
1747843200,42425.0,42491.0,42402.0,42415.0,3305
1747846800,42415.0,42430.0,41909.0,42090.0,18579
1747850400,42093.0,42119.0,41966.0,41980.0,7805
1747854000,41988.0,42036.0,41870.0,41935.0,12460
1747857600,41936.0,41945.0,41853.0,41883.0,4186
1747864800,41856.0,41923.0,41835.0,41888.0,0
1747868400,41876.0,41931.0,41869.0,41914.0,549
1747872000,41915.0,41973.0,41902.0,41971.0,953
1747875600,41968.0,41993.0,41933.0,41935.0,640
1747879200,41937.0,41968.0,41917.0,41930.0,417
1747882800,41930.0,41967.0,41929.0,41952.0,387
1747886400,41946.0,41948.0,41914.0,41919.0,268
1747890000,41918.0,41958.0,41908.0,41952.0,439
1747893600,41951.0,41986.0,41919.0,41940.0,800
1747897200,41941.0,41993.0,41909.0,41938.0,1241
1747900800,41939.0,41955.0,41900.0,41928.0,1412
1747904400,41926.0,41941.0,41884.0,41902.0,1349
1747908000,41902.0,41936.0,41869.0,41907.0,1683
1747911600,41906.0,41970.0,41734.0,41734.0,3184
1747915200,41732.0,41850.0,41694.0,41846.0,4405
1747918800,41845.0,41971.0,41822.0,41948.0,12979
1747922400,41958.0,42017.0,41796.0,41889.0,8945
1747926000,41894.0,42020.0,41849.0,42009.0,6467
1747929600,42013.0,42108.0,41938.0,41940.0,5352
1747933200,41940.0,42133.0,41910.0,42105.0,4630
1747936800,42107.0,42153.0,42059.0,42120.0,3981
1747940400,42120.0,42175.0,41909.0,41939.0,8413
1747944000,41937.0,42003.0,41927.0,42000.0,2846
1747951200,41986.0,42028.0,41902.0,41907.0,0
1747954800,41906.0,41952.0,41891.0,41946.0,862
1747958400,41947.0,41981.0,41942.0,41981.0,679
1747962000,41981.0,41983.0,41941.0,41949.0,511
1747965600,41946.0,42019.0,41946.0,41975.0,511
1747969200,41983.0,41992.0,41947.0,41964.0,426
1747972800,41960.0,41960.0,41902.0,41910.0,383
1747976400,41919.0,41951.0,41912.0,41924.0,453
1747980000,41921.0,41922.0,41844.0,41896.0,1224
1747983600,41898.0,42026.0,41898.0,41983.0,1450
1747987200,41983.0,42009.0,41944.0,41947.0,1230
1747990800,41945.0,41947.0,41806.0,41909.0,1619
1747994400,41911.0,41923.0,41852.0,41897.0,1225
1747998000,41896.0,41908.0,41331.0,41381.0,11979
1748001600,41381.0,41467.0,41236.0,41396.0,10735
1748005200,41399.0,41600.0,41299.0,41553.0,16553
1748008800,41556.0,41692.0,41546.0,41549.0,9044
1748012400,41559.0,41741.0,41540.0,41604.0,5795
1748016000,41609.0,41713.0,41571.0,41668.0,4838
1748019600,41669.0,41838.0,41652.0,41793.0,4704
1748023200,41792.0,41857.0,41740.0,41791.0,3921
1748026800,41793.0,41841.0,41625.0,41672.0,8547
1748030400,41671.0,41672.0,41601.0,41663.0,2252
1748210400,41687.0,42027.0,41651.0,41931.0,722
1748214000,41932.0,42014.0,41929.0,41959.0,665
1748217600,41962.0,42023.0,41935.0,41978.0,905
1748221200,41973.0,42021.0,41948.0,42017.0,425
1748224800,42018.0,42045.0,41986.0,41993.0,376
1748228400,41997.0,42058.0,41995.0,42043.0,253
1748232000,42040.0,42072.0,42009.0,42062.0,389
1748235600,42059.0,42062.0,42018.0,42021.0,511
1748239200,42023.0,42110.0,41993.0,42083.0,1134
1748242800,42086.0,42150.0,42066.0,42141.0,981
1748246400,42146.0,42171.0,42094.0,42101.0,800
1748250000,42102.0,42132.0,42087.0,42102.0,473
1748253600,42103.0,42130.0,42089.0,42102.0,424
1748257200,42105.0,42139.0,42093.0,42126.0,467
1748260800,42128.0,42158.0,42103.0,42105.0,1232
1748264400,42106.0,42168.0,42073.0,42114.0,1839
1748268000,42111.0,42119.0,42033.0,42038.0,1574
1748271600,42040.0,42136.0,42002.0,42136.0,1839
1748275200,42136.0,42149.0,42098.0,42131.0,1283
1748296800,42106.0,42149.0,42068.0,42080.0,288
1748300400,42079.0,42094.0,42045.0,42062.0,341
1748304000,42062.0,42092.0,42031.0,42092.0,693
1748307600,42091.0,42091.0,42015.0,42022.0,538
1748311200,42020.0,42032.0,42003.0,42024.0,419
1748314800,42025.0,42037.0,41987.0,41997.0,476
1748318400,41996.0,42030.0,41994.0,42025.0,295
1748322000,42020.0,42061.0,42006.0,42046.0,502
1748325600,42045.0,42116.0,42044.0,42093.0,891
1748329200,42095.0,42279.0,42082.0,42239.0,2689
1748332800,42234.0,42242.0,42181.0,42204.0,2194
1748336400,42204.0,42263.0,42196.0,42231.0,1069
1748340000,42228.0,42255.0,42194.0,42194.0,1141
1748343600,42192.0,42262.0,42174.0,42237.0,1804
1748347200,42230.0,42238.0,42125.0,42150.0,2319
1748350800,42154.0,42200.0,41947.0,42040.0,10361
1748354400,42047.0,42213.0,42042.0,42188.0,7536
1748358000,42191.0,42280.0,42159.0,42273.0,5840
1748361600,42276.0,42383.0,42270.0,42322.0,6089
1748365200,42325.0,42396.0,42305.0,42395.0,3277
1748368800,42394.0,42421.0,42368.0,42369.0,3703
1748372400,42368.0,42425.0,42352.0,42421.0,8255
1748376000,42422.0,42476.0,42406.0,42469.0,2926
1748383200,42467.0,42473.0,42435.0,42455.0,0
1748386800,42456.0,42480.0,42443.0,42444.0,720
1748390400,42443.0,42443.0,42419.0,42423.0,500
1748394000,42424.0,42439.0,42406.0,42411.0,657
1748397600,42409.0,42417.0,42394.0,42396.0,460
1748401200,42397.0,42415.0,42383.0,42387.0,253
1748404800,42388.0,42390.0,42374.0,42377.0,395
1748408400,42378.0,42404.0,42365.0,42378.0,341
1748412000,42378.0,42390.0,42343.0,42352.0,642
1748415600,42354.0,42373.0,42320.0,42324.0,1107
1748419200,42324.0,42346.0,42310.0,42314.0,1140
1748422800,42315.0,42331.0,42283.0,42331.0,1111
1748426400,42330.0,42436.0,42324.0,42435.0,1589
1748430000,42434.0,42437.0,42386.0,42403.0,926
1748433600,42402.0,42440.0,42388.0,42388.0,1377
1748437200,42390.0,42515.0,42375.0,42415.0,9036
1748440800,42426.0,42436.0,42286.0,42301.0,6574
1748444400,42302.0,42344.0,42225.0,42242.0,4957
1748448000,42249.0,42320.0,42247.0,42301.0,2847
1748451600,42303.0,42342.0,42252.0,42262.0,2982
1748455200,42259.0,42308.0,42130.0,42256.0,4367
1748458800,42254.0,42318.0,42105.0,42171.0,8821
1748462400,42170.0,42256.0,42128.0,42170.0,6720
1748469600,42193.0,42348.0,42136.0,42337.0,0
1748473200,42336.0,42703.0,42336.0,42657.0,6944
1748476800,42658.0,42700.0,42565.0,42685.0,2148
1748480400,42679.0,42713.0,42608.0,42709.0,1152
1748484000,42711.0,42757.0,42701.0,42721.0,1158
1748487600,42721.0,42772.0,42690.0,42702.0,965
1748491200,42701.0,42747.0,42699.0,42744.0,780
1748494800,42742.0,42777.0,42724.0,42741.0,975
1748498400,42738.0,42739.0,42670.0,42679.0,1420
1748502000,42678.0,42734.0,42637.0,42729.0,2357
1748505600,42733.0,42745.0,42625.0,42638.0,2083
1748509200,42639.0,42653.0,42519.0,42523.0,2321
1748512800,42521.0,42524.0,42362.0,42409.0,3660
1748516400,42412.0,42416.0,42305.0,42309.0,2782
1748520000,42302.0,42349.0,42204.0,42260.0,3424
1748523600,42255.0,42326.0,42170.0,42247.0,10352
1748527200,42235.0,42270.0,42113.0,42223.0,8877
1748530800,42225.0,42231.0,41911.0,41951.0,7335
1748534400,41948.0,42180.0,41874.0,42157.0,8508
1748538000,42154.0,42216.0,42131.0,42136.0,4236
1748541600,42139.0,42243.0,42083.0,42199.0,4390
1748545200,42200.0,42325.0,42176.0,42271.0,7417
1748548800,42271.0,42292.0,42223.0,42230.0,2204
1748556000,42243.0,42261.0,42184.0,42221.0,0
1748559600,42219.0,42245.0,42185.0,42191.0,479
1748563200,42191.0,42233.0,42181.0,42197.0,819
1748566800,42199.0,42221.0,42094.0,42216.0,1180
1748570400,42219.0,42241.0,42207.0,42232.0,385
1748574000,42227.0,42232.0,42197.0,42217.0,315
1748577600,42222.0,42232.0,42204.0,42220.0,310
1748581200,42221.0,42282.0,42213.0,42257.0,616
1748584800,42262.0,42269.0,42185.0,42185.0,909
1748588400,42185.0,42250.0,42168.0,42235.0,1285
1748592000,42236.0,42265.0,42212.0,42220.0,953
1748595600,42239.0,42264.0,42214.0,42214.0,760
1748599200,42220.0,42264.0,42212.0,42244.0,782
1748602800,42243.0,42272.0,42223.0,42225.0,920
1748606400,42236.0,42270.0,42019.0,42130.0,6082
1748610000,42140.0,42260.0,42114.0,42201.0,9640
1748613600,42209.0,42336.0,42209.0,42228.0,8823
1748617200,42231.0,42291.0,42169.0,42212.0,5736
1748620800,42215.0,42281.0,41965.0,42041.0,11615
1748624400,42035.0,42181.0,42017.0,42124.0,5823
1748628000,42127.0,42303.0,42127.0,42297.0,5859
1748631600,42295.0,42429.0,42276.0,42289.0,14241
1748635200,42286.0,42340.0,42257.0,42278.0,3227
1748815200,42214.0,42238.0,42164.0,42188.0,892
1748818800,42191.0,42200.0,42148.0,42184.0,768
1748822400,42182.0,42218.0,42176.0,42195.0,769
1748826000,42196.0,42220.0,42158.0,42179.0,659
1748829600,42181.0,42203.0,42148.0,42181.0,567
1748833200,42180.0,42180.0,42130.0,42147.0,893
1748836800,42139.0,42166.0,42122.0,42134.0,434
1748840400,42142.0,42156.0,42099.0,42114.0,614
1748844000,42114.0,42119.0,42062.0,42085.0,968
1748847600,42075.0,42147.0,41981.0,42071.0,2610
1748851200,42069.0,42154.0,42062.0,42130.0,2282
1748854800,42120.0,42123.0,42045.0,42084.0,1749
1748858400,42091.0,42160.0,42091.0,42140.0,1733
1748862000,42133.0,42219.0,42133.0,42181.0,1513
1748865600,42181.0,42225.0,42160.0,42186.0,1615
1748869200,42203.0,42218.0,42010.0,42020.0,11636
1748872800,42011.0,42193.0,41903.0,42178.0,12397
1748876400,42189.0,42190.0,42063.0,42168.0,6481
1748880000,42167.0,42180.0,42088.0,42172.0,3779
1748883600,42183.0,42201.0,42113.0,42161.0,3567
1748887200,42160.0,42300.0,42155.0,42299.0,4916
1748890800,42314.0,42386.0,42309.0,42376.0,6570
1748894400,42374.0,42412.0,42373.0,42377.0,2303
1748901600,42366.0,42367.0,42333.0,42334.0,0
1748905200,42338.0,42367.0,42274.0,42287.0,1373
1748908800,42281.0,42302.0,42277.0,42279.0,405
1748912400,42287.0,42293.0,42268.0,42270.0,330
1748916000,42274.0,42274.0,42208.0,42235.0,688
1748919600,42230.0,42232.0,42195.0,42221.0,441
1748923200,42222.0,42222.0,42200.0,42207.0,350
1748926800,42210.0,42234.0,42204.0,42230.0,277
1748930400,42237.0,42243.0,42196.0,42223.0,526
1748934000,42224.0,42235.0,42114.0,42167.0,1812
1748937600,42166.0,42192.0,42124.0,42190.0,1574
1748941200,42195.0,42228.0,42176.0,42214.0,1026
1748944800,42217.0,42239.0,42192.0,42234.0,1007
1748948400,42240.0,42280.0,42226.0,42276.0,1005
1748952000,42292.0,42319.0,42271.0,42292.0,1726
1748955600,42292.0,42430.0,42281.0,42282.0,9528
1748959200,42289.0,42417.0,42239.0,42417.0,7083
1748962800,42422.0,42538.0,42419.0,42535.0,6301
1748966400,42535.0,42574.0,42497.0,42561.0,4127
1748970000,42566.0,42623.0,42546.0,42576.0,4468
1748973600,42578.0,42631.0,42530.0,42603.0,4707
1748977200,42603.0,42616.0,42556.0,42603.0,5727
1748980800,42584.0,42599.0,42565.0,42587.0,3724
1748988000,42572.0,42637.0,42572.0,42610.0,0
1748991600,42609.0,42631.0,42593.0,42618.0,435
1748995200,42617.0,42641.0,42602.0,42620.0,469
1748998800,42613.0,42621.0,42572.0,42581.0,611
1749002400,42585.0,42585.0,42564.0,42566.0,304
1749006000,42560.0,42572.0,42551.0,42566.0,275
1749009600,42562.0,42578.0,42555.0,42561.0,137
1749013200,42554.0,42582.0,42552.0,42578.0,241
1749016800,42578.0,42612.0,42562.0,42587.0,847
1749020400,42597.0,42646.0,42575.0,42645.0,1147
1749024000,42651.0,42690.0,42642.0,42642.0,1868
1749027600,42646.0,42669.0,42640.0,42649.0,938
1749031200,42648.0,42670.0,42635.0,42665.0,846
1749034800,42665.0,42674.0,42635.0,42661.0,842
1749038400,42671.0,42673.0,42546.0,42572.0,3522
1749042000,42579.0,42694.0,42572.0,42641.0,8310
1749045600,42611.0,42668.0,42546.0,42649.0,7697
1749049200,42651.0,42679.0,42579.0,42597.0,4923
1749052800,42606.0,42606.0,42541.0,42601.0,3346
1749056400,42603.0,42643.0,42600.0,42639.0,2527
1749060000,42651.0,42660.0,42565.0,42573.0,2854
1749063600,42571.0,42584.0,42502.0,42509.0,5304
1749067200,42485.0,42485.0,42470.0,42472.0,3846
1749074400,42474.0,42502.0,42456.0,42475.0,0
1749078000,42475.0,42481.0,42455.0,42463.0,241
1749081600,42462.0,42506.0,42462.0,42481.0,337
1749085200,42481.0,42495.0,42466.0,42490.0,307
1749088800,42490.0,42490.0,42456.0,42472.0,278
1749092400,42471.0,42483.0,42463.0,42481.0,217
1749096000,42477.0,42498.0,42476.0,42498.0,153
1749099600,42496.0,42498.0,42474.0,42481.0,421
1749103200,42485.0,42491.0,42469.0,42478.0,380
1749106800,42494.0,42578.0,42494.0,42573.0,1556
1749110400,42570.0,42608.0,42560.0,42572.0,1812
1749114000,42567.0,42579.0,42534.0,42534.0,854
1749117600,42552.0,42561.0,42512.0,42525.0,805
1749121200,42529.0,42535.0,42499.0,42522.0,806
1749124800,42511.0,42628.0,42461.0,42621.0,4777
1749128400,42592.0,42607.0,42296.0,42317.0,13720
1749132000,42317.0,42563.0,42314.0,42533.0,15944
1749135600,42537.0,42645.0,42530.0,42629.0,6551
1749139200,42632.0,42656.0,42438.0,42474.0,7346
1749142800,42454.0,42618.0,42446.0,42549.0,4819
1749146400,42549.0,42567.0,42366.0,42536.0,7275
1749150000,42537.0,42542.0,42265.0,42362.0,14211
1749153600,42392.0,42439.0,42383.0,42401.0,5223
1749160800,42372.0,42425.0,42360.0,42423.0,0
1749164400,42426.0,42450.0,42406.0,42428.0,779
1749168000,42428.0,42493.0,42428.0,42473.0,720
1749171600,42475.0,42506.0,42459.0,42478.0,542
1749175200,42478.0,42482.0,42460.0,42475.0,311
1749178800,42471.0,42498.0,42462.0,42492.0,395
1749182400,42487.0,42507.0,42479.0,42505.0,676
1749186000,42518.0,42535.0,42510.0,42519.0,608
1749189600,42521.0,42559.0,42501.0,42548.0,910
1749193200,42560.0,42573.0,42535.0,42541.0,1319
1749196800,42534.0,42549.0,42508.0,42530.0,1325
1749200400,42536.0,42541.0,42503.0,42520.0,717
1749204000,42510.0,42522.0,42479.0,42486.0,806
1749207600,42477.0,42506.0,42459.0,42502.0,1513
1749211200,42506.0,42686.0,42506.0,42674.0,5436
1749214800,42679.0,42970.0,42671.0,42929.0,16821
1749218400,42929.0,42938.0,42816.0,42819.0,8627
1749222000,42829.0,42885.0,42681.0,42713.0,11216
1749225600,42746.0,42783.0,42617.0,42674.0,5002
1749229200,42676.0,42744.0,42633.0,42737.0,3414
1749232800,42770.0,42843.0,42761.0,42804.0,5071
1749236400,42802.0,42852.0,42793.0,42823.0,5111
1749240000,42813.0,42840.0,42802.0,42834.0,2728
1749420000,42844.0,42871.0,42751.0,42765.0,894
1749423600,42761.0,42807.0,42752.0,42795.0,450
1749427200,42794.0,42808.0,42776.0,42782.0,514
1749430800,42774.0,42776.0,42750.0,42761.0,471
1749434400,42761.0,42776.0,42738.0,42756.0,512
1749438000,42748.0,42749.0,42719.0,42740.0,418
1749441600,42737.0,42750.0,42729.0,42746.0,312
1749445200,42752.0,42752.0,42728.0,42750.0,599
1749448800,42753.0,42801.0,42733.0,42800.0,1001
1749452400,42801.0,42839.0,42762.0,42839.0,1126
1749456000,42837.0,42867.0,42810.0,42862.0,1265
1749459600,42861.0,42869.0,42827.0,42829.0,662
1749463200,42829.0,42845.0,42810.0,42824.0,596
1749466800,42823.0,42885.0,42822.0,42861.0,1848
1749470400,42861.0,42869.0,42836.0,42839.0,1207
1749474000,42836.0,42855.0,42676.0,42679.0,9916
1749477600,42683.0,42731.0,42600.0,42683.0,9645
1749481200,42687.0,42786.0,42676.0,42768.0,5601
1749484800,42763.0,42870.0,42740.0,42836.0,4751
1749488400,42835.0,42921.0,42832.0,42898.0,3695
1749492000,42895.0,42929.0,42874.0,42896.0,2968
1749495600,42898.0,42905.0,42822.0,42823.0,4537
1749499200,42792.0,42809.0,42779.0,42809.0,0
1749506400,42806.0,42833.0,42806.0,42812.0,416
1749510000,42812.0,42819.0,42796.0,42811.0,266
1749513600,42811.0,42849.0,42777.0,42837.0,705
1749517200,42840.0,42954.0,42836.0,42929.0,1710
1749520800,42928.0,42960.0,42902.0,42945.0,717
1749524400,42945.0,42952.0,42920.0,42920.0,386
1749528000,42923.0,42930.0,42893.0,42895.0,351
1749531600,42894.0,42910.0,42700.0,42798.0,2497
1749535200,42800.0,42814.0,42765.0,42779.0,1044
1749538800,42777.0,42802.0,42673.0,42754.0,1866
1749542400,42756.0,42762.0,42681.0,42743.0,1308
1749546000,42745.0,42765.0,42730.0,42753.0,647
1749549600,42758.0,42791.0,42758.0,42789.0,578
1749553200,42789.0,42808.0,42748.0,42808.0,1107
1749556800,42806.0,42827.0,42796.0,42803.0,1174
1749560400,42806.0,42842.0,42760.0,42788.0,7294
1749564000,42791.0,42871.0,42768.0,42841.0,4976
1749567600,42848.0,42860.0,42738.0,42823.0,5819
1749571200,42823.0,42921.0,42823.0,42917.0,3377
1749574800,42912.0,42968.0,42845.0,42853.0,3986
1749578400,42849.0,42908.0,42774.0,42883.0,6143
1749582000,42885.0,42951.0,42832.0,42915.0,8050
1749585600,42915.0,42917.0,42857.0,42881.0,2660
1749592800,42881.0,42917.0,42871.0,42908.0,0
1749596400,42906.0,42943.0,42821.0,42888.0,1282
1749600000,42886.0,42898.0,42830.0,42832.0,932
1749603600,42831.0,42847.0,42783.0,42810.0,740
1749607200,42810.0,42818.0,42794.0,42799.0,229
1749610800,42801.0,42814.0,42787.0,42812.0,251
1749614400,42812.0,42838.0,42787.0,42791.0,658
1749618000,42794.0,42825.0,42776.0,42807.0,690
1749621600,42809.0,42826.0,42792.0,42818.0,888
1749625200,42818.0,42849.0,42802.0,42839.0,1010
1749628800,42837.0,42883.0,42821.0,42862.0,1319
1749632400,42864.0,42867.0,42819.0,42821.0,654
1749636000,42821.0,42849.0,42805.0,42832.0,1139
1749639600,42832.0,42839.0,42754.0,42827.0,1421
1749643200,42828.0,43200.0,42755.0,42966.0,9714
1749646800,42968.0,42990.0,42836.0,42972.0,12244
1749650400,42970.0,43093.0,42923.0,43072.0,7351
1749654000,43061.0,43088.0,43001.0,43045.0,6355
1749657600,43046.0,43066.0,42956.0,43050.0,4884
1749661200,43052.0,43159.0,43017.0,43028.0,6042
1749664800,43025.0,43043.0,42766.0,42879.0,12993
1749668400,42877.0,42921.0,42801.0,42908.0,8663
1749672000,42908.0,42922.0,42878.0,42898.0,3124
1749679200,42874.0,42915.0,42823.0,42838.0,0
1749682800,42836.0,42876.0,42820.0,42842.0,543
1749686400,42844.0,42854.0,42751.0,42767.0,1476
1749690000,42768.0,42806.0,42688.0,42742.0,1026
1749693600,42743.0,42753.0,42716.0,42728.0,522
1749697200,42727.0,42780.0,42724.0,42760.0,443
1749700800,42753.0,42780.0,42746.0,42778.0,300
1749704400,42775.0,42791.0,42744.0,42777.0,676
1749708000,42772.0,42812.0,42746.0,42812.0,1182
1749711600,42810.0,42846.0,42676.0,42694.0,2155
1749715200,42690.0,42715.0,42632.0,42690.0,2771
1749718800,42690.0,42707.0,42623.0,42623.0,1906
1749722400,42622.0,42660.0,42595.0,42635.0,1924
1749726000,42634.0,42661.0,42586.0,42603.0,2314
1749729600,42605.0,42765.0,42604.0,42762.0,2909
1749733200,42760.0,42809.0,42637.0,42742.0,9777
1749736800,42751.0,42931.0,42725.0,42875.0,8940
1749740400,42875.0,42935.0,42804.0,42877.0,7633
1749744000,42879.0,42950.0,42828.0,42902.0,7517
1749747600,42900.0,42981.0,42900.0,42961.0,3176
1749751200,42961.0,42990.0,42920.0,42985.0,2651
1749754800,42982.0,43001.0,42922.0,42998.0,7879
1749758400,42990.0,42998.0,42939.0,42943.0,3039
1749765600,42954.0,42954.0,42892.0,42922.0,0
1749769200,42921.0,42925.0,42770.0,42774.0,1622
1749772800,42775.0,42781.0,42365.0,42430.0,9688
1749776400,42428.0,42456.0,42278.0,42452.0,3987
1749780000,42451.0,42452.0,42199.0,42338.0,4386
1749783600,42336.0,42424.0,42304.0,42411.0,2312
1749787200,42413.0,42414.0,42320.0,42373.0,1662
1749790800,42373.0,42433.0,42343.0,42430.0,2090
1749794400,42435.0,42489.0,42378.0,42486.0,3876
1749798000,42483.0,42518.0,42411.0,42499.0,3489
1749801600,42499.0,42541.0,42448.0,42477.0,3923
1749805200,42478.0,42532.0,42422.0,42482.0,3732
1749808800,42483.0,42539.0,42450.0,42531.0,2572
1749812400,42529.0,42588.0,42518.0,42575.0,2512
1749816000,42575.0,42615.0,42544.0,42546.0,2523
1749819600,42547.0,42598.0,42356.0,42361.0,14923
1749823200,42374.0,42441.0,42264.0,42431.0,16292
1749826800,42434.0,42624.0,42408.0,42577.0,11539
1749830400,42574.0,42606.0,42458.0,42508.0,6530
1749834000,42504.0,42513.0,42338.0,42370.0,8739
1749837600,42369.0,42405.0,42090.0,42191.0,12199
1749841200,42192.0,42225.0,42099.0,42214.0,13363
1749844800,42218.0,42235.0,42172.0,42175.0,4640
1750024800,42024.0,42218.0,41920.0,42176.0,773
1750028400,42174.0,42255.0,42152.0,42238.0,224
1750032000,42240.0,42257.0,42212.0,42255.0,332
1750035600,42259.0,42267.0,42233.0,42251.0,202
1750039200,42238.0,42285.0,42231.0,42262.0,280
1750042800,42262.0,42266.0,42227.0,42231.0,166
1750046400,42229.0,42239.0,42223.0,42229.0,227
1750050000,42230.0,42296.0,42230.0,42278.0,211
1750053600,42280.0,42361.0,42274.0,42354.0,705
1750057200,42353.0,42445.0,42353.0,42432.0,927
1750060800,42426.0,42426.0,42348.0,42400.0,1114
1750064400,42402.0,42408.0,42339.0,42354.0,446
1750068000,42352.0,42410.0,42344.0,42410.0,609
1750071600,42406.0,42459.0,42369.0,42449.0,1563
1750075200,42449.0,42502.0,42444.0,42474.0,1950
1750078800,42474.0,42665.0,42415.0,42642.0,8750
1750082400,42652.0,42746.0,42641.0,42700.0,13837
1750086000,42700.0,42701.0,42575.0,42594.0,8538
1750089600,42592.0,42646.0,42565.0,42578.0,5361
1750093200,42595.0,42652.0,42537.0,42547.0,5649
1750096800,42553.0,42579.0,42500.0,42540.0,6518
1750100400,42540.0,42555.0,42475.0,42552.0,8797
1750104000,42552.0,42592.0,42545.0,42552.0,1346
1750111200,42551.0,42576.0,42403.0,42431.0,0
1750114800,42433.0,42478.0,42300.0,42300.0,461
1750118400,42301.0,42410.0,42292.0,42403.0,339
1750122000,42408.0,42428.0,42345.0,42386.0,160
1750125600,42380.0,42448.0,42317.0,42441.0,290
1750129200,42437.0,42437.0,42361.0,42406.0,125
1750132800,42399.0,42417.0,42365.0,42383.0,236
1750136400,42381.0,42397.0,42355.0,42385.0,159
1750140000,42390.0,42424.0,42335.0,42347.0,543
1750143600,42346.0,42380.0,42210.0,42266.0,1548
1750147200,42255.0,42336.0,42255.0,42305.0,561
1750150800,42311.0,42340.0,42244.0,42280.0,705
1750154400,42277.0,42320.0,42228.0,42293.0,978
1750158000,42301.0,42365.0,42301.0,42365.0,698
1750161600,42386.0,42389.0,42290.0,42308.0,3498
1750165200,42307.0,42439.0,42285.0,42424.0,8122
1750168800,42437.0,42521.0,42415.0,42462.0,5133
1750172400,42454.0,42561.0,42423.0,42465.0,4946
1750176000,42461.0,42520.0,42385.0,42403.0,4547
1750179600,42400.0,42441.0,42237.0,42268.0,7750
1750183200,42263.0,42268.0,42152.0,42234.0,3406
1750186800,42234.0,42271.0,42186.0,42228.0,6539
1750190400,42229.0,42255.0,42212.0,42228.0,0
1750197600,42197.0,42228.0,42098.0,42099.0,468
1750201200,42107.0,42157.0,42096.0,42120.0,287
1750204800,42131.0,42252.0,42131.0,42234.0,565
1750208400,42246.0,42265.0,42225.0,42232.0,109
1750212000,42232.0,42278.0,42231.0,42251.0,60
1750215600,42235.0,42247.0,42227.0,42235.0,306
1750219200,42238.0,42250.0,42210.0,42238.0,291
1750222800,42238.0,42264.0,42237.0,42248.0,48
1750226400,42249.0,42330.0,42245.0,42276.0,638
1750230000,42290.0,42326.0,42280.0,42297.0,551
1750233600,42280.0,42308.0,42251.0,42292.0,342
1750237200,42295.0,42345.0,42295.0,42317.0,359
1750240800,42313.0,42313.0,42188.0,42194.0,491
1750244400,42190.0,42301.0,42174.0,42270.0,549
1750248000,42260.0,42291.0,42229.0,42231.0,582
1750251600,42232.0,42350.0,42194.0,42335.0,3138
1750255200,42327.0,42531.0,42326.0,42501.0,7070
1750258800,42497.0,42497.0,42356.0,42365.0,2178
1750262400,42358.0,42422.0,42317.0,42333.0,1372
1750266000,42326.0,42387.0,42281.0,42384.0,1470
1750269600,42423.0,42448.0,42171.0,42199.0,3116
1750273200,42201.0,42281.0,42126.0,42177.0,1814
1750276800,42226.0,42235.0,42191.0,42196.0,674
1750284000,42187.0,42189.0,42124.0,42140.0,0
1750287600,42170.0,42183.0,42151.0,42174.0,21
1750291200,42170.0,42176.0,42050.0,42116.0,101
1750294800,42116.0,42118.0,41989.0,42069.0,222
1750298400,42059.0,42116.0,42058.0,42097.0,310
1750302000,42101.0,42142.0,42096.0,42141.0,88
1750305600,42148.0,42148.0,42115.0,42131.0,112
1750309200,42126.0,42131.0,42052.0,42052.0,180
1750312800,42062.0,42086.0,42025.0,42086.0,75
1750316400,42070.0,42070.0,41958.0,41958.0,81
1750320000,41968.0,42054.0,41964.0,42019.0,69
1750323600,42035.0,42041.0,42024.0,42024.0,15
1750327200,42024.0,42063.0,41992.0,42063.0,88
1750330800,42005.0,42005.0,41968.0,41987.0,51
1750334400,41985.0,41995.0,41899.0,41923.0,62
1750338000,41907.0,41938.0,41777.0,41819.0,173
1750341600,41818.0,41872.0,41817.0,41855.0,93
1750345200,41865.0,41865.0,41784.0,41784.0,123
1750348800,41807.0,41862.0,41795.0,41795.0,0
1750370400,41890.0,42062.0,41835.0,42039.0,2279
1750374000,42036.0,42050.0,42019.0,42036.0,12
1750377600,42055.0,42086.0,42052.0,42060.0,30
1750381200,42037.0,42037.0,41979.0,42008.0,75
1750384800,42007.0,42052.0,42006.0,42050.0,14
1750388400,42040.0,42045.0,42040.0,42045.0,4
1750392000,42077.0,42090.0,42076.0,42089.0,15
1750395600,42095.0,42105.0,42060.0,42105.0,19
1750399200,42122.0,42135.0,42036.0,42088.0,34
1750402800,42081.0,42126.0,42081.0,42126.0,19
1750406400,42176.0,42189.0,42069.0,42069.0,75
1750410000,42079.0,42141.0,42079.0,42141.0,16
1750413600,42146.0,42146.0,42100.0,42100.0,66
1750417200,42121.0,42286.0,42115.0,42237.0,209
1750420800,42212.0,42338.0,42210.0,42309.0,121
1750424400,42337.0,42376.0,42248.0,42324.0,0
1750449600,42572.0,42572.0,42572.0,42572.0,108860
1750629600,42262.0,42453.0,42096.0,42404.0,1376
1750633200,42398.0,42406.0,42351.0,42389.0,728
1750636800,42387.0,42394.0,42324.0,42345.0,1406
1750640400,42342.0,42372.0,42326.0,42363.0,741
1750644000,42363.0,42388.0,42356.0,42375.0,475
1750647600,42374.0,42394.0,42370.0,42380.0,319
1750651200,42383.0,42396.0,42371.0,42378.0,554
1750654800,42379.0,42441.0,42377.0,42423.0,872
1750658400,42424.0,42447.0,42390.0,42415.0,1519
1750662000,42417.0,42555.0,42413.0,42544.0,3025
1750665600,42544.0,42610.0,42522.0,42569.0,2531
1750669200,42572.0,42583.0,42523.0,42555.0,1950
1750672800,42552.0,42588.0,42499.0,42502.0,2135
1750676400,42505.0,42511.0,42382.0,42438.0,2802
1750680000,42447.0,42540.0,42428.0,42534.0,2498
1750683600,42543.0,42656.0,42432.0,42653.0,11040
1750687200,42656.0,42745.0,42566.0,42567.0,11403
1750690800,42629.0,42652.0,42500.0,42536.0,6457
1750694400,42536.0,42558.0,42284.0,42385.0,17253
1750698000,42387.0,42835.0,42362.0,42798.0,16148
1750701600,42800.0,42846.0,42722.0,42796.0,9039
1750705200,42794.0,42932.0,42789.0,42903.0,8897
1750708800,42901.0,42922.0,42884.0,42914.0,2416
1750716000,42902.0,43080.0,42896.0,43045.0,0
1750719600,43049.0,43110.0,43038.0,43087.0,1053
1750723200,43085.0,43116.0,43037.0,43098.0,1599
1750726800,43096.0,43144.0,43071.0,43140.0,719
1750730400,43138.0,43138.0,43073.0,43089.0,775
1750734000,43088.0,43125.0,43085.0,43123.0,353
1750737600,43119.0,43125.0,43084.0,43117.0,478
1750741200,43115.0,43211.0,43112.0,43195.0,1170
1750744800,43197.0,43309.0,43195.0,43296.0,2302
1750748400,43306.0,43333.0,43138.0,43230.0,3700
1750752000,43223.0,43232.0,43140.0,43203.0,3448
1750755600,43207.0,43259.0,43194.0,43213.0,928
1750759200,43210.0,43231.0,43170.0,43196.0,1558
1750762800,43195.0,43210.0,43134.0,43180.0,2428
1750766400,43179.0,43198.0,43119.0,43174.0,2268
1750770000,43172.0,43304.0,43143.0,43163.0,10947
1750773600,43160.0,43278.0,43135.0,43274.0,8614
1750777200,43285.0,43365.0,43254.0,43345.0,7149
1750780800,43345.0,43443.0,43321.0,43396.0,6507
1750784400,43396.0,43438.0,43358.0,43421.0,4819
1750788000,43421.0,43444.0,43404.0,43441.0,3183
1750791600,43443.0,43514.0,43410.0,43413.0,8479
1750795200,43414.0,43431.0,43401.0,43403.0,2266
1750802400,43419.0,43419.0,43370.0,43394.0,0
1750806000,43395.0,43424.0,43374.0,43416.0,615
1750809600,43417.0,43447.0,43410.0,43440.0,627
1750813200,43436.0,43436.0,43404.0,43408.0,409
1750816800,43411.0,43419.0,43400.0,43410.0,148
1750820400,43411.0,43437.0,43410.0,43424.0,251
1750824000,43423.0,43449.0,43423.0,43448.0,181
1750827600,43447.0,43457.0,43441.0,43454.0,341
1750831200,43454.0,43467.0,43420.0,43422.0,794
1750834800,43422.0,43457.0,43419.0,43433.0,975
1750838400,43432.0,43438.0,43378.0,43435.0,3055
1750842000,43437.0,43450.0,43389.0,43397.0,1030
1750845600,43398.0,43405.0,43374.0,43391.0,1190
1750849200,43393.0,43438.0,43373.0,43427.0,1132
1750852800,43428.0,43438.0,43411.0,43426.0,1312
1750856400,43426.0,43428.0,43322.0,43381.0,10181
1750860000,43383.0,43397.0,43310.0,43353.0,7613
1750863600,43336.0,43343.0,43276.0,43310.0,4788
1750867200,43306.0,43360.0,43261.0,43265.0,4441
1750870800,43264.0,43283.0,43175.0,43230.0,5286
1750874400,43228.0,43246.0,43194.0,43238.0,3639
1750878000,43240.0,43320.0,43235.0,43309.0,8671
1750881600,43309.0,43316.0,43259.0,43291.0,2850
1750888800,43292.0,43325.0,43276.0,43306.0,0
1750892400,43305.0,43318.0,43272.0,43312.0,533
1750896000,43313.0,43333.0,43296.0,43313.0,438
1750899600,43314.0,43316.0,43286.0,43300.0,206
1750903200,43302.0,43331.0,43301.0,43320.0,220
1750906800,43323.0,43349.0,43323.0,43339.0,280
1750910400,43341.0,43351.0,43324.0,43346.0,349
1750914000,43346.0,43360.0,43337.0,43358.0,293
1750917600,43359.0,43398.0,43355.0,43380.0,957
1750921200,43383.0,43423.0,43376.0,43379.0,1065
1750924800,43377.0,43430.0,43375.0,43411.0,1413
1750928400,43403.0,43406.0,43384.0,43390.0,911
1750932000,43392.0,43434.0,43387.0,43402.0,863
1750935600,43402.0,43435.0,43399.0,43414.0,1117
1750939200,43415.0,43416.0,43351.0,43409.0,1827
1750942800,43413.0,43556.0,43391.0,43477.0,11722
1750946400,43496.0,43602.0,43424.0,43584.0,8979
1750950000,43593.0,43616.0,43555.0,43578.0,5535
1750953600,43578.0,43672.0,43575.0,43646.0,4466
1750957200,43648.0,43704.0,43623.0,43658.0,4238
1750960800,43659.0,43722.0,43647.0,43686.0,4406
1750964400,43684.0,43752.0,43664.0,43725.0,8393
1750968000,43723.0,43730.0,43687.0,43724.0,3080
1750975200,43761.0,43813.0,43743.0,43787.0,0
1750978800,43789.0,43794.0,43758.0,43769.0,414
1750982400,43768.0,43787.0,43764.0,43764.0,365
1750986000,43765.0,43788.0,43754.0,43778.0,433
1750989600,43772.0,43799.0,43770.0,43797.0,300
1750993200,43800.0,43810.0,43794.0,43795.0,263
1750996800,43800.0,43801.0,43778.0,43778.0,287
1751000400,43779.0,43813.0,43779.0,43813.0,371
1751004000,43807.0,43881.0,43801.0,43862.0,1541
1751007600,43860.0,43871.0,43841.0,43861.0,856
1751011200,43855.0,43858.0,43815.0,43835.0,1239
1751014800,43835.0,43838.0,43810.0,43819.0,574
1751018400,43826.0,43833.0,43811.0,43830.0,724
1751022000,43832.0,43876.0,43832.0,43866.0,1258
1751025600,43889.0,43890.0,43840.0,43855.0,2273
1751029200,43848.0,43983.0,43825.0,43956.0,9869
1751032800,43957.0,44091.0,43957.0,44058.0,10344
1751036400,44059.0,44203.0,44059.0,44192.0,7037
1751040000,44190.0,44287.0,44182.0,44230.0,6906
1751043600,44227.0,44227.0,44020.0,44068.0,9039
1751047200,44067.0,44091.0,43875.0,43907.0,11079
1751050800,43908.0,44138.0,43892.0,44138.0,8555
1751054400,44111.0,44265.0,44077.0,44241.0,9027
1751234400,44258.0,44351.0,44250.0,44327.0,1252
1751238000,44331.0,44360.0,44324.0,44325.0,561
1751241600,44311.0,44346.0,44305.0,44343.0,718
1751245200,44342.0,44353.0,44327.0,44334.0,717
1751248800,44347.0,44384.0,44342.0,44366.0,670
1751252400,44370.0,44383.0,44361.0,44371.0,383
1751256000,44372.0,44381.0,44366.0,44368.0,259
1751259600,44364.0,44408.0,44364.0,44404.0,540
1751263200,44413.0,44433.0,44388.0,44411.0,1038
1751266800,44412.0,44412.0,44357.0,44365.0,1265
1751270400,44363.0,44374.0,44344.0,44347.0,2206
1751274000,44347.0,44356.0,44306.0,44323.0,1294
1751277600,44322.0,44348.0,44321.0,44339.0,800
1751281200,44338.0,44387.0,44338.0,44363.0,1797
1751284800,44361.0,44385.0,44315.0,44347.0,1695
1751288400,44347.0,44381.0,44265.0,44323.0,11120
1751292000,44288.0,44298.0,44218.0,44229.0,7674
1751295600,44232.0,44370.0,44197.0,44302.0,5972
1751299200,44302.0,44332.0,44256.0,44296.0,3927
1751302800,44300.0,44319.0,44186.0,44246.0,4815
1751306400,44243.0,44308.0,44220.0,44308.0,5207
1751310000,44309.0,44440.0,44293.0,44376.0,11864
1751313600,44375.0,44397.0,44334.0,44342.0,3306
1751320800,44348.0,44368.0,44324.0,44334.0,0
1751324400,44336.0,44381.0,44328.0,44378.0,640
1751328000,44381.0,44432.0,44380.0,44415.0,889
1751331600,44428.0,44432.0,44410.0,44429.0,484
1751335200,44417.0,44424.0,44362.0,44363.0,374
1751338800,44360.0,44374.0,44348.0,44351.0,340
1751342400,44350.0,44372.0,44332.0,44336.0,449
1751346000,44335.0,44364.0,44326.0,44345.0,684
1751349600,44343.0,44357.0,44325.0,44347.0,845
1751353200,44347.0,44401.0,44322.0,44359.0,1334
1751356800,44363.0,44375.0,44328.0,44354.0,1230
1751360400,44362.0,44365.0,44319.0,44354.0,798
1751364000,44362.0,44370.0,44330.0,44342.0,1113
1751367600,44346.0,44361.0,44343.0,44346.0,790
1751371200,44362.0,44365.0,44285.0,44343.0,2442
1751374800,44342.0,44532.0,44306.0,44490.0,11738
1751378400,44479.0,44680.0,44475.0,44659.0,12160
1751382000,44660.0,44855.0,44653.0,44826.0,12487
1751385600,44831.0,44916.0,44735.0,44737.0,9718
1751389200,44734.0,44880.0,44717.0,44872.0,5879
1751392800,44876.0,44897.0,44806.0,44873.0,4441
1751396400,44871.0,44903.0,44792.0,44812.0,11970
1751400000,44813.0,44832.0,44793.0,44825.0,3689
1751407200,44809.0,44833.0,44788.0,44832.0,0
1751410800,44830.0,44835.0,44810.0,44823.0,342
1751414400,44822.0,44841.0,44820.0,44826.0,456
1751418000,44826.0,44830.0,44793.0,44797.0,424
1751421600,44792.0,44859.0,44779.0,44857.0,951
1751425200,44858.0,44878.0,44858.0,44867.0,588
1751428800,44871.0,44924.0,44868.0,44902.0,860
1751432400,44898.0,44898.0,44871.0,44890.0,347
1751436000,44892.0,44955.0,44887.0,44946.0,1312
1751439600,44951.0,44957.0,44860.0,44873.0,1869
1751443200,44863.0,44890.0,44838.0,44853.0,2529
1751446800,44858.0,44881.0,44851.0,44877.0,801
1751450400,44877.0,44905.0,44860.0,44890.0,1060
1751454000,44890.0,44921.0,44844.0,44863.0,1475
1751457600,44862.0,44877.0,44775.0,44787.0,3733
1751461200,44788.0,44794.0,44654.0,44681.0,11960
1751464800,44704.0,44777.0,44647.0,44744.0,11616
1751468400,44748.0,44848.0,44710.0,44789.0,6142
1751472000,44788.0,44796.0,44735.0,44760.0,4036
1751475600,44748.0,44766.0,44729.0,44745.0,2796
1751479200,44736.0,44785.0,44728.0,44761.0,2811
1751482800,44767.0,44791.0,44759.0,44779.0,4914
1751486400,44781.0,44804.0,44755.0,44792.0,3370
1751493600,44785.0,44804.0,44772.0,44793.0,0
1751497200,44796.0,44811.0,44794.0,44807.0,312
1751500800,44810.0,44823.0,44796.0,44799.0,502
1751504400,44797.0,44808.0,44784.0,44792.0,308
1751508000,44792.0,44792.0,44751.0,44787.0,347
1751511600,44784.0,44830.0,44784.0,44802.0,445
1751515200,44805.0,44822.0,44804.0,44811.0,177
1751518800,44807.0,44820.0,44798.0,44820.0,230
1751522400,44818.0,44838.0,44803.0,44821.0,525
1751526000,44819.0,44842.0,44802.0,44807.0,761
1751529600,44805.0,44805.0,44763.0,44763.0,1105
1751533200,44762.0,44808.0,44762.0,44803.0,656
1751536800,44801.0,44818.0,44784.0,44818.0,613
1751540400,44818.0,44831.0,44800.0,44809.0,668
1751544000,44829.0,44928.0,44810.0,44823.0,3358
1751549400,44824.0,45048.0,44820.0,45019.0,9680
1751553000,45066.0,45165.0,45043.0,45139.0,9237
1751556600,45123.0,45165.0,45070.0,45132.0,5426
1751560200,45130.0,45169.0,45085.0,45123.0,5283
1751562000,45089.0,45134.0,45089.0,45098.0,0
1751580000,45098.0,45098.0,45098.0,45098.0,0
1751583600,45098.0,45098.0,45098.0,45098.0,0
1751601600,44987.0,44994.0,44959.0,44971.0,2367
1751605200,44970.0,45001.0,44960.0,44999.0,348
1751608800,44999.0,44999.0,44963.0,44964.0,892
1751612400,44973.0,44973.0,44867.0,44869.0,1229
1751616000,44870.0,44890.0,44826.0,44856.0,1000
1751619600,44854.0,44887.0,44843.0,44876.0,1188
1751623200,44876.0,44879.0,44785.0,44822.0,754
1751626800,44817.0,44871.0,44814.0,44864.0,1159
1751630400,44864.0,44877.0,44841.0,44867.0,461
1751634000,44863.0,44902.0,44845.0,44882.0,1796
1751637600,44901.0,44920.0,44874.0,44900.0,1404
1751641200,44902.0,44915.0,44850.0,44858.0,990
1751644800,44866.0,44893.0,44837.0,44847.0,1103
1751839200,44989.0,45039.0,44949.0,44954.0,471
1751842800,44959.0,44993.0,44954.0,44960.0,395
1751846400,44953.0,45013.0,44952.0,45001.0,840
1751850000,44994.0,45006.0,44949.0,44972.0,1039
1751853600,44963.0,44982.0,44946.0,44963.0,473
1751857200,44949.0,44977.0,44921.0,44970.0,407
1751860800,44973.0,45000.0,44950.0,44957.0,251
1751864400,44954.0,44982.0,44947.0,44965.0,493
1751868000,44973.0,44975.0,44935.0,44956.0,738
1751871600,44957.0,44980.0,44938.0,44971.0,794
1751875200,44972.0,45052.0,44970.0,45007.0,1784
1751878800,45009.0,45098.0,45000.0,45098.0,1096
1751882400,45105.0,45117.0,45064.0,45064.0,1434
1751886000,45064.0,45110.0,45064.0,45105.0,1212
1751889600,45102.0,45131.0,45021.0,45032.0,2363
1751893200,45034.0,45073.0,44972.0,45043.0,9862
1751896800,45018.0,45024.0,44860.0,44874.0,7679
1751900400,44872.0,44881.0,44712.0,44764.0,6765
1751904000,44767.0,44801.0,44548.0,44582.0,11180
1751907600,44581.0,44701.0,44558.0,44583.0,6809
1751911200,44608.0,44624.0,44428.0,44612.0,7832
1751914800,44624.0,44692.0,44558.0,44679.0,10033
1751918400,44678.0,44680.0,44543.0,44569.0,3450
1751925600,44550.0,44590.0,44509.0,44558.0,0
1751929200,44555.0,44601.0,44548.0,44599.0,619
1751932800,44598.0,44632.0,44576.0,44631.0,760
1751936400,44620.0,44646.0,44600.0,44609.0,787
1751940000,44611.0,44655.0,44611.0,44653.0,336
1751943600,44652.0,44652.0,44623.0,44633.0,342
1751947200,44628.0,44658.0,44628.0,44636.0,308
1751950800,44638.0,44676.0,44631.0,44675.0,304
1751954400,44671.0,44689.0,44658.0,44679.0,674
1751958000,44677.0,44713.0,44649.0,44704.0,887
1751961600,44702.0,44702.0,44616.0,44636.0,1868
1751965200,44633.0,44646.0,44601.0,44614.0,681
1751968800,44608.0,44651.0,44596.0,44631.0,1117
1751972400,44632.0,44684.0,44629.0,44661.0,1715
1751976000,44647.0,44650.0,44602.0,44617.0,2500
1751979600,44627.0,44697.0,44552.0,44658.0,9462
1751983200,44611.0,44644.0,44487.0,44518.0,12997
1751986800,44532.0,44632.0,44513.0,44610.0,6362
1751990400,44611.0,44654.0,44527.0,44539.0,8668
1751994000,44545.0,44575.0,44472.0,44563.0,5524
1751997600,44559.0,44571.0,44504.0,44529.0,3048
1752001200,44531.0,44564.0,44483.0,44512.0,3467
1752004800,44498.0,44527.0,44494.0,44508.0,4085
1752012000,44506.0,44534.0,44496.0,44505.0,0
1752015600,44508.0,44528.0,44484.0,44484.0,368
1752019200,44464.0,44468.0,44433.0,44454.0,603
1752022800,44452.0,44484.0,44442.0,44481.0,466
1752026400,44483.0,44494.0,44474.0,44477.0,291
1752030000,44480.0,44483.0,44462.0,44463.0,171
1752033600,44463.0,44492.0,44456.0,44482.0,202
1752037200,44480.0,44482.0,44448.0,44466.0,256
1752040800,44460.0,44521.0,44439.0,44517.0,1184
1752044400,44513.0,44542.0,44479.0,44534.0,821
1752048000,44531.0,44555.0,44522.0,44534.0,949
1752051600,44535.0,44611.0,44535.0,44576.0,1825
1752055200,44575.0,44593.0,44554.0,44583.0,864
1752058800,44584.0,44643.0,44579.0,44629.0,1230
1752062400,44627.0,44679.0,44607.0,44668.0,2246
1752066000,44661.0,44827.0,44654.0,44762.0,12513
1752069600,44712.0,44738.0,44524.0,44528.0,12946
1752073200,44557.0,44628.0,44491.0,44578.0,6775
1752076800,44574.0,44610.0,44525.0,44563.0,2743
1752080400,44564.0,44672.0,44542.0,44636.0,5021
1752084000,44633.0,44715.0,44631.0,44701.0,4102
1752087600,44700.0,44744.0,44662.0,44716.0,5579
1752091200,44716.0,44753.0,44696.0,44729.0,2614
1752098400,44728.0,44764.0,44724.0,44750.0,0
1752102000,44747.0,44747.0,44699.0,44706.0,347
1752105600,44688.0,44688.0,44650.0,44653.0,644
1752109200,44657.0,44665.0,44623.0,44631.0,494
1752112800,44639.0,44667.0,44639.0,44658.0,313
1752116400,44651.0,44651.0,44596.0,44609.0,783
1752120000,44608.0,44611.0,44595.0,44605.0,162
1752123600,44606.0,44621.0,44601.0,44621.0,294
1752127200,44626.0,44629.0,44577.0,44584.0,688
1752130800,44589.0,44612.0,44580.0,44595.0,778
1752134400,44595.0,44642.0,44592.0,44618.0,991
1752138000,44618.0,44640.0,44604.0,44636.0,519
1752141600,44631.0,44657.0,44628.0,44655.0,589
1752145200,44655.0,44722.0,44655.0,44707.0,1363
1752148800,44709.0,44709.0,44630.0,44650.0,1693
1752152400,44650.0,44762.0,44624.0,44762.0,7875
1752156000,44757.0,44924.0,44747.0,44923.0,11966
1752159600,44924.0,45005.0,44924.0,44938.0,7127
1752163200,44927.0,44990.0,44927.0,44959.0,4131
1752166800,44962.0,45038.0,44955.0,45012.0,3547
1752170400,45013.0,45043.0,44949.0,44967.0,3255
1752174000,44966.0,44997.0,44882.0,44907.0,6770
1752177600,44906.0,44908.0,44865.0,44865.0,2442
1752184800,44876.0,44921.0,44873.0,44915.0,0
1752188400,44923.0,44941.0,44907.0,44941.0,645
1752192000,44938.0,44938.0,44655.0,44689.0,5358
1752195600,44683.0,44728.0,44665.0,44696.0,1155
1752199200,44713.0,44742.0,44705.0,44729.0,905
1752202800,44730.0,44776.0,44730.0,44770.0,1508
1752206400,44770.0,44805.0,44743.0,44786.0,1722
1752210000,44784.0,44794.0,44723.0,44727.0,1375
1752213600,44724.0,44774.0,44720.0,44759.0,2638
1752217200,44756.0,44768.0,44637.0,44637.0,2609
1752220800,44638.0,44685.0,44633.0,44670.0,2561
1752224400,44677.0,44685.0,44576.0,44586.0,1298
1752228000,44584.0,44618.0,44545.0,44580.0,1648
1752231600,44579.0,44679.0,44579.0,44646.0,1764
1752235200,44643.0,44652.0,44603.0,44636.0,1701
1752238800,44635.0,44661.0,44508.0,44622.0,12436
1752242400,44626.0,44680.0,44608.0,44645.0,7589
1752246000,44643.0,44645.0,44539.0,44559.0,7239
1752249600,44560.0,44602.0,44510.0,44599.0,4393
1752253200,44600.0,44635.0,44576.0,44632.0,3804
1752256800,44631.0,44651.0,44569.0,44636.0,4291
1752260400,44630.0,44653.0,44551.0,44596.0,8195
1752264000,44596.0,44601.0,44549.0,44566.0,2850
1752465600,44401.0,44413.0,44401.0,44403.0,0
1752469200,44400.0,44430.0,44347.0,44355.0,739
1752472800,44352.0,44382.0,44324.0,44356.0,1040
1752476400,44359.0,44462.0,44325.0,44456.0,1811
1752480000,44453.0,44454.0,44393.0,44434.0,1835
1752483600,44438.0,44482.0,44435.0,44465.0,1006
1752487200,44467.0,44483.0,44453.0,44478.0,702
1752490800,44477.0,44495.0,44453.0,44477.0,1829
1752494400,44470.0,44490.0,44458.0,44461.0,1131
1752498000,44448.0,44676.0,44437.0,44576.0,12283
1752501600,44576.0,44632.0,44522.0,44585.0,8596
1752505200,44582.0,44653.0,44530.0,44609.0,6857
1752508800,44610.0,44652.0,44562.0,44621.0,4031
1752512400,44619.0,44684.0,44619.0,44656.0,3159
1752516000,44654.0,44697.0,44645.0,44672.0,2600
1752519600,44671.0,44706.0,44643.0,44688.0,6043
1752523200,44689.0,44693.0,44659.0,44676.0,0
1752530400,44672.0,44672.0,44627.0,44632.0,466
1752534000,44629.0,44654.0,44620.0,44649.0,375
1752537600,44630.0,44666.0,44630.0,44638.0,467
1752541200,44628.0,44827.0,44625.0,44789.0,2039
1752544800,44767.0,44776.0,44639.0,44644.0,1755
1752548400,44650.0,44686.0,44631.0,44658.0,576
1752552000,44658.0,44702.0,44650.0,44697.0,517
1752555600,44696.0,44742.0,44692.0,44724.0,1118
1752559200,44724.0,44743.0,44695.0,44731.0,1174
1752562800,44731.0,44734.0,44690.0,44696.0,1055
1752566400,44663.0,44671.0,44602.0,44627.0,3217
1752570000,44627.0,44665.0,44625.0,44665.0,567
1752573600,44663.0,44732.0,44649.0,44680.0,2864
1752577200,44692.0,44715.0,44641.0,44669.0,2257
1752580800,44650.0,44698.0,44602.0,44659.0,3394
1752584400,44641.0,44743.0,44528.0,44540.0,14711
1752588000,44541.0,44569.0,44362.0,44372.0,14166
1752591600,44369.0,44474.0,44360.0,44416.0,8770
1752595200,44424.0,44447.0,44311.0,44311.0,6487
1752598800,44303.0,44386.0,44299.0,44363.0,5933
1752602400,44346.0,44389.0,44281.0,44287.0,4956
1752606000,44295.0,44350.0,44250.0,44259.0,8626
1752609600,44249.0,44254.0,44182.0,44190.0,7052
1752616800,44201.0,44203.0,44129.0,44153.0,0
1752620400,44148.0,44176.0,44125.0,44167.0,907
1752624000,44171.0,44186.0,44128.0,44183.0,755
1752627600,44183.0,44206.0,44177.0,44189.0,719
1752631200,44189.0,44191.0,44164.0,44175.0,276
1752634800,44178.0,44192.0,44168.0,44171.0,251
1752638400,44170.0,44196.0,44164.0,44173.0,267
1752642000,44177.0,44204.0,44144.0,44167.0,655
1752645600,44162.0,44168.0,44123.0,44134.0,796
1752649200,44154.0,44201.0,44096.0,44200.0,1726
1752652800,44193.0,44269.0,44193.0,44258.0,1799
1752656400,44262.0,44262.0,44230.0,44251.0,1080
1752660000,44256.0,44284.0,44243.0,44270.0,1625
1752663600,44269.0,44362.0,44258.0,44345.0,4404
1752667200,44346.0,44426.0,44324.0,44396.0,3787
1752670800,44395.0,44454.0,44266.0,44320.0,15250
1752674400,44292.0,44377.0,44248.0,44313.0,13162
1752678000,44287.0,44366.0,43980.0,44286.0,26517
1752681600,44286.0,44339.0,44218.0,44327.0,5936
1752685200,44346.0,44411.0,44343.0,44356.0,4904
1752688800,44354.0,44466.0,44341.0,44452.0,3325
1752692400,44459.0,44481.0,44424.0,44453.0,7322
1752696000,44450.0,44451.0,44412.0,44416.0,3904
1752703200,44431.0,44431.0,44374.0,44382.0,0
1752706800,44385.0,44397.0,44375.0,44388.0,711
1752710400,44387.0,44413.0,44373.0,44413.0,569
1752714000,44414.0,44416.0,44360.0,44374.0,621
1752717600,44372.0,44375.0,44358.0,44367.0,262
1752721200,44367.0,44385.0,44356.0,44383.0,299
1752724800,44385.0,44396.0,44377.0,44392.0,201
1752728400,44390.0,44440.0,44390.0,44424.0,804
1752732000,44425.0,44474.0,44423.0,44423.0,1269
1752735600,44426.0,44457.0,44409.0,44409.0,1138
1752739200,44409.0,44430.0,44389.0,44410.0,1951
1752742800,44412.0,44450.0,44412.0,44427.0,879
1752746400,44425.0,44440.0,44387.0,44405.0,2824
1752750000,44407.0,44407.0,44363.0,44381.0,2487
1752753600,44377.0,44475.0,44356.0,44468.0,2366
1752757200,44471.0,44700.0,44406.0,44603.0,14576
1752760800,44606.0,44686.0,44477.0,44537.0,13203
1752764400,44538.0,44674.0,44512.0,44667.0,7853
1752768000,44666.0,44688.0,44566.0,44598.0,5376
1752771600,44598.0,44679.0,44576.0,44664.0,3790
1752775200,44664.0,44760.0,44661.0,44742.0,4280
1752778800,44744.0,44773.0,44692.0,44725.0,9636
1752782400,44724.0,44746.0,44705.0,44724.0,2084
1752789600,44735.0,44746.0,44704.0,44738.0,0
1752793200,44737.0,44812.0,44737.0,44805.0,932
1752796800,44804.0,44822.0,44784.0,44785.0,466
1752800400,44789.0,44798.0,44766.0,44773.0,321
1752804000,44774.0,44818.0,44763.0,44808.0,382
1752807600,44807.0,44816.0,44793.0,44799.0,524
1752811200,44797.0,44810.0,44792.0,44806.0,225
1752814800,44808.0,44839.0,44807.0,44832.0,400
1752818400,44830.0,44852.0,44812.0,44850.0,948
1752822000,44852.0,44858.0,44769.0,44776.0,1039
1752825600,44771.0,44798.0,44766.0,44777.0,775
1752829200,44778.0,44795.0,44776.0,44778.0,853
1752832800,44776.0,44790.0,44721.0,44733.0,2041
1752836400,44734.0,44765.0,44708.0,44748.0,3077
1752840000,44748.0,44801.0,44748.0,44798.0,1381
1752843600,44798.0,44818.0,44573.0,44611.0,14956
1752847200,44610.0,44674.0,44475.0,44490.0,14216
1752850800,44495.0,44564.0,44489.0,44546.0,9017
1752854400,44547.0,44554.0,44423.0,44439.0,8013
1752858000,44435.0,44506.0,44433.0,44479.0,4828
1752861600,44480.0,44504.0,44438.0,44501.0,3291
1752865200,44504.0,44554.0,44485.0,44539.0,8302
1752868800,44540.0,44554.0,44516.0,44530.0,2074
1753048800,44513.0,44557.0,44510.0,44554.0,293
1753052400,44549.0,44600.0,44549.0,44600.0,638
1753056000,44604.0,44612.0,44596.0,44605.0,514
1753059600,44607.0,44607.0,44580.0,44583.0,632
1753063200,44580.0,44590.0,44568.0,44571.0,275
1753066800,44572.0,44584.0,44572.0,44578.0,167
1753070400,44572.0,44584.0,44572.0,44581.0,377
1753074000,44579.0,44584.0,44564.0,44567.0,197
1753077600,44569.0,44648.0,44563.0,44626.0,943
1753081200,44628.0,44674.0,44627.0,44636.0,1367
1753084800,44637.0,44676.0,44634.0,44668.0,1826
1753088400,44671.0,44677.0,44641.0,44646.0,795
1753092000,44648.0,44656.0,44616.0,44631.0,1184
1753095600,44634.0,44649.0,44623.0,44644.0,942
1753099200,44645.0,44645.0,44604.0,44604.0,1163
1753102800,44611.0,44689.0,44563.0,44687.0,12831
1753106400,44699.0,44735.0,44639.0,44713.0,10970
1753110000,44715.0,44808.0,44715.0,44801.0,6542
1753113600,44801.0,44809.0,44759.0,44789.0,5342
1753117200,44793.0,44809.0,44761.0,44768.0,3550
1753120800,44767.0,44781.0,44683.0,44711.0,3870
1753124400,44696.0,44700.0,44536.0,44537.0,9720
1753128000,44549.0,44596.0,44547.0,44594.0,4574
1753135200,44597.0,44613.0,44583.0,44583.0,0
1753138800,44587.0,44595.0,44578.0,44591.0,265
1753142400,44591.0,44623.0,44591.0,44605.0,515
1753146000,44602.0,44623.0,44594.0,44619.0,475
1753149600,44624.0,44626.0,44588.0,44590.0,284
1753153200,44593.0,44603.0,44582.0,44591.0,278
1753156800,44584.0,44585.0,44561.0,44568.0,362
1753160400,44566.0,44568.0,44541.0,44548.0,360
1753164000,44550.0,44560.0,44538.0,44544.0,519
1753167600,44543.0,44570.0,44519.0,44532.0,1265
1753171200,44533.0,44575.0,44533.0,44561.0,1529
1753174800,44556.0,44560.0,44529.0,44544.0,1479
1753178400,44546.0,44556.0,44524.0,44535.0,781
1753182000,44533.0,44533.0,44424.0,44511.0,5472
1753185600,44507.0,44529.0,44480.0,44527.0,1246
1753189200,44522.0,44671.0,44499.0,44609.0,16355
1753192800,44610.0,44616.0,44502.0,44571.0,12498
1753196400,44544.0,44580.0,44515.0,44561.0,6384
1753200000,44564.0,44615.0,44540.0,44601.0,6818
1753203600,44587.0,44681.0,44582.0,44613.0,5234
1753207200,44613.0,44715.0,44587.0,44684.0,6235
1753210800,44682.0,44749.0,44679.0,44701.0,8055
1753214400,44699.0,44746.0,44697.0,44743.0,3285
1753221600,44746.0,44767.0,44718.0,44730.0,0
1753225200,44728.0,44850.0,44728.0,44829.0,2159
1753228800,44828.0,44834.0,44757.0,44762.0,1040
1753232400,44761.0,44818.0,44749.0,44816.0,720
1753236000,44820.0,44823.0,44804.0,44819.0,414
1753239600,44819.0,44846.0,44807.0,44826.0,422
1753243200,44821.0,44847.0,44807.0,44847.0,343
1753246800,44850.0,44864.0,44839.0,44848.0,510
1753250400,44848.0,44854.0,44816.0,44835.0,934
1753254000,44840.0,44870.0,44807.0,44832.0,2343
1753257600,44825.0,44919.0,44821.0,44910.0,1918
1753261200,44915.0,44941.0,44915.0,44936.0,1296
1753264800,44947.0,44947.0,44917.0,44923.0,1181
1753268400,44913.0,44941.0,44887.0,44941.0,1968
1753272000,44940.0,44950.0,44923.0,44949.0,1840
1753275600,44946.0,44992.0,44833.0,44890.0,12243
1753279200,44884.0,44938.0,44861.0,44902.0,8734
1753282800,44901.0,45073.0,44881.0,45061.0,13122
1753286400,45055.0,45128.0,45043.0,45085.0,12815
1753290000,45079.0,45181.0,45071.0,45143.0,7954
1753293600,45145.0,45195.0,45143.0,45185.0,6682
1753297200,45169.0,45209.0,45156.0,45198.0,7969
1753300800,45227.0,45227.0,45100.0,45104.0,8830
1753308000,45124.0,45124.0,45071.0,45096.0,0
1753311600,45089.0,45122.0,45088.0,45113.0,435
1753315200,45106.0,45112.0,45089.0,45090.0,584
1753318800,45093.0,45122.0,45090.0,45114.0,450
1753322400,45122.0,45129.0,45113.0,45114.0,380
1753326000,45108.0,45112.0,45081.0,45081.0,360
1753329600,45082.0,45095.0,45072.0,45092.0,466
1753333200,45093.0,45102.0,45083.0,45089.0,339
1753336800,45085.0,45102.0,45056.0,45059.0,956
1753340400,45059.0,45073.0,45038.0,45049.0,1162
1753344000,45047.0,45100.0,45047.0,45071.0,1290
1753347600,45073.0,45091.0,45067.0,45079.0,910
1753351200,45088.0,45132.0,45025.0,45031.0,2415
1753354800,45026.0,45051.0,45012.0,45033.0,1173
1753358400,45031.0,45031.0,44870.0,44899.0,4946
1753362000,44895.0,44986.0,44865.0,44985.0,13341
1753365600,44996.0,45093.0,44974.0,45057.0,12355
1753369200,45066.0,45101.0,45007.0,45049.0,7149
1753372800,45034.0,45035.0,44945.0,44985.0,7148
1753376400,44986.0,45042.0,44976.0,45014.0,4479
1753380000,45005.0,45057.0,44932.0,44961.0,5342
1753383600,44971.0,44997.0,44906.0,44924.0,7268
1753387200,44905.0,44939.0,44883.0,44938.0,5039
1753394400,44935.0,44977.0,44922.0,44959.0,0
1753398000,44952.0,44981.0,44947.0,44979.0,369
1753401600,44975.0,44986.0,44969.0,44976.0,460
1753405200,44986.0,45016.0,44981.0,44998.0,353
1753408800,45001.0,45016.0,45001.0,45005.0,261
1753412400,45010.0,45035.0,45008.0,45028.0,278
1753416000,45022.0,45022.0,44973.0,44975.0,381
1753419600,44978.0,44985.0,44959.0,44967.0,323
1753423200,44965.0,44986.0,44941.0,44944.0,595
1753426800,44940.0,44946.0,44905.0,44909.0,1644
1753430400,44920.0,44965.0,44917.0,44949.0,1413
1753434000,44950.0,44963.0,44935.0,44958.0,495
1753437600,44957.0,44968.0,44936.0,44954.0,1111
1753441200,44954.0,44956.0,44911.0,44924.0,800
1753444800,44932.0,44976.0,44923.0,44947.0,1360
1753448400,44956.0,44973.0,44893.0,44905.0,11030
1753452000,44909.0,45002.0,44819.0,44969.0,13933
1753455600,44968.0,44995.0,44913.0,44925.0,6914
1753459200,44928.0,45006.0,44917.0,45005.0,4704
1753462800,44998.0,45079.0,44995.0,45072.0,4831
1753466400,45068.0,45107.0,45068.0,45085.0,4535
1753470000,45080.0,45125.0,45074.0,45101.0,6598
1753473600,45074.0,45095.0,45059.0,45080.0,5025
1753660800,45238.0,45259.0,45228.0,45256.0,311
1753664400,45255.0,45258.0,45228.0,45242.0,332
1753668000,45243.0,45261.0,45229.0,45255.0,358
1753671600,45254.0,45259.0,45245.0,45257.0,128
1753675200,45257.0,45273.0,45256.0,45270.0,148
1753678800,45268.0,45283.0,45267.0,45276.0,273
1753682400,45277.0,45312.0,45234.0,45236.0,1816
1753686000,45240.0,45252.0,45194.0,45208.0,1452
1753689600,45207.0,45207.0,45163.0,45168.0,1580
1753693200,45165.0,45177.0,45146.0,45156.0,946
1753696800,45153.0,45165.0,45112.0,45123.0,1252
1753700400,45122.0,45124.0,45094.0,45116.0,1507
1753704000,45114.0,45130.0,45070.0,45125.0,2866
1753707600,45127.0,45131.0,44959.0,44995.0,11278
1753711200,44995.0,45121.0,44982.0,45065.0,9064
1753714800,45064.0,45113.0,45017.0,45099.0,5598
1753718400,45099.0,45124.0,45023.0,45029.0,3689
1753722000,45028.0,45066.0,44952.0,44956.0,3564
1753725600,44957.0,44985.0,44911.0,44958.0,4357
1753729200,44957.0,45021.0,44929.0,45012.0,6621
1753732800,45012.0,45034.0,44991.0,45007.0,3220
1753740000,45000.0,45042.0,45000.0,45036.0,0
1753743600,45038.0,45041.0,45012.0,45024.0,467
1753747200,45022.0,45022.0,44985.0,45013.0,496
1753750800,45013.0,45044.0,45009.0,45024.0,376
1753754400,45021.0,45044.0,45017.0,45044.0,205
1753758000,45043.0,45054.0,45028.0,45049.0,325
1753761600,45052.0,45077.0,45052.0,45069.0,425
1753765200,45067.0,45091.0,45067.0,45084.0,311
1753768800,45083.0,45097.0,45023.0,45029.0,783
1753772400,45033.0,45091.0,45026.0,45085.0,2005
1753776000,45086.0,45086.0,45056.0,45067.0,3827
1753779600,45069.0,45121.0,44958.0,45057.0,6472
1753783200,45057.0,45075.0,44965.0,45049.0,4215
1753786800,45048.0,45108.0,45030.0,45085.0,4441
1753790400,45087.0,45094.0,45011.0,45034.0,2965
1753794000,45035.0,45062.0,44929.0,44979.0,9561
1753797600,44965.0,45011.0,44845.0,44847.0,8337
1753801200,44871.0,44882.0,44765.0,44808.0,10125
1753804800,44804.0,44871.0,44782.0,44869.0,5305
1753808400,44867.0,44916.0,44745.0,44800.0,6872
1753812000,44799.0,44809.0,44763.0,44782.0,3485
1753815600,44783.0,44826.0,44735.0,44823.0,7796
1753819200,44823.0,44842.0,44754.0,44774.0,3591
1753826400,44758.0,44804.0,44758.0,44800.0,0
1753830000,44801.0,44816.0,44785.0,44797.0,276
1753833600,44797.0,44840.0,44791.0,44835.0,471
1753837200,44833.0,44856.0,44809.0,44842.0,437
1753840800,44843.0,44852.0,44834.0,44836.0,295
1753844400,44841.0,44858.0,44839.0,44848.0,243
1753848000,44849.0,44865.0,44849.0,44863.0,198
1753851600,44861.0,44872.0,44843.0,44859.0,342
1753855200,44858.0,44869.0,44830.0,44831.0,605
1753858800,44832.0,44842.0,44787.0,44836.0,1092
1753862400,44835.0,44851.0,44780.0,44807.0,1087
1753866000,44810.0,44829.0,44800.0,44827.0,585
1753869600,44827.0,44838.0,44816.0,44837.0,869
1753873200,44836.0,44845.0,44815.0,44838.0,933
1753876800,44834.0,44869.0,44784.0,44824.0,2904
1753880400,44822.0,44873.0,44727.0,44822.0,11072
1753884000,44826.0,44902.0,44779.0,44825.0,8198
1753887600,44825.0,44825.0,44715.0,44804.0,6698
1753891200,44805.0,44858.0,44786.0,44807.0,4336
1753894800,44809.0,44868.0,44792.0,44817.0,3163
1753898400,44814.0,44909.0,44519.0,44532.0,13697
1753902000,44529.0,44665.0,44420.0,44637.0,17423
1753905600,44636.0,44840.0,44618.0,44670.0,9360
1753912800,44725.0,44725.0,44647.0,44708.0,0
1753916400,44710.0,44761.0,44699.0,44699.0,873
1753920000,44701.0,44717.0,44672.0,44710.0,1179
1753923600,44710.0,44733.0,44695.0,44721.0,439
1753927200,44725.0,44758.0,44711.0,44749.0,365
1753930800,44752.0,44755.0,44725.0,44753.0,228
1753934400,44754.0,44781.0,44748.0,44765.0,317
1753938000,44766.0,44786.0,44748.0,44775.0,354
1753941600,44775.0,44788.0,44749.0,44765.0,1101
1753945200,44765.0,44852.0,44747.0,44826.0,1585
1753948800,44823.0,44840.0,44784.0,44816.0,1703
1753952400,44819.0,44819.0,44773.0,44779.0,1034
1753956000,44779.0,44789.0,44719.0,44722.0,1203
1753959600,44720.0,44752.0,44692.0,44720.0,1773
1753963200,44721.0,44762.0,44709.0,44723.0,1858
1753966800,44721.0,44768.0,44588.0,44750.0,14044
1753970400,44752.0,44780.0,44589.0,44590.0,11671
1753974000,44601.0,44632.0,44450.0,44625.0,12293
1753977600,44624.0,44682.0,44588.0,44671.0,6292
1753981200,44671.0,44671.0,44407.0,44441.0,12435
1753984800,44438.0,44553.0,44311.0,44491.0,11537
1753988400,44492.0,44529.0,44208.0,44288.0,16580
1753992000,44289.0,44418.0,44219.0,44272.0,6003
1753999200,44269.0,44323.0,44200.0,44248.0,0
1754002800,44245.0,44279.0,44221.0,44259.0,979
1754006400,44260.0,44265.0,44146.0,44224.0,1434
1754010000,44217.0,44273.0,44214.0,44252.0,476
1754013600,44250.0,44278.0,44239.0,44273.0,390
1754017200,44271.0,44307.0,44243.0,44243.0,548
1754020800,44237.0,44255.0,44219.0,44234.0,203
1754024400,44242.0,44242.0,44180.0,44191.0,436
1754028000,44186.0,44189.0,44118.0,44140.0,993
1754031600,44140.0,44141.0,43850.0,43917.0,3612
1754035200,43919.0,43986.0,43849.0,43910.0,4456
1754038800,43908.0,43940.0,43873.0,43901.0,1938
1754042400,43901.0,43901.0,43786.0,43809.0,2445
1754046000,43814.0,43930.0,43807.0,43928.0,3056
1754049600,43926.0,44037.0,43823.0,43898.0,7461
1754053200,43904.0,43944.0,43583.0,43599.0,22685
1754056800,43595.0,43773.0,43464.0,43668.0,24883
1754060400,43668.0,43797.0,43603.0,43794.0,11656
1754064000,43792.0,43864.0,43643.0,43649.0,9635
1754067600,43649.0,43676.0,43587.0,43616.0,8722
1754071200,43613.0,43792.0,43543.0,43692.0,9838
1754074800,43691.0,43808.0,43656.0,43706.0,14607
1754078400,43706.0,43735.0,43688.0,43705.0,3113
1754258400,43686.0,43740.0,43638.0,43732.0,493
1754262000,43738.0,43752.0,43678.0,43727.0,941
1754265600,43737.0,43798.0,43736.0,43798.0,1045
1754269200,43809.0,43819.0,43768.0,43799.0,883
1754272800,43805.0,43844.0,43805.0,43838.0,584
1754276400,43838.0,43865.0,43832.0,43859.0,458
1754280000,43861.0,43861.0,43803.0,43829.0,454
1754283600,43834.0,43876.0,43826.0,43862.0,461
1754287200,43872.0,43881.0,43792.0,43855.0,1111
1754290800,43828.0,43943.0,43825.0,43915.0,1973
1754294400,43915.0,43997.0,43887.0,43988.0,2670
1754298000,43990.0,44020.0,43985.0,43994.0,1859
1754301600,43995.0,44015.0,43943.0,43945.0,1311
1754305200,43949.0,43950.0,43888.0,43888.0,1416
1754308800,43903.0,43954.0,43887.0,43903.0,1817
1754312400,43898.0,44126.0,43888.0,44121.0,14882
1754316000,44134.0,44211.0,44075.0,44188.0,12752
1754319600,44191.0,44246.0,44137.0,44213.0,7867
1754323200,44219.0,44266.0,44171.0,44254.0,5440
1754326800,44254.0,44290.0,44181.0,44185.0,4858
1754330400,44204.0,44244.0,44182.0,44221.0,4056
1754334000,44232.0,44315.0,44223.0,44298.0,9280
1754337600,44314.0,44392.0,44305.0,44392.0,5871
1754344800,44394.0,44400.0,44345.0,44351.0,0
1754348400,44351.0,44375.0,44338.0,44344.0,477
1754352000,44343.0,44432.0,44319.0,44383.0,874
1754355600,44381.0,44399.0,44345.0,44350.0,439
1754359200,44345.0,44358.0,44338.0,44342.0,183
1754362800,44346.0,44373.0,44334.0,44352.0,251
1754366400,44351.0,44368.0,44340.0,44366.0,163
1754370000,44370.0,44377.0,44360.0,44370.0,285
1754373600,44371.0,44396.0,44361.0,44390.0,768
1754377200,44393.0,44419.0,44312.0,44312.0,1281
1754380800,44322.0,44355.0,44312.0,44328.0,1902
1754384400,44326.0,44376.0,44321.0,44351.0,762
1754388000,44364.0,44405.0,44272.0,44312.0,6271
1754391600,44310.0,44354.0,44294.0,44349.0,1840
1754395200,44351.0,44405.0,44277.0,44293.0,3758
1754398800,44288.0,44422.0,44270.0,44283.0,11024
1754402400,44249.0,44259.0,44047.0,44114.0,16416
1754406000,44142.0,44195.0,44128.0,44180.0,9180
1754409600,44205.0,44305.0,44196.0,44295.0,7558
1754413200,44295.0,44370.0,44283.0,44321.0,4416
1754416800,44319.0,44320.0,44218.0,44242.0,5773
1754420400,44243.0,44298.0,44222.0,44226.0,7168
1754424000,44240.0,44271.0,44196.0,44261.0,8102
1754431200,44268.0,44282.0,44197.0,44254.0,0
1754434800,44254.0,44272.0,44229.0,44236.0,483
1754438400,44223.0,44266.0,44223.0,44246.0,623
1754442000,44243.0,44322.0,44238.0,44320.0,518
1754445600,44319.0,44356.0,44305.0,44350.0,581
1754449200,44339.0,44355.0,44333.0,44354.0,343
1754452800,44352.0,44365.0,44348.0,44363.0,215
1754456400,44366.0,44418.0,44360.0,44403.0,644
1754460000,44410.0,44450.0,44395.0,44416.0,1122
1754463600,44426.0,44480.0,44424.0,44471.0,1500
1754467200,44474.0,44474.0,44392.0,44398.0,1459
1754470800,44399.0,44412.0,44362.0,44374.0,1041
1754474400,44371.0,44408.0,44335.0,44378.0,2223
1754478000,44379.0,44421.0,44377.0,44378.0,2245
1754481600,44390.0,44390.0,44338.0,44383.0,2379
1754485200,44396.0,44415.0,44166.0,44201.0,13611
1754488800,44198.0,44352.0,44127.0,44339.0,11113
1754492400,44338.0,44381.0,44263.0,44374.0,8449
1754496000,44371.0,44386.0,44300.0,44318.0,4738
1754499600,44328.0,44366.0,44305.0,44338.0,3553
1754503200,44353.0,44400.0,44334.0,44335.0,4065
1754506800,44337.0,44375.0,44307.0,44308.0,4750
1754510400,44319.0,44324.0,44294.0,44312.0,4373
1754517600,44294.0,44366.0,44249.0,44352.0,0
1754521200,44360.0,44384.0,44335.0,44336.0,613
1754524800,44337.0,44356.0,44323.0,44342.0,762
1754528400,44343.0,44378.0,44342.0,44360.0,663
1754532000,44357.0,44372.0,44339.0,44344.0,541
1754535600,44355.0,44366.0,44350.0,44356.0,259
1754539200,44353.0,44364.0,44313.0,44324.0,413
1754542800,44313.0,44319.0,44301.0,44312.0,534
1754546400,44317.0,44365.0,44312.0,44331.0,1369
1754550000,44322.0,44395.0,44318.0,44393.0,1454
1754553600,44400.0,44476.0,44398.0,44449.0,2723
1754557200,44451.0,44553.0,44434.0,44550.0,1928
1754560800,44546.0,44598.0,44546.0,44558.0,3311
1754564400,44563.0,44583.0,44508.0,44516.0,1902
1754568000,44515.0,44539.0,44494.0,44518.0,1873
1754571600,44518.0,44614.0,44429.0,44461.0,12920
1754575200,44479.0,44495.0,44053.0,44060.0,19650
1754578800,44075.0,44081.0,43950.0,44012.0,11360
1754582400,44002.0,44081.0,43921.0,44015.0,9014
1754586000,43988.0,44013.0,43901.0,43996.0,7946
1754589600,43996.0,44018.0,43915.0,44002.0,6068
1754593200,44000.0,44088.0,43969.0,44083.0,10143
1754596800,44082.0,44126.0,44078.0,44117.0,4056
1754604000,44113.0,44180.0,44113.0,44152.0,0
1754607600,44151.0,44166.0,44141.0,44148.0,414
1754611200,44141.0,44218.0,44136.0,44194.0,819
1754614800,44196.0,44204.0,44155.0,44179.0,531
1754618400,44189.0,44206.0,44188.0,44205.0,275
1754622000,44206.0,44206.0,44175.0,44177.0,405
1754625600,44175.0,44175.0,44151.0,44154.0,341
1754629200,44151.0,44165.0,44083.0,44090.0,567
1754632800,44105.0,44157.0,44091.0,44132.0,751
1754636400,44135.0,44177.0,44132.0,44152.0,793
1754640000,44151.0,44155.0,44120.0,44128.0,1596
1754643600,44127.0,44161.0,44125.0,44161.0,591
1754647200,44168.0,44189.0,44168.0,44188.0,543
1754650800,44195.0,44217.0,44177.0,44212.0,1015
1754654400,44199.0,44202.0,44131.0,44144.0,1680
1754658000,44157.0,44255.0,44142.0,44249.0,9445
1754661600,44258.0,44380.0,44204.0,44218.0,12031
1754665200,44185.0,44235.0,44122.0,44226.0,7809
1754668800,44228.0,44333.0,44228.0,44272.0,5858
1754672400,44248.0,44329.0,44233.0,44317.0,4191
1754676000,44311.0,44345.0,44304.0,44309.0,3638
1754679600,44299.0,44340.0,44226.0,44278.0,5297
1754683200,44283.0,44357.0,44280.0,44349.0,4334
1754863200,44317.0,44365.0,44316.0,44333.0,484
1754866800,44339.0,44345.0,44297.0,44308.0,399
1754870400,44312.0,44376.0,44312.0,44370.0,682
1754874000,44371.0,44409.0,44369.0,44400.0,596
1754877600,44403.0,44407.0,44375.0,44378.0,366
1754881200,44380.0,44386.0,44355.0,44359.0,461
1754884800,44353.0,44374.0,44343.0,44349.0,298
1754888400,44342.0,44366.0,44340.0,44360.0,344
1754892000,44364.0,44400.0,44353.0,44399.0,632
1754895600,44397.0,44398.0,44307.0,44307.0,1073
1754899200,44313.0,44369.0,44311.0,44349.0,2188
1754902800,44341.0,44382.0,44340.0,44377.0,490
1754906400,44381.0,44398.0,44368.0,44394.0,998
1754910000,44390.0,44411.0,44384.0,44409.0,983
1754913600,44408.0,44408.0,44340.0,44340.0,2034
1754917200,44340.0,44372.0,44206.0,44262.0,11320
1754920800,44277.0,44306.0,44103.0,44126.0,11329
1754924400,44118.0,44184.0,44099.0,44180.0,6691
1754928000,44182.0,44283.0,44135.0,44143.0,8203
1754931600,44143.0,44144.0,44069.0,44100.0,5237
1754935200,44105.0,44116.0,44014.0,44080.0,4808
1754938800,44078.0,44107.0,44010.0,44058.0,7151
1754942400,44094.0,44094.0,44058.0,44068.0,4003
1754949600,44083.0,44084.0,44033.0,44073.0,0
1754953200,44073.0,44080.0,44055.0,44068.0,470
1754956800,44065.0,44128.0,44062.0,44102.0,2763
1754960400,44101.0,44122.0,44092.0,44113.0,828
1754964000,44109.0,44131.0,44105.0,44123.0,2424
1754967600,44127.0,44136.0,44121.0,44128.0,408
1754971200,44125.0,44166.0,44120.0,44159.0,1371
1754974800,44165.0,44168.0,44062.0,44120.0,2843
1754978400,44139.0,44164.0,44107.0,44138.0,964
1754982000,44141.0,44178.0,44141.0,44166.0,731
1754985600,44166.0,44168.0,44124.0,44130.0,1639
1754989200,44133.0,44145.0,44118.0,44118.0,503
1754992800,44116.0,44116.0,44088.0,44090.0,834
1754996400,44079.0,44086.0,44043.0,44086.0,1133
1755000000,44093.0,44356.0,44080.0,44315.0,7491
1755003600,44318.0,44356.0,44213.0,44315.0,17928
1755007200,44319.0,44578.0,44310.0,44524.0,17933
1755010800,44522.0,44568.0,44495.0,44533.0,7775
1755014400,44535.0,44560.0,44524.0,44529.0,3804
1755018000,44528.0,44564.0,44510.0,44557.0,3248
1755021600,44558.0,44601.0,44526.0,44533.0,4499
1755025200,44519.0,44556.0,44513.0,44545.0,6946
1755028800,44556.0,44572.0,44548.0,44559.0,4221
1755036000,44566.0,44566.0,44535.0,44537.0,0
1755039600,44543.0,44580.0,44541.0,44576.0,1228
1755043200,44576.0,44576.0,44540.0,44542.0,628
1755046800,44543.0,44545.0,44505.0,44510.0,533
1755050400,44506.0,44540.0,44506.0,44530.0,338
1755054000,44531.0,44551.0,44527.0,44551.0,276
1755057600,44550.0,44573.0,44550.0,44564.0,321
1755061200,44564.0,44567.0,44545.0,44548.0,340
1755064800,44552.0,44564.0,44516.0,44535.0,575
1755068400,44548.0,44614.0,44540.0,44604.0,1157
1755072000,44601.0,44667.0,44600.0,44647.0,2215
1755075600,44650.0,44692.0,44641.0,44690.0,833
1755079200,44689.0,44711.0,44682.0,44709.0,1200
1755082800,44699.0,44700.0,44674.0,44684.0,1072
1755086400,44690.0,44718.0,44674.0,44702.0,1521
1755090000,44704.0,44948.0,44699.0,44925.0,14399
1755093600,44940.0,44986.0,44780.0,44801.0,15377
1755097200,44803.0,44925.0,44803.0,44844.0,10180
1755100800,44846.0,44932.0,44840.0,44848.0,5704
1755104400,44862.0,44892.0,44815.0,44865.0,5310
1755108000,44864.0,44981.0,44862.0,44958.0,5728
1755111600,44957.0,45052.0,44955.0,45036.0,6673
1755115200,45041.0,45070.0,45012.0,45013.0,5644
1755122400,45020.0,45035.0,44980.0,45032.0,0
1755126000,45034.0,45048.0,45025.0,45029.0,534
1755129600,45023.0,45039.0,45017.0,45021.0,474
1755133200,45015.0,45028.0,45002.0,45027.0,418
1755136800,45024.0,45035.0,45016.0,45035.0,272
1755140400,45034.0,45034.0,45014.0,45016.0,241
1755144000,45023.0,45039.0,45015.0,45039.0,221
1755147600,45038.0,45039.0,44982.0,44987.0,429
1755151200,44987.0,44988.0,44963.0,44974.0,789
1755154800,44975.0,45031.0,44975.0,45014.0,843
1755158400,45028.0,45040.0,45020.0,45023.0,986
1755162000,45018.0,45062.0,45015.0,45040.0,871
1755165600,45054.0,45061.0,44991.0,45003.0,1676
1755169200,45002.0,45046.0,44993.0,45046.0,1228
1755172800,45045.0,45045.0,44810.0,44870.0,6113
1755176400,44874.0,44905.0,44798.0,44895.0,13998
1755180000,44898.0,44971.0,44853.0,44934.0,11200
1755183600,44931.0,44934.0,44818.0,44864.0,9462
1755187200,44865.0,44865.0,44770.0,44847.0,7046
1755190800,44849.0,44908.0,44844.0,44895.0,4359
1755194400,44902.0,44960.0,44882.0,44937.0,4487
1755198000,44942.0,45034.0,44936.0,44988.0,9596
1755201600,44988.0,45142.0,44961.0,45114.0,10451
1755208800,45120.0,45170.0,45120.0,45170.0,0
1755212400,45170.0,45181.0,45153.0,45153.0,564
1755216000,45155.0,45198.0,45138.0,45188.0,708
1755219600,45188.0,45307.0,45188.0,45278.0,3610
1755223200,45275.0,45320.0,45275.0,45293.0,1515
1755226800,45292.0,45293.0,45265.0,45284.0,823
1755230400,45288.0,45318.0,45283.0,45317.0,564
1755234000,45316.0,45347.0,45312.0,45332.0,1380
1755237600,45332.0,45371.0,45332.0,45344.0,1951
1755241200,45348.0,45361.0,45318.0,45350.0,1657
1755244800,45345.0,45355.0,45293.0,45298.0,2771
1755248400,45299.0,45305.0,45254.0,45255.0,1384
1755252000,45253.0,45319.0,45245.0,45319.0,1257
1755255600,45297.0,45309.0,45263.0,45267.0,1307
1755259200,45263.0,45273.0,45227.0,45266.0,3242
1755262800,45261.0,45296.0,45108.0,45124.0,15848
1755266400,45070.0,45122.0,44987.0,45026.0,12790
1755270000,45025.0,45128.0,44994.0,45080.0,8808
1755273600,45076.0,45122.0,45062.0,45100.0,5744
1755277200,45097.0,45170.0,45083.0,45161.0,4054
1755280800,45158.0,45160.0,45079.0,45107.0,4998
1755284400,45108.0,45114.0,45028.0,45033.0,7332
1755288000,45042.0,45043.0,44991.0,45040.0,3874
1755468000,45022.0,45085.0,45017.0,45084.0,510
1755471600,45086.0,45108.0,45082.0,45087.0,256
1755475200,45095.0,45110.0,45090.0,45097.0,462
1755478800,45090.0,45115.0,45088.0,45112.0,448
1755482400,45108.0,45109.0,45095.0,45096.0,175
1755486000,45097.0,45108.0,45093.0,45102.0,131
1755489600,45099.0,45101.0,45083.0,45086.0,154
1755493200,45084.0,45087.0,45078.0,45085.0,203
1755496800,45075.0,45075.0,44940.0,44967.0,2223
1755500400,44956.0,44971.0,44903.0,44954.0,1786
1755504000,44954.0,45028.0,44904.0,45016.0,3704
1755507600,45006.0,45013.0,44966.0,44972.0,830
1755511200,44965.0,44997.0,44957.0,44982.0,769
1755514800,44971.0,45019.0,44971.0,45018.0,1157
1755518400,45006.0,45048.0,45003.0,45044.0,1655
1755522000,45045.0,45060.0,44957.0,44958.0,10431
1755525600,44960.0,45066.0,44950.0,45030.0,11100
1755529200,45041.0,45055.0,44989.0,45000.0,5048
1755532800,44998.0,45033.0,44969.0,44999.0,3718
1755536400,45013.0,45056.0,44969.0,44972.0,3379
1755540000,44955.0,45001.0,44938.0,44989.0,3052
1755543600,44988.0,45021.0,44954.0,44993.0,6086
1755547200,44987.0,45006.0,44971.0,44983.0,3207
1755554400,45004.0,45046.0,44996.0,45026.0,0
1755558000,45024.0,45024.0,44998.0,45015.0,399
1755561600,44996.0,45000.0,44952.0,44969.0,704
1755565200,44975.0,44994.0,44953.0,44958.0,476
1755568800,44951.0,44972.0,44932.0,44934.0,314
1755572400,44936.0,44974.0,44931.0,44950.0,332
1755576000,44944.0,44945.0,44927.0,44934.0,402
1755579600,44943.0,44944.0,44907.0,44917.0,506
1755583200,44915.0,44946.0,44915.0,44934.0,524
1755586800,44947.0,44948.0,44920.0,44932.0,723
1755590400,44934.0,44988.0,44932.0,44986.0,1345
1755594000,44990.0,45008.0,44985.0,44997.0,804
1755597600,44937.0,44978.0,44919.0,44973.0,4383
1755601200,44978.0,45050.0,44977.0,45050.0,939
1755604800,45048.0,45096.0,45031.0,45076.0,1853
1755608400,45089.0,45166.0,45023.0,45130.0,11078
1755612000,45122.0,45288.0,45120.0,45154.0,15095
1755615600,45126.0,45127.0,44965.0,44979.0,11051
1755619200,44978.0,45019.0,44946.0,44983.0,6437
1755622800,44968.0,45011.0,44933.0,44987.0,4893
1755626400,44973.0,44973.0,44896.0,44935.0,4084
1755630000,44933.0,44983.0,44910.0,44982.0,5910
1755633600,45002.0,45031.0,45002.0,45019.0,4721
1755640800,45007.0,45038.0,44995.0,45028.0,0
1755644400,45021.0,45024.0,44991.0,45000.0,1012
1755648000,45003.0,45006.0,44974.0,44986.0,706
1755651600,44986.0,45000.0,44947.0,44954.0,2301
1755655200,44930.0,44944.0,44910.0,44934.0,1089
1755658800,44934.0,44934.0,44858.0,44866.0,1619
1755662400,44868.0,44916.0,44868.0,44907.0,602
1755666000,44899.0,44902.0,44878.0,44899.0,453
1755669600,44907.0,44922.0,44883.0,44902.0,1164
1755673200,44905.0,44944.0,44905.0,44919.0,1099
1755676800,44922.0,44922.0,44869.0,44887.0,1582
1755680400,44893.0,44939.0,44879.0,44920.0,1685
1755684000,44920.0,44964.0,44920.0,44943.0,1639
1755687600,44951.0,44982.0,44944.0,44979.0,1641
1755691200,44979.0,45011.0,44971.0,44994.0,2415
1755694800,44997.0,45113.0,44922.0,44947.0,16061
1755698400,44940.0,44992.0,44836.0,44868.0,17171
1755702000,44881.0,45048.0,44880.0,44910.0,11244
1755705600,44929.0,45009.0,44899.0,44945.0,6754
1755709200,44941.0,45029.0,44930.0,44996.0,5460
1755712800,45004.0,45010.0,44886.0,44973.0,7307
1755716400,44974.0,45090.0,44974.0,45013.0,7317
1755720000,44991.0,45011.0,44980.0,45011.0,0
1755727200,45003.0,45026.0,44966.0,44974.0,783
1755730800,44976.0,44985.0,44948.0,44968.0,403
1755734400,44964.0,44973.0,44922.0,44939.0,539
1755738000,44944.0,44995.0,44936.0,44994.0,664
1755741600,44992.0,45016.0,44984.0,45013.0,451
1755745200,45014.0,45020.0,44990.0,44990.0,189
1755748800,44986.0,44989.0,44962.0,44964.0,201
1755752400,44974.0,44974.0,44932.0,44954.0,449
1755756000,44970.0,45002.0,44969.0,44982.0,856
1755759600,44979.0,44980.0,44932.0,44942.0,1312
1755763200,44941.0,44965.0,44872.0,44875.0,1435
1755766800,44875.0,44898.0,44858.0,44866.0,1288
1755770400,44855.0,44875.0,44796.0,44854.0,4118
1755774000,44866.0,44884.0,44830.0,44847.0,2728
1755777600,44828.0,44848.0,44780.0,44821.0,3518
1755781200,44823.0,44845.0,44644.0,44773.0,15004
1755784800,44773.0,44952.0,44770.0,44903.0,11750
1755788400,44913.0,44967.0,44803.0,44815.0,9299
1755792000,44813.0,44856.0,44775.0,44845.0,5792
1755795600,44795.0,44882.0,44749.0,44852.0,6012
1755799200,44853.0,44895.0,44831.0,44891.0,4098
1755802800,44891.0,44906.0,44821.0,44850.0,4465
1755806400,44852.0,44897.0,44850.0,44881.0,0
1755813600,44914.0,44929.0,44902.0,44917.0,587
1755817200,44911.0,44926.0,44899.0,44926.0,347
1755820800,44919.0,44933.0,44865.0,44887.0,942
1755824400,44893.0,44910.0,44879.0,44886.0,441
1755828000,44887.0,44920.0,44879.0,44881.0,426
1755831600,44857.0,44872.0,44853.0,44869.0,313
1755835200,44865.0,44883.0,44865.0,44875.0,239
1755838800,44877.0,44880.0,44842.0,44871.0,319
1755842400,44852.0,44857.0,44755.0,44827.0,1689
1755846000,44816.0,44917.0,44816.0,44914.0,1259
1755849600,44913.0,44984.0,44907.0,44972.0,2523
1755853200,44979.0,45004.0,44971.0,44992.0,1043
1755856800,44998.0,45017.0,44989.0,45006.0,968
1755860400,45007.0,45007.0,44970.0,44977.0,906
1755864000,44978.0,45010.0,44976.0,44984.0,1580
1755867600,44985.0,45244.0,44985.0,45174.0,18163
1755871200,45220.0,45766.0,45213.0,45748.0,36316
1755874800,45746.0,45816.0,45678.0,45789.0,14892
1755878400,45776.0,45840.0,45731.0,45739.0,10171
1755882000,45757.0,45801.0,45757.0,45772.0,5503
1755885600,45751.0,45767.0,45687.0,45722.0,5430
1755889200,45724.0,45740.0,45674.0,45685.0,9298
1755892800,45719.0,45752.0,45715.0,45715.0,5310
1756072800,45722.0,45736.0,45698.0,45719.0,667
1756076400,45707.0,45735.0,45704.0,45715.0,394
1756080000,45718.0,45732.0,45683.0,45688.0,596
1756083600,45693.0,45698.0,45661.0,45661.0,617
1756087200,45661.0,45676.0,45637.0,45637.0,675
1756090800,45638.0,45665.0,45631.0,45664.0,561
1756094400,45664.0,45681.0,45655.0,45673.0,462
1756098000,45676.0,45707.0,45669.0,45705.0,674
1756101600,45694.0,45701.0,45659.0,45659.0,1032
1756105200,45668.0,45672.0,45643.0,45652.0,1090
1756108800,45652.0,45654.0,45629.0,45634.0,1265
1756112400,45635.0,45637.0,45613.0,45625.0,928
1756116000,45621.0,45627.0,45601.0,45608.0,1573
1756119600,45599.0,45636.0,45598.0,45611.0,1141
1756123200,45613.0,45615.0,45554.0,45577.0,3321
1756126800,45566.0,45659.0,45566.0,45591.0,11792
1756130400,45595.0,45595.0,45471.0,45496.0,11559
1756134000,45494.0,45530.0,45447.0,45477.0,7674
1756137600,45471.0,45497.0,45457.0,45487.0,3784
1756141200,45474.0,45486.0,45425.0,45444.0,4331
1756144800,45446.0,45446.0,45411.0,45426.0,3916
1756148400,45412.0,45417.0,45339.0,45347.0,10015
1756152000,45346.0,45396.0,45341.0,45394.0,2716
1756159200,45392.0,45416.0,45392.0,45405.0,0
1756162800,45411.0,45412.0,45386.0,45394.0,433
1756166400,45403.0,45421.0,45223.0,45280.0,3880
1756170000,45276.0,45337.0,45268.0,45281.0,1148
1756173600,45283.0,45341.0,45283.0,45293.0,644
1756177200,45292.0,45296.0,45282.0,45291.0,323
1756180800,45296.0,45299.0,45278.0,45296.0,292
1756184400,45304.0,45345.0,45304.0,45334.0,421
1756188000,45335.0,45344.0,45278.0,45284.0,1262
1756191600,45279.0,45290.0,45184.0,45253.0,2559
1756195200,45251.0,45281.0,45232.0,45276.0,1268
1756198800,45275.0,45301.0,45267.0,45284.0,764
1756202400,45295.0,45311.0,45283.0,45289.0,1224
1756206000,45293.0,45304.0,45271.0,45302.0,1146
1756209600,45298.0,45329.0,45266.0,45311.0,1804
1756213200,45313.0,45385.0,45291.0,45332.0,9414
1756216800,45354.0,45390.0,45296.0,45327.0,7492
1756220400,45325.0,45350.0,45289.0,45350.0,5264
1756224000,45339.0,45374.0,45321.0,45345.0,3897
1756227600,45351.0,45389.0,45328.0,45347.0,3058
1756231200,45349.0,45413.0,45345.0,45407.0,2993
1756234800,45402.0,45501.0,45384.0,45501.0,10918
1756238400,45475.0,45529.0,45474.0,45528.0,5692
1756245600,45510.0,45526.0,45510.0,45518.0,0
1756249200,45520.0,45523.0,45506.0,45506.0,327
1756252800,45506.0,45506.0,45492.0,45497.0,449
1756256400,45506.0,45523.0,45506.0,45520.0,272
1756260000,45521.0,45525.0,45511.0,45522.0,289
1756263600,45523.0,45534.0,45522.0,45532.0,252
1756267200,45532.0,45534.0,45523.0,45525.0,299
1756270800,45519.0,45519.0,45492.0,45493.0,285
1756274400,45498.0,45525.0,45489.0,45511.0,0
1756278000,45496.0,45523.0,45464.0,45500.0,4582
1756281600,45524.0,45533.0,45468.0,45490.0,2024
1756285200,45490.0,45525.0,45490.0,45508.0,656
1756288800,45510.0,45516.0,45497.0,45502.0,681
1756292400,45506.0,45522.0,45496.0,45503.0,787
1756296000,45503.0,45527.0,45468.0,45485.0,2397
1756299600,45481.0,45614.0,45452.0,45575.0,14459
1756303200,45575.0,45609.0,45546.0,45585.0,6705
1756306800,45577.0,45627.0,45575.0,45586.0,5476
1756310400,45587.0,45605.0,45548.0,45599.0,3649
1756314000,45591.0,45657.0,45569.0,45642.0,4063
1756317600,45638.0,45685.0,45617.0,45669.0,3159
1756321200,45669.0,45693.0,45633.0,45668.0,6561
1756324800,45638.0,45656.0,45540.0,45656.0,8888
1756332000,45655.0,45667.0,45611.0,45626.0,0
1756335600,45626.0,45634.0,45609.0,45617.0,302
1756339200,45602.0,45650.0,45591.0,45645.0,664
1756342800,45647.0,45691.0,45638.0,45690.0,527
1756346400,45694.0,45714.0,45687.0,45703.0,371
1756350000,45703.0,45734.0,45699.0,45721.0,358
1756353600,45726.0,45726.0,45698.0,45704.0,256
1756357200,45713.0,45714.0,45687.0,45694.0,385
1756360800,45698.0,45772.0,45694.0,45756.0,1065
1756364400,45753.0,45796.0,45737.0,45796.0,1672
1756368000,45791.0,45791.0,45726.0,45732.0,1760
1756371600,45734.0,45750.0,45718.0,45735.0,639
1756375200,45735.0,45735.0,45676.0,45700.0,973
1756378800,45706.0,45712.0,45684.0,45706.0,1044
1756382400,45707.0,45721.0,45668.0,45689.0,2307
1756386000,45696.0,45724.0,45527.0,45579.0,12644
1756389600,45585.0,45585.0,45504.0,45528.0,9735
1756393200,45528.0,45627.0,45516.0,45616.0,7745
1756396800,45619.0,45679.0,45613.0,45642.0,5740
1756400400,45614.0,45665.0,45612.0,45648.0,3830
1756404000,45648.0,45681.0,45623.0,45674.0,3720
1756407600,45677.0,45744.0,45671.0,45704.0,9006
1756411200,45705.0,45729.0,45647.0,45662.0,4066
1756418400,45656.0,45661.0,45625.0,45639.0,0
1756422000,45637.0,45661.0,45632.0,45654.0,243
1756425600,45652.0,45680.0,45647.0,45654.0,422
1756429200,45653.0,45659.0,45635.0,45641.0,272
1756432800,45642.0,45645.0,45632.0,45639.0,204
1756436400,45641.0,45668.0,45635.0,45639.0,344
1756440000,45640.0,45646.0,45614.0,45619.0,418
1756443600,45621.0,45634.0,45615.0,45633.0,355
1756447200,45634.0,45645.0,45607.0,45607.0,717
1756450800,45608.0,45633.0,45584.0,45586.0,1018
1756454400,45586.0,45593.0,45537.0,45542.0,1862
1756458000,45541.0,45563.0,45521.0,45550.0,925
1756461600,45550.0,45567.0,45539.0,45563.0,773
1756465200,45560.0,45577.0,45548.0,45558.0,1194
1756468800,45556.0,45625.0,45537.0,45605.0,2494
1756472400,45605.0,45687.0,45561.0,45568.0,12439
1756476000,45543.0,45587.0,45424.0,45507.0,17217
1756479600,45504.0,45543.0,45476.0,45495.0,6200
1756483200,45493.0,45591.0,45492.0,45571.0,3747
1756486800,45570.0,45627.0,45528.0,45597.0,3358
1756490400,45596.0,45599.0,45560.0,45582.0,2386
1756494000,45581.0,45642.0,45551.0,45613.0,10791
1756497600,45613.0,45639.0,45606.0,45633.0,2156
1756785600,45596.0,45606.0,45580.0,45601.0,15435
1756789200,45600.0,45601.0,45550.0,45552.0,498
1756792800,45549.0,45592.0,45545.0,45579.0,569
1756796400,45582.0,45582.0,45295.0,45313.0,3734
1756800000,45312.0,45444.0,45301.0,45427.0,2915
1756803600,45426.0,45440.0,45406.0,45422.0,1050
1756807200,45422.0,45435.0,45310.0,45341.0,2967
1756810800,45345.0,45360.0,45325.0,45339.0,1894
1756814400,45337.0,45337.0,45107.0,45162.0,9173
1756818000,45160.0,45277.0,45001.0,45274.0,21415
1756821600,45276.0,45346.0,45191.0,45224.0,14180
1756825200,45226.0,45239.0,45050.0,45060.0,10925
1756828800,45056.0,45166.0,45040.0,45166.0,5905
1756832400,45167.0,45301.0,45161.0,45262.0,5992
1756836000,45263.0,45298.0,45159.0,45202.0,5441
1756839600,45200.0,45366.0,45200.0,45355.0,9824
1756843200,45354.0,45395.0,45307.0,45320.0,7866
1756850400,45323.0,45338.0,45277.0,45283.0,0
1756854000,45284.0,45287.0,45261.0,45266.0,587
1756857600,45265.0,45270.0,45242.0,45261.0,596
1756861200,45259.0,45261.0,45211.0,45235.0,684
1756864800,45237.0,45245.0,45209.0,45222.0,344
1756868400,45221.0,45239.0,45190.0,45210.0,519
1756872000,45209.0,45220.0,45202.0,45212.0,341
1756875600,45209.0,45210.0,45163.0,45174.0,666
1756879200,45171.0,45251.0,45171.0,45221.0,1553
1756882800,45222.0,45296.0,45179.0,45283.0,1871
1756886400,45285.0,45366.0,45283.0,45328.0,2394
1756890000,45330.0,45365.0,45299.0,45347.0,940
1756893600,45347.0,45368.0,45339.0,45354.0,642
1756897200,45353.0,45376.0,45311.0,45315.0,1377
1756900800,45319.0,45345.0,45233.0,45240.0,2392
1756904400,45238.0,45364.0,45160.0,45167.0,14143
1756908000,45172.0,45288.0,45130.0,45278.0,11471
1756911600,45286.0,45316.0,45175.0,45192.0,7765
1756915200,45190.0,45213.0,45105.0,45130.0,6370
1756918800,45131.0,45184.0,45036.0,45071.0,5199
1756922400,45067.0,45150.0,45051.0,45120.0,4949
1756926000,45123.0,45291.0,45102.0,45274.0,7973
1756929600,45316.0,45322.0,45240.0,45275.0,8057
1756936800,45242.0,45248.0,45225.0,45231.0,0
1756940400,45231.0,45255.0,45223.0,45238.0,253
1756944000,45231.0,45322.0,45227.0,45292.0,694
1756947600,45294.0,45295.0,45260.0,45273.0,260
1756951200,45275.0,45300.0,45268.0,45270.0,430
1756954800,45274.0,45280.0,45255.0,45266.0,222
1756958400,45283.0,45311.0,45281.0,45306.0,431
1756962000,45304.0,45319.0,45276.0,45291.0,471
1756965600,45289.0,45308.0,45259.0,45261.0,756
1756969200,45280.0,45329.0,45269.0,45305.0,1070
1756972800,45303.0,45303.0,45266.0,45281.0,1071
1756976400,45282.0,45316.0,45281.0,45312.0,882
1756980000,45325.0,45349.0,45307.0,45318.0,1433
1756983600,45316.0,45349.0,45276.0,45277.0,1438
1756987200,45280.0,45318.0,45276.0,45305.0,1983
1756990800,45314.0,45398.0,45238.0,45396.0,11179
1756994400,45376.0,45478.0,45307.0,45443.0,13088
1756998000,45468.0,45563.0,45459.0,45547.0,8338
1757001600,45541.0,45571.0,45516.0,45530.0,4743
1757005200,45546.0,45643.0,45544.0,45643.0,5583
1757008800,45642.0,45680.0,45640.0,45643.0,5062
1757012400,45644.0,45705.0,45643.0,45685.0,11476
1757016000,45686.0,45713.0,45683.0,45700.0,3793
1757023200,45677.0,45700.0,45676.0,45697.0,0
1757026800,45696.0,45701.0,45686.0,45689.0,379
1757030400,45689.0,45714.0,45683.0,45710.0,442
1757034000,45706.0,45713.0,45691.0,45703.0,359
1757037600,45702.0,45713.0,45698.0,45702.0,214
1757041200,45699.0,45701.0,45686.0,45699.0,210
1757044800,45700.0,45718.0,45698.0,45700.0,331
1757048400,45699.0,45746.0,45693.0,45735.0,539
1757052000,45737.0,45760.0,45730.0,45735.0,996
1757055600,45725.0,45725.0,45677.0,45711.0,1144
1757059200,45703.0,45712.0,45681.0,45685.0,731
1757062800,45687.0,45690.0,45655.0,45655.0,775
1757066400,45658.0,45677.0,45653.0,45664.0,730
1757070000,45668.0,45668.0,45612.0,45612.0,1399
1757073600,45611.0,45700.0,45547.0,45692.0,7729
1757077200,45694.0,45809.0,45672.0,45755.0,16860
1757080800,45755.0,45755.0,45277.0,45306.0,24062
1757084400,45290.0,45472.0,45259.0,45399.0,11442
1757088000,45402.0,45475.0,45360.0,45455.0,5703
1757091600,45454.0,45458.0,45332.0,45336.0,4932
1757095200,45358.0,45459.0,45338.0,45449.0,3758
1757098800,45448.0,45517.0,45416.0,45465.0,12110
1757102400,45466.0,45469.0,45433.0,45459.0,1955
1757282400,45456.0,45534.0,45407.0,45519.0,973
1757286000,45529.0,45558.0,45519.0,45545.0,685
1757289600,45537.0,45556.0,45500.0,45501.0,670
1757293200,45501.0,45520.0,45496.0,45509.0,351
1757296800,45505.0,45505.0,45467.0,45486.0,461
1757300400,45492.0,45517.0,45487.0,45505.0,338
1757304000,45506.0,45506.0,45473.0,45478.0,212
1757307600,45480.0,45500.0,45470.0,45475.0,351
1757311200,45488.0,45530.0,45483.0,45504.0,871
1757314800,45517.0,45575.0,45511.0,45531.0,906
1757318400,45528.0,45554.0,45524.0,45529.0,1147
1757322000,45536.0,45536.0,45509.0,45531.0,755
1757325600,45525.0,45540.0,45521.0,45529.0,973
1757329200,45529.0,45546.0,45516.0,45516.0,1487
1757332800,45507.0,45543.0,45466.0,45532.0,1638
1757336400,45538.0,45567.0,45329.0,45376.0,15920
1757340000,45370.0,45522.0,45348.0,45513.0,10883
1757343600,45514.0,45555.0,45465.0,45498.0,6776
1757347200,45489.0,45493.0,45409.0,45448.0,5394
1757350800,45458.0,45470.0,45371.0,45377.0,4491
1757354400,45376.0,45519.0,45369.0,45508.0,5048
1757358000,45505.0,45586.0,45442.0,45576.0,9201
1757361600,45576.0,45591.0,45560.0,45577.0,3019
1757368800,45580.0,45629.0,45580.0,45621.0,0
1757372400,45632.0,45636.0,45609.0,45616.0,203
1757376000,45608.0,45613.0,45581.0,45581.0,458
1757379600,45582.0,45595.0,45563.0,45585.0,317
1757383200,45585.0,45628.0,45583.0,45609.0,348
1757386800,45611.0,45630.0,45611.0,45617.0,189
1757390400,45619.0,45622.0,45609.0,45609.0,156
1757394000,45606.0,45617.0,45579.0,45614.0,346
1757397600,45604.0,45643.0,45602.0,45627.0,891
1757401200,45630.0,45665.0,45595.0,45600.0,1423
1757404800,45597.0,45609.0,45567.0,45577.0,1300
1757408400,45579.0,45595.0,45564.0,45574.0,425
1757412000,45578.0,45589.0,45550.0,45558.0,1008
1757415600,45561.0,45632.0,45546.0,45625.0,2082
1757419200,45625.0,45633.0,45597.0,45621.0,1233
1757422800,45611.0,45612.0,45508.0,45540.0,11493
1757426400,45570.0,45624.0,45489.0,45588.0,19193
1757430000,45597.0,45735.0,45581.0,45609.0,12693
1757433600,45591.0,45677.0,45584.0,45658.0,4912
1757437200,45659.0,45776.0,45646.0,45759.0,6384
1757440800,45761.0,45806.0,45746.0,45768.0,4782
1757444400,45749.0,45796.0,45705.0,45753.0,9708
1757448000,45755.0,45759.0,45692.0,45705.0,4772
1757455200,45680.0,45712.0,45670.0,45697.0,0
1757458800,45681.0,45691.0,45645.0,45652.0,1058
1757462400,45654.0,45699.0,45654.0,45685.0,491
1757466000,45682.0,45720.0,45676.0,45706.0,325
1757469600,45707.0,45709.0,45684.0,45706.0,265
1757473200,45711.0,45714.0,45699.0,45714.0,133
1757476800,45712.0,45721.0,45710.0,45720.0,205
1757480400,45725.0,45726.0,45704.0,45717.0,281
1757484000,45710.0,45715.0,45691.0,45695.0,709
1757487600,45693.0,45744.0,45679.0,45739.0,1329
1757491200,45727.0,45745.0,45651.0,45664.0,1980
1757494800,45665.0,45673.0,45624.0,45671.0,2309
1757498400,45670.0,45704.0,45670.0,45700.0,874
1757502000,45710.0,45713.0,45675.0,45689.0,1215
1757505600,45679.0,45791.0,45671.0,45750.0,5011
1757509200,45754.0,45778.0,45624.0,45659.0,16436
1757512800,45667.0,45721.0,45527.0,45527.0,12310
1757516400,45508.0,45566.0,45421.0,45540.0,12824
1757520000,45555.0,45591.0,45444.0,45534.0,7126
1757523600,45525.0,45579.0,45475.0,45504.0,5918
1757527200,45500.0,45566.0,45481.0,45562.0,4697
1757530800,45553.0,45569.0,45435.0,45552.0,9127
1757534400,45534.0,45553.0,45503.0,45524.0,4244
1757541600,45506.0,45576.0,45503.0,45569.0,0
1757545200,45557.0,45588.0,45552.0,45559.0,524
1757548800,45568.0,45580.0,45544.0,45566.0,507
1757552400,45565.0,45586.0,45561.0,45585.0,516
1757556000,45578.0,45587.0,45568.0,45579.0,267
1757559600,45572.0,45577.0,45569.0,45571.0,286
1757563200,45568.0,45578.0,45541.0,45541.0,302
1757566800,45539.0,45556.0,45519.0,45537.0,379
1757570400,45532.0,45594.0,45528.0,45582.0,703
1757574000,45577.0,45587.0,45558.0,45585.0,1035
1757577600,45583.0,45589.0,45561.0,45566.0,756
1757581200,45569.0,45600.0,45560.0,45598.0,609
1757584800,45599.0,45631.0,45597.0,45627.0,1005
1757588400,45628.0,45638.0,45606.0,45611.0,1020
1757592000,45609.0,45654.0,45554.0,45653.0,5931
1757595600,45681.0,45962.0,45600.0,45960.0,19506
1757599200,45960.0,46114.0,45960.0,46074.0,18838
1757602800,46074.0,46128.0,46041.0,46079.0,10151
1757606400,46103.0,46135.0,46079.0,46113.0,7762
1757610000,46113.0,46151.0,46097.0,46130.0,5160
1757613600,46156.0,46172.0,46108.0,46113.0,6364
1757617200,46110.0,46175.0,46106.0,46157.0,8078
1757620800,46127.0,46154.0,46127.0,46141.0,5119
1757628000,46150.0,46165.0,46142.0,46142.0,0
1757631600,46146.0,46158.0,46139.0,46145.0,348
1757635200,46144.0,46159.0,46138.0,46150.0,447
1757638800,46145.0,46150.0,46114.0,46116.0,458
1757642400,46110.0,46143.0,46110.0,46142.0,447
1757646000,46135.0,46151.0,46133.0,46150.0,242
1757649600,46155.0,46157.0,46142.0,46142.0,299
1757653200,46141.0,46149.0,46129.0,46142.0,471
1757656800,46138.0,46144.0,46079.0,46095.0,1107
1757660400,46096.0,46110.0,46061.0,46063.0,1631
1757664000,46067.0,46069.0,46011.0,46057.0,2174
1757667600,46060.0,46070.0,46044.0,46045.0,803
1757671200,46045.0,46062.0,46043.0,46062.0,686
1757674800,46061.0,46068.0,46026.0,46039.0,1433
1757678400,46029.0,46060.0,46018.0,46056.0,3618
1757682000,46062.0,46090.0,46013.0,46071.0,12354
1757685600,46063.0,46087.0,45934.0,45990.0,13422
1757689200,45988.0,45989.0,45907.0,45935.0,10614
1757692800,45937.0,45946.0,45907.0,45926.0,7002
1757696400,45926.0,45966.0,45914.0,45932.0,6377
1757700000,45929.0,45986.0,45918.0,45942.0,8180
1757703600,45935.0,45958.0,45832.0,45886.0,12806
1757707200,45852.0,45873.0,45844.0,45852.0,4555
1757887200,45901.0,45901.0,45853.0,45871.0,207
1757890800,45877.0,45880.0,45849.0,45860.0,175
1757894400,45867.0,45867.0,45833.0,45855.0,489
1757898000,45869.0,45883.0,45867.0,45883.0,204
1757901600,45875.0,45890.0,45875.0,45888.0,131
1757905200,45889.0,45897.0,45879.0,45880.0,113
1757908800,45880.0,45892.0,45880.0,45891.0,33
1757912400,45891.0,45894.0,45883.0,45894.0,132
1757916000,45915.0,45935.0,45907.0,45931.0,409
1757919600,45937.0,45940.0,45916.0,45939.0,362
1757923200,45938.0,45970.0,45864.0,45955.0,1752
1757926800,45951.0,45964.0,45947.0,45949.0,435
1757930400,45957.0,45959.0,45918.0,45938.0,405
1757934000,45936.0,45939.0,45914.0,45939.0,1162
1757937600,45938.0,45969.0,45936.0,45960.0,3975
1757941200,45958.0,45966.0,45843.0,45962.0,10973
1757944800,45940.0,46008.0,45856.0,45972.0,14820
1757948400,45942.0,45958.0,45798.0,45848.0,9003
1757952000,45837.0,45914.0,45836.0,45877.0,6034
1757955600,45853.0,45913.0,45821.0,45907.0,4836
1757959200,45895.0,45895.0,45840.0,45887.0,5965
1757962800,45886.0,45930.0,45860.0,45922.0,6850
1757966400,45921.0,45923.0,45881.0,45885.0,1041
1757973600,45881.0,45891.0,45879.0,45882.0,0
1757980800,45896.0,45896.0,45896.0,45896.0,234
1757984400,45895.0,45916.0,45893.0,45906.0,172
1757988000,45899.0,45918.0,45899.0,45914.0,208
1757991600,45930.0,45956.0,45928.0,45948.0,408
1757995200,45948.0,45950.0,45942.0,45948.0,48
1757998800,45940.0,45964.0,45940.0,45962.0,154
1758002400,45961.0,45968.0,45928.0,45928.0,1006
1758006000,45928.0,45928.0,45917.0,45917.0,558
1758009600,45941.0,45949.0,45937.0,45949.0,537
1758013200,45942.0,45942.0,45900.0,45909.0,995
1758016800,45922.0,45932.0,45906.0,45924.0,995
1758020400,45921.0,45924.0,45903.0,45913.0,685
1758024000,45909.0,45912.0,45851.0,45858.0,2078
1758027600,45858.0,45988.0,45763.0,45766.0,7859
1758031200,45738.0,45801.0,45681.0,45733.0,9687
1758034800,45723.0,45781.0,45699.0,45779.0,5339
1758038400,45785.0,45814.0,45772.0,45794.0,3849
1758042000,45788.0,45816.0,45764.0,45798.0,8337
1758045600,45805.0,45840.0,45771.0,45825.0,2445
1758049200,45817.0,46165.0,45742.0,46127.0,44055
1758052800,46128.0,46168.0,45803.0,45815.0,0
1758060000,46140.0,46169.0,45812.0,46161.0,597
1758063600,46164.0,46164.0,46144.0,46161.0,357
1758067200,46154.0,46169.0,46136.0,46146.0,716
1758070800,46144.0,46145.0,46108.0,46115.0,1140
1758074400,46115.0,46118.0,46074.0,46092.0,652
1758078000,46084.0,46087.0,46082.0,46086.0,133
1758081600,46091.0,46102.0,46081.0,46096.0,313
1758085200,46096.0,46101.0,46080.0,46101.0,343
1758088800,46100.0,46124.0,46076.0,46116.0,1011
1758092400,46115.0,46127.0,46098.0,46114.0,1204
1758096000,46121.0,46134.0,46074.0,46129.0,2639
1758099600,46120.0,46149.0,46117.0,46128.0,1442
1758103200,46132.0,46147.0,46116.0,46116.0,1017
1758106800,46105.0,46148.0,46105.0,46142.0,943
1758110400,46136.0,46192.0,46135.0,46184.0,1413
1758114000,46182.0,46417.0,45827.0,46384.0,14979
1758117600,46389.0,46422.0,46310.0,46420.0,10851
1758121200,46421.0,46464.0,46392.0,46461.0,6317
1758124800,46460.0,46462.0,46302.0,46305.0,7521
1758128400,46318.0,46387.0,46316.0,46382.0,5903
1758132000,46497.0,46617.0,46038.0,46243.0,28512
1758135600,46279.0,46432.0,46239.0,46354.0,25164
1758139200,46378.0,46412.0,46357.0,46392.0,3728
1758146400,46390.0,46498.0,46386.0,46485.0,0
1758150000,46484.0,46511.0,46482.0,46496.0,898
1758153600,46491.0,46491.0,46447.0,46456.0,606
1758157200,46452.0,46491.0,46451.0,46489.0,596
1758160800,46480.0,46511.0,46475.0,46495.0,471
1758164400,46504.0,46525.0,46492.0,46501.0,704
1758168000,46497.0,46520.0,46492.0,46517.0,424
1758171600,46517.0,46521.0,46474.0,46497.0,592
1758175200,46495.0,46526.0,46464.0,46522.0,1155
1758178800,46532.0,46598.0,46517.0,46592.0,1675
1758182400,46598.0,46703.0,46566.0,46694.0,3634
1758186000,46695.0,46719.0,46680.0,46690.0,1804
1758189600,46681.0,46701.0,46635.0,46649.0,2446
1758193200,46660.0,46700.0,46606.0,46615.0,2641
1758196800,46621.0,46622.0,46456.0,46456.0,3484
1758200400,46458.0,46458.0,46046.0,46425.0,22080
1758204000,46426.0,46673.0,46422.0,46492.0,18607
1758207600,46502.0,46566.0,46128.0,46457.0,10986
1758211200,46455.0,46624.0,46451.0,46624.0,6617
1758214800,46632.0,46642.0,46503.0,46503.0,7228
1758218400,46517.0,46554.0,46450.0,46540.0,4791
1758222000,46541.0,46568.0,46462.0,46510.0,9098
1758225600,46509.0,46555.0,46502.0,46552.0,2392
1758232800,46549.0,46608.0,46549.0,46597.0,0
1758236400,46593.0,46604.0,46586.0,46586.0,603
1758240000,46586.0,46606.0,46522.0,46550.0,817
1758243600,46550.0,46579.0,46537.0,46574.0,359
1758247200,46579.0,46579.0,46535.0,46545.0,334
1758250800,46550.0,46592.0,46547.0,46559.0,496
1758254400,46561.0,46562.0,46512.0,46555.0,716
1758258000,46556.0,46557.0,46488.0,46506.0,684
1758261600,46503.0,46514.0,46437.0,46464.0,1438
1758265200,46449.0,46486.0,46398.0,46484.0,1737
1758268800,46474.0,46530.0,46474.0,46515.0,1365
1758272400,46517.0,46529.0,46491.0,46497.0,1050
1758276000,46494.0,46512.0,46478.0,46497.0,1201
1758279600,46512.0,46537.0,46493.0,46534.0,1045
1758283200,46532.0,46586.0,46532.0,46568.0,1692
1758286800,46566.0,46686.0,46322.0,46545.0,18430
1758290400,46544.0,46588.0,46475.0,46501.0,9764
1758294000,46515.0,46544.0,46445.0,46507.0,7231
1758297600,46519.0,46627.0,46519.0,46605.0,5764
1758301200,46605.0,46653.0,46576.0,46652.0,3598
1758304800,46653.0,46654.0,46607.0,46652.0,3523
1758308400,46652.0,46738.0,46641.0,46674.0,9305
1758312000,46648.0,46652.0,46611.0,46651.0,5999
1758492000,46605.0,46615.0,46585.0,46600.0,476
1758495600,46602.0,46602.0,46577.0,46578.0,315
1758499200,46586.0,46605.0,46547.0,46550.0,1097
1758502800,46554.0,46584.0,46550.0,46567.0,497
1758506400,46572.0,46574.0,46561.0,46572.0,255
1758510000,46571.0,46606.0,46566.0,46606.0,434
1758513600,46600.0,46607.0,46580.0,46582.0,206
1758517200,46589.0,46601.0,46584.0,46584.0,347
1758520800,46585.0,46585.0,46553.0,46567.0,847
1758524400,46563.0,46575.0,46461.0,46508.0,2182
1758528000,46507.0,46553.0,46488.0,46519.0,1499
1758531600,46526.0,46526.0,46490.0,46499.0,1111
1758535200,46498.0,46536.0,46498.0,46499.0,1064
1758538800,46494.0,46499.0,46466.0,46490.0,1270
1758542400,46492.0,46495.0,46439.0,46445.0,1703
1758546000,46446.0,46547.0,46371.0,46541.0,12606
1758549600,46540.0,46674.0,46495.0,46671.0,10269
1758553200,46670.0,46720.0,46645.0,46668.0,7739
1758556800,46675.0,46716.0,46647.0,46705.0,4912
1758560400,46725.0,46767.0,46692.0,46709.0,4465
1758564000,46719.0,46744.0,46684.0,46744.0,3671
1758567600,46744.0,46781.0,46730.0,46761.0,6081
1758571200,46718.0,46723.0,46683.0,46702.0,0
1758578400,46702.0,46712.0,46686.0,46699.0,574
1758582000,46702.0,46735.0,46696.0,46720.0,836
1758585600,46720.0,46739.0,46708.0,46724.0,937
1758589200,46724.0,46752.0,46723.0,46732.0,411
1758592800,46732.0,46748.0,46725.0,46727.0,249
1758596400,46727.0,46742.0,46726.0,46728.0,267
1758600000,46724.0,46725.0,46697.0,46708.0,349
1758603600,46707.0,46759.0,46702.0,46732.0,485
1758607200,46733.0,46752.0,46722.0,46750.0,638
1758610800,46748.0,46752.0,46716.0,46730.0,1380
1758614400,46727.0,46780.0,46710.0,46779.0,1433
1758618000,46779.0,46795.0,46761.0,46781.0,950
1758621600,46782.0,46788.0,46730.0,46759.0,1292
1758625200,46759.0,46777.0,46740.0,46771.0,1197
1758628800,46772.0,46782.0,46758.0,46773.0,1546
1758632400,46773.0,47031.0,46757.0,47026.0,17619
1758636000,47026.0,47055.0,46882.0,46921.0,16283
1758639600,46924.0,46938.0,46747.0,46750.0,10188
1758643200,46750.0,46796.0,46700.0,46723.0,10285
1758646800,46725.0,46742.0,46545.0,46607.0,12977
1758650400,46607.0,46635.0,46551.0,46571.0,8316
1758654000,46607.0,46664.0,46580.0,46638.0,11101
1758657600,46640.0,46657.0,46636.0,46649.0,2050
1758664800,46670.0,46679.0,46645.0,46663.0,0
1758668400,46665.0,46666.0,46652.0,46656.0,232
1758672000,46654.0,46678.0,46618.0,46670.0,1247
1758675600,46669.0,46675.0,46639.0,46655.0,533
1758679200,46655.0,46678.0,46648.0,46676.0,1071
1758682800,46674.0,46681.0,46664.0,46678.0,553
1758686400,46684.0,46702.0,46679.0,46697.0,1272
1758690000,46697.0,46711.0,46690.0,46711.0,408
1758693600,46711.0,46729.0,46700.0,46706.0,1075
1758697200,46707.0,46715.0,46622.0,46691.0,2016
1758700800,46692.0,46692.0,46625.0,46644.0,1611
1758704400,46645.0,46665.0,46632.0,46647.0,650
1758708000,46647.0,46654.0,46614.0,46643.0,632
1758711600,46644.0,46682.0,46644.0,46666.0,1065
1758715200,46663.0,46713.0,46663.0,46712.0,1697
1758718800,46713.0,46789.0,46638.0,46682.0,15272
1758722400,46681.0,46711.0,46631.0,46652.0,10180
1758726000,46657.0,46670.0,46452.0,46471.0,11454
1758729600,46470.0,46537.0,46432.0,46481.0,9925
1758733200,46484.0,46548.0,46434.0,46456.0,7118
1758736800,46455.0,46490.0,46415.0,46478.0,5764
1758740400,46476.0,46476.0,46427.0,46438.0,7690
1758744000,46437.0,46500.0,46436.0,46487.0,2476
1758751200,46490.0,46491.0,46462.0,46478.0,0
1758754800,46480.0,46490.0,46462.0,46486.0,250
1758758400,46489.0,46518.0,46484.0,46506.0,742
1758762000,46507.0,46528.0,46499.0,46512.0,474
1758765600,46515.0,46524.0,46508.0,46521.0,351
1758769200,46521.0,46533.0,46515.0,46532.0,237
1758772800,46532.0,46540.0,46495.0,46502.0,379
1758776400,46501.0,46502.0,46474.0,46494.0,499
1758780000,46493.0,46502.0,46431.0,46442.0,1002
1758783600,46443.0,46473.0,46384.0,46452.0,1959
1758787200,46453.0,46492.0,46438.0,46459.0,1652
1758790800,46458.0,46489.0,46451.0,46480.0,894
1758794400,46483.0,46493.0,46436.0,46446.0,1346
1758798000,46448.0,46450.0,46352.0,46363.0,2896
1758801600,46363.0,46416.0,46271.0,46312.0,4952
1758805200,46310.0,46391.0,46199.0,46252.0,18386
1758808800,46254.0,46444.0,46233.0,46426.0,12084
1758812400,46426.0,46430.0,46265.0,46367.0,9403
1758816000,46367.0,46388.0,46303.0,46313.0,4839
1758819600,46310.0,46345.0,46158.0,46158.0,7752
1758823200,46160.0,46296.0,46098.0,46270.0,9688
1758826800,46270.0,46300.0,46212.0,46272.0,7677
1758830400,46273.0,46311.0,46260.0,46275.0,2504
1758837600,46275.0,46318.0,46258.0,46273.0,0
1758841200,46272.0,46280.0,46245.0,46265.0,575
1758844800,46262.0,46290.0,46244.0,46283.0,670
1758848400,46282.0,46294.0,46252.0,46270.0,702
1758852000,46270.0,46318.0,46266.0,46292.0,551
1758855600,46291.0,46295.0,46247.0,46276.0,603
1758859200,46274.0,46291.0,46234.0,46239.0,644
1758862800,46239.0,46289.0,46235.0,46287.0,452
1758866400,46288.0,46365.0,46283.0,46334.0,1307
1758870000,46334.0,46382.0,46302.0,46367.0,1760
1758873600,46364.0,46391.0,46339.0,46342.0,2000
1758877200,46342.0,46358.0,46318.0,46345.0,1609
1758880800,46346.0,46349.0,46314.0,46327.0,1333
1758884400,46327.0,46344.0,46299.0,46335.0,1414
1758888000,46334.0,46508.0,46328.0,46489.0,5979
1758891600,46489.0,46645.0,46414.0,46643.0,15441
1758895200,46635.0,46668.0,46345.0,46373.0,14320
1758898800,46378.0,46502.0,46348.0,46407.0,7017
1758902400,46411.0,46606.0,46398.0,46595.0,5651
1758906000,46595.0,46634.0,46555.0,46601.0,6160
1758909600,46602.0,46648.0,46565.0,46618.0,4192
1758913200,46617.0,46624.0,46527.0,46549.0,8693
1758916800,46549.0,46606.0,46547.0,46555.0,2341
1759096800,46589.0,46608.0,46570.0,46592.0,219
1759100400,46591.0,46622.0,46589.0,46609.0,235
1759104000,46608.0,46644.0,46594.0,46631.0,1050
1759107600,46631.0,46653.0,46612.0,46650.0,522
1759111200,46644.0,46666.0,46639.0,46661.0,333
1759114800,46664.0,46684.0,46657.0,46672.0,478
1759118400,46671.0,46693.0,46667.0,46679.0,392
1759122000,46680.0,46691.0,46661.0,46663.0,499
1759125600,46665.0,46725.0,46658.0,46707.0,910
1759129200,46709.0,46744.0,46667.0,46716.0,1113
1759132800,46717.0,46736.0,46687.0,46727.0,1490
1759136400,46729.0,46757.0,46720.0,46741.0,975
1759140000,46742.0,46787.0,46738.0,46766.0,1019
1759143600,46766.0,46770.0,46698.0,46722.0,1160
1759147200,46723.0,46764.0,46708.0,46755.0,1556
1759150800,46753.0,46769.0,46472.0,46520.0,13454
1759154400,46522.0,46588.0,46478.0,46521.0,10913
1759158000,46517.0,46539.0,46442.0,46484.0,7839
1759161600,46484.0,46530.0,46461.0,46495.0,3527
1759165200,46497.0,46529.0,46448.0,46515.0,3132
1759168800,46516.0,46606.0,46514.0,46606.0,4004
1759172400,46606.0,46640.0,46486.0,46618.0,12070
1759176000,46617.0,46634.0,46572.0,46587.0,2980
1759183200,46580.0,46615.0,46569.0,46613.0,0
1759186800,46612.0,46628.0,46602.0,46604.0,477
1759190400,46604.0,46631.0,46572.0,46624.0,749
1759194000,46618.0,46625.0,46577.0,46590.0,560
1759197600,46590.0,46615.0,46577.0,46611.0,486
1759201200,46610.0,46627.0,46598.0,46606.0,354
1759204800,46605.0,46610.0,46576.0,46578.0,358
1759208400,46576.0,46601.0,46567.0,46593.0,418
1759212000,46592.0,46609.0,46539.0,46542.0,630
1759215600,46543.0,46558.0,46481.0,46534.0,1671
1759219200,46535.0,46537.0,46484.0,46514.0,1264
1759222800,46513.0,46530.0,46497.0,46502.0,853
1759226400,46505.0,46516.0,46456.0,46501.0,891
1759230000,46500.0,46526.0,46479.0,46514.0,990
1759233600,46512.0,46580.0,46494.0,46556.0,2026
1759237200,46558.0,46660.0,46532.0,46652.0,10386
1759240800,46659.0,46673.0,46409.0,46493.0,15295
1759244400,46494.0,46531.0,46386.0,46488.0,9186
1759248000,46490.0,46638.0,46473.0,46492.0,8940
1759251600,46492.0,46513.0,46425.0,46470.0,5850
1759255200,46468.0,46603.0,46459.0,46586.0,5232
1759258800,46587.0,46717.0,46579.0,46684.0,11549
1759262400,46684.0,46693.0,46585.0,46598.0,5031
1759269600,46617.0,46670.0,46594.0,46613.0,0
1759273200,46615.0,46637.0,46589.0,46627.0,802
1759276800,46628.0,46636.0,46558.0,46565.0,1200
1759280400,46566.0,46567.0,46533.0,46540.0,727
1759284000,46537.0,46542.0,46508.0,46520.0,573
1759287600,46519.0,46519.0,46484.0,46499.0,542
1759291200,46496.0,46518.0,46489.0,46506.0,602
1759294800,46505.0,46511.0,46465.0,46466.0,577
1759298400,46469.0,46494.0,46346.0,46368.0,2796
1759302000,46366.0,46402.0,46335.0,46382.0,2793
1759305600,46383.0,46447.0,46357.0,46430.0,2496
1759309200,46429.0,46477.0,46423.0,46463.0,1385
1759312800,46463.0,46480.0,46443.0,46451.0,1671
1759316400,46452.0,46559.0,46447.0,46556.0,2014
1759320000,46554.0,46584.0,46489.0,46574.0,4881
1759323600,46578.0,46730.0,46532.0,46578.0,17217
1759327200,46579.0,46718.0,46557.0,46671.0,9186
1759330800,46670.0,46817.0,46647.0,46751.0,8657
1759334400,46753.0,46769.0,46617.0,46645.0,6036
1759338000,46645.0,46714.0,46631.0,46700.0,4375
1759341600,46703.0,46790.0,46699.0,46787.0,4681
1759345200,46789.0,46797.0,46741.0,46743.0,6701
1759348800,46706.0,46711.0,46684.0,46697.0,5576
1759356000,46701.0,46725.0,46689.0,46692.0,0
1759359600,46703.0,46724.0,46686.0,46712.0,564
1759363200,46706.0,46750.0,46686.0,46739.0,968
1759366800,46731.0,46767.0,46724.0,46750.0,649
1759370400,46740.0,46741.0,46714.0,46718.0,338
1759374000,46712.0,46728.0,46702.0,46709.0,433
1759377600,46713.0,46745.0,46689.0,46722.0,625
1759381200,46728.0,46743.0,46711.0,46722.0,628
1759384800,46732.0,46732.0,46683.0,46701.0,877
1759388400,46698.0,46729.0,46685.0,46696.0,1479
1759392000,46698.0,46730.0,46688.0,46717.0,1794
1759395600,46706.0,46720.0,46668.0,46692.0,1278
1759399200,46690.0,46705.0,46680.0,46690.0,1476
1759402800,46690.0,46703.0,46681.0,46686.0,1485
1759406400,46691.0,46725.0,46682.0,46684.0,2341
1759410000,46682.0,46843.0,46682.0,46820.0,16366
1759413600,46818.0,46818.0,46614.0,46629.0,13418
1759417200,46628.0,46667.0,46554.0,46666.0,9832
1759420800,46664.0,46712.0,46627.0,46689.0,5301
1759424400,46692.0,46784.0,46667.0,46784.0,4020
1759428000,46785.0,46872.0,46785.0,46835.0,5799
1759431600,46829.0,46839.0,46784.0,46799.0,5788
1759435200,46813.0,46817.0,46784.0,46798.0,3642
1759442400,46802.0,46806.0,46762.0,46806.0,0
1759446000,46803.0,46811.0,46794.0,46809.0,290
1759449600,46809.0,46835.0,46792.0,46826.0,754
1759453200,46820.0,46867.0,46820.0,46862.0,416
1759456800,46864.0,46866.0,46838.0,46856.0,324
1759460400,46860.0,46892.0,46860.0,46889.0,495
1759464000,46887.0,46902.0,46887.0,46901.0,391
1759467600,46902.0,46906.0,46884.0,46888.0,436
1759471200,46881.0,46909.0,46869.0,46900.0,901
1759474800,46898.0,46919.0,46895.0,46918.0,1000
1759478400,46926.0,46926.0,46894.0,46899.0,901
1759482000,46906.0,46951.0,46898.0,46946.0,1009
1759485600,46937.0,46937.0,46903.0,46910.0,676
1759489200,46902.0,46910.0,46862.0,46879.0,1503
1759492800,46889.0,46898.0,46837.0,46862.0,1515
1759496400,46858.0,47060.0,46825.0,47037.0,14320
1759500000,47033.0,47265.0,46983.0,47213.0,18605
1759503600,47182.0,47248.0,47107.0,47248.0,12639
1759507200,47249.0,47323.0,47241.0,47309.0,8465
1759510800,47307.0,47307.0,47064.0,47082.0,12431
1759514400,47097.0,47160.0,47051.0,47107.0,7865
1759518000,47113.0,47126.0,47017.0,47028.0,7659
1759521600,47037.0,47044.0,47014.0,47031.0,4925
1759701600,47080.0,47112.0,47067.0,47109.0,730
1759705200,47113.0,47150.0,47102.0,47123.0,698
1759708800,47126.0,47126.0,47066.0,47079.0,1377
1759712400,47080.0,47095.0,47069.0,47095.0,588
1759716000,47091.0,47119.0,47090.0,47115.0,367
1759719600,47125.0,47134.0,47122.0,47134.0,347
1759723200,47106.0,47162.0,47101.0,47152.0,748
1759726800,47150.0,47152.0,47118.0,47127.0,442
1759730400,47120.0,47130.0,47108.0,47126.0,773
1759734000,47126.0,47130.0,47048.0,47084.0,2612
1759737600,47083.0,47108.0,47078.0,47087.0,1855
1759741200,47087.0,47128.0,47082.0,47120.0,909
1759744800,47121.0,47141.0,47104.0,47126.0,1859
1759748400,47130.0,47149.0,47102.0,47148.0,2162
1759752000,47145.0,47145.0,47104.0,47112.0,2379
1759755600,47111.0,47149.0,46824.0,46824.0,19106
1759759200,46781.0,46936.0,46699.0,46909.0,21831
1759762800,46910.0,46980.0,46910.0,46934.0,7273
1759766400,46940.0,46941.0,46869.0,46913.0,5204
1759770000,46910.0,47006.0,46893.0,47000.0,5625
1759773600,46996.0,47000.0,46947.0,46955.0,3529
1759777200,46946.0,46994.0,46929.0,46976.0,7340
1759780800,46944.0,46970.0,46944.0,46970.0,3888
1759824000,46851.0,46872.0,46821.0,46870.0,732
1759827600,46871.0,46897.0,46871.0,46884.0,904
1759831200,46905.0,47002.0,46900.0,46968.0,4155
1759834800,46970.0,46998.0,46948.0,46972.0,2228
1759838400,46974.0,47034.0,46973.0,47030.0,1986
1759842000,47031.0,47123.0,46948.0,46951.0,16194
1759845600,46950.0,46963.0,46850.0,46883.0,13162
1759849200,46885.0,46914.0,46766.0,46770.0,14640
1759852800,46772.0,46838.0,46706.0,46772.0,10044
1759856400,46774.0,46845.0,46763.0,46772.0,5634
1759860000,46756.0,46811.0,46739.0,46810.0,4658
1759863600,46796.0,46864.0,46794.0,46858.0,8523
1759867200,46858.0,46891.0,46857.0,46880.0,2664
1759874400,46884.0,46900.0,46871.0,46893.0,0
1759878000,46891.0,46892.0,46833.0,46843.0,686
1759881600,46842.0,46871.0,46824.0,46871.0,645
1759885200,46873.0,46891.0,46872.0,46886.0,716
1759888800,46882.0,46913.0,46882.0,46895.0,466
1759892400,46902.0,46907.0,46892.0,46906.0,316
1759896000,46907.0,46915.0,46889.0,46898.0,500
1759899600,46893.0,46893.0,46862.0,46864.0,575
1759903200,46866.0,46876.0,46850.0,46875.0,916
1759906800,46875.0,46940.0,46871.0,46935.0,1731
1759910400,46931.0,46935.0,46886.0,46908.0,1450
1759914000,46919.0,46938.0,46905.0,46917.0,892
1759917600,46914.0,46965.0,46906.0,46963.0,1067
1759921200,46962.0,46985.0,46928.0,46975.0,1941
1759924800,46973.0,46980.0,46940.0,46975.0,1799
1759928400,46986.0,47005.0,46753.0,46777.0,17221
1759932000,46775.0,46973.0,46773.0,46958.0,11202
1759935600,46958.0,47080.0,46955.0,47054.0,7346
1759939200,47047.0,47064.0,46975.0,46998.0,4867
1759942800,47007.0,47019.0,46922.0,46926.0,3716
1759946400,46922.0,46952.0,46862.0,46874.0,4932
1759950000,46872.0,46898.0,46851.0,46873.0,5985
1759953600,46868.0,46900.0,46861.0,46877.0,4034
1759960800,46876.0,46912.0,46876.0,46897.0,0
1759964400,46901.0,46928.0,46889.0,46898.0,663
1759968000,46893.0,46903.0,46882.0,46903.0,686
1759971600,46902.0,46908.0,46871.0,46880.0,823
1759975200,46868.0,46880.0,46843.0,46848.0,562
1759978800,46859.0,46868.0,46795.0,46816.0,1504
1759982400,46813.0,46848.0,46811.0,46848.0,329
1759986000,46848.0,46882.0,46843.0,46871.0,585
1759989600,46876.0,46893.0,46853.0,46862.0,745
1759993200,46872.0,46887.0,46860.0,46868.0,1123
1759996800,46855.0,46875.0,46853.0,46866.0,1435
1760000400,46869.0,46902.0,46856.0,46887.0,998
1760004000,46889.0,46892.0,46860.0,46885.0,903
1760007600,46879.0,46899.0,46870.0,46873.0,1678
1760011200,46862.0,46866.0,46837.0,46859.0,1631
1760014800,46863.0,46930.0,46698.0,46707.0,18432
1760018400,46684.0,46750.0,46616.0,46688.0,15504
1760022000,46682.0,46732.0,46626.0,46704.0,9486
1760025600,46697.0,46715.0,46581.0,46581.0,6398
1760029200,46579.0,46621.0,46543.0,46592.0,7735
1760032800,46591.0,46593.0,46510.0,46544.0,4950
1760036400,46534.0,46619.0,46521.0,46601.0,10318
1760040000,46602.0,46616.0,46584.0,46596.0,2688
1760047200,46578.0,46643.0,46578.0,46639.0,0
1760050800,46640.0,46651.0,46628.0,46649.0,521
1760054400,46658.0,46671.0,46628.0,46664.0,845
1760058000,46663.0,46672.0,46648.0,46668.0,361
1760061600,46665.0,46669.0,46642.0,46648.0,306
1760065200,46641.0,46661.0,46639.0,46647.0,392
1760068800,46647.0,46656.0,46616.0,46623.0,671
1760072400,46624.0,46662.0,46615.0,46662.0,570
1760076000,46663.0,46680.0,46594.0,46620.0,1419
1760079600,46624.0,46660.0,46616.0,46652.0,1360
1760083200,46653.0,46660.0,46638.0,46646.0,1387
1760086800,46633.0,46657.0,46592.0,46599.0,1855
1760090400,46601.0,46643.0,46598.0,46643.0,797
1760094000,46647.0,46664.0,46635.0,46656.0,1258
1760097600,46662.0,46689.0,46649.0,46657.0,2254
1760101200,46672.0,46864.0,46672.0,46738.0,19290
1760104800,46753.0,46791.0,46385.0,46469.0,15903
1760108400,46468.0,46488.0,45994.0,46096.0,39761
1760112000,46092.0,46176.0,45985.0,46009.0,16645
1760115600,46006.0,46094.0,45923.0,46040.0,11542
1760119200,46040.0,46060.0,45899.0,45905.0,8861
1760122800,45903.0,45923.0,45693.0,45715.0,16276
1760126400,45723.0,45780.0,45439.0,45706.0,12621
1760306400,46045.0,46125.0,46018.0,46026.0,3397
1760310000,46022.0,46080.0,45979.0,46061.0,2595
1760313600,46059.0,46086.0,46000.0,46074.0,3074
1760317200,46079.0,46107.0,46039.0,46106.0,1945
1760320800,46106.0,46134.0,46105.0,46114.0,1406
1760324400,46109.0,46131.0,46079.0,46084.0,1415
1760328000,46085.0,46112.0,46076.0,46107.0,1160
1760331600,46106.0,46140.0,46092.0,46133.0,956
1760335200,46131.0,46148.0,46083.0,46140.0,1920
1760338800,46153.0,46257.0,46130.0,46208.0,3184
1760342400,46207.0,46256.0,46145.0,46154.0,3522
1760346000,46164.0,46180.0,46134.0,46146.0,1858
1760349600,46152.0,46164.0,46105.0,46138.0,1554
1760353200,46142.0,46191.0,46015.0,46058.0,5606
1760356800,46042.0,46123.0,46009.0,46116.0,2978
1760360400,46102.0,46212.0,46021.0,46162.0,23193
1760364000,46217.0,46244.0,46073.0,46121.0,16646
1760367600,46124.0,46347.0,46088.0,46287.0,10012
1760371200,46285.0,46361.0,46261.0,46356.0,6998
1760374800,46362.0,46381.0,46216.0,46265.0,6078
1760378400,46282.0,46365.0,46194.0,46206.0,6211
1760382000,46208.0,46345.0,46205.0,46305.0,8673
1760385600,46293.0,46308.0,46272.0,46291.0,4458
1760392800,46308.0,46343.0,46307.0,46334.0,0
1760396400,46333.0,46335.0,46295.0,46307.0,567
1760400000,46328.0,46467.0,46314.0,46426.0,2934
1760403600,46425.0,46427.0,46366.0,46414.0,1851
1760407200,46399.0,46423.0,46367.0,46374.0,767
1760410800,46366.0,46367.0,46298.0,46323.0,1028
1760414400,46323.0,46324.0,46184.0,46222.0,2895
1760418000,46222.0,46228.0,46021.0,46111.0,3359
1760421600,46111.0,46137.0,46066.0,46090.0,2670
1760425200,46090.0,46105.0,45920.0,46040.0,6632
1760428800,46047.0,46109.0,46000.0,46104.0,4495
1760432400,46096.0,46129.0,46041.0,46049.0,1544
1760436000,46041.0,46050.0,45907.0,45938.0,7421
1760439600,45941.0,46093.0,45941.0,46011.0,12667
1760443200,46027.0,46048.0,45807.0,45904.0,8366
1760446800,45940.0,45984.0,45663.0,45912.0,25591
1760450400,45908.0,46238.0,45892.0,46231.0,17996
1760454000,46244.0,46475.0,46202.0,46474.0,15432
1760457600,46466.0,46648.0,46397.0,46590.0,11495
1760461200,46582.0,46730.0,46526.0,46704.0,9003
1760464800,46705.0,46722.0,46643.0,46689.0,6576
1760468400,46692.0,46723.0,46395.0,46506.0,15297
1760472000,46496.0,46533.0,46422.0,46480.0,5211
1760479200,46488.0,46554.0,46480.0,46517.0,0
1760482800,46513.0,46565.0,46510.0,46532.0,688
1760486400,46512.0,46560.0,46484.0,46554.0,972
1760490000,46532.0,46570.0,46528.0,46545.0,814
1760493600,46543.0,46595.0,46543.0,46558.0,746
1760497200,46552.0,46571.0,46527.0,46553.0,425
1760500800,46565.0,46602.0,46557.0,46597.0,592
1760504400,46614.0,46626.0,46592.0,46599.0,1271
1760508000,46598.0,46624.0,46577.0,46604.0,1057
1760511600,46625.0,46653.0,46605.0,46628.0,1412
1760515200,46635.0,46675.0,46619.0,46635.0,2231
1760518800,46634.0,46696.0,46634.0,46692.0,1351
1760522400,46693.0,46708.0,46677.0,46689.0,1187
1760526000,46686.0,46733.0,46677.0,46724.0,1716
1760529600,46719.0,46761.0,46719.0,46732.0,3483
1760533200,46731.0,46851.0,46633.0,46818.0,19227
1760536800,46822.0,46914.0,46763.0,46765.0,12186
1760540400,46780.0,46793.0,46517.0,46587.0,13480
1760544000,46593.0,46627.0,46508.0,46546.0,9327
1760547600,46477.0,46551.0,46244.0,46543.0,17128
1760551200,46504.0,46548.0,46493.0,46541.0,6036
1760554800,46528.0,46545.0,46419.0,46481.0,9725
1760558400,46501.0,46545.0,46454.0,46481.0,6102
1760565600,46532.0,46579.0,46528.0,46571.0,0
1760569200,46562.0,46568.0,46495.0,46525.0,791
1760572800,46517.0,46529.0,46470.0,46505.0,1553
1760576400,46504.0,46537.0,46499.0,46515.0,681
1760580000,46515.0,46524.0,46469.0,46508.0,718
1760583600,46506.0,46516.0,46465.0,46477.0,490
1760587200,46472.0,46500.0,46467.0,46497.0,469
1760590800,46496.0,46528.0,46477.0,46502.0,1044
1760594400,46504.0,46563.0,46502.0,46561.0,1466
1760598000,46564.0,46613.0,46510.0,46593.0,3078
1760601600,46583.0,46620.0,46554.0,46573.0,1631
1760605200,46578.0,46650.0,46573.0,46650.0,1202
1760608800,46649.0,46681.0,46640.0,46676.0,2466
1760612400,46676.0,46679.0,46580.0,46591.0,3884
1760616000,46585.0,46614.0,46511.0,46589.0,2618
1760619600,46587.0,46603.0,46512.0,46535.0,18849
1760623200,46536.0,46635.0,46446.0,46544.0,17190
1760626800,46529.0,46623.0,46380.0,46430.0,14975
1760630400,46417.0,46457.0,46118.0,46354.0,19743
1760634000,46351.0,46410.0,46244.0,46271.0,12496
1760637600,46278.0,46288.0,46004.0,46183.0,18324
1760641200,46179.0,46208.0,46016.0,46166.0,14746
1760644800,46165.0,46168.0,46055.0,46119.0,3811
1760652000,46126.0,46166.0,46043.0,46046.0,0
1760655600,46047.0,46095.0,46027.0,46093.0,1660
1760659200,46092.0,46114.0,46051.0,46062.0,2035
1760662800,46066.0,46115.0,46036.0,46061.0,1662
1760666400,46064.0,46080.0,46042.0,46056.0,880
1760670000,46059.0,46073.0,46001.0,46039.0,1197
1760673600,46044.0,46051.0,45994.0,46009.0,905
1760677200,46003.0,46003.0,45917.0,45965.0,2077
1760680800,45967.0,45990.0,45862.0,45876.0,3293
1760684400,45877.0,45877.0,45616.0,45717.0,7827
1760688000,45720.0,45786.0,45652.0,45764.0,5680
1760691600,45751.0,45866.0,45747.0,45780.0,3610
1760695200,45796.0,45902.0,45766.0,45898.0,4632
1760698800,45917.0,46156.0,45907.0,46115.0,11199
1760702400,46124.0,46261.0,46118.0,46184.0,6246
1760706000,46182.0,46373.0,46115.0,46311.0,23341
1760709600,46239.0,46411.0,46146.0,46148.0,25410
1760713200,46152.0,46338.0,46099.0,46338.0,12508
1760716800,46326.0,46410.0,46237.0,46242.0,8034
1760720400,46270.0,46342.0,46205.0,46317.0,6624
1760724000,46359.0,46474.0,46346.0,46454.0,6501
1760727600,46452.0,46518.0,46388.0,46395.0,8011
1760731200,46392.0,46440.0,46376.0,46381.0,4408
1760911200,46493.0,46511.0,46444.0,46458.0,297
1760914800,46452.0,46455.0,46370.0,46388.0,610
1760918400,46387.0,46447.0,46324.0,46444.0,2501
1760922000,46433.0,46467.0,46424.0,46431.0,974
1760925600,46430.0,46452.0,46417.0,46448.0,480
1760929200,46445.0,46485.0,46442.0,46482.0,361
1760932800,46483.0,46509.0,46481.0,46507.0,599
1760936400,46508.0,46542.0,46487.0,46522.0,690
1760940000,46526.0,46547.0,46499.0,46532.0,962
1760943600,46530.0,46577.0,46521.0,46545.0,1197
1760947200,46533.0,46535.0,46457.0,46482.0,1835
1760950800,46462.0,46511.0,46458.0,46484.0,1167
1760954400,46491.0,46499.0,46428.0,46429.0,1568
1760958000,46425.0,46486.0,46424.0,46486.0,911
1760961600,46482.0,46543.0,46458.0,46540.0,1432
1760965200,46547.0,46677.0,46539.0,46576.0,14179
1760968800,46578.0,46836.0,46571.0,46819.0,13634
1760972400,46789.0,46800.0,46714.0,46737.0,7764
1760976000,46739.0,46841.0,46738.0,46836.0,4202
1760979600,46835.0,46925.0,46835.0,46913.0,5275
1760983200,46930.0,46954.0,46887.0,46927.0,3483
1760986800,46924.0,46962.0,46897.0,46910.0,7019
1760990400,46910.0,46958.0,46887.0,46955.0,3510
1760997600,46963.0,46963.0,46934.0,46936.0,0
1761001200,46936.0,46961.0,46914.0,46920.0,663
1761004800,46918.0,46951.0,46918.0,46946.0,724
1761008400,46952.0,46953.0,46925.0,46937.0,510
1761012000,46938.0,46959.0,46925.0,46926.0,463
1761015600,46928.0,46936.0,46909.0,46921.0,436
1761019200,46918.0,46918.0,46893.0,46894.0,535
1761022800,46898.0,46910.0,46856.0,46879.0,926
1761026400,46875.0,46880.0,46833.0,46847.0,1170
1761030000,46848.0,46850.0,46821.0,46846.0,1257
1761033600,46847.0,46847.0,46813.0,46816.0,1232
1761037200,46821.0,46859.0,46817.0,46847.0,1001
1761040800,46848.0,46905.0,46848.0,46898.0,3327
1761044400,46903.0,46944.0,46894.0,46932.0,2360
1761048000,46934.0,46941.0,46903.0,46904.0,1640
1761051600,46905.0,46987.0,46874.0,46967.0,14208
1761055200,46970.0,47215.0,46931.0,47212.0,16318
1761058800,47233.0,47331.0,47197.0,47210.0,13748
1761062400,47210.0,47271.0,47172.0,47179.0,7489
1761066000,47173.0,47239.0,47145.0,47218.0,6593
1761069600,47220.0,47249.0,47177.0,47192.0,3850
1761073200,47189.0,47211.0,47161.0,47166.0,6205
1761076800,47135.0,47164.0,47127.0,47154.0,4735
1761084000,47156.0,47162.0,47115.0,47162.0,0
1761087600,47160.0,47160.0,47118.0,47120.0,754
1761091200,47115.0,47135.0,47094.0,47096.0,963
1761094800,47097.0,47133.0,47097.0,47131.0,848
1761098400,47123.0,47143.0,47120.0,47132.0,409
1761102000,47128.0,47139.0,47095.0,47139.0,785
1761105600,47148.0,47197.0,47146.0,47188.0,1157
1761109200,47188.0,47196.0,47158.0,47162.0,427
1761112800,47163.0,47202.0,47157.0,47185.0,990
1761116400,47184.0,47186.0,47134.0,47167.0,1518
1761120000,47165.0,47165.0,47104.0,47123.0,1464
1761123600,47123.0,47142.0,47091.0,47140.0,1027
1761127200,47135.0,47154.0,47128.0,47130.0,1143
1761130800,47133.0,47133.0,47087.0,47098.0,1723
1761134400,47092.0,47158.0,47092.0,47144.0,3605
1761138000,47145.0,47145.0,46998.0,47014.0,13588
1761141600,47008.0,47049.0,46937.0,47022.0,15545
1761145200,47018.0,47043.0,46928.0,47014.0,10478
1761148800,46990.0,47005.0,46694.0,46951.0,16406
1761152400,46903.0,46921.0,46656.0,46666.0,9849
1761156000,46718.0,46779.0,46662.0,46766.0,7262
1761159600,46765.0,46825.0,46717.0,46780.0,9355
1761163200,46780.0,46806.0,46668.0,46720.0,4762
1761170400,46709.0,46711.0,46675.0,46702.0,0
1761174000,46695.0,46732.0,46674.0,46677.0,891
1761177600,46665.0,46690.0,46633.0,46690.0,1379
1761181200,46691.0,46742.0,46688.0,46741.0,1017
1761184800,46742.0,46767.0,46740.0,46758.0,728
1761188400,46756.0,46780.0,46737.0,46742.0,862
1761192000,46744.0,46754.0,46720.0,46729.0,573
1761195600,46730.0,46751.0,46705.0,46749.0,692
1761199200,46746.0,46759.0,46724.0,46750.0,1149
1761202800,46757.0,46764.0,46693.0,46744.0,1589
1761206400,46749.0,46756.0,46706.0,46716.0,1830
1761210000,46712.0,46721.0,46659.0,46680.0,1541
1761213600,46715.0,46754.0,46698.0,46751.0,3430
1761217200,46743.0,46749.0,46661.0,46685.0,1773
1761220800,46679.0,46698.0,46648.0,46698.0,2057
1761224400,46715.0,46905.0,46662.0,46819.0,12335
1761228000,46830.0,46851.0,46676.0,46798.0,11983
1761231600,46808.0,46862.0,46747.0,46810.0,7702
1761235200,46815.0,46923.0,46783.0,46896.0,5443
1761238800,46905.0,46973.0,46850.0,46957.0,7053
1761242400,46958.0,46988.0,46934.0,46966.0,3961
1761246000,46972.0,46976.0,46901.0,46909.0,5737
1761249600,46915.0,46920.0,46866.0,46884.0,3893
1761256800,46896.0,46917.0,46896.0,46905.0,0
1761260400,46914.0,46920.0,46907.0,46914.0,248
1761264000,46918.0,46921.0,46900.0,46913.0,447
1761267600,46923.0,46949.0,46922.0,46948.0,395
1761271200,46950.0,46960.0,46943.0,46945.0,498
1761274800,46946.0,46975.0,46943.0,46970.0,351
1761278400,46971.0,46978.0,46961.0,46968.0,576
1761282000,46972.0,46998.0,46966.0,46995.0,350
1761285600,47000.0,47032.0,46999.0,47012.0,878
1761289200,47010.0,47011.0,46956.0,46958.0,1322
1761292800,46960.0,46965.0,46898.0,46935.0,1512
1761296400,46935.0,46988.0,46932.0,46966.0,596
1761300000,46966.0,46990.0,46963.0,46967.0,1082
1761303600,46968.0,47017.0,46967.0,47004.0,1272
1761307200,47006.0,47240.0,46985.0,47113.0,4734
1761310800,47115.0,47330.0,47108.0,47305.0,16464
1761314400,47338.0,47355.0,47239.0,47288.0,13483
1761318000,47304.0,47499.0,47293.0,47464.0,12539
1761321600,47465.0,47488.0,47369.0,47419.0,8057
1761325200,47417.0,47508.0,47404.0,47460.0,5109
1761328800,47444.0,47476.0,47441.0,47467.0,4146
1761332400,47482.0,47493.0,47392.0,47393.0,8827
1761336000,47400.0,47417.0,47383.0,47396.0,4213
1761516000,47704.0,47717.0,47650.0,47672.0,1041
1761519600,47678.0,47700.0,47652.0,47662.0,448
1761523200,47658.0,47686.0,47643.0,47668.0,1584
1761526800,47660.0,47662.0,47629.0,47633.0,749
1761530400,47624.0,47647.0,47604.0,47642.0,644
1761534000,47645.0,47679.0,47644.0,47662.0,742
1761537600,47666.0,47684.0,47658.0,47677.0,446
1761541200,47675.0,47698.0,47675.0,47698.0,395
1761544800,47691.0,47727.0,47691.0,47715.0,907
1761548400,47713.0,47736.0,47707.0,47709.0,1563
1761552000,47700.0,47707.0,47642.0,47661.0,2196
1761555600,47658.0,47677.0,47634.0,47671.0,825
1761559200,47666.0,47666.0,47644.0,47658.0,844
1761562800,47665.0,47666.0,47595.0,47598.0,1326
1761566400,47595.0,47635.0,47595.0,47625.0,1348
1761570000,47630.0,47668.0,47558.0,47631.0,11300
1761573600,47639.0,47700.0,47582.0,47611.0,8460
1761577200,47583.0,47652.0,47565.0,47636.0,6546
1761580800,47637.0,47653.0,47606.0,47639.0,3748
1761584400,47628.0,47629.0,47559.0,47611.0,4036
1761588000,47606.0,47632.0,47591.0,47629.0,2614
1761591600,47629.0,47729.0,47614.0,47715.0,6922
1761595200,47715.0,47768.0,47714.0,47749.0,4443
1761602400,47745.0,47745.0,47718.0,47726.0,0
1761606000,47724.0,47762.0,47718.0,47724.0,1175
1761609600,47718.0,47740.0,47710.0,47737.0,1021
1761613200,47736.0,47739.0,47713.0,47718.0,666
1761616800,47718.0,47725.0,47702.0,47714.0,377
1761620400,47710.0,47718.0,47705.0,47716.0,266
1761624000,47716.0,47722.0,47694.0,47696.0,436
1761627600,47696.0,47712.0,47689.0,47709.0,440
1761631200,47704.0,47725.0,47693.0,47699.0,611
1761634800,47701.0,47724.0,47695.0,47697.0,855
1761638400,47700.0,47722.0,47690.0,47719.0,1216
1761642000,47721.0,47794.0,47692.0,47784.0,2122
1761645600,47775.0,47821.0,47751.0,47761.0,3084
1761649200,47795.0,47888.0,47795.0,47880.0,3651
1761652800,47891.0,47949.0,47891.0,47922.0,3155
1761656400,47932.0,48089.0,47859.0,47907.0,20287
1761660000,47928.0,48032.0,47892.0,47957.0,10205
1761663600,47957.0,47999.0,47862.0,47880.0,6848
1761667200,47887.0,48050.0,47884.0,48048.0,7658
1761670800,48103.0,48107.0,48028.0,48045.0,6198
1761674400,48046.0,48118.0,48017.0,48026.0,3649
1761678000,48024.0,48024.0,47860.0,47922.0,7788
1761681600,47895.0,47916.0,47831.0,47881.0,5740
1761688800,47876.0,47897.0,47861.0,47866.0,0
1761692400,47862.0,47866.0,47844.0,47857.0,419
1761696000,47858.0,47861.0,47825.0,47831.0,949
1761699600,47841.0,47859.0,47817.0,47820.0,1105
1761703200,47814.0,47855.0,47813.0,47847.0,890
1761706800,47846.0,47851.0,47832.0,47842.0,450
1761710400,47834.0,47858.0,47830.0,47856.0,379
1761714000,47856.0,47862.0,47838.0,47846.0,455
1761717600,47843.0,47862.0,47839.0,47857.0,608
1761721200,47859.0,47879.0,47848.0,47871.0,937
1761724800,47869.0,47889.0,47772.0,47778.0,2536
1761728400,47779.0,47782.0,47740.0,47779.0,1811
1761732000,47779.0,47964.0,47778.0,47940.0,5325
1761735600,47941.0,47996.0,47921.0,47966.0,3827
1761739200,47954.0,48007.0,47940.0,48005.0,2185
1761742800,47998.0,48203.0,47949.0,48191.0,17036
1761746400,48138.0,48171.0,48057.0,48118.0,8930
1761750000,48127.0,48160.0,48094.0,48096.0,6214
1761753600,48096.0,48173.0,48094.0,48140.0,5088
1761757200,48143.0,48143.0,47986.0,47995.0,4879
1761760800,48007.0,48052.0,47641.0,47840.0,18582
1761764400,47842.0,47865.0,47629.0,47792.0,12715
1761768000,47823.0,47862.0,47675.0,47772.0,0
1761775200,47733.0,47768.0,47679.0,47706.0,819
1761778800,47703.0,47782.0,47682.0,47762.0,1409
1761782400,47762.0,47878.0,47755.0,47836.0,2249
1761786000,47832.0,47868.0,47793.0,47848.0,1357
1761789600,47848.0,47927.0,47845.0,47884.0,1162
1761793200,47886.0,47922.0,47867.0,47872.0,1140
1761796800,47878.0,47892.0,47650.0,47710.0,6434
1761800400,47708.0,47839.0,47697.0,47795.0,1780
1761804000,47794.0,47796.0,47717.0,47767.0,1144
1761807600,47768.0,47831.0,47720.0,47784.0,1616
1761811200,47786.0,47790.0,47683.0,47685.0,2560
1761814800,47687.0,47708.0,47599.0,47619.0,1934
1761818400,47618.0,47686.0,47615.0,47656.0,2507
1761822000,47657.0,47714.0,47637.0,47647.0,1727
1761825600,47646.0,47666.0,47561.0,47596.0,5151
1761829200,47597.0,48032.0,47550.0,48001.0,20461
1761832800,47998.0,48158.0,47943.0,48115.0,18696
1761836400,48116.0,48180.0,47949.0,48012.0,11926
1761840000,48010.0,48062.0,47942.0,47976.0,6230
1761843600,47972.0,47976.0,47879.0,47956.0,5801
1761847200,47956.0,47962.0,47793.0,47802.0,6258
1761850800,47802.0,47810.0,47655.0,47666.0,11566
1761854400,47667.0,47815.0,47644.0,47741.0,8432
1761861600,47784.0,47784.0,47699.0,47721.0,0
1761865200,47719.0,47742.0,47670.0,47736.0,3975
1761868800,47738.0,47778.0,47703.0,47743.0,1975
1761872400,47741.0,47749.0,47696.0,47746.0,1183
1761876000,47747.0,47753.0,47657.0,47680.0,884
1761879600,47679.0,47705.0,47658.0,47704.0,817
1761883200,47704.0,47730.0,47702.0,47711.0,484
1761886800,47709.0,47710.0,47670.0,47676.0,470
1761890400,47676.0,47716.0,47675.0,47682.0,763
1761894000,47684.0,47739.0,47676.0,47734.0,1032
1761897600,47733.0,47735.0,47686.0,47732.0,1639
1761901200,47731.0,47742.0,47676.0,47678.0,1032
1761904800,47678.0,47679.0,47622.0,47655.0,1481
1761908400,47658.0,47759.0,47651.0,47744.0,2211
1761912000,47743.0,47808.0,47708.0,47746.0,3166
1761915600,47744.0,47782.0,47621.0,47737.0,14006
1761919200,47736.0,47817.0,47633.0,47751.0,11265
1761922800,47751.0,47788.0,47612.0,47652.0,10165
1761926400,47651.0,47711.0,47546.0,47562.0,9144
1761930000,47558.0,47607.0,47488.0,47586.0,9283
1761933600,47584.0,47759.0,47583.0,47753.0,6403
1761937200,47753.0,47862.0,47709.0,47712.0,13223
1761940800,47710.0,47735.0,47666.0,47722.0,3451
1762124400,47807.0,47839.0,47792.0,47824.0,583
1762128000,47825.0,47869.0,47722.0,47866.0,708
1762131600,47865.0,47868.0,47809.0,47814.0,1159
1762135200,47813.0,47832.0,47786.0,47791.0,757
1762138800,47793.0,47794.0,47746.0,47770.0,782
1762142400,47769.0,47788.0,47753.0,47774.0,410
1762146000,47779.0,47786.0,47745.0,47764.0,511
1762149600,47764.0,47780.0,47715.0,47736.0,645
1762153200,47736.0,47738.0,47694.0,47704.0,869
1762156800,47701.0,47766.0,47688.0,47750.0,1202
1762160400,47753.0,47822.0,47750.0,47763.0,1501
1762164000,47765.0,47778.0,47740.0,47752.0,914
1762167600,47754.0,47780.0,47735.0,47742.0,1129
1762171200,47745.0,47755.0,47694.0,47696.0,1342
1762174800,47694.0,47701.0,47651.0,47696.0,2093
1762178400,47694.0,47771.0,47493.0,47522.0,16997
1762182000,47522.0,47555.0,47265.0,47484.0,18530
1762185600,47485.0,47571.0,47459.0,47538.0,6649
1762189200,47538.0,47563.0,47453.0,47499.0,4863
1762192800,47501.0,47528.0,47459.0,47500.0,2491
1762196400,47501.0,47545.0,47467.0,47477.0,4371
1762200000,47477.0,47503.0,47422.0,47491.0,8026
1762203600,47489.0,47491.0,47436.0,47456.0,2525
1762210800,47456.0,47463.0,47406.0,47418.0,0
1762214400,47418.0,47423.0,47371.0,47420.0,1064
1762218000,47422.0,47425.0,47375.0,47398.0,1223
1762221600,47394.0,47402.0,47327.0,47330.0,1031
1762225200,47328.0,47384.0,47327.0,47345.0,1005
1762228800,47344.0,47354.0,47295.0,47310.0,910
1762232400,47307.0,47311.0,47211.0,47230.0,2010
1762236000,47231.0,47248.0,47154.0,47182.0,3524
1762239600,47180.0,47198.0,47126.0,47161.0,2797
1762243200,47161.0,47161.0,47059.0,47128.0,3576
1762246800,47129.0,47139.0,46999.0,47004.0,3770
1762250400,47003.0,47143.0,46976.0,47137.0,2679
1762254000,47139.0,47165.0,47120.0,47139.0,1737
1762257600,47142.0,47218.0,47105.0,47190.0,3035
1762261200,47187.0,47224.0,47150.0,47208.0,2959
1762264800,47207.0,47279.0,47008.0,47273.0,22083
1762268400,47275.0,47404.0,47274.0,47318.0,12913
1762272000,47318.0,47356.0,47258.0,47346.0,6448
1762275600,47344.0,47344.0,47168.0,47183.0,7669
1762279200,47179.0,47228.0,47125.0,47172.0,6854
1762282800,47170.0,47223.0,47106.0,47146.0,6034
1762286400,47146.0,47272.0,47138.0,47222.0,10480
1762290000,47221.0,47324.0,47208.0,47297.0,6527
1762297200,47276.0,47328.0,47260.0,47270.0,0
1762300800,47271.0,47271.0,47154.0,47157.0,2326
1762304400,47160.0,47251.0,47073.0,47085.0,6426
1762308000,47092.0,47176.0,47081.0,47165.0,2558
1762311600,47166.0,47258.0,47163.0,47258.0,2186
1762315200,47254.0,47258.0,47211.0,47237.0,1174
1762318800,47242.0,47286.0,47218.0,47250.0,993
1762322400,47250.0,47295.0,47222.0,47286.0,989
1762326000,47285.0,47288.0,47235.0,47238.0,1136
1762329600,47237.0,47310.0,47211.0,47283.0,1837
1762333200,47285.0,47288.0,47217.0,47232.0,2110
1762336800,47228.0,47267.0,47150.0,47153.0,1908
1762340400,47150.0,47242.0,47141.0,47221.0,1950
1762344000,47222.0,47238.0,47157.0,47225.0,3393
1762347600,47223.0,47267.0,47205.0,47258.0,2540
1762351200,47258.0,47388.0,47161.0,47347.0,15416
1762354800,47347.0,47393.0,47201.0,47260.0,14099
1762358400,47262.0,47392.0,47164.0,47365.0,8634
1762362000,47367.0,47583.0,47358.0,47499.0,8301
1762365600,47495.0,47536.0,47479.0,47496.0,4189
1762369200,47494.0,47537.0,47458.0,47492.0,3607
1762372800,47491.0,47560.0,47423.0,47433.0,11200
1762376400,47433.0,47481.0,47413.0,47471.0,3050
1762383600,47450.0,47494.0,47421.0,47490.0,0
1762387200,47489.0,47489.0,47369.0,47430.0,1239
1762390800,47425.0,47425.0,47360.0,47391.0,1380
1762394400,47390.0,47416.0,47353.0,47415.0,773
1762398000,47414.0,47422.0,47387.0,47411.0,616
1762401600,47410.0,47437.0,47396.0,47429.0,431
1762405200,47431.0,47436.0,47386.0,47392.0,520
1762408800,47390.0,47412.0,47377.0,47383.0,722
1762412400,47383.0,47410.0,47342.0,47351.0,1175
1762416000,47351.0,47369.0,47308.0,47363.0,1461
1762419600,47360.0,47428.0,47349.0,47407.0,1051
1762423200,47407.0,47446.0,47400.0,47418.0,731
1762426800,47419.0,47442.0,47404.0,47419.0,690
1762430400,47416.0,47468.0,47412.0,47461.0,1429
1762434000,47462.0,47495.0,47432.0,47435.0,1422
1762437600,47434.0,47463.0,47151.0,47156.0,18050
1762441200,47154.0,47268.0,47007.0,47066.0,24998
1762444800,47065.0,47094.0,46894.0,46899.0,14112
1762448400,46898.0,47058.0,46898.0,47006.0,9354
1762452000,47004.0,47126.0,46900.0,47098.0,8460
1762455600,47096.0,47200.0,47081.0,47164.0,8180
1762459200,47162.0,47207.0,47001.0,47042.0,12457
1762462800,47041.0,47132.0,47034.0,47098.0,3681
1762470000,47100.0,47149.0,47079.0,47125.0,0
1762473600,47119.0,47159.0,47091.0,47121.0,1190
1762477200,47122.0,47123.0,47013.0,47069.0,2111
1762480800,47072.0,47075.0,47021.0,47063.0,1252
1762484400,47062.0,47070.0,46998.0,47025.0,1400
1762488000,47026.0,47060.0,46974.0,47060.0,1055
1762491600,47057.0,47122.0,47055.0,47115.0,1135
1762495200,47115.0,47129.0,47101.0,47117.0,727
1762498800,47119.0,47143.0,47104.0,47130.0,1408
1762502400,47129.0,47143.0,47061.0,47094.0,1706
1762506000,47093.0,47122.0,47022.0,47043.0,1851
1762509600,47042.0,47061.0,46972.0,47006.0,1594
1762513200,47006.0,47008.0,46865.0,46969.0,3782
1762516800,46971.0,46971.0,46846.0,46859.0,3157
1762520400,46859.0,46940.0,46834.0,46912.0,3727
1762524000,46909.0,46943.0,46741.0,46911.0,21521
1762527600,46909.0,46976.0,46789.0,46793.0,16994
1762531200,46791.0,46815.0,46611.0,46646.0,13678
1762534800,46647.0,46757.0,46574.0,46753.0,10691
1762538400,46754.0,46848.0,46735.0,46827.0,7510
1762542000,46828.0,47068.0,46804.0,47061.0,10084
1762545600,47059.0,47094.0,46936.0,47081.0,14839
1762549200,47082.0,47157.0,47079.0,47085.0,3020
1762729200,47246.0,47260.0,47085.0,47226.0,652
1762732800,47225.0,47228.0,47169.0,47208.0,1825
1762736400,47205.0,47207.0,47145.0,47184.0,3509
1762740000,47183.0,47208.0,47172.0,47177.0,1195
1762743600,47178.0,47202.0,47145.0,47145.0,1110
1762747200,47145.0,47177.0,47144.0,47160.0,812
1762750800,47160.0,47215.0,47158.0,47191.0,1121
1762754400,47186.0,47208.0,47163.0,47164.0,1265
1762758000,47166.0,47183.0,47143.0,47170.0,1715
1762761600,47171.0,47235.0,47137.0,47235.0,1915
1762765200,47234.0,47302.0,47233.0,47287.0,2063
1762768800,47288.0,47303.0,47277.0,47281.0,979
1762772400,47282.0,47298.0,47245.0,47293.0,1070
1762776000,47293.0,47307.0,47243.0,47257.0,1726
1762779600,47258.0,47277.0,47239.0,47274.0,1750
1762783200,47275.0,47421.0,47220.0,47222.0,17688
1762786800,47223.0,47289.0,47091.0,47101.0,12037
1762790400,47100.0,47144.0,47031.0,47142.0,8981
1762794000,47139.0,47338.0,47129.0,47323.0,7498
1762797600,47325.0,47400.0,47315.0,47389.0,4565
1762801200,47390.0,47504.0,47389.0,47468.0,5373
1762804800,47466.0,47510.0,47432.0,47462.0,10349
1762808400,47462.0,47511.0,47451.0,47458.0,2828
1762815600,47455.0,47496.0,47446.0,47494.0,0
1762819200,47489.0,47519.0,47466.0,47476.0,518
1762822800,47483.0,47488.0,47455.0,47471.0,743
1762826400,47470.0,47507.0,47454.0,47478.0,648
1762830000,47479.0,47504.0,47471.0,47498.0,320
1762833600,47495.0,47495.0,47461.0,47463.0,486
1762837200,47470.0,47483.0,47454.0,47465.0,1111
1762840800,47467.0,47491.0,47460.0,47475.0,654
1762844400,47474.0,47484.0,47437.0,47441.0,1248
1762848000,47440.0,47456.0,47413.0,47417.0,1074
1762851600,47422.0,47447.0,47413.0,47433.0,1116
1762855200,47431.0,47466.0,47425.0,47459.0,603
1762858800,47461.0,47481.0,47456.0,47480.0,719
1762862400,47480.0,47495.0,47461.0,47478.0,1041
1762866000,47480.0,47508.0,47457.0,47489.0,2444
1762869600,47490.0,47594.0,47474.0,47585.0,12168
1762873200,47581.0,47667.0,47494.0,47626.0,11672
1762876800,47633.0,47782.0,47610.0,47771.0,8435
1762880400,47771.0,47929.0,47763.0,47924.0,8123
1762884000,47923.0,48026.0,47921.0,47973.0,9164
1762887600,47972.0,48050.0,47931.0,48034.0,6309
1762891200,48034.0,48083.0,47994.0,48038.0,12739
1762894800,48038.0,48079.0,48025.0,48050.0,3299
1762902000,48039.0,48053.0,48018.0,48032.0,0
1762905600,48032.0,48069.0,48026.0,48051.0,828
1762909200,48051.0,48074.0,48033.0,48070.0,882
1762912800,48070.0,48094.0,48045.0,48056.0,819
1762916400,48057.0,48067.0,48040.0,48056.0,420
1762920000,48055.0,48065.0,48038.0,48061.0,516
1762923600,48064.0,48090.0,48060.0,48078.0,487
1762927200,48078.0,48092.0,48073.0,48088.0,466
1762930800,48088.0,48117.0,48083.0,48091.0,881
1762934400,48092.0,48117.0,48073.0,48079.0,1159
1762938000,48079.0,48121.0,48066.0,48108.0,1182
1762941600,48107.0,48117.0,48078.0,48094.0,862
1762945200,48095.0,48133.0,48067.0,48079.0,1937
1762948800,48078.0,48160.0,48070.0,48147.0,2705
1762952400,48146.0,48156.0,48128.0,48144.0,1817
1762956000,48145.0,48528.0,48129.0,48518.0,21498
1762959600,48516.0,48520.0,48364.0,48410.0,15952
1762963200,48409.0,48437.0,48316.0,48352.0,9573
1762966800,48358.0,48478.0,48350.0,48438.0,7871
1762970400,48437.0,48459.0,48392.0,48425.0,5227
1762974000,48426.0,48429.0,48337.0,48376.0,5365
1762977600,48374.0,48453.0,48344.0,48371.0,10758
1762981200,48371.0,48438.0,48368.0,48385.0,3406
1762988400,48385.0,48402.0,48292.0,48330.0,0
1762992000,48335.0,48388.0,48334.0,48370.0,1138
1762995600,48371.0,48471.0,48367.0,48441.0,2439
1762999200,48441.0,48457.0,48419.0,48430.0,1442
1763002800,48431.0,48482.0,48414.0,48450.0,935
1763006400,48448.0,48479.0,48439.0,48477.0,421
1763010000,48474.0,48492.0,48471.0,48478.0,708
1763013600,48479.0,48503.0,48477.0,48480.0,628
1763017200,48479.0,48497.0,48454.0,48456.0,1269
1763020800,48457.0,48471.0,48436.0,48460.0,1147
1763024400,48458.0,48462.0,48354.0,48374.0,2291
1763028000,48372.0,48418.0,48366.0,48388.0,1437
1763031600,48386.0,48401.0,48300.0,48340.0,2148
1763035200,48340.0,48356.0,48306.0,48328.0,1394
1763038800,48328.0,48330.0,48221.0,48271.0,3358
1763042400,48271.0,48328.0,48188.0,48231.0,18169
1763046000,48231.0,48324.0,47994.0,48032.0,17296
1763049600,48032.0,48046.0,47849.0,47918.0,12679
1763053200,47916.0,47984.0,47833.0,47845.0,10142
1763056800,47847.0,47884.0,47675.0,47718.0,9809
1763060400,47717.0,47754.0,47531.0,47603.0,11233
1763064000,47603.0,47645.0,47500.0,47556.0,15879
1763067600,47556.0,47662.0,47551.0,47591.0,3943
1763074800,47592.0,47643.0,47590.0,47606.0,0
1763078400,47607.0,47644.0,47598.0,47622.0,1026
1763082000,47622.0,47641.0,47604.0,47618.0,1168
1763085600,47619.0,47629.0,47593.0,47603.0,1136
1763089200,47604.0,47607.0,47559.0,47580.0,764
1763092800,47583.0,47591.0,47536.0,47545.0,1179
1763096400,47552.0,47591.0,47518.0,47563.0,1421
1763100000,47561.0,47565.0,47491.0,47539.0,1053
1763103600,47539.0,47539.0,47440.0,47484.0,2536
1763107200,47483.0,47522.0,47417.0,47517.0,3511
1763110800,47519.0,47547.0,47443.0,47453.0,2712
1763114400,47446.0,47492.0,47426.0,47442.0,1768
1763118000,47441.0,47441.0,47268.0,47307.0,4992
1763121600,47307.0,47326.0,47213.0,47273.0,6611
1763125200,47275.0,47288.0,47151.0,47228.0,6169
1763128800,47228.0,47279.0,46946.0,47080.0,27668
1763132400,47081.0,47259.0,46939.0,47230.0,22755
1763136000,47232.0,47407.0,47159.0,47396.0,11264
1763139600,47394.0,47460.0,47322.0,47384.0,8513
1763143200,47377.0,47392.0,47234.0,47341.0,9085
1763146800,47339.0,47401.0,47279.0,47385.0,6508
1763150400,47383.0,47411.0,47191.0,47243.0,13368
1763154000,47242.0,47280.0,47191.0,47229.0,3443
1763334000,47142.0,47237.0,47136.0,47218.0,683
1763337600,47217.0,47256.0,47156.0,47236.0,1301
1763341200,47238.0,47250.0,47190.0,47205.0,1073
1763344800,47205.0,47261.0,47192.0,47252.0,819
1763348400,47251.0,47273.0,47245.0,47258.0,556
1763352000,47262.0,47285.0,47257.0,47276.0,403
1763355600,47276.0,47291.0,47249.0,47250.0,368
1763359200,47251.0,47279.0,47246.0,47267.0,482
1763362800,47266.0,47327.0,47259.0,47311.0,1098
1763366400,47310.0,47368.0,47304.0,47336.0,1351
1763370000,47339.0,47343.0,47258.0,47298.0,1708
1763373600,47296.0,47296.0,47188.0,47199.0,1686
1763377200,47198.0,47271.0,47184.0,47236.0,1337
1763380800,47233.0,47239.0,47190.0,47216.0,2006
1763384400,47214.0,47232.0,47105.0,47160.0,2688
1763388000,47157.0,47289.0,47079.0,47188.0,14434
1763391600,47191.0,47254.0,47081.0,47133.0,12179
1763395200,47131.0,47232.0,46933.0,47229.0,10024
1763398800,47229.0,47245.0,47051.0,47055.0,5618
1763402400,47058.0,47062.0,46843.0,46843.0,7929
1763406000,46842.0,46856.0,46540.0,46549.0,10323
1763409600,46541.0,46690.0,46503.0,46677.0,15506
1763413200,46678.0,46729.0,46665.0,46707.0,3208
1763420400,46714.0,46739.0,46677.0,46716.0,0
1763424000,46720.0,46736.0,46642.0,46666.0,1762
1763427600,46668.0,46756.0,46658.0,46731.0,1294
1763431200,46733.0,46755.0,46659.0,46660.0,1105
1763434800,46659.0,46668.0,46597.0,46608.0,1299
1763438400,46604.0,46604.0,46397.0,46523.0,3008
1763442000,46521.0,46545.0,46482.0,46495.0,1221
1763445600,46496.0,46535.0,46426.0,46439.0,1200
1763449200,46440.0,46530.0,46380.0,46487.0,2481
1763452800,46488.0,46619.0,46477.0,46554.0,3183
1763456400,46558.0,46574.0,46502.0,46563.0,1749
1763460000,46558.0,46564.0,46498.0,46545.0,1196
1763463600,46541.0,46542.0,46406.0,46446.0,3588
1763467200,46446.0,46457.0,46244.0,46275.0,3946
1763470800,46279.0,46360.0,46265.0,46321.0,3946
1763474400,46319.0,46403.0,46131.0,46166.0,21196
1763478000,46160.0,46217.0,46028.0,46037.0,20624
1763481600,46038.0,46309.0,45988.0,46205.0,14881
1763485200,46205.0,46389.0,45993.0,46347.0,13621
1763488800,46349.0,46449.0,46302.0,46320.0,9746
1763492400,46324.0,46440.0,46301.0,46408.0,9277
1763496000,46409.0,46443.0,46161.0,46173.0,15062
1763499600,46174.0,46180.0,46097.0,46118.0,4394
1763506800,46142.0,46236.0,46133.0,46222.0,0
1763510400,46222.0,46235.0,46117.0,46193.0,2018
1763514000,46196.0,46244.0,46155.0,46171.0,1257
1763517600,46180.0,46255.0,46176.0,46238.0,1007
1763521200,46234.0,46248.0,46130.0,46131.0,802
1763524800,46130.0,46147.0,46094.0,46120.0,779
1763528400,46117.0,46154.0,46058.0,46131.0,921
1763532000,46143.0,46168.0,46120.0,46160.0,539
1763535600,46155.0,46219.0,46139.0,46197.0,1443
1763539200,46196.0,46233.0,46141.0,46158.0,1856
1763542800,46155.0,46241.0,46122.0,46240.0,1640
1763546400,46242.0,46262.0,46223.0,46244.0,1146
1763550000,46244.0,46281.0,46236.0,46241.0,1624
1763553600,46239.0,46296.0,46213.0,46269.0,2212
1763557200,46268.0,46282.0,46206.0,46228.0,2549
1763560800,46227.0,46279.0,46099.0,46270.0,16689
1763564400,46270.0,46375.0,46057.0,46070.0,13767
1763568000,46067.0,46117.0,45989.0,46107.0,10525
1763571600,46105.0,46157.0,45979.0,46108.0,8510
1763575200,46106.0,46243.0,46092.0,46210.0,7044
1763578800,46215.0,46224.0,45974.0,46084.0,6859
1763582400,46082.0,46293.0,46068.0,46204.0,10163
1763586000,46205.0,46310.0,46151.0,46226.0,6539
1763593200,46238.0,46416.0,46223.0,46411.0,0
1763596800,46406.0,46472.0,46383.0,46437.0,1250
1763600400,46435.0,46475.0,46416.0,46455.0,792
1763604000,46454.0,46494.0,46425.0,46488.0,833
1763607600,46488.0,46514.0,46429.0,46462.0,911
1763611200,46463.0,46515.0,46463.0,46508.0,459
1763614800,46512.0,46533.0,46470.0,46480.0,596
1763618400,46482.0,46498.0,46455.0,46497.0,562
1763622000,46497.0,46554.0,46452.0,46456.0,1411
1763625600,46456.0,46547.0,46455.0,46479.0,1486
1763629200,46479.0,46490.0,46380.0,46406.0,1615
1763632800,46405.0,46507.0,46401.0,46497.0,1401
1763636400,46496.0,46496.0,46397.0,46425.0,1506
1763640000,46427.0,46513.0,46378.0,46503.0,1804
1763643600,46502.0,46676.0,46440.0,46665.0,5023
1763647200,46668.0,46892.0,46634.0,46865.0,20128
1763650800,46868.0,46936.0,46745.0,46778.0,14351
1763654400,46778.0,46780.0,46065.0,46097.0,27560
1763658000,46089.0,46213.0,45804.0,45921.0,27669
1763661600,45920.0,46221.0,45812.0,45857.0,16221
1763665200,45855.0,46116.0,45837.0,46108.0,9830
1763668800,46105.0,46106.0,45798.0,45834.0,16370
1763672400,45833.0,45863.0,45786.0,45832.0,4360
1763679600,45849.0,45938.0,45779.0,45915.0,0
1763683200,45911.0,46010.0,45897.0,45993.0,1671
1763686800,45992.0,46051.0,45979.0,46024.0,1185
1763690400,46025.0,46059.0,46004.0,46027.0,930
1763694000,46027.0,46093.0,46013.0,46029.0,2022
1763697600,46030.0,46035.0,45948.0,46010.0,1046
1763701200,46018.0,46054.0,45967.0,45983.0,831
1763704800,45979.0,46028.0,45964.0,46002.0,790
1763708400,46000.0,46007.0,45839.0,45855.0,2049
1763712000,45856.0,46067.0,45855.0,46052.0,3915
1763715600,46049.0,46056.0,45937.0,45976.0,3092
1763719200,45976.0,46003.0,45824.0,45990.0,4795
1763722800,45997.0,46053.0,45914.0,45955.0,2676
1763726400,45956.0,46162.0,45846.0,46129.0,7959
1763730000,46129.0,46156.0,46036.0,46084.0,4414
1763733600,46080.0,46102.0,45853.0,45952.0,22219
1763737200,45966.0,46157.0,45916.0,46022.0,23110
1763740800,46018.0,46479.0,45912.0,46476.0,16605
1763744400,46475.0,46564.0,46428.0,46476.0,11652
1763748000,46479.0,46656.0,46267.0,46547.0,12672
1763751600,46549.0,46636.0,46454.0,46496.0,7642
1763755200,46490.0,46523.0,46285.0,46334.0,13299
1763758800,46335.0,46391.0,46328.0,46377.0,3035
1763938800,46506.0,46515.0,46463.0,46475.0,537
1763942400,46472.0,46472.0,46380.0,46434.0,944
1763946000,46433.0,46443.0,46377.0,46400.0,1219
1763949600,46402.0,46475.0,46382.0,46475.0,790
1763953200,46475.0,46483.0,46442.0,46451.0,461
1763956800,46449.0,46453.0,46397.0,46401.0,693
1763960400,46401.0,46450.0,46394.0,46436.0,394
1763964000,46435.0,46439.0,46405.0,46420.0,323
1763967600,46419.0,46487.0,46388.0,46467.0,808
1763971200,46465.0,46505.0,46393.0,46498.0,1387
1763974800,46498.0,46505.0,46223.0,46314.0,3354
1763978400,46315.0,46338.0,46253.0,46293.0,1870
1763982000,46293.0,46367.0,46260.0,46360.0,2219
1763985600,46361.0,46453.0,46328.0,46448.0,2140
1763989200,46446.0,46499.0,46398.0,46404.0,2238
1763992800,46405.0,46490.0,46165.0,46356.0,17779
1763996400,46357.0,46598.0,46350.0,46563.0,12919
1764000000,46560.0,46655.0,46518.0,46528.0,7384
1764003600,46529.0,46596.0,46472.0,46585.0,5749
1764007200,46585.0,46643.0,46580.0,46614.0,3608
1764010800,46613.0,46637.0,46482.0,46509.0,3904
1764014400,46507.0,46585.0,46476.0,46508.0,9668
1764018000,46508.0,46552.0,46491.0,46529.0,1896
1764025200,46509.0,46538.0,46487.0,46500.0,0
1764028800,46499.0,46501.0,46468.0,46494.0,785
1764032400,46497.0,46505.0,46438.0,46441.0,533
1764036000,46443.0,46474.0,46441.0,46471.0,336
1764039600,46472.0,46474.0,46425.0,46432.0,551
1764043200,46433.0,46481.0,46431.0,46472.0,281
1764046800,46472.0,46495.0,46448.0,46461.0,250
1764050400,46461.0,46478.0,46434.0,46447.0,316
1764054000,46448.0,46509.0,46435.0,46480.0,781
1764057600,46479.0,46503.0,46421.0,46438.0,1357
1764061200,46439.0,46497.0,46418.0,46442.0,1404
1764064800,46445.0,46479.0,46416.0,46467.0,888
1764068400,46467.0,46468.0,46431.0,46460.0,830
1764072000,46459.0,46595.0,46449.0,46488.0,3333
1764075600,46486.0,46581.0,46486.0,46543.0,3321
1764079200,46544.0,46856.0,46401.0,46651.0,20389
1764082800,46650.0,46928.0,46551.0,46823.0,18329
1764086400,46822.0,46951.0,46794.0,46943.0,9835
1764090000,46942.0,47100.0,46942.0,47058.0,8151
1764093600,47058.0,47094.0,47038.0,47066.0,4839
1764097200,47068.0,47147.0,47046.0,47128.0,5189
1764100800,47127.0,47250.0,47126.0,47175.0,11621
1764104400,47175.0,47219.0,47169.0,47195.0,2302
1764111600,47190.0,47220.0,47171.0,47217.0,0
1764115200,47218.0,47241.0,47197.0,47235.0,660
1764118800,47235.0,47273.0,47227.0,47268.0,719
1764122400,47263.0,47283.0,47248.0,47261.0,742
1764126000,47262.0,47273.0,47253.0,47267.0,371
1764129600,47264.0,47271.0,47247.0,47262.0,391
1764133200,47261.0,47289.0,47261.0,47275.0,416
1764136800,47274.0,47294.0,47263.0,47284.0,422
1764140400,47282.0,47326.0,47282.0,47303.0,806
1764144000,47301.0,47320.0,47279.0,47289.0,1742
1764147600,47290.0,47291.0,47232.0,47264.0,1420
1764151200,47265.0,47295.0,47252.0,47270.0,546
1764154800,47271.0,47271.0,47212.0,47225.0,1758
1764158400,47223.0,47233.0,47175.0,47224.0,2278
1764162000,47222.0,47291.0,47197.0,47287.0,2454
1764165600,47287.0,47463.0,47243.0,47321.0,14293
1764169200,47323.0,47484.0,47293.0,47481.0,10168
1764172800,47483.0,47602.0,47469.0,47588.0,7032
1764176400,47592.0,47632.0,47541.0,47596.0,6039
1764180000,47594.0,47620.0,47498.0,47545.0,6543
1764183600,47542.0,47607.0,47538.0,47556.0,4557
1764187200,47556.0,47594.0,47477.0,47484.0,8323
1764190800,47484.0,47515.0,47483.0,47504.0,1658
1764198000,47513.0,47538.0,47468.0,47480.0,0
1764201600,47481.0,47537.0,47475.0,47526.0,1262
1764205200,47528.0,47530.0,47495.0,47523.0,331
1764208800,47525.0,47528.0,47501.0,47504.0,193
1764212400,47503.0,47514.0,47495.0,47514.0,151
1764216000,47513.0,47518.0,47501.0,47512.0,82
1764334800,47536.0,47593.0,47460.0,47543.0,369
1764340200,47535.0,47651.0,47505.0,47607.0,2930
1764343800,47608.0,47768.0,47600.0,47751.0,4926
1764347400,47748.0,47796.0,47709.0,47775.0,3666
1764351000,47780.0,47792.0,47689.0,47751.0,4124
1764352800,47751.0,47778.0,47728.0,47743.0,1766
1764543600,47738.0,47764.0,47682.0,47711.0,716
1764547200,47712.0,47721.0,47595.0,47609.0,1504
1764550800,47605.0,47624.0,47542.0,47589.0,1423
1764554400,47590.0,47595.0,47540.0,47549.0,636
1764558000,47549.0,47555.0,47522.0,47543.0,519
1764561600,47542.0,47542.0,47490.0,47494.0,420
1764565200,47489.0,47514.0,47466.0,47508.0,517
1764568800,47509.0,47518.0,47488.0,47503.0,470
1764572400,47505.0,47515.0,47462.0,47505.0,786
1764576000,47506.0,47573.0,47477.0,47552.0,1211
1764579600,47550.0,47585.0,47505.0,47510.0,1090
1764583200,47512.0,47565.0,47507.0,47523.0,767
1764586800,47522.0,47566.0,47508.0,47559.0,1107
1764590400,47560.0,47571.0,47498.0,47528.0,1655
1764594000,47528.0,47555.0,47501.0,47541.0,1755
1764597600,47541.0,47722.0,47433.0,47686.0,13773
1764601200,47698.0,47713.0,47377.0,47539.0,12127
1764604800,47539.0,47591.0,47465.0,47552.0,7284
1764608400,47548.0,47573.0,47490.0,47544.0,4744
1764612000,47545.0,47619.0,47542.0,47583.0,3271
1764615600,47582.0,47583.0,47380.0,47403.0,6133
1764619200,47402.0,47460.0,47319.0,47361.0,10148
1764622800,47361.0,47367.0,47335.0,47345.0,2664
1764630000,47358.0,47367.0,47320.0,47330.0,0
1764633600,47330.0,47356.0,47314.0,47333.0,590
1764637200,47330.0,47369.0,47326.0,47335.0,561
1764640800,47335.0,47354.0,47312.0,47345.0,571
1764644400,47343.0,47346.0,47280.0,47321.0,635
1764648000,47322.0,47332.0,47301.0,47302.0,355
1764651600,47305.0,47314.0,47299.0,47310.0,199
1764655200,47309.0,47323.0,47270.0,47309.0,459
1764658800,47311.0,47340.0,47301.0,47315.0,563
1764662400,47314.0,47363.0,47269.0,47361.0,1250
1764666000,47359.0,47398.0,47357.0,47387.0,1183
1764669600,47387.0,47441.0,47372.0,47429.0,1017
1764673200,47431.0,47436.0,47399.0,47402.0,932
1764676800,47401.0,47407.0,47359.0,47403.0,1246
1764680400,47402.0,47492.0,47388.0,47488.0,2229
1764684000,47488.0,47522.0,47327.0,47479.0,13941
1764687600,47476.0,47625.0,47385.0,47617.0,13788
1764691200,47620.0,47668.0,47399.0,47475.0,12677
1764694800,47475.0,47634.0,47429.0,47431.0,6596
1764698400,47430.0,47492.0,47374.0,47464.0,6038
1764702000,47464.0,47601.0,47463.0,47571.0,5480
1764705600,47572.0,47658.0,47533.0,47542.0,8268
1764709200,47541.0,47569.0,47526.0,47555.0,1878
1764716400,47543.0,47617.0,47531.0,47595.0,0
1764720000,47598.0,47621.0,47541.0,47614.0,2127
1764723600,47612.0,47623.0,47602.0,47613.0,578
1764727200,47613.0,47646.0,47609.0,47626.0,475
1764730800,47627.0,47667.0,47620.0,47662.0,463
1764734400,47662.0,47670.0,47653.0,47659.0,262
1764738000,47655.0,47672.0,47637.0,47642.0,305
1764741600,47641.0,47665.0,47608.0,47627.0,1221
1764745200,47628.0,47659.0,47618.0,47632.0,661
1764748800,47631.0,47657.0,47601.0,47656.0,876
1764752400,47656.0,47657.0,47614.0,47638.0,977
1764756000,47638.0,47656.0,47596.0,47611.0,713
1764759600,47608.0,47630.0,47596.0,47611.0,694
1764763200,47609.0,47674.0,47587.0,47657.0,1120
1764766800,47656.0,47696.0,47617.0,47617.0,1567
1764770400,47617.0,47650.0,47428.0,47589.0,21548
1764774000,47587.0,47774.0,47584.0,47724.0,14664
1764777600,47722.0,47845.0,47709.0,47737.0,11488
1764781200,47737.0,47916.0,47735.0,47889.0,7714
1764784800,47893.0,47977.0,47871.0,47940.0,5640
1764788400,47937.0,48013.0,47934.0,47986.0,4627
1764792000,47985.0,48032.0,47944.0,47956.0,10430
1764795600,47957.0,48081.0,47930.0,47954.0,6644
1764802800,47994.0,48015.0,47980.0,48007.0,0
1764806400,48007.0,48030.0,47976.0,47983.0,585
1764810000,47984.0,48017.0,47982.0,48003.0,671
1764813600,48002.0,48022.0,47985.0,48014.0,470
1764817200,48017.0,48017.0,47980.0,48000.0,333
1764820800,48002.0,48019.0,47995.0,48012.0,300
1764824400,48016.0,48018.0,48001.0,48009.0,230
1764828000,48009.0,48019.0,47994.0,48015.0,391
1764831600,48015.0,48034.0,48008.0,48021.0,487
1764835200,48021.0,48023.0,47958.0,47976.0,1175
1764838800,47975.0,48024.0,47955.0,48021.0,925
1764842400,48019.0,48025.0,47976.0,47990.0,624
1764846000,47991.0,48017.0,47980.0,48015.0,546
1764849600,48015.0,48026.0,47989.0,47993.0,942
1764853200,47992.0,48021.0,47956.0,47980.0,1945
1764856800,47980.0,48132.0,47855.0,47901.0,16740
1764860400,47899.0,48017.0,47860.0,47944.0,11619
1764864000,47943.0,47978.0,47866.0,47936.0,7398
1764867600,47934.0,47960.0,47840.0,47947.0,4765
1764871200,47944.0,48007.0,47912.0,47947.0,3689
1764874800,47947.0,47959.0,47756.0,47870.0,8136
1764878400,47866.0,47929.0,47807.0,47917.0,9168
1764882000,47917.0,47924.0,47900.0,47907.0,1741
1764889200,47913.0,47925.0,47880.0,47893.0,0
1764892800,47891.0,47941.0,47882.0,47924.0,562
1764896400,47923.0,47944.0,47919.0,47940.0,373
1764900000,47941.0,47975.0,47928.0,47946.0,1510
1764903600,47946.0,47953.0,47924.0,47944.0,457
1764907200,47940.0,47953.0,47916.0,47939.0,1034
1764910800,47938.0,47960.0,47937.0,47951.0,439
1764914400,47950.0,47966.0,47918.0,47937.0,709
1764918000,47939.0,47957.0,47930.0,47940.0,599
1764921600,47939.0,47974.0,47906.0,47909.0,1656
1764925200,47909.0,47935.0,47895.0,47899.0,845
1764928800,47900.0,47916.0,47895.0,47909.0,669
1764932400,47910.0,47998.0,47902.0,47957.0,2061
1764936000,47958.0,47984.0,47937.0,47963.0,1323
1764939600,47964.0,47968.0,47818.0,47860.0,2663
1764943200,47857.0,48097.0,47856.0,48079.0,12788
1764946800,48084.0,48184.0,48040.0,48056.0,11990
1764950400,48054.0,48082.0,47920.0,47998.0,9909
1764954000,47996.0,48054.0,47914.0,48047.0,6414
1764957600,48046.0,48108.0,48005.0,48071.0,5481
1764961200,48073.0,48075.0,48019.0,48070.0,3425
1764964800,48067.0,48069.0,47928.0,47989.0,8347
1764968400,47988.0,48021.0,47980.0,48001.0,1776
1765148400,48009.0,48016.0,47990.0,48000.0,243
1765152000,47999.0,48001.0,47954.0,47997.0,587
1765155600,47996.0,48003.0,47973.0,47986.0,514
1765159200,47987.0,48003.0,47983.0,48002.0,334
1765162800,48002.0,48018.0,47995.0,48000.0,290
1765166400,48003.0,48015.0,48002.0,48013.0,208
1765170000,48011.0,48030.0,48007.0,48020.0,356
1765173600,48021.0,48030.0,48006.0,48006.0,296
1765177200,48005.0,48042.0,48001.0,48018.0,638
1765180800,48018.0,48026.0,47975.0,47982.0,762
1765184400,47982.0,48023.0,47980.0,47991.0,672
1765188000,47993.0,48022.0,47977.0,48020.0,882
1765191600,48019.0,48020.0,47989.0,48006.0,1012
1765195200,48005.0,48029.0,47991.0,48012.0,889
1765198800,48012.0,48038.0,47989.0,48022.0,1608
1765202400,48024.0,48061.0,47825.0,47964.0,15597
1765206000,47960.0,47962.0,47820.0,47826.0,8333
1765209600,47825.0,47891.0,47754.0,47827.0,8314
1765213200,47830.0,47843.0,47745.0,47838.0,6774
1765216800,47836.0,47846.0,47663.0,47695.0,7554
1765220400,47696.0,47758.0,47678.0,47725.0,5223
1765224000,47727.0,47804.0,47720.0,47796.0,8232
1765227600,47795.0,47819.0,47775.0,47805.0,2774
1765234800,47798.0,47824.0,47760.0,47823.0,0
1765238400,47822.0,47822.0,47793.0,47809.0,455
1765242000,47806.0,47809.0,47772.0,47784.0,509
1765245600,47788.0,47820.0,47778.0,47803.0,996
1765249200,47802.0,47813.0,47796.0,47804.0,253
1765252800,47803.0,47805.0,47790.0,47796.0,255
1765256400,47795.0,47800.0,47788.0,47790.0,273
1765260000,47791.0,47824.0,47774.0,47819.0,511
1765263600,47820.0,47825.0,47805.0,47816.0,577
1765267200,47816.0,47850.0,47800.0,47820.0,979
1765270800,47820.0,47832.0,47802.0,47810.0,752
1765274400,47811.0,47861.0,47719.0,47858.0,2284
1765278000,47859.0,47863.0,47823.0,47836.0,1133
1765281600,47838.0,47840.0,47777.0,47799.0,822
1765285200,47796.0,47818.0,47743.0,47751.0,1680
1765288800,47749.0,48004.0,47735.0,47938.0,14558
1765292400,47953.0,47972.0,47845.0,47917.0,11045
1765296000,47914.0,47981.0,47887.0,47890.0,7073
1765299600,47890.0,47917.0,47654.0,47713.0,11424
1765303200,47712.0,47730.0,47598.0,47672.0,7275
1765306800,47670.0,47709.0,47628.0,47663.0,4506
1765310400,47663.0,47681.0,47584.0,47618.0,7620
1765314000,47619.0,47624.0,47576.0,47582.0,1913
1765321200,47608.0,47608.0,47572.0,47594.0,0
1765324800,47591.0,47629.0,47588.0,47589.0,599
1765328400,47587.0,47632.0,47583.0,47597.0,2262
1765332000,47596.0,47622.0,47595.0,47602.0,296
1765335600,47601.0,47614.0,47596.0,47612.0,240
1765339200,47614.0,47653.0,47614.0,47638.0,417
1765342800,47638.0,47638.0,47608.0,47621.0,219
1765346400,47622.0,47642.0,47618.0,47628.0,314
1765350000,47627.0,47641.0,47611.0,47622.0,632
1765353600,47622.0,47655.0,47606.0,47626.0,1089
1765357200,47627.0,47646.0,47597.0,47618.0,955
1765360800,47616.0,47640.0,47523.0,47556.0,1357
1765364400,47552.0,47604.0,47552.0,47578.0,1489
1765368000,47580.0,47591.0,47564.0,47584.0,627
1765371600,47584.0,47664.0,47568.0,47605.0,1472
1765375200,47605.0,47727.0,47504.0,47705.0,14685
1765378800,47703.0,47796.0,47649.0,47734.0,12534
1765382400,47736.0,47869.0,47680.0,47845.0,8859
1765386000,47842.0,47845.0,47757.0,47822.0,4940
1765389600,47822.0,47859.0,47736.0,47786.0,4779
1765393200,47782.0,48160.0,47771.0,48149.0,21577
1765396800,48148.0,48245.0,48087.0,48105.0,15458
1765400400,48105.0,48164.0,48105.0,48157.0,2936
1765407600,48149.0,48176.0,48141.0,48151.0,0
1765411200,48149.0,48155.0,48103.0,48106.0,690
1765414800,48105.0,48119.0,48087.0,48090.0,767
1765418400,48090.0,48090.0,48008.0,48020.0,1332
1765422000,48023.0,48024.0,47859.0,47917.0,3009
1765425600,47916.0,47936.0,47896.0,47912.0,869
1765429200,47913.0,47924.0,47868.0,47897.0,684
1765432800,47900.0,47925.0,47865.0,47917.0,631
1765436400,47918.0,47949.0,47874.0,47932.0,1042
1765440000,47931.0,47965.0,47875.0,47961.0,1796
1765443600,47960.0,48022.0,47943.0,48020.0,1421
1765447200,48022.0,48033.0,47990.0,47990.0,1050
1765450800,47991.0,48076.0,47979.0,48069.0,1250
1765454400,48069.0,48150.0,48066.0,48139.0,2329
1765458000,48133.0,48144.0,48092.0,48107.0,2096
1765461600,48107.0,48476.0,48107.0,48309.0,24937
1765465200,48310.0,48599.0,48264.0,48587.0,22610
1765468800,48589.0,48709.0,48538.0,48637.0,15136
1765472400,48634.0,48771.0,48633.0,48701.0,8976
1765476000,48696.0,48751.0,48679.0,48712.0,5318
1765479600,48712.0,48786.0,48689.0,48775.0,5087
1765483200,48773.0,48799.0,48728.0,48752.0,12124
1765486800,48754.0,48825.0,48751.0,48814.0,4488
1765494000,48808.0,48883.0,48797.0,48800.0,0
1765497600,48802.0,48828.0,48772.0,48801.0,708
1765501200,48798.0,48851.0,48798.0,48848.0,650
1765504800,48847.0,48868.0,48842.0,48849.0,580
1765508400,48848.0,48871.0,48826.0,48861.0,472
1765512000,48860.0,48862.0,48835.0,48841.0,390
1765515600,48846.0,48878.0,48846.0,48872.0,409
1765519200,48870.0,48879.0,48844.0,48854.0,522
1765522800,48852.0,48872.0,48843.0,48858.0,845
1765526400,48858.0,48917.0,48844.0,48888.0,1655
1765530000,48887.0,48892.0,48818.0,48849.0,1495
1765533600,48848.0,48867.0,48820.0,48856.0,867
1765537200,48856.0,48873.0,48796.0,48812.0,1353
1765540800,48808.0,48844.0,48791.0,48828.0,1900
1765544400,48826.0,48866.0,48818.0,48866.0,1979
1765548000,48865.0,48912.0,48770.0,48834.0,18804
1765551600,48833.0,48877.0,48531.0,48552.0,26445
1765555200,48548.0,48604.0,48355.0,48453.0,21696
1765558800,48451.0,48597.0,48438.0,48570.0,10823
1765562400,48571.0,48630.0,48520.0,48542.0,9214
1765566000,48542.0,48546.0,48457.0,48513.0,7686
1765569600,48515.0,48556.0,48396.0,48479.0,13588
1765573200,48477.0,48538.0,48472.0,48474.0,2724
1765753200,48472.0,48543.0,48468.0,48540.0,293
1765756800,48534.0,48597.0,48528.0,48588.0,351
1765760400,48591.0,48605.0,48553.0,48603.0,571
1765764000,48603.0,48625.0,48587.0,48600.0,254
1765767600,48604.0,48616.0,48591.0,48610.0,173
1765771200,48606.0,48644.0,48589.0,48638.0,180
1765774800,48642.0,48647.0,48623.0,48628.0,325
1765778400,48623.0,48627.0,48592.0,48619.0,384
1765782000,48623.0,48634.0,48594.0,48607.0,571
1765785600,48605.0,49066.0,48585.0,49045.0,2114
1765789200,48654.0,49086.0,48643.0,49079.0,1881
1765792800,49080.0,49109.0,48680.0,48713.0,0
1765796400,48716.0,49114.0,48689.0,49101.0,2786
1765800000,49102.0,49112.0,48668.0,49092.0,1373
1765803600,48700.0,49117.0,48682.0,48722.0,0
1765807200,48720.0,49134.0,48503.0,48888.0,23818
1765810800,48886.0,48922.0,48345.0,48805.0,17414
1765814400,48435.0,48893.0,48334.0,48749.0,12562
1765818000,48750.0,48817.0,48303.0,48748.0,7147
1765821600,48377.0,48795.0,48307.0,48767.0,5583
1765825200,48391.0,48854.0,48367.0,48477.0,0
1765828800,48846.0,48867.0,48424.0,48450.0,6703
1765832400,48828.0,48856.0,48431.0,48845.0,1683
1765839600,48853.0,48864.0,48425.0,48819.0,0
1765843200,48456.0,48836.0,48404.0,48784.0,1717
1765846800,48785.0,48816.0,48290.0,48700.0,1671
1765850400,48698.0,48725.0,48310.0,48700.0,691
1765854000,48699.0,48726.0,48293.0,48716.0,801
1765857600,48713.0,48733.0,48320.0,48725.0,456
1765861200,48725.0,48729.0,48277.0,48278.0,0
1765864800,48652.0,48687.0,48279.0,48683.0,5494
1765868400,48687.0,48700.0,48278.0,48688.0,780
1765872000,48687.0,48757.0,48311.0,48754.0,1477
1765875600,48756.0,48758.0,48296.0,48311.0,0
1765879200,48679.0,48782.0,48299.0,48760.0,9416
1765882800,48760.0,48814.0,48381.0,48807.0,990
1765886400,48809.0,48842.0,48428.0,48447.0,0
1765890000,48815.0,48917.0,48402.0,48796.0,13894
1765893600,48798.0,48848.0,48292.0,48756.0,20223
1765897200,48756.0,48788.0,48134.0,48660.0,19539
1765900800,48663.0,48676.0,48150.0,48557.0,12034
1765904400,48203.0,48607.0,48012.0,48370.0,10172
1765908000,48370.0,48551.0,47964.0,48490.0,12079
1765911600,48486.0,48486.0,47982.0,48424.0,9356
1765915200,48422.0,48594.0,48065.0,48475.0,13028
1765918800,48128.0,48492.0,48090.0,48444.0,3908
1765926000,48456.0,48479.0,48079.0,48427.0,0
1765929600,48423.0,48423.0,48028.0,48399.0,1714
1765933200,48398.0,48474.0,48068.0,48472.0,2689
1765936800,48474.0,48476.0,48086.0,48458.0,600
1765940400,48457.0,48468.0,48086.0,48441.0,391
1765944000,48440.0,48462.0,48069.0,48416.0,354
1765947600,48418.0,48455.0,48059.0,48455.0,942
1765951200,48455.0,48495.0,48114.0,48475.0,507
1765954800,48475.0,48520.0,48130.0,48484.0,1180
1765958400,48483.0,48543.0,48136.0,48518.0,1451
1765962000,48516.0,48574.0,48145.0,48563.0,1440
1765965600,48560.0,48596.0,48206.0,48595.0,897
1765969200,48594.0,48595.0,48207.0,48581.0,1271
1765972800,48230.0,48596.0,48219.0,48236.0,0
1765976400,48588.0,48629.0,48199.0,48592.0,19035
1765980000,48593.0,48734.0,48171.0,48712.0,17312
1765983600,48711.0,48749.0,48007.0,48377.0,17648
1765987200,48371.0,48453.0,47970.0,48392.0,13216
1765990800,48394.0,48442.0,47969.0,48346.0,10248
1765994400,48346.0,48406.0,48021.0,48272.0,8325
1765998000,48272.0,48332.0,48242.0,48327.0,5513
1766001600,48323.0,48338.0,48207.0,48232.0,10280
1766005200,48231.0,48304.0,48231.0,48272.0,3694
1766012400,48258.0,48292.0,48220.0,48229.0,0
1766016000,48233.0,48276.0,48208.0,48273.0,1400
1766019600,48276.0,48279.0,48216.0,48221.0,802
1766023200,48233.0,48276.0,48213.0,48224.0,700
1766026800,48225.0,48225.0,48146.0,48176.0,1538
1766030400,48182.0,48219.0,48169.0,48215.0,443
1766034000,48209.0,48213.0,48174.0,48185.0,1005
1766037600,48187.0,48204.0,48171.0,48192.0,435
1766041200,48192.0,48220.0,48190.0,48213.0,769
1766044800,48212.0,48247.0,48192.0,48241.0,1252
1766048400,48239.0,48304.0,48232.0,48301.0,1180
1766052000,48302.0,48319.0,48291.0,48300.0,914
1766055600,48301.0,48380.0,48294.0,48369.0,1204
1766059200,48367.0,48372.0,48293.0,48304.0,1691
1766062800,48304.0,48518.0,48297.0,48444.0,6302
1766066400,48440.0,48656.0,48379.0,48546.0,17486
1766070000,48548.0,48728.0,48435.0,48660.0,15856
1766073600,48659.0,48725.0,48529.0,48542.0,9176
1766077200,48542.0,48549.0,48196.0,48417.0,17777
1766080800,48417.0,48542.0,48370.0,48413.0,6705
1766084400,48411.0,48422.0,48239.0,48284.0,7338
1766088000,48283.0,48445.0,48277.0,48310.0,10269
1766091600,48311.0,48320.0,48243.0,48254.0,2575
1766098800,48238.0,48257.0,48206.0,48257.0,0
1766102400,48256.0,48268.0,48224.0,48260.0,947
1766106000,48260.0,48264.0,48222.0,48253.0,709
1766109600,48249.0,48259.0,48219.0,48221.0,658
1766113200,48222.0,48258.0,48201.0,48235.0,839
1766116800,48237.0,48251.0,48225.0,48235.0,290
1766120400,48232.0,48236.0,48186.0,48190.0,664
1766124000,48191.0,48204.0,48127.0,48171.0,903
1766127600,48177.0,48254.0,48175.0,48254.0,1184
1766131200,48252.0,48349.0,48240.0,48331.0,1403
1766134800,48328.0,48375.0,48310.0,48374.0,1114
1766138400,48372.0,48384.0,48332.0,48341.0,1056
1766142000,48340.0,48343.0,48293.0,48304.0,1185
1766145600,48311.0,48333.0,48261.0,48271.0,1332
1766149200,48274.0,48338.0,48266.0,48295.0,2420
1766152800,48295.0,48559.0,48280.0,48552.0,14798
1766156400,48546.0,48634.0,48517.0,48549.0,9960
1766160000,48546.0,48624.0,48526.0,48569.0,6414
1766163600,48570.0,48615.0,48541.0,48578.0,4308
1766167200,48576.0,48620.0,48552.0,48557.0,2759
1766170800,48559.0,48597.0,48529.0,48549.0,3120
1766174400,48547.0,48561.0,48426.0,48469.0,10071
1766178000,48470.0,48514.0,48458.0,48465.0,2470
1766358000,48547.0,48567.0,48535.0,48558.0,356
1766361600,48559.0,48562.0,48500.0,48505.0,1130
1766365200,48503.0,48536.0,48501.0,48512.0,587
1766368800,48509.0,48518.0,48498.0,48517.0,356
1766372400,48518.0,48525.0,48496.0,48498.0,298
1766376000,48501.0,48511.0,48498.0,48500.0,200
1766379600,48499.0,48510.0,48481.0,48485.0,376
1766383200,48484.0,48498.0,48483.0,48494.0,298
1766386800,48497.0,48537.0,48495.0,48529.0,735
1766390400,48530.0,48544.0,48490.0,48492.0,871
1766394000,48490.0,48520.0,48488.0,48508.0,660
1766397600,48508.0,48521.0,48502.0,48508.0,371
1766401200,48509.0,48515.0,48458.0,48481.0,9805
1766404800,48484.0,48507.0,48473.0,48487.0,1324
1766408400,48486.0,48526.0,48468.0,48523.0,1399
1766412000,48524.0,48713.0,48511.0,48575.0,18575
1766415600,48575.0,48708.0,48549.0,48648.0,8439
1766419200,48650.0,48760.0,48645.0,48729.0,6097
1766422800,48729.0,48787.0,48698.0,48774.0,4355
1766426400,48776.0,48777.0,48681.0,48688.0,3275
1766430000,48687.0,48724.0,48660.0,48719.0,2821
1766433600,48718.0,48738.0,48677.0,48685.0,6745
1766437200,48685.0,48699.0,48669.0,48678.0,1468
1766444400,48684.0,48698.0,48670.0,48684.0,0
1766448000,48682.0,48690.0,48674.0,48688.0,279
1766451600,48688.0,48703.0,48677.0,48692.0,364
1766455200,48693.0,48712.0,48676.0,48685.0,319
1766458800,48686.0,48690.0,48673.0,48676.0,238
1766462400,48676.0,48677.0,48644.0,48646.0,441
1766466000,48648.0,48656.0,48637.0,48651.0,369
1766469600,48652.0,48660.0,48648.0,48654.0,305
1766473200,48655.0,48671.0,48653.0,48661.0,361
1766476800,48661.0,48701.0,48657.0,48681.0,917
1766480400,48676.0,48718.0,48676.0,48716.0,537
1766484000,48716.0,48728.0,48684.0,48686.0,775
1766487600,48686.0,48703.0,48672.0,48672.0,552
1766491200,48671.0,48685.0,48647.0,48659.0,1064
1766494800,48657.0,48668.0,48578.0,48587.0,2448
1766498400,48585.0,48703.0,48532.0,48666.0,11821
1766502000,48669.0,48793.0,48640.0,48764.0,8392
1766505600,48765.0,48781.0,48730.0,48758.0,3524
1766509200,48756.0,48798.0,48738.0,48772.0,3058
1766512800,48772.0,48854.0,48767.0,48804.0,3299
1766516400,48805.0,48811.0,48761.0,48763.0,2393
1766520000,48763.0,48790.0,48753.0,48757.0,5467
1766523600,48757.0,48764.0,48726.0,48732.0,1677
1766530800,48744.0,48744.0,48724.0,48733.0,0
1766534400,48733.0,48749.0,48732.0,48737.0,380
1766538000,48737.0,48751.0,48726.0,48731.0,333
1766541600,48730.0,48734.0,48723.0,48726.0,252
1766545200,48725.0,48737.0,48717.0,48732.0,160
1766548800,48731.0,48738.0,48723.0,48727.0,188
1766552400,48729.0,48734.0,48716.0,48718.0,284
1766556000,48716.0,48723.0,48707.0,48721.0,234
1766559600,48722.0,48724.0,48702.0,48706.0,303
1766563200,48707.0,48721.0,48705.0,48711.0,437
1766566800,48708.0,48735.0,48706.0,48730.0,411
1766570400,48729.0,48742.0,48720.0,48736.0,228
1766574000,48736.0,48738.0,48715.0,48722.0,304
1766577600,48723.0,48738.0,48718.0,48737.0,594
1766581200,48737.0,48763.0,48711.0,48754.0,814
1766586600,48753.0,48887.0,48681.0,48845.0,7399
1766590200,48843.0,48956.0,48837.0,48949.0,4452
1766593800,48948.0,49037.0,48944.0,49025.0,4101
1766597400,49024.0,49084.0,49015.0,49022.0,4132
1766599200,49022.0,49050.0,49004.0,49029.0,0
1766725200,49031.0,49034.0,48997.0,49003.0,216
1766728800,49003.0,49027.0,48999.0,49002.0,292
1766732400,49003.0,49004.0,48970.0,48972.0,425
1766736000,48971.0,48990.0,48952.0,48983.0,396
1766739600,48980.0,48995.0,48969.0,48977.0,335
1766743200,48976.0,48990.0,48969.0,48972.0,197
1766746800,48976.0,48977.0,48917.0,48933.0,636
1766750400,48934.0,48980.0,48934.0,48975.0,583
1766754000,48976.0,49000.0,48959.0,48983.0,988
1766757600,48984.0,49069.0,48961.0,49017.0,8033
1766761200,49018.0,49044.0,48941.0,48989.0,5026
1766764800,48988.0,49001.0,48913.0,48943.0,2800
1766768400,48945.0,48968.0,48899.0,48917.0,2424
1766772000,48920.0,48953.0,48872.0,48927.0,2488
1766775600,48926.0,48957.0,48908.0,48927.0,1902
1766779200,48926.0,49021.0,48925.0,49000.0,4555
1766782800,49001.0,49010.0,48981.0,48998.0,1159
1766962800,49025.0,49035.0,49004.0,49021.0,348
1766966400,49018.0,49044.0,49007.0,49041.0,668
1766970000,49039.0,49052.0,49006.0,49009.0,600
1766973600,49009.0,49016.0,49001.0,49002.0,216
1766977200,49000.0,49024.0,49000.0,49016.0,252
1766980800,49018.0,49023.0,49003.0,49003.0,227
1766984400,48997.0,48997.0,48979.0,48988.0,357
1766988000,48988.0,49015.0,48983.0,48991.0,420
1766991600,48990.0,49016.0,48977.0,49004.0,558
1766995200,49004.0,49005.0,48947.0,48959.0,888
1766998800,48960.0,49009.0,48960.0,49006.0,727
1767002400,49006.0,49024.0,48995.0,48999.0,404
1767006000,48996.0,49006.0,48983.0,49004.0,551
1767009600,49001.0,49002.0,48917.0,48947.0,1026
1767013200,48946.0,48956.0,48873.0,48904.0,1526
1767016800,48901.0,48987.0,48806.0,48843.0,12379
1767020400,48841.0,48854.0,48731.0,48762.0,7094
1767024000,48762.0,48781.0,48699.0,48742.0,4501
1767027600,48744.0,48748.0,48665.0,48706.0,3145
1767031200,48703.0,48808.0,48701.0,48755.0,3500
1767034800,48753.0,48812.0,48711.0,48808.0,3166
1767038400,48810.0,48842.0,48725.0,48755.0,5888
1767042000,48755.0,48775.0,48731.0,48761.0,1451
1767049200,48763.0,48774.0,48737.0,48744.0,0
1767052800,48745.0,48765.0,48739.0,48742.0,263
1767056400,48740.0,48762.0,48735.0,48760.0,241
1767060000,48760.0,48762.0,48732.0,48737.0,213
1767063600,48738.0,48767.0,48738.0,48747.0,171
1767067200,48746.0,48768.0,48741.0,48754.0,180
1767070800,48756.0,48761.0,48737.0,48755.0,195
1767074400,48755.0,48755.0,48729.0,48740.0,207
1767078000,48738.0,48739.0,48685.0,48692.0,536
1767081600,48697.0,48763.0,48694.0,48756.0,647
1767085200,48755.0,48767.0,48739.0,48752.0,467
1767088800,48753.0,48763.0,48736.0,48739.0,524
1767092400,48738.0,48761.0,48706.0,48750.0,649
1767096000,48751.0,48764.0,48727.0,48736.0,675
1767099600,48736.0,48754.0,48720.0,48737.0,916
1767103200,48736.0,48763.0,48573.0,48699.0,11161
1767106800,48699.0,48712.0,48592.0,48647.0,6390
1767110400,48647.0,48718.0,48624.0,48629.0,4507
1767114000,48627.0,48692.0,48591.0,48684.0,3116
1767117600,48682.0,48712.0,48660.0,48697.0,1756
1767121200,48699.0,48706.0,48647.0,48666.0,2125
1767124800,48666.0,48714.0,48641.0,48656.0,5614
1767128400,48656.0,48688.0,48641.0,48677.0,1748
1767135600,48685.0,48693.0,48655.0,48664.0,0
1767139200,48660.0,48663.0,48607.0,48618.0,367
1767142800,48612.0,48621.0,48585.0,48607.0,716
1767146400,48606.0,48647.0,48605.0,48643.0,453
1767150000,48641.0,48650.0,48629.0,48634.0,284
1767153600,48634.0,48644.0,48627.0,48629.0,242
1767157200,48626.0,48630.0,48596.0,48601.0,408
1767160800,48602.0,48607.0,48586.0,48600.0,345
1767164400,48598.0,48616.0,48583.0,48602.0,346
1767168000,48603.0,48608.0,48572.0,48576.0,507
1767171600,48575.0,48598.0,48570.0,48576.0,479
1767175200,48578.0,48586.0,48563.0,48570.0,329
1767178800,48570.0,48590.0,48564.0,48585.0,392
1767182400,48583.0,48622.0,48574.0,48618.0,568
1767186000,48618.0,48666.0,48608.0,48652.0,831
1767189600,48654.0,48677.0,48504.0,48567.0,8125
1767193200,48567.0,48568.0,48440.0,48447.0,8111
1767196800,48444.0,48527.0,48439.0,48514.0,3235
1767200400,48513.0,48516.0,48442.0,48460.0,2793
1767204000,48459.0,48560.0,48459.0,48549.0,2446
1767207600,48550.0,48573.0,48430.0,48435.0,3647
1767211200,48436.0,48440.0,48315.0,48340.0,9586
1767214800,48339.0,48378.0,48338.0,48351.0,1747
1767330000,48449.0,48471.0,48446.0,48467.0,605
1767333600,48468.0,48484.0,48459.0,48460.0,437
1767337200,48458.0,48459.0,48425.0,48426.0,518
1767340800,48427.0,48463.0,48418.0,48450.0,1453
1767344400,48452.0,48522.0,48450.0,48521.0,1421
1767348000,48521.0,48530.0,48489.0,48528.0,956
1767351600,48529.0,48556.0,48517.0,48548.0,834
1767355200,48548.0,48569.0,48516.0,48521.0,1362
1767358800,48521.0,48527.0,48464.0,48488.0,1484
1767362400,48491.0,48508.0,48092.0,48337.0,20757
1767366000,48338.0,48427.0,48140.0,48355.0,21012
1767369600,48357.0,48506.0,48307.0,48360.0,12188
1767373200,48358.0,48523.0,48352.0,48383.0,7409
1767376800,48381.0,48431.0,48327.0,48398.0,4793
1767380400,48399.0,48651.0,48383.0,48616.0,8993
1767384000,48614.0,48652.0,48522.0,48616.0,10038
1767387600,48615.0,48633.0,48585.0,48598.0,2497
1767567600,48621.0,48629.0,48581.0,48614.0,743
1767571200,48613.0,48624.0,48582.0,48621.0,672
1767574800,48619.0,48640.0,48574.0,48606.0,1949
1767578400,48610.0,48644.0,48608.0,48635.0,624
1767582000,48633.0,48636.0,48591.0,48591.0,482
1767585600,48590.0,48641.0,48586.0,48633.0,481
1767589200,48634.0,48642.0,48611.0,48640.0,485
1767592800,48641.0,48678.0,48613.0,48674.0,725
1767596400,48675.0,48686.0,48624.0,48651.0,805
1767600000,48650.0,48687.0,48632.0,48660.0,1720
1767603600,48664.0,48673.0,48608.0,48629.0,986
1767607200,48631.0,48659.0,48622.0,48626.0,619
1767610800,48629.0,48653.0,48617.0,48648.0,721
1767614400,48652.0,48667.0,48593.0,48618.0,1310
1767618000,48620.0,48674.0,48556.0,48659.0,2417
1767621600,48659.0,49200.0,48647.0,49156.0,26597
1767625200,49156.0,49328.0,49125.0,49280.0,17352
1767628800,49282.0,49376.0,49246.0,49367.0,10982
1767632400,49369.0,49423.0,49347.0,49394.0,8243
1767636000,49395.0,49459.0,49374.0,49446.0,6187
1767639600,49445.0,49463.0,49300.0,49320.0,7342
1767643200,49319.0,49359.0,49210.0,49237.0,12605
1767646800,49236.0,49253.0,49216.0,49220.0,2614
1767654000,49225.0,49251.0,49210.0,49214.0,0
1767657600,49215.0,49228.0,49201.0,49213.0,705
1767661200,49213.0,49270.0,49209.0,49252.0,2255
1767664800,49252.0,49259.0,49242.0,49258.0,446
1767668400,49258.0,49259.0,49247.0,49255.0,314
1767672000,49255.0,49269.0,49239.0,49245.0,501
1767675600,49247.0,49250.0,49225.0,49229.0,953
1767679200,49231.0,49270.0,49214.0,49255.0,1748
1767682800,49256.0,49256.0,49224.0,49232.0,668
1767686400,49232.0,49232.0,49103.0,49125.0,1920
1767690000,49124.0,49159.0,49100.0,49102.0,1961
1767693600,49106.0,49155.0,49096.0,49131.0,1032
1767697200,49132.0,49161.0,49128.0,49133.0,948
1767700800,49132.0,49213.0,49128.0,49207.0,1341
1767704400,49207.0,49214.0,49154.0,49186.0,2147
1767708000,49182.0,49349.0,49139.0,49322.0,20063
1767711600,49323.0,49440.0,49309.0,49359.0,15636
1767715200,49357.0,49505.0,49340.0,49498.0,8914
1767718800,49496.0,49661.0,49494.0,49656.0,7593
1767722400,49659.0,49707.0,49633.0,49704.0,5526
1767726000,49726.0,49748.0,49687.0,49716.0,5542
1767729600,49733.0,49763.0,49710.0,49716.0,10804
1767733200,49715.0,49756.0,49707.0,49748.0,2965
1767740400,49752.0,49759.0,49729.0,49732.0,0
1767744000,49733.0,49755.0,49728.0,49746.0,645
1767747600,49747.0,49787.0,49739.0,49777.0,2844
1767751200,49776.0,49793.0,49764.0,49781.0,803
1767754800,49780.0,49793.0,49765.0,49776.0,1843
1767758400,49776.0,49805.0,49769.0,49797.0,466
1767762000,49797.0,49808.0,49781.0,49785.0,538
1767765600,49785.0,49794.0,49749.0,49751.0,597
1767769200,49752.0,49773.0,49750.0,49754.0,676
1767772800,49755.0,49770.0,49744.0,49757.0,1099
1767776400,49756.0,49788.0,49732.0,49744.0,2372
1767780000,49742.0,49751.0,49718.0,49745.0,811
1767783600,49746.0,49755.0,49734.0,49748.0,765
1767787200,49749.0,49767.0,49724.0,49765.0,1279
1767790800,49764.0,49800.0,49743.0,49788.0,2839
1767794400,49786.0,49876.0,49605.0,49620.0,19976
1767798000,49616.0,49642.0,49446.0,49509.0,18154
1767801600,49539.0,49624.0,49505.0,49615.0,8083
1767805200,49617.0,49647.0,49501.0,49518.0,6467
1767808800,49517.0,49517.0,49409.0,49476.0,6597
1767812400,49475.0,49484.0,49373.0,49398.0,6093
1767816000,49399.0,49403.0,49191.0,49243.0,14952
1767819600,49242.0,49244.0,49182.0,49232.0,3794
1767826800,49239.0,49267.0,49232.0,49259.0,0
1767830400,49263.0,49272.0,49250.0,49267.0,545
1767834000,49267.0,49267.0,49228.0,49253.0,666
1767837600,49252.0,49264.0,49183.0,49190.0,2252
1767841200,49191.0,49193.0,49149.0,49174.0,1503
1767844800,49167.0,49175.0,49154.0,49159.0,383
1767848400,49158.0,49163.0,49107.0,49111.0,623
1767852000,49110.0,49111.0,49064.0,49098.0,1220
1767855600,49099.0,49137.0,49070.0,49112.0,2046
1767859200,49111.0,49149.0,49111.0,49118.0,1536
1767862800,49121.0,49141.0,49089.0,49096.0,1301
1767866400,49096.0,49102.0,49066.0,49093.0,1028
1767870000,49092.0,49110.0,49050.0,49068.0,1710
1767873600,49066.0,49078.0,49032.0,49057.0,1919
1767877200,49056.0,49101.0,49047.0,49063.0,2882
1767880800,49060.0,49325.0,49001.0,49285.0,25005
1767884400,49282.0,49458.0,49260.0,49452.0,16592
1767888000,49453.0,49546.0,49386.0,49524.0,11376
1767891600,49523.0,49586.0,49495.0,49551.0,6672
1767895200,49552.0,49564.0,49473.0,49485.0,5532
1767898800,49486.0,49525.0,49444.0,49468.0,5642
1767902400,49468.0,49535.0,49453.0,49485.0,9811
1767906000,49485.0,49603.0,49480.0,49568.0,2957
1767913200,49569.0,49591.0,49522.0,49531.0,0
1767916800,49529.0,49544.0,49494.0,49500.0,718
1767920400,49501.0,49510.0,49475.0,49486.0,933
1767924000,49487.0,49514.0,49481.0,49497.0,550
1767927600,49496.0,49505.0,49487.0,49497.0,460
1767931200,49498.0,49505.0,49486.0,49501.0,377
1767934800,49501.0,49508.0,49476.0,49495.0,312
1767938400,49501.0,49509.0,49479.0,49496.0,268
1767942000,49496.0,49498.0,49458.0,49487.0,595
1767945600,49488.0,49511.0,49451.0,49460.0,1111
1767949200,49458.0,49516.0,49455.0,49514.0,1136
1767952800,49516.0,49520.0,49491.0,49492.0,591
1767956400,49493.0,49510.0,49479.0,49491.0,1027
1767960000,49487.0,49530.0,49480.0,49526.0,1120
1767963600,49526.0,49675.0,49502.0,49643.0,3881
1767967200,49642.0,49675.0,49443.0,49591.0,19624
1767970800,49592.0,49693.0,49408.0,49590.0,17493
1767974400,49589.0,49777.0,49577.0,49751.0,8832
1767978000,49750.0,49793.0,49701.0,49702.0,4736
1767981600,49702.0,49759.0,49666.0,49705.0,4227
1767985200,49704.0,49757.0,49694.0,49746.0,3210
1767988800,49744.0,49775.0,49712.0,49726.0,7881
1767992400,49728.0,49734.0,49706.0,49732.0,2095
1768172400,49677.0,49692.0,49648.0,49658.0,1064
1768176000,49662.0,49663.0,49540.0,49564.0,1880
1768179600,49562.0,49578.0,49511.0,49556.0,2129
1768183200,49553.0,49553.0,49489.0,49498.0,962
1768186800,49498.0,49502.0,49462.0,49473.0,582
1768190400,49472.0,49492.0,49461.0,49483.0,375
1768194000,49478.0,49495.0,49462.0,49483.0,769
1768197600,49482.0,49513.0,49477.0,49499.0,930
1768201200,49498.0,49523.0,49466.0,49493.0,1046
1768204800,49492.0,49512.0,49418.0,49426.0,1935
1768208400,49422.0,49431.0,49340.0,49381.0,6927
1768212000,49383.0,49383.0,49350.0,49351.0,1031
1768215600,49352.0,49391.0,49292.0,49356.0,2695
1768219200,49358.0,49408.0,49353.0,49390.0,2485
1768222800,49392.0,49427.0,49368.0,49408.0,2606
1768226400,49408.0,49566.0,49212.0,49549.0,24014
1768230000,49547.0,49641.0,49413.0,49635.0,15413
1768233600,49636.0,49713.0,49593.0,49646.0,8753
1768237200,49645.0,49685.0,49604.0,49668.0,5144
1768240800,49668.0,49763.0,49658.0,49756.0,4214
1768244400,49753.0,49801.0,49716.0,49784.0,4689
1768248000,49785.0,49855.0,49724.0,49807.0,9339
1768251600,49808.0,49808.0,49748.0,49762.0,1938
1768258800,49764.0,49774.0,49732.0,49752.0,0
1768262400,49749.0,49765.0,49735.0,49743.0,787
1768266000,49739.0,49779.0,49728.0,49763.0,747
1768269600,49764.0,49790.0,49759.0,49786.0,432
1768273200,49787.0,49801.0,49781.0,49783.0,294
1768276800,49784.0,49799.0,49782.0,49798.0,209
1768280400,49799.0,49801.0,49770.0,49782.0,275
1768284000,49781.0,49784.0,49759.0,49772.0,390
1768287600,49772.0,49779.0,49761.0,49770.0,617
1768291200,49765.0,49767.0,49740.0,49762.0,811
1768294800,49760.0,49763.0,49734.0,49749.0,1197
1768298400,49749.0,49752.0,49716.0,49744.0,845
1768302000,49746.0,49830.0,49691.0,49797.0,5829
1768305600,49796.0,49798.0,49694.0,49695.0,2494
1768309200,49696.0,49901.0,49669.0,49767.0,5977
1768312800,49765.0,49823.0,49477.0,49513.0,22371
1768316400,49515.0,49619.0,49417.0,49504.0,20116
1768320000,49500.0,49556.0,49411.0,49505.0,10447
1768323600,49505.0,49541.0,49439.0,49455.0,6565
1768327200,49454.0,49516.0,49393.0,49459.0,7367
1768330800,49462.0,49478.0,49383.0,49414.0,7741
1768334400,49416.0,49418.0,49274.0,49403.0,12002
1768338000,49404.0,49424.0,49377.0,49386.0,2656
1768345200,49372.0,49387.0,49356.0,49361.0,0
1768348800,49359.0,49381.0,49352.0,49361.0,636
1768352400,49360.0,49363.0,49304.0,49308.0,830
1768356000,49307.0,49323.0,49292.0,49320.0,1283
1768359600,49319.0,49338.0,49304.0,49323.0,927
1768363200,49322.0,49329.0,49271.0,49277.0,388
1768366800,49277.0,49288.0,49257.0,49265.0,592
1768370400,49264.0,49292.0,49257.0,49292.0,1135
1768374000,49293.0,49305.0,49276.0,49288.0,792
1768377600,49289.0,49312.0,49279.0,49307.0,1151
1768381200,49305.0,49343.0,49301.0,49331.0,1045
1768384800,49329.0,49330.0,49228.0,49241.0,1927
1768388400,49241.0,49264.0,49208.0,49247.0,2387
1768392000,49248.0,49316.0,49210.0,49275.0,1797
1768395600,49273.0,49291.0,49218.0,49239.0,2791
1768399200,49240.0,49400.0,49201.0,49214.0,23638
1768402800,49212.0,49364.0,49088.0,49156.0,23480
1768406400,49157.0,49349.0,49057.0,49098.0,13835
1768410000,49098.0,49184.0,49083.0,49133.0,9124
1768413600,49133.0,49246.0,49115.0,49236.0,6618
1768417200,49236.0,49260.0,49182.0,49242.0,5520
1768420800,49239.0,49380.0,49196.0,49368.0,17466
1768424400,49368.0,49388.0,49220.0,49304.0,4196
1768431600,49277.0,49319.0,49253.0,49291.0,0
1768435200,49293.0,49299.0,49272.0,49290.0,675
1768438800,49289.0,49336.0,49270.0,49333.0,1933
1768442400,49333.0,49342.0,49310.0,49323.0,313
1768446000,49322.0,49337.0,49293.0,49300.0,1645
1768449600,49302.0,49311.0,49295.0,49306.0,366
1768453200,49301.0,49368.0,49300.0,49334.0,1508
1768456800,49331.0,49385.0,49326.0,49342.0,1110
1768460400,49342.0,49350.0,49310.0,49325.0,1147
1768464000,49324.0,49347.0,49304.0,49345.0,1064
1768467600,49345.0,49422.0,49333.0,49400.0,1891
1768471200,49399.0,49418.0,49380.0,49411.0,1191
1768474800,49412.0,49426.0,49381.0,49389.0,1522
1768478400,49389.0,49508.0,49353.0,49373.0,8242
1768482000,49371.0,49384.0,49288.0,49325.0,4870
1768485600,49326.0,49594.0,49299.0,49532.0,23720
1768489200,49530.0,49694.0,49528.0,49681.0,19818
1768492800,49679.0,49770.0,49673.0,49730.0,10411
1768496400,49730.0,49773.0,49686.0,49687.0,6037
1768500000,49685.0,49792.0,49679.0,49757.0,5299
1768503600,49756.0,49790.0,49665.0,49682.0,7101
1768507200,49681.0,49701.0,49590.0,49651.0,10978
1768510800,49651.0,49659.0,49626.0,49643.0,1963
1768518000,49653.0,49685.0,49645.0,49675.0,0
1768521600,49673.0,49682.0,49659.0,49673.0,404
1768525200,49675.0,49687.0,49645.0,49674.0,650
1768528800,49674.0,49712.0,49665.0,49709.0,409
1768532400,49708.0,49730.0,49706.0,49725.0,323
1768536000,49725.0,49750.0,49719.0,49745.0,274
1768539600,49747.0,49748.0,49724.0,49727.0,1184
1768543200,49729.0,49729.0,49714.0,49725.0,323
1768546800,49728.0,49737.0,49709.0,49712.0,1145
1768550400,49712.0,49731.0,49687.0,49694.0,1124
1768554000,49694.0,49714.0,49677.0,49682.0,899
1768557600,49684.0,49711.0,49683.0,49688.0,672
1768561200,49687.0,49711.0,49634.0,49638.0,1687
1768564800,49637.0,49662.0,49607.0,49627.0,1936
1768568400,49626.0,49669.0,49600.0,49645.0,2221
1768572000,49643.0,49799.0,49511.0,49520.0,21829
1768575600,49517.0,49606.0,49424.0,49545.0,16798
1768579200,49544.0,49667.0,49533.0,49594.0,10310
1768582800,49590.0,49627.0,49575.0,49599.0,5235
1768586400,49595.0,49684.0,49584.0,49639.0,4399
1768590000,49637.0,49715.0,49583.0,49608.0,7542
1768593600,49608.0,49618.0,49514.0,49545.0,10653
1768597200,49546.0,49560.0,49507.0,49554.0,2481
1768795200,49547.0,49547.0,49173.0,49175.0,69
1768885200,49080.0,49114.0,49075.0,49097.0,829
1768888800,49097.0,49097.0,48886.0,48955.0,3608
1768892400,48957.0,48966.0,48892.0,48930.0,2378
1768896000,48932.0,48935.0,48763.0,48808.0,4615
1768899600,48810.0,48832.0,48696.0,48721.0,3474
1768903200,48718.0,48830.0,48689.0,48820.0,2107
1768906800,48818.0,48928.0,48809.0,48914.0,2700
1768910400,48914.0,48966.0,48862.0,48938.0,4257
1768914000,48940.0,48960.0,48798.0,48824.0,7146
1768917600,48823.0,48970.0,48783.0,48860.0,27879
1768921200,48858.0,49095.0,48756.0,49048.0,19189
1768924800,49048.0,49057.0,48892.0,49021.0,12717
1768928400,49018.0,49055.0,48835.0,48863.0,9376
1768932000,48861.0,48915.0,48659.0,48698.0,8424
1768935600,48696.0,48735.0,48625.0,48655.0,9638
1768939200,48655.0,48721.0,48611.0,48686.0,17940
1768942800,48686.0,48745.0,48666.0,48730.0,2885
1768950000,48727.0,48751.0,48679.0,48688.0,0
1768953600,48692.0,48747.0,48692.0,48736.0,753
1768957200,48739.0,48779.0,48730.0,48764.0,927
1768960800,48765.0,48776.0,48729.0,48737.0,582
1768964400,48736.0,48787.0,48736.0,48757.0,794
1768968000,48762.0,48779.0,48752.0,48762.0,351
1768971600,48761.0,48776.0,48732.0,48753.0,1364
1768975200,48750.0,48761.0,48716.0,48718.0,701
1768978800,48717.0,48791.0,48717.0,48768.0,1484
1768982400,48766.0,48792.0,48751.0,48772.0,1035
1768986000,48772.0,48784.0,48680.0,48683.0,1643
1768989600,48685.0,48752.0,48671.0,48715.0,1296
1768993200,48715.0,48721.0,48554.0,48556.0,4542
1768996800,48555.0,48644.0,48527.0,48579.0,3257
1769000400,48579.0,48589.0,48488.0,48545.0,4059
1769004000,48542.0,48991.0,48530.0,48986.0,30001
1769007600,48985.0,49205.0,48973.0,49150.0,20377
1769011200,49149.0,49156.0,48944.0,48947.0,13210
1769014800,48947.0,48982.0,48771.0,48933.0,12624
1769018400,48932.0,49035.0,48803.0,48997.0,10000
1769022000,48999.0,49482.0,48907.0,49454.0,19452
1769025600,49454.0,49479.0,49223.0,49269.0,17189
1769029200,49269.0,49314.0,49261.0,49281.0,2983
1769036400,49296.0,49350.0,49294.0,49319.0,0
1769040000,49322.0,49345.0,49310.0,49335.0,772
1769043600,49333.0,49373.0,49328.0,49368.0,778
1769047200,49367.0,49393.0,49351.0,49366.0,528
1769050800,49368.0,49388.0,49365.0,49373.0,414
1769054400,49373.0,49374.0,49348.0,49357.0,339
1769058000,49355.0,49363.0,49305.0,49310.0,495
1769061600,49309.0,49323.0,49257.0,49304.0,1088
1769065200,49304.0,49354.0,49267.0,49327.0,1359
1769068800,49328.0,49440.0,49324.0,49417.0,3188
1769072400,49416.0,49474.0,49415.0,49459.0,1460
1769076000,49461.0,49468.0,49421.0,49465.0,1549
1769079600,49465.0,49473.0,49386.0,49399.0,2179
1769083200,49399.0,49431.0,49370.0,49413.0,2505
1769086800,49411.0,49517.0,49404.0,49515.0,2964
1769090400,49513.0,49764.0,49474.0,49523.0,27318
1769094000,49524.0,49650.0,49432.0,49611.0,14957
1769097600,49612.0,49727.0,49606.0,49665.0,8191
1769101200,49665.0,49795.0,49642.0,49774.0,9580
1769104800,49773.0,49780.0,49661.0,49681.0,7134
1769108400,49679.0,49758.0,49579.0,49580.0,7113
1769112000,49578.0,49644.0,49494.0,49561.0,11829
1769115600,49561.0,49573.0,49486.0,49507.0,2779
1769122800,49506.0,49541.0,49488.0,49527.0,0
1769126400,49526.0,49574.0,49510.0,49572.0,609
1769130000,49572.0,49608.0,49565.0,49607.0,1046
1769133600,49607.0,49608.0,49579.0,49582.0,444
1769137200,49582.0,49607.0,49582.0,49603.0,290
1769140800,49600.0,49601.0,49580.0,49599.0,387
1769144400,49598.0,49610.0,49591.0,49608.0,382
1769148000,49608.0,49620.0,49584.0,49590.0,407
1769151600,49590.0,49605.0,49572.0,49584.0,986
1769155200,49581.0,49587.0,49491.0,49510.0,1734
1769158800,49507.0,49530.0,49433.0,49458.0,1944
1769162400,49456.0,49457.0,49422.0,49446.0,1114
1769166000,49447.0,49486.0,49434.0,49443.0,2502
1769169600,49444.0,49477.0,49415.0,49463.0,1578
1769173200,49462.0,49467.0,49307.0,49322.0,4381
1769176800,49323.0,49384.0,49170.0,49304.0,19817
1769180400,49303.0,49358.0,49203.0,49325.0,13560
1769184000,49325.0,49367.0,49246.0,49291.0,10705
1769187600,49284.0,49346.0,49131.0,49147.0,7689
1769191200,49148.0,49209.0,49119.0,49204.0,6848
1769194800,49205.0,49305.0,49199.0,49258.0,6422
1769198400,49258.0,49292.0,49209.0,49263.0,9391
1769202000,49262.0,49263.0,49167.0,49180.0,2459
1769382000,48976.0,49113.0,48963.0,49095.0,1161
1769385600,49098.0,49188.0,49093.0,49151.0,1457
1769389200,49152.0,49210.0,49123.0,49139.0,1968
1769392800,49143.0,49168.0,49111.0,49137.0,825
1769396400,49139.0,49172.0,49131.0,49141.0,517
1769400000,49142.0,49163.0,49123.0,49139.0,334
1769403600,49135.0,49180.0,49128.0,49176.0,496
1769407200,49176.0,49210.0,49174.0,49186.0,620
1769410800,49192.0,49250.0,49184.0,49242.0,812
1769414400,49243.0,49286.0,49234.0,49282.0,1320
1769418000,49280.0,49301.0,49159.0,49195.0,2543
1769421600,49191.0,49252.0,49190.0,49224.0,945
1769425200,49226.0,49280.0,49220.0,49239.0,1637
1769428800,49235.0,49277.0,49234.0,49264.0,907
1769432400,49265.0,49326.0,49237.0,49323.0,2690
1769436000,49321.0,49483.0,49303.0,49401.0,17549
1769439600,49401.0,49527.0,49388.0,49440.0,11371
1769443200,49438.0,49444.0,49355.0,49388.0,7204
1769446800,49389.0,49503.0,49382.0,49487.0,5076
1769450400,49488.0,49619.0,49473.0,49522.0,7137
1769454000,49521.0,49613.0,49514.0,49578.0,4976
1769457600,49579.0,49644.0,49552.0,49560.0,10763
1769461200,49560.0,49572.0,49373.0,49373.0,6294
1769468400,49421.0,49425.0,49357.0,49403.0,0
1769472000,49403.0,49418.0,49380.0,49416.0,546
1769475600,49414.0,49447.0,49404.0,49437.0,614
1769479200,49437.0,49493.0,49437.0,49492.0,875
1769482800,49489.0,49507.0,49482.0,49502.0,416
1769486400,49500.0,49535.0,49500.0,49519.0,318
1769490000,49516.0,49536.0,49500.0,49532.0,385
1769493600,49533.0,49554.0,49513.0,49513.0,564
1769497200,49516.0,49543.0,49513.0,49535.0,806
1769500800,49536.0,49544.0,49484.0,49510.0,1065
1769504400,49509.0,49532.0,49506.0,49509.0,1281
1769508000,49509.0,49566.0,49473.0,49475.0,2726
1769511600,49476.0,49492.0,49407.0,49412.0,2472
1769515200,49412.0,49436.0,49288.0,49300.0,5319
1769518800,49299.0,49333.0,49228.0,49233.0,4180
1769522400,49233.0,49270.0,49089.0,49156.0,21677
1769526000,49161.0,49180.0,49039.0,49176.0,15353
1769529600,49177.0,49318.0,49155.0,49225.0,10951
1769533200,49225.0,49227.0,49054.0,49069.0,9294
1769536800,49071.0,49136.0,49007.0,49119.0,7266
1769540400,49117.0,49158.0,49094.0,49135.0,4281
1769544000,49131.0,49171.0,49112.0,49164.0,9258
1769547600,49165.0,49167.0,49110.0,49130.0,2780
1769554800,49150.0,49150.0,49109.0,49133.0,0
1769558400,49134.0,49190.0,49132.0,49170.0,920
1769562000,49171.0,49172.0,49143.0,49153.0,527
1769565600,49151.0,49165.0,49140.0,49155.0,416
1769569200,49154.0,49174.0,49146.0,49147.0,509
1769572800,49146.0,49150.0,49131.0,49146.0,438
1769576400,49147.0,49179.0,49145.0,49173.0,372
1769580000,49173.0,49226.0,49150.0,49175.0,2340
1769583600,49175.0,49202.0,49162.0,49201.0,1190
1769587200,49199.0,49213.0,49124.0,49129.0,1489
1769590800,49130.0,49186.0,49130.0,49178.0,1354
1769594400,49177.0,49200.0,49166.0,49196.0,764
1769598000,49196.0,49197.0,49162.0,49173.0,932
1769601600,49174.0,49193.0,49105.0,49116.0,2697
1769605200,49116.0,49161.0,49093.0,49116.0,1906
1769608800,49115.0,49290.0,49088.0,49141.0,15794
1769612400,49143.0,49205.0,49054.0,49135.0,11496
1769616000,49135.0,49227.0,49133.0,49160.0,6738
1769619600,49158.0,49231.0,49121.0,49143.0,4846
1769623200,49143.0,49184.0,49087.0,49117.0,2726
1769626800,49110.0,49277.0,49039.0,49087.0,13223
1769630400,49087.0,49205.0,49075.0,49165.0,8563
1769634000,49166.0,49220.0,48990.0,49125.0,9849
1769641200,49134.0,49150.0,49013.0,49020.0,0
1769644800,49020.0,49044.0,48981.0,49042.0,1624
1769648400,49043.0,49046.0,49000.0,49025.0,1043
1769652000,49024.0,49091.0,49019.0,49074.0,1043
1769655600,49073.0,49108.0,49071.0,49100.0,493
1769659200,49100.0,49126.0,49089.0,49123.0,379
1769662800,49122.0,49151.0,49111.0,49143.0,557
1769666400,49144.0,49178.0,49142.0,49154.0,544
1769670000,49155.0,49218.0,49146.0,49207.0,1070
1769673600,49204.0,49228.0,49160.0,49211.0,2031
1769677200,49212.0,49275.0,49200.0,49203.0,1819
1769680800,49202.0,49228.0,49150.0,49160.0,1368
1769684400,49160.0,49429.0,49129.0,49223.0,11598
1769688000,49222.0,49246.0,49159.0,49197.0,3798
1769691600,49198.0,49219.0,49165.0,49175.0,2284
1769695200,49178.0,49442.0,49086.0,49099.0,29862
1769698800,49108.0,49140.0,48798.0,48858.0,26005
1769702400,48860.0,49076.0,48724.0,49041.0,16753
1769706000,49041.0,49204.0,48931.0,48937.0,11218
1769709600,48936.0,49097.0,48908.0,48995.0,7620
1769713200,48992.0,49156.0,48970.0,49041.0,7326
1769716800,49042.0,49203.0,49040.0,49158.0,11811
1769720400,49158.0,49191.0,49100.0,49107.0,4556
1769727600,49123.0,49127.0,48973.0,49095.0,0
1769731200,49094.0,49133.0,49035.0,49045.0,2007
1769734800,49045.0,49055.0,48916.0,48960.0,1687
1769738400,48963.0,48970.0,48896.0,48940.0,2087
1769742000,48945.0,49170.0,48942.0,48979.0,1165
1769745600,48976.0,49003.0,48968.0,48971.0,586
1769749200,48980.0,48997.0,48938.0,48938.0,722
1769752800,48937.0,48944.0,48778.0,48787.0,1804
1769756400,48785.0,48857.0,48764.0,48771.0,2371
1769760000,48772.0,48851.0,48747.0,48823.0,2817
1769763600,48824.0,48863.0,48696.0,48751.0,3166
1769767200,48749.0,48838.0,48744.0,48816.0,1727
1769770800,48818.0,49047.0,48812.0,49038.0,3030
1769774400,49037.0,49081.0,48937.0,48966.0,3496
1769778000,48966.0,49014.0,48858.0,48904.0,3873
1769781600,48901.0,49169.0,48895.0,48987.0,23291
1769785200,48984.0,49105.0,48975.0,49073.0,7346
1770055200,49534.0,49536.0,49510.0,49510.0,35344
1770058800,49509.0,49594.0,49497.0,49530.0,6326
1770062400,49534.0,49602.0,49489.0,49521.0,11698
1770066000,49524.0,49540.0,49481.0,49486.0,3333
1770073200,49481.0,49574.0,49474.0,49531.0,0
1770076800,49531.0,49567.0,49504.0,49558.0,1203
1770080400,49561.0,49562.0,49521.0,49536.0,957
1770084000,49533.0,49539.0,49513.0,49527.0,676
1770087600,49525.0,49554.0,49522.0,49544.0,487
1770091200,49544.0,49567.0,49538.0,49564.0,397
1770094800,49566.0,49566.0,49529.0,49555.0,506
1770098400,49556.0,49580.0,49547.0,49558.0,663
1770102000,49557.0,49574.0,49549.0,49562.0,837
1770105600,49559.0,49595.0,49536.0,49546.0,1406
1770109200,49545.0,49555.0,49487.0,49503.0,1149
1770112800,49504.0,49531.0,49489.0,49494.0,703
1770116400,49495.0,49497.0,49453.0,49487.0,1630
1770120000,49487.0,49556.0,49475.0,49540.0,1292
1770123600,49538.0,49538.0,49490.0,49503.0,2166
1770127200,49503.0,49767.0,49401.0,49538.0,29517
1770130800,49542.0,49657.0,49469.0,49562.0,20586
1770134400,49562.0,49590.0,49375.0,49411.0,11977
1770138000,49410.0,49429.0,49121.0,49125.0,15902
1770141600,49122.0,49199.0,48982.0,48987.0,15303
1770145200,48988.0,49169.0,48934.0,49158.0,16260
1770148800,49153.0,49388.0,49132.0,49343.0,15098
1770152400,49343.0,49417.0,49293.0,49366.0,8556
1770159600,49379.0,49412.0,49359.0,49395.0,0
1770163200,49401.0,49404.0,49363.0,49364.0,856
1770166800,49366.0,49398.0,49356.0,49370.0,1054
1770170400,49368.0,49405.0,49368.0,49393.0,827
1770174000,49392.0,49426.0,49380.0,49409.0,652
1770177600,49409.0,49419.0,49397.0,49402.0,287
1770181200,49403.0,49421.0,49389.0,49418.0,322
1770184800,49419.0,49484.0,49410.0,49466.0,1059
1770188400,49465.0,49486.0,49459.0,49473.0,1085
1770192000,49473.0,49507.0,49422.0,49443.0,2113
1770195600,49441.0,49458.0,49391.0,49444.0,2446
1770199200,49442.0,49519.0,49424.0,49489.0,1718
1770202800,49490.0,49544.0,49468.0,49528.0,1841
1770206400,49531.0,49557.0,49434.0,49457.0,2404
1770210000,49455.0,49532.0,49422.0,49430.0,3373
1770213600,49429.0,49731.0,49387.0,49456.0,24542
1770217200,49453.0,49758.0,49360.0,49704.0,19900
1770220800,49705.0,49749.0,49515.0,49643.0,13966
1770224400,49642.0,49682.0,49309.0,49387.0,14327
1770228000,49384.0,49460.0,49215.0,49392.0,11714
1770231600,49389.0,49690.0,49316.0,49679.0,11616
1770235200,49678.0,49714.0,49563.0,49585.0,9628
1770238800,49590.0,49712.0,49541.0,49547.0,4659
1770246000,49524.0,49626.0,49524.0,49563.0,0
1770249600,49563.0,49601.0,49528.0,49571.0,1040
1770253200,49572.0,49665.0,49571.0,49661.0,1202
1770256800,49662.0,49669.0,49503.0,49512.0,2823
1770260400,49514.0,49565.0,49467.0,49476.0,1359
1770264000,49485.0,49544.0,49481.0,49533.0,1030
1770267600,49533.0,49537.0,49491.0,49517.0,916
1770271200,49520.0,49552.0,49504.0,49545.0,730
1770274800,49545.0,49577.0,49529.0,49534.0,1183
1770278400,49533.0,49588.0,49425.0,49448.0,2549
1770282000,49450.0,49532.0,49411.0,49495.0,2454
1770285600,49488.0,49570.0,49468.0,49516.0,1600
1770289200,49516.0,49643.0,49504.0,49628.0,1789
1770292800,49629.0,49690.0,49398.0,49449.0,8359
1770296400,49448.0,49480.0,49383.0,49384.0,6043
1770300000,49386.0,49451.0,49235.0,49302.0,25388
1770303600,49299.0,49355.0,48924.0,49005.0,22981
1770307200,49006.0,49249.0,48918.0,49244.0,16421
1770310800,49241.0,49357.0,49129.0,49235.0,10935
1770314400,49236.0,49275.0,49005.0,49040.0,6470
1770318000,49040.0,49241.0,49022.0,49117.0,6120
1770321600,49119.0,49190.0,48932.0,48986.0,11207
1770325200,48986.0,49020.0,48848.0,48878.0,7678
1770332400,48845.0,48902.0,48771.0,48803.0,0
1770336000,48802.0,48859.0,48703.0,48858.0,4256
1770339600,48857.0,48922.0,48768.0,48919.0,3066
1770343200,48922.0,48966.0,48897.0,48943.0,1879
1770346800,48938.0,48953.0,48880.0,48935.0,1259
1770350400,48930.0,48930.0,48849.0,48870.0,715
1770354000,48876.0,48967.0,48841.0,48952.0,1220
1770357600,48953.0,48984.0,48941.0,48951.0,1133
1770361200,48950.0,48976.0,48919.0,48975.0,1634
1770364800,48973.0,49019.0,48915.0,48998.0,2816
1770368400,48996.0,49124.0,48964.0,49077.0,4278
1770372000,49075.0,49133.0,49043.0,49115.0,1558
1770375600,49116.0,49281.0,49115.0,49270.0,3155
1770379200,49268.0,49295.0,49191.0,49205.0,3083
1770382800,49208.0,49291.0,49195.0,49258.0,3832
1770386400,49256.0,49743.0,49247.0,49721.0,29059
1770390000,49724.0,49906.0,49703.0,49809.0,26454
1770393600,49891.0,49975.0,49836.0,49948.0,15015
1770397200,49949.0,50069.0,49930.0,50042.0,10216
1770400800,50046.0,50086.0,50001.0,50035.0,7905
1770404400,50033.0,50118.0,50031.0,50094.0,6730
1770408000,50093.0,50263.0,50081.0,50189.0,16822
1770411600,50191.0,50211.0,50165.0,50205.0,4320
1770591600,50333.0,50339.0,50284.0,50304.0,1114
1770595200,50300.0,50325.0,50268.0,50295.0,1835
1770598800,50293.0,50313.0,50255.0,50287.0,1841
1770602400,50286.0,50321.0,50262.0,50270.0,872
1770606000,50274.0,50279.0,50245.0,50251.0,856
1770609600,50250.0,50287.0,50250.0,50283.0,411
1770613200,50282.0,50293.0,50266.0,50282.0,649
1770616800,50280.0,50288.0,50234.0,50259.0,1604
1770620400,50261.0,50266.0,50226.0,50249.0,1435
1770624000,50251.0,50323.0,50242.0,50276.0,1861
1770627600,50277.0,50296.0,50215.0,50228.0,1462
1770631200,50231.0,50232.0,50097.0,50169.0,2879
1770634800,50168.0,50176.0,50138.0,50141.0,1163
1770638400,50143.0,50177.0,50110.0,50173.0,1947
1770642000,50172.0,50199.0,50118.0,50127.0,2543
1770645600,50127.0,50150.0,49908.0,50013.0,24401
1770649200,50011.0,50300.0,49996.0,50256.0,15413
1770652800,50257.0,50267.0,50154.0,50213.0,8635
1770656400,50211.0,50234.0,50148.0,50150.0,5336
1770660000,50154.0,50229.0,50105.0,50199.0,6222
1770663600,50198.0,50266.0,50188.0,50257.0,4304
1770667200,50257.0,50283.0,50179.0,50206.0,10863
1770670800,50207.0,50216.0,50185.0,50197.0,2119
1770678000,50197.0,50223.0,50164.0,50177.0,0
1770681600,50177.0,50199.0,50165.0,50190.0,855
1770685200,50191.0,50231.0,50187.0,50222.0,937
1770688800,50222.0,50224.0,50192.0,50209.0,714
1770692400,50210.0,50231.0,50190.0,50225.0,467
1770696000,50224.0,50243.0,50224.0,50238.0,385
1770699600,50239.0,50244.0,50205.0,50227.0,578
1770703200,50228.0,50230.0,50174.0,50189.0,695
1770706800,50193.0,50241.0,50191.0,50227.0,973
1770710400,50227.0,50256.0,50196.0,50245.0,1495
1770714000,50245.0,50295.0,50233.0,50254.0,1750
1770717600,50254.0,50276.0,50248.0,50254.0,1857
1770721200,50256.0,50265.0,50235.0,50244.0,1173
1770724800,50243.0,50250.0,50133.0,50135.0,1862
1770728400,50134.0,50215.0,50107.0,50202.0,3142
1770732000,50201.0,50611.0,50200.0,50596.0,24465
1770735600,50598.0,50598.0,50406.0,50455.0,15227
1770739200,50457.0,50519.0,50332.0,50503.0,11674
1770742800,50502.0,50536.0,50428.0,50451.0,5616
1770746400,50453.0,50464.0,50203.0,50273.0,9675
1770750000,50275.0,50348.0,50248.0,50347.0,5938
1770753600,50345.0,50376.0,50242.0,50271.0,10817
1770757200,50271.0,50334.0,50257.0,50332.0,2286
1770764400,50325.0,50362.0,50325.0,50355.0,0
1770768000,50355.0,50383.0,50353.0,50380.0,489
1770771600,50380.0,50406.0,50378.0,50394.0,534
1770775200,50393.0,50404.0,50378.0,50391.0,584
1770778800,50390.0,50405.0,50377.0,50399.0,390
1770782400,50401.0,50420.0,50378.0,50392.0,359
1770786000,50394.0,50407.0,50375.0,50375.0,382
1770789600,50376.0,50396.0,50366.0,50377.0,434
1770793200,50378.0,50382.0,50354.0,50368.0,612
1770796800,50369.0,50387.0,50321.0,50365.0,1233
1770800400,50362.0,50394.0,50346.0,50347.0,1702
1770804000,50347.0,50348.0,50270.0,50339.0,1778
1770807600,50339.0,50361.0,50303.0,50306.0,1894
1770811200,50304.0,50335.0,50298.0,50308.0,1691
1770814800,50307.0,50552.0,50304.0,50537.0,7512
1770818400,50536.0,50585.0,50364.0,50390.0,20722
1770822000,50394.0,50414.0,49977.0,50063.0,29434
1770825600,50062.0,50332.0,50029.0,50250.0,12205
1770829200,50248.0,50318.0,50194.0,50215.0,6129
1770832800,50211.0,50233.0,50098.0,50141.0,6097
1770836400,50139.0,50270.0,50129.0,50208.0,5362
1770840000,50202.0,50258.0,50171.0,50201.0,8345
1770843600,50200.0,50264.0,50185.0,50201.0,3937
1770850800,50216.0,50236.0,50161.0,50187.0,0
1770854400,50184.0,50233.0,50168.0,50229.0,916
1770858000,50228.0,50301.0,50225.0,50280.0,1203
1770861600,50282.0,50294.0,50256.0,50292.0,573
1770865200,50290.0,50333.0,50285.0,50331.0,640
1770868800,50332.0,50376.0,50327.0,50352.0,843
1770872400,50352.0,50369.0,50336.0,50349.0,493
1770876000,50351.0,50355.0,50298.0,50313.0,754
1770879600,50314.0,50357.0,50312.0,50353.0,897
1770883200,50350.0,50364.0,50299.0,50335.0,1370
1770886800,50335.0,50386.0,50335.0,50384.0,1320
1770890400,50383.0,50396.0,50328.0,50348.0,856
1770894000,50347.0,50372.0,50341.0,50366.0,889
1770897600,50364.0,50366.0,50317.0,50324.0,1054
1770901200,50324.0,50400.0,50274.0,50370.0,2822
1770904800,50371.0,50521.0,50290.0,50399.0,23016
1770908400,50399.0,50472.0,50154.0,50161.0,16292
1770912000,50161.0,50172.0,49618.0,49689.0,26585
1770915600,49688.0,49698.0,49540.0,49546.0,14012
1770919200,49546.0,49738.0,49496.0,49680.0,11665
1770922800,49684.0,49847.0,49644.0,49815.0,9839
1770926400,49817.0,49868.0,49493.0,49523.0,15099
1770930000,49524.0,49576.0,49495.0,49557.0,3643
1770937200,49553.0,49573.0,49499.0,49546.0,0
1770940800,49544.0,49586.0,49471.0,49497.0,2483
1770944400,49498.0,49563.0,49496.0,49526.0,2098
1770948000,49525.0,49568.0,49525.0,49547.0,1073
1770951600,49548.0,49560.0,49491.0,49497.0,913
1770955200,49498.0,49543.0,49489.0,49500.0,548
1770958800,49495.0,49501.0,49412.0,49428.0,1342
1770962400,49432.0,49442.0,49358.0,49427.0,1517
1770966000,49429.0,49477.0,49411.0,49447.0,1670
1770969600,49448.0,49487.0,49358.0,49433.0,2777
1770973200,49433.0,49482.0,49382.0,49425.0,1779
1770976800,49421.0,49470.0,49369.0,49372.0,1700
1770980400,49375.0,49383.0,49298.0,49383.0,3048
1770984000,49382.0,49461.0,49356.0,49411.0,3086
1770987600,49412.0,49592.0,49350.0,49543.0,9575
1770991200,49542.0,49582.0,49155.0,49397.0,30798
1770994800,49399.0,49685.0,49379.0,49562.0,21126
1770998400,49565.0,49766.0,49542.0,49712.0,12234
1771002000,49714.0,49793.0,49697.0,49732.0,8021
1771005600,49732.0,49817.0,49630.0,49652.0,7383
1771009200,49654.0,49740.0,49549.0,49557.0,6395
1771012800,49557.0,49636.0,49427.0,49567.0,12986
1771016400,49565.0,49588.0,49512.0,49526.0,2412
1771196400,49569.0,49596.0,49538.0,49594.0,408
1771200000,49588.0,49621.0,49569.0,49614.0,722
1771203600,49616.0,49675.0,49609.0,49673.0,439
1771207200,49670.0,49681.0,49637.0,49645.0,317
1771210800,49649.0,49649.0,49613.0,49636.0,268
1771214400,49635.0,49664.0,49635.0,49641.0,189
1771304400,49427.0,49427.0,49359.0,49378.0,1003
1771308000,49378.0,49439.0,49378.0,49431.0,765
1771311600,49429.0,49477.0,49371.0,49470.0,1454
1771315200,49473.0,49603.0,49468.0,49535.0,2449
1771318800,49536.0,49591.0,49502.0,49578.0,1409
1771322400,49582.0,49594.0,49474.0,49477.0,1107
1771326000,49475.0,49551.0,49465.0,49538.0,1768
1771329600,49536.0,49569.0,49430.0,49446.0,2222
1771333200,49446.0,49590.0,49345.0,49480.0,6217
1771336800,49480.0,49794.0,49390.0,49400.0,26468
1771340400,49398.0,49485.0,49240.0,49406.0,19707
1771344000,49404.0,49722.0,49388.0,49648.0,14239
1771347600,49648.0,49658.0,49408.0,49536.0,9172
1771351200,49536.0,49761.0,49449.0,49720.0,8508
1771354800,49714.0,49733.0,49639.0,49660.0,5771
1771358400,49662.0,49685.0,49558.0,49624.0,8378
1771362000,49624.0,49647.0,49588.0,49624.0,2707
1771369200,49619.0,49631.0,49542.0,49543.0,0
1771372800,49543.0,49600.0,49542.0,49561.0,883
1771376400,49559.0,49588.0,49551.0,49586.0,705
1771380000,49588.0,49606.0,49572.0,49583.0,438
1771383600,49586.0,49634.0,49570.0,49629.0,474
1771387200,49624.0,49655.0,49617.0,49649.0,467
1771390800,49649.0,49669.0,49641.0,49653.0,322
1771394400,49653.0,49683.0,49643.0,49657.0,354
1771398000,49656.0,49692.0,49644.0,49679.0,508
1771401600,49680.0,49818.0,49678.0,49812.0,2103
1771405200,49812.0,49873.0,49802.0,49827.0,2448
1771408800,49824.0,49874.0,49824.0,49862.0,1122
1771412400,49862.0,49865.0,49773.0,49783.0,1375
1771416000,49785.0,49805.0,49638.0,49705.0,3987
1771419600,49708.0,49768.0,49623.0,49640.0,2980
1771423200,49641.0,49872.0,49489.0,49818.0,21322
1771426800,49819.0,49967.0,49813.0,49923.0,11972
1771430400,49924.0,49954.0,49843.0,49860.0,5270
1771434000,49864.0,49951.0,49844.0,49898.0,4037
1771437600,49897.0,49930.0,49708.0,49763.0,7174
1771441200,49757.0,49805.0,49596.0,49644.0,8522
1771444800,49646.0,49790.0,49592.0,49727.0,10793
1771448400,49727.0,49735.0,49690.0,49710.0,2341
1771455600,49697.0,49756.0,49681.0,49715.0,0
1771459200,49717.0,49720.0,49676.0,49683.0,788
1771462800,49681.0,49741.0,49675.0,49723.0,886
1771466400,49726.0,49751.0,49712.0,49736.0,460
1771470000,49737.0,49751.0,49705.0,49723.0,485
1771473600,49724.0,49734.0,49696.0,49701.0,382
1771477200,49697.0,49747.0,49678.0,49737.0,544
1771480800,49737.0,49766.0,49723.0,49765.0,539
1771484400,49768.0,49788.0,49739.0,49743.0,721
1771488000,49743.0,49786.0,49657.0,49666.0,1592
1771491600,49676.0,49694.0,49585.0,49630.0,1989
1771495200,49628.0,49628.0,49517.0,49540.0,2828
1771498800,49543.0,49588.0,49524.0,49583.0,1361
1771502400,49582.0,49637.0,49522.0,49611.0,2299
1771506000,49612.0,49616.0,49520.0,49551.0,2936
1771509600,49552.0,49624.0,49403.0,49545.0,20739
1771513200,49546.0,49673.0,49452.0,49591.0,15652
1771516800,49589.0,49602.0,49377.0,49439.0,8667
1771520400,49441.0,49526.0,49330.0,49354.0,8609
1771524000,49350.0,49415.0,49258.0,49405.0,6940
1771527600,49403.0,49453.0,49289.0,49334.0,5714
1771531200,49337.0,49465.0,49335.0,49462.0,8039
1771534800,49461.0,49494.0,49420.0,49421.0,2366
1771542000,49432.0,49482.0,49427.0,49466.0,0
1771545600,49467.0,49496.0,49442.0,49491.0,795
1771549200,49492.0,49527.0,49489.0,49498.0,867
1771552800,49499.0,49528.0,49485.0,49512.0,683
1771556400,49512.0,49523.0,49500.0,49506.0,344
1771560000,49503.0,49526.0,49502.0,49516.0,317
1771563600,49520.0,49553.0,49518.0,49549.0,521
1771567200,49551.0,49564.0,49534.0,49546.0,509
1771570800,49545.0,49548.0,49507.0,49526.0,689
1771574400,49526.0,49568.0,49507.0,49560.0,1412
1771578000,49559.0,49604.0,49517.0,49524.0,1695
1771581600,49524.0,49538.0,49461.0,49461.0,1102
1771585200,49460.0,49462.0,49391.0,49402.0,1826
1771588800,49405.0,49424.0,49353.0,49393.0,2276
1771592400,49393.0,49457.0,49312.0,49370.0,3859
1771596000,49369.0,49412.0,49204.0,49406.0,24192
1771599600,49416.0,49775.0,49368.0,49576.0,28232
1771603200,49573.0,49598.0,49403.0,49554.0,10744
1771606800,49555.0,49576.0,49265.0,49487.0,14132
1771610400,49485.0,49675.0,49358.0,49652.0,16508
1771614000,49650.0,49681.0,49544.0,49578.0,5461
1771617600,49578.0,49686.0,49575.0,49678.0,8521
1771621200,49679.0,49719.0,49661.0,49685.0,2386
1771801200,49639.0,49647.0,49538.0,49579.0,1373
1771804800,49581.0,49581.0,49420.0,49426.0,1721
1771808400,49422.0,49445.0,49386.0,49390.0,2304
1771812000,49390.0,49411.0,49363.0,49374.0,1084
1771815600,49374.0,49383.0,49343.0,49349.0,893
1771819200,49347.0,49369.0,49341.0,49350.0,570
1771822800,49356.0,49380.0,49341.0,49379.0,608
1771826400,49377.0,49408.0,49371.0,49403.0,659
1771830000,49404.0,49471.0,49401.0,49461.0,1512
1771833600,49460.0,49484.0,49424.0,49479.0,1410
1771837200,49479.0,49555.0,49479.0,49542.0,2133
1771840800,49542.0,49573.0,49505.0,49545.0,1481
1771844400,49548.0,49586.0,49483.0,49505.0,1161
1771848000,49505.0,49527.0,49398.0,49406.0,1938
1771851600,49404.0,49498.0,49383.0,49475.0,2213
1771855200,49474.0,49765.0,49261.0,49277.0,25707
1771858800,49276.0,49305.0,48942.0,48979.0,26324
1771862400,48977.0,49007.0,48825.0,48939.0,16644
1771866000,48938.0,48965.0,48813.0,48920.0,7927
1771869600,48920.0,49063.0,48914.0,48923.0,9270
1771873200,48923.0,48948.0,48800.0,48865.0,10891
1771876800,48862.0,48902.0,48775.0,48863.0,16805
1771880400,48864.0,48893.0,48836.0,48886.0,3292
1771887600,48903.0,48921.0,48877.0,48889.0,0
1771891200,48889.0,48910.0,48867.0,48900.0,1065
1771894800,48900.0,48904.0,48870.0,48892.0,927
1771898400,48896.0,48932.0,48886.0,48922.0,895
1771902000,48920.0,48931.0,48914.0,48922.0,498
1771905600,48922.0,48938.0,48913.0,48936.0,533
1771909200,48934.0,48951.0,48895.0,48907.0,510
1771912800,48910.0,48931.0,48887.0,48928.0,677
1771916400,48926.0,48957.0,48916.0,48919.0,1093
1771920000,48921.0,48922.0,48823.0,48857.0,4304
1771923600,48857.0,48937.0,48857.0,48934.0,2475
1771927200,48933.0,48949.0,48902.0,48917.0,797
1771930800,48920.0,49015.0,48920.0,48980.0,3256
1771934400,48983.0,49009.0,48876.0,48907.0,3484
1771938000,48910.0,49022.0,48886.0,49008.0,3584
1771941600,49007.0,49311.0,48801.0,49097.0,34366
1771945200,49091.0,49299.0,49002.0,49212.0,17470
1771948800,49212.0,49289.0,49128.0,49200.0,7982
1771952400,49200.0,49288.0,49197.0,49271.0,5325
1771956000,49270.0,49343.0,49252.0,49301.0,4558
1771959600,49300.0,49316.0,49215.0,49253.0,5129
1771963200,49252.0,49297.0,49189.0,49233.0,8658
1771966800,49232.0,49240.0,49199.0,49203.0,2023
1771974000,49206.0,49234.0,49187.0,49225.0,0
1771977600,49224.0,49249.0,49197.0,49242.0,805
1771981200,49241.0,49277.0,49234.0,49275.0,770
1771984800,49272.0,49290.0,49257.0,49275.0,650
1771988400,49275.0,49276.0,49124.0,49246.0,1661
1771992000,49246.0,49248.0,49208.0,49230.0,369
1771995600,49231.0,49254.0,49214.0,49221.0,380
1771999200,49220.0,49254.0,49210.0,49228.0,427
1772002800,49229.0,49241.0,49209.0,49217.0,653
1772006400,49218.0,49300.0,49218.0,49276.0,1434
1772010000,49280.0,49310.0,49260.0,49306.0,815
1772013600,49305.0,49321.0,49269.0,49289.0,862
1772017200,49292.0,49370.0,49286.0,49369.0,1376
1772020800,49368.0,49399.0,49351.0,49381.0,2085
1772024400,49380.0,49416.0,49364.0,49410.0,2204
1772028000,49410.0,49492.0,49316.0,49331.0,22535
1772031600,49332.0,49361.0,49240.0,49339.0,11858
1772035200,49338.0,49490.0,49322.0,49469.0,8729
1772038800,49465.0,49532.0,49418.0,49524.0,5196
1772042400,49524.0,49542.0,49480.0,49491.0,3474
1772046000,49490.0,49536.0,49467.0,49518.0,2910
1772049600,49518.0,49565.0,49502.0,49531.0,7937
1772053200,49533.0,49583.0,49473.0,49495.0,5614
1772060400,49483.0,49530.0,49428.0,49430.0,0
1772064000,49429.0,49464.0,49422.0,49441.0,800
1772067600,49441.0,49472.0,49412.0,49465.0,856
1772071200,49467.0,49472.0,49437.0,49455.0,403
1772074800,49455.0,49469.0,49445.0,49456.0,345
1772078400,49453.0,49462.0,49441.0,49445.0,322
1772082000,49444.0,49444.0,49412.0,49424.0,397
1772085600,49425.0,49438.0,49402.0,49411.0,857
1772089200,49412.0,49435.0,49410.0,49412.0,971
1772092800,49412.0,49455.0,49399.0,49426.0,1911
1772096400,49427.0,49505.0,49424.0,49475.0,2397
1772100000,49476.0,49495.0,49458.0,49475.0,948
1772103600,49477.0,49516.0,49474.0,49514.0,720
1772107200,49515.0,49612.0,49515.0,49590.0,2314
1772110800,49588.0,49665.0,49588.0,49635.0,3171
1772114400,49634.0,49872.0,49630.0,49660.0,25763
1772118000,49661.0,49688.0,49269.0,49593.0,29458
1772121600,49593.0,49605.0,49357.0,49376.0,12585
1772125200,49376.0,49395.0,49261.0,49288.0,8631
1772128800,49288.0,49552.0,49272.0,49472.0,10025
1772132400,49471.0,49588.0,49461.0,49542.0,7101
1772136000,49542.0,49599.0,49520.0,49538.0,9815
1772139600,49538.0,49565.0,49343.0,49351.0,5662
1772146800,49336.0,49336.0,49216.0,49259.0,0
1772150400,49259.0,49293.0,49205.0,49246.0,1814
1772154000,49249.0,49266.0,49228.0,49249.0,1092
1772157600,49253.0,49287.0,49253.0,49287.0,738
1772161200,49288.0,49296.0,49260.0,49286.0,419
1772164800,49286.0,49304.0,49277.0,49290.0,359
1772168400,49291.0,49334.0,49291.0,49294.0,502
1772172000,49294.0,49306.0,49250.0,49286.0,688
1772175600,49291.0,49337.0,49291.0,49330.0,1005
1772179200,49326.0,49345.0,49280.0,49341.0,1375
1772182800,49341.0,49396.0,49314.0,49329.0,2474
1772186400,49327.0,49332.0,49232.0,49258.0,2365
1772190000,49259.0,49263.0,49156.0,49185.0,3032
1772193600,49185.0,49242.0,49139.0,49158.0,3454
1772197200,49157.0,49180.0,48926.0,49034.0,8414
1772200800,49032.0,49124.0,48710.0,48720.0,25013
1772204400,48716.0,49003.0,48699.0,48936.0,17793
1772208000,48938.0,49073.0,48894.0,48906.0,10264
1772211600,48905.0,48990.0,48736.0,48868.0,11097
1772215200,48867.0,48922.0,48826.0,48916.0,6703
1772218800,48917.0,48943.0,48789.0,48804.0,6648
1772222400,48802.0,49024.0,48802.0,49001.0,16005
1772226000,49001.0,49001.0,48896.0,48907.0,4059
1772406000,48515.0,48575.0,48421.0,48426.0,2208
1772409600,48431.0,48520.0,48391.0,48511.0,3936
1772413200,48515.0,48728.0,48515.0,48703.0,3702
1772416800,48705.0,48730.0,48628.0,48649.0,1927
1772420400,48646.0,48656.0,48593.0,48611.0,1121
1772424000,48612.0,48660.0,48560.0,48577.0,1585
1772427600,48576.0,48594.0,48507.0,48510.0,971
1772431200,48514.0,48530.0,48341.0,48412.0,2772
1772434800,48413.0,48425.0,48244.0,48260.0,4804
1772438400,48259.0,48375.0,48166.0,48318.0,5791
1772442000,48316.0,48458.0,48289.0,48436.0,3608
1772445600,48432.0,48534.0,48430.0,48461.0,2463
1772449200,48468.0,48559.0,48431.0,48487.0,2336
1772452800,48483.0,48516.0,48410.0,48475.0,2500
1772456400,48476.0,48582.0,48450.0,48464.0,4163
1772460000,48463.0,48763.0,48411.0,48726.0,26635
1772463600,48726.0,48972.0,48685.0,48857.0,19849
1772467200,48855.0,49022.0,48725.0,48943.0,13491
1772470800,48942.0,49046.0,48912.0,49007.0,5883
1772474400,49006.0,49038.0,48877.0,48879.0,5518
1772478000,48876.0,49121.0,48875.0,49059.0,7478
1772481600,49057.0,49071.0,48811.0,48943.0,16712
1772485200,48943.0,48956.0,48897.0,48927.0,2354
1772492400,48928.0,48935.0,48853.0,48883.0,0
1772496000,48888.0,48904.0,48812.0,48819.0,1263
1772499600,48820.0,48861.0,48715.0,48715.0,1760
1772503200,48719.0,48730.0,48627.0,48696.0,2531
1772506800,48700.0,48722.0,48647.0,48684.0,1539
1772510400,48681.0,48701.0,48580.0,48590.0,1528
1772514000,48597.0,48618.0,48547.0,48574.0,2022
1772517600,48577.0,48609.0,48509.0,48526.0,2348
1772521200,48526.0,48554.0,48416.0,48438.0,4398
1772524800,48436.0,48442.0,48137.0,48148.0,10240
1772528400,48152.0,48279.0,48136.0,48156.0,9076
1772532000,48159.0,48189.0,48025.0,48093.0,8260
1772535600,48094.0,48162.0,47951.0,48110.0,7894
1772539200,48107.0,48313.0,48097.0,48282.0,7974
1772542800,48282.0,48294.0,48018.0,48078.0,9943
1772546400,48079.0,48197.0,47810.0,47860.0,31780
1772550000,47857.0,47956.0,47681.0,47859.0,30060
1772553600,47860.0,48315.0,47821.0,48275.0,20974
1772557200,48275.0,48406.0,48222.0,48359.0,11194
1772560800,48361.0,48657.0,48356.0,48612.0,12129
1772564400,48614.0,48755.0,48503.0,48673.0,12990
1772568000,48673.0,48717.0,48499.0,48567.0,12723
1772571600,48568.0,48573.0,48460.0,48489.0,2759
1772578800,48475.0,48550.0,48436.0,48466.0,0
1772582400,48470.0,48594.0,48431.0,48506.0,3355
1772586000,48508.0,48543.0,48354.0,48423.0,3468
1772589600,48425.0,48456.0,48318.0,48398.0,2491
1772593200,48391.0,48395.0,48291.0,48381.0,1621
1772596800,48380.0,48426.0,48353.0,48399.0,1490
1772600400,48395.0,48429.0,48325.0,48360.0,1103
1772604000,48356.0,48406.0,48266.0,48370.0,1605
1772607600,48366.0,48474.0,48305.0,48443.0,2870
1772611200,48446.0,48470.0,48350.0,48379.0,5950
1772614800,48379.0,48514.0,48337.0,48508.0,4777
1772618400,48506.0,48676.0,48500.0,48648.0,6831
1772622000,48647.0,48723.0,48568.0,48568.0,3981
1772625600,48570.0,48628.0,48452.0,48532.0,5082
1772629200,48534.0,48743.0,48529.0,48685.0,7255
1772632800,48684.0,48814.0,48401.0,48560.0,22308
1772636400,48567.0,48901.0,48535.0,48855.0,18561
1772640000,48852.0,48916.0,48761.0,48862.0,11651
1772643600,48860.0,48910.0,48773.0,48884.0,5559
1772647200,48884.0,48903.0,48790.0,48822.0,5246
1772650800,48826.0,48890.0,48810.0,48861.0,4150
1772654400,48862.0,48887.0,48778.0,48784.0,10323
1772658000,48782.0,48830.0,48745.0,48811.0,2852
1772665200,48788.0,48826.0,48754.0,48803.0,0
1772668800,48802.0,48886.0,48789.0,48833.0,1940
1772672400,48832.0,48834.0,48634.0,48662.0,3155
1772676000,48663.0,48711.0,48622.0,48668.0,1434
1772679600,48668.0,48684.0,48559.0,48602.0,2490
1772683200,48600.0,48681.0,48589.0,48669.0,1821
1772686800,48673.0,48675.0,48586.0,48589.0,793
1772690400,48589.0,48665.0,48516.0,48661.0,1765
1772694000,48661.0,48670.0,48577.0,48629.0,2267
1772697600,48630.0,48637.0,48481.0,48604.0,4441
1772701200,48606.0,48879.0,48601.0,48710.0,7568
1772704800,48707.0,48738.0,48655.0,48676.0,2512
1772708400,48676.0,48757.0,48647.0,48657.0,2419
1772712000,48658.0,48729.0,48543.0,48581.0,3967
1772715600,48582.0,48592.0,48421.0,48432.0,4929
1772719200,48431.0,48554.0,48301.0,48517.0,21793
1772722800,48519.0,48538.0,48089.0,48164.0,23223
1772726400,48164.0,48191.0,47923.0,48012.0,16504
1772730000,48012.0,48100.0,47796.0,47818.0,17460
1772733600,47814.0,47863.0,47704.0,47737.0,12100
1772737200,47735.0,47771.0,47613.0,47718.0,10173
1772740800,47713.0,48004.0,47673.0,47987.0,20855
1772744400,47985.0,47988.0,47910.0,47941.0,3233
1772751600,47954.0,48072.0,47917.0,48057.0,0
1772755200,48058.0,48119.0,48046.0,48066.0,1696
1772758800,48063.0,48090.0,48018.0,48065.0,1757
1772762400,48067.0,48104.0,48023.0,48024.0,1474
1772766000,48026.0,48100.0,48026.0,48096.0,1118
1772769600,48093.0,48118.0,48069.0,48078.0,747
1772773200,48081.0,48123.0,48075.0,48084.0,682
1772776800,48085.0,48100.0,48046.0,48063.0,809
1772780400,48064.0,48096.0,48031.0,48075.0,1667
1772784000,48075.0,48092.0,47962.0,48025.0,3460
1772787600,48025.0,48040.0,47773.0,47809.0,6194
1772791200,47814.0,47931.0,47810.0,47886.0,3080
1772794800,47884.0,47908.0,47715.0,47735.0,5691
1772798400,47737.0,47780.0,47639.0,47667.0,7060
1772802000,47664.0,47761.0,47287.0,47333.0,15403
1772805600,47329.0,47370.0,47025.0,47084.0,27147
1772809200,47084.0,47496.0,47084.0,47470.0,22516
1772812800,47474.0,47550.0,47345.0,47430.0,12548
1772816400,47426.0,47487.0,47252.0,47358.0,9018
1772820000,47358.0,47582.0,47348.0,47408.0,10890
1772823600,47407.0,47574.0,47391.0,47542.0,6833
1772827200,47541.0,47603.0,47416.0,47506.0,13935
1772830800,47509.0,47526.0,47429.0,47480.0,3300
1773007200,46450.0,46702.0,46448.0,46702.0,3022
1773010800,46705.0,46753.0,46577.0,46651.0,3129
1773014400,46653.0,46759.0,46584.0,46628.0,5012
1773018000,46633.0,46666.0,46398.0,46398.0,3970
1773021600,46404.0,46511.0,46333.0,46470.0,3393
1773025200,46469.0,46532.0,46444.0,46498.0,1645
1773028800,46496.0,46581.0,46496.0,46502.0,1497
1773032400,46501.0,46739.0,46479.0,46720.0,3139
1773036000,46720.0,46801.0,46616.0,46644.0,2785
1773039600,46642.0,46775.0,46603.0,46738.0,3344
1773043200,46746.0,46851.0,46674.0,46822.0,5635
1773046800,46832.0,47164.0,46776.0,47041.0,6552
1773050400,47040.0,47076.0,46879.0,46948.0,4638
1773054000,46946.0,47030.0,46874.0,46920.0,4081
1773057600,46921.0,47086.0,46880.0,46944.0,5438
1773061200,46946.0,47123.0,46737.0,46831.0,25546
1773064800,46828.0,47078.0,46641.0,47021.0,27187
1773068400,47023.0,47205.0,47017.0,47123.0,15520
1773072000,47125.0,47308.0,47087.0,47241.0,13957
1773075600,47243.0,47251.0,47017.0,47066.0,9634
1773079200,47067.0,47242.0,47064.0,47156.0,9883
1773082800,47156.0,47923.0,47150.0,47774.0,27248
1773086400,47773.0,47810.0,47615.0,47730.0,6225
1773093600,47756.0,47762.0,47608.0,47629.0,0
1773097200,47631.0,47646.0,47535.0,47578.0,1725
1773100800,47577.0,47720.0,47532.0,47658.0,3041
1773104400,47656.0,47737.0,47639.0,47716.0,1604
1773108000,47714.0,47722.0,47591.0,47595.0,1390
1773111600,47598.0,47670.0,47504.0,47550.0,2685
1773115200,47558.0,47610.0,47523.0,47595.0,988
1773118800,47597.0,47695.0,47595.0,47686.0,1093
1773122400,47684.0,47717.0,47662.0,47693.0,1710
1773126000,47689.0,47909.0,47663.0,47906.0,4738
1773129600,47905.0,47990.0,47869.0,47889.0,8438
1773133200,47890.0,47995.0,47880.0,47936.0,3892
1773136800,47935.0,47942.0,47794.0,47877.0,3466
1773140400,47871.0,47998.0,47682.0,47706.0,5436
1773144000,47711.0,47712.0,47541.0,47649.0,6103
1773147600,47649.0,47816.0,47495.0,47526.0,23874
1773151200,47538.0,48040.0,47475.0,48033.0,21914
1773154800,48030.0,48089.0,47946.0,48038.0,11519
1773158400,48041.0,48099.0,47911.0,48067.0,10098
1773162000,48066.0,48266.0,48056.0,48159.0,14094
1773165600,48160.0,48174.0,47764.0,47871.0,21756
1773169200,47874.0,47951.0,47697.0,47749.0,18209
1773172800,47748.0,47810.0,47742.0,47765.0,3470
1773180000,47795.0,47795.0,47688.0,47704.0,0
1773183600,47708.0,47795.0,47706.0,47785.0,866
1773187200,47785.0,47904.0,47779.0,47870.0,2611
1773190800,47871.0,47945.0,47856.0,47922.0,1250
1773194400,47924.0,47950.0,47894.0,47927.0,1365
1773198000,47924.0,47970.0,47914.0,47962.0,413
1773201600,47960.0,47960.0,47921.0,47925.0,296
1773205200,47925.0,47931.0,47848.0,47853.0,749
1773208800,47853.0,47892.0,47830.0,47871.0,679
1773212400,47871.0,47881.0,47719.0,47768.0,2285
1773216000,47772.0,47803.0,47606.0,47655.0,3744
1773219600,47655.0,47658.0,47552.0,47569.0,2786
1773223200,47567.0,47840.0,47567.0,47840.0,3351
1773226800,47838.0,47880.0,47610.0,47664.0,4983
1773230400,47662.0,47768.0,47507.0,47554.0,5322
1773234000,47555.0,47747.0,47401.0,47531.0,21159
1773237600,47531.0,47718.0,47320.0,47603.0,24865
1773241200,47605.0,47660.0,47248.0,47257.0,17078
1773244800,47257.0,47431.0,47210.0,47429.0,10077
1773248400,47429.0,47496.0,47250.0,47364.0,9217
1773252000,47361.0,47438.0,47285.0,47376.0,7268
1773255600,47376.0,47477.0,47309.0,47456.0,8980
1773259200,47456.0,47463.0,47370.0,47383.0,2665
1773266400,47372.0,47383.0,47119.0,47156.0,0
1773270000,47151.0,47168.0,46948.0,47064.0,3496
1773273600,47064.0,47075.0,46938.0,47022.0,3359
1773277200,47021.0,47071.0,46955.0,46990.0,1619
1773280800,46995.0,47018.0,46842.0,46892.0,2206
1773284400,46891.0,46931.0,46860.0,46897.0,1029
1773288000,46899.0,46952.0,46888.0,46892.0,791
1773291600,46891.0,46978.0,46889.0,46957.0,1314
1773295200,46954.0,47038.0,46929.0,47028.0,2029
1773298800,47031.0,47153.0,47022.0,47152.0,2428
1773302400,47154.0,47249.0,47116.0,47194.0,4302
1773306000,47194.0,47250.0,47060.0,47232.0,2851
1773309600,47233.0,47255.0,47162.0,47171.0,1921
1773313200,47169.0,47252.0,47123.0,47126.0,2785
1773316800,47126.0,47136.0,47008.0,47069.0,4275
1773320400,47067.0,47103.0,46824.0,46851.0,30411
1773324000,46851.0,47048.0,46756.0,46873.0,30529
1773327600,46872.0,46965.0,46718.0,46903.0,23310
1773331200,46903.0,47114.0,46804.0,46922.0,16801
1773334800,46918.0,47040.0,46803.0,46854.0,10097
1773338400,46854.0,46936.0,46774.0,46787.0,7439
1773342000,46785.0,46905.0,46708.0,46714.0,12921
1773345600,46713.0,46787.0,46703.0,46773.0,3465
1773352800,46769.0,46836.0,46717.0,46821.0,0
1773356400,46823.0,46845.0,46773.0,46778.0,1362
1773360000,46772.0,46978.0,46729.0,46940.0,2994
1773363600,46940.0,46998.0,46909.0,46922.0,1489
1773367200,46924.0,46947.0,46886.0,46898.0,683
1773370800,46895.0,46933.0,46877.0,46930.0,695
1773374400,46926.0,46932.0,46841.0,46869.0,763
1773378000,46870.0,46898.0,46841.0,46881.0,533
1773381600,46879.0,46884.0,46705.0,46711.0,1924
1773385200,46709.0,46719.0,46562.0,46596.0,4718
1773388800,46599.0,46693.0,46459.0,46679.0,6551
1773392400,46679.0,46763.0,46679.0,46720.0,4132
1773396000,46716.0,46858.0,46715.0,46856.0,3071
1773399600,46856.0,46933.0,46822.0,46929.0,4108
1773403200,46929.0,47052.0,46861.0,46938.0,6090
1773406800,46938.0,47162.0,46895.0,46991.0,21969
1773410400,46978.0,47045.0,46750.0,46766.0,18620
1773414000,46772.0,46862.0,46667.0,46685.0,16998
1773417600,46682.0,46778.0,46633.0,46663.0,9731
1773421200,46663.0,46779.0,46589.0,46636.0,7802
1773424800,46640.0,46762.0,46624.0,46711.0,7298
1773428400,46710.0,46717.0,46529.0,46598.0,11800
1773432000,46598.0,46607.0,46508.0,46511.0,3325
1773612000,46505.0,46729.0,46456.0,46716.0,799
1773615600,46708.0,46758.0,46616.0,46684.0,693
1773619200,46663.0,46785.0,46663.0,46769.0,1073
1773622800,46772.0,46811.0,46714.0,46798.0,548
1773626400,46797.0,46799.0,46723.0,46734.0,412
1773630000,46740.0,46810.0,46735.0,46801.0,441
1773633600,46798.0,46823.0,46761.0,46761.0,282
1773637200,46769.0,46835.0,46749.0,46824.0,330
1773640800,46824.0,46832.0,46784.0,46821.0,384
1773644400,46828.0,47076.0,46755.0,47019.0,8883
1773648000,47019.0,47102.0,46968.0,47001.0,3854
1773651600,47000.0,47014.0,46903.0,46921.0,3228
1773655200,46921.0,47140.0,46913.0,47129.0,3746
1773658800,47129.0,47171.0,47072.0,47164.0,4351
1773662400,47162.0,47285.0,47161.0,47218.0,6846
1773666000,47220.0,47479.0,47186.0,47473.0,27323
1773669600,47474.0,47520.0,47158.0,47382.0,26284
1773673200,47383.0,47423.0,47253.0,47258.0,13432
1773676800,47257.0,47330.0,47145.0,47242.0,15757
1773680400,47244.0,47320.0,47173.0,47234.0,13390
1773684000,47232.0,47385.0,47232.0,47320.0,7938
1773687600,47319.0,47436.0,47236.0,47279.0,14819
1773691200,47280.0,47311.0,47227.0,47265.0,0
1773698400,47252.0,47276.0,47214.0,47227.0,758
1773702000,47230.0,47272.0,47230.0,47261.0,878
1773705600,47260.0,47260.0,47152.0,47155.0,1219
1773709200,47156.0,47214.0,47156.0,47201.0,1075
1773712800,47198.0,47201.0,47147.0,47147.0,700
1773716400,47146.0,47188.0,47133.0,47145.0,2051
1773720000,47146.0,47212.0,47136.0,47194.0,962
1773723600,47192.0,47210.0,47069.0,47071.0,1223
1773727200,47070.0,47079.0,47006.0,47046.0,2552
1773730800,47045.0,47143.0,47021.0,47090.0,2431
1773734400,47089.0,47175.0,47066.0,47133.0,4438
1773738000,47137.0,47280.0,47137.0,47266.0,3681
1773741600,47262.0,47273.0,47173.0,47236.0,2412
1773745200,47233.0,47295.0,47223.0,47234.0,2868
1773748800,47236.0,47459.0,47235.0,47439.0,6300
1773752400,47440.0,47765.0,47436.0,47672.0,20720
1773756000,47670.0,47676.0,47392.0,47541.0,18886
1773759600,47540.0,47556.0,47356.0,47385.0,15287
1773763200,47387.0,47442.0,47323.0,47390.0,12267
1773766800,47389.0,47463.0,47369.0,47412.0,6880
1773770400,47414.0,47459.0,47338.0,47389.0,8011
1773774000,47387.0,47407.0,47312.0,47341.0,9070
1773777600,47340.0,47369.0,47326.0,47339.0,0
1773784800,47349.0,47358.0,47284.0,47315.0,864
1773788400,47314.0,47330.0,47273.0,47282.0,1118
1773792000,47282.0,47379.0,47274.0,47372.0,1009
1773795600,47377.0,47422.0,47373.0,47417.0,783
1773799200,47418.0,47487.0,47417.0,47473.0,785
1773802800,47476.0,47521.0,47469.0,47513.0,481
1773806400,47516.0,47572.0,47516.0,47556.0,1181
1773810000,47556.0,47582.0,47548.0,47572.0,1209
1773813600,47573.0,47640.0,47564.0,47607.0,1219
1773817200,47607.0,47619.0,47576.0,47581.0,1146
1773820800,47579.0,47630.0,47567.0,47599.0,2592
1773824400,47602.0,47615.0,47569.0,47585.0,1515
1773828000,47581.0,47605.0,47541.0,47549.0,1682
1773831600,47546.0,47588.0,47435.0,47487.0,4032
1773835200,47485.0,47496.0,47067.0,47082.0,11593
1773838800,47084.0,47220.0,47040.0,47166.0,22612
1773842400,47166.0,47172.0,46847.0,46928.0,19763
1773846000,46929.0,47012.0,46870.0,46888.0,11133
1773849600,46886.0,46962.0,46837.0,46915.0,9689
1773853200,46914.0,46927.0,46805.0,46903.0,7524
1773856800,46905.0,46946.0,46626.0,46641.0,18066
1773860400,46640.0,46724.0,46507.0,46542.0,17348
1773864000,46541.0,46549.0,46374.0,46405.0,6208
1773871200,46486.0,46489.0,46395.0,46426.0,0
1773874800,46425.0,46502.0,46418.0,46474.0,1976
1773878400,46478.0,46514.0,46414.0,46463.0,1848
1773882000,46463.0,46528.0,46437.0,46484.0,1093
1773885600,46487.0,46626.0,46450.0,46586.0,2263
1773889200,46590.0,46616.0,46578.0,46583.0,1432
1773892800,46574.0,46574.0,46514.0,46540.0,1380
1773896400,46542.0,46561.0,46465.0,46490.0,2055
1773900000,46489.0,46570.0,46482.0,46527.0,2220
1773903600,46531.0,46558.0,46410.0,46443.0,3298
1773907200,46443.0,46504.0,46355.0,46424.0,5804
1773910800,46427.0,46590.0,46323.0,46554.0,9410
1773914400,46557.0,46558.0,46447.0,46466.0,3569
1773918000,46465.0,46507.0,46345.0,46430.0,4747
1773921600,46431.0,46455.0,46191.0,46236.0,8766
1773925200,46235.0,46399.0,46103.0,46341.0,24702
1773928800,46337.0,46383.0,46062.0,46171.0,20260
1773932400,46169.0,46336.0,46065.0,46174.0,16563
1773936000,46174.0,46283.0,46108.0,46145.0,11805
1773939600,46147.0,46218.0,46039.0,46156.0,9799
1773943200,46155.0,46284.0,46082.0,46265.0,8902
1773946800,46266.0,46566.0,46258.0,46340.0,25563
1773950400,46339.0,46440.0,46300.0,46402.0,4305
1773957600,46414.0,46477.0,46388.0,46455.0,0
1773961200,46454.0,46487.0,46426.0,46436.0,1289
1773964800,46438.0,46483.0,46399.0,46420.0,1269
1773968400,46425.0,46545.0,46403.0,46475.0,1340
1773972000,46483.0,46499.0,46459.0,46465.0,575
1773975600,46466.0,46473.0,46433.0,46440.0,495
1773979200,46448.0,46462.0,46413.0,46417.0,668
1773982800,46413.0,46446.0,46388.0,46426.0,685
1773986400,46425.0,46443.0,46317.0,46332.0,1248
1773990000,46330.0,46458.0,46270.0,46450.0,2355
1773993600,46451.0,46481.0,46375.0,46382.0,3863
1773997200,46380.0,46413.0,46135.0,46171.0,5225
1774000800,46170.0,46188.0,46012.0,46127.0,6396
1774004400,46128.0,46245.0,46119.0,46210.0,4088
1774008000,46208.0,46272.0,46147.0,46229.0,6181
1774011600,46229.0,46368.0,46146.0,46174.0,22132
1774015200,46175.0,46222.0,45976.0,46016.0,21888
1774018800,46022.0,46227.0,45981.0,46086.0,15963
1774022400,46089.0,46169.0,46025.0,46129.0,9882
1774026000,46135.0,46195.0,46015.0,46079.0,11410
1774029600,46079.0,46103.0,45799.0,45835.0,11929
1774033200,45835.0,45928.0,45662.0,45902.0,16214
1774036800,45903.0,46145.0,45887.0,46085.0,7774
1774216800,45757.0,45960.0,45688.0,45860.0,2580
1774220400,45862.0,45921.0,45792.0,45828.0,1400
1774224000,45832.0,45943.0,45759.0,45769.0,4948
1774227600,45771.0,45935.0,45738.0,45903.0,3097
1774231200,45908.0,45945.0,45817.0,45845.0,1577
1774234800,45850.0,45868.0,45711.0,45715.0,1599
1774238400,45720.0,45778.0,45706.0,45767.0,953
1774242000,45771.0,45807.0,45680.0,45745.0,1493
1774245600,45742.0,45743.0,45540.0,45586.0,2682
1774249200,45587.0,45668.0,45453.0,45530.0,6000
1774252800,45530.0,45720.0,45530.0,45676.0,8162
1774256400,45676.0,45723.0,45518.0,45560.0,5010
1774260000,45563.0,45653.0,45472.0,45574.0,5653
1774263600,45576.0,47210.0,45571.0,46501.0,28607
1774267200,46502.0,46933.0,46402.0,46878.0,9352
1774270800,46881.0,46927.0,46470.0,46817.0,23730
1774274400,46815.0,46934.0,46690.0,46891.0,18735
1774278000,46896.0,47028.0,46564.0,46571.0,18673
1774281600,46572.0,46645.0,46405.0,46520.0,14445
1774285200,46524.0,46733.0,46431.0,46721.0,10247
1774288800,46720.0,46822.0,46594.0,46753.0,9658
1774292400,46750.0,46754.0,46500.0,46513.0,10288
1774296000,46512.0,46544.0,46434.0,46507.0,2659
1774303200,46524.0,46633.0,46457.0,46622.0,0
1774306800,46620.0,46620.0,46534.0,46580.0,1112
1774310400,46577.0,46577.0,46255.0,46365.0,4422
1774314000,46370.0,46373.0,46220.0,46270.0,1921
1774317600,46270.0,46340.0,46221.0,46271.0,848
1774321200,46278.0,46318.0,46247.0,46313.0,387
1774324800,46319.0,46350.0,46264.0,46277.0,367
1774328400,46285.0,46364.0,46173.0,46274.0,1510
1774332000,46277.0,46497.0,46274.0,46471.0,1361
1774335600,46469.0,46649.0,46455.0,46587.0,2594
1774339200,46591.0,46645.0,46403.0,46430.0,3347
1774342800,46418.0,46500.0,46292.0,46477.0,2436
1774346400,46479.0,46501.0,46391.0,46469.0,1889
1774350000,46468.0,46503.0,46303.0,46463.0,3068
1774353600,46465.0,46489.0,46225.0,46249.0,3013
1774357200,46250.0,46278.0,46046.0,46196.0,14298
1774360800,46194.0,46621.0,46171.0,46500.0,19427
1774364400,46500.0,46712.0,46498.0,46546.0,11290
1774368000,46542.0,46654.0,46505.0,46585.0,6734
1774371600,46592.0,46606.0,46382.0,46525.0,9332
1774375200,46521.0,46681.0,46444.0,46551.0,8015
1774378800,46548.0,46616.0,46394.0,46422.0,7481
1774382400,46421.0,46905.0,46415.0,46693.0,8906
1774389600,46695.0,46781.0,46667.0,46752.0,0
1774393200,46749.0,46780.0,46712.0,46737.0,1197
1774396800,46737.0,46892.0,46698.0,46822.0,2469
1774400400,46824.0,46855.0,46768.0,46779.0,724
1774404000,46776.0,46784.0,46697.0,46699.0,624
1774407600,46699.0,46739.0,46671.0,46735.0,705
1774411200,46736.0,46828.0,46736.0,46812.0,737
1774414800,46812.0,46817.0,46741.0,46753.0,428
1774418400,46758.0,46783.0,46695.0,46752.0,848
1774422000,46748.0,46820.0,46716.0,46802.0,1143
1774425600,46801.0,46966.0,46773.0,46790.0,4418
1774429200,46796.0,46861.0,46715.0,46786.0,2459
1774432800,46796.0,46856.0,46769.0,46804.0,1868
1774436400,46799.0,46934.0,46794.0,46896.0,3652
1774440000,46897.0,46958.0,46663.0,46834.0,6630
1774443600,46835.0,47036.0,46668.0,46677.0,14977
1774447200,46677.0,46841.0,46608.0,46811.0,12331
1774450800,46815.0,46855.0,46480.0,46719.0,14405
1774454400,46716.0,46810.0,46635.0,46762.0,8241
1774458000,46763.0,46879.0,46711.0,46766.0,8625
1774461600,46764.0,46838.0,46649.0,46724.0,4983
1774465200,46720.0,46771.0,46661.0,46722.0,8291
1774468800,46721.0,46755.0,46675.0,46707.0,1566
1774476000,46726.0,46727.0,46626.0,46641.0,0
1774479600,46644.0,46665.0,46587.0,46645.0,599
1774483200,46646.0,46745.0,46633.0,46658.0,914
1774486800,46655.0,46696.0,46635.0,46658.0,565
1774490400,46662.0,46683.0,46526.0,46574.0,1121
1774494000,46573.0,46723.0,46560.0,46683.0,727
1774497600,46684.0,46690.0,46602.0,46608.0,324
1774501200,46610.0,46630.0,46517.0,46518.0,1080
1774504800,46520.0,46575.0,46498.0,46571.0,925
1774508400,46568.0,46578.0,46434.0,46535.0,1625
1774512000,46533.0,46602.0,46416.0,46477.0,2413
1774515600,46477.0,46500.0,46323.0,46392.0,3133
1774519200,46388.0,46475.0,46355.0,46402.0,2171
1774522800,46403.0,46433.0,46316.0,46318.0,2022
1774526400,46320.0,46414.0,46271.0,46362.0,3209
1774530000,46360.0,46806.0,46360.0,46800.0,18771
1774533600,46799.0,46848.0,46520.0,46612.0,18666
1774537200,46613.0,46674.0,46456.0,46498.0,10454
1774540800,46498.0,46525.0,46299.0,46384.0,9021
1774544400,46383.0,46425.0,46222.0,46234.0,7850
1774548000,46234.0,46342.0,46231.0,46323.0,5426
1774551600,46323.0,46328.0,46177.0,46219.0,9754
1774555200,46218.0,46767.0,46172.0,46309.0,10509
1774562400,46333.0,46409.0,46307.0,46392.0,0
1774566000,46386.0,46451.0,46365.0,46440.0,727
1774569600,46442.0,46485.0,46314.0,46327.0,1563
1774573200,46326.0,46409.0,46306.0,46397.0,788
1774576800,46405.0,46419.0,46347.0,46347.0,838
1774580400,46350.0,46409.0,46332.0,46409.0,606
1774584000,46401.0,46429.0,46378.0,46422.0,564
1774587600,46422.0,46502.0,46422.0,46457.0,943
1774591200,46458.0,46498.0,46389.0,46407.0,1019
1774594800,46406.0,46406.0,46319.0,46354.0,1384
1774598400,46357.0,46382.0,46194.0,46204.0,3647
1774602000,46207.0,46245.0,46106.0,46137.0,2552
1774605600,46135.0,46196.0,46036.0,46047.0,2831
1774609200,46050.0,46122.0,45990.0,46072.0,3312
1774612800,46075.0,46080.0,46006.0,46013.0,3059
1774616400,46019.0,46038.0,45688.0,45749.0,19191
1774620000,45739.0,45892.0,45692.0,45861.0,15973
1774623600,45863.0,46000.0,45772.0,45818.0,13579
1774627200,45820.0,45830.0,45669.0,45732.0,10154
1774630800,45731.0,45823.0,45537.0,45543.0,8333
1774634400,45540.0,45569.0,45454.0,45488.0,8151
1774638000,45488.0,45507.0,45313.0,45398.0,13354
1774641600,45397.0,45426.0,45272.0,45310.0,4555
1774821600,45102.0,45213.0,45086.0,45195.0,1040
1774825200,45193.0,45232.0,45080.0,45117.0,1557
1774828800,45120.0,45281.0,45063.0,45125.0,3239
1774832400,45122.0,45227.0,45104.0,45224.0,939
1774836000,45223.0,45343.0,45191.0,45313.0,1086
1774839600,45311.0,45400.0,45309.0,45379.0,952
1774843200,45374.0,45423.0,45358.0,45370.0,798
1774846800,45371.0,45443.0,45369.0,45428.0,753
1774850400,45419.0,45554.0,45413.0,45502.0,1708
1774854000,45501.0,45592.0,45471.0,45579.0,2024
1774857600,45574.0,45645.0,45532.0,45635.0,2469
1774861200,45639.0,45644.0,45537.0,45580.0,1848
1774864800,45583.0,45642.0,45562.0,45639.0,1345
1774868400,45645.0,45915.0,45641.0,45699.0,5709
1774872000,45699.0,45793.0,45654.0,45772.0,2396
1774875600,45775.0,45871.0,45527.0,45561.0,16588
1774879200,45561.0,45797.0,45556.0,45779.0,13903
1774882800,45779.0,45881.0,45681.0,45815.0,9082
1774886400,45815.0,45820.0,45634.0,45655.0,4657
1774890000,45659.0,45693.0,45484.0,45569.0,6503
1774893600,45566.0,45613.0,45465.0,45490.0,4651
1774897200,45491.0,45524.0,45306.0,45465.0,12028
1774900800,45464.0,45468.0,45402.0,45455.0,1970
1774908000,45473.0,45515.0,45462.0,45477.0,0
1774911600,45474.0,45474.0,45360.0,45398.0,1297
1774915200,45393.0,45776.0,45287.0,45682.0,4754
1774918800,45689.0,45940.0,45598.0,45855.0,4062
1774922400,45854.0,45980.0,45829.0,45924.0,1721
1774926000,45925.0,45964.0,45867.0,45873.0,1223
1774929600,45867.0,45901.0,45820.0,45834.0,1177
1774933200,45831.0,45897.0,45761.0,45865.0,1287
1774936800,45865.0,45869.0,45785.0,45819.0,1325
1774940400,45819.0,45977.0,45749.0,45971.0,2359
1774944000,45965.0,45974.0,45816.0,45847.0,2634
1774947600,45845.0,45922.0,45817.0,45844.0,1615
1774951200,45844.0,45894.0,45726.0,45822.0,1935
1774954800,45821.0,46067.0,45800.0,45953.0,6230
1774958400,45955.0,46053.0,45837.0,45932.0,5596
1774962000,45936.0,46112.0,45778.0,46110.0,19982
1774965600,46106.0,46135.0,45723.0,45771.0,18416
1774969200,45768.0,46081.0,45768.0,45882.0,14097
1774972800,45879.0,46578.0,45861.0,46329.0,25026
1774976400,46331.0,46481.0,46301.0,46377.0,14613
1774980000,46376.0,46528.0,46376.0,46500.0,8471
1774983600,46499.0,46643.0,46435.0,46574.0,16139
1774987200,46574.0,46638.0,46544.0,46563.0,4899
1774994400,46492.0,46582.0,46492.0,46555.0,0
1774998000,46558.0,46652.0,46526.0,46639.0,2045
1775001600,46637.0,46682.0,46594.0,46681.0,1449
1775005200,46684.0,46693.0,46608.0,46624.0,1568
1775008800,46626.0,46654.0,46585.0,46609.0,549
1775012400,46608.0,46633.0,46601.0,46608.0,334
1775016000,46611.0,46650.0,46604.0,46638.0,607
1775019600,46637.0,46723.0,46633.0,46701.0,1272
1775023200,46703.0,46907.0,46694.0,46891.0,3303
1775026800,46893.0,46917.0,46762.0,46779.0,2450
1775030400,46778.0,46847.0,46702.0,46803.0,3497
1775034000,46811.0,46842.0,46703.0,46816.0,1964
1775037600,46821.0,46911.0,46779.0,46898.0,2374
1775041200,46901.0,46986.0,46884.0,46960.0,2455
1775044800,46958.0,47090.0,46735.0,46760.0,4999
1775048400,46762.0,46983.0,46707.0,46867.0,19263
1775052000,46869.0,47024.0,46739.0,46986.0,16057
1775055600,46987.0,47050.0,46950.0,47024.0,8164
1775059200,47023.0,47042.0,46922.0,46995.0,5773
1775062800,46994.0,47043.0,46915.0,46918.0,5402
1775066400,46918.0,46928.0,46759.0,46821.0,10862
1775070000,46820.0,46937.0,46788.0,46811.0,11144
1775073600,46810.0,46851.0,46796.0,46825.0,2316
1775080800,46826.0,46843.0,46785.0,46799.0,0
1775084400,46799.0,46832.0,46774.0,46803.0,518
1775088000,46797.0,46923.0,46753.0,46917.0,1748
1775091600,46914.0,46926.0,46401.0,46445.0,7439
1775095200,46446.0,46477.0,46341.0,46398.0,2078
1775098800,46396.0,46403.0,46313.0,46320.0,742
1775102400,46326.0,46349.0,46288.0,46299.0,694
1775106000,46306.0,46348.0,46234.0,46234.0,1333
1775109600,46240.0,46290.0,46202.0,46273.0,1915
1775113200,46274.0,46395.0,46239.0,46387.0,2147
1775116800,46392.0,46418.0,46334.0,46367.0,1696
1775120400,46368.0,46396.0,46314.0,46353.0,1198
1775124000,46356.0,46364.0,46252.0,46308.0,1720
1775127600,46309.0,46319.0,46122.0,46122.0,3393
1775131200,46123.0,46209.0,46076.0,46150.0,2944
1775134800,46156.0,46364.0,46113.0,46353.0,18870
1775138400,46351.0,46987.0,46259.0,46767.0,28903
1775142000,46768.0,46808.0,46573.0,46649.0,13064
1775145600,46648.0,46723.0,46513.0,46595.0,7816
1775149200,46593.0,46695.0,46541.0,46587.0,5217
1775152800,46588.0,46716.0,46583.0,46682.0,3954
1775156400,46687.0,46760.0,46663.0,46736.0,7344
1775160000,46736.0,46773.0,46701.0,46746.0,1999
1775167200,46715.0,46768.0,46706.0,46748.0,0
1775170800,46745.0,46755.0,46733.0,46741.0,308
1775174400,46744.0,46781.0,46728.0,46732.0,626
1775178000,46733.0,46738.0,46710.0,46711.0,383
1775181600,46710.0,46721.0,46650.0,46674.0,528
1775185200,46674.0,46691.0,46666.0,46678.0,185
1775426400,46569.0,46569.0,46362.0,46484.0,1169
1775430000,46490.0,46505.0,46425.0,46471.0,633
1775433600,46475.0,46584.0,46467.0,46579.0,1190
1775437200,46577.0,46647.0,46573.0,46601.0,776
1775440800,46600.0,46758.0,46597.0,46631.0,1556
1775444400,46625.0,46631.0,46492.0,46603.0,1062
1775448000,46600.0,46648.0,46596.0,46639.0,427
1775451600,46641.0,46665.0,46592.0,46614.0,406
1775455200,46609.0,46732.0,46600.0,46675.0,1441
1775458800,46677.0,46773.0,46609.0,46744.0,1005
1775462400,46744.0,46815.0,46735.0,46794.0,1265
1775466000,46795.0,46830.0,46725.0,46734.0,1062
1775469600,46732.0,46769.0,46615.0,46698.0,1972
1775473200,46701.0,46701.0,46653.0,46666.0,961
1775476800,46668.0,46751.0,46646.0,46710.0,1272
1775480400,46714.0,46819.0,46560.0,46819.0,15371
1775484000,46797.0,46933.0,46659.0,46821.0,17269
1775487600,46821.0,46848.0,46742.0,46843.0,5223
1775491200,46843.0,46888.0,46809.0,46851.0,2444
1775494800,46851.0,46854.0,46681.0,46744.0,4039
1775498400,46748.0,46900.0,46735.0,46850.0,3557
1775502000,46854.0,46913.0,46815.0,46911.0,5511
1775505600,46910.0,47052.0,46882.0,47007.0,4436
1775512800,47001.0,47034.0,46932.0,46943.0,0
1775516400,46939.0,46967.0,46922.0,46927.0,423
1775520000,46926.0,47016.0,46912.0,46921.0,1019
1775523600,46924.0,46946.0,46716.0,46730.0,1576
1775527200,46729.0,46798.0,46700.0,46785.0,976
1775530800,46785.0,46800.0,46743.0,46787.0,429
1775534400,46786.0,46817.0,46737.0,46800.0,661
1775538000,46806.0,46819.0,46743.0,46795.0,783
1775541600,46795.0,46826.0,46767.0,46804.0,778
1775545200,46806.0,46829.0,46768.0,46809.0,970
1775548800,46810.0,47003.0,46807.0,46971.0,4499
1775552400,46971.0,47040.0,46958.0,46999.0,2201
1775556000,47002.0,47023.0,46671.0,46698.0,7044
1775559600,46699.0,46775.0,46644.0,46698.0,4444
1775563200,46703.0,46870.0,46590.0,46757.0,5773
1775566800,46765.0,46834.0,46536.0,46582.0,15303
1775570400,46582.0,46764.0,46453.0,46551.0,18609
1775574000,46553.0,46586.0,46425.0,46520.0,12844
1775577600,46530.0,46770.0,46527.0,46664.0,9821
1775581200,46663.0,46824.0,46625.0,46708.0,6554
1775584800,46709.0,46740.0,46486.0,46530.0,5126
1775588400,46532.0,46854.0,46473.0,46815.0,17672
1775592000,46813.0,46928.0,46770.0,46871.0,4387
1775599200,47007.0,47775.0,46828.0,47765.0,0
1775602800,47764.0,47817.0,47682.0,47740.0,5030
1775606400,47738.0,47774.0,47641.0,47730.0,3559
1775610000,47736.0,47808.0,47708.0,47788.0,1357
1775613600,47785.0,47864.0,47785.0,47859.0,1242
1775617200,47858.0,47879.0,47817.0,47830.0,715
1775620800,47832.0,47891.0,47832.0,47857.0,1018
1775624400,47855.0,47966.0,47839.0,47949.0,1538
1775628000,47949.0,47977.0,47919.0,47927.0,1906
1775631600,47927.0,47956.0,47848.0,47854.0,2856
1775635200,47851.0,47934.0,47838.0,47934.0,2049
1775638800,47932.0,48019.0,47915.0,47981.0,2562
1775642400,47983.0,48079.0,47951.0,48046.0,2035
1775646000,48043.0,48144.0,48000.0,48089.0,3172
1775649600,48091.0,48111.0,47939.0,48040.0,6524
1775653200,48043.0,48261.0,48031.0,48120.0,22871
1775656800,48121.0,48167.0,47789.0,47870.0,15774
1775660400,47873.0,48062.0,47836.0,48046.0,9306
1775664000,48047.0,48098.0,48008.0,48053.0,6204
1775667600,48051.0,48095.0,47987.0,48089.0,5729
1775671200,48087.0,48165.0,47910.0,47920.0,7541
1775674800,47921.0,48158.0,47912.0,48141.0,10912
1775678400,48141.0,48161.0,48089.0,48096.0,2669
1775685600,48090.0,48151.0,48080.0,48110.0,0
1775689200,48113.0,48139.0,48086.0,48091.0,369
1775692800,48090.0,48140.0,48046.0,48103.0,922
1775696400,48105.0,48118.0,48053.0,48084.0,868
1775700000,48086.0,48094.0,48064.0,48064.0,597
1775703600,48064.0,48085.0,48045.0,48076.0,515
1775707200,48082.0,48088.0,48055.0,48065.0,380
1775710800,48062.0,48105.0,48035.0,48075.0,516
1775714400,48078.0,48105.0,48024.0,48057.0,1117
1775718000,48060.0,48077.0,47946.0,47982.0,2655
1775721600,47982.0,47996.0,47931.0,47949.0,1457
1775725200,47944.0,47988.0,47925.0,47972.0,872
1775728800,47977.0,47989.0,47930.0,47930.0,1065
1775732400,47932.0,47984.0,47902.0,47967.0,1793
1775736000,47967.0,48016.0,47936.0,47983.0,2191
1775739600,47986.0,48096.0,47920.0,48092.0,12903
1775743200,48091.0,48101.0,47970.0,48017.0,10893
1775746800,48019.0,48304.0,47956.0,48299.0,13005
1775750400,48298.0,48473.0,48298.0,48468.0,8337
1775754000,48469.0,48555.0,48453.0,48527.0,6970
1775757600,48529.0,48536.0,48386.0,48410.0,7477
1775761200,48408.0,48488.0,48396.0,48411.0,8066
1775764800,48411.0,48428.0,48381.0,48416.0,2353
1775772000,48380.0,48414.0,48351.0,48371.0,0
1775775600,48375.0,48393.0,48360.0,48373.0,382
1775779200,48376.0,48402.0,48354.0,48396.0,840
1775782800,48395.0,48419.0,48372.0,48393.0,679
1775786400,48393.0,48394.0,48351.0,48359.0,536
1775790000,48361.0,48383.0,48349.0,48377.0,473
1775793600,48375.0,48378.0,48354.0,48355.0,292
1775797200,48356.0,48377.0,48355.0,48361.0,391
1775800800,48361.0,48363.0,48322.0,48337.0,594
1775804400,48337.0,48391.0,48324.0,48378.0,819
1775808000,48379.0,48385.0,48284.0,48287.0,1037
1775811600,48294.0,48413.0,48292.0,48373.0,1827
1775815200,48377.0,48404.0,48340.0,48386.0,726
1775818800,48388.0,48424.0,48372.0,48388.0,957
1775822400,48391.0,48520.0,48381.0,48413.0,2074
1775826000,48410.0,48452.0,48154.0,48253.0,14576
1775829600,48248.0,48346.0,48204.0,48262.0,10324
1775833200,48264.0,48294.0,48146.0,48158.0,7474
1775836800,48158.0,48182.0,48073.0,48126.0,7277
1775840400,48126.0,48157.0,48076.0,48152.0,3828
1775844000,48153.0,48178.0,48115.0,48142.0,3659
1775847600,48143.0,48161.0,48074.0,48130.0,7128
1775851200,48130.0,48184.0,48093.0,48178.0,2484
1776031200,47665.0,47670.0,47534.0,47615.0,1820
1776034800,47615.0,47636.0,47571.0,47634.0,1023
1776038400,47635.0,47727.0,47600.0,47726.0,2129
1776042000,47724.0,47772.0,47724.0,47754.0,1241
1776045600,47753.0,47760.0,47727.0,47755.0,673
1776049200,47759.0,47765.0,47732.0,47739.0,400
1776052800,47735.0,47815.0,47723.0,47795.0,589
1776056400,47797.0,47838.0,47783.0,47826.0,945
1776060000,47829.0,47886.0,47827.0,47863.0,1115
1776063600,47863.0,47903.0,47857.0,47873.0,1332
1776067200,47872.0,47934.0,47852.0,47890.0,1371
1776070800,47892.0,47936.0,47863.0,47870.0,1117
1776074400,47874.0,47915.0,47866.0,47915.0,1195
1776078000,47916.0,47987.0,47615.0,47627.0,6426
1776081600,47634.0,47694.0,47617.0,47693.0,3932
1776085200,47693.0,47954.0,47686.0,47951.0,20357
1776088800,47953.0,47991.0,47828.0,47943.0,9936
1776092400,47942.0,47943.0,47827.0,47887.0,5471
1776096000,47886.0,48191.0,47872.0,48135.0,11347
1776099600,48135.0,48193.0,48128.0,48143.0,4070
1776103200,48144.0,48254.0,48143.0,48232.0,4047
1776106800,48229.0,48440.0,48228.0,48420.0,9555
1776110400,48419.0,48457.0,48406.0,48449.0,2466
1776117600,48446.0,48451.0,48425.0,48437.0,0
1776121200,48440.0,48458.0,48417.0,48420.0,485
1776124800,48421.0,48447.0,48392.0,48433.0,1225
1776128400,48434.0,48449.0,48416.0,48431.0,757
1776132000,48431.0,48455.0,48428.0,48432.0,362
1776135600,48432.0,48432.0,48410.0,48425.0,556
1776139200,48423.0,48430.0,48415.0,48417.0,475
1776142800,48417.0,48420.0,48394.0,48403.0,491
1776146400,48404.0,48442.0,48391.0,48430.0,862
1776150000,48429.0,48502.0,48417.0,48477.0,1740
1776153600,48477.0,48522.0,48463.0,48517.0,1275
1776157200,48518.0,48534.0,48437.0,48449.0,1016
1776160800,48450.0,48495.0,48344.0,48382.0,4941
1776164400,48384.0,48494.0,48374.0,48454.0,2525
1776168000,48455.0,48516.0,48426.0,48468.0,2597
1776171600,48467.0,48652.0,48389.0,48586.0,19653
1776175200,48588.0,48707.0,48579.0,48700.0,11398
1776178800,48701.0,48774.0,48638.0,48744.0,7915
1776182400,48743.0,48746.0,48659.0,48666.0,4144
1776186000,48670.0,48751.0,48669.0,48720.0,4123
1776189600,48719.0,48757.0,48643.0,48707.0,5553
1776193200,48703.0,48808.0,48702.0,48759.0,8969
1776196800,48760.0,48792.0,48741.0,48785.0,2575
1776204000,48758.0,48763.0,48722.0,48746.0,0
1776207600,48748.0,48792.0,48745.0,48757.0,713
1776211200,48756.0,48769.0,48746.0,48766.0,580
1776214800,48765.0,48784.0,48754.0,48767.0,583
1776218400,48765.0,48767.0,48724.0,48738.0,478
1776222000,48741.0,48774.0,48735.0,48767.0,285
1776225600,48765.0,48768.0,48744.0,48748.0,225
1776229200,48747.0,48797.0,48705.0,48736.0,1762
1776232800,48737.0,48791.0,48736.0,48764.0,1867
1776236400,48765.0,48766.0,48714.0,48738.0,1276
1776240000,48740.0,48755.0,48708.0,48739.0,1274
1776243600,48741.0,48754.0,48675.0,48715.0,1714
1776247200,48716.0,48756.0,48665.0,48715.0,2303
1776250800,48717.0,48841.0,48702.0,48769.0,2407
1776254400,48767.0,48814.0,48723.0,48804.0,2036
1776258000,48805.0,48911.0,48609.0,48669.0,18281
1776261600,48670.0,48672.0,48532.0,48541.0,12461
1776265200,48540.0,48608.0,48502.0,48509.0,6993
1776268800,48509.0,48544.0,48482.0,48534.0,5521
1776272400,48531.0,48605.0,48531.0,48587.0,4298
1776276000,48582.0,48684.0,48570.0,48679.0,4980
1776279600,48678.0,48705.0,48625.0,48667.0,9076
1776283200,48666.0,48718.0,48626.0,48704.0,3014
1776290400,48685.0,48734.0,48672.0,48724.0,0
1776294000,48724.0,48743.0,48713.0,48736.0,405
1776297600,48737.0,48775.0,48726.0,48762.0,1251
1776301200,48759.0,48770.0,48731.0,48739.0,855
1776304800,48740.0,48754.0,48729.0,48735.0,601
1776308400,48737.0,48752.0,48711.0,48713.0,642
1776312000,48710.0,48724.0,48703.0,48715.0,257
1776315600,48716.0,48727.0,48700.0,48719.0,573
1776319200,48722.0,48741.0,48717.0,48734.0,770
1776322800,48733.0,48735.0,48685.0,48695.0,1012
1776326400,48695.0,48702.0,48659.0,48684.0,1341
1776330000,48683.0,48694.0,48665.0,48681.0,662
1776333600,48682.0,48725.0,48681.0,48704.0,1622
1776337200,48703.0,48757.0,48648.0,48752.0,2436
1776340800,48753.0,48801.0,48743.0,48786.0,1959
1776344400,48787.0,48871.0,48596.0,48651.0,16848
1776348000,48650.0,48660.0,48529.0,48622.0,10561
1776351600,48624.0,48773.0,48617.0,48757.0,10980
1776355200,48757.0,48792.0,48668.0,48678.0,6034
1776358800,48676.0,48735.0,48636.0,48709.0,4477
1776362400,48709.0,48775.0,48698.0,48738.0,4201
1776366000,48738.0,48809.0,48733.0,48764.0,5890
1776369600,48765.0,48833.0,48760.0,48829.0,1663
1776376800,48823.0,48850.0,48808.0,48847.0,0
1776380400,48850.0,48868.0,48841.0,48853.0,285
1776384000,48851.0,48851.0,48818.0,48841.0,559
1776387600,48844.0,48850.0,48832.0,48846.0,361
1776391200,48846.0,48849.0,48818.0,48831.0,280
1776394800,48832.0,48834.0,48817.0,48826.0,271
1776398400,48826.0,48857.0,48822.0,48845.0,935
1776402000,48845.0,48882.0,48823.0,48879.0,1074
1776405600,48880.0,48895.0,48845.0,48872.0,687
1776409200,48870.0,48921.0,48870.0,48913.0,893
1776412800,48912.0,48934.0,48897.0,48930.0,1204
1776416400,48930.0,48949.0,48912.0,48940.0,1304
1776420000,48937.0,48942.0,48915.0,48940.0,1141
1776423600,48939.0,49020.0,48937.0,49011.0,1765
1776427200,49011.0,49337.0,49000.0,49330.0,9867
1776430800,49331.0,49545.0,49242.0,49516.0,30608
1776434400,49515.0,49851.0,49492.0,49760.0,21406
1776438000,49761.0,49874.0,49702.0,49860.0,13184
1776441600,49855.0,49924.0,49822.0,49901.0,7773
1776445200,49901.0,49911.0,49660.0,49741.0,10559
1776448800,49743.0,49753.0,49635.0,49654.0,6634
1776452400,49655.0,49695.0,49606.0,49637.0,11105
1776456000,49639.0,49674.0,49627.0,49641.0,2116
1776636000,49226.0,49262.0,49169.0,49217.0,1387
1776639600,49219.0,49233.0,49146.0,49168.0,1145
1776643200,49172.0,49230.0,49141.0,49209.0,1773
1776646800,49210.0,49309.0,49210.0,49300.0,1593
1776650400,49298.0,49304.0,49278.0,49298.0,761
1776654000,49296.0,49311.0,49269.0,49273.0,454
1776657600,49269.0,49309.0,49264.0,49302.0,529
1776661200,49304.0,49304.0,49245.0,49275.0,928
1776664800,49281.0,49283.0,49273.0,49282.0,92
1776675600,49641.0,49641.0,49353.0,49365.0,6435
1776679200,49367.0,49641.0,49357.0,49360.0,1189
1776682800,49361.0,49641.0,49318.0,49403.0,1694
1776686400,49405.0,49468.0,49382.0,49443.0,2496
1776690000,49444.0,49686.0,49426.0,49648.0,16445
1776693600,49648.0,49672.0,49434.0,49514.0,11692
1776697200,49517.0,49625.0,49487.0,49602.0,8098
1776700800,49603.0,49606.0,49515.0,49575.0,3169
1776704400,49578.0,49629.0,49537.0,49549.0,4057
1776708000,49552.0,49631.0,49522.0,49589.0,5340
1776711600,49587.0,49643.0,49566.0,49640.0,6295
1776715200,49641.0,49731.0,49622.0,49693.0,2695
1776722400,49673.0,49740.0,49673.0,49722.0,0
1776726000,49722.0,49727.0,49700.0,49707.0,271
1776729600,49707.0,49717.0,49658.0,49716.0,966
1776733200,49716.0,49749.0,49694.0,49724.0,678
1776736800,49724.0,49749.0,49719.0,49727.0,534
1776740400,49728.0,49728.0,49676.0,49695.0,409
1776744000,49697.0,49728.0,49697.0,49719.0,327
1776747600,49721.0,49770.0,49719.0,49727.0,577
1776751200,49725.0,49740.0,49639.0,49718.0,388
1776754800,49721.0,49748.0,49666.0,49710.0,1795
1776758400,49704.0,49756.0,49682.0,49741.0,1042
1776762000,49737.0,49919.0,49713.0,49918.0,3075
1776765600,49919.0,49958.0,49882.0,49938.0,2338
1776769200,49936.0,49982.0,49873.0,49922.0,2130
1776772800,49921.0,49949.0,49844.0,49876.0,3019
1776776400,49880.0,50043.0,49825.0,49976.0,14533
1776780000,49978.0,50016.0,49621.0,49630.0,11643
1776783600,49630.0,49660.0,49491.0,49553.0,11703
1776787200,49556.0,49635.0,49481.0,49483.0,6529
1776790800,49482.0,49616.0,49346.0,49489.0,14069
1776794400,49490.0,49529.0,49382.0,49467.0,9388
1776798000,49467.0,49567.0,49229.0,49337.0,18740
1776801600,49340.0,49607.0,49293.0,49487.0,6618
1776808800,49500.0,49541.0,49493.0,49503.0,0
1776812400,49503.0,49544.0,49492.0,49542.0,427
1776816000,49542.0,49585.0,49542.0,49552.0,998
1776819600,49553.0,49592.0,49552.0,49576.0,581
1776823200,49575.0,49594.0,49571.0,49574.0,353
1776826800,49573.0,49588.0,49544.0,49556.0,408
1776830400,49552.0,49565.0,49525.0,49526.0,476
1776834000,49524.0,49648.0,49521.0,49606.0,2234
1776837600,49599.0,49626.0,49559.0,49612.0,1016
1776841200,49615.0,49648.0,49586.0,49612.0,2762
1776844800,49610.0,49620.0,49500.0,49565.0,1696
1776848400,49562.0,49615.0,49530.0,49562.0,1345
1776852000,49562.0,49603.0,49527.0,49585.0,1295
1776855600,49589.0,49648.0,49560.0,49642.0,1714
1776859200,49643.0,49732.0,49611.0,49611.0,3334
1776862800,49613.0,49782.0,49598.0,49776.0,18055
1776866400,49774.0,49810.0,49662.0,49727.0,10803
1776870000,49724.0,49744.0,49623.0,49664.0,6400
1776873600,49664.0,49694.0,49573.0,49584.0,5530
1776877200,49581.0,49679.0,49576.0,49586.0,5082
1776880800,49583.0,49596.0,49515.0,49548.0,3410
1776884400,49549.0,49681.0,49521.0,49664.0,6501
1776888000,49663.0,49671.0,49420.0,49488.0,4860
1776895200,49495.0,49532.0,49468.0,49485.0,0
1776898800,49486.0,49500.0,49477.0,49493.0,293
1776902400,49492.0,49492.0,49130.0,49453.0,5879
1776906000,49456.0,49458.0,49367.0,49374.0,873
1776909600,49376.0,49390.0,49329.0,49335.0,1299
1776913200,49337.0,49362.0,49282.0,49318.0,1055
1776916800,49314.0,49360.0,49297.0,49355.0,438
1776920400,49353.0,49372.0,49323.0,49365.0,540
1776924000,49367.0,49404.0,49364.0,49390.0,772
1776927600,49391.0,49444.0,49374.0,49420.0,915
1776931200,49417.0,49454.0,49355.0,49370.0,1031
1776934800,49368.0,49412.0,49330.0,49370.0,1103
1776938400,49369.0,49369.0,49252.0,49358.0,3171
1776942000,49358.0,49448.0,49292.0,49444.0,3248
1776945600,49444.0,49540.0,49331.0,49411.0,5196
1776949200,49415.0,49544.0,49354.0,49488.0,13057
1776952800,49488.0,49703.0,49425.0,49674.0,10721
1776956400,49674.0,49690.0,49548.0,49597.0,6170
1776960000,49599.0,49606.0,49548.0,49587.0,4077
1776963600,49587.0,49598.0,49036.0,49341.0,25126
1776967200,49344.0,49527.0,49314.0,49418.0,12244
1776970800,49416.0,49518.0,49363.0,49484.0,10202
1776974400,49483.0,49485.0,49357.0,49389.0,2714
1776981600,49423.0,49452.0,49405.0,49436.0,0
1776985200,49436.0,49466.0,49420.0,49464.0,476
1776988800,49467.0,49494.0,49434.0,49444.0,1238
1776992400,49444.0,49448.0,49394.0,49428.0,1058
1776996000,49422.0,49425.0,49325.0,49333.0,898
1776999600,49336.0,49366.0,49320.0,49350.0,545
1777003200,49345.0,49389.0,49337.0,49383.0,345
1777006800,49381.0,49426.0,49356.0,49421.0,483
1777010400,49423.0,49434.0,49386.0,49403.0,1179
1777014000,49407.0,49450.0,49388.0,49428.0,974
1777017600,49424.0,49437.0,49293.0,49305.0,1967
1777021200,49306.0,49344.0,49257.0,49316.0,1360
1777024800,49321.0,49365.0,49318.0,49343.0,1309
1777028400,49341.0,49598.0,49340.0,49474.0,7247
1777032000,49477.0,49508.0,49331.0,49387.0,5021
1777035600,49392.0,49517.0,49252.0,49311.0,16322
1777039200,49313.0,49376.0,49243.0,49306.0,10305
1777042800,49307.0,49465.0,49264.0,49411.0,10942
1777046400,49410.0,49429.0,49289.0,49344.0,5441
1777050000,49345.0,49415.0,49297.0,49350.0,4217
1777053600,49352.0,49372.0,49324.0,49368.0,3121
1777057200,49369.0,49422.0,49326.0,49388.0,7683
1777060800,49389.0,49432.0,49360.0,49392.0,1886
1777240800,49255.0,49306.0,49229.0,49306.0,581
1777244400,49304.0,49308.0,49250.0,49280.0,555
1777248000,49279.0,49312.0,49250.0,49294.0,1316
1777251600,49297.0,49385.0,49286.0,49377.0,1524
1777255200,49379.0,49382.0,49342.0,49348.0,603
1777258800,49347.0,49373.0,49339.0,49348.0,562
1777262400,49346.0,49356.0,49320.0,49324.0,414
1777266000,49328.0,49328.0,49272.0,49283.0,679
1777269600,49280.0,49318.0,49269.0,49297.0,737
1777273200,49298.0,49328.0,49287.0,49308.0,723
1777276800,49306.0,49337.0,49279.0,49334.0,1189
1777280400,49336.0,49351.0,49308.0,49312.0,543
1777284000,49313.0,49357.0,49300.0,49344.0,692
1777287600,49349.0,49357.0,49323.0,49340.0,941
1777291200,49344.0,49363.0,49304.0,49316.0,1872
1777294800,49319.0,49522.0,49262.0,49405.0,19936
1777298400,49405.0,49422.0,49300.0,49300.0,8568
1777302000,49302.0,49307.0,49190.0,49284.0,6044
1777305600,49281.0,49351.0,49269.0,49325.0,3218
1777309200,49326.0,49362.0,49284.0,49300.0,3354
1777312800,49300.0,49367.0,49287.0,49349.0,2683
1777316400,49349.0,49389.0,49335.0,49346.0,5412
1777320000,49347.0,49353.0,49325.0,49345.0,1537
1777327200,49347.0,49429.0,49347.0,49400.0,0
1777330800,49404.0,49413.0,49392.0,49397.0,268
1777334400,49398.0,49439.0,49378.0,49379.0,746
1777338000,49378.0,49429.0,49372.0,49384.0,557
1777341600,49386.0,49401.0,49376.0,49387.0,405
1777345200,49385.0,49414.0,49379.0,49401.0,286
1777348800,49401.0,49411.0,49382.0,49399.0,292
1777352400,49402.0,49404.0,49339.0,49350.0,694
1777356000,49352.0,49382.0,49334.0,49347.0,729
1777359600,49347.0,49397.0,49320.0,49390.0,1738
1777363200,49390.0,49452.0,49321.0,49427.0,2151
1777366800,49428.0,49513.0,49407.0,49481.0,2054
1777370400,49483.0,49506.0,49445.0,49462.0,1528
1777374000,49460.0,49549.0,49407.0,49447.0,5568
1777377600,49452.0,49504.0,49361.0,49502.0,6525
1777381200,49502.0,49548.0,49364.0,49364.0,19604
1777384800,49362.0,49386.0,49237.0,49346.0,13268
1777388400,49351.0,49415.0,49339.0,49402.0,6337
1777392000,49402.0,49445.0,49323.0,49345.0,3441
1777395600,49347.0,49375.0,49304.0,49335.0,3430
1777399200,49337.0,49349.0,49244.0,49277.0,4139
1777402800,49279.0,49320.0,49231.0,49297.0,6271
1777406400,49296.0,49359.0,49272.0,49354.0,2584
1777413600,49360.0,49384.0,49348.0,49368.0,0
1777417200,49367.0,49382.0,49355.0,49380.0,176
1777420800,49383.0,49417.0,49383.0,49402.0,722
1777424400,49404.0,49405.0,49340.0,49371.0,877
1777428000,49378.0,49411.0,49378.0,49385.0,340
1777431600,49386.0,49403.0,49371.0,49380.0,346
1777435200,49380.0,49393.0,49377.0,49380.0,321
1777438800,49381.0,49398.0,49370.0,49391.0,256
1777442400,49389.0,49404.0,49367.0,49368.0,548
1777446000,49368.0,49387.0,49320.0,49345.0,1171
1777449600,49347.0,49381.0,49274.0,49305.0,1654
1777453200,49305.0,49331.0,49248.0,49258.0,1103
1777456800,49259.0,49348.0,49247.0,49319.0,848
1777460400,49317.0,49336.0,49272.0,49294.0,1064
1777464000,49295.0,49302.0,49202.0,49284.0,2344
1777467600,49284.0,49320.0,48996.0,49062.0,15494
1777471200,49062.0,49170.0,49030.0,49038.0,8826
1777474800,49036.0,49052.0,48880.0,48930.0,9434
1777478400,48931.0,49003.0,48919.0,48980.0,5019
1777482000,48984.0,49000.0,48932.0,48990.0,4236
1777485600,48981.0,48986.0,48846.0,48980.0,9041
1777489200,48980.0,49033.0,48932.0,49020.0,9551
1777492800,49022.0,49133.0,48790.0,48796.0,9994
1777500000,48822.0,48947.0,48776.0,48848.0,0
1777503600,48847.0,48862.0,48830.0,48851.0,1063
1777507200,48853.0,48885.0,48838.0,48871.0,1375
1777510800,48871.0,48908.0,48857.0,48907.0,871
1777514400,48905.0,48907.0,48734.0,48832.0,2061
1777518000,48825.0,48845.0,48769.0,48771.0,630
1777521600,48764.0,48771.0,48680.0,48682.0,1402
1777525200,48684.0,48761.0,48681.0,48691.0,844
1777528800,48688.0,48744.0,48608.0,48722.0,1638
1777532400,48721.0,48780.0,48695.0,48749.0,2629
1777536000,48749.0,48841.0,48748.0,48818.0,1915
1777539600,48821.0,48941.0,48768.0,48897.0,2039
1777543200,48896.0,49388.0,48896.0,49305.0,9356
1777546800,49318.0,49394.0,49270.0,49285.0,4368
1777550400,49284.0,49407.0,49260.0,49316.0,4215
1777554000,49315.0,49419.0,49184.0,49406.0,16296
1777557600,49406.0,49643.0,49372.0,49595.0,15544
1777561200,49597.0,49752.0,49523.0,49745.0,9582
1777564800,49745.0,49765.0,49663.0,49686.0,5635
1777568400,49685.0,49766.0,49670.0,49742.0,4786
1777572000,49740.0,49890.0,49737.0,49841.0,5255
1777575600,49839.0,49916.0,49814.0,49816.0,11289
1777579200,49818.0,49934.0,49772.0,49909.0,4378
1777586400,49901.0,49945.0,49882.0,49895.0,0
1777590000,49896.0,49925.0,49882.0,49905.0,588
1777593600,49911.0,49942.0,49886.0,49922.0,738
1777597200,49920.0,49948.0,49906.0,49937.0,533
1777600800,49936.0,49938.0,49905.0,49915.0,383
1777604400,49915.0,49926.0,49894.0,49898.0,422
1777608000,49896.0,49905.0,49881.0,49901.0,295
1777611600,49900.0,49916.0,49894.0,49905.0,238
1777615200,49908.0,49912.0,49868.0,49879.0,598
1777618800,49881.0,49907.0,49868.0,49871.0,1075
1777622400,49874.0,49894.0,49860.0,49892.0,784
1777626000,49891.0,49942.0,49868.0,49937.0,882
1777629600,49937.0,49985.0,49925.0,49971.0,993
1777633200,49973.0,49980.0,49944.0,49962.0,1107
1777636800,49966.0,50092.0,49952.0,49970.0,3516
1777640400,49970.0,50075.0,49867.0,50068.0,18782
1777644000,50070.0,50138.0,49906.0,49915.0,13642
1777647600,49915.0,49927.0,49783.0,49808.0,9726
1777651200,49809.0,49823.0,49705.0,49737.0,6417
1777654800,49736.0,49845.0,49734.0,49809.0,3571
1777658400,49810.0,49823.0,49682.0,49701.0,4962
1777662000,49702.0,49765.0,49631.0,49641.0,8418
1777665600,49641.0,49659.0,49561.0,49646.0,2663
1777867200,49646.0,49646.0,49596.0,49601.0,0
1777870800,49599.0,49650.0,49599.0,49635.0,510
1777874400,49640.0,49648.0,49566.0,49584.0,756
1777878000,49584.0,49641.0,49562.0,49585.0,1114
1777881600,49582.0,49584.0,49494.0,49535.0,1594
1777885200,49537.0,49564.0,49530.0,49551.0,894
1777888800,49553.0,49566.0,49225.0,49441.0,6668
1777892400,49443.0,49486.0,49375.0,49447.0,2160
1777896000,49445.0,49530.0,49445.0,49485.0,2263
1777899600,49481.0,49514.0,49346.0,49435.0,14712
1777903200,49437.0,49562.0,49357.0,49426.0,12267
1777906800,49427.0,49446.0,49138.0,49191.0,14126
1777910400,49193.0,49205.0,49016.0,49074.0,12386
1777914000,49074.0,49231.0,49056.0,49155.0,6083
1777917600,49153.0,49211.0,49035.0,49059.0,4380
1777921200,49059.0,49110.0,49042.0,49086.0,8874
1777924800,49085.0,49086.0,49028.0,49079.0,1942
1777932000,49088.0,49123.0,49081.0,49093.0,0
1777935600,49092.0,49102.0,49077.0,49093.0,337
1777939200,49091.0,49131.0,49060.0,49096.0,732
1777942800,49096.0,49109.0,49067.0,49096.0,634
1777946400,49097.0,49134.0,49095.0,49106.0,562
1777950000,49110.0,49132.0,49105.0,49126.0,279
1777953600,49126.0,49152.0,49120.0,49137.0,372
1777957200,49131.0,49161.0,49121.0,49157.0,482
1777960800,49154.0,49181.0,49105.0,49178.0,1254
1777964400,49180.0,49265.0,49174.0,49184.0,3399
1777968000,49188.0,49233.0,49183.0,49200.0,2160
1777971600,49204.0,49233.0,49168.0,49214.0,955
1777975200,49214.0,49260.0,49191.0,49211.0,1113
1777978800,49212.0,49244.0,49143.0,49241.0,1421
1777982400,49241.0,49306.0,49225.0,49256.0,2408
1777986000,49260.0,49338.0,49123.0,49296.0,14632
1777989600,49290.0,49382.0,49233.0,49382.0,14404
1777993200,49383.0,49430.0,49285.0,49295.0,7293
1777996800,49297.0,49345.0,49297.0,49306.0,3529
1778000400,49307.0,49394.0,49294.0,49364.0,3309
1778004000,49366.0,49420.0,49352.0,49400.0,3353
1778007600,49401.0,49477.0,49386.0,49413.0,7203
1778011200,49415.0,49457.0,49352.0,49397.0,3107
1778018400,49396.0,49528.0,49350.0,49511.0,0
1778022000,49509.0,49554.0,49484.0,49493.0,1187
1778025600,49494.0,49525.0,49484.0,49506.0,1214
1778029200,49506.0,49571.0,49506.0,49555.0,942
1778032800,49557.0,49557.0,49508.0,49508.0,623
1778036400,49511.0,49544.0,49508.0,49527.0,519
1778040000,49524.0,49548.0,49507.0,49511.0,1084
1778043600,49508.0,49510.0,49474.0,49504.0,724
1778047200,49508.0,49530.0,49460.0,49493.0,1141
1778050800,49495.0,49543.0,49481.0,49543.0,1375
1778054400,49542.0,49780.0,49506.0,49720.0,5827
1778058000,49716.0,49829.0,49652.0,49825.0,3988
1778061600,49826.0,50020.0,49817.0,49983.0,5002
1778065200,49980.0,50063.0,49889.0,49921.0,5940
1778068800,49920.0,49933.0,49730.0,49832.0,5150
1778072400,49833.0,49993.0,49767.0,49954.0,20344
1778076000,49954.0,50075.0,49842.0,50069.0,16053
1778079600,50070.0,50091.0,49928.0,49961.0,7972
1778083200,49961.0,49963.0,49896.0,49916.0,5155
1778086800,49914.0,49968.0,49885.0,49967.0,3842
1778090400,49967.0,50056.0,49953.0,50021.0,4658
1778094000,50022.0,50135.0,50020.0,50026.0,10967
1778097600,50024.0,50051.0,49995.0,50022.0,2908
1778104800,50024.0,50056.0,49990.0,49996.0,0
1778108400,49994.0,50011.0,49984.0,49995.0,408
1778112000,49994.0,50067.0,49992.0,50064.0,860
1778115600,50063.0,50102.0,50047.0,50094.0,810
1778119200,50091.0,50103.0,50066.0,50092.0,415
1778122800,50091.0,50107.0,50074.0,50096.0,307
1778126400,50093.0,50117.0,50089.0,50112.0,247
1778130000,50112.0,50123.0,50092.0,50094.0,415
1778133600,50093.0,50197.0,50079.0,50143.0,1171
1778137200,50149.0,50217.0,50104.0,50139.0,2516
1778140800,50143.0,50171.0,50062.0,50075.0,1746
1778144400,50072.0,50079.0,50020.0,50033.0,1220
1778148000,50034.0,50067.0,50018.0,50047.0,1347
1778151600,50048.0,50144.0,50048.0,50091.0,2795
1778155200,50087.0,50175.0,50085.0,50143.0,2298
1778158800,50144.0,50238.0,49957.0,49992.0,18920
1778162400,49989.0,50029.0,49820.0,49992.0,13057
1778166000,49993.0,50012.0,49891.0,49917.0,8522
1778169600,49919.0,49924.0,49719.0,49731.0,8647
1778173200,49732.0,49808.0,49600.0,49701.0,11723
1778176800,49705.0,49773.0,49581.0,49682.0,9419
1778180400,49684.0,49732.0,49630.0,49702.0,12323
1778184000,49701.0,49830.0,49635.0,49639.0,5556
1778191200,49599.0,49698.0,49582.0,49644.0,0
1778194800,49645.0,49717.0,49639.0,49715.0,617
1778198400,49722.0,49771.0,49707.0,49735.0,1142
1778202000,49736.0,49774.0,49728.0,49742.0,1052
1778205600,49743.0,49784.0,49701.0,49761.0,842
1778209200,49760.0,49784.0,49745.0,49767.0,384
1778212800,49767.0,49769.0,49724.0,49753.0,565
1778216400,49757.0,49771.0,49747.0,49760.0,504
1778220000,49759.0,49807.0,49740.0,49788.0,879
1778223600,49792.0,49793.0,49733.0,49782.0,1302
1778227200,49784.0,49818.0,49746.0,49808.0,1516
1778230800,49811.0,49874.0,49790.0,49825.0,1509
1778234400,49824.0,49863.0,49807.0,49847.0,983
1778238000,49848.0,49872.0,49831.0,49854.0,1039
1778241600,49853.0,49958.0,49825.0,49853.0,3420
1778245200,49853.0,49949.0,49736.0,49794.0,17155
1778248800,49796.0,49854.0,49726.0,49768.0,12231
1778252400,49766.0,49782.0,49669.0,49749.0,7879
1778256000,49749.0,49788.0,49659.0,49659.0,5134
1778259600,49658.0,49735.0,49655.0,49710.0,3902
1778263200,49707.0,49761.0,49585.0,49617.0,5632
1778266800,49618.0,49710.0,49599.0,49704.0,9103
1778270400,49703.0,49751.0,49683.0,49691.0,2298
1778450400,49514.0,49603.0,49468.0,49588.0,915
1778454000,49584.0,49598.0,49552.0,49554.0,645
1778457600,49554.0,49574.0,49479.0,49527.0,1920
1778461200,49525.0,49570.0,49522.0,49565.0,1147
1778464800,49563.0,49584.0,49555.0,49562.0,389
1778468400,49561.0,49615.0,49543.0,49593.0,715
1778472000,49589.0,49598.0,49572.0,49582.0,335
1778475600,49585.0,49610.0,49584.0,49601.0,435
1778479200,49604.0,49639.0,49596.0,49636.0,647
1778482800,49637.0,49652.0,49601.0,49626.0,987
1778486400,49628.0,49707.0,49623.0,49670.0,1348
1778490000,49670.0,49709.0,49658.0,49670.0,740
1778493600,49665.0,49700.0,49660.0,49669.0,662
1778497200,49668.0,49668.0,49595.0,49613.0,1197
1778500800,49614.0,49699.0,49599.0,49624.0,2347
1778504400,49624.0,49806.0,49562.0,49803.0,18738
1778508000,49804.0,49813.0,49647.0,49737.0,13020
1778511600,49739.0,49782.0,49682.0,49708.0,6641
1778515200,49707.0,49753.0,49660.0,49683.0,6233
1778518800,49685.0,49839.0,49673.0,49837.0,4927
1778522400,49834.0,49871.0,49710.0,49714.0,4663
1778526000,49714.0,49806.0,49691.0,49805.0,8465
1778529600,49805.0,49827.0,49759.0,49811.0,2842
1778536800,49788.0,49841.0,49788.0,49821.0,0
1778540400,49822.0,49825.0,49793.0,49807.0,247
1778544000,49807.0,49807.0,49749.0,49760.0,688
1778547600,49760.0,49781.0,49714.0,49779.0,1914
1778551200,49777.0,49813.0,49759.0,49785.0,743
1778554800,49786.0,49800.0,49765.0,49768.0,294
1778558400,49771.0,49793.0,49767.0,49767.0,354
1778562000,49766.0,49794.0,49752.0,49780.0,504
1778565600,49781.0,49784.0,49687.0,49690.0,1016
1778569200,49693.0,49786.0,49644.0,49770.0,1761
1778572800,49772.0,49805.0,49736.0,49745.0,1592
1778576400,49743.0,49784.0,49710.0,49728.0,944
1778580000,49731.0,49766.0,49726.0,49766.0,575
1778583600,49767.0,49797.0,49721.0,49763.0,1730
1778587200,49763.0,49832.0,49721.0,49821.0,2620
1778590800,49822.0,49830.0,49397.0,49504.0,21341
1778594400,49505.0,49590.0,49441.0,49528.0,14204
1778598000,49525.0,49655.0,49489.0,49619.0,9850
1778601600,49619.0,49732.0,49579.0,49730.0,7603
1778605200,49731.0,49826.0,49713.0,49810.0,8141
1778608800,49809.0,49876.0,49770.0,49870.0,6300
1778612400,49869.0,49924.0,49856.0,49874.0,9482
1778616000,49874.0,49877.0,49837.0,49867.0,2300
1778623200,49860.0,49888.0,49833.0,49869.0,0
1778626800,49867.0,49867.0,49813.0,49814.0,584
1778630400,49814.0,49863.0,49814.0,49840.0,918
1778634000,49839.0,49881.0,49826.0,49854.0,979
1778637600,49852.0,49852.0,49828.0,49841.0,708
1778641200,49839.0,49876.0,49818.0,49869.0,612
1778644800,49868.0,49873.0,49841.0,49868.0,583
1778648400,49868.0,49894.0,49864.0,49881.0,607
1778652000,49880.0,49886.0,49830.0,49847.0,795
1778655600,49848.0,49882.0,49828.0,49856.0,1017
1778659200,49862.0,49876.0,49779.0,49799.0,1726
1778662800,49801.0,49807.0,49716.0,49763.0,1441
1778666400,49764.0,49788.0,49698.0,49725.0,1275
1778670000,49723.0,49756.0,49713.0,49730.0,941
1778673600,49730.0,49744.0,49593.0,49621.0,4039
1778677200,49621.0,49738.0,49534.0,49633.0,18098
1778680800,49635.0,49767.0,49568.0,49586.0,10940
1778684400,49586.0,49662.0,49541.0,49635.0,7949
1778688000,49635.0,49735.0,49603.0,49686.0,5012
1778691600,49690.0,49762.0,49678.0,49753.0,3467
1778695200,49751.0,49816.0,49736.0,49794.0,4770
1778698800,49794.0,49841.0,49770.0,49793.0,7443
1778702400,49793.0,49911.0,49778.0,49895.0,3018
1778709600,49850.0,49924.0,49850.0,49905.0,0
1778713200,49904.0,49912.0,49887.0,49902.0,561
1778716800,49900.0,49929.0,49878.0,49913.0,754
1778720400,49912.0,49913.0,49872.0,49876.0,642
1778724000,49878.0,49913.0,49876.0,49904.0,519
1778727600,49903.0,49922.0,49895.0,49898.0,550
1778731200,49904.0,49924.0,49898.0,49906.0,416
1778734800,49906.0,49970.0,49895.0,49926.0,921
1778738400,49926.0,49991.0,49926.0,49960.0,1160
1778742000,49962.0,49982.0,49904.0,49910.0,1268
1778745600,49904.0,50038.0,49896.0,50014.0,1929
1778749200,50016.0,50052.0,49966.0,50044.0,1429
1778752800,50042.0,50152.0,50031.0,50137.0,3016
1778756400,50133.0,50193.0,50125.0,50162.0,2672
1778760000,50161.0,50241.0,50159.0,50240.0,4091
1778763600,50239.0,50267.0,49981.0,50059.0,22312
1778767200,50055.0,50175.0,49954.0,50146.0,13316
1778770800,50148.0,50270.0,50132.0,50266.0,8024
1778774400,50266.0,50292.0,50051.0,50099.0,8933
1778778000,50098.0,50176.0,50061.0,50113.0,5510
1778781600,50112.0,50197.0,50071.0,50165.0,4894
1778785200,50166.0,50192.0,50129.0,50156.0,7542
1778788800,50156.0,50177.0,50110.0,50156.0,2086
1778796000,50152.0,50166.0,50126.0,50141.0,0
1778799600,50142.0,50155.0,50105.0,50112.0,406
1778803200,50110.0,50117.0,50053.0,50061.0,1062
1778806800,50060.0,50065.0,49952.0,49959.0,1915
1778810400,49963.0,50065.0,49957.0,50041.0,1485
1778814000,50042.0,50065.0,50016.0,50044.0,650
1778817600,50040.0,50045.0,50017.0,50032.0,598
1778821200,50032.0,50032.0,49930.0,49934.0,1533
1778824800,49933.0,50006.0,49924.0,49978.0,2217
1778828400,49977.0,49997.0,49924.0,49930.0,1850
1778832000,49934.0,49934.0,49746.0,49846.0,4282
1778835600,49850.0,49868.0,49775.0,49826.0,1840
1778839200,49828.0,49988.0,49801.0,49934.0,3224
1778842800,49930.0,49955.0,49801.0,49803.0,1869
1778846400,49802.0,49802.0,49662.0,49707.0,3349
1778850000,49707.0,49851.0,49611.0,49727.0,20288
1778853600,49727.0,49845.0,49672.0,49725.0,13319
1778857200,49723.0,49745.0,49586.0,49649.0,9624
1778860800,49656.0,49748.0,49597.0,49715.0,5699
1778864400,49714.0,49793.0,49695.0,49726.0,4922
1778868000,49726.0,49748.0,49620.0,49688.0,5483
1778871600,49690.0,49701.0,49605.0,49618.0,8442
1778875200,49618.0,49619.0,49435.0,49617.0,4252
1779055200,49532.0,49554.0,49490.0,49537.0,565
1779058800,49538.0,49539.0,49374.0,49450.0,1267
1779062400,49446.0,49446.0,49304.0,49349.0,2169
1779066000,49350.0,49361.0,49201.0,49253.0,1699
1779069600,49255.0,49271.0,49166.0,49189.0,999
1779073200,49190.0,49215.0,49161.0,49194.0,805
1779076800,49190.0,49207.0,49152.0,49200.0,1168
1779080400,49201.0,49281.0,49190.0,49249.0,1294
1779084000,49244.0,49282.0,49198.0,49279.0,1449
1779087600,49280.0,49342.0,49216.0,49290.0,2806
1779091200,49291.0,49349.0,49279.0,49349.0,2345
1779094800,49348.0,49353.0,49278.0,49319.0,1131
1779098400,49322.0,49328.0,49234.0,49263.0,1573
1779102000,49263.0,49524.0,49192.0,49429.0,5077
1779105600,49430.0,49703.0,49419.0,49654.0,5248
1779109200,49652.0,49845.0,49525.0,49754.0,21320
1779112800,49751.0,49792.0,49628.0,49707.0,15100
1779116400,49708.0,49735.0,49488.0,49589.0,11028
1779120000,49588.0,49686.0,49538.0,49605.0,7317
1779123600,49602.0,49704.0,49576.0,49647.0,5183
1779127200,49645.0,49650.0,49428.0,49448.0,6920
1779130800,49450.0,49781.0,49442.0,49770.0,16254
1779134400,49771.0,49778.0,49714.0,49742.0,1895
1779141600,49740.0,49818.0,49736.0,49792.0,0
1779145200,49792.0,49814.0,49750.0,49760.0,396
1779148800,49758.0,49818.0,49737.0,49746.0,1201
1779152400,49746.0,49770.0,49694.0,49739.0,847
1779156000,49737.0,49757.0,49694.0,49724.0,819
1779159600,49726.0,49781.0,49704.0,49728.0,499
1779163200,49723.0,49725.0,49636.0,49680.0,795
1779166800,49680.0,49689.0,49606.0,49658.0,644
1779170400,49652.0,49757.0,49626.0,49713.0,1169
1779174000,49715.0,49837.0,49700.0,49829.0,1563
1779177600,49831.0,49838.0,49691.0,49759.0,1459
1779181200,49758.0,49760.0,49598.0,49693.0,1665
1779184800,49689.0,49743.0,49612.0,49703.0,3374
1779188400,49703.0,49731.0,49610.0,49611.0,1430
1779192000,49611.0,49708.0,49588.0,49691.0,2292
1779195600,49695.0,49705.0,49324.0,49616.0,26713
1779199200,49615.0,49666.0,49492.0,49567.0,20231
1779202800,49566.0,49630.0,49482.0,49530.0,9670
1779206400,49533.0,49658.0,49456.0,49642.0,7156
1779210000,49636.0,49679.0,49611.0,49661.0,4829
1779213600,49662.0,49695.0,49495.0,49507.0,6484
1779217200,49507.0,49604.0,49403.0,49453.0,9833
1779220800,49454.0,49455.0,49398.0,49430.0,1789
1779228000,49443.0,49459.0,49414.0,49452.0,0
1779231600,49456.0,49544.0,49451.0,49488.0,696
1779235200,49482.0,49482.0,49344.0,49412.0,2217
1779238800,49409.0,49472.0,49313.0,49442.0,1811
1779242400,49443.0,49466.0,49325.0,49346.0,1073
1779246000,49344.0,49367.0,49294.0,49353.0,843
1779249600,49357.0,49405.0,49348.0,49358.0,518
1779253200,49364.0,49441.0,49364.0,49416.0,650
1779256800,49410.0,49493.0,49410.0,49470.0,1555
1779260400,49472.0,49493.0,49427.0,49427.0,1170
1779264000,49425.0,49535.0,49404.0,49501.0,1952
1779267600,49499.0,49523.0,49465.0,49514.0,1025
1779271200,49513.0,49609.0,49509.0,49525.0,1789
1779274800,49528.0,49602.0,49520.0,49547.0,1723
1779278400,49546.0,49702.0,49543.0,49622.0,3555
1779282000,49622.0,49665.0,49301.0,49505.0,19799
1779285600,49508.0,49827.0,49335.0,49809.0,25181
1779289200,49810.0,50022.0,49754.0,49934.0,16341
1779292800,49934.0,50008.0,49874.0,49958.0,9846
1779296400,49958.0,50069.0,49916.0,49997.0,8418
1779300000,49988.0,50073.0,49959.0,50046.0,5201
1779303600,50048.0,50160.0,50033.0,50093.0,9634
1779307200,50093.0,50110.0,50038.0,50040.0,4419
1779314400,50040.0,50074.0,49946.0,49968.0,0
1779318000,49970.0,49995.0,49953.0,49983.0,484
1779321600,49981.0,49982.0,49913.0,49968.0,1035
1779325200,49964.0,50015.0,49961.0,49998.0,803
1779328800,50000.0,50031.0,49993.0,50008.0,643
1779332400,50010.0,50048.0,50007.0,50022.0,411
1779336000,50020.0,50067.0,50019.0,50064.0,444
1779339600,50063.0,50081.0,49960.0,50014.0,856
1779343200,50013.0,50059.0,49951.0,49994.0,1465
1779346800,49995.0,50019.0,49960.0,50007.0,1123
1779350400,50007.0,50205.0,50006.0,50120.0,2634
1779354000,50115.0,50217.0,50115.0,50163.0,1434
1779357600,50165.0,50282.0,49893.0,49940.0,5786
1779361200,49940.0,50045.0,49905.0,50004.0,2962
1779364800,50006.0,50025.0,49905.0,49920.0,3562
1779368400,49919.0,50093.0,49774.0,50070.0,19658
1779372000,50072.0,50160.0,49965.0,50027.0,13865
1779375600,50032.0,50063.0,49919.0,50008.0,9331
1779379200,50010.0,50061.0,49930.0,50001.0,5007
1779382800,50000.0,50443.0,49984.0,50382.0,17401
1779386400,50382.0,50470.0,50224.0,50273.0,14560
1779390000,50273.0,50417.0,50264.0,50372.0,11407
1779393600,50370.0,50435.0,50367.0,50404.0,2423
1779400800,50402.0,50457.0,50402.0,50450.0,0
1779404400,50450.0,50474.0,50437.0,50456.0,381
1779408000,50456.0,50519.0,50434.0,50509.0,831
1779411600,50506.0,50513.0,50468.0,50498.0,849
1779415200,50500.0,50529.0,50494.0,50517.0,406
1779418800,50518.0,50543.0,50499.0,50542.0,373
1779422400,50544.0,50571.0,50544.0,50562.0,570
1779426000,50561.0,50566.0,50480.0,50492.0,910
1779429600,50488.0,50558.0,50473.0,50521.0,1013
1779433200,50522.0,50535.0,50465.0,50523.0,1128
1779436800,50522.0,50590.0,50463.0,50512.0,2623
1779440400,50512.0,50545.0,50454.0,50537.0,1491
1779444000,50539.0,50551.0,50443.0,50501.0,1615
1779447600,50502.0,50598.0,50494.0,50557.0,2061
1779451200,50556.0,50806.0,50549.0,50801.0,7920
1779454800,50804.0,50865.0,50611.0,50767.0,20713
1779458400,50772.0,50783.0,50605.0,50674.0,9808
1779462000,50674.0,50802.0,50647.0,50771.0,6514
1779465600,50770.0,50832.0,50720.0,50775.0,6120
1779469200,50776.0,50920.0,50721.0,50819.0,9941
1779472800,50822.0,50831.0,50755.0,50758.0,4816
1779476400,50756.0,50764.0,50645.0,50652.0,9724
1779480000,50653.0,50696.0,50610.0,50662.0,2433
1779768000,50976.0,50987.0,50960.0,50975.0,494
1779771600,50973.0,51001.0,50963.0,50974.0,647
1779775200,50976.0,51028.0,50965.0,50986.0,1284
1779778800,50988.0,51009.0,50916.0,50948.0,1691
1779782400,50952.0,50958.0,50889.0,50903.0,1201
1779786000,50907.0,50930.0,50865.0,50896.0,1399
1779789600,50895.0,50953.0,50865.0,50940.0,1987
1779793200,50942.0,50975.0,50879.0,50945.0,1941
1779796800,50944.0,50949.0,50886.0,50892.0,2000
1779800400,50893.0,50898.0,50684.0,50700.0,18645
1779804000,50702.0,50775.0,50548.0,50612.0,13367
1779807600,50612.0,50615.0,50508.0,50551.0,8297
1779811200,50549.0,50576.0,50462.0,50465.0,5554
1779814800,50463.0,50520.0,50434.0,50459.0,4581
1779818400,50456.0,50501.0,50430.0,50452.0,4977
1779822000,50451.0,50581.0,50425.0,50560.0,9223
1779825600,50559.0,50580.0,50514.0,50520.0,1992
1779832800,50508.0,50548.0,50500.0,50543.0,0
1779836400,50544.0,50601.0,50532.0,50592.0,439
1779840000,50595.0,50616.0,50571.0,50604.0,922
1779843600,50602.0,50604.0,50566.0,50573.0,684
1779847200,50575.0,50598.0,50573.0,50593.0,399
1779850800,50593.0,50603.0,50580.0,50588.0,331
1779854400,50588.0,50606.0,50568.0,50600.0,402
1779858000,50600.0,50648.0,50598.0,50643.0,651
1779861600,50644.0,50660.0,50618.0,50640.0,1044
1779865200,50641.0,50680.0,50639.0,50664.0,1116
1779868800,50662.0,50757.0,50657.0,50739.0,1388
1779872400,50738.0,50797.0,50736.0,50786.0,1089
1779876000,50785.0,50797.0,50762.0,50767.0,942
1779879600,50769.0,50772.0,50568.0,50581.0,2440
1779883200,50582.0,50700.0,50508.0,50614.0,5986
1779886800,50613.0,50747.0,50543.0,50674.0,19178
1779890400,50677.0,50896.0,50645.0,50813.0,15011
1779894000,50812.0,50839.0,50655.0,50693.0,7978
1779897600,50695.0,50759.0,50659.0,50717.0,4134
1779901200,50715.0,50747.0,50660.0,50732.0,3547
1779904800,50731.0,50790.0,50670.0,50771.0,3557
1779908400,50769.0,50786.0,50682.0,50717.0,6941
1779912000,50717.0,50805.0,50656.0,50788.0,3596
1779919200,50784.0,50819.0,50754.0,50767.0,0
1779922800,50768.0,50800.0,50709.0,50724.0,664
1779926400,50718.0,50791.0,50716.0,50780.0,860
1779930000,50786.0,50789.0,50751.0,50782.0,498
1779933600,50783.0,50788.0,50687.0,50705.0,691
1779937200,50707.0,50718.0,50618.0,50634.0,1786
1779940800,50623.0,50645.0,50594.0,50626.0,998
1779944400,50629.0,50714.0,50615.0,50698.0,922
1779948000,50697.0,50723.0,50679.0,50717.0,907
1779951600,50718.0,50735.0,50654.0,50705.0,1239
1779955200,50705.0,50724.0,50648.0,50676.0,1214
1779958800,50676.0,50700.0,50664.0,50687.0,847
1779962400,50688.0,50692.0,50578.0,50609.0,1462
1779966000,50610.0,50645.0,50605.0,50636.0,1508
1779969600,50636.0,50673.0,50576.0,50650.0,2347
1779973200,50652.0,50678.0,50386.0,50577.0,14991
1779976800,50574.0,50855.0,50502.0,50679.0,16893
1779980400,50682.0,50795.0,50661.0,50766.0,7288
1779984000,50767.0,50786.0,50720.0,50775.0,4456
1779987600,50773.0,50791.0,50688.0,50697.0,3865
1779991200,50696.0,50709.0,50637.0,50661.0,4435
1779994800,50659.0,50764.0,50658.0,50744.0,7842
1779998400,50743.0,50801.0,50739.0,50758.0,2177
1780005600,50750.0,50780.0,50742.0,50742.0,0
1780009200,50744.0,50765.0,50730.0,50735.0,247
1780012800,50733.0,50760.0,50714.0,50727.0,603
1780016400,50729.0,50743.0,50704.0,50734.0,489
1780020000,50731.0,50758.0,50725.0,50741.0,307
1780023600,50739.0,50782.0,50739.0,50767.0,464
1780027200,50770.0,50797.0,50770.0,50786.0,295
1780030800,50784.0,50790.0,50754.0,50775.0,301
1780034400,50776.0,50794.0,50750.0,50790.0,735
1780038000,50791.0,50811.0,50747.0,50787.0,999
1780041600,50789.0,50818.0,50768.0,50785.0,1024
1780045200,50789.0,50868.0,50786.0,50843.0,1345
1780048800,50842.0,50847.0,50799.0,50844.0,705
1780052400,50843.0,50907.0,50831.0,50902.0,2367
1780056000,50903.0,50904.0,50838.0,50875.0,1726
1780059600,50874.0,50958.0,50730.0,50886.0,17579
1780063200,50887.0,51078.0,50850.0,51033.0,17540
1780066800,51032.0,51140.0,51032.0,51109.0,12986
1780070400,51109.0,51135.0,51028.0,51045.0,6368
1780074000,51046.0,51091.0,50969.0,50972.0,5708
1780077600,50971.0,51085.0,50968.0,51002.0,6519
1780081200,51001.0,51139.0,50992.0,51083.0,11587
1780084800,51083.0,51099.0,51035.0,51077.0,3267
1780264800,51026.0,51095.0,51020.0,51094.0,559
1780268400,51094.0,51123.0,51083.0,51108.0,371
1780272000,51110.0,51166.0,51102.0,51119.0,1873
1780275600,51120.0,51148.0,51091.0,51145.0,756
1780279200,51145.0,51164.0,51141.0,51157.0,453
1780282800,51157.0,51172.0,51112.0,51117.0,625
1780286400,51120.0,51137.0,51110.0,51133.0,300
1780290000,51133.0,51137.0,51116.0,51136.0,400
1780293600,51137.0,51137.0,51090.0,51105.0,808
1780297200,51106.0,51139.0,51085.0,51121.0,1368
1780300800,51121.0,51226.0,51119.0,51216.0,2150
1780304400,51217.0,51280.0,51192.0,51242.0,1700
1780308000,51244.0,51316.0,51240.0,51306.0,1331
1780311600,51305.0,51384.0,51297.0,51303.0,3003
1780315200,51303.0,51309.0,51185.0,51224.0,3676
1780318800,51222.0,51239.0,50858.0,51030.0,23249
1780322400,51021.0,51085.0,50824.0,50886.0,14740
1780326000,50886.0,51023.0,50845.0,50969.0,10232
1780329600,50971.0,51000.0,50867.0,50961.0,7797
1780333200,50961.0,51143.0,50897.0,51055.0,9030
1780336800,51055.0,51140.0,51054.0,51116.0,4510
1780340400,51114.0,51176.0,51085.0,51134.0,8224
1780344000,51135.0,51147.0,51106.0,51106.0,2518
1780351200,51073.0,51078.0,50998.0,51013.0,0
1780354800,51015.0,51026.0,50964.0,50985.0,680
1780358400,50988.0,50997.0,50878.0,50887.0,1609
1780362000,50892.0,50923.0,50871.0,50888.0,1252
1780365600,50894.0,50911.0,50890.0,50901.0,557
1780369200,50900.0,50931.0,50893.0,50929.0,523
1780372800,50927.0,50948.0,50915.0,50946.0,594
1780376400,50948.0,50977.0,50934.0,50950.0,725
1780380000,50950.0,51005.0,50943.0,50996.0,1088
1780383600,50997.0,51082.0,50995.0,51077.0,1569
1780387200,51078.0,51084.0,50989.0,51015.0,1989
1780390800,51015.0,51015.0,50907.0,50924.0,1508
1780394400,50926.0,50957.0,50903.0,50942.0,1136
1780398000,50941.0,50952.0,50891.0,50908.0,1375
1780401600,50906.0,50960.0,50864.0,50882.0,2595
1780405200,50884.0,51310.0,50841.0,50984.0,26779
1780408800,50992.0,51220.0,50941.0,51215.0,14147
1780412400,51216.0,51347.0,51198.0,51264.0,10148
1780416000,51262.0,51305.0,51212.0,51292.0,6045
1780419600,51293.0,51310.0,51255.0,51288.0,4773
1780423200,51289.0,51412.0,51283.0,51401.0,4987
1780426800,51401.0,51443.0,51360.0,51397.0,8214
1780430400,51397.0,51441.0,51395.0,51429.0,2561
1780437600,51396.0,51418.0,51370.0,51386.0,0
1780441200,51387.0,51409.0,51273.0,51402.0,2228
1780444800,51400.0,51418.0,51371.0,51380.0,894
1780448400,51379.0,51389.0,51359.0,51374.0,633
1780452000,51375.0,51388.0,51369.0,51376.0,419
1780455600,51376.0,51393.0,51372.0,51378.0,324
1780459200,51378.0,51385.0,51362.0,51367.0,324
1780462800,51367.0,51379.0,51338.0,51338.0,469
1780466400,51339.0,51348.0,51303.0,51321.0,1127
1780470000,51322.0,51324.0,51267.0,51284.0,1818
1780473600,51280.0,51283.0,51247.0,51261.0,1558
1780477200,51258.0,51263.0,51190.0,51192.0,1415
1780480800,51195.0,51277.0,51174.0,51230.0,2356
1780484400,51229.0,51287.0,51225.0,51252.0,1559
1780488000,51253.0,51261.0,51139.0,51180.0,2714
1780491600,51180.0,51264.0,51028.0,51081.0,20975
1780495200,51081.0,51126.0,50925.0,51000.0,14229
1780498800,50999.0,51011.0,50880.0,50941.0,10059
1780502400,50943.0,50970.0,50901.0,50936.0,6436
1780506000,50937.0,50975.0,50891.0,50951.0,5513
1780509600,50949.0,50975.0,50910.0,50918.0,4118
1780513200,50919.0,50923.0,50787.0,50808.0,12200
1780516800,50809.0,50821.0,50738.0,50760.0,5612
1780524000,50774.0,50850.0,50772.0,50841.0,0
1780527600,50844.0,50849.0,50780.0,50815.0,976
1780531200,50813.0,50847.0,50790.0,50820.0,1271
1780534800,50818.0,50845.0,50780.0,50797.0,756
1780538400,50803.0,50808.0,50756.0,50787.0,767
1780542000,50791.0,50805.0,50765.0,50793.0,368
1780545600,50799.0,50821.0,50788.0,50812.0,534
1780549200,50813.0,50815.0,50775.0,50804.0,398
1780552800,50802.0,50865.0,50797.0,50858.0,960
1780556400,50858.0,50935.0,50849.0,50912.0,1824
1780560000,50910.0,51008.0,50891.0,50906.0,2649
1780563600,50905.0,51048.0,50895.0,51028.0,2261
1780567200,51029.0,51068.0,50974.0,50999.0,2155
1780570800,50998.0,51219.0,50994.0,51209.0,4502
1780574400,51209.0,51333.0,51182.0,51280.0,5011
1780578000,51283.0,51545.0,51228.0,51532.0,27858
1780581600,51535.0,51576.0,51430.0,51522.0,17206
1780585200,51524.0,51676.0,51524.0,51625.0,11910
1780588800,51624.0,51727.0,51618.0,51679.0,7172
1780592400,51680.0,51685.0,51575.0,51605.0,7555
1780596000,51604.0,51685.0,51560.0,51678.0,8400
1780599600,51677.0,51752.0,51655.0,51661.0,13417
1780603200,51663.0,51688.0,51648.0,51664.0,3037
1780610400,51665.0,51682.0,51635.0,51679.0,0
1780614000,51680.0,51680.0,51633.0,51636.0,803
1780617600,51635.0,51636.0,51593.0,51623.0,1732
1780621200,51624.0,51646.0,51585.0,51618.0,1410
1780624800,51617.0,51650.0,51585.0,51597.0,1009
1780628400,51598.0,51620.0,51585.0,51605.0,543
1780632000,51607.0,51636.0,51596.0,51631.0,501
1780635600,51632.0,51655.0,51613.0,51636.0,869
1780639200,51635.0,51685.0,51633.0,51663.0,1400
1780642800,51663.0,51705.0,51632.0,51662.0,2479
1780646400,51659.0,51712.0,51639.0,51698.0,2143
1780650000,51699.0,51813.0,51688.0,51728.0,2886
1780653600,51726.0,51761.0,51716.0,51734.0,870
1780657200,51731.0,51770.0,51690.0,51713.0,2238
1780660800,51712.0,51849.0,51632.0,51698.0,4885
1780664400,51698.0,51760.0,51445.0,51471.0,23920
1780668000,51472.0,51584.0,51424.0,51504.0,18599
1780671600,51504.0,51530.0,51305.0,51305.0,12165
1780675200,51304.0,51338.0,51143.0,51256.0,13978
1780678800,51257.0,51271.0,51168.0,51240.0,8655
1780682400,51241.0,51250.0,50984.0,50993.0,13751
1780686000,50995.0,51042.0,50837.0,50932.0,21235
1780689600,50933.0,50936.0,50736.0,50936.0,6410
1780869600,50733.0,50907.0,50624.0,50714.0,2311
1780873200,50713.0,50883.0,50713.0,50859.0,1948
1780876800,50857.0,50913.0,50811.0,50874.0,2601
1780880400,50880.0,50891.0,50674.0,50798.0,3239
1780884000,50800.0,50854.0,50750.0,50831.0,1551
1780887600,50833.0,50867.0,50809.0,50853.0,599
1780891200,50859.0,50871.0,50762.0,50769.0,959
1780894800,50769.0,50805.0,50674.0,50705.0,1682
1780898400,50708.0,50796.0,50702.0,50740.0,2160
1780902000,50742.0,50873.0,50736.0,50823.0,2448
1780905600,50826.0,50840.0,50734.0,50775.0,3249
1780909200,50776.0,50920.0,50745.0,50885.0,1948
1780912800,50890.0,50967.0,50794.0,50905.0,2638
1780916400,50905.0,51112.0,50879.0,51051.0,5616
1780920000,51051.0,51128.0,51038.0,51041.0,4335
1780923600,51044.0,51331.0,50962.0,51031.0,23080
1780927200,51032.0,51163.0,50994.0,51161.0,15720
1780930800,51163.0,51187.0,50935.0,51007.0,11034
1780934400,51007.0,51071.0,50933.0,50946.0,6300
1780938000,50945.0,50949.0,50823.0,50878.0,7359
1780941600,50882.0,50993.0,50876.0,50914.0,6758
1780945200,50915.0,50941.0,50793.0,50852.0,11724
1780948800,50853.0,50869.0,50810.0,50825.0,2156
1780956000,50800.0,50856.0,50712.0,50820.0,0
1780959600,50820.0,50840.0,50753.0,50800.0,620
1780963200,50798.0,50807.0,50685.0,50720.0,1528
1780966800,50717.0,50885.0,50699.0,50844.0,1254
1780970400,50841.0,50875.0,50827.0,50857.0,625
1780974000,50859.0,50908.0,50853.0,50896.0,779
1780977600,50894.0,50931.0,50878.0,50911.0,635
1780981200,50914.0,50951.0,50902.0,50910.0,1241
1780984800,50911.0,50921.0,50851.0,50867.0,1244
1780988400,50869.0,50962.0,50834.0,50874.0,1949
1780992000,50873.0,50977.0,50843.0,50934.0,2195
1780995600,50935.0,51000.0,50931.0,50961.0,1229
1780999200,50962.0,51039.0,50849.0,50998.0,2761
1781002800,50996.0,51019.0,50914.0,50918.0,1551
1781006400,50918.0,51073.0,50917.0,51068.0,2720
1781010000,51072.0,51315.0,51025.0,51238.0,18577
1781013600,51242.0,51279.0,50726.0,50983.0,27583
1781017200,50982.0,51008.0,50488.0,50507.0,22062
1781020800,50510.0,50646.0,50262.0,50420.0,28975
1781024400,50422.0,50825.0,50401.0,50748.0,16499
1781028000,50750.0,50954.0,50734.0,50934.0,10289
1781031600,50935.0,50965.0,50728.0,50901.0,17606
1781035200,50898.0,50928.0,50849.0,50879.0,3531
1781042400,50843.0,50893.0,50737.0,50767.0,0
1781046000,50764.0,50808.0,50734.0,50802.0,966
1781049600,50806.0,50868.0,50746.0,50840.0,2004
1781053200,50844.0,50906.0,50831.0,50869.0,1835
1781056800,50866.0,50886.0,50828.0,50836.0,1143
1781060400,50835.0,50882.0,50807.0,50818.0,577
1781064000,50824.0,50825.0,50752.0,50760.0,899
1781067600,50756.0,50845.0,50751.0,50835.0,1072
1781071200,50837.0,50870.0,50785.0,50792.0,1221
1781074800,50792.0,50815.0,50733.0,50758.0,1739
1781078400,50759.0,50763.0,50560.0,50590.0,3259
1781082000,50583.0,50605.0,50478.0,50581.0,2590
1781085600,50584.0,50603.0,50475.0,50565.0,1890
1781089200,50569.0,50593.0,50316.0,50482.0,7809
1781092800,50480.0,50764.0,50460.0,50664.0,8584
1781096400,50663.0,50825.0,50537.0,50731.0,23403
1781100000,50733.0,50799.0,50406.0,50434.0,21053
1781103600,50435.0,50547.0,50193.0,50371.0,25767
1781107200,50374.0,50407.0,50251.0,50315.0,10951
1781110800,50316.0,50360.0,50132.0,50290.0,10905
1781114400,50292.0,50383.0,50117.0,50159.0,10664
1781118000,50160.0,50163.0,49966.0,49975.0,14795
1781121600,49977.0,49987.0,49873.0,49923.0,5537
1781128800,49883.0,49943.0,49808.0,49810.0,0
1781132400,49810.0,49916.0,49758.0,49837.0,3276
1781136000,49837.0,49974.0,49827.0,49941.0,3009
1781139600,49942.0,50102.0,49941.0,50002.0,2489
1781143200,50005.0,50057.0,49962.0,50024.0,1191
1781146800,50031.0,50111.0,49991.0,50101.0,938
1781150400,50104.0,50181.0,50087.0,50157.0,935
1781154000,50157.0,50161.0,50113.0,50146.0,810
1781157600,50147.0,50186.0,50050.0,50180.0,1983
1781161200,50181.0,50320.0,50180.0,50291.0,2294
1781164800,50288.0,50343.0,50268.0,50340.0,2831
1781168400,50335.0,50405.0,50317.0,50381.0,2069
1781172000,50380.0,50395.0,50313.0,50339.0,1818
1781175600,50341.0,50397.0,50294.0,50389.0,2817
1781179200,50388.0,50395.0,50124.0,50265.0,8814
1781182800,50262.0,50449.0,50151.0,50340.0,21592
1781186400,50346.0,50390.0,50136.0,50170.0,21715
1781190000,50168.0,50373.0,50098.0,50285.0,14386
1781193600,50285.0,50417.0,50230.0,50234.0,9302
1781197200,50231.0,50875.0,50163.0,50767.0,18776
1781200800,50765.0,50843.0,50635.0,50809.0,9570
1781204400,50808.0,51017.0,50788.0,50871.0,13349
1781208000,50870.0,50965.0,50856.0,50910.0,3135
1781215200,50910.0,50988.0,50891.0,50949.0,0
1781218800,50948.0,50988.0,50912.0,50964.0,435
1781222400,50958.0,50965.0,50887.0,50909.0,722
1781226000,50915.0,50929.0,50836.0,50924.0,587
1781229600,50926.0,50948.0,50910.0,50922.0,352
1781233200,50926.0,50927.0,50874.0,50919.0,264
1781236800,50919.0,50941.0,50881.0,50931.0,207
1781240400,50941.0,50943.0,50851.0,50884.0,529
1781244000,50898.0,50957.0,50865.0,50882.0,712
1781247600,50886.0,51406.0,50837.0,51352.0,3412
1781251200,51353.0,51590.0,51349.0,51518.0,1727
1781254800,51524.0,51723.0,51523.0,51653.0,2003
1781258400,51651.0,51677.0,51478.0,51517.0,2126
1781262000,51521.0,51652.0,51498.0,51622.0,1511
1781265600,51620.0,51631.0,51413.0,51416.0,3679
1781269200,51418.0,51631.0,51230.0,51306.0,14663
1781272800,51311.0,51747.0,51274.0,51725.0,14911
1781276400,51730.0,51821.0,51492.0,51509.0,9122
1781280000,51506.0,51677.0,51438.0,51593.0,8634
1781283600,51593.0,51694.0,51589.0,51607.0,4396
1781287200,51610.0,51703.0,51569.0,51628.0,3223
1781290800,51626.0,51682.0,51547.0,51603.0,7631
1781294400,51600.0,51661.0,51591.0,51605.0,2484
1781474400,51950.0,51962.0,51875.0,51913.0,517
1781478000,51913.0,51944.0,51846.0,51941.0,685
1781481600,51939.0,52005.0,51923.0,51994.0,1655
1781485200,51995.0,52043.0,51987.0,52019.0,964
1781488800,52018.0,52074.0,52018.0,52071.0,651
1781492400,52070.0,52080.0,52043.0,52053.0,486
1781496000,52056.0,52110.0,52039.0,52105.0,477
1781499600,52105.0,52151.0,52099.0,52134.0,1122
1781503200,52137.0,52152.0,52088.0,52098.0,1221
1781506800,52098.0,52161.0,52074.0,52104.0,1885
1781510400,52100.0,52133.0,52041.0,52078.0,1920
1781514000,52083.0,52116.0,52012.0,52024.0,1656
1781517600,52023.0,52064.0,52015.0,52054.0,1036
1781521200,52055.0,52154.0,52047.0,52096.0,2795
1781524800,52099.0,52179.0,52052.0,52179.0,4181
1781528400,52179.0,52310.0,52122.0,52248.0,20777
1781532000,52247.0,52291.0,52127.0,52269.0,21344
1781535600,52270.0,52365.0,52256.0,52343.0,13731
1781539200,52343.0,52378.0,52311.0,52341.0,7211
1781542800,52339.0,52380.0,52261.0,52275.0,9033
1781546400,52276.0,52280.0,52195.0,52222.0,5399
1781550000,52224.0,52267.0,52087.0,52150.0,15476
1781553600,52151.0,52167.0,52122.0,52134.0,2699
1781560800,52147.0,52162.0,52095.0,52105.0,0
1781564400,52103.0,52120.0,52080.0,52107.0,516
1781568000,52107.0,52146.0,52093.0,52126.0,669
1781571600,52128.0,52152.0,52117.0,52125.0,457
1781575200,52127.0,52158.0,52118.0,52145.0,310
1781578800,52149.0,52175.0,52143.0,52146.0,399
1781582400,52151.0,52152.0,52114.0,52132.0,349
1781586000,52139.0,52185.0,52125.0,52145.0,646
1781589600,52144.0,52183.0,52136.0,52180.0,513
1781593200,52180.0,52240.0,52180.0,52207.0,1593
1781596800,52210.0,52238.0,52155.0,52166.0,2249
1781600400,52165.0,52192.0,52135.0,52158.0,1215
1781604000,52161.0,52196.0,52160.0,52193.0,1309
1781607600,52194.0,52199.0,52157.0,52169.0,1866
1781611200,52174.0,52282.0,52164.0,52263.0,3704
1781614800,52261.0,52538.0,52245.0,52349.0,20223
1781618400,52349.0,52523.0,52332.0,52464.0,16631
1781622000,52464.0,52588.0,52413.0,52561.0,12754
1781625600,52559.0,52638.0,52557.0,52615.0,9279
1781629200,52614.0,52634.0,52551.0,52559.0,7462
1781632800,52556.0,52571.0,52519.0,52534.0,8369
1781636400,52532.0,52532.0,52444.0,52478.0,13870
1781640000,52476.0,52483.0,52428.0,52466.0,3355
1781647200,52408.0,52522.0,52408.0,52521.0,0
1781650800,52520.0,52527.0,52509.0,52513.0,438
1781654400,52515.0,52542.0,52515.0,52528.0,569
1781658000,52528.0,52568.0,52519.0,52547.0,726
1781661600,52548.0,52551.0,52508.0,52523.0,548
1781665200,52522.0,52543.0,52505.0,52540.0,406
1781668800,52537.0,52544.0,52500.0,52515.0,399
1781672400,52515.0,52520.0,52483.0,52490.0,573
1781676000,52492.0,52522.0,52463.0,52511.0,1505
1781679600,52510.0,52534.0,52454.0,52463.0,1564
1781683200,52463.0,52472.0,52397.0,52458.0,1864
1781686800,52460.0,52492.0,52435.0,52443.0,1192
1781690400,52445.0,52488.0,52407.0,52441.0,1620
1781694000,52436.0,52479.0,52414.0,52433.0,1279
1781697600,52435.0,52465.0,52407.0,52454.0,1692
1781701200,52454.0,52663.0,52411.0,52636.0,15087
1781704800,52639.0,52734.0,52473.0,52555.0,18466
1781708400,52555.0,52728.0,52530.0,52669.0,8867
1781712000,52674.0,52700.0,52620.0,52658.0,4634
1781715600,52656.0,52657.0,52539.0,52634.0,5503
1781719200,52635.0,52635.0,52236.0,52329.0,23123
1781722800,52327.0,52393.0,51839.0,51944.0,23977
1781726400,51944.0,52064.0,51929.0,52049.0,4253
1781733600,52060.0,52081.0,52010.0,52071.0,0
1781737200,52072.0,52177.0,52067.0,52175.0,1045
1781740800,52176.0,52273.0,52167.0,52204.0,1943
1781744400,52207.0,52259.0,52201.0,52228.0,732
1781748000,52232.0,52246.0,52220.0,52241.0,378
1781751600,52242.0,52253.0,52211.0,52242.0,522
1781755200,52243.0,52254.0,52192.0,52192.0,608
1781758800,52191.0,52214.0,52176.0,52183.0,637
1781762400,52184.0,52250.0,52159.0,52249.0,1199
1781766000,52250.0,52256.0,52194.0,52234.0,1427
1781769600,52237.0,52283.0,52136.0,52150.0,2181
1781773200,52154.0,52262.0,52138.0,52248.0,1098
1781776800,52248.0,52260.0,52150.0,52155.0,1188
1781780400,52162.0,52162.0,52006.0,52048.0,2646
1781784000,52046.0,52233.0,52041.0,52208.0,2629
1781787600,52206.0,52378.0,52116.0,52152.0,19771
1781791200,52156.0,52228.0,52005.0,52212.0,12889
1781794800,52212.0,52219.0,52023.0,52083.0,7443
1781798400,52085.0,52103.0,52016.0,52064.0,4940
1781802000,52061.0,52202.0,52048.0,52076.0,5467
1781805600,52077.0,52081.0,52022.0,52037.0,4514
1781809200,52036.0,52085.0,51964.0,51975.0,13203
1781812800,51975.0,52088.0,51967.0,52053.0,2758
1781820000,52085.0,52085.0,51968.0,51974.0,0
1781823600,51978.0,52015.0,51968.0,52006.0,367
1781827200,52005.0,52006.0,51960.0,51968.0,577
1781830800,51968.0,51980.0,51905.0,51908.0,470
1781834400,51910.0,51913.0,51860.0,51888.0,471
1781838000,51889.0,51899.0,51842.0,51875.0,422
1782079200,51870.0,51888.0,51712.0,51846.0,1205
1782082800,51842.0,51888.0,51735.0,51760.0,1216
1782086400,51762.0,51919.0,51743.0,51913.0,1509
1782090000,51918.0,51964.0,51888.0,51941.0,701
1782093600,51943.0,51947.0,51842.0,51853.0,755
1782097200,51855.0,51888.0,51836.0,51841.0,576
1782100800,51844.0,51888.0,51804.0,51821.0,654
1782104400,51821.0,51905.0,51821.0,51897.0,613
1782108000,51897.0,51981.0,51888.0,51976.0,1108
1782111600,51977.0,52000.0,51888.0,51948.0,1080
1782115200,51953.0,51973.0,51888.0,51966.0,1480
1782118800,51969.0,52037.0,51888.0,51966.0,1438
1782122400,51967.0,52031.0,51888.0,52001.0,1146
1782126000,51994.0,52101.0,51888.0,52048.0,2816
1782129600,52047.0,52124.0,51888.0,52043.0,1915
1782133200,52045.0,52298.0,51888.0,52256.0,15128
1782136800,52256.0,52305.0,51888.0,52136.0,12014
1782140400,52136.0,52199.0,51888.0,52168.0,8180
1782144000,52168.0,52202.0,51888.0,52167.0,5151
1782147600,52168.0,52179.0,51888.0,52113.0,3132
1782151200,52110.0,52174.0,51888.0,52026.0,3789
1782154800,52028.0,52138.0,51888.0,52113.0,8382
1782158400,52114.0,52197.0,51888.0,51888.0,2393
1782165600,52165.0,52207.0,52128.0,52145.0,0
1782169200,52144.0,52154.0,52109.0,52152.0,461
1782172800,52150.0,52259.0,52133.0,52250.0,1887
1782176400,52254.0,52260.0,52117.0,52172.0,1335
1782180000,52176.0,52195.0,52127.0,52136.0,866
1782183600,52135.0,52138.0,52046.0,52090.0,1190
1782187200,52102.0,52122.0,51984.0,51991.0,866
1782190800,51992.0,52027.0,51918.0,51943.0,1328
1782194400,51945.0,51964.0,51855.0,51861.0,2265
1782198000,51862.0,51866.0,51695.0,51730.0,3365
1782201600,51736.0,51822.0,51691.0,51779.0,4159
1782205200,51780.0,51877.0,51763.0,51869.0,2063
1782208800,51868.0,51941.0,51814.0,51842.0,2054
1782212400,51841.0,51966.0,51820.0,51922.0,2716
1782216000,51922.0,51948.0,51844.0,51892.0,2735
1782219600,51892.0,52090.0,51693.0,51931.0,17902
1782223200,51933.0,52206.0,51912.0,52168.0,12827
1782226800,52169.0,52177.0,52021.0,52142.0,7537
1782230400,52144.0,52267.0,52135.0,52231.0,4886
1782234000,52232.0,52281.0,52161.0,52177.0,4007
1782237600,52179.0,52214.0,52044.0,52087.0,5559
1782241200,52089.0,52160.0,52049.0,52069.0,11225
1782244800,52069.0,52128.0,52054.0,52128.0,1787
1782252000,52119.0,52119.0,52014.0,52040.0,0
1782255600,52041.0,52115.0,51970.0,52089.0,1058
1782259200,52087.0,52125.0,52034.0,52062.0,1294
1782262800,52063.0,52079.0,52022.0,52062.0,882
1782266400,52060.0,52085.0,52000.0,52001.0,930
1782270000,52003.0,52090.0,51982.0,52073.0,716
1782273600,52069.0,52088.0,52017.0,52048.0,704
1782277200,52052.0,52058.0,52005.0,52032.0,646
1782280800,52029.0,52036.0,51982.0,52014.0,651
1782284400,52013.0,52040.0,51961.0,51983.0,1240
1782288000,51986.0,52037.0,51982.0,52012.0,955
1782291600,52015.0,52038.0,51965.0,52006.0,978
1782295200,52005.0,52081.0,51971.0,52017.0,1197
1782298800,52022.0,52174.0,52019.0,52171.0,1464
1782302400,52171.0,52176.0,52030.0,52045.0,1810
1782306000,52046.0,52258.0,51933.0,52145.0,16187
1782309600,52148.0,52509.0,52131.0,52507.0,13876
1782313200,52508.0,52676.0,52464.0,52577.0,9551
1782316800,52577.0,52608.0,52449.0,52466.0,5827
1782320400,52470.0,52490.0,52158.0,52204.0,9778
1782324000,52208.0,52417.0,52192.0,52305.0,6434
1782327600,52306.0,52375.0,52189.0,52284.0,10892
1782331200,52285.0,52417.0,52256.0,52394.0,6217
1782338400,52381.0,52401.0,52302.0,52308.0,0
1782342000,52307.0,52357.0,52292.0,52325.0,669
1782345600,52330.0,52334.0,52236.0,52245.0,1431
1782349200,52246.0,52299.0,52230.0,52259.0,739
1782352800,52251.0,52292.0,52247.0,52280.0,555
1782356400,52278.0,52299.0,52257.0,52297.0,437
1782360000,52299.0,52300.0,52215.0,52227.0,761
1782363600,52232.0,52285.0,52230.0,52268.0,459
1782367200,52270.0,52363.0,52270.0,52330.0,954
1782370800,52331.0,52362.0,52325.0,52342.0,786
1782374400,52345.0,52362.0,52293.0,52304.0,1050
1782378000,52305.0,52356.0,52298.0,52336.0,507
1782381600,52337.0,52462.0,52336.0,52420.0,1914
1782385200,52423.0,52430.0,52337.0,52338.0,1081
1782388800,52338.0,52463.0,52307.0,52408.0,2672
1782392400,52406.0,52681.0,52399.0,52463.0,17653
1782396000,52468.0,53097.0,52458.0,52903.0,23827
1782399600,52905.0,52935.0,52609.0,52667.0,15082
1782403200,52671.0,52746.0,52437.0,52465.0,7861
1782406800,52464.0,52520.0,52339.0,52439.0,7306
1782410400,52440.0,52571.0,52304.0,52393.0,8898
1782414000,52392.0,52426.0,52289.0,52366.0,10615
1782417600,52365.0,52526.0,52361.0,52446.0,3365
1782424800,52439.0,52449.0,52400.0,52427.0,0
1782428400,52429.0,52526.0,52361.0,52386.0,1418
1782432000,52392.0,52472.0,52378.0,52432.0,1259
1782435600,52434.0,52460.0,52314.0,52335.0,1397
1782439200,52340.0,52345.0,52226.0,52237.0,1626
1782442800,52237.0,52262.0,52188.0,52262.0,1437
1782446400,52278.0,52285.0,52218.0,52226.0,1178
1782450000,52226.0,52280.0,52166.0,52229.0,1377
1782453600,52222.0,52423.0,52215.0,52396.0,1715
1782457200,52399.0,52446.0,52343.0,52435.0,1357
1782460800,52433.0,52457.0,52280.0,52317.0,2191
1782464400,52319.0,52342.0,52255.0,52292.0,1769
1782468000,52290.0,52300.0,52234.0,52283.0,1150
1782471600,52286.0,52315.0,52242.0,52279.0,1683
1782475200,52278.0,52394.0,52191.0,52246.0,3011
1782478800,52250.0,52254.0,52008.0,52197.0,19897
1782482400,52190.0,52432.0,52182.0,52288.0,14243
1782486000,52289.0,52542.0,52274.0,52501.0,10009
1782489600,52505.0,52507.0,52244.0,52375.0,7144
1782493200,52378.0,52475.0,52292.0,52311.0,4663
1782496800,52313.0,52369.0,52219.0,52239.0,4606
1782500400,52242.0,52322.0,52128.0,52176.0,12961
1782504000,52178.0,52309.0,52144.0,52209.0,5399
1782684000,52324.0,52349.0,52294.0,52337.0,467
1782687600,52333.0,52450.0,52325.0,52404.0,558
1782691200,52401.0,52404.0,52306.0,52367.0,2246
1782694800,52369.0,52376.0,52273.0,52328.0,900
1782698400,52329.0,52371.0,52259.0,52363.0,736
1782702000,52362.0,52400.0,52310.0,52383.0,567
1782705600,52382.0,52382.0,52341.0,52360.0,464
1782709200,52361.0,52439.0,52350.0,52432.0,935
1782712800,52432.0,52433.0,52343.0,52354.0,886
1782716400,52353.0,52419.0,52290.0,52412.0,1131
1782720000,52413.0,52468.0,52359.0,52364.0,1048
1782723600,52365.0,52421.0,52336.0,52371.0,786
1782727200,52376.0,52454.0,52342.0,52448.0,861
1782730800,52451.0,52499.0,52403.0,52465.0,1663
1782734400,52465.0,52472.0,52388.0,52459.0,1579
1782738000,52464.0,52684.0,52380.0,52552.0,19989
1782741600,52553.0,52700.0,52324.0,52596.0,19663
1782745200,52599.0,52602.0,52433.0,52489.0,7717
1782748800,52491.0,52542.0,52454.0,52491.0,4201
1782752400,52491.0,52628.0,52487.0,52614.0,5407
1782756000,52614.0,52656.0,52597.0,52612.0,4209
1782759600,52614.0,52627.0,52533.0,52552.0,8613
1782763200,52551.0,52580.0,52530.0,52530.0,2424
1782770400,52554.0,52560.0,52519.0,52530.0,0
1782774000,52529.0,52556.0,52494.0,52520.0,288
1782777600,52515.0,52529.0,52468.0,52517.0,677
1782781200,52519.0,52558.0,52491.0,52545.0,687
1782784800,52549.0,52549.0,52497.0,52510.0,431
1782788400,52510.0,52589.0,52506.0,52566.0,418
1782792000,52562.0,52606.0,52562.0,52578.0,593
1782795600,52580.0,52601.0,52567.0,52589.0,474
1782799200,52588.0,52604.0,52555.0,52604.0,541
1782802800,52603.0,52639.0,52578.0,52590.0,787
1782806400,52590.0,52621.0,52543.0,52594.0,1410
1782810000,52593.0,52700.0,52589.0,52666.0,1719
1782813600,52668.0,52689.0,52606.0,52672.0,2053
1782817200,52671.0,52714.0,52610.0,52614.0,1931
1782820800,52615.0,52615.0,52493.0,52546.0,2789
1782824400,52548.0,52663.0,52383.0,52610.0,17644
1782828000,52619.0,52733.0,52548.0,52612.0,10665
1782831600,52613.0,52728.0,52604.0,52679.0,5875
1782835200,52679.0,52763.0,52673.0,52743.0,4503
1782838800,52743.0,52763.0,52697.0,52701.0,3158
1782842400,52702.0,52737.0,52671.0,52713.0,2802
1782846000,52710.0,52754.0,52645.0,52665.0,10223
1782849600,52666.0,52706.0,52560.0,52567.0,3165
1782856800,52546.0,52609.0,52546.0,52576.0,0
1782860400,52578.0,52586.0,52560.0,52573.0,362
1782864000,52574.0,52625.0,52573.0,52609.0,687
1782867600,52608.0,52613.0,52529.0,52535.0,792
1782871200,52536.0,52545.0,52467.0,52493.0,889
1782874800,52493.0,52510.0,52464.0,52499.0,368
1782878400,52497.0,52530.0,52484.0,52510.0,252
1782882000,52509.0,52519.0,52485.0,52498.0,260
1782885600,52501.0,52532.0,52486.0,52514.0,723
1782889200,52512.0,52533.0,52427.0,52494.0,1268
1782892800,52497.0,52571.0,52478.0,52560.0,1280
1782896400,52559.0,52562.0,52510.0,52548.0,801
1782900000,52547.0,52573.0,52504.0,52554.0,1082
1782903600,52556.0,52586.0,52503.0,52518.0,1344
1782907200,52520.0,52552.0,52461.0,52527.0,4055
1782910800,52529.0,52654.0,52381.0,52626.0,19700
1782914400,52643.0,52807.0,52588.0,52803.0,10830
1782918000,52805.0,52989.0,52760.0,52985.0,9452
1782921600,52987.0,53105.0,52864.0,52865.0,8750
1782925200,52867.0,52897.0,52760.0,52769.0,5631
1782928800,52769.0,52791.0,52691.0,52722.0,4851
1782932400,52725.0,52747.0,52654.0,52663.0,8435
1782936000,52663.0,52666.0,52569.0,52603.0,3052
1782943200,52640.0,52640.0,52574.0,52621.0,0
1782946800,52616.0,52628.0,52582.0,52604.0,378
1782950400,52605.0,52615.0,52562.0,52610.0,1229
1782954000,52609.0,52694.0,52609.0,52679.0,1038
1782957600,52679.0,52720.0,52677.0,52718.0,464
1782961200,52718.0,52735.0,52704.0,52720.0,628
1782964800,52718.0,52719.0,52666.0,52687.0,448
1782968400,52686.0,52703.0,52650.0,52654.0,644
1782972000,52650.0,52664.0,52589.0,52592.0,1313
1782975600,52591.0,52653.0,52551.0,52632.0,1701
1782979200,52634.0,52720.0,52616.0,52686.0,1642
1782982800,52686.0,52712.0,52662.0,52698.0,789
1782986400,52700.0,52771.0,52681.0,52759.0,1102
1782990000,52759.0,52781.0,52729.0,52730.0,1264
1782993600,52729.0,52945.0,52712.0,52868.0,4571
1782997200,52872.0,53127.0,52804.0,53032.0,18414
1783000800,53037.0,53141.0,52925.0,53115.0,15244
1783004400,53116.0,53119.0,52921.0,53009.0,11181
1783008000,53009.0,53039.0,52922.0,52958.0,6693
1783011600,52957.0,52961.0,52768.0,52786.0,6566
1783015200,52785.0,53038.0,52766.0,52998.0,5771
1783018800,53000.0,53218.0,52914.0,53172.0,13406
1783022400,53172.0,53179.0,53139.0,53169.0,3299
1783029600,53152.0,53195.0,53134.0,53193.0,0
1783033200,53191.0,53226.0,53178.0,53220.0,525
1783036800,53218.0,53278.0,53190.0,53262.0,1132
1783040400,53264.0,53400.0,53256.0,53353.0,1245
1783044000,53357.0,53371.0,53315.0,53336.0,637
1783047600,53334.0,53340.0,53302.0,53336.0,480
1783288800,53230.0,53231.0,53140.0,53182.0,436
1783292400,53181.0,53257.0,53162.0,53255.0,617
1783296000,53257.0,53296.0,53162.0,53275.0,1667
1783299600,53275.0,53277.0,53162.0,53240.0,1071
1783303200,53242.0,53248.0,53162.0,53162.0,860
1783306800,53190.0,53190.0,53153.0,53162.0,766
1783310400,53165.0,53192.0,53148.0,53180.0,586
1783314000,53183.0,53213.0,53162.0,53180.0,582
1783317600,53182.0,53201.0,53162.0,53195.0,590
1783321200,53196.0,53299.0,53162.0,53294.0,1194
1783324800,53291.0,53310.0,53162.0,53240.0,1326
1783328400,53241.0,53242.0,53162.0,53206.0,917
1783332000,53206.0,53241.0,53162.0,53185.0,878
1783335600,53186.0,53205.0,53107.0,53118.0,1694
1783339200,53117.0,53164.0,53099.0,53132.0,2187
1783342800,53138.0,53382.0,53039.0,53072.0,17336
1783346400,53072.0,53192.0,52962.0,53192.0,11639
1783350000,53193.0,53228.0,53143.0,53181.0,5546
1783353600,53180.0,53243.0,53143.0,53207.0,3731
1783357200,53209.0,53280.0,53162.0,53218.0,3973
1783360800,53225.0,53331.0,53162.0,53330.0,3222
1783364400,53331.0,53385.0,53162.0,53382.0,8120
1783368000,53383.0,53421.0,53162.0,53162.0,2732
1783375200,53405.0,53438.0,53400.0,53425.0,0
1783378800,53426.0,53440.0,53352.0,53365.0,618
1783382400,53363.0,53420.0,53355.0,53393.0,917
1783386000,53395.0,53471.0,53390.0,53439.0,1096
1783389600,53438.0,53448.0,53408.0,53408.0,545
1783393200,53407.0,53443.0,53406.0,53419.0,616
1783396800,53426.0,53435.0,53365.0,53381.0,581
1783400400,53380.0,53409.0,53360.0,53407.0,819
1783404000,53405.0,53412.0,53341.0,53389.0,992
1783407600,53389.0,53478.0,53374.0,53442.0,1124
1783411200,53444.0,53520.0,53413.0,53462.0,1436
1783414800,53462.0,53502.0,53442.0,53488.0,802
1783418400,53486.0,53499.0,53408.0,53437.0,957
1783422000,53441.0,53533.0,53420.0,53518.0,1683
1783425600,53517.0,53622.0,53499.0,53590.0,3189
1783429200,53592.0,53656.0,53336.0,53369.0,20315
1783432800,53369.0,53405.0,53183.0,53187.0,15655
1783436400,53186.0,53192.0,53076.0,53179.0,7495
1783440000,53180.0,53221.0,53151.0,53198.0,4897
1783443600,53200.0,53252.0,53155.0,53214.0,3349
1783447200,53217.0,53263.0,53180.0,53201.0,6118
1783450800,53200.0,53265.0,53125.0,53208.0,11123
1783454400,53209.0,53211.0,53150.0,53195.0,2942
1783461600,53166.0,53193.0,53132.0,53168.0,0
1783465200,53197.0,53197.0,53129.0,53135.0,800
1783468800,53135.0,53197.0,53095.0,53195.0,1544
1783472400,53198.0,53207.0,53156.0,53168.0,691
1783476000,53167.0,53174.0,53115.0,53134.0,741
1783479600,53141.0,53171.0,53138.0,53139.0,533
1783483200,53138.0,53168.0,53130.0,53155.0,366
1783486800,53154.0,53165.0,53093.0,53113.0,567
1783490400,53117.0,53118.0,53026.0,53055.0,1300
1783494000,53057.0,53197.0,52978.0,52992.0,1607
1783497600,52996.0,53009.0,52545.0,52552.0,7021
1783501200,52553.0,52576.0,52471.0,52500.0,3689
1783504800,52504.0,52660.0,52470.0,52622.0,2566
1783508400,52624.0,52771.0,52573.0,52690.0,3919
1783512000,52687.0,52816.0,52655.0,52697.0,3483
1783515600,52700.0,52794.0,52601.0,52658.0,15962
1783519200,52657.0,52747.0,52423.0,52465.0,13889
1783522800,52468.0,52476.0,52343.0,52387.0,8636
1783526400,52387.0,52612.0,52384.0,52588.0,7240
1783530000,52588.0,52691.0,52563.0,52600.0,4319
1783533600,52597.0,52680.0,52575.0,52656.0,2980
1783537200,52658.0,52667.0,52574.0,52621.0,8496
1783540800,52622.0,52626.0,52534.0,52561.0,2179
1783548000,52541.0,52591.0,52530.0,52574.0,0
1783551600,52574.0,52601.0,52564.0,52599.0,376
1783555200,52597.0,52660.0,52576.0,52656.0,1032
1783558800,52657.0,52685.0,52637.0,52671.0,941
1783562400,52672.0,52698.0,52645.0,52655.0,763
1783566000,52658.0,52701.0,52639.0,52691.0,543
1783569600,52695.0,52724.0,52685.0,52718.0,371
1783573200,52719.0,52754.0,52670.0,52753.0,869
1783576800,52752.0,52760.0,52690.0,52704.0,911
1783580400,52705.0,52736.0,52674.0,52699.0,1117
1783584000,52699.0,52714.0,52636.0,52668.0,1057
1783587600,52668.0,52672.0,52568.0,52625.0,602
1783591200,52623.0,52637.0,52501.0,52561.0,1478
1783594800,52564.0,52596.0,52528.0,52590.0,1625
1783598400,52587.0,52686.0,52583.0,52646.0,1636
1783602000,52646.0,52749.0,52549.0,52679.0,14259
1783605600,52681.0,52778.0,52624.0,52775.0,9260
1783609200,52777.0,52853.0,52716.0,52774.0,5352
1783612800,52775.0,52865.0,52775.0,52802.0,3585
1783616400,52803.0,52847.0,52782.0,52817.0,3516
1783620000,52816.0,52853.0,52740.0,52755.0,3646
1783623600,52756.0,52776.0,52698.0,52768.0,9156
1783627200,52770.0,52786.0,52711.0,52715.0,1995
1783634400,52753.0,52756.0,52710.0,52745.0,0
1783638000,52749.0,52767.0,52732.0,52751.0,237
1783641600,52750.0,52753.0,52714.0,52732.0,709
1783645200,52733.0,52744.0,52721.0,52732.0,583
1783648800,52732.0,52746.0,52716.0,52743.0,485
1783652400,52743.0,52762.0,52730.0,52738.0,342
1783656000,52736.0,52741.0,52704.0,52711.0,345
1783659600,52708.0,52746.0,52705.0,52743.0,368
1783663200,52745.0,52818.0,52745.0,52786.0,1126
1783666800,52788.0,52847.0,52781.0,52807.0,1158
1783670400,52809.0,52869.0,52769.0,52799.0,2111
1783674000,52799.0,52849.0,52780.0,52818.0,813
1783677600,52822.0,52895.0,52822.0,52883.0,1301
1783681200,52882.0,52887.0,52801.0,52823.0,1279
1783684800,52824.0,52952.0,52785.0,52886.0,3138
1783688400,52884.0,52937.0,52771.0,52815.0,12103
1783692000,52814.0,52860.0,52506.0,52786.0,13727
1783695600,52787.0,52929.0,52779.0,52867.0,6673
1783699200,52867.0,52911.0,52813.0,52898.0,3118
1783702800,52900.0,52943.0,52879.0,52905.0,2626
1783706400,52908.0,52955.0,52886.0,52945.0,3181
1783710000,52945.0,52985.0,52893.0,52915.0,7178
1783713600,52916.0,52992.0,52906.0,52906.0,1828
1783893600,52800.0,52821.0,52751.0,52816.0,499
1783897200,52815.0,52819.0,52774.0,52805.0,323
1783900800,52806.0,52843.0,52761.0,52777.0,1569
1783904400,52776.0,52777.0,52722.0,52739.0,1113
1783908000,52742.0,52744.0,52712.0,52717.0,566
1783911600,52718.0,52718.0,52689.0,52692.0,433
1783915200,52696.0,52713.0,52675.0,52689.0,558
1783918800,52685.0,52723.0,52656.0,52708.0,1107
1783922400,52710.0,52831.0,52707.0,52830.0,1087
1783926000,52830.0,52893.0,52800.0,52850.0,1703
1783929600,52853.0,52947.0,52846.0,52945.0,1343
1783933200,52949.0,52983.0,52923.0,52924.0,932
1783936800,52926.0,52928.0,52880.0,52893.0,890
1783940400,52896.0,52912.0,52830.0,52845.0,1200
1783944000,52843.0,52883.0,52805.0,52883.0,1617
1783947600,52883.0,53111.0,52856.0,53086.0,14980
1783951200,53088.0,53113.0,52769.0,52831.0,13072
1783954800,52833.0,52858.0,52744.0,52752.0,4330
1783958400,52752.0,52768.0,52603.0,52711.0,6494
1783962000,52711.0,52790.0,52706.0,52714.0,3960
1783965600,52718.0,52784.0,52693.0,52751.0,3320
1783969200,52752.0,52785.0,52674.0,52764.0,8420
1783972800,52765.0,52765.0,52680.0,52720.0,2115
1783980000,52731.0,52756.0,52691.0,52695.0,0
1783983600,52692.0,52695.0,52641.0,52693.0,516
1783987200,52695.0,52719.0,52570.0,52643.0,1633
1783990800,52647.0,52677.0,52602.0,52615.0,665
1783994400,52615.0,52655.0,52580.0,52586.0,643
1783998000,52584.0,52607.0,52559.0,52597.0,869
1784001600,52597.0,52693.0,52577.0,52683.0,689
1784005200,52682.0,52743.0,52674.0,52716.0,1162
1784008800,52715.0,52737.0,52634.0,52635.0,908
1784012400,52634.0,52693.0,52570.0,52632.0,1268
1784016000,52632.0,52648.0,52558.0,52586.0,1166
1784019600,52582.0,52668.0,52564.0,52641.0,1035
1784023200,52645.0,52767.0,52561.0,52582.0,5589
1784026800,52583.0,52607.0,52255.0,52462.0,9595
1784030400,52461.0,52895.0,52413.0,52628.0,9487
1784034000,52629.0,52887.0,52570.0,52820.0,18419
1784037600,52819.0,52981.0,52748.0,52763.0,13538
1784041200,52763.0,52875.0,52580.0,52664.0,10091
1784044800,52665.0,52703.0,52595.0,52668.0,4784
1784048400,52668.0,52732.0,52652.0,52682.0,3163
1784052000,52682.0,52749.0,52655.0,52740.0,3916
1784055600,52741.0,52824.0,52733.0,52780.0,7495
1784059200,52782.0,52812.0,52773.0,52811.0,1542
1784066400,52792.0,52815.0,52759.0,52792.0,0
1784070000,52791.0,52869.0,52788.0,52859.0,514
1784073600,52864.0,52869.0,52775.0,52825.0,802
1784077200,52826.0,52839.0,52799.0,52822.0,366
1784080800,52821.0,52847.0,52812.0,52826.0,398
1784084400,52825.0,52849.0,52822.0,52845.0,303
1784088000,52846.0,52864.0,52838.0,52849.0,552
1784091600,52851.0,52872.0,52816.0,52845.0,692
1784095200,52844.0,52844.0,52786.0,52791.0,888
1784098800,52793.0,52793.0,52700.0,52750.0,1519
1784102400,52753.0,52888.0,52747.0,52881.0,2076
1784106000,52880.0,52924.0,52869.0,52877.0,1039
1784109600,52879.0,52903.0,52772.0,52811.0,2073
1784113200,52808.0,52824.0,52742.0,52810.0,1382
1784116800,52810.0,52940.0,52766.0,52889.0,2385
1784120400,52892.0,53088.0,52763.0,52946.0,16938
1784124000,52947.0,53085.0,52903.0,52958.0,11955
1784127600,52959.0,52994.0,52881.0,52888.0,5936
1784131200,52889.0,52897.0,52680.0,52793.0,8466
1784134800,52792.0,52928.0,52763.0,52918.0,3995
1784138400,52921.0,52951.0,52856.0,52861.0,3523
1784142000,52860.0,52921.0,52835.0,52913.0,6670
1784145600,52915.0,52941.0,52883.0,52897.0,1838
1784152800,52919.0,52938.0,52889.0,52911.0,0
1784156400,52907.0,52938.0,52900.0,52909.0,192
1784160000,52907.0,52965.0,52907.0,52921.0,731
1784163600,52927.0,52927.0,52875.0,52884.0,591
1784167200,52881.0,52924.0,52854.0,52924.0,469
1784170800,52925.0,52969.0,52919.0,52959.0,486
1784174400,52957.0,52971.0,52938.0,52954.0,297
1784178000,52957.0,52994.0,52927.0,52931.0,862
1784181600,52933.0,52964.0,52897.0,52945.0,1138
1784185200,52942.0,52947.0,52832.0,52846.0,1491
1784188800,52847.0,52931.0,52841.0,52902.0,1281
1784192400,52904.0,53057.0,52835.0,53025.0,3141
1784196000,53026.0,53053.0,52966.0,52987.0,2307
1784199600,52992.0,53037.0,52860.0,52981.0,3205
1784203200,52980.0,53002.0,52880.0,52908.0,3372
1784206800,52907.0,53086.0,52850.0,52865.0,16292
1784210400,52866.0,53066.0,52857.0,53053.0,11148
1784214000,53052.0,53108.0,52986.0,53009.0,7484
1784217600,53009.0,53016.0,52825.0,52958.0,7473
1784221200,52957.0,52977.0,52770.0,52780.0,4817
1784224800,52780.0,52786.0,52686.0,52715.0,5510
1784228400,52713.0,52795.0,52607.0,52786.0,9505
1784232000,52784.0,52786.0,52727.0,52743.0,2208
1784239200,52778.0,52789.0,52720.0,52726.0,0
1784242800,52730.0,52730.0,52684.0,52693.0,477
1784246400,52694.0,52705.0,52597.0,52613.0,1252
1784250000,52617.0,52620.0,52501.0,52513.0,1153
1784253600,52517.0,52526.0,52466.0,52491.0,1042
1784257200,52494.0,52532.0,52448.0,52452.0,879
1784260800,52451.0,52451.0,52360.0,52387.0,1538
1784264400,52386.0,52395.0,52323.0,52389.0,1450
1784268000,52388.0,52489.0,52388.0,52444.0,1843
1784271600,52444.0,52537.0,52430.0,52515.0,1669
1784275200,52514.0,52564.0,52391.0,52421.0,3482
1784278800,52420.0,52452.0,52368.0,52432.0,1984
1784282400,52431.0,52574.0,52409.0,52516.0,3687
1784286000,52514.0,52546.0,52441.0,52506.0,2489
1784289600,52504.0,52516.0,52355.0,52369.0,3138
1784293200,52370.0,52732.0,52174.0,52710.0,27596
1784296800,52705.0,52835.0,52679.0,52728.0,15158
1784300400,52732.0,52770.0,52613.0,52744.0,9387
1784304000,52746.0,52755.0,52565.0,52583.0,8321
1784307600,52585.0,52620.0,52466.0,52478.0,5785
1784311200,52478.0,52504.0,52388.0,52440.0,5882
1784314800,52440.0,52451.0,52334.0,52374.0,10237
1784318400,52373.0,52393.0,52317.0,52375.0,3067
1784498400,52287.0,52365.0,52269.0,52340.0,512
1784502000,52341.0,52358.0,52308.0,52352.0,419
1784505600,52357.0,52402.0,52335.0,52368.0,1190
1784509200,52371.0,52398.0,52282.0,52301.0,842
1784512800,52302.0,52360.0,52288.0,52342.0,663
1784516400,52342.0,52365.0,52313.0,52342.0,392
1784520000,52346.0,52403.0,52312.0,52380.0,379
1784523600,52383.0,52386.0,52309.0,52311.0,623
1784527200,52317.0,52330.0,52270.0,52294.0,1133
1784530800,52297.0,52470.0,52295.0,52430.0,1857
1784534400,52430.0,52485.0,52430.0,52462.0,1000
1784538000,52460.0,52540.0,52455.0,52516.0,1139
1784541600,52518.0,52525.0,52445.0,52483.0,1162
1784545200,52482.0,52622.0,52471.0,52578.0,3825
1784548800,52578.0,52581.0,52429.0,52445.0,3787
1784552400,52446.0,52633.0,52319.0,52319.0,13692
1784556000,52322.0,52378.0,52159.0,52196.0,8576
1784559600,52200.0,52290.0,52138.0,52231.0,5613
1784563200,52231.0,52304.0,52157.0,52199.0,4615
1784566800,52201.0,52217.0,52118.0,52180.0,3545
1784570400,52182.0,52240.0,52026.0,52066.0,4893
1784574000,52065.0,52121.0,51999.0,52079.0,9892
1784577600,52080.0,52112.0,52042.0,52111.0,2395
1784584800,52091.0,52115.0,52035.0,52053.0,0
1784588400,52056.0,52120.0,52056.0,52095.0,418
1784592000,52092.0,52115.0,52035.0,52106.0,770
1784595600,52105.0,52140.0,52074.0,52088.0,653
1784599200,52092.0,52136.0,52075.0,52133.0,492
1784602800,52136.0,52195.0,52136.0,52195.0,632
1784606400,52204.0,52243.0,52203.0,52235.0,608
1784610000,52235.0,52268.0,52204.0,52250.0,636
1784613600,52248.0,52275.0,52212.0,52248.0,1193
1784617200,52247.0,52325.0,52190.0,52231.0,1921
1784620800,52234.0,52285.0,52199.0,52260.0,1565
1784624400,52255.0,52287.0,52215.0,52224.0,1094
1784628000,52222.0,52326.0,52217.0,52301.0,1723
1784631600,52305.0,52305.0,52186.0,52198.0,1376
1784635200,52202.0,52225.0,52116.0,52201.0,2389
1784638800,52206.0,52300.0,52089.0,52218.0,13222
1784642400,52221.0,52414.0,52213.0,52321.0,10120
1784646000,52320.0,52456.0,52291.0,52430.0,6419
1784649600,52430.0,52590.0,52428.0,52568.0,4644
1784653200,52569.0,52576.0,52459.0,52469.0,3741
1784656800,52467.0,52474.0,52412.0,52429.0,3221
1784660400,52430.0,52456.0,52413.0,52442.0,6563
1784664000,52441.0,52450.0,52410.0,52416.0,1349
1784671200,52431.0,52439.0,52407.0,52425.0,0
1784674800,52424.0,52433.0,52413.0,52426.0,320
1784678400,52423.0,52436.0,52404.0,52422.0,921
1784682000,52423.0,52432.0,52375.0,52419.0,875
1784685600,52423.0,52435.0,52394.0,52433.0,597
1784689200,52431.0,52449.0,52383.0,52384.0,626
1784692800,52390.0,52405.0,52384.0,52395.0,385
1784696400,52399.0,52416.0,52385.0,52411.0,651
1784700000,52413.0,52430.0,52310.0,52320.0,2203
1784703600,52319.0,52372.0,52266.0,52309.0,3046
1784707200,52308.0,52434.0,52306.0,52408.0,3419
1784710800,52406.0,52444.0,52363.0,52401.0,2258
1784714400,52404.0,52477.0,52388.0,52416.0,4309
1784718000,52416.0,52421.0,52282.0,52304.0,3951
1784721600,52303.0,52397.0,52262.0,52342.0,3199
1784725200,52341.0,52692.0,52337.0,52644.0,16237
1784728800,52642.0,52721.0,52470.0,52491.0,13022
1784732400,52489.0,52623.0,52475.0,52619.0,5616
1784736000,52620.0,52653.0,52594.0,52609.0,3575
1784739600,52608.0,52611.0,52495.0,52519.0,4335
1784743200,52521.0,52525.0,52473.0,52493.0,3330
1784746800,52494.0,52496.0,52414.0,52426.0,7687
1784750400,52429.0,52542.0,52415.0,52470.0,4310
1784757600,52430.0,52453.0,52354.0,52386.0,0
1784761200,52386.0,52424.0,52368.0,52424.0,472
1784764800,52426.0,52500.0,52403.0,52492.0,1105
1784768400,52494.0,52515.0,52464.0,52476.0,987
1784772000,52470.0,52487.0,52430.0,52449.0,645
1784775600,52452.0,52453.0,52376.0,52392.0,805
1784779200,52388.0,52414.0,52350.0,52377.0,447
1784782800,52381.0,52416.0,52337.0,52337.0,397
1784786400,52339.0,52370.0,52297.0,52301.0,793
1784790000,52301.0,52301.0,52131.0,52200.0,2834
1784793600,52201.0,52295.0,52174.0,52294.0,1393
1784797200,52292.0,52332.0,52213.0,52226.0,1450
1784800800,52228.0,52320.0,52202.0,52296.0,1474
1784804400,52298.0,52314.0,52096.0,52151.0,3121
1784808000,52149.0,52149.0,51876.0,51893.0,5253
1784811600,51893.0,52085.0,51736.0,51876.0,23901
1784815200,51877.0,51968.0,51813.0,51927.0,13660
1784818800,51927.0,51947.0,51720.0,51892.0,12127
1784822400,51895.0,52017.0,51866.0,51938.0,6083
1784826000,51941.0,51959.0,51790.0,51791.0,4782
1784829600,51789.0,51883.0,51775.0,51858.0,4683
1784833200,51861.0,51923.0,51783.0,51893.0,10732
1784836800,51893.0,51922.0,51867.0,51919.0,2823
1784844000,51920.0,51924.0,51870.0,51895.0,0
1784847600,51891.0,51895.0,51846.0,51888.0,401
1784851200,51886.0,51964.0,51875.0,51950.0,1196
1784854800,51950.0,51975.0,51930.0,51954.0,736
1784858400,51954.0,51966.0,51908.0,51916.0,853
1784862000,51915.0,51928.0,51881.0,51897.0,732
1784865600,51900.0,51919.0,51880.0,51915.0,667
1784869200,51915.0,51963.0,51911.0,51933.0,932
1784872800,51932.0,51965.0,51905.0,51953.0,986
1784876400,51949.0,52116.0,51943.0,52073.0,1991
1784880000,52071.0,52136.0,52045.0,52106.0,1673
1784883600,52108.0,52185.0,52103.0,52179.0,1380
1784887200,52180.0,52196.0,52148.0,52151.0,1701
1784890800,52150.0,52180.0,52054.0,52123.0,3044
1784894400,52125.0,52129.0,52012.0,52021.0,2318
1784898000,52023.0,52082.0,51904.0,51984.0,13924
1784901600,51988.0,52091.0,51876.0,52062.0,12845
1784905200,52061.0,52305.0,52026.0,52271.0,13890
1784908800,52273.0,52314.0,52141.0,52184.0,7060
1784912400,52187.0,52220.0,52103.0,52170.0,5088
1784916000,52168.0,52199.0,52012.0,52081.0,6060
1784919600,52082.0,52142.0,52040.0,52126.0,9296
1784923200,52126.0,52143.0,52059.0,52124.0,1757
1785103200,52381.0,52386.0,52334.0,52344.0,313
1785106800,52347.0,52460.0,52345.0,52452.0,572
1785110400,52451.0,52480.0,52370.0,52372.0,1667
1785114000,52370.0,52411.0,52337.0,52407.0,866
1785117600,52410.0,52421.0,52386.0,52406.0,380
1785121200,52406.0,52436.0,52406.0,52427.0,321
1785124800,52431.0,52475.0,52422.0,52464.0,352
1785128400,52468.0,52536.0,52460.0,52520.0,761
1785132000,52522.0,52558.0,52518.0,52535.0,1415
1785135600,52531.0,52599.0,52517.0,52517.0,1626
1785139200,52514.0,52628.0,52505.0,52626.0,1818
1785142800,52624.0,52678.0,52606.0,52671.0,952
1785146400,52665.0,52714.0,52635.0,52700.0,1037
1785150000,52702.0,52717.0,52653.0,52699.0,1914
1785153600,52700.0,52749.0,52649.0,52745.0,3038
1785157200,52746.0,52790.0,52579.0,52579.0,16192
1785160800,52580.0,52654.0,52294.0,52411.0,18054
1785164400,52413.0,52458.0,52187.0,52223.0,8884
1785168000,52224.0,52394.0,52196.0,52247.0,7309
1785171600,52247.0,52296.0,52173.0,52289.0,4957
1785175200,52290.0,52368.0,52240.0,52363.0,6121
1785178800,52364.0,52408.0,52315.0,52380.0,8281
1785182400,52381.0,52431.0,52355.0,52431.0,1886
1785189600,52405.0,52438.0,52393.0,52399.0,0
1785193200,52396.0,52415.0,52372.0,52402.0,428
1785196800,52406.0,52411.0,52307.0,52334.0,1419
1785200400,52342.0,52386.0,52290.0,52347.0,1061
1785204000,52351.0,52357.0,52318.0,52336.0,885
1785207600,52336.0,52422.0,52319.0,52417.0,887
1785211200,52408.0,52415.0,52354.0,52357.0,492
1785214800,52357.0,52395.0,52356.0,52372.0,653
1785218400,52376.0,52441.0,52372.0,52429.0,1641
1785222000,52427.0,52493.0,52412.0,52439.0,1548
1785225600,52437.0,52538.0,52411.0,52487.0,1869
1785229200,52485.0,52569.0,52478.0,52521.0,1065
1785232800,52521.0,52578.0,52482.0,52565.0,1784
1785236400,52563.0,52778.0,52538.0,52769.0,6337
1785240000,52768.0,52906.0,52758.0,52889.0,4848
1785243600,52887.0,52905.0,52616.0,52727.0,19110
1785247200,52737.0,52865.0,52718.0,52757.0,12329
1785250800,52760.0,53076.0,52724.0,53064.0,14290
1785254400,53065.0,53084.0,53017.0,53080.0,6613
1785258000,53079.0,53105.0,52978.0,52999.0,7725
1785261600,52997.0,53021.0,52936.0,53000.0,4530
1785265200,52999.0,53017.0,52925.0,52945.0,8509
1785268800,52944.0,52975.0,52907.0,52907.0,3402
1785276000,52915.0,52959.0,52825.0,52890.0,0
1785279600,52890.0,53001.0,52859.0,52966.0,1907
1785283200,52967.0,53033.0,52953.0,53004.0,1757
1785286800,53002.0,53007.0,52894.0,52901.0,1516
1785290400,52897.0,52930.0,52883.0,52922.0,1082
1785294000,52922.0,52927.0,52817.0,52825.0,945
1785297600,52829.0,52861.0,52809.0,52860.0,1348
1785301200,52868.0,52912.0,52859.0,52888.0,811
1785304800,52887.0,52956.0,52873.0,52951.0,1546
1785308400,52952.0,53008.0,52927.0,52994.0,2040
1785312000,52995.0,53023.0,52931.0,52987.0,2035
1785315600,52992.0,52994.0,52838.0,52895.0,2488
1785319200,52893.0,52893.0,52787.0,52809.0,2059
1785322800,52811.0,52822.0,52749.0,52761.0,2132
1785326400,52761.0,52762.0,52543.0,52583.0,5645
1785330000,52585.0,52586.0,52290.0,52305.0,21133
1785333600,52306.0,52315.0,52042.0,52071.0,18714
1785337200,52072.0,52128.0,52018.0,52056.0,8919
1785340800,52056.0,52114.0,51957.0,52114.0,7858
1785344400,52114.0,52232.0,52108.0,52152.0,7245
1785348000,52152.0,52428.0,52022.0,52371.0,18091
1785351600,52372.0,52411.0,51698.0,51765.0,24020
1785355200,51760.0,51831.0,51630.0,51735.0,6731
1785362400,51759.0,51962.0,51744.0,51900.0,0
1785366000,51902.0,51931.0,51888.0,51918.0,851
1785369600,51918.0,51951.0,51844.0,51884.0,1858
1785373200,51885.0,51927.0,51853.0,51911.0,1592
1785376800,51912.0,51929.0,51857.0,51857.0,871
1785380400,51858.0,51892.0,51804.0,51829.0,853
1785384000,51834.0,51860.0,51797.0,51807.0,623
1785387600,51803.0,51849.0,51778.0,51806.0,970
1785391200,51804.0,51806.0,51732.0,51804.0,1411
1785394800,51806.0,51926.0,51755.0,51803.0,2598
1785398400,51803.0,51932.0,51775.0,51886.0,2234
1785402000,51889.0,51957.0,51839.0,51844.0,1677
1785405600,51843.0,51951.0,51832.0,51887.0,1465
1785409200,51890.0,52048.0,51885.0,52012.0,2350
1785412800,52013.0,52041.0,51918.0,51968.0,2754
1785416400,51969.0,52133.0,51877.0,52096.0,17731
1785420000,52092.0,52127.0,51888.0,51929.0,13404
1785423600,51930.0,52104.0,51800.0,52081.0,8998
1785427200,52083.0,52266.0,52062.0,52234.0,7179
1785430800,52237.0,52322.0,52237.0,52266.0,5116
1785434400,52265.0,52351.0,52265.0,52348.0,3521
1785438000,52348.0,52415.0,52329.0,52378.0,9758
1785441600,52377.0,52484.0,52364.0,52427.0,4779
1785448800,52395.0,52480.0,52375.0,52477.0,0
1785452400,52481.0,52504.0,52463.0,52482.0,730
1785456000,52482.0,52551.0,52461.0,52529.0,1507
1785459600,52530.0,52590.0,52529.0,52575.0,1282
1785463200,52575.0,52594.0,52540.0,52552.0,725
1785466800,52553.0,52578.0,52528.0,52575.0,576
1785470400,52570.0,52633.0,52555.0,52629.0,810
1785474000,52630.0,52639.0,52608.0,52615.0,608
1785477600,52613.0,52628.0,52551.0,52590.0,1096
1785481200,52591.0,52692.0,52571.0,52660.0,1890
1785484800,52659.0,52697.0,52638.0,52664.0,1685
1785488400,52666.0,52694.0,52617.0,52641.0,1151
1785492000,52640.0,52742.0,52620.0,52725.0,1384
1785495600,52726.0,52727.0,52594.0,52662.0,2312
1785499200,52662.0,52664.0,52528.0,52552.0,2653
1785502800,52553.0,52652.0,52339.0,52341.0,16651
1785506400,52339.0,52445.0,52124.0,52434.0,15969
1785510000,52433.0,52549.0,52357.0,52537.0,9455
1785513600,52534.0,52613.0,52490.0,52576.0,5108
1785517200,52575.0,52676.0,52560.0,52616.0,4220
1785520800,52617.0,52691.0,52609.0,52662.0,3498
1785524400,52667.0,52772.0,52616.0,52635.0,10755
1785528000,52637.0,52686.0,52494.0,52635.0,2908
1785708000,52835.0,52859.0,52787.0,52789.0,748
1785711600,52797.0,52837.0,52785.0,52816.0,612
1785715200,52812.0,52851.0,52777.0,52841.0,1179
1785718800,52843.0,52890.0,52823.0,52870.0,833
1785722400,52869.0,52893.0,52858.0,52889.0,538
1785726000,52889.0,52920.0,52873.0,52906.0,483
1785729600,52905.0,52941.0,52900.0,52922.0,457
1785733200,52920.0,52935.0,52904.0,52914.0,506
1785736800,52912.0,52942.0,52882.0,52889.0,792
1785740400,52892.0,52957.0,52847.0,52954.0,1514
1785744000,52953.0,52992.0,52919.0,52989.0,1287
1785747600,52993.0,53006.0,52949.0,52976.0,980
1785751200,52976.0,53078.0,52964.0,53058.0,1590
1785754800,53059.0,53204.0,53050.0,53171.0,3464
1785758400,53172.0,53321.0,53147.0,53304.0,4469
1785762000,53306.0,53335.0,53123.0,53273.0,18742
1785765600,53269.0,53377.0,53186.0,53202.0,13199
1785769200,53200.0,53225.0,53135.0,53173.0,7792
1785772800,53173.0,53184.0,53086.0,53114.0,5838
1785776400,53114.0,53249.0,53078.0,53231.0,3844
1785780000,53231.0,53312.0,53226.0,53281.0,5059
1785783600,53283.0,53376.0,53280.0,53333.0,10792
1785787200,53335.0,53414.0,53332.0,53392.0,2736
1785794400,53381.0,53445.0,53370.0,53424.0,0
1785798000,53429.0,53436.0,53399.0,53405.0,432
1785801600,53406.0,53465.0,53393.0,53441.0,1236
1785805200,53440.0,53475.0,53437.0,53458.0,1106
1785808800,53458.0,53489.0,53445.0,53473.0,771
1785812400,53471.0,53491.0,53463.0,53480.0,383
1785816000,53481.0,53481.0,53456.0,53460.0,247
1785819600,53458.0,53466.0,53434.0,53439.0,639
1785823200,53438.0,53474.0,53416.0,53427.0,803
1785826800,53426.0,53456.0,53397.0,53423.0,1537
1785830400,53423.0,53435.0,53336.0,53358.0,2074
1785834000,53360.0,53417.0,53344.0,53404.0,1779
1785837600,53405.0,53695.0,53267.0,53645.0,7454
1785841200,53642.0,53947.0,53593.0,53910.0,7096
1785844800,53910.0,54030.0,53895.0,53949.0,4412
1785848400,53947.0,54120.0,53804.0,53857.0,20193
1785852000,53866.0,54158.0,53845.0,54130.0,15449
1785855600,54130.0,54256.0,54081.0,54192.0,9994
1785859200,54191.0,54319.0,54190.0,54298.0,5502
1785862800,54298.0,54423.0,54292.0,54328.0,7163
1785866400,54329.0,54355.0,54284.0,54326.0,5225
1785870000,54327.0,54387.0,54237.0,54253.0,12632
1785873600,54253.0,54388.0,54248.0,54372.0,4153
1785880800,54369.0,54387.0,54343.0,54377.0,0
1785884400,54379.0,54385.0,54342.0,54350.0,470
1785888000,54351.0,54398.0,54345.0,54398.0,752
1785891600,54397.0,54400.0,54359.0,54390.0,775
1785895200,54393.0,54463.0,54387.0,54446.0,1268
1785898800,54447.0,54493.0,54437.0,54492.0,787
1785902400,54489.0,54501.0,54459.0,54460.0,802
1785906000,54458.0,54499.0,54451.0,54474.0,716
1785909600,54476.0,54477.0,54412.0,54438.0,926
1785913200,54439.0,54440.0,54357.0,54405.0,1335
1785916800,54406.0,54436.0,54363.0,54394.0,1258
1785920400,54393.0,54424.0,54382.0,54398.0,642
1785924000,54396.0,54475.0,54389.0,54462.0,1175
1785927600,54463.0,54524.0,54440.0,54508.0,1568
1785931200,54507.0,54558.0,54464.0,54477.0,2017
1785934800,54478.0,54877.0,54451.0,54874.0,15791
1785938400,54869.0,54884.0,54743.0,54787.0,11760
1785942000,54785.0,54857.0,54632.0,54641.0,8786
1785945600,54638.0,54699.0,54617.0,54676.0,4953
1785949200,54682.0,54736.0,54644.0,54696.0,3058
1785952800,54695.0,54726.0,54622.0,54628.0,3274
1785956400,54629.0,54645.0,54483.0,54486.0,9455
1785960000,54486.0,54578.0,54480.0,54555.0,2932
1785967200,54555.0,54593.0,54545.0,54566.0,0
1785970800,54569.0,54601.0,54568.0,54582.0,417
1785974400,54584.0,54595.0,54563.0,54591.0,649
1785978000,54590.0,54596.0,54548.0,54584.0,724
1785981600,54585.0,54625.0,54576.0,54599.0,486
1785985200,54599.0,54620.0,54593.0,54609.0,261
1785988800,54610.0,54620.0,54603.0,54616.0,202
1785992400,54617.0,54632.0,54601.0,54632.0,276
1785996000,54635.0,54636.0,54576.0,54629.0,562
1785999600,54631.0,54661.0,54578.0,54633.0,965
1786003200,54633.0,54667.0,54568.0,54666.0,1271
1786006800,54666.0,54678.0,54636.0,54668.0,538
1786010400,54667.0,54668.0,54614.0,54643.0,509
1786014000,54637.0,54649.0,54544.0,54582.0,1286
1786017600,54583.0,54635.0,54558.0,54595.0,1456
1786021200,54597.0,54660.0,54415.0,54438.0,12581
1786024800,54438.0,54489.0,54295.0,54315.0,9679
1786028400,54316.0,54330.0,54094.0,54121.0,8886
1786032000,54125.0,54172.0,54065.0,54149.0,6034
1786035600,54150.0,54155.0,54005.0,54061.0,4475
1786039200,54066.0,54106.0,54045.0,54054.0,4093
1786042800,54053.0,54096.0,53964.0,54019.0,9488
1786046400,54019.0,54041.0,53952.0,53981.0,2329
1786053600,54040.0,54040.0,53982.0,53990.0,0
1786057200,53991.0,54009.0,53988.0,54000.0,222
1786060800,53999.0,54004.0,53932.0,53954.0,860
1786064400,53957.0,53969.0,53919.0,53927.0,705
1786068000,53926.0,53930.0,53890.0,53907.0,538
1786071600,53906.0,53917.0,53884.0,53899.0,385
1786075200,53900.0,53910.0,53879.0,53907.0,661
1786078800,53908.0,53929.0,53906.0,53912.0,609
1786082400,53914.0,53975.0,53909.0,53969.0,1060
1786086000,53969.0,53999.0,53945.0,53953.0,879
1786089600,53956.0,53987.0,53936.0,53986.0,630
1786093200,53983.0,54026.0,53973.0,54020.0,604
1786096800,54018.0,54060.0,54015.0,54046.0,565
1786100400,54048.0,54096.0,54035.0,54053.0,1073
1786104000,54051.0,54202.0,54041.0,54162.0,3148
1786107600,54163.0,54164.0,53909.0,54074.0,11342
1786111200,54073.0,54199.0,54011.0,54155.0,8073
1786114800,54156.0,54156.0,54053.0,54060.0,4545
1786118400,54060.0,54114.0,54000.0,54060.0,3895
1786122000,54060.0,54111.0,54058.0,54085.0,2118
1786125600,54086.0,54092.0,54012.0,54065.0,2354
1786129200,54067.0,54188.0,54063.0,54146.0,7384
1786132800,54145.0,54162.0,54107.0,54152.0,1570
1786312800,54050.0,54056.0,54004.0,54035.0,270
1786316400,54040.0,54050.0,54002.0,54007.0,202
1786320000,54004.0,54057.0,54000.0,54055.0,624
1786323600,54055.0,54085.0,54049.0,54065.0,404
1786327200,54070.0,54099.0,54061.0,54084.0,246
1786330800,54085.0,54107.0,54077.0,54096.0,221
1786334400,54094.0,54135.0,54091.0,54131.0,241
1786338000,54132.0,54150.0,54128.0,54138.0,259
1786341600,54138.0,54153.0,54106.0,54143.0,697
1786345200,54142.0,54170.0,54104.0,54133.0,718
1786348800,54133.0,54142.0,54097.0,54103.0,613
1786352400,54112.0,54145.0,54104.0,54122.0,378
1786356000,54115.0,54152.0,54080.0,54091.0,566
1786359600,54093.0,54098.0,54050.0,54080.0,732
1786363200,54084.0,54125.0,54017.0,54065.0,1386
1786366800,54066.0,54130.0,53966.0,54050.0,11173
1786370400,54053.0,54157.0,53990.0,54101.0,6972
1786374000,54100.0,54167.0,54060.0,54121.0,5022
1786377600,54123.0,54125.0,53952.0,54042.0,4682
1786381200,54041.0,54048.0,53979.0,54001.0,3141
1786384800,54002.0,54020.0,53957.0,53996.0,2435
1786388400,53997.0,54078.0,53967.0,54064.0,6093
1786392000,54064.0,54068.0,54018.0,54061.0,1662
1786399200,54049.0,54074.0,54008.0,54020.0,0
1786402800,54023.0,54029.0,53998.0,54028.0,220
1786406400,54025.0,54039.0,54007.0,54031.0,483
1786410000,54032.0,54057.0,54021.0,54029.0,584
1786413600,54027.0,54055.0,54026.0,54050.0,258
1786417200,54048.0,54085.0,54048.0,54066.0,185
1786420800,54070.0,54084.0,54060.0,54066.0,230
1786424400,54064.0,54079.0,54036.0,54037.0,327
1786428000,54037.0,54062.0,53949.0,54016.0,1031
1786431600,54018.0,54042.0,53983.0,54005.0,608
1786435200,54008.0,54033.0,53970.0,54004.0,749
1786438800,53999.0,54024.0,53978.0,54011.0,501
1786442400,54014.0,54067.0,53992.0,54046.0,735
1786446000,54053.0,54131.0,54036.0,54109.0,1361
1786449600,54111.0,54149.0,54068.0,54122.0,1537
1786453200,54124.0,54336.0,54105.0,54275.0,10867
1786456800,54274.0,54306.0,54055.0,54085.0,9257
1786460400,54088.0,54112.0,54009.0,54045.0,3720
1786464000,54045.0,54068.0,53983.0,53993.0,2541
1786467600,53995.0,54002.0,53958.0,53993.0,2013
1786471200,53993.0,53993.0,53909.0,53911.0,2919
1786474800,53912.0,53942.0,53855.0,53892.0,6500
1786478400,53892.0,53926.0,53882.0,53904.0,1066
1786485600,53903.0,53914.0,53884.0,53892.0,0
1786489200,53891.0,53907.0,53886.0,53901.0,169
1786492800,53898.0,53901.0,53855.0,53868.0,403
1786496400,53870.0,53874.0,53854.0,53860.0,299
1786500000,53862.0,53890.0,53862.0,53888.0,271
1786503600,53890.0,53893.0,53874.0,53887.0,233
1786507200,53888.0,53901.0,53881.0,53899.0,184
1786510800,53899.0,53910.0,53885.0,53896.0,221
1786514400,53897.0,53917.0,53871.0,53915.0,418
1786518000,53915.0,53915.0,53880.0,53892.0,472
1786521600,53891.0,53906.0,53861.0,53877.0,790
1786525200,53879.0,53984.0,53875.0,53944.0,1195
1786528800,53944.0,53963.0,53873.0,53936.0,1109
1786532400,53938.0,53995.0,53916.0,53978.0,994
1786536000,53976.0,54150.0,53920.0,54043.0,3028
1786539600,54043.0,54085.0,53884.0,53888.0,10875
1786543200,53888.0,53972.0,53830.0,53885.0,7515
1786546800,53884.0,53919.0,53840.0,53910.0,2760
1786550400,53907.0,53944.0,53899.0,53923.0,1932
1786554000,53918.0,53938.0,53883.0,53909.0,1914
1786557600,53909.0,53956.0,53898.0,53927.0,1870
1786561200,53927.0,53959.0,53852.0,53865.0,5673
1786564800,53866.0,53943.0,53855.0,53864.0,1778
1786572000,53905.0,53905.0,53835.0,53878.0,0
1786575600,53881.0,53902.0,53875.0,53876.0,294
1786579200,53876.0,53884.0,53828.0,53846.0,853
1786582800,53844.0,53846.0,53803.0,53826.0,475
1786586400,53826.0,53845.0,53820.0,53837.0,270
1786590000,53834.0,53852.0,53825.0,53848.0,460
1786593600,53847.0,53867.0,53838.0,53859.0,249
1786597200,53858.0,53877.0,53858.0,53871.0,285
1786600800,53872.0,53909.0,53872.0,53907.0,440
1786604400,53907.0,53940.0,53891.0,53924.0,592
1786608000,53924.0,53987.0,53905.0,53979.0,865
1786611600,53981.0,54020.0,53977.0,53986.0,645
1786615200,53987.0,54021.0,53969.0,53986.0,515
1786618800,53988.0,54044.0,53977.0,54007.0,928
1786622400,54008.0,54057.0,53977.0,54056.0,1662
1786626000,54056.0,54082.0,53933.0,53997.0,9616
1786629600,53996.0,54149.0,53903.0,53936.0,10493
1786633200,53938.0,53969.0,53715.0,53758.0,7641
1786636800,53759.0,53836.0,53756.0,53820.0,2635
1786640400,53820.0,53863.0,53806.0,53841.0,2049
1786644000,53844.0,53923.0,53843.0,53874.0,2248
1786647600,53873.0,53954.0,53873.0,53934.0,5806
1786651200,53936.0,53967.0,53919.0,53960.0,1397
1786658400,53961.0,53978.0,53925.0,53944.0,0
1786662000,53948.0,53965.0,53939.0,53951.0,209
1786665600,53954.0,53963.0,53923.0,53962.0,509
1786669200,53960.0,53988.0,53954.0,53986.0,492
1786672800,53987.0,53999.0,53970.0,53974.0,488
1786676400,53973.0,53992.0,53967.0,53969.0,270
1786680000,53968.0,53977.0,53963.0,53967.0,247
1786683600,53968.0,53969.0,53941.0,53942.0,225
1786687200,53944.0,53944.0,53896.0,53897.0,447
1786690800,53899.0,53905.0,53850.0,53877.0,791
1786694400,53877.0,53881.0,53824.0,53864.0,751
1786698000,53856.0,53881.0,53834.0,53871.0,493
1786701600,53868.0,53887.0,53844.0,53858.0,504
1786705200,53860.0,53877.0,53798.0,53849.0,791
1786708800,53847.0,53878.0,53791.0,53866.0,1171
1786712400,53868.0,53956.0,53757.0,53925.0,9870
1786716000,53922.0,53944.0,53799.0,53818.0,5858
1786719600,53818.0,53860.0,53756.0,53760.0,4251
1786723200,53765.0,53821.0,53745.0,53753.0,2959
1786726800,53757.0,53812.0,53754.0,53799.0,1989
1786730400,53802.0,53885.0,53793.0,53868.0,3251
1786734000,53867.0,53870.0,53779.0,53817.0,6082
1786737600,53814.0,53817.0,53769.0,53807.0,1204
1786917600,53816.0,53840.0,53816.0,53824.0,178
1786921200,53820.0,53829.0,53809.0,53816.0,253
1786924800,53815.0,53828.0,53772.0,53787.0,519
1786928400,53789.0,53789.0,53730.0,53733.0,315
1786932000,53734.0,53740.0,53719.0,53721.0,248
1786935600,53721.0,53749.0,53721.0,53743.0,234
1786939200,53748.0,53758.0,53740.0,53751.0,221
1786942800,53751.0,53772.0,53744.0,53770.0,252
1786946400,53774.0,53789.0,53750.0,53777.0,590
1786950000,53776.0,53784.0,53727.0,53765.0,765
1786953600,53768.0,53774.0,53690.0,53722.0,1039
1786957200,53722.0,53757.0,53710.0,53720.0,642
1786960800,53724.0,53807.0,53705.0,53737.0,1044
1786964400,53729.0,53738.0,53680.0,53692.0,746
1786968000,53693.0,53697.0,53603.0,53624.0,1808
1786971600,53623.0,53719.0,53564.0,53626.0,10411
1786975200,53628.0,53718.0,53551.0,53578.0,7347
1786978800,53575.0,53647.0,53554.0,53584.0,4359
1786982400,53585.0,53691.0,53571.0,53576.0,3505
1786986000,53573.0,53615.0,53464.0,53507.0,4899
1786989600,53506.0,53570.0,53498.0,53541.0,2584
1786993200,53537.0,53581.0,53509.0,53542.0,6279
1786996800,53541.0,53550.0,53503.0,53509.0,1258
1787004000,53501.0,53524.0,53488.0,53509.0,0
1787007600,53502.0,53536.0,53500.0,53533.0,257
1787011200,53532.0,53544.0,53504.0,53515.0,534
1787014800,53517.0,53555.0,53513.0,53555.0,675
1787018400,53555.0,53558.0,53500.0,53526.0,938
1787022000,53527.0,53531.0,53480.0,53485.0,566
1787025600,53480.0,53487.0,53455.0,53469.0,424
1787029200,53467.0,53481.0,53441.0,53466.0,472
1787032800,53467.0,53527.0,53424.0,53526.0,1061
1787036400,53523.0,53526.0,53393.0,53395.0,1024
1787040000,53398.0,53496.0,53382.0,53496.0,1792
1787043600,53488.0,53518.0,53473.0,53515.0,1113
1787047200,53516.0,53594.0,53516.0,53533.0,1871
1787050800,53533.0,53552.0,53483.0,53494.0,1209
1787054400,53490.0,53533.0,53449.0,53507.0,1521
1787058000,53505.0,53519.0,53311.0,53469.0,12735
1787061600,53475.0,53541.0,53432.0,53484.0,8698
1787065200,53485.0,53517.0,53362.0,53407.0,6450
1787068800,53405.0,53473.0,53402.0,53433.0,3030
1787072400,53431.0,53462.0,53394.0,53395.0,3089
1787076000,53393.0,53480.0,53388.0,53430.0,3165
1787079600,53430.0,53477.0,53383.0,53406.0,7070
1787083200,53407.0,53420.0,53388.0,53406.0,1462
1787090400,53408.0,53420.0,53391.0,53395.0,0
1787094000,53394.0,53413.0,53391.0,53399.0,487
1787097600,53400.0,53409.0,53362.0,53381.0,1016
1787101200,53379.0,53390.0,53357.0,53359.0,523
1787104800,53361.0,53376.0,53348.0,53369.0,404
1787108400,53370.0,53371.0,53351.0,53354.0,339
1787112000,53353.0,53366.0,53337.0,53357.0,389
1787115600,53356.0,53374.0,53341.0,53352.0,414
1787119200,53352.0,53452.0,53337.0,53452.0,1007
1787122800,53450.0,53467.0,53415.0,53457.0,977
1787126400,53455.0,53456.0,53389.0,53399.0,1338
1787130000,53399.0,53417.0,53371.0,53409.0,684
1787133600,53410.0,53425.0,53389.0,53420.0,691
1787137200,53421.0,53484.0,53421.0,53475.0,1241
1787140800,53472.0,53741.0,53441.0,53682.0,5295
1787144400,53679.0,53702.0,53464.0,53655.0,15351
1787148000,53655.0,53759.0,53623.0,53749.0,10587
1787151600,53751.0,53780.0,53549.0,53565.0,6204
1787155200,53565.0,53654.0,53481.0,53491.0,4784
1787158800,53490.0,53545.0,53484.0,53520.0,2679
1787162400,53515.0,53572.0,53495.0,53507.0,2753
1787166000,53506.0,53592.0,53488.0,53542.0,5668
1787169600,53542.0,53555.0,53519.0,53527.0,1303
1787176800,53529.0,53589.0,53529.0,53571.0,0
1787180400,53568.0,53580.0,53558.0,53565.0,263
1787184000,53562.0,53566.0,53536.0,53548.0,619
1787187600,53548.0,53561.0,53526.0,53534.0,551
1787191200,53535.0,53556.0,53529.0,53542.0,329
1787194800,53544.0,53563.0,53541.0,53556.0,223
1787198400,53556.0,53567.0,53546.0,53562.0,178
1787202000,53557.0,53560.0,53517.0,53527.0,208
1787205600,53527.0,53588.0,53527.0,53561.0,646
1787209200,53562.0,53562.0,53461.0,53474.0,1057
1787212800,53473.0,53512.0,53405.0,53428.0,1548
1787216400,53431.0,53464.0,53424.0,53436.0,603
1787220000,53436.0,53473.0,53431.0,53471.0,640
1787223600,53471.0,53486.0,53229.0,53237.0,2920
1787227200,53238.0,53238.0,53068.0,53109.0,5513
1787230800,53110.0,53272.0,53045.0,53194.0,14735
1787234400,53190.0,53231.0,53072.0,53224.0,8341
1787238000,53225.0,53288.0,53054.0,53085.0,6584
1787241600,53084.0,53151.0,53056.0,53132.0,2889
1787245200,53130.0,53130.0,52975.0,52977.0,4443
1787248800,52980.0,52980.0,52878.0,52879.0,4083
1787252400,52880.0,52926.0,52827.0,52860.0,10573
1787256000,52860.0,52871.0,52812.0,52855.0,2113
1787259600,52854.0,52854.0,52854.0,52854.0,1
1787263200,52876.0,52879.0,52847.0,52877.0,0
1787266800,52878.0,52878.0,52853.0,52872.0,262
1787270400,52872.0,52901.0,52863.0,52866.0,1079
1787274000,52862.0,52876.0,52838.0,52850.0,739
1787277600,52851.0,52872.0,52847.0,52861.0,599
1787281200,52860.0,52875.0,52847.0,52875.0,372
1787284800,52875.0,52887.0,52857.0,52881.0,374
1787288400,52885.0,52893.0,52868.0,52881.0,385
1787292000,52880.0,52928.0,52874.0,52920.0,1489
1787295600,52923.0,52988.0,52903.0,52978.0,1194
1787299200,52978.0,53055.0,52950.0,53038.0,1362
1787302800,53039.0,53061.0,53001.0,53014.0,1501
1787306400,53014.0,53050.0,53004.0,53036.0,802
1787310000,53035.0,53139.0,53031.0,53117.0,1554
1787313600,53119.0,53230.0,53119.0,53189.0,2648
1787317200,53192.0,53213.0,53076.0,53155.0,11716
1787320800,53155.0,53264.0,53132.0,53234.0,10032
1787324400,53235.0,53326.0,53199.0,53277.0,6136
1787328000,53278.0,53287.0,53187.0,53257.0,4359
1787331600,53260.0,53288.0,53226.0,53269.0,2469
1787335200,53269.0,53382.0,53258.0,53379.0,3457
1787338800,53379.0,53418.0,53338.0,53343.0,9250
1787342400,53345.0,53358.0,53316.0,53353.0,1704
1787522400,53309.0,53330.0,53275.0,53330.0,363
1787526000,53329.0,53385.0,53326.0,53385.0,340
1787529600,53389.0,53391.0,53294.0,53339.0,1133
1787533200,53344.0,53393.0,53344.0,53368.0,595
1787536800,53367.0,53398.0,53347.0,53380.0,514
1787540400,53384.0,53384.0,53324.0,53327.0,526
1787544000,53333.0,53335.0,53302.0,53304.0,394
1787547600,53305.0,53337.0,53287.0,53318.0,513
1787551200,53316.0,53339.0,53295.0,53315.0,833
1787554800,53311.0,53338.0,53277.0,53285.0,617
1787558400,53286.0,53384.0,53279.0,53365.0,1164
1787562000,53364.0,53376.0,53330.0,53339.0,439
1787565600,53342.0,53344.0,53259.0,53259.0,523
1787569200,53261.0,53324.0,53210.0,53302.0,1811
1787572800,53302.0,53335.0,53247.0,53295.0,1654
1787576400,53295.0,53542.0,53257.0,53492.0,14173
1787580000,53495.0,53545.0,53441.0,53482.0,6598
1787583600,53484.0,53520.0,53389.0,53514.0,6617
1787587200,53515.0,53567.0,53436.0,53456.0,4278
1787590800,53457.0,53505.0,53371.0,53413.0,3487
1787594400,53412.0,53516.0,53400.0,53489.0,2721
1787598000,53490.0,53523.0,53476.0,53481.0,6687
1787601600,53481.0,53521.0,53474.0,53517.0,1186
1787608800,53524.0,53547.0,53474.0,53522.0,0
1787612400,53525.0,53525.0,53480.0,53494.0,238
1787616000,53491.0,53500.0,53456.0,53486.0,581
1787619600,53484.0,53516.0,53474.0,53505.0,478
1787623200,53505.0,53510.0,53442.0,53456.0,578
1787626800,53455.0,53520.0,53455.0,53484.0,463
1787630400,53484.0,53497.0,53460.0,53467.0,358
1787634000,53469.0,53500.0,53467.0,53495.0,325
1787637600,53496.0,53592.0,53489.0,53588.0,962
1787641200,53593.0,53612.0,53512.0,53527.0,1012
1787644800,53525.0,53648.0,53504.0,53628.0,1425
1787648400,53632.0,53767.0,53619.0,53750.0,1559
1787652000,53749.0,53761.0,53695.0,53719.0,865
1787655600,53720.0,53790.0,53665.0,53786.0,1342
1787659200,53784.0,53797.0,53688.0,53721.0,2184
1787662800,53724.0,53772.0,53472.0,53499.0,12728
1787666400,53494.0,53574.0,53426.0,53520.0,7775
1787670000,53521.0,53609.0,53501.0,53597.0,4499
1787673600,53594.0,53615.0,53530.0,53594.0,3032
1787677200,53594.0,53600.0,53539.0,53586.0,2049
1787680800,53586.0,53650.0,53578.0,53643.0,2085
1787684400,53643.0,53674.0,53597.0,53638.0,6342
1787688000,53637.0,53668.0,53633.0,53643.0,1328
1787695200,53643.0,53645.0,53622.0,53638.0,0
1787698800,53639.0,53639.0,53591.0,53611.0,291
1787702400,53608.0,53632.0,53604.0,53619.0,580
1787706000,53624.0,53671.0,53601.0,53615.0,654
1787709600,53617.0,53677.0,53604.0,53661.0,463
1787713200,53660.0,53694.0,53652.0,53680.0,384
1787716800,53673.0,53682.0,53620.0,53626.0,429
1787720400,53629.0,53660.0,53629.0,53641.0,383
1787724000,53636.0,53700.0,53619.0,53687.0,601
1787727600,53686.0,53695.0,53624.0,53694.0,963
1787731200,53694.0,53717.0,53670.0,53699.0,762
1787734800,53699.0,53709.0,53664.0,53685.0,298
1787738400,53682.0,53684.0,53628.0,53640.0,480
1787742000,53640.0,53687.0,53632.0,53661.0,636
1787745600,53662.0,53778.0,53622.0,53631.0,2511
1787749200,53627.0,53709.0,53556.0,53659.0,9353
1787752800,53659.0,53664.0,53493.0,53523.0,5339
1787756400,53524.0,53562.0,53468.0,53526.0,4215
1787760000,53528.0,53535.0,53435.0,53475.0,3031
1787763600,53474.0,53550.0,53467.0,53513.0,2031
1787767200,53512.0,53536.0,53481.0,53526.0,1763
1787770800,53527.0,53591.0,53506.0,53533.0,5606
1787774400,53534.0,53728.0,53531.0,53727.0,3325
1787781600,53724.0,53811.0,53667.0,53777.0,0
1787785200,53772.0,53777.0,53746.0,53761.0,443
1787788800,53762.0,53775.0,53679.0,53685.0,1104
1787792400,53685.0,53723.0,53679.0,53694.0,704
1787796000,53692.0,53713.0,53692.0,53710.0,259
1787799600,53707.0,53723.0,53693.0,53694.0,341
1787803200,53694.0,53698.0,53654.0,53662.0,262
1787806800,53666.0,53669.0,53603.0,53621.0,443
1787810400,53623.0,53663.0,53602.0,53662.0,607
1787814000,53662.0,53662.0,53620.0,53639.0,558
1787817600,53639.0,53663.0,53514.0,53516.0,1682
1787821200,53515.0,53545.0,53470.0,53501.0,1272
1787824800,53499.0,53501.0,53448.0,53501.0,1002
1787828400,53498.0,53526.0,53468.0,53524.0,1458
1787832000,53523.0,53525.0,53394.0,53395.0,1808
1787835600,53393.0,53601.0,53369.0,53521.0,11598
1787839200,53518.0,53698.0,53445.0,53653.0,7630
1787842800,53655.0,53765.0,53642.0,53675.0,5685
1787846400,53675.0,53740.0,53644.0,53734.0,2996
1787850000,53736.0,53740.0,53664.0,53664.0,2940
1787853600,53667.0,53674.0,53560.0,53578.0,4115
1787857200,53576.0,53642.0,53565.0,53622.0,6831
1787860800,53621.0,53633.0,53596.0,53600.0,1339
1787868000,53608.0,53613.0,53585.0,53597.0,0
1787871600,53596.0,53604.0,53571.0,53581.0,245
1787875200,53580.0,53645.0,53577.0,53641.0,509
1787878800,53642.0,53698.0,53642.0,53693.0,461
1787882400,53696.0,53729.0,53676.0,53688.0,412
1787886000,53690.0,53723.0,53675.0,53692.0,283
1787889600,53691.0,53692.0,53672.0,53675.0,181
1787893200,53677.0,53680.0,53651.0,53651.0,283
1787896800,53650.0,53742.0,53643.0,53741.0,642
1787900400,53742.0,53751.0,53715.0,53737.0,846
1787904000,53738.0,53757.0,53683.0,53700.0,853
1787907600,53703.0,53704.0,53663.0,53677.0,412
1787911200,53677.0,53680.0,53630.0,53638.0,451
1787914800,53637.0,53661.0,53612.0,53659.0,730
1787918400,53656.0,53732.0,53648.0,53712.0,1464
1787922000,53714.0,53782.0,53634.0,53681.0,8072
1787925600,53690.0,53805.0,53531.0,53797.0,10863
1787929200,53797.0,53862.0,53641.0,53665.0,8485
1787932800,53663.0,53721.0,53537.0,53581.0,6167
1787936400,53581.0,53592.0,53513.0,53579.0,3802
1787940000,53580.0,53601.0,53534.0,53570.0,2436
1787943600,53568.0,53620.0,53551.0,53585.0,7171
1787947200,53585.0,53597.0,53556.0,53584.0,1388
1788127200,53504.0,53536.0,53496.0,53527.0,325
1788130800,53531.0,53534.0,53431.0,53436.0,658
1788134400,53431.0,53513.0,53410.0,53488.0,985
1788138000,53487.0,53487.0,53402.0,53412.0,776
1788141600,53418.0,53449.0,53386.0,53420.0,490
1788145200,53422.0,53452.0,53419.0,53431.0,265
1788148800,53431.0,53452.0,53414.0,53444.0,292
1788152400,53438.0,53494.0,53424.0,53448.0,632
1788156000,53450.0,53547.0,53434.0,53536.0,945
1788159600,53535.0,53537.0,53481.0,53502.0,779
1788163200,53503.0,53540.0,53476.0,53515.0,867
1788166800,53517.0,53547.0,53495.0,53495.0,457
1788170400,53496.0,53514.0,53470.0,53510.0,640
1788174000,53511.0,53539.0,53441.0,53465.0,746
1788177600,53465.0,53515.0,53362.0,53390.0,2758
1788181200,53386.0,53477.0,53208.0,53242.0,12211
1788184800,53242.0,53291.0,53149.0,53247.0,6931
1788188400,53245.0,53295.0,53216.0,53242.0,3689
1788192000,53243.0,53267.0,53201.0,53250.0,3010
1788195600,53250.0,53290.0,53210.0,53274.0,2096
1788199200,53271.0,53298.0,53202.0,53250.0,3061
1788202800,53249.0,53307.0,53213.0,53233.0,10691
1788206400,53233.0,53281.0,53230.0,53256.0,1644
1788213600,53259.0,53288.0,53248.0,53269.0,0
1788217200,53265.0,53295.0,53265.0,53286.0,227
1788220800,53288.0,53343.0,53275.0,53304.0,841
1788224400,53303.0,53319.0,53263.0,53313.0,554
1788228000,53311.0,53314.0,53266.0,53287.0,472
1788231600,53287.0,53289.0,53258.0,53262.0,339
1788235200,53265.0,53271.0,53234.0,53237.0,394
1788238800,53238.0,53307.0,53228.0,53300.0,584
1788242400,53295.0,53300.0,53242.0,53252.0,740
1788246000,53251.0,53305.0,53166.0,53211.0,2178
1788249600,53212.0,53225.0,52972.0,52983.0,2982
1788253200,52982.0,52989.0,52884.0,52893.0,1719
1788256800,52892.0,53033.0,52871.0,52942.0,2121
1788260400,52944.0,52995.0,52907.0,52920.0,1405
1788264000,52918.0,52936.0,52868.0,52922.0,2345
1788267600,52920.0,53049.0,52864.0,52988.0,12398
1788271200,52984.0,53233.0,52956.0,53038.0,10825
1788274800,53041.0,53061.0,53008.0,53022.0,4954
1788278400,53022.0,53061.0,52797.0,52817.0,7557
1788282000,52818.0,52855.0,52763.0,52822.0,4461
1788285600,52819.0,52864.0,52747.0,52792.0,4513
1788289200,52794.0,52863.0,52774.0,52839.0,7846
1788292800,52840.0,52855.0,52798.0,52846.0,2469
1788296400,52847.0,52847.0,52847.0,52847.0,1
1788300000,52844.0,52854.0,52822.0,52840.0,0
1788303600,52840.0,52842.0,52831.0,52838.0,196
1788307200,52838.0,52864.0,52803.0,52803.0,710
1788310800,52802.0,52814.0,52776.0,52800.0,653
1788314400,52801.0,52851.0,52790.0,52849.0,491
1788318000,52851.0,52857.0,52811.0,52819.0,212
1788321600,52820.0,52825.0,52805.0,52818.0,154
1788325200,52816.0,52864.0,52809.0,52830.0,462
1788328800,52831.0,52882.0,52806.0,52880.0,505
1788332400,52881.0,52924.0,52819.0,52838.0,1343
1788336000,52837.0,52870.0,52762.0,52782.0,958
1788339600,52787.0,52811.0,52729.0,52755.0,1025
1788343200,52755.0,52773.0,52729.0,52771.0,975
1788346800,52766.0,52954.0,52720.0,52952.0,1750
1788350400,52952.0,53020.0,52907.0,52911.0,2518
1788354000,52911.0,53110.0,52910.0,53101.0,11676
1788357600,53102.0,53283.0,53091.0,53238.0,9804
1788361200,53237.0,53249.0,53049.0,53119.0,6952
1788364800,53119.0,53119.0,53015.0,53044.0,3681
1788368400,53043.0,53094.0,53009.0,53083.0,3228
1788372000,53085.0,53143.0,53037.0,53069.0,3539
1788375600,53069.0,53159.0,53060.0,53130.0,7357
1788379200,53132.0,53171.0,53128.0,53136.0,2305
1788386400,53120.0,53148.0,53093.0,53141.0,0
1788390000,53145.0,53164.0,53133.0,53150.0,289
1788393600,53151.0,53161.0,53137.0,53140.0,544
1788397200,53142.0,53180.0,53136.0,53153.0,430
1788400800,53153.0,53190.0,53151.0,53181.0,242
1788404400,53178.0,53182.0,53166.0,53174.0,276
1788408000,53174.0,53177.0,53165.0,53170.0,230
1788411600,53173.0,53215.0,53112.0,53210.0,1019
1788415200,53210.0,53221.0,53140.0,53156.0,535
1788418800,53156.0,53219.0,53144.0,53196.0,632
1788422400,53192.0,53302.0,53192.0,53220.0,1660
1788426000,53223.0,53257.0,53156.0,53168.0,700
1788429600,53169.0,53188.0,53114.0,53149.0,836
1788433200,53146.0,53250.0,53143.0,53220.0,1213
1788436800,53213.0,53466.0,53203.0,53453.0,3464
1788440400,53452.0,53621.0,53392.0,53565.0,12610
1788444000,53562.0,53579.0,53354.0,53570.0,11817
1788447600,53569.0,53827.0,53557.0,53794.0,10634
1788451200,53793.0,53795.0,53696.0,53738.0,5637
1788454800,53738.0,53793.0,53704.0,53753.0,4179
1788458400,53765.0,53785.0,53737.0,53753.0,3027
1788462000,53753.0,53778.0,53725.0,53755.0,7782
1788465600,53756.0,53762.0,53714.0,53720.0,1788
1788472800,53707.0,53744.0,53703.0,53741.0,0
1788476400,53743.0,53746.0,53733.0,53744.0,205
1788480000,53741.0,53772.0,53728.0,53768.0,572
1788483600,53766.0,53769.0,53753.0,53760.0,370
1788487200,53761.0,53769.0,53755.0,53763.0,166
1788490800,53764.0,53764.0,53741.0,53745.0,224
1788494400,53742.0,53760.0,53734.0,53753.0,234
1788498000,53759.0,53767.0,53739.0,53754.0,550
1788501600,53751.0,53763.0,53716.0,53720.0,663
1788505200,53721.0,53751.0,53689.0,53714.0,1130
1788508800,53714.0,53739.0,53686.0,53727.0,918
1788512400,53726.0,53746.0,53685.0,53690.0,649
1788516000,53692.0,53727.0,53663.0,53699.0,859
1788519600,53698.0,53726.0,53678.0,53710.0,614
1788523200,53715.0,53727.0,53523.0,53589.0,5290
1788526800,53589.0,53671.0,53529.0,53533.0,11062
1788530400,53538.0,53552.0,53338.0,53349.0,9500
1788534000,53348.0,53437.0,53330.0,53413.0,6469
1788537600,53415.0,53515.0,53415.0,53468.0,3892
1788541200,53471.0,53477.0,53402.0,53427.0,3010
1788544800,53428.0,53479.0,53424.0,53450.0,2645
1788548400,53451.0,53461.0,53400.0,53446.0,8797
1788552000,53446.0,53447.0,53235.0,53440.0,3686
1788840000,53127.0,53137.0,53118.0,53122.0,220
1788843600,53122.0,53126.0,53022.0,53033.0,825
1788847200,53034.0,53038.0,52958.0,53025.0,1373
1788850800,53029.0,53077.0,52931.0,52952.0,1386
1788854400,52953.0,53008.0,52931.0,52989.0,1871
1788858000,52986.0,53084.0,52965.0,53082.0,1111
1788861600,53077.0,53142.0,53021.0,53030.0,1086
1788865200,53030.0,53063.0,52993.0,53058.0,1067
1788868800,53060.0,53119.0,52964.0,53110.0,2214
1788872400,53113.0,53125.0,52905.0,52916.0,12658
1788876000,52918.0,52945.0,52758.0,52883.0,10341
1788879600,52885.0,52943.0,52863.0,52868.0,5853
1788883200,52866.0,52901.0,52818.0,52866.0,4798
1788886800,52865.0,52951.0,52863.0,52927.0,2775
1788890400,52928.0,52952.0,52771.0,52816.0,4734
1788894000,52815.0,52902.0,52784.0,52842.0,9880
1788897600,52837.0,52845.0,52784.0,52808.0,2324
1788904800,52817.0,52834.0,52804.0,52834.0,0
1788908400,52835.0,52835.0,52782.0,52786.0,264
1788912000,52788.0,52831.0,52780.0,52812.0,777
1788915600,52809.0,52817.0,52774.0,52783.0,606
1788919200,52786.0,52797.0,52767.0,52788.0,377
1788922800,52786.0,52802.0,52775.0,52802.0,246
1788926400,52799.0,52825.0,52784.0,52822.0,230
1788930000,52822.0,52859.0,52806.0,52853.0,463
1788933600,52854.0,52857.0,52799.0,52810.0,558
1788937200,52812.0,52856.0,52776.0,52809.0,742
1788940800,52809.0,52812.0,52738.0,52753.0,859
1788944400,52753.0,52769.0,52582.0,52606.0,1908
1788948000,52607.0,52638.0,52486.0,52487.0,2501
1788951600,52488.0,52563.0,52475.0,52495.0,2624
1788955200,52493.0,52567.0,52406.0,52560.0,3004
1788958800,52557.0,52607.0,52400.0,52448.0,13030
1788962400,52448.0,52570.0,52383.0,52520.0,10254
1788966000,52521.0,52575.0,52339.0,52383.0,9861
1788969600,52383.0,52499.0,52345.0,52480.0,4588
1788973200,52477.0,52554.0,52465.0,52508.0,3897
1788976800,52504.0,52525.0,52465.0,52479.0,2573
1788980400,52482.0,52508.0,52410.0,52433.0,7527
1788984000,52432.0,52479.0,52427.0,52473.0,2058
1788991200,52473.0,52488.0,52462.0,52479.0,0
1788994800,52480.0,52505.0,52473.0,52503.0,254
1788998400,52508.0,52552.0,52488.0,52519.0,811
1789002000,52520.0,52553.0,52507.0,52551.0,684
1789005600,52551.0,52585.0,52547.0,52575.0,493
1789009200,52577.0,52599.0,52566.0,52595.0,409
1789012800,52599.0,52615.0,52590.0,52606.0,367
1789016400,52605.0,52636.0,52600.0,52630.0,623
1789020000,52634.0,52676.0,52629.0,52655.0,741
1789023600,52657.0,52663.0,52596.0,52619.0,1405
1789027200,52619.0,52637.0,52513.0,52530.0,1068
1789030800,52532.0,52544.0,52484.0,52518.0,860
1789034400,52519.0,52590.0,52508.0,52525.0,1264
1789038000,52527.0,52544.0,52448.0,52449.0,1012
1789041600,52448.0,52465.0,52235.0,52298.0,4553
1789045200,52301.0,52352.0,52093.0,52108.0,14138
1789048800,52104.0,52316.0,52039.0,52180.0,10945
1789052400,52179.0,52217.0,52096.0,52112.0,5953
1789056000,52110.0,52155.0,52043.0,52151.0,6002
1789059600,52150.0,52198.0,52049.0,52079.0,3524
1789063200,52078.0,52097.0,52004.0,52030.0,4200
1789066800,52029.0,52106.0,51992.0,52094.0,8274
1789070400,52092.0,52129.0,52075.0,52089.0,1978
1789077600,52059.0,52123.0,52059.0,52100.0,0
1789081200,52102.0,52124.0,52094.0,52102.0,587
1789084800,52102.0,52239.0,52093.0,52231.0,1373
1789088400,52233.0,52261.0,52192.0,52201.0,947
1789092000,52203.0,52211.0,52169.0,52182.0,353
1789095600,52178.0,52185.0,52152.0,52179.0,345
1789099200,52177.0,52250.0,52169.0,52236.0,549
1789102800,52236.0,52310.0,52221.0,52307.0,1208
1789106400,52307.0,52336.0,52279.0,52327.0,757
1789110000,52325.0,52344.0,52274.0,52285.0,910
1789113600,52290.0,52398.0,52254.0,52382.0,2093
1789117200,52386.0,52409.0,52350.0,52373.0,517
1789120800,52375.0,52414.0,52336.0,52382.0,686
1789124400,52381.0,52400.0,52353.0,52390.0,723
1789128000,52391.0,52639.0,52273.0,52632.0,5364
1789131600,52630.0,52739.0,52530.0,52687.0,15234
1789135200,52688.0,52692.0,52428.0,52470.0,13214
1789138800,52470.0,52664.0,52461.0,52606.0,6734
1789142400,52608.0,52687.0,52583.0,52678.0,4919
1789146000,52678.0,52703.0,52650.0,52664.0,3414
1789149600,52664.0,52681.0,52586.0,52602.0,4372
1789153200,52602.0,52626.0,52570.0,52585.0,6937
1789156800,52586.0,52604.0,52574.0,52576.0,1849
1789336800,52376.0,52570.0,52226.0,52434.0,1318
1789340400,52432.0,52464.0,52425.0,52440.0,116
1789344000,52430.0,52540.0,52422.0,52521.0,410
1789347600,52522.0,52625.0,52520.0,52614.0,408
1789351200,52613.0,52618.0,52591.0,52600.0,68
1789352709,52600.0,52600.0,52600.0,52600.0,0
