time,open,high,low,close,volume
1473739200,18293.0,18307.0,18024.0,18087.0,84678
1473825600,18108.0,18160.0,17988.0,18000.0,45823
1473912000,18017.0,18252.0,17962.0,18200.0,26695
1473998400,18197.0,18197.0,18122.0,18167.560546875,149887
1474257600,18058.0,18171.0,18004.0,18052.0,122943
1474344000,18058.0,18145.0,18031.0,18047.0,111843
1474430400,18037.0,18225.0,18011.0,18218.0,189572
1474516800,18215.0,18366.0,18193.0,18299.0,128681
1474603200,18297.0,18309.0,18165.0,18190.0,104660
1474862400,18172.0,18203.0,17993.0,18014.0,128492
1474948800,18011.0,18152.0,17959.0,18139.0,153632
1475035200,18127.0,18260.0,18090.0,18238.0,155607
1475121600,18232.0,18279.0,17999.0,18097.0,194374
1475208000,18074.0,18283.0,17989.0,18219.0,166300
1475467200,18203.0,18253.0,18108.0,18156.0,121065
1475553600,18164.0,18229.0,18022.0,18092.0,207369
1475640000,18085.0,18234.0,18054.0,18200.0,137416
1475726400,18192.0,18223.0,18076.0,18199.0,130210
1475812800,18192.0,18251.0,18061.0,18157.0,191030
1476158400,18264.0,18276.0,17968.0,18070.0,190865
1476244800,18056.0,18121.0,17991.0,18053.0,146994
1476331200,18019.0,18050.0,17868.0,18021.0,185060
1476417600,18017.0,18177.0,17988.0,18059.0,170631
1476676800,18050.0,18082.0,17973.0,18013.0,137630
1476763200,17990.0,18143.0,17976.0,18064.0,120223
1476849600,18059.0,18169.0,18031.0,18125.0,108311
1476936000,18127.0,18178.0,18047.0,18108.0,156282
1477022400,18095.0,18115.0,17965.0,18066.0,144869
1477281600,18080.0,18197.0,18061.0,18134.0,111904
1477368000,18138.0,18173.0,18067.0,18097.0,125524
1477454400,18073.0,18156.0,17975.0,18128.0,186078
1477540800,18127.0,18183.0,18065.0,18082.0,181633
1477627200,18096.0,18173.0,18010.0,18098.0,278900
1477886400,18065.0,18147.0,18032.0,18062.0,133450
1477972800,18080.0,18126.0,17856.0,17939.0,228082
1478059200,17935.0,17960.0,17825.0,17881.0,200698
1478145600,17862.0,17935.0,17821.0,17852.0,155396
1478232000,17844.0,17901.0,17799.0,17805.0,196117
1478494800,18000.0,18209.0,17983.0,18192.0,172027
1478581200,18188.0,18345.0,18129.0,18285.0,162218
1478667600,18304.0,18590.0,17418.0,18532.0,651872
1478754000,18533.0,18821.0,18492.0,18786.0,339145
1479099600,18806.0,18918.0,18762.0,18822.0,212519
1479186000,18821.0,18885.0,18756.0,18880.0,146311
1479272400,18874.0,18914.0,18793.0,18833.0,129349
1479358800,18833.0,18876.0,18812.0,18869.0,119808
1479445200,18870.0,18889.0,18823.0,18853.0,113076
1479704400,18852.0,18929.0,18834.0,18910.0,112690
1479790800,18919.0,19012.0,18912.0,18995.0,115567
1479877200,19000.0,19060.0,18975.0,19054.0,120477
1480050000,19065.0,19148.0,19032.0,19144.0,84532
1480309200,19125.0,19126.0,19042.0,19080.0,128399
1480395600,19087.0,19132.0,19059.0,19115.0,119176
1480482000,19119.0,19215.0,19100.0,19132.0,162273
1480568400,19143.0,19205.0,19113.0,19197.0,186012
1480654800,19189.0,19193.0,19133.0,19158.0,136560
1480914000,19110.0,19276.0,19083.0,19210.0,141710
1481000400,19214.0,19245.0,19176.0,19232.0,103826
1481086800,19237.0,19558.0,19218.0,19517.0,164281
1481173200,19522.0,19665.0,19494.0,19621.0,192372
1481259600,19615.0,19783.0,19611.0,19769.0,71100
1481518800,19773.0,19876.0,19751.0,19781.0,68749
1481605200,19789.0,19957.0,19774.0,19912.0,55556
1481691600,19912.0,19968.0,19749.0,19824.0,52320
1481778000,19823.0,19955.0,19779.0,19863.0,41658
1481864400,19881.0,19918.400390625,19860.0,19918.400390625,129984
1482123600,19800.0,19860.0,19792.0,19837.0,87037
1482210000,19838.0,19933.0,19833.0,19899.0,81800
1482296400,19916.0,19930.0,19872.0,19891.0,64397
1482382800,19875.0,19899.0,19830.0,19873.0,71706
1482469200,19867.0,19890.0,19845.0,19874.0,42113
1482814800,19863.0,19922.0,19860.0,19876.0,45577
1482901200,19880.0,19920.0,19769.0,19775.0,88829
1482987600,19779.0,19817.0,19729.0,19759.0,86353
1483074000,19770.0,19817.0,19661.0,19720.0,109475
1483419600,19757.0,19879.0,19703.0,19798.0,151885
1483506000,19798.0,19881.0,19787.0,19856.0,104361
1483592400,19865.0,19872.0,19733.0,19821.0,108860
1483678800,19821.0,19925.0,19760.0,19897.0,121917
1483938000,19887.0,19922.0,19816.0,19828.0,85834
1484024400,19826.0,19885.0,19765.0,19788.0,110885
1484110800,19798.0,19904.0,19757.0,19877.0,185272
1484197200,19880.0,19882.0,19692.0,19803.0,151822
1484283600,19807.0,19878.0,19772.0,19832.0,99768
1484629200,19828.0,19830.0,19698.0,19743.0,140716
1484715600,19746.0,19791.0,19669.0,19735.0,121032
1484802000,19728.0,19758.0,19607.0,19694.0,119383
1484888400,19652.0,19779.0,19652.0,19745.0,150968
1485147600,19746.0,19771.0,19666.0,19735.0,129845
1485234000,19725.0,19882.0,19718.0,19844.0,121989
1485320400,19851.0,20016.0,19847.0,20003.0,123956
1485406800,20003.0,20069.0,19991.0,20051.0,109273
1485493200,20051.0,20073.0,20005.0,20012.0,77803
1485752400,19969.0,19993.0,19800.0,19888.0,148335
1485838800,19883.0,19891.0,19713.0,19792.0,149470
1485925200,19814.0,19896.0,19774.0,19816.0,133901
1486011600,19826.0,19851.0,19735.0,19821.0,130390
1486098000,19818.0,20007.0,19783.0,19986.0,132981
1486357200,19992.0,20021.0,19932.0,19972.0,108426
1486443600,19966.0,20086.0,19957.0,20018.0,111316
1486530000,20006.0,20052.0,19966.0,20002.0,107592
1486616400,20010.0,20158.0,19982.0,20136.0,113826
1486702800,20133.0,20248.0,20127.0,20223.0,99922
1486962000,20233.0,20396.0,20226.0,20383.0,106394
1487048400,20382.0,20496.0,20346.0,20482.0,120445
1487134800,20482.0,20632.0,20468.0,20623.0,133210
1487221200,20617.0,20626.0,20536.0,20594.0,137885
1487307600,20594.0,20605.0,20506.0,20588.0,122287
1487653200,20583.0,20735.0,20568.0,20688.0,147852
1487739600,20693.0,20769.0,20667.0,20749.0,120216
1487826000,20762.0,20817.0,20724.0,20797.0,138561
1487912400,20784.0,20799.0,20695.0,20787.0,138230
1488171600,20777.0,20834.0,20748.0,20813.0,122654
1488258000,20808.0,20834.0,20769.0,20807.0,113242
1488344400,20836.0,21162.0,20810.0,21091.0,204334
1488430800,21074.0,21130.0,20972.0,21006.0,151866
1488517200,20984.0,21037.0,20926.0,20981.0,135151
1488776400,20975.0,20980.0,20894.0,20957.0,117681
1488862800,20925.0,20965.0,20893.0,20913.0,113939
1488949200,20910.0,20957.0,20837.0,20868.0,151456
1489035600,20859.0,20907.0,20781.0,20869.0,178610
1489122000,20876.0,21021.0,20829.0,20892.0,110718
1489377600,20886.0,20926.0,20850.0,20888.0,53340
1489464000,20884.0,20890.0,20788.0,20847.0,60314
1489550400,20858.0,20978.0,20851.0,20944.0,44285
1489636800,20930.0,21028.0,20893.0,20940.0,25420
1489723200,20938.0,20975.0,20915.0,20972.490234375,105018
1489982400,20851.0,20901.0,20824.0,20868.0,104838
1490068800,20855.0,20917.0,20603.0,20627.0,266691
1490155200,20600.0,20633.0,20525.0,20596.0,208619
1490241600,20589.0,20702.0,20561.0,20588.0,187184
1490328000,20599.0,20674.0,20476.0,20575.0,180188
1490587200,20527.0,20528.0,20356.0,20497.0,175580
1490673600,20525.0,20678.0,20459.0,20625.0,158903
1490760000,20635.0,20663.0,20563.0,20601.0,103586
1490846400,20597.0,20694.0,20570.0,20660.0,104368
1490932800,20666.0,20671.0,20596.0,20604.0,105486
1491192000,20599.0,20648.0,20451.0,20590.0,151669
1491278400,20580.0,20653.0,20512.0,20634.0,112384
1491364800,20658.0,20828.0,20557.0,20577.0,184153
1491451200,20571.0,20690.0,20512.0,20605.0,159505
1491537600,20620.0,20669.0,20462.0,20599.0,166432
1491796800,20609.0,20691.0,20551.0,20598.0,139608
1491883200,20606.0,20623.0,20448.0,20593.0,191207
1491969600,20596.0,20639.0,20490.0,20516.0,157299
1492056000,20498.0,20549.0,20388.0,20414.0,161544
1492401600,20380.0,20581.0,20373.0,20569.0,98949
1492488000,20562.0,20584.0,20394.0,20433.0,163328
1492574400,20424.0,20486.0,20311.0,20335.0,134881
1492660800,20335.0,20567.0,20328.0,20528.0,149080
1492747200,20530.0,20553.0,20443.0,20503.0,117723
1493006400,20599.0,20732.0,20599.0,20696.0,135562
1493092800,20696.0,20967.0,20686.0,20945.0,126509
1493179200,20930.0,21010.0,20900.0,20905.0,164795
1493265600,20900.0,20949.0,20871.0,20898.0,116450
1493352000,20896.0,20929.0,20859.0,20874.0,89493
1493611200,20894.0,20923.0,20829.0,20873.0,86530
1493697600,20871.0,20894.0,20836.0,20865.0,75155
1493784000,20856.0,20907.0,20805.0,20879.0,97914
1493870400,20872.0,20946.0,20775.0,20871.0,132693
1493956800,20876.0,20972.0,20813.0,20954.0,95622
1494216000,21001.0,21010.0,20902.0,20941.0,83336
1494302400,20943.0,20987.0,20875.0,20907.0,88501
1494388800,20891.0,20935.0,20841.0,20893.0,95700
1494475200,20887.0,20898.0,20760.0,20870.0,125739
1494561600,20873.0,20878.0,20826.0,20848.0,83758
1494820800,20856.0,20962.0,20846.0,20930.0,90412
1494907200,20940.0,20995.0,20894.0,20935.0,101235
1494993600,20936.0,20936.0,20581.0,20605.0,246950
1495080000,20566.0,20740.0,20474.0,20644.0,284802
1495166400,20640.0,20837.0,20622.0,20787.0,154499
1495425600,20788.0,20893.0,20766.0,20878.0,99247
1495512000,20888.0,20941.0,20837.0,20915.0,101974
1495598400,20907.0,20998.0,20894.0,20985.0,95790
1495684800,20997.0,21095.0,20987.0,21063.0,113070
1495771200,21055.0,21076.0,21020.0,21066.0,78293
1496116800,21070.0,21091.0,20998.0,21015.0,101700
1496203200,21020.0,21060.0,20929.0,21002.0,128420
1496289600,21031.0,21140.0,20986.0,21132.0,120297
1496376000,21136.0,21227.0,21125.0,21203.0,127109
1496635200,21185.0,21220.0,21164.0,21176.0,72057
1496721600,21177.0,21185.0,21114.0,21156.0,114810
1496808000,21145.0,21188.0,21108.0,21163.0,121187
1496894400,21166.0,21270.0,21133.0,21178.0,131835
1496980800,21139.0,21301.0,21127.0,21251.0,121235
1497240000,21251.0,21267.0,21181.0,21226.0,63290
1497326400,21225.0,21336.0,21220.0,21322.0,55548
1497412800,21322.0,21388.0,21289.0,21371.0,34520
1497499200,21363.0,21375.0,21263.0,21363.0,41585
1497585600,21363.0,21414.0,21341.0,21360.109375,116376
1497844800,21367.0,21480.0,21349.0,21461.0,107501
1497931200,21471.0,21494.0,21416.0,21437.0,114957
1498017600,21422.0,21450.0,21341.0,21378.0,144469
1498104000,21362.0,21408.0,21342.0,21348.0,100300
1498190400,21350.0,21376.0,21282.0,21339.0,106186
1498449600,21320.0,21454.0,21308.0,21368.0,117059
1498536000,21365.0,21389.0,21265.0,21291.0,165483
1498622400,21268.0,21437.0,21253.0,21402.0,157387
1498708800,21427.0,21451.0,21138.0,21255.0,239968
1498795200,21264.0,21366.0,21232.0,21300.0,147374
1499088600,21306.0,21508.0,21306.0,21436.0,93477
1499227200,21420.0,21473.0,21348.0,21422.0,159867
1499313600,21420.0,21441.0,21257.0,21280.0,143721
1499400000,21279.0,21377.0,21264.0,21370.0,106494
1499659200,21359.0,21401.0,21315.0,21359.0,88382
1499745600,21352.0,21389.0,21226.0,21367.0,131431
1499832000,21381.0,21531.0,21359.0,21483.0,120415
1499918400,21483.0,21519.0,21459.0,21509.0,76753
1500004800,21515.0,21628.0,21470.0,21595.0,101194
1500264000,21596.0,21621.0,21561.0,21581.0,77044
1500350400,21589.0,21609.0,21416.0,21520.0,115609
1500436800,21518.0,21605.0,21503.0,21596.0,75838
1500523200,21581.0,21624.0,21525.0,21581.0,99138
1500609600,21579.0,21590.0,21451.0,21518.0,98870
1500868800,21515.0,21529.0,21444.0,21499.0,77342
1500955200,21495.0,21640.0,21482.0,21560.0,115421
1501041600,21563.0,21687.0,21547.0,21646.0,103284
1501128000,21636.0,21750.0,21632.0,21743.0,145893
1501214400,21740.0,21784.0,21684.0,21775.0,106336
1501473600,21775.0,21876.0,21749.0,21842.0,94740
1501560000,21857.0,21961.0,21850.0,21904.0,104872
1501646400,21932.0,22025.0,21912.0,21957.0,98542
1501732800,21972.0,21989.0,21928.0,21974.0,85530
1501819200,21981.0,22046.0,21956.0,22017.0,99367
1502078400,22022.0,22081.0,22019.0,22062.0,58492
1502164800,22066.0,22132.0,22009.0,22030.0,108182
1502251200,22023.0,22031.0,21961.0,22018.0,142068
1502337600,22029.0,22034.0,21799.0,21836.0,209507
1502424000,21817.0,21884.0,21790.0,21848.0,147335
1502683200,21851.0,21988.0,21851.0,21952.0,104805
1502769600,21957.0,22034.0,21942.0,21977.0,100758
1502856000,21988.0,22067.0,21969.0,22011.0,108643
1502942400,22015.0,22019.0,21690.0,21733.0,193644
1503028800,21716.0,21773.0,21622.0,21679.0,181899
1503288000,21689.0,21720.0,21579.0,21692.0,128742
1503374400,21699.0,21897.0,21694.0,21886.0,121880
1503460800,21886.0,21900.0,21779.0,21795.0,129593
1503547200,21793.0,21863.0,21745.0,21786.0,131401
1503633600,21798.0,21893.0,21757.0,21809.0,116022
1503892800,21802.0,21859.0,21750.0,21791.0,89951
1503979200,21751.0,21879.0,21644.0,21874.0,159945
1504065600,21872.0,21959.0,21832.0,21871.0,115725
1504152000,21886.0,21985.0,21874.0,21950.0,114407
1504238400,21976.0,22037.0,21966.0,21980.0,87130
1504584000,21885.0,21948.0,21703.0,21764.0,211617
1504670400,21781.0,21844.0,21740.0,21812.0,134473
1504756800,21800.0,21853.0,21747.0,21804.0,150006
1504843200,21800.0,21844.0,21713.0,21812.0,103108
1505102400,21848.0,22077.0,21848.0,22053.0,69540
1505188800,22066.0,22135.0,22055.0,22124.0,40740
1505275200,22130.0,22157.0,22089.0,22149.0,35411
1505361600,22155.0,22242.0,22112.0,22216.0,26364
1505448000,22213.0,22283.150390625,22175.0,22283.150390625,102050
1505707200,22227.0,22314.0,22223.0,22299.0,106599
1505793600,22299.0,22343.0,22296.0,22336.0,84470
1505880000,22344.0,22389.0,22274.0,22376.0,118814
1505966400,22372.0,22387.0,22317.0,22333.0,96180
1506052800,22326.0,22334.0,22258.0,22299.0,112069
1506312000,22300.0,22343.0,22174.0,22276.0,144993
1506398400,22283.0,22324.0,22235.0,22259.0,102488
1506484800,22250.0,22326.0,22208.0,22298.0,115420
1506571200,22288.0,22345.0,22237.0,22320.0,94355
1506657600,22319.0,22351.0,22281.0,22346.0,82473
1506916800,22355.0,22520.0,22347.0,22507.0,104284
1507003200,22512.0,22622.0,22500.0,22608.0,75523
1507089600,22610.0,22631.0,22580.0,22607.0,73327
1507176000,22597.0,22744.0,22596.0,22740.0,71116
1507262400,22730.0,22739.0,22680.0,22694.0,77797
1507521600,22676.0,22751.0,22676.0,22711.0,62206
1507608000,22707.0,22799.0,22706.0,22784.0,86327
1507694400,22780.0,22819.0,22758.0,22816.0,68158
1507780800,22813.0,22835.0,22770.0,22798.0,70452
1507867200,22786.0,22852.0,22779.0,22830.0,74008
1508126400,22825.0,22906.0,22821.0,22898.0,75403
1508212800,22895.0,22973.0,22886.0,22951.0,77237
1508299200,22964.0,23124.0,22961.0,23114.0,85637
1508385600,23113.0,23124.0,22951.0,23114.0,138863
1508472000,23115.0,23283.0,23106.0,23277.0,121588
1508731200,23272.0,23320.0,23214.0,23228.0,103260
1508817600,23220.0,23436.0,23220.0,23403.0,132148
1508904000,23389.0,23416.0,23203.0,23301.0,189234
1508990400,23311.0,23404.0,23289.0,23349.0,125498
1509076800,23356.0,23408.0,23297.0,23372.0,126170
1509336000,23361.0,23386.0,23274.0,23291.0,117371
1509422400,23290.0,23352.0,23269.0,23325.0,85154
1509508800,23334.0,23464.0,23320.0,23372.0,135446
1509595200,23359.0,23472.0,23289.0,23444.0,135674
1509681600,23455.0,23494.0,23416.0,23449.0,97920
1509944400,23444.0,23507.0,23407.0,23487.0,90269
1510030800,23501.0,23557.0,23414.0,23488.0,116835
1510117200,23461.0,23507.0,23434.0,23491.0,97478
1510203600,23491.0,23535.0,23260.0,23416.0,222954
1510290000,23403.0,23447.0,23338.0,23382.0,113940
1510549200,23397.0,23429.0,23288.0,23406.0,110344
1510635600,23398.0,23424.0,23231.0,23375.0,143451
1510722000,23366.0,23366.0,23205.0,23262.0,166036
1510808400,23260.0,23464.0,23244.0,23424.0,136359
1510894800,23416.0,23440.0,23305.0,23316.0,125397
1511154000,23318.0,23427.0,23241.0,23395.0,110122
1511240400,23398.0,23586.0,23375.0,23543.0,113831
1511326800,23550.0,23599.0,23476.0,23485.0,74052
1511533800,23485.0,23569.0,23432.0,23517.0,74052
1511758800,23515.0,23616.0,23475.0,23562.0,101427
1511845200,23563.0,23827.0,23522.0,23811.0,143563
1511931600,23804.0,23946.0,23790.0,23918.0,158617
1512018000,23918.0,24328.0,23892.0,24274.0,210841
1512104400,24235.0,24325.0,23924.0,24238.0,346046
1512363600,24346.0,24536.0,24265.0,24305.0,196164
1512450000,24294.0,24388.0,24154.0,24175.0,159349
1512536400,24177.0,24231.0,24083.0,24157.0,133152
1512622800,24167.0,24263.0,24073.0,24231.0,127113
1512709200,24234.0,24334.0,24218.0,24318.0,102292
1512968400,24325.0,24435.0,24321.0,24401.0,66296
1513054800,24428.0,24556.0,24398.0,24526.0,58817
1513141200,24525.0,24668.0,24466.0,24627.0,53863
1513227600,24630.0,24684.0,24517.0,24537.0,40787
1513314000,24543.0,24669.640625,24533.0,24669.640625,117089
1513573200,24703.0,24896.0,24693.0,24823.0,114155
1513659600,24825.0,24893.0,24730.0,24775.0,114531
1513746000,24772.0,24880.0,24706.0,24739.0,117525
1513832400,24736.0,24860.0,24714.0,24778.0,89253
1513918800,24793.0,24843.0,24729.0,24766.0,43677
1514264400,24779.0,24798.0,24707.0,24792.0,43677
1514350800,24792.0,24821.0,24762.0,24788.0,65184
1514437200,24791.0,24840.0,24784.0,24797.0,59438
1514523600,24808.0,24886.0,24667.0,24735.0,74016
1514869200,24735.0,24857.0,24716.0,24768.0,105418
1514955600,24796.0,24908.0,24768.0,24878.0,93398
1515042000,24884.0,25082.0,24878.0,25053.0,115656
1515128400,25067.0,25282.0,25059.0,25269.0,106856
1515387600,25272.0,25359.0,25210.0,25250.0,108698
1515474000,25246.0,25415.0,25238.0,25373.0,125138
1515560400,25354.0,25384.0,25222.0,25351.0,143641
1515646800,25351.0,25561.0,25330.0,25555.0,115640
1515733200,25539.0,25813.0,25531.0,25801.0,152582
1516078800,25813.0,26061.0,25682.0,25819.0,309926
1516165200,25828.0,26120.0,25775.0,26098.0,188028
1516251600,26084.0,26149.0,25912.0,25941.0,190652
1516338000,25944.0,26086.0,25876.0,26046.0,166335
1516597200,25981.0,26225.0,25944.0,26195.0,140635
1516683600,26201.0,26315.0,26135.0,26201.0,183153
1516770000,26185.0,26387.0,26087.0,26270.0,239662
1516856400,26265.0,26437.0,26210.0,26376.0,222390
1516942800,26381.0,26608.0,26381.0,26604.0,145941
1517202000,26584.0,26684.0,26416.0,26430.0,212388
1517288400,26417.0,26477.0,26005.0,26055.0,306912
1517374800,26045.0,26310.0,26026.0,26136.0,243904
1517461200,26162.0,26280.0,25922.0,26172.0,290184
1517547600,26172.0,26215.0,25410.0,25428.0,353706
1517806800,25431.0,25477.0,23691.0,23938.0,596827
1517893200,24087.0,24890.0,23088.0,24800.0,655987
1517979600,24742.0,25239.0,24503.0,24735.0,429666
1518066000,24716.0,24928.0,23800.0,23970.0,492406
1518152400,23969.0,24350.0,23325.0,24167.0,522982
1518411600,24251.0,24734.0,24218.0,24583.0,300836
1518498000,24573.0,24674.0,24371.0,24626.0,257768
1518584400,24629.0,24897.0,24280.0,24863.0,335702
1518670800,24859.0,25250.0,24792.0,25234.0,283559
1518757200,25230.0,25424.0,25113.0,25236.0,260426
1519102800,25228.0,25341.0,24866.0,24948.0,286769
1519189200,24951.0,25257.0,24724.0,24782.0,254310
1519275600,24783.0,25137.0,24576.0,25013.0,276484
1519362000,25019.0,25325.0,24996.0,25314.0,0
1519621200,25328.0,25774.0,25300.0,25758.0,192591
1519707600,25758.0,25813.0,25388.0,25429.0,310010
1519794000,25411.0,25577.0,25018.0,25038.0,271877
1519880400,25090.0,25185.0,24431.0,24620.0,453185
1519966800,24616.0,24670.0,24204.0,24535.0,397219
1520226000,24483.0,24955.0,24311.0,24864.0,309960
1520312400,24885.0,25047.0,24695.0,24852.0,262663
1520398800,24659.0,24845.0,24410.0,24795.0,314554
1520485200,24784.0,24956.0,24704.0,24892.0,230598
1520571600,24879.0,25346.0,24841.0,25335.0,153047
1520827200,25335.0,25510.0,25151.0,25208.0,116773
1520913600,25196.0,25378.0,24945.0,25027.0,102168
1521000000,24985.0,25153.0,24670.0,24770.0,83890
1521086400,24784.0,25059.0,24675.0,24907.0,60747
1521172800,24921.0,24948.0,24823.0,24879.169921875,173972
1521432000,24976.0,24984.0,24461.0,24691.0,272836
1521518400,24671.0,24813.0,24608.0,24765.0,190952
1521604800,24769.0,24998.0,24660.0,24727.0,225022
1521691200,24732.0,24803.0,23932.0,23963.0,408367
1521777600,23999.0,24103.0,23496.0,23612.0,483124
1522036800,23609.0,24223.0,23551.0,24191.0,321554
1522123200,24201.0,24435.0,23691.0,23859.0,380198
1522209600,23854.0,24075.0,23707.0,23860.0,492033
1522296000,23889.0,24288.0,23797.0,24147.0,300100
1522641600,24097.0,24147.0,23306.0,23552.0,358651
1522728000,23609.0,24010.0,23545.0,23984.0,359073
1522814400,23981.0,24282.0,23361.0,24265.0,382535
1522900800,24250.0,24596.0,24234.0,24468.0,274168
1522987200,24483.0,24506.0,23700.0,23926.0,426617
1523246400,23948.0,24346.0,23911.0,24012.0,271313
1523332800,24004.0,24482.0,23947.0,24351.0,358832
1523419200,24360.0,24367.0,24062.0,24167.0,242696
1523505600,24176.0,24561.0,24141.0,24459.0,231525
1523592000,24453.0,24627.0,24206.0,24336.0,276551
1523851200,24444.0,24644.0,24381.0,24563.0,199910
1523937600,24560.0,24827.0,24550.0,24707.0,176912
1524024000,24699.0,24809.0,24673.0,24733.0,150510
1524110400,24742.0,24781.0,24514.0,24637.0,192290
1524196800,24633.0,24665.0,24338.0,24433.0,201071
1524456000,24542.0,24554.0,24290.0,24414.0,174321
1524542400,24431.0,24600.0,23786.0,23984.0,342249
1524628800,23998.0,24108.0,23782.0,24078.0,284650
1524715200,24116.0,24363.0,24013.0,24316.0,204755
1524801600,24311.0,24317.0,24147.0,24283.0,173850
1525060800,24279.0,24458.0,24099.0,24131.0,186410
1525147200,24106.0,24188.0,23753.0,24071.0,215013
1525233600,24092.0,24136.0,23797.0,23825.0,211176
1525320000,23820.0,23940.0,23467.0,23910.0,329134
1525406400,23904.0,24280.0,23721.0,24228.0,233196
1525665600,24226.0,24425.0,24204.0,24301.0,172201
1525752000,24284.0,24355.0,24135.0,24307.0,219324
1525838400,24293.0,24542.0,24267.0,24502.0,191821
1525924800,24509.0,24766.0,24472.0,24692.0,155974
1526011200,24677.0,24847.0,24675.0,24823.0,146145
1526270400,24811.0,24971.0,24811.0,24886.0,134517
1526356800,24868.0,24895.0,24603.0,24660.0,204096
1526443200,24676.0,24778.0,24614.0,24740.0,137023
1526529600,24741.0,24836.0,24631.0,24704.0,165080
1526616000,24704.0,24803.0,24655.0,24721.0,154189
1526875200,24854.0,25080.0,24854.0,25002.0,162324
1526961600,24997.0,25066.0,24805.0,24845.0,143053
1527048000,24836.0,24879.0,24627.0,24859.0,219951
1527134400,24849.0,24868.0,24584.0,24803.0,204225
1527220800,24804.0,24906.0,24674.0,24730.0,179845
1527566400,24770.0,24788.0,24227.0,24377.0,351107
1527652800,24398.0,24715.0,24325.0,24669.0,220229
1527739200,24636.0,24705.0,24342.0,24417.0,249110
1527825600,24440.0,24679.0,24419.0,24629.0,180922
1528084800,24619.0,24863.0,24571.0,24796.0,138703
1528171200,24808.0,24860.0,24709.0,24822.0,140335
1528257600,24828.0,25161.0,24812.0,25140.0,181641
1528344000,25148.0,25327.0,25119.0,25268.0,227962
1528430400,25257.0,25329.0,25076.0,25307.0,118435
1528689600,25275.0,25400.0,25232.0,25329.0,73746
1528776000,25317.0,25385.0,25239.0,25296.0,64694
1528862400,25326.0,25358.0,25181.0,25184.0,49128
1528948800,25180.0,25329.0,25127.0,25185.0,40976
1529035200,25204.0,25204.0,24963.0,25058.330078125,240917
1529294400,25074.0,25148.0,24839.0,25016.0,163171
1529380800,25001.0,25017.0,24569.0,24715.0,268359
1529467200,24715.0,24858.0,24632.0,24670.0,181063
1529553600,24673.0,24795.0,24403.0,24472.0,237197
1529640000,24457.0,24664.0,24445.0,24599.0,156310
1529899200,24599.0,24615.0,24077.0,24279.0,310488
1529985600,24283.0,24375.0,24216.0,24303.0,197417
1530072000,24279.0,24564.0,24079.0,24135.0,311825
1530158400,24144.0,24295.0,23978.0,24220.0,263092
1530244800,24247.0,24496.0,24207.0,24265.0,207549
1530504000,24274.0,24324.0,24026.0,24286.0,199515
1530624600,24298.0,24445.0,24128.0,24163.0,134117
1530763200,24160.0,24364.0,24114.0,24343.0,203143
1530849600,24319.0,24507.0,24241.0,24456.0,168009
1531108800,24457.0,24791.0,24453.0,24774.0,142170
1531195200,24780.0,24937.0,24745.0,24927.0,160488
1531281600,24752.0,24805.0,24611.0,24689.0,220425
1531368000,24710.0,24927.0,24680.0,24894.0,168031
1531454400,24903.0,25028.0,24869.0,25004.0,140813
1531713600,25025.0,25090.0,24962.0,25041.0,108198
1531800000,25056.0,25141.0,24971.0,25106.0,139246
1531886400,25118.0,25197.0,25081.0,25161.0,108762
1531972800,25164.0,25209.0,25034.0,25059.0,141010
1532059200,25057.0,25110.0,24912.0,25030.0,141062
1532318400,25088.0,25088.0,24952.0,25033.0,114420
1532404800,25027.0,25268.0,25022.0,25214.0,183688
1532491200,25216.0,25451.0,25088.0,25403.0,183826
1532577600,25437.0,25568.0,25392.0,25525.0,156245
1532664000,25505.0,25572.0,25348.0,25414.0,194279
1532923200,25422.0,25475.0,25264.0,25285.0,152238
1533009600,25304.0,25486.0,25272.0,25395.0,148713
1533096000,25472.0,25472.0,25247.0,25289.0,142699
1533182400,25313.0,25332.0,25087.0,25305.0,155369
1533268800,25327.0,25437.0,25260.0,25410.0,115235
1533528000,25424.0,25508.0,25346.0,25468.0,96912
1533614400,25473.0,25661.0,25460.0,25600.0,108087
1533700800,25620.0,25632.0,25501.0,25536.0,97164
1533787200,25505.0,25603.0,25459.0,25493.0,96582
1533873600,25478.0,25490.0,25215.0,25331.0,174863
1534132800,25333.0,25371.0,25141.0,25215.0,166859
1534219200,25224.0,25334.0,25192.0,25294.0,122398
1534305600,25318.0,25318.0,24955.0,25187.0,222573
1534392000,25209.0,25608.0,25147.0,25592.0,170510
1534478400,25578.0,25731.0,25506.0,25674.0,148777
1534737600,25703.0,25791.0,25663.0,25758.0,102528
1534824000,25754.0,25885.0,25721.0,25807.0,106828
1534910400,25733.0,25836.0,25677.0,25717.0,120095
1534996800,25731.0,25767.0,25607.0,25671.0,127109
1535083200,25682.0,25828.0,25653.0,25792.0,111236
1535342400,25809.0,26089.0,25805.0,26077.0,108051
1535428800,26079.0,26156.0,26044.0,26085.0,110164
1535515200,26092.0,26185.0,26050.0,26147.0,104664
1535601600,26155.0,26168.0,25946.0,26010.0,141399
1535688000,25974.0,26049.0,25896.0,25988.0,133440
1536033600,26021.0,26080.0,25817.0,25985.0,180653
1536120000,26000.0,26026.0,25841.0,25973.0,173923
1536206400,25990.0,26100.0,25894.0,26025.0,201868
1536292800,26003.0,26038.0,25833.0,25959.0,206054
1536552000,25940.0,26061.0,25874.0,25905.0,145079
1536638400,25897.0,26038.0,25764.0,26002.0,153176
1536724800,26008.0,26164.0,25940.0,26014.0,198741
1536811200,26004.0,26203.0,25980.0,26160.0,162906
1536897600,26161.0,26237.0,26078.0,26158.0,108420
1537156800,26159.0,26195.0,26042.0,26076.0,81130
1537243200,26068.0,26331.0,25966.0,26274.0,58830
1537329600,26290.0,26477.0,26237.0,26434.0,56272
1537416000,26448.0,26717.0,26430.0,26696.0,36176
1537502400,26689.0,26797.0,26689.0,26772.0390625,145752
1537761600,26709.0,26739.0,26577.0,26610.0,148656
1537848000,26621.0,26704.0,26501.0,26520.0,136466
1537934400,26524.0,26627.0,26369.0,26419.0,152942
1538020800,26417.0,26576.0,26357.0,26473.0,163378
1538107200,26498.0,26534.0,26347.0,26476.0,177168
1538366400,26524.0,26754.0,26516.0,26678.0,164208
1538452800,26685.0,26837.0,26552.0,26807.0,164667
1538539200,26813.0,26966.0,26776.0,26872.0,166493
1538625600,26832.0,26832.0,26483.0,26652.0,266898
1538712000,26671.0,26736.0,26311.0,26492.0,273829
1538971200,26520.0,26549.0,26226.0,26544.0,222641
1539057600,26531.0,26562.0,26337.0,26481.0,235037
1539144000,26472.0,26522.0,25431.0,25519.0,413483
1539230400,25456.0,25680.0,24893.0,25185.0,696205
1539316800,25209.0,25545.0,24990.0,25316.0,438111
1539576000,25344.0,25471.0,25111.0,25201.0,294513
1539662400,25166.0,25805.0,25166.0,25782.0,250411
1539748800,25725.0,25845.0,25461.0,25736.0,270453
1539835200,25704.0,25726.0,25217.0,25381.0,314790
1539921600,25383.0,25596.0,25338.0,25428.0,267838
1540180800,25369.0,25566.0,25220.0,25294.0,229965
1540267200,25297.0,25310.0,24750.0,25244.0,344634
1540353600,25240.0,25338.0,24511.0,24616.0,348985
1540440000,24724.0,25079.0,24571.0,24877.0,321207
1540526400,24804.0,24885.0,24415.0,24746.0,430291
1540785600,24715.0,25007.0,24086.0,24431.0,371503
1540872000,24368.0,24900.0,24330.0,24859.0,345523
1540958400,24882.0,25303.0,24823.0,25077.0,246406
1541044800,25047.0,25362.0,25046.0,25325.0,214660
1541131200,25208.0,25684.0,25035.0,25241.0,304443
1541394000,25220.0,25465.0,25131.0,25441.0,175812
1541480400,25442.0,25660.0,25365.0,25641.0,152627
1541566800,25621.0,26198.0,25534.0,26182.0,245257
1541653200,26182.0,26268.0,26069.0,26200.0,177079
1541739600,26183.0,26236.0,25874.0,25973.0,208227
1541998800,25975.0,26096.0,25334.0,25381.0,247423
1542085200,25405.0,25566.0,25181.0,25330.0,276955
1542171600,25368.0,25489.0,24922.0,25044.0,294560
1542258000,25073.0,25349.0,24782.0,25305.0,350722
1542344400,25311.0,25505.0,25096.0,25451.0,238921
1542603600,25385.0,25492.0,24890.0,25029.0,248295
1542690000,25026.0,25042.0,24355.0,24437.0,338527
1542776400,24434.0,24659.0,24382.0,24465.0,200252
1542983400,24338.0,24427.0,24246.0,24260.0,170950
1543208400,24275.0,24664.0,24270.0,24599.0,189542
1543294800,24504.0,24781.0,24404.0,24742.0,231349
1543381200,24772.0,25370.0,24727.0,25344.0,248227
1543467600,25325.0,25483.0,25206.0,25391.0,195522
1543554000,25378.0,25602.0,25223.0,25539.0,167055
1543813200,25813.0,26088.0,25685.0,25846.0,246839
1543899600,25840.0,25840.0,24999.0,25046.0,333857
1544072400,25133.0,25141.0,24256.0,24907.0,487528
1544158800,24918.0,25114.0,24297.0,24432.0,396882
1544418000,24313.0,24517.0,23894.0,24490.0,431767
1544504400,24475.0,24823.0,24231.0,24422.0,347238
1544590800,24352.0,24844.0,24336.0,24566.0,282640
1544677200,24574.0,24753.0,24481.0,24571.0,274391
1544763600,24586.0,24610.0,24042.0,24113.0,173885
1545022800,24003.0,24226.0,23462.0,23672.0,153482
1545109200,23685.0,23939.0,23528.0,23602.0,109462
1545195600,23536.0,24086.0,23168.0,23316.0,79979
1545282000,23316.0,23449.0,22644.0,23002.0,55977
1545368400,23032.0,23088.0,22785.279296875,22785.279296875,425491
1545661800,22379.0,22572.0,21681.0,21700.0,247770
1545800400,21730.0,22969.0,21452.0,22898.0,359441
1545886800,22875.0,23200.0,22242.0,23153.0,359456
1545973200,23118.0,23372.0,22957.0,23035.0,317883
1546232400,23134.0,23352.0,23090.0,23268.0,173053
1546405200,23320.0,23417.0,22786.0,23325.0,315923
1546491600,23065.0,23123.0,22615.0,22659.0,346019
1546578000,22708.0,23504.0,22563.0,23395.0,320826
1546837200,23470.0,23668.0,23279.0,23512.0,238574
1546923600,23530.0,23848.0,23497.0,23743.0,246033
1547010000,23724.0,23966.0,23712.0,23830.0,235891
1547096400,23826.0,23999.0,23640.0,23953.0,228649
1547182800,23958.0,23994.0,23765.0,23950.0,173649
1547442000,23919.0,23937.0,23696.0,23867.0,163417
1547528400,23867.0,24073.0,23825.0,23984.0,224202
1547614800,23981.0,24259.0,23959.0,24151.0,184061
1547701200,24160.0,24449.0,24010.0,24321.0,201765
1547787600,24336.0,24745.0,24298.0,24687.0,215532
1548133200,24690.0,24702.0,24216.0,24390.0,280459
1548219600,24390.0,24673.0,24276.0,24551.0,250043
1548306000,24512.0,24608.0,24386.0,24458.0,209709
1548392400,24476.0,24830.0,24458.0,24696.0,195062
1548651600,24665.0,24712.0,24284.0,24473.0,210986
1548738000,24458.0,24638.0,24350.0,24553.0,180579
1548824400,24635.0,25068.0,24540.0,24968.0,242154
1548910800,24931.0,25046.0,24796.0,24976.0,230827
1548997200,25015.0,25143.0,24933.0,24996.0,200835
1549256400,24939.0,25198.0,24924.0,25188.0,140106
1549342800,25170.0,25374.0,25141.0,25324.0,159440
1549429200,25325.0,25387.0,25257.0,25327.0,157030
1549515600,25311.0,25331.0,24965.0,25131.0,274561
1549602000,25118.0,25124.0,24862.0,25081.0,223285
1549861200,25089.0,25226.0,24981.0,25017.0,183968
1549947600,25012.0,25439.0,25002.0,25406.0,172650
1550034000,25396.0,25606.0,25385.0,25488.0,170326
1550120400,25496.0,25622.0,25304.0,25427.0,241761
1550206800,25407.0,25907.0,25275.0,25888.0,216960
1550552400,25886.0,25957.0,25789.0,25883.0,206825
1550638800,25880.0,25985.0,25825.0,25964.0,187898
1550725200,25964.0,26082.0,25753.0,25833.0,207240
1550811600,25833.0,26044.0,25805.0,26002.0,179512
1551070800,26074.0,26238.0,26040.0,26099.0,175462
1551157200,26096.0,26150.0,25954.0,26037.0,194075
1551243600,26009.0,26056.0,25872.0,26008.0,174322
1551330000,26028.0,26028.0,25878.0,25913.0,179959
1551416400,25923.0,26143.0,25894.0,26031.0,178642
1551675600,26107.0,26171.0,25605.0,25814.0,293705
1551762000,25809.0,25890.0,25721.0,25827.0,172953
1551848400,25790.0,25832.0,25625.0,25666.0,198158
1551934800,25668.0,25707.0,25338.0,25467.0,275341
1552021200,25449.0,25522.0,25213.0,25495.0,159398
1552276800,25465.0,25694.0,25218.0,25653.0,113227
1552363200,25666.0,25759.0,25512.0,25553.0,81963
1552449600,25580.0,25775.0,25461.0,25735.0,63401
1552536000,25761.0,25795.0,25624.0,25710.0,39428
1552622400,25700.0,25856.0,25681.0,25758.890625,213647
1552881600,25862.0,25976.0,25810.0,25965.0,138471
1552968000,25967.0,26145.0,25847.0,25906.0,201555
1553054400,25913.0,25967.0,25696.0,25729.0,235252
1553140800,25702.0,26044.0,25608.0,26011.0,227962
1553227200,25982.0,26036.0,25529.0,25570.0,291875
1553486400,25573.0,25647.0,25377.0,25577.0,248236
1553572800,25596.0,25822.0,25561.0,25676.0,199333
1553659200,25676.0,25781.0,25441.0,25660.0,242937
1553745600,25622.0,25762.0,25526.0,25737.0,181851
1553832000,25730.0,25964.0,25723.0,25933.0,191218
1554091200,25976.0,26288.0,25976.0,26258.0,158713
1554177600,26235.0,26280.0,26126.0,26153.0,155142
1554264000,26146.0,26302.0,26133.0,26240.0,175360
1554350400,26292.0,26410.0,26196.0,26388.0,173294
1554436800,26388.0,26509.0,26362.0,26394.0,157732
1554696000,26389.0,26412.0,26248.0,26334.0,133521
1554782400,26345.0,26349.0,26104.0,26158.0,156731
1554868800,26144.0,26233.0,26107.0,26166.0,132461
1554955200,26189.0,26229.0,26060.0,26133.0,156461
1555041600,26153.0,26441.0,26141.0,26408.0,173271
1555300800,26406.0,26476.0,26317.0,26373.0,135953
1555387200,26390.0,26554.0,26377.0,26447.0,189117
1555473600,26430.0,26518.0,26383.0,26428.0,182978
1555560000,26434.0,26599.0,26311.0,26566.0,181027
1555905600,26565.0,26629.0,26448.0,26513.0,122912
1555992000,26521.0,26689.0,26462.0,26639.0,165638
1556078400,26651.0,26694.0,26518.0,26541.0,139857
1556164800,26536.0,26577.0,26292.0,26440.0,189570
1556251200,26415.0,26530.0,26346.0,26517.0,168330
1556510400,26500.0,26584.0,26484.0,26548.0,117095
1556596800,26562.0,26653.0,26398.0,26584.0,186152
1556683200,26646.0,26691.0,26333.0,26390.0,178492
1556769600,26339.0,26461.0,26148.0,26265.0,258245
1556856000,26273.0,26518.0,26245.0,26499.0,169687
1557115200,26284.0,26447.0,25932.0,26405.0,282576
1557201600,26220.0,26394.0,25751.0,25973.0,378147
1557288000,25947.0,26079.0,25799.0,26014.0,306195
1557374400,25983.0,25994.0,25500.0,25816.0,364960
1557460800,25796.0,26016.0,25464.0,25964.0,368236
1557720000,25764.0,25818.0,25215.0,25281.0,357279
1557806400,25278.0,25677.0,25217.0,25570.0,250534
1557892800,25569.0,25714.0,25326.0,25674.0,255281
1557979200,25670.0,25955.0,25554.0,25867.0,232025
1558065600,25879.0,25949.0,25628.0,25780.0,280261
1558324800,25776.0,25901.0,25554.0,25696.0,246483
1558411200,25719.0,25895.0,25711.0,25875.0,208634
1558497600,25860.0,25904.0,25733.0,25771.0,196584
1558584000,25779.0,25779.0,25320.0,25463.0,300183
1558670400,25494.0,25664.0,25457.0,25620.0,201024
1559016000,25609.0,25717.0,25330.0,25369.0,262852
1559102400,25355.0,25377.0,24937.0,25109.0,300809
1559188800,25106.0,25218.0,25057.0,25190.0,202295
1559275200,25178.0,25191.0,24789.0,24820.0,276429
1559534400,24743.0,24938.0,24610.0,24869.0,322942
1559620800,24917.0,25364.0,24825.0,25346.0,251904
1559707200,25349.0,25573.0,25344.0,25558.0,219206
1559793600,25530.0,25807.0,25437.0,25745.0,202029
1559880000,25701.0,26085.0,25683.0,26007.0,202194
1560139200,26150.0,26289.0,26048.0,26086.0,183856
1560225600,26100.0,26261.0,26009.0,26065.0,181046
1560312000,26064.0,26098.0,25961.0,26012.0,153257
1560398400,26020.0,26153.0,25891.0,26117.0,175894
1560484800,26129.0,26177.0,26003.0,26123.0,114677
1560744000,26117.0,26212.0,26058.0,26131.0,69027
1560830400,26150.0,26542.0,26070.0,26495.0,84765
1560916800,26473.0,26585.0,26422.0,26529.0,55742
1561003200,26520.0,26804.0,26510.0,26763.0,34547
1561089600,26761.0,26783.0,26680.0,26745.580078125,203126
1561348800,26674.0,26815.0,26662.0,26762.0,136483
1561435200,26758.0,26827.0,26539.0,26562.0,216578
1561521600,26567.0,26703.0,26509.0,26550.0,180306
1561608000,26521.0,26665.0,26445.0,26546.0,172212
1561694400,26563.0,26672.0,26521.0,26593.0,161238
1561953600,26816.0,26896.0,26609.0,26700.0,202630
1562040000,26695.0,26805.0,26621.0,26797.0,163500
1562160600,26798.0,26982.0,26750.0,26970.0,119169
1562299200,26973.0,27009.0,26728.0,26885.0,199744
1562558400,26890.0,26924.0,26742.0,26793.0,147096
1562644800,26794.0,26807.0,26657.0,26779.0,150793
1562731200,26782.0,26983.0,26688.0,26860.0,209429
1562817600,26859.0,27092.0,26851.0,27077.0,184871
1562904000,27072.0,27330.0,27070.0,27309.0,146908
1563163200,27303.0,27397.0,27263.0,27342.0,129820
1563249600,27346.0,27396.0,27280.0,27328.0,134696
1563336000,27318.0,27377.0,27184.0,27231.0,135792
1563422400,27164.0,27304.0,27057.0,27201.0,190637
1563508800,27305.0,27342.0,27071.0,27130.0,194392
1563768000,27106.0,27216.0,27078.0,27176.0,144409
1563854400,27174.0,27358.0,27159.0,27324.0,137719
1563940800,27306.0,27346.0,27175.0,27237.0,155965
1564027200,27250.0,27349.0,27040.0,27096.0,196815
1564113600,27084.0,27193.0,27077.0,27149.0,120612
1564372800,27143.0,27255.0,27112.0,27198.0,111350
1564459200,27218.0,27252.0,27042.0,27164.0,148117
1564545600,27208.0,27258.0,26693.0,26855.0,239800
1564632000,26750.0,27147.0,26512.0,26543.0,354565
1564718400,26517.0,26663.0,26213.0,26449.0,359330
1564977600,26431.0,26460.0,25475.0,25550.0,399217
1565064000,25458.0,25998.0,25032.0,25924.0,356709
1565150400,25897.0,26035.0,25392.0,25940.0,352239
1565236800,25935.0,26373.0,25846.0,26365.0,228936
1565323200,26286.0,26394.0,26074.0,26268.0,260221
1565582400,26263.0,26353.0,25803.0,25867.0,215254
1565668800,25872.0,26408.0,25750.0,26314.0,291674
1565755200,26302.0,26352.0,25410.0,25455.0,340944
1565841600,25373.0,25707.0,25226.0,25575.0,326623
1565928000,25585.0,25929.0,25576.0,25907.0,196934
1566187200,25912.0,26237.0,25912.0,26118.0,152096
1566273600,26102.0,26198.0,25885.0,25931.0,157400
1566360000,25883.0,26265.0,25872.0,26226.0,139879
1566446400,26244.0,26375.0,26086.0,26225.0,175622
1566532800,26225.0,26347.0,25492.0,25670.0,339653
1566792000,25462.0,25986.0,25266.0,25943.0,279427
1566878400,25924.0,26069.0,25711.0,25744.0,236943
1566964800,25756.0,26044.0,25620.0,26037.0,210924
1567051200,25992.0,26407.0,25930.0,26378.0,187180
1567137600,26366.0,26559.0,26299.0,26406.0,192172
1567483200,26243.0,26372.0,25977.0,26122.0,286417
1567569600,26102.0,26388.0,26083.0,26372.0,176054
1567656000,26372.0,26844.0,26355.0,26701.0,222265
1567742400,26688.0,26869.0,26686.0,26808.0,143551
1568001600,26807.0,26913.0,26771.0,26840.0,136590
1568088000,26853.0,26919.0,26717.0,26894.0,171654
1568174400,26901.0,27169.0,26849.0,27144.0,158602
1568260800,27158.0,27320.0,27110.0,27198.0,204364
1568347200,27194.0,27326.0,27193.0,27218.0,118924
1568606400,27121.0,27180.0,27014.0,27084.0,93737
1568692800,27114.0,27142.0,26988.0,27114.0,59077
1568779200,27124.0,27185.0,26909.0,27148.0,50736
1568865600,27169.0,27274.0,27001.0,27086.0,40322
1568952000,27091.0,27167.0,27076.0,27140.91015625,158528
1569211200,26923.0,27045.0,26803.0,26963.0,147365
1569297600,27006.0,27112.0,26686.0,26818.0,240008
1569384000,26833.0,27015.0,26715.0,26958.0,199414
1569470400,26962.0,27042.0,26782.0,26892.0,184044
1569556800,26896.0,26992.0,26689.0,26796.0,225720
1569816000,26898.0,26971.0,26804.0,26901.0,131797
1569902400,26961.0,27040.0,26515.0,26521.0,204735
1569988800,26553.0,26617.0,25931.0,25985.0,240232
1570075200,26003.0,26186.0,25703.0,26180.0,271794
1570161600,26160.0,26549.0,26060.0,26525.0,190606
1570420800,26372.0,26615.0,26339.0,26439.0,155862
1570507200,26418.0,26549.0,26092.0,26138.0,234008
1570593600,26139.0,26400.0,26086.0,26305.0,165144
1570680000,26322.0,26599.0,25983.0,26484.0,219328
1570766400,26544.0,26975.0,26496.0,26775.0,237623
1571025600,26761.0,26894.0,26637.0,26746.0,123162
1571112000,26751.0,27079.0,26750.0,27002.0,153083
1571198400,27000.0,27017.0,26890.0,26940.0,137346
1571284800,26933.0,27088.0,26876.0,26993.0,144360
1571371200,26995.0,27023.0,26726.0,26754.0,149070
1571630400,26725.0,26837.0,26701.0,26797.0,112065
1571716800,26798.0,26904.0,26715.0,26763.0,143610
1571803200,26752.0,26852.0,26588.0,26802.0,147111
1571889600,26819.0,26872.0,26655.0,26780.0,152055
1571976000,26776.0,26967.0,26710.0,26904.0,129494
1572235200,26931.0,27120.0,26926.0,27053.0,137575
1572321600,27062.0,27111.0,26967.0,27042.0,125026
1572408000,27053.0,27230.0,26940.0,27132.0,146042
1572494400,27172.0,27180.0,26847.0,26982.0,197544
1572580800,26992.0,27278.0,26959.0,27259.0,156759
1572843600,27278.0,27450.0,27274.0,27380.0,135057
1572930000,27402.0,27493.0,27366.0,27421.0,126855
1573016400,27420.0,27470.0,27337.0,27430.0,129297
1573102800,27454.0,27739.0,27390.0,27667.0,159355
1573189200,27672.0,27717.0,27541.0,27631.0,125901
1573448400,27645.0,27673.0,27470.0,27658.0,123436
1573534800,27658.0,27732.0,27597.0,27663.0,134410
1573621200,27661.0,27771.0,27524.0,27761.0,160990
1573707600,27772.0,27806.0,27633.0,27746.0,143715
1573794000,27750.0,27971.0,27736.0,27953.0,136561
1574053200,27960.0,28059.0,27926.0,28008.0,127718
1574139600,28013.0,28128.0,27851.0,27895.0,151389
1574226000,27884.0,27884.0,27643.0,27800.0,189292
1574312400,27726.0,27846.0,27654.0,27748.0,163143
1574398800,27754.0,27884.0,27722.0,27862.0,128358
1574658000,27927.0,28045.0,27904.0,28039.0,96942
1574744400,28025.0,28149.0,27999.0,28130.0,118715
1574830800,28122.0,28173.0,28058.0,28148.0,99873
1575037800,28150.0,28158.0,28042.0,28073.0,100093
1575262800,28082.0,28197.0,27772.0,27789.0,226061
1575349200,27788.0,27847.0,27312.0,27487.0,260953
1575435600,27478.0,27727.0,27397.0,27643.0,182074
1575522000,27644.0,27773.0,27558.0,27678.0,164776
1575608400,27688.0,28039.0,27675.0,28014.0,150639
1575867600,28020.0,28047.0,27878.0,27902.0,109241
1575954000,27901.0,27959.0,27726.0,27921.0,164907
1576040400,27924.0,27981.0,27804.0,27924.0,140780
1576126800,27933.0,28230.0,27856.0,28131.0,239172
1576213200,28181.0,28303.0,28036.0,28168.0,168864
1576472400,28192.0,28345.0,28159.0,28253.0,78480
1576558800,28235.0,28335.0,28173.0,28276.0,70689
1576645200,28257.0,28327.0,28238.0,28266.0,38628
1576731600,28275.0,28416.0,28242.0,28386.0,34961
1576818000,28390.0,28605.580078125,28373.0,28605.580078125,146964
1577077200,28491.0,28583.0,28475.0,28550.0,93613
1577197800,28560.0,28588.0,28499.0,28508.0,44128
1577336400,28518.0,28624.0,28510.0,28619.0,59115
1577422800,28603.0,28721.0,28596.0,28610.0,121521
1577682000,28618.0,28660.0,28403.0,28440.0,165288
1577768400,28427.0,28553.0,28341.0,28508.0,127526
1577941200,28553.0,28871.0,28538.0,28841.0,183583
1578027600,28844.0,28893.0,28431.0,28602.0,245778
1578286800,28494.0,28700.0,28351.0,28642.0,218793
1578373200,28636.0,28739.0,28446.0,28526.0,198208
1578459600,28502.0,28833.0,28084.0,28770.0,337249
1578546000,28772.0,28953.0,28745.0,28929.0,181585
1578632400,28930.0,29022.0,28751.0,28777.0,183361
1578891600,28775.0,28907.0,28775.0,28871.0,141633
1578978000,28874.0,29015.0,28737.0,28934.0,232554
1579064400,28934.0,29090.0,28838.0,29029.0,224025
1579150800,29034.0,29263.0,29032.0,29240.0,152873
1579237200,29245.0,29362.0,29242.0,29279.0,170084
1579582800,29280.0,29318.0,29108.0,29179.0,238628
1579669200,29177.0,29309.0,29093.0,29140.0,192697
1579755600,29112.0,29150.0,28924.0,29127.0,232278
1579842000,29129.0,29241.0,28796.0,28933.0,301305
1580101200,28720.0,28732.0,28405.0,28481.0,363768
1580187600,28479.0,28780.0,28471.0,28710.0,261243
1580274000,28736.0,28888.0,28650.0,28710.0,235907
1580360400,28718.0,28843.0,28432.0,28791.0,347453
1580446800,28838.0,28881.0,28105.0,28196.0,369128
1580706000,28159.0,28573.0,28136.0,28361.0,269200
1580792400,28366.0,28847.0,28287.0,28789.0,222741
1580878800,28776.0,29275.0,28692.0,29241.0,276317
1580965200,29248.0,29475.0,29186.0,29328.0,238290
1581051600,29357.0,29367.0,29006.0,29044.0,228295
1581310800,29021.0,29250.0,28850.0,29245.0,198764
1581397200,29237.0,29395.0,29162.0,29229.0,198861
1581483600,29261.0,29538.0,29209.0,29523.0,172696
1581570000,29529.0,29543.0,29245.0,29432.0,220172
1581656400,29446.0,29519.0,29267.0,29395.0,174890
1582002000,29384.0,29476.0,29100.0,29211.0,268667
1582088400,29240.0,29397.0,29232.0,29337.0,153041
1582174800,29366.0,29434.0,28931.0,29171.0,288117
1582261200,29154.0,29176.0,28871.0,28981.0,322584
1582520400,28745.0,28754.0,27887.0,27968.0,503595
1582606800,27927.0,28234.0,26976.0,27117.0,571418
1582693200,27124.0,27519.0,26692.0,26914.0,588272
1582779600,26820.0,26977.0,25500.0,25552.0,689083
1582866000,25522.0,25772.0,24675.0,25364.0,735823
1583125200,25196.0,26711.0,24851.0,26468.0,637915
1583211600,26562.0,27059.0,25679.0,25880.0,607045
1583298000,25809.0,27075.0,25688.0,26965.0,381744
1583384400,26921.0,26973.0,25915.0,26060.0,461258
1583470800,26143.0,26282.0,25193.0,25789.0,581213
1583726400,25356.0,25356.0,23549.0,23877.0,335681
1583812800,23727.0,25020.0,23424.0,24849.0,523496
1583899200,24838.0,24890.0,23300.0,23575.0,495349
1583985600,23565.0,23851.0,20875.0,21085.0,465613
1584072000,20769.0,23147.0,20388.0,22988.0,232403
1584331200,22867.0,22899.0,20062.0,20399.0,113138
1584417600,20381.0,21380.0,19872.0,20966.0,121858
1584504000,20791.0,20954.0,18904.0,19981.0,87328
1584590400,19996.0,20497.0,18993.0,20003.0,54061
1584676800,19712.0,20999.0,19543.0,20255.529296875,286183
1584936000,18504.0,19804.0,18086.0,18497.0,308160
1585022400,18584.0,20710.0,18584.0,20608.0,287349
1585108800,20679.0,21892.0,20279.0,21026.0,334528
1585195200,21058.0,22449.0,20510.0,22348.0,335334
1585281600,22520.0,22545.0,21316.0,21437.0,258114
1585540800,20926.0,22239.0,20778.0,22167.0,198019
1585627200,22186.0,22386.0,21641.0,21751.0,173680
1585713600,21702.0,21702.0,20648.0,20740.0,207275
1585800000,20819.0,21374.0,20500.0,21273.0,247194
1585886400,21272.0,21352.0,20740.0,20957.0,169298
1586145600,20944.0,22663.0,20944.0,22488.0,222337
1586232000,22496.0,23477.0,22300.0,22491.0,275755
1586318400,22479.0,23394.0,22244.0,23246.0,238333
1586404800,23298.0,23889.0,23020.0,23618.0,262866
1586750400,23839.0,23911.0,22968.0,23309.0,159039
1586836800,23320.0,23922.0,23250.0,23880.0,174571
1586923200,23911.0,23967.0,23103.0,23391.0,184465
1587009600,23332.0,23767.0,23079.0,23407.0,236013
1587096000,24072.0,24327.0,23701.0,24159.0,231633
1587355200,24088.0,24203.0,23441.0,23488.0,208145
1587441600,23457.0,23682.0,22814.0,22929.0,249722
1587528000,22976.0,23503.0,22815.0,23356.0,179294
1587614400,23375.0,23772.0,23231.0,23337.0,211387
1587700800,23332.0,23730.0,23155.0,23658.0,169747
1587960000,23647.0,24100.0,23535.0,23999.0,143528
1588046400,24015.0,24435.0,23878.0,24045.0,192238
1588132800,24036.0,24688.0,23971.0,24566.0,178479
1588219200,24676.0,24792.0,24072.0,24230.0,204630
1588305600,24052.0,24078.0,23530.0,23619.0,169783
1588564800,23364.0,23658.0,23208.0,23571.0,157510
1588651200,23587.0,24057.0,23577.0,23761.0,177193
1588737600,23762.0,23995.0,23497.0,23513.0,179243
1588824000,23493.0,23999.0,23428.0,23843.0,169833
1588910400,23855.0,24327.0,23849.0,24286.0,156060
1589169600,24228.0,24471.0,23973.0,24124.0,175632
1589256000,24105.0,24293.0,23468.0,23574.0,209788
1589342400,23494.0,23780.0,22980.0,23166.0,308738
1589428800,23232.0,23592.0,22704.0,23534.0,328589
1589515200,23526.0,23677.0,23241.0,23517.0,272384
1589774400,23600.0,24640.0,23538.0,24507.0,209126
1589860800,24479.0,24765.0,24120.0,24158.0,235950
1589947200,24125.0,24583.0,24076.0,24519.0,192898
1590033600,24545.0,24660.0,24300.0,24376.0,213835
1590120000,24377.0,24506.0,24101.0,24424.0,194134
1590465600,24411.0,25127.0,24376.0,25002.0,252113
1590552000,25007.0,25572.0,24913.0,25534.0,251034
1590638400,25543.0,25794.0,25311.0,25457.0,230294
1590724800,25448.0,25500.0,24991.0,25378.0,268921
1590984000,25231.0,25519.0,25089.0,25463.0,175632
1591070400,25458.0,25720.0,25291.0,25701.0,174040
1591156800,25701.0,26328.0,25679.0,26228.0,181751
1591243200,26265.0,26368.0,26056.0,26253.0,227967
1591329600,26283.0,27325.0,26212.0,27072.0,295068
1591588800,27124.0,27563.0,27031.0,27527.0,191224
1591675200,27562.0,27624.0,27126.0,27264.0,222341
1591761600,27257.0,27488.0,26901.0,26961.0,266709
1591848000,26954.0,26997.0,25060.0,25165.0,454085
1591934400,25200.0,25952.0,25064.0,25536.0,274200
1592193600,25176.0,25884.0,24550.0,25805.0,170675
1592280000,25834.0,26779.0,25789.0,26320.0,141051
1592366400,26249.0,26623.0,26049.0,26150.0,60277
1592452800,26141.0,26275.0,25743.0,26024.0,33189
1592539200,26059.0,26484.220703125,25985.0,26484.220703125,258223
1592798400,25370.0,25987.0,25230.0,25953.0,176355
1592884800,25955.0,26294.0,25514.0,26020.0,200223
1592971200,25986.0,26134.0,25159.0,25393.0,281371
1593057600,25379.0,25659.0,25003.0,25596.0,263063
1593144000,25540.0,25653.0,24837.0,24950.0,262641
1593403200,24777.0,25543.0,24743.0,25497.0,225691
1593489600,25479.0,25772.0,25301.0,25689.0,200320
1593576000,25653.0,25893.0,25381.0,25575.0,218368
1593662400,25549.0,26088.0,25515.0,25759.0,201493
1594008000,25689.0,26197.0,25657.0,26179.0,255602
1594094400,26167.0,26280.0,25741.0,25770.0,192273
1594180800,25770.0,25999.0,25661.0,25969.0,209659
1594267200,25995.0,26029.0,25397.0,25571.0,239986
1594353600,25589.0,26003.0,25293.0,25977.0,229586
1594612800,26025.0,26524.0,25914.0,25968.0,265051
1594699200,25986.0,26575.0,25874.0,26491.0,296495
1594785600,26644.0,27063.0,26571.0,26765.0,242949
1594872000,26814.0,26858.0,26465.0,26553.0,198313
1594958400,26565.0,26724.0,26502.0,26520.0,151722
1595217600,26541.0,26655.0,26330.0,26633.0,168308
1595304000,26625.0,26925.0,26590.0,26726.0,173817
1595390400,26727.0,26928.0,26526.0,26884.0,162999
1595476800,26885.0,27057.0,26449.0,26543.0,193084
1595563200,26548.0,26615.0,26290.0,26322.0,179326
1595822400,26275.0,26523.0,26232.0,26484.0,141718
1595908800,26512.0,26599.0,26252.0,26297.0,147516
1595995200,26295.0,26500.0,26187.0,26440.0,138125
1596081600,26454.0,26477.0,25881.0,26218.0,214147
1596168000,26414.0,26457.0,25905.0,26319.0,235903
1596427200,26400.0,26603.0,26197.0,26558.0,140685
1596513600,26561.0,26744.0,26439.0,26717.0,145516
1596600000,26749.0,27114.0,26666.0,27055.0,155148
1596686400,27067.0,27301.0,26924.0,27285.0,177413
1596772800,27292.0,27371.0,27105.0,27333.0,188769
1597032000,27364.0,27713.0,27260.0,27679.0,169115
1597118400,27690.0,28069.0,27532.0,27614.0,236391
1597204800,27700.0,27963.0,27612.0,27866.0,162035
1597291200,27858.0,27933.0,27708.0,27823.0,141138
1597377600,27828.0,27911.0,27592.0,27792.0,150506
1597636800,27840.0,27928.0,27736.0,27775.0,111616
1597723200,27779.0,27904.0,27596.0,27717.0,142732
1597809600,27744.0,27855.0,27560.0,27632.0,159840
1597896000,27645.0,27717.0,27392.0,27669.0,161159
1597982400,27676.0,27904.0,27473.0,27859.0,175756
1598241600,27900.0,28266.0,27877.0,28239.0,157196
1598328000,28244.0,28480.0,28042.0,28193.0,184066
1598414400,28215.0,28339.0,28095.0,28312.0,144026
1598500800,28312.0,28590.0,28181.0,28468.0,210284
1598587200,28515.0,28718.0,28442.0,28611.0,147833
1598846400,28679.0,28783.0,28333.0,28416.0,187254
1598932800,28379.0,28654.0,28257.0,28622.0,165105
1599019200,28637.0,29152.0,28611.0,29090.0,213540
1599105600,29076.0,29180.0,28052.0,28351.0,328250
1599192000,28301.0,28592.0,27643.0,28074.0,389756
1599537600,28136.0,28404.0,27440.0,27525.0,383743
1599624000,27376.0,28196.0,27185.0,27972.0,220385
1599710400,27944.0,28159.0,27432.0,27545.0,228783
1599796800,27564.0,27828.0,27440.0,27612.0,112998
1600056000,27706.0,28086.0,27699.0,27993.0,75178
1600142400,27978.0,28245.0,27933.0,28027.0,50836
1600228800,28037.0,28367.0,27965.0,28054.0,31925
1600315200,28069.0,28112.0,27550.0,27938.0,36703
1600401600,27900.0,27995.0,27762.0,27807.30078125,215692
1600660800,27568.0,27663.0,26584.0,27055.0,264286
1600747200,27000.0,27207.0,26858.0,27143.0,199343
1600833600,27219.0,27392.0,26586.0,26685.0,235983
1600920000,26690.0,26971.0,26407.0,26715.0,254511
1601006400,26772.0,27123.0,26424.0,27043.0,213697
1601265600,27060.0,27600.0,27060.0,27482.0,181940
1601352000,27498.0,27619.0,27213.0,27408.0,175150
1601438400,27354.0,27904.0,27039.0,27664.0,297638
1601524800,27606.0,27962.0,27543.0,27689.0,267513
1601611200,27680.0,27741.0,27109.0,27565.0,281065
1601870400,27740.0,28042.0,27646.0,27995.0,169813
1601956800,28010.0,28232.0,27531.0,27700.0,287020
1602043200,27568.0,28250.0,27539.0,28179.0,193674
1602129600,28179.0,28452.0,28151.0,28310.0,179037
1602216000,28378.0,28570.0,28324.0,28518.0,169790
1602475200,28518.0,28846.0,28433.0,28798.0,173932
1602561600,28807.0,28824.0,28485.0,28585.0,217669
1602648000,28577.0,28726.0,28343.0,28414.0,198474
1602734400,28405.0,28454.0,28025.0,28386.0,222120
1602820800,28417.0,28732.0,28332.0,28408.0,174908
1603080000,28496.0,28669.0,28025.0,28100.0,156936
1603166400,28182.0,28466.0,28048.0,28182.0,170395
1603252800,28187.0,28378.0,28077.0,28134.0,170677
1603339200,28130.0,28313.0,27896.0,28268.0,152049
1603425600,28313.0,28392.0,28045.0,28189.0,132127
1603684800,28150.0,28150.0,27259.0,27581.0,231099
1603771200,27581.0,27713.0,27232.0,27365.0,177038
1603857600,27241.0,27267.0,26390.0,26409.0,335786
1603944000,26482.0,26803.0,26162.0,26557.0,288636
1604030400,26303.0,26533.0,25953.0,26394.0,299846
1604293200,26372.0,26938.0,26172.0,26796.0,218401
1604379600,26852.0,27534.0,26807.0,27376.0,179266
1604466000,27401.0,28194.0,26903.0,27735.0,309164
1604552400,27832.0,28390.0,27648.0,28297.0,193707
1604638800,28319.0,28457.0,27966.0,28204.0,207262
1604898000,28386.0,30000.0,28328.0,29048.0,313050
1604984400,29092.0,29389.0,28781.0,29319.0,227543
1605070800,29360.0,29570.0,29184.0,29311.0,167386
1605157200,29366.0,29367.0,28815.0,28992.0,185689
1605243600,29060.0,29483.0,28858.0,29410.0,156897
1605502800,29435.0,29998.0,29435.0,29865.0,164292
1605589200,29892.0,29898.0,29449.0,29720.0,155946
1605675600,29693.0,29896.0,29331.0,29391.0,164844
1605762000,29370.0,29476.0,29182.0,29443.0,161849
1605848400,29270.0,29440.0,29123.0,29212.0,148845
1606107600,29133.0,29621.0,29116.0,29546.0,154472
1606194000,29560.0,30067.0,29552.0,29998.0,153621
1606280400,30029.0,30165.0,29757.0,29828.0,138712
1606487400,29862.0,29978.0,29696.0,29874.0,98409
1606712400,29914.0,29972.0,29428.0,29629.0,171262
1606798800,29680.0,30057.0,29614.0,29804.0,170022
1606885200,29765.0,29907.0,29589.0,29868.0,146361
1606971600,29886.0,30092.0,29755.0,29932.0,155243
1607058000,29945.0,30216.0,29935.0,30198.0,120262
1607317200,30174.0,30265.0,29954.0,30057.0,131544
1607403600,29988.0,30237.0,29852.0,30170.0,145645
1607490000,30206.0,30309.0,29946.0,30063.0,187331
1607576400,30062.0,30149.0,29868.0,30010.0,155176
1607662800,30043.0,30089.0,29721.0,30033.0,105656
1607922000,30134.0,30325.0,29848.0,29865.0,87520
1608008400,29938.0,30241.0,29840.0,30203.0,62640
1608094800,30238.0,30321.0,30084.0,30161.0,28502
1608181200,30172.0,30340.0,30150.0,30293.0,19479
1608267600,30289.0,30390.0,30170.0,30363.109375,168183
1608526800,30300.0,30333.0,29318.0,30113.0,278388
1608613200,30100.0,30150.0,29879.0,29912.0,153134
1608699600,29903.0,30182.0,29735.0,30034.0,130351
1608820200,30083.0,30151.0,29997.0,30109.0,51433
1609131600,30028.0,30418.0,29956.0,30305.0,111131
1609218000,30318.0,30502.0,30166.0,30238.0,116977
1609304400,30273.0,30416.0,30211.0,30302.0,96134
1609390800,30328.0,30526.0,30230.0,30497.0,82990
1609736400,30481.0,30691.0,29760.0,30104.0,266253
1609822800,30108.0,30393.0,29974.0,30285.0,188607
1609909200,30287.0,30912.0,30154.0,30720.0,314928
1609995600,30790.0,31087.0,30696.0,30942.0,167866
1610082000,30951.0,31148.0,30687.0,30993.0,190440
1610341200,30970.0,31022.0,30638.0,30902.0,166354
1610427600,30928.0,31012.0,30777.0,30974.0,128914
1610514000,30956.0,31060.0,30869.0,30959.0,131905
1610600400,30990.0,31116.0,30882.0,30909.0,127416
1610686800,30905.0,30957.0,30506.0,30720.0,198844
1611032400,30628.0,30982.0,30605.0,30828.0,191002
1611118800,30850.0,31134.0,30772.0,31096.0,140795
1611205200,31064.0,31188.0,31016.0,31082.0,120350
1611291600,31058.0,31086.0,30791.0,30909.0,141819
1611550800,30920.0,31015.0,30457.0,30868.0,239889
1611637200,30853.0,31017.0,30666.0,30842.0,153216
1611723600,30848.0,30884.0,30053.0,30189.0,276292
1611810000,30190.0,30843.0,29950.0,30507.0,297296
1611896400,30445.0,30521.0,29754.0,29879.0,316406
1612155600,29810.0,30235.0,29552.0,30110.0,170384
1612242000,30122.0,30738.0,30070.0,30586.0,153450
1612328400,30609.0,30720.0,30412.0,30627.0,130699
1612414800,30694.0,30990.0,30542.0,30950.0,114243
1612501200,30968.0,31149.0,30924.0,31042.0,120889
1612760400,31126.0,31296.0,31050.0,31268.0,110823
1612846800,31294.0,31340.0,31144.0,31278.0,101801
1612933200,31318.0,31451.0,31119.0,31328.0,157714
1613019600,31370.0,31465.0,31168.0,31359.0,135567
1613106000,31350.0,31420.0,31216.0,31397.0,111287
1613451600,31425.0,31662.0,31373.0,31458.0,184813
1613538000,31470.0,31581.0,31269.0,31549.0,179745
1613624400,31555.0,31632.0,31228.0,31431.0,194049
1613710800,31445.0,31583.0,31302.0,31433.0,159132
1613970000,31460.0,31592.0,31190.0,31466.0,214656
1614056400,31500.0,31615.0,31103.0,31492.0,295740
1614142800,31481.0,31964.0,31322.0,31916.0,247680
1614229200,31939.0,32033.0,31247.0,31371.0,332307
1614315600,31308.0,31456.0,30803.0,30912.0,372581
1614574800,30981.0,31637.0,30934.0,31509.0,207992
1614661200,31537.0,31587.0,31281.0,31358.0,207247
1614747600,31364.0,31609.0,31216.0,31236.0,255151
1614834000,31259.0,31436.0,30512.0,30878.0,410089
1614920400,30899.0,31545.0,30641.0,31465.0,342921
1615179600,31562.0,32114.0,31287.0,31776.0,289385
1615266000,31857.0,32118.0,31792.0,31811.0,202658
1615352400,31868.0,32373.0,31727.0,32279.0,216993
1615438800,32352.0,32641.0,32254.0,32479.0,165767
1615525200,32494.0,32822.0,32389.0,32772.0,110352
1615780800,32834.0,32967.0,32624.0,32957.0,67981
1615867200,32941.0,32972.0,32773.0,32835.0,53893
1615953600,32862.0,33053.0,32780.0,33017.0,38627
1616040000,33024.0,33233.0,32842.0,32880.0,35814
1616126400,32899.0,32994.0,32807.859375,32807.859375,210458
1616385600,32467.0,32688.0,32314.0,32619.0,151375
1616472000,32644.0,32689.0,32235.0,32306.0,180140
1616558400,32348.0,32669.0,32232.0,32319.0,206190
1616644800,32338.0,32569.0,31951.0,32501.0,254556
1616731200,32554.0,32984.0,32496.0,32954.0,188389
1616990400,32951.0,33134.0,32746.0,33032.0,195237
1617076800,33063.0,33129.0,32859.0,32925.0,166336
1617163200,32938.0,33045.0,32866.0,32898.0,140701
1617249600,32912.0,33060.0,32842.0,33037.0,139328
1617595200,33236.0,33504.0,33157.0,33415.0,120599
1617681600,33417.0,33454.0,33266.0,33315.0,136526
1617768000,33333.0,33407.0,33233.0,33328.0,129135
1617854400,33344.0,33464.0,33227.0,33390.0,122888
1617940800,33451.0,33694.0,33371.0,33682.0,131737
1618200000,33660.0,33686.0,33550.0,33631.0,127100
1618286400,33647.0,33712.0,33431.0,33570.0,159142
1618372800,33575.0,33800.0,33519.0,33624.0,169919
1618459200,33661.0,33962.0,33652.0,33923.0,140823
1618545600,33940.0,34144.0,33880.0,34081.0,123262
1618804800,34015.0,34048.0,33860.0,33958.0,151906
1618891200,33996.0,34066.0,33572.0,33703.0,168388
1618977600,33692.0,34040.0,33625.0,34016.0,145322
1619064000,33986.0,34039.0,33605.0,33709.0,181670
1619150400,33715.0,34056.0,33608.0,33941.0,137997
1619409600,33954.0,34045.0,33832.0,33877.0,99767
1619496000,33889.0,33973.0,33764.0,33883.0,105771
1619582400,33815.0,33868.0,33690.0,33724.0,111004
1619668800,33716.0,33979.0,33628.0,33951.0,156887
1619755200,33915.0,33941.0,33678.0,33767.0,149370
1620014400,33828.0,34116.0,33823.0,34008.0,126286
1620100800,33991.0,34047.0,33654.0,34020.0,209871
1620187200,34016.0,34219.0,33926.0,34118.0,155840
1620273600,34125.0,34458.0,34074.0,34442.0,171769
1620360000,34449.0,34728.0,34366.0,34686.0,167978
1620619200,34722.0,35000.0,34611.0,34668.0,188758
1620705600,34647.0,34732.0,33983.0,34183.0,312297
1620792000,34143.0,34227.0,33461.0,33508.0,270377
1620878400,33475.0,34093.0,33200.0,33938.0,262419
1620964800,33968.0,34382.0,33922.0,34318.0,164599
1621224000,34320.0,34374.0,34093.0,34256.0,151437
1621310400,34295.0,34423.0,33907.0,33996.0,130449
1621396800,33899.0,33998.0,33402.0,33831.0,244203
1621483200,33781.0,34187.0,33585.0,34028.0,160628
1621569600,34028.0,34372.0,34017.0,34153.0,139425
1621828800,34150.0,34427.0,34101.0,34352.0,102697
1621915200,34397.0,34483.0,34224.0,34271.0,115173
1622001600,34289.0,34417.0,34227.0,34280.0,105514
1622088000,34295.0,34577.0,34170.0,34437.0,142115
1622174400,34556.0,34639.0,34495.0,34513.0,111041
1622520000,34570.0,34827.0,34408.0,34550.0,154685
1622606400,34561.0,34694.0,34484.0,34590.0,109757
1622692800,34595.0,34655.0,34310.0,34567.0,152934
1622779200,34575.0,34755.0,34472.0,34742.0,116011
1623038400,34760.0,34825.0,34558.0,34616.0,117598
1623124800,34623.0,34651.0,34429.0,34586.0,134833
1623211200,34586.0,34647.0,34425.0,34437.0,117432
1623297600,34473.0,34733.0,34389.0,34461.0,151862
1623384000,34459.0,34614.0,34313.0,34462.0,103646
1623643200,34451.0,34558.0,34203.0,34381.0,75560
1623729600,34367.0,34475.0,34192.0,34288.0,58359
1623816000,34295.0,34319.0,33895.0,34017.0,39916
1623902400,33950.0,34081.0,33611.0,33805.0,27519
1623988800,33840.0,33864.0,33424.0703125,33424.0703125,226091
1624248000,33072.0,33808.0,32902.0,33761.0,203032
1624334400,33812.0,33926.0,33627.0,33835.0,132462
1624420800,33864.0,33962.0,33752.0,33759.0,111673
1624507200,33792.0,34177.0,33773.0,34082.0,122505
1624593600,34193.0,34386.0,34133.0,34333.0,108975
1624852800,34398.0,34411.0,34067.0,34164.0,120048
1624939200,34188.0,34363.0,34112.0,34170.0,101887
1625025600,34185.0,34450.0,34006.0,34399.0,132388
1625112000,34448.0,34551.0,34377.0,34514.0,110332
1625198400,34510.0,34714.0,34491.0,34677.0,102663
1625544000,34676.0,34755.0,34241.0,34460.0,183144
1625630400,34394.0,34595.0,34321.0,34568.0,136380
1625716800,34583.0,34592.0,34004.0,34294.0,225077
1625803200,34290.0,34784.0,34140.0,34751.0,156203
1626062400,34765.0,34904.0,34548.0,34875.0,135590
1626148800,34890.0,34915.0,34747.0,34776.0,129206
1626235200,34779.0,34946.0,34667.0,34816.0,127620
1626321600,34798.0,34878.0,34593.0,34864.0,165523
1626408000,34838.0,34975.0,34524.0,34564.0,162512
1626667200,34555.0,34579.0,33623.0,33839.0,293528
1626753600,33918.0,34502.0,33843.0,34400.0,222415
1626840000,34427.0,34739.0,34361.0,34689.0,136891
1626926400,34733.0,34789.0,34557.0,34709.0,117275
1627012800,34768.0,34993.0,34739.0,34951.0,133043
1627272000,34944.0,35072.0,34652.0,35034.0,125683
1627358400,35039.0,35040.0,34762.0,34953.0,167090
1627444800,34844.0,35018.0,34764.0,34834.0,146913
1627531200,34867.0,35061.0,34774.0,34974.0,113206
1627617600,34978.0,34997.0,34756.0,34832.0,151872
1627876800,34872.0,35082.0,34694.0,34721.0,145770
1627963200,34765.0,35009.0,34602.0,34998.0,161421
1628049600,34960.0,35000.0,34674.0,34690.0,145613
1628136000,34716.0,34949.0,34667.0,34943.0,104940
1628222400,34922.0,35137.0,34883.0,35091.0,111981
1628481600,35100.0,35105.0,34940.0,34998.0,101439
1628568000,35016.0,35176.0,34924.0,35155.0,109816
1628654400,35164.0,35394.0,35106.0,35372.0,118032
1628740800,35381.0,35438.0,35255.0,35402.0,109900
1628827200,35429.0,35519.0,35381.0,35420.0,90588
1629086400,35383.0,35547.0,35146.0,35534.0,151693
1629172800,35508.0,35516.0,35034.0,35259.0,200917
1629259200,35212.0,35286.0,34790.0,34887.0,166031
1629345600,34860.0,34934.0,34494.0,34818.0,258172
1629432000,34847.0,35120.0,34569.0,35058.0,161422
1629691200,35031.0,35373.0,35016.0,35281.0,120429
1629777600,35328.0,35403.0,35293.0,35314.0,94288
1629864000,35326.0,35445.0,35229.0,35360.0,109223
1629950400,35384.0,35441.0,35146.0,35160.0,144173
1630036800,35182.0,35428.0,35114.0,35403.0,113732
1630296000,35418.0,35464.0,35329.0,35352.0,109477
1630382400,35395.0,35492.0,35258.0,35340.0,141519
1630468800,35382.0,35494.0,35269.0,35290.0,138543
1630555200,35295.0,35463.0,35219.0,35424.0,128782
1630641600,35425.0,35504.0,35248.0,35353.0,144762
1630987200,35352.0,35476.0,35038.0,35091.0,198672
1631073600,35067.0,35161.0,34885.0,35012.0,189641
1631160000,35009.0,35192.0,34776.0,34870.0,181905
1631246400,34872.0,35113.0,34598.0,34607.0,135320
1631505600,34647.0,34935.0,34601.0,34870.0,110526
1631592000,34916.0,35021.0,34507.0,34583.0,83068
1631678400,34596.0,34885.0,34499.0,34819.0,45034
1631764800,34850.0,34942.0,34537.0,34749.0,32171
1631851200,34743.0,34838.0,34665.0,34696.80078125,186984
1632110400,34400.0,34413.0,33478.0,33839.0,310800
1632196800,33806.0,34236.0,33712.0,33798.0,237057
1632283200,33761.0,34319.0,33638.0,34129.0,217014
1632369600,34153.0,34749.0,34148.0,34644.0,189406
1632456000,34650.0,34734.0,34459.0,34674.0,151185
1632715200,34696.0,34934.0,34652.0,34743.0,147057
1632801600,34733.0,34852.0,34121.0,34175.0,277934
1632888000,34239.0,34451.0,34168.0,34265.0,212633
1632974400,34322.0,34554.0,33688.0,33722.0,236686
1633060800,33752.0,34354.0,33383.0,34167.0,221715
1633320000,34230.0,34293.0,33681.0,33870.0,240260
1633406400,33890.0,34364.0,33684.0,34183.0,194338
1633492800,34208.0,34326.0,33718.0,34291.0,260685
1633579200,34300.0,34854.0,34300.0,34638.0,163048
1633665600,34641.0,34750.0,34532.0,34626.0,160330
1633924800,34614.0,34829.0,34323.0,34376.0,179540
1634011200,34356.0,34486.0,34125.0,34260.0,197787
1634097600,34190.0,34343.0,33984.0,34257.0,200885
1634184000,34248.0,34853.0,34248.0,34784.0,165304
1634270400,34830.0,35198.0,34787.0,35171.0,155286
1634529600,35210.0,35227.0,34906.0,35133.0,137825
1634616000,35121.0,35365.0,35067.0,35323.0,128838
1634702400,35355.0,35541.0,35272.0,35477.0,122202
1634788800,35448.0,35536.0,35308.0,35480.0,131281
1634875200,35476.0,35645.0,35412.0,35557.0,175484
1635134400,35499.0,35670.0,35451.0,35620.0,138321
1635220800,35641.0,35777.0,35618.0,35644.0,177876
1635307200,35646.0,35715.0,35383.0,35389.0,185252
1635393600,35423.0,35681.0,35388.0,35613.0,156534
1635480000,35636.0,35746.0,35486.0,35704.0,156108
1635739200,35796.0,35891.0,35683.0,35800.0,136286
1635825600,35797.0,35971.0,35695.0,35938.0,120742
1635912000,35921.0,36066.0,35771.0,36035.0,134646
1635998400,36027.0,36076.0,35865.0,36009.0,133199
1636084800,35999.0,36375.0,35949.0,36215.0,172245
1636347600,36132.0,36446.0,36123.0,36312.0,116185
1636434000,36289.0,36324.0,36066.0,36209.0,144952
1636520400,36166.0,36255.0,35911.0,35992.0,173328
1636606800,35982.0,36063.0,35823.0,35829.0,119951
1636693200,35870.0,36062.0,35839.0,36013.0,126135
1636952400,36059.0,36178.0,35950.0,36009.0,124976
1637038800,36023.0,36238.0,35946.0,36061.0,139663
1637125200,36074.0,36105.0,35822.0,35867.0,133056
1637211600,35841.0,35961.0,35593.0,35811.0,151562
1637298000,35826.0,35988.0,35486.0,35549.0,172852
1637557200,35592.0,35880.0,35530.0,35571.0,198406
1637643600,35620.0,35793.0,35370.0,35766.0,220528
1637730000,35762.0,35790.0,35532.0,35749.0,149804
1637937000,35778.0,35900.0,34626.0,34858.0,307938
1638162000,34741.0,35246.0,34740.0,35077.0,251023
1638248400,35132.0,35234.0,34384.0,34457.0,294074
1638334800,34524.0,34986.0,33928.0,34002.0,281341
1638421200,34050.0,34738.0,34018.0,34622.0,288474
1638507600,34715.0,34795.0,34247.0,34566.0,269198
1638766800,34590.0,35344.0,34581.0,35212.0,229691
1638853200,35251.0,35807.0,35196.0,35713.0,173908
1638939600,35780.0,35926.0,35588.0,35746.0,154871
1639026000,35745.0,35859.0,35567.0,35753.0,137726
1639112400,35749.0,35992.0,35705.0,35967.0,129465
1639371600,35975.0,36123.0,35602.0,35645.0,107184
1639458000,35680.0,35785.0,35437.0,35552.0,63716
1639544400,35551.0,35969.0,35389.0,35926.0,50018
1639630800,35936.0,36204.0,35778.0,35902.0,36899
1639717200,35958.0,35978.0,35650.0,35675.7890625,271461
1639976400,35253.0,35328.0,34547.0,34813.0,220121
1640062800,34907.0,35413.0,34858.0,35381.0,168394
1640149200,35405.0,35662.0,35286.0,35632.0,110144
1640235600,35647.0,35946.0,35625.0,35832.0,91398
1640581200,35831.0,36206.0,35759.0,36178.0,91647
1640667600,36180.0,36408.0,36113.0,36282.0,115487
1640754000,36278.0,36463.0,36250.0,36381.0,94675
1640840400,36394.0,36572.0,36255.0,36291.0,85639
1640926800,36296.0,36371.0,36121.0,36226.0,76942
1641186000,36304.0,36472.0,36120.0,36455.0,158894
1641272400,36432.0,36804.0,36409.0,36675.0,175657
1641358800,36656.0,36832.0,36279.0,36291.0,243988
1641445200,36309.0,36418.0,36074.0,36123.0,266023
1641531600,36173.0,36265.0,35988.0,36107.0,218010
1641790800,36121.0,36171.0,35521.0,35952.0,268667
1641877200,35948.0,36153.0,35641.0,36128.0,220376
1641963600,36131.0,36332.0,36040.0,36160.0,175020
1642050000,36179.0,36390.0,35921.0,35989.0,217100
1642136400,36002.0,36114.0,35515.0,35796.0,256880
1642482000,35856.0,35901.0,35135.0,35259.0,322172
1642568400,35301.0,35430.0,34883.0,34910.0,296130
1642654800,34953.0,35379.0,34407.0,34616.0,272488
1642741200,34556.0,34782.0,34100.0,34157.0,335699
1643000400,34143.0,34410.0,33031.0,34253.0,465699
1643086800,34294.0,34472.0,33422.0,34185.0,340838
1643173200,33969.0,34699.0,33745.0,34055.0,319037
1643259600,34071.0,34658.0,33532.0,34043.0,329887
1643346000,34240.0,34622.0,33613.0,34595.0,315125
1643605200,34576.0,35026.0,34313.0,34997.0,234760
1643691600,34915.0,35316.0,34833.0,35274.0,209606
1643778000,35232.0,35590.0,35167.0,35492.0,222533
1643864400,35545.0,35569.0,34941.0,34971.0,234690
1643950800,35113.0,35212.0,34668.0,34978.0,266481
1644210000,35002.0,35205.0,34806.0,34969.0,174182
1644296400,35001.0,35426.0,34931.0,35342.0,182374
1644382800,35382.0,35752.0,35370.0,35641.0,166011
1644469200,35717.0,35750.0,34990.0,35139.0,282693
1644555600,35128.0,35330.0,34511.0,34627.0,319729
1644814800,34665.0,34755.0,34205.0,34471.0,274108
1644901200,34472.0,34968.0,34345.0,34904.0,193885
1644987600,34886.0,35060.0,34558.0,34851.0,196641
1645074000,34842.0,34910.0,34171.0,34231.0,209143
1645160400,34237.0,34500.0,33900.0,34007.0,232775
1645506000,33869.0,34349.0,33292.0,33525.0,450328
1645592400,33585.0,33824.0,33015.0,33066.0,238843
1645678800,33052.0,33205.0,32167.0,33156.0,438495
1645765200,33036.0,34034.0,32762.0,33994.0,286523
1646024400,33678.0,33914.0,33322.0,33840.0,303760
1646110800,33822.0,34065.0,33064.0,33267.0,275407
1646197200,33318.0,33977.0,33121.0,33849.0,239411
1646283600,33805.0,34143.0,33597.0,33738.0,195518
1646370000,33772.0,33859.0,33210.0,33583.0,260950
1646629200,33451.0,33542.0,32689.0,32782.0,253270
1646715600,32716.0,33374.0,32305.0,32602.0,286678
1646802000,32538.0,33441.0,32521.0,33265.0,202047
1646888400,33254.0,33294.0,32799.0,33152.0,184103
1646974800,33190.0,33691.0,32901.0,32925.0,150209
1647230400,33012.0,33395.0,32815.0,32944.0,111933
1647316800,32979.0,33618.0,32680.0,33532.0,94046
1647403200,33510.0,34160.0,33388.0,34059.0,42649
1647489600,34124.0,34491.0,33867.0,34461.0,24152
1647576000,34335.0,34484.0,34215.0,34413.66015625,152069
1647835200,34670.0,34694.0,34228.0,34436.0,153664
1647921600,34490.0,34775.0,34318.0,34709.0,111073
1648008000,34691.0,34792.0,34217.0,34250.0,128190
1648094400,34252.0,34655.0,34214.0,34604.0,123375
1648180800,34640.0,34841.0,34522.0,34759.0,123518
1648440000,34762.0,34886.0,34445.0,34853.0,129887
1648526400,34848.0,35281.0,34826.0,35190.0,147281
1648612800,35154.0,35257.0,34955.0,35117.0,121051
1648699200,35124.0,35215.0,34592.0,34618.0,137841
1648785600,34702.0,34805.0,34437.0,34718.0,152091
1649044800,34688.0,34849.0,34514.0,34829.0,117196
1649131200,34802.0,35015.0,34469.0,34550.0,152767
1649217600,34595.0,34608.0,34178.0,34399.0,185467
1649304000,34370.0,34613.0,34093.0,34490.0,168413
1649390400,34481.0,34820.0,34368.0,34613.0,156893
1649649600,34636.0,34668.0,34181.0,34219.0,159044
1649736000,34232.0,34582.0,34002.0,34139.0,193135
1649822400,34178.0,34511.0,34052.0,34482.0,161480
1649908800,34463.0,34794.0,34340.0,34358.0,168122
1650254400,34369.0,34530.0,34179.0,34313.0,138271
1650340800,34397.0,34897.0,34226.0,34841.0,172165
1650427200,34785.0,35233.0,34728.0,35079.0,207813
1650513600,35125.0,35413.0,34635.0,34709.0,195639
1650600000,34696.0,34719.0,33594.0,33728.0,234366
1650859200,33644.0,34021.0,33230.0,33965.0,265193
1650945600,33965.0,34038.0,33081.0,33160.0,222151
1651032000,33163.0,33611.0,33015.0,33226.0,239696
1651118400,33308.0,33968.0,33155.0,33828.0,211619
1651204800,33735.0,33903.0,32820.0,32882.0,202184
1651464000,32988.0,33145.0,32358.0,32980.0,222204
1651550400,32960.0,33254.0,32806.0,33033.0,162760
1651636800,33041.0,34027.0,32925.0,33969.0,188059
1651723200,33926.0,34020.0,32589.0,32910.0,252365
1651809600,32933.0,32966.0,32376.0,32809.0,241720
1652068800,32624.0,32690.0,32037.0,32161.0,242482
1652155200,32206.0,32663.0,31805.0,32087.0,239430
1652241600,32048.0,32506.0,31715.0,31743.0,264401
1652328000,31803.0,31893.0,31148.0,31652.0,256197
1652414400,31556.0,32201.0,31556.0,32120.0,171076
1652673600,32148.0,32453.0,31867.0,32159.0,167019
1652760000,32139.0,32692.0,32129.0,32581.0,166271
1652846400,32629.0,32651.0,31299.0,31440.0,168601
1652932800,31397.0,31524.0,30955.0,31202.0,222586
1653019200,31209.0,31548.0,30585.0,31213.0,217514
1653278400,31288.0,31925.0,31286.0,31839.0,181351
1653364800,31782.0,31972.0,31315.0,31880.0,204978
1653451200,31943.0,32215.0,31683.0,32076.0,180970
1653537600,32074.0,32738.0,31996.0,32600.0,153646
1653624000,32531.0,33239.0,32485.0,33158.0,139299
1653969600,33201.0,33434.0,32722.0,32971.0,219698
1654056000,33067.0,33254.0,32563.0,32798.0,176385
1654142400,32763.0,33263.0,32491.0,33223.0,162371
1654228800,33250.0,33317.0,32824.0,32888.0,161880
1654488000,32967.0,33229.0,32805.0,32912.0,140650
1654574400,32903.0,33198.0,32603.0,33165.0,155264
1654660800,33107.0,33169.0,32806.0,32889.0,146008
1654747200,32909.0,33110.0,32252.0,32263.0,179160
1654833600,32319.0,32346.0,31368.0,31388.0,149283
1655092800,31254.0,31293.0,30355.0,30527.0,112007
1655179200,30531.0,30874.0,30137.0,30375.0,69324
1655265600,30383.0,31008.0,30172.0,30661.0,48553
1655352000,30727.0,30943.0,29741.0,29928.0,38759
1655438400,30021.0,30214.0,29800.0,29806.189453125,252835
1655784000,29930.0,30646.0,29741.0,30525.0,202383
1655870400,30524.0,30770.0,30003.0,30471.0,210521
1655956800,30478.0,30698.0,30247.0,30672.0,208468
1656043200,30568.0,31508.0,30538.0,31487.0,139775
1656302400,31466.0,31695.0,31331.0,31421.0,125464
1656388800,31464.0,31867.0,30905.0,30933.0,164024
1656475200,30966.0,31142.0,30861.0,30999.0,147968
1656561600,31021.0,31034.0,30406.0,30781.0,186268
1656648000,30720.0,31116.0,30422.0,31061.0,180467
1656993600,31051.0,31220.0,30331.0,30936.0,213590
1657080000,30958.0,31206.0,30739.0,31013.0,169287
1657166400,31054.0,31404.0,30898.0,31367.0,123735
1657252800,31309.0,31490.0,31187.0,31310.0,146486
1657512000,31323.0,31344.0,31040.0,31140.0,130932
1657598400,31177.0,31328.0,30828.0,30966.0,148977
1657684800,30968.0,31309.0,30475.0,30758.0,198516
1657771200,30700.0,30774.0,30109.0,30604.0,172967
1657857600,30633.0,31264.0,30495.0,31247.0,190105
1658116800,31298.0,31614.0,30947.0,31047.0,147514
1658203200,31064.0,31844.0,31031.0,31791.0,143737
1658289600,31809.0,31980.0,31621.0,31853.0,153532
1658376000,31791.0,32032.0,31504.0,32007.0,158137
1658462400,31982.0,32193.0,31704.0,31875.0,155954
1658721600,31872.0,32065.0,31773.0,31967.0,137103
1658808000,31840.0,31916.0,31665.0,31732.0,166357
1658894400,31762.0,32315.0,31761.0,32172.0,210158
1658980800,32144.0,32609.0,31944.0,32490.0,206840
1659067200,32567.0,32887.0,32458.0,32825.0,162738
1659326400,32827.0,32938.0,32602.0,32767.0,191675
1659412800,32766.0,32781.0,32350.0,32365.0,228064
1659499200,32420.0,32873.0,32342.0,32770.0,161494
1659585600,32746.0,32866.0,32601.0,32681.0,132259
1659672000,32688.0,32786.0,32431.0,32757.0,175484
1659931200,32750.0,33065.0,32665.0,32792.0,181497
1660017600,32857.0,32881.0,32662.0,32737.0,145113
1660104000,32768.0,33331.0,32678.0,33260.0,176366
1660190400,33299.0,33625.0,33255.0,33304.0,172618
1660276800,33360.0,33728.0,33295.0,33718.0,136090
1660536000,33708.0,33924.0,33485.0,33873.0,128489
1660622400,33849.0,34246.0,33786.0,34118.0,138293
1660708800,34127.0,34177.0,33804.0,33963.0,163823
1660795200,33994.0,34056.0,33823.0,33981.0,123706
1660881600,34003.0,34009.0,33616.0,33706.0,139450
1661140800,33620.0,33654.0,33001.0,33056.0,145280
1661227200,33103.0,33177.0,32844.0,32901.0,152939
1661313600,32901.0,33084.0,32753.0,32958.0,146025
1661400000,32955.0,33290.0,32872.0,33273.0,166899
1661486400,33236.0,33444.0,32156.0,32263.0,202971
1661745600,32040.0,32301.0,31926.0,32075.0,182592
1661832000,32105.0,32347.0,31616.0,31775.0,189782
1661918400,31792.0,32002.0,31501.0,31532.0,194244
1662004800,31555.0,31678.0,31221.0,31663.0,209858
1662091200,31646.0,32029.0,31182.0,31312.0,205421
1662436800,31345.0,31592.0,31042.0,31166.0,238781
1662523200,31153.0,31644.0,30975.0,31577.0,142785
1662609600,31574.0,31809.0,31303.0,31766.0,172330
1662696000,31807.0,32233.0,31769.0,32164.0,101779
1662955200,32210.0,32505.0,32137.0,32386.0,73224
1663041600,32434.0,32667.0,31020.0,31103.0,85202
1663128000,31159.0,31285.0,30892.0,31149.0,52590
1663214400,31190.0,31281.0,30882.0,30974.0,34961
1663300800,30834.0,30855.0,30535.0,30645.19921875,186385
1663560000,30948.0,31183.0,30590.0,31117.0,155409
1663646400,31145.0,31256.0,30558.0,30801.0,180448
1663732800,30836.0,31132.0,30202.0,30282.0,246932
1663819200,30228.0,30494.0,30048.0,30149.0,206732
1663905600,30216.0,30240.0,29315.0,29669.0,217028
1664164800,29645.0,29736.0,29227.0,29343.0,210692
1664251200,29339.0,29729.0,29019.0,29203.0,200401
1664337600,29250.0,29883.0,28886.0,29750.0,232854
1664424000,29754.0,29783.0,29047.0,29285.0,191743
1664510400,29264.0,29549.0,28767.0,28801.0,217646
1664769600,28767.0,29702.0,28635.0,29538.0,194800
1664856000,29583.0,30399.0,29500.0,30365.0,176364
1664942400,30356.0,30513.0,29933.0,30310.0,154462
1665028800,30323.0,30484.0,29904.0,29982.0,166097
1665115200,29944.0,30111.0,29188.0,29353.0,158672
1665374400,29278.0,29539.0,29055.0,29260.0,171595
1665460800,29262.0,29659.0,28946.0,29266.0,203441
1665547200,29316.0,29526.0,29177.0,29261.0,169919
1665633600,29312.0,30215.0,28671.0,30091.0,299085
1665720000,30091.0,30480.0,29650.0,29708.0,242084
1665979200,29658.0,30361.0,29640.0,30230.0,160666
1666065600,30333.0,30877.0,30333.0,30576.0,217313
1666152000,30711.0,30818.0,30254.0,30460.0,183779
1666238400,30525.0,30857.0,30287.0,30353.0,204712
1666324800,30409.0,31197.0,30102.0,31123.0,252167
1666584000,31190.0,31640.0,30922.0,31545.0,213833
1666670400,31509.0,31917.0,31346.0,31877.0,184767
1666756800,31826.0,32211.0,31744.0,31872.0,189237
1666843200,31951.0,32421.0,31871.0,32074.0,229318
1666929600,32043.0,33002.0,31884.0,32896.0,230001
1667188800,32920.0,32941.0,32617.0,32775.0,201242
1667275200,32769.0,33026.0,32510.0,32685.0,224690
1667361600,32657.0,33106.0,32121.0,32178.0,260433
1667448000,32186.0,32273.0,31738.0,32017.0,199602
1667534400,31995.0,32632.0,31870.0,32428.0,276671
1667797200,32272.0,32904.0,32113.0,32838.0,184169
1667883600,32814.0,33366.0,32766.0,33175.0,223719
1667970000,33113.0,33225.0,32487.0,32527.0,217271
1668056400,32535.0,33800.0,32450.0,33712.0,260408
1668142800,33796.0,33982.0,33409.0,33763.0,229775
1668402000,33645.0,33981.0,33550.0,33561.0,178089
1668488400,33628.0,34026.0,33324.0,33605.0,257569
1668574800,33569.0,33733.0,33471.0,33591.0,178326
1668661200,33675.0,33732.0,33189.0,33581.0,170670
1668747600,33581.0,33855.0,33469.0,33775.0,162980
1669006800,33762.0,33899.0,33585.0,33735.0,144240
1669093200,33734.0,34138.0,33658.0,34126.0,142859
1669179600,34134.0,34277.0,34015.0,34211.0,161911
1669386600,34255.0,34393.0,34206.0,34356.0,98196
1669611600,34300.0,34321.0,33805.0,33871.0,177639
1669698000,33872.0,33993.0,33668.0,33857.0,173499
1669784400,33866.0,34647.0,33623.0,34599.0,285453
1669870800,34616.0,34707.0,34157.0,34429.0,246223
1669957200,34403.0,34528.0,33935.0,34459.0,217679
1670216400,34440.0,34463.0,33883.0,33986.0,170593
1670302800,34007.0,34084.0,33452.0,33633.0,196313
1670389200,33638.0,33818.0,33462.0,33625.0,187115
1670475600,33621.0,33931.0,33482.0,33803.0,163237
1670562000,33791.0,33960.0,33478.0,33498.0,135309
1670821200,33487.0,34026.0,33433.0,34017.0,83037
1670907600,33997.0,34984.0,33911.0,34133.0,83531
1670994000,34124.0,34420.0,33718.0,33993.0,45583
1671080400,34032.0,34088.0,33021.0,33212.0,36185
1671166800,33200.0,33270.0,32779.0,32966.4609375,175316
1671426000,33105.0,33279.0,32792.0,32973.0,138092
1671512400,32950.0,33204.0,32686.0,33053.0,156315
1671598800,33148.0,33645.0,33141.0,33569.0,150659
1671685200,33639.0,33663.0,32750.0,33208.0,165174
1671771600,33215.0,33411.0,32989.0,33375.0,158608
1672117200,33399.0,33613.0,33236.0,33416.0,125976
1672203600,33427.0,33567.0,33026.0,33046.0,137870
1672290000,33067.0,33458.0,32999.0,33375.0,105021
1672376400,33351.0,33370.0,32989.0,33285.0,119354
1672722000,33485.0,33643.0,32983.0,33278.0,196899
1672808400,33238.0,33564.0,33171.0,33416.0,187173
1672894800,33380.0,33467.0,32943.0,33070.0,173179
1672981200,33082.0,33863.0,33032.0,33772.0,238427
1673240400,33790.0,34080.0,33630.0,33670.0,153569
1673326800,33674.0,33870.0,33489.0,33849.0,141916
1673413200,33849.0,34125.0,33826.0,34110.0,122663
1673499600,34119.0,34422.0,33850.0,34319.0,206584
1673586000,34308.0,34464.0,34006.0,34416.0,152638
1673931600,34436.0,34489.0,33970.0,34020.0,189736
1674018000,34006.0,34131.0,33365.0,33386.0,200014
1674104400,33368.0,33391.0,33067.0,33139.0,176088
1674190800,33187.0,33482.0,33031.0,33474.0,165276
1674450000,33471.0,33885.0,33402.0,33727.0,176738
1674536400,33732.0,33906.0,33474.0,33826.0,160727
1674622800,33838.0,33866.0,33347.0,33823.0,182792
1674709200,33813.0,34044.0,33701.0,34023.0,163835
1674795600,33998.0,34241.0,33899.0,34046.0,141444
1675054800,34014.0,34123.0,33762.0,33785.0,150805
1675141200,33819.0,34166.0,33579.0,34156.0,147863
1675227600,34132.0,34407.0,33624.0,34148.0,207744
1675314000,34126.0,34214.0,33857.0,34097.0,194089
1675400400,34048.0,34226.0,33821.0,33962.0,226635
1675659600,33886.0,34010.0,33685.0,33934.0,164848
1675746000,33920.0,34283.0,33661.0,34206.0,273425
1675832400,34145.0,34212.0,33919.0,33995.0,176347
1675918800,34043.0,34287.0,33630.0,33734.0,194883
1676005200,33760.0,33924.0,33543.0,33895.0,186965
1676264400,33905.0,34289.0,33759.0,34268.0,145496
1676350800,34276.0,34551.0,33852.0,34121.0,242934
1676437200,34086.0,34193.0,33871.0,34174.0,158055
1676523600,34169.0,34233.0,33709.0,33739.0,193140
1676610000,33719.0,33889.0,33514.0,33866.0,183815
1676955600,33844.0,33875.0,33141.0,33162.0,192787
1677042000,33186.0,33273.0,32976.0,33079.0,161678
1677128400,33097.0,33294.0,32816.0,33182.0,173203
1677214800,33139.0,33197.0,32648.0,32826.0,179166
1677474000,32816.0,33211.0,32783.0,32909.0,156501
1677560400,32940.0,33021.0,32607.0,32682.0,158685
1677646800,32652.0,32864.0,32527.0,32693.0,188692
1677733200,32845.0,33107.0,32639.0,33018.0,163244
1677819600,33004.0,33430.0,32953.0,33414.0,148708
1678078800,33399.0,33590.0,33354.0,33451.0,135346
1678165200,33455.0,33512.0,32840.0,32864.0,192151
1678251600,32875.0,32939.0,32626.0,32813.0,170993
1678338000,32829.0,33002.0,32190.0,32259.0,203238
1678424400,32262.0,32434.0,31787.0,31918.0,306881
1678680000,32029.0,32366.0,31530.0,31830.0,201523
1678766400,31909.0,32311.0,31805.0,32161.0,95686
1678852800,32160.0,32203.0,31428.0,31872.0,59917
1678939200,31850.0,32283.0,31566.0,32249.0,39728
1679025600,32230.0,32351.0,31931.0,32106.30078125,233502
1679284800,32142.0,32510.0,31657.0,32456.0,221270
1679371200,32474.0,32830.0,32441.0,32774.0,136933
1679457600,32789.0,32994.0,32231.0,32258.0,185803
1679544000,32296.0,32733.0,32054.0,32319.0,214720
1679630400,32381.0,32485.0,31945.0,32434.0,193251
1679889600,32486.0,32770.0,32418.0,32631.0,136405
1679976000,32667.0,32784.0,32486.0,32588.0,120167
1680062400,32622.0,32924.0,32616.0,32903.0,135013
1680148800,32894.0,33123.0,32863.0,33044.0,132068
1680235200,33039.0,33549.0,33003.0,33460.0,136550
1680494400,33441.0,33821.0,33436.0,33786.0,131790
1680580800,33766.0,33877.0,33455.0,33577.0,138741
1680667200,33626.0,33720.0,33503.0,33656.0,138419
1680753600,33634.0,33716.0,33486.0,33659.0,13566
1681099200,33699.0,33784.0,33508.0,33751.0,109230
1681185600,33766.0,33953.0,33730.0,33852.0,121326
1681272000,33881.0,34119.0,33760.0,33813.0,170018
1681358400,33788.0,34216.0,33747.0,34190.0,142663
1681444800,34130.0,34275.0,33877.0,34037.0,187280
1681704000,34125.0,34148.0,33938.0,34129.0,128275
1681790400,34123.0,34287.0,33928.0,34124.0,140669
1681876800,34104.0,34105.0,33942.0,34033.0,124516
1681963200,34014.0,34033.0,33802.0,33909.0,147308
1682049600,33899.0,33996.0,33809.0,33950.0,145062
1682308800,33922.0,34024.0,33775.0,34001.0,121541
1682395200,34006.0,34007.0,33643.0,33652.0,179213
1682481600,33726.0,33762.0,33347.0,33424.0,184153
1682568000,33444.0,33967.0,33421.0,33929.0,173751
1682654400,33861.0,34236.0,33752.0,34200.0,169860
1682913600,34216.0,34363.0,34106.0,34152.0,109767
1683000000,34111.0,34188.0,33520.0,33772.0,194061
1683086400,33752.0,33917.0,33400.0,33492.0,184191
1683172800,33392.0,33562.0,33004.0,33196.0,219404
1683259200,33190.0,33822.0,33173.0,33739.0,152675
1683518400,33753.0,33848.0,33566.0,33685.0,104597
1683604800,33684.0,33726.0,33539.0,33637.0,103170
1683691200,33630.0,33854.0,33297.0,33602.0,201173
1683777600,33594.0,33683.0,33180.0,33371.0,151677
1683864000,33367.0,33544.0,33163.0,33355.0,145451
1684123200,33321.0,33506.0,33212.0,33398.0,130107
1684209600,33385.0,33397.0,33032.0,33060.0,145840
1684296000,33094.0,33540.0,33062.0,33478.0,169604
1684382400,33473.0,33651.0,33281.0,33618.0,183601
1684468800,33625.0,33731.0,33394.0,33496.0,181170
1684728000,33412.0,33587.0,33273.0,33360.0,152194
1684814400,33396.0,33479.0,33070.0,33132.0,178436
1684900800,33131.0,33184.0,32806.0,32854.0,184599
1684987200,32897.0,32914.0,32619.0,32806.0,194755
1685073600,32792.0,33202.0,32724.0,33125.0,168329
1685419200,33279.0,33330.0,32921.0,33089.0,203083
1685505600,33064.0,33076.0,32793.0,32979.0,174704
1685592000,32910.0,33212.0,32737.0,33103.0,186746
1685678400,33143.0,33863.0,33120.0,33817.0,218205
1685937600,33817.0,33894.0,33600.0,33619.0,177151
1686024000,33612.0,33677.0,33448.0,33617.0,161273
1686110400,33611.0,33745.0,33542.0,33709.0,170144
1686196800,33703.0,33908.0,33635.0,33865.0,143735
1686283200,33843.0,34000.0,33741.0,33909.0,168822
1686542400,33898.0,34096.0,33888.0,34083.0,94230
1686628800,34093.0,34330.0,34010.0,34228.0,82122
1686715200,34221.0,34221.0,33793.0,33990.0,40055
1686801600,33993.0,34496.0,33875.0,34420.0,26155
1686888000,34395.0,34699.0,34370.0,34582.19140625,159993
1687233600,34621.0,34649.0,34197.0,34356.0,189093
1687320000,34328.0,34387.0,34160.0,34235.0,131656
1687406400,34248.0,34274.0,34096.0,34210.0,133727
1687492800,34250.0,34250.0,33888.0,33977.0,144692
1687752000,33977.0,34072.0,33855.0,33971.0,131127
1687838400,34002.0,34232.0,33901.0,34183.0,149650
1687924800,34169.0,34218.0,33993.0,34101.0,150797
1688011200,34145.0,34388.0,34051.0,34353.0,158623
1688097600,34325.0,34705.0,34313.0,34643.0,125426
1688391000,34619.0,34688.0,34510.0,34637.0,73707
1688529600,34628.0,34652.0,34435.0,34509.0,144068
1688616000,34488.0,34495.0,33967.0,34131.0,159330
1688702400,34107.0,34244.0,33918.0,33937.0,137648
1688961600,33968.0,34169.0,33803.0,34146.0,123288
1689048000,34151.0,34493.0,34060.0,34464.0,140621
1689134400,34439.0,34792.0,34410.0,34550.0,151138
1689220800,34570.0,34675.0,34543.0,34590.0,110881
1689307200,34547.0,34788.0,34495.0,34678.0,135128
1689566400,34647.0,34850.0,34580.0,34763.0,117302
1689652800,34744.0,35173.0,34691.0,35142.0,155188
1689739200,35120.0,35417.0,35110.0,35253.0,167588
1689825600,35237.0,35549.0,35192.0,35401.0,176631
1689912000,35413.0,35516.0,35348.0,35398.0,144932
1690171200,35397.0,35638.0,35351.0,35581.0,127732
1690257600,35584.0,35693.0,35527.0,35604.0,124979
1690344000,35573.0,35800.0,35470.0,35684.0,173876
1690430400,35635.0,35843.0,35346.0,35431.0,188130
1690516800,35439.0,35708.0,35376.0,35592.0,144651
1690776000,35598.0,35713.0,35511.0,35695.0,105890
1690862400,35706.0,35810.0,35571.0,35757.0,125388
1690948800,35650.0,35728.0,35333.0,35403.0,167190
1691035200,35396.0,35494.0,35216.0,35312.0,153648
1691121600,35295.0,35602.0,35117.0,35153.0,183905
1691380800,35150.0,35589.0,35140.0,35554.0,146894
1691467200,35563.0,35569.0,35076.0,35395.0,153076
1691553600,35376.0,35494.0,35131.0,35202.0,140785
1691640000,35271.0,35660.0,35179.0,35251.0,206767
1691726400,35265.0,35431.0,35115.0,35351.0,139824
1691985600,35391.0,35456.0,35226.0,35371.0,131739
1692072000,35347.0,35413.0,34957.0,35007.0,165854
1692158400,35006.0,35190.0,34803.0,34821.0,166423
1692244800,34847.0,34953.0,34499.0,34536.0,164743
1692331200,34526.0,34660.0,34328.0,34565.0,157850
1692590400,34565.0,34709.0,34308.0,34524.0,144074
1692676800,34501.0,34652.0,34307.0,34344.0,139805
1692763200,34349.0,34593.0,34340.0,34522.0,132077
1692849600,34576.0,34737.0,34099.0,34140.0,173274
1692936000,34149.0,34483.0,34062.0,34377.0,196522
1693195200,34423.0,34692.0,34400.0,34594.0,142335
1693281600,34606.0,34908.0,34525.0,34887.0,141831
1693368000,34900.0,35090.0,34849.0,34956.0,149961
1693454400,35023.0,35177.0,34770.0,34791.0,152651
1693540800,34807.0,35027.0,34761.0,34882.0,144441
1693886400,34869.0,34969.0,34673.0,34680.0,152734
1693972800,34685.0,34709.0,34317.0,34479.0,156452
1694059200,34468.0,34585.0,34365.0,34528.0,132856
1694145600,34543.0,34660.0,34443.0,34608.0,135835
1694404800,34627.0,34809.0,34581.0,34682.0,86290
1694491200,34673.0,34876.0,34556.0,34667.0,71515
1694577600,34669.0,34790.0,34517.0,34588.0,39137
1694664000,34601.0,34990.0,34585.0,34924.0,28302
1694750400,34950.0,35035.0,34852.0,34914.62890625,173216
1695009600,34930.0,35038.0,34848.0,34935.0,122942
1695096000,34942.0,34991.0,34606.0,34817.0,161163
1695182400,34815.0,35083.0,34718.0,34729.0,178631
1695268800,34732.0,34746.0,34301.0,34337.0,213067
1695355200,34330.0,34421.0,34211.0,34232.0,173503
1695614400,34270.0,34358.0,34040.0,34273.0,169719
1695700800,34294.0,34294.0,33815.0,33875.0,182086
1695787200,33920.0,34012.0,33544.0,33791.0,207623
1695873600,33864.0,34010.0,33693.0,33892.0,217709
1695960000,33939.0,34127.0,33623.0,33725.0,241693
1696219200,33892.0,33939.0,33435.0,33638.0,232202
1696305600,33633.0,33709.0,33117.0,33201.0,242372
1696392000,33177.0,33357.0,33021.0,33326.0,232770
1696478400,33274.0,33367.0,33123.0,33304.0,181562
1696564800,33291.0,33756.0,33032.0,33600.0,250290
1696824000,33477.0,33834.0,33298.0,33801.0,173478
1696910400,33800.0,34092.0,33776.0,33936.0,169527
1696996800,33929.0,34078.0,33799.0,33992.0,147298
1697083200,34046.0,34153.0,33617.0,33796.0,179970
1697169600,33786.0,34123.0,33707.0,33827.0,231266
1697428800,33810.0,34254.0,33810.0,34134.0,160397
1697515200,34173.0,34305.0,33966.0,34144.0,199591
1697601600,34120.0,34147.0,33738.0,33806.0,214223
1697688000,33828.0,33990.0,33492.0,33547.0,286548
1697774400,33530.0,33559.0,33220.0,33258.0,196250
1698033600,33299.0,33366.0,33013.0,33067.0,201983
1698120000,33130.0,33420.0,33055.0,33269.0,205763
1698206400,33345.0,33389.0,33098.0,33150.0,229828
1698292800,33161.0,33204.0,32832.0,32876.0,246580
1698379200,32927.0,33008.0,32409.0,32504.0,235224
1698638400,32542.0,33094.0,32506.0,33017.0,206160
1698724800,33025.0,33220.0,32868.0,33135.0,189649
1698811200,33087.0,33418.0,32990.0,33351.0,195524
1698897600,33358.0,33934.0,33338.0,33914.0,187248
1698984000,33889.0,34232.0,33885.0,34137.0,149458
1699246800,34170.0,34230.0,34051.0,34164.0,112890
1699333200,34132.0,34268.0,34031.0,34215.0,113604
1699419600,34232.0,34315.0,34052.0,34173.0,118364
1699506000,34159.0,34283.0,33915.0,33944.0,158262
1699592400,33980.0,34373.0,33913.0,34338.0,148243
1699851600,34299.0,34461.0,34203.0,34385.0,108073
1699938000,34385.0,34984.0,34334.0,34887.0,158881
1700024400,34924.0,35103.0,34898.0,35050.0,143752
1700110800,35045.0,35091.0,34879.0,35019.0,149538
1700197200,35051.0,35168.0,34944.0,35012.0,116814
1700456400,34978.0,35292.0,34962.0,35225.0,103045
1700542800,35232.0,35247.0,35096.0,35148.0,89148
1700629200,35141.0,35360.0,35119.0,35318.0,113372
1700715600,35312.0,35389.0,35281.0,35350.0,113372
1700836200,35312.0,35440.0,35281.0,35430.0,84103
1701061200,35428.0,35456.0,35315.0,35373.0,99659
1701147600,35373.0,35548.0,35319.0,35445.0,119100
1701234000,35447.0,35641.0,35447.0,35488.0,143804
1701320400,35583.0,36027.0,35563.0,36010.0,173506
1701406800,35986.0,36338.0,35963.0,36303.0,160637
1701666000,36318.0,36332.0,36093.0,36268.0,154837
1701752400,36249.0,36249.0,36066.0,36189.0,151783
1701838800,36172.0,36352.0,36076.0,36112.0,132913
1701925200,36112.0,36210.0,36021.0,36166.0,115321
1702011600,36147.0,36335.0,36006.0,36280.0,131648
1702270800,36296.0,36453.0,36244.0,36438.0,72791
1702357200,36433.0,36660.0,36390.0,36598.0,71513
1702443600,36620.0,37153.0,36552.0,37111.0,41523
1702530000,37123.0,37320.0,37056.0,37265.0,39346
1702616400,37252.0,37438.0,36996.44921875,36996.44921875,158088
1702875600,37660.0,37772.0,37646.0,37678.0,93800
1702962000,37662.0,37940.0,37637.0,37931.0,91047
1703048400,37918.0,38012.0,37390.0,37445.0,142851
1703134800,37467.0,37765.0,37462.0,37756.0,141401
1703221200,37701.0,37878.0,37585.0,37740.0,106912
1703566800,37694.0,37962.0,37693.0,37894.0,55134
1703653200,37914.0,38026.0,37818.0,38006.0,90396
1703739600,38010.0,38089.0,37925.0,38029.0,78092
1703826000,38028.0,38089.0,37841.0,38012.0,91586
1704171600,37982.0,38113.0,37758.0,37993.0,149794
1704258000,38001.0,38014.0,37664.0,37697.0,167097
1704344400,37714.0,37985.0,37699.0,37715.0,130813
1704430800,37751.0,37882.0,37504.0,37719.0,150701
1704690000,37674.0,37946.0,37470.0,37933.0,129740
1704776400,37899.0,37902.0,37607.0,37763.0,125237
1704862800,37743.0,37984.0,37698.0,37936.0,117172
1704949200,37921.0,38038.0,37627.0,37927.0,180614
1705035600,37900.0,38031.0,37651.0,37792.0,165079
1705381200,37737.0,37830.0,37388.0,37553.0,222543
1705467600,37541.0,37559.0,37315.0,37458.0,142478
1705554000,37453.0,37708.0,37303.0,37659.0,161810
1705640400,37645.0,38133.0,37597.0,38045.0,164024
1705899600,38048.0,38302.0,38048.0,38199.0,133217
1705986000,38196.0,38209.0,37976.0,38089.0,106698
1706072400,38103.0,38253.0,37950.0,37979.0,140541
1706158800,38056.0,38219.0,37911.0,38210.0,153939
1706245200,38159.0,38374.0,38050.0,38258.0,132494
1706504400,38209.0,38498.0,38157.0,38488.0,96393
1706590800,38432.0,38644.0,38386.0,38612.0,107240
1706677200,38568.0,38720.0,38247.0,38280.0,183773
1706763600,38288.0,38661.0,38212.0,38625.0,151960
1706850000,38598.0,38892.0,38433.0,38765.0,150153
1707109200,38753.0,38797.0,38310.0,38466.0,145439
1707195600,38451.0,38633.0,38367.0,38613.0,110199
1707282000,38591.0,38843.0,38546.0,38774.0,107428
1707368400,38789.0,38847.0,38627.0,38824.0,92746
1707454800,38795.0,38979.0,38645.0,38748.0,109918
1707714000,38713.0,39012.0,38679.0,38884.0,101088
1707800400,38863.0,38897.0,38095.0,38333.0,193343
1707886800,38337.0,38526.0,38255.0,38494.0,131924
1707973200,38490.0,38866.0,38455.0,38858.0,123765
1708059600,38858.0,38909.0,38653.0,38697.0,129456
1708405200,38658.0,38747.0,38523.0,38642.0,182425
1708491600,38677.0,38749.0,38400.0,38677.0,138637
1708578000,38636.0,39214.0,38633.0,39123.0,161911
1708664400,39102.0,39343.0,39087.0,39189.0,117174
1708923600,39187.0,39290.0,39070.0,39116.0,86428
1709010000,39097.0,39154.0,38911.0,39016.0,105461
1709096400,38988.0,39002.0,38789.0,38993.0,108838
1709182800,38911.0,39123.0,38837.0,39043.0,147273
1709269200,39019.0,39172.0,38892.0,39142.0,141434
1709528400,39114.0,39125.0,38906.0,39022.0,109861
1709614800,38995.0,38995.0,38478.0,38607.0,173258
1709701200,38617.0,38901.0,38584.0,38706.0,163074
1709787600,38706.0,38944.0,38548.0,38826.0,134592
1709874000,38847.0,39008.0,38630.0,38756.0,202657
1710129600,38821.0,38821.0,38820.0,38797.0,120299
1710216000,39023.0,39023.0,39003.0,39032.0,72661
1710302400,39090.0,39104.0,39090.0,39067.0,31585
1710388800,39090.0,39244.0,38704.0,38913.0,35549
1710475200,38892.0,38994.0,38691.1796875,38691.1796875,168986
1710734400,39139.0,39337.0,39089.0,39223.0,118699
1710820800,39239.0,39556.0,39115.0,39539.0,140885
1710907200,39545.0,39988.0,39425.0,39940.0,157550
1710993600,39980.0,40316.0,39948.0,40206.0,145317
1711080000,40231.0,40267.0,39820.0,39868.0,127832
1711339200,39848.0,39853.0,39681.0,39699.0,96100
1711425600,39711.0,39822.0,39657.0,39680.0,96699
1711512000,39754.0,40181.0,39742.0,40144.0,128240
1711598400,40140.0,40240.0,40086.0,40176.0,105260
1711944000,40158.0,40358.0,39709.0,39894.0,122809
1712030400,39789.0,39805.0,39368.0,39508.0,145100
1712116800,39512.0,39634.0,39345.0,39482.0,133153
1712203200,39501.0,39759.0,38876.0,38916.0,187344
1712289600,38921.0,39369.0,38864.0,39223.0,199870
1712548800,39280.0,39344.0,39117.0,39219.0,123197
1712635200,39248.0,39307.0,38873.0,39196.0,173286
1712721600,39220.0,39345.0,38590.0,38757.0,210137
1712808000,38716.0,38880.0,38472.0,38732.0,189695
1712894400,38756.0,38836.0,38132.0,38238.0,184075
1713153600,38150.0,38637.0,37911.0,37993.0,222754
1713240000,37993.0,38284.0,37838.0,38046.0,220450
1713326400,38080.0,38257.0,37842.0,37990.0,203274
1713412800,37987.0,38317.0,37900.0,38007.0,182149
1713499200,38008.0,38344.0,37463.0,38208.0,222804
1713758400,38271.0,38682.0,38208.0,38468.0,149913
1713844800,38507.0,38789.0,38431.0,38726.0,119780
1713931200,38749.0,38801.0,38520.0,38680.0,137058
1714017600,38577.0,38637.0,37944.0,38288.0,176050
1714104000,38343.0,38535.0,38242.0,38441.0,129528
1714363200,38490.0,38593.0,38392.0,38559.0,97404
1714449600,38576.0,38576.0,37925.0,37993.0,146966
1714536000,37923.0,38527.0,37866.0,38069.0,174074
1714622400,38126.0,38643.0,38037.0,38382.0,149296
1714708800,38642.0,38958.0,38584.0,38832.0,148517
1714968000,38920.0,39028.0,38834.0,38997.0,77489
1715054400,38985.0,39127.0,38976.0,39027.0,79867
1715140800,39016.0,39236.0,38936.0,39195.0,91392
1715227200,39198.0,39592.0,39086.0,39536.0,105728
1715313600,39562.0,39718.0,39531.0,39642.0,98767
1715572800,39620.0,39781.0,39519.0,39559.0,85734
1715659200,39542.0,39736.0,39405.0,39677.0,109444
1715745600,39680.0,40063.0,39652.0,40039.0,103687
1715832000,40016.0,40191.0,39979.0,40010.0,120771
1715918400,39995.0,40147.0,39955.0,40137.0,89428
1716177600,40133.0,40213.0,39919.0,39944.0,107155
1716264000,39946.0,40034.0,39907.0,40006.0,90808
1716350400,39992.0,40033.0,39668.0,39783.0,125631
1716436800,39730.0,39882.0,39114.0,39153.0,193140
1716523200,39143.0,39315.0,39105.0,39157.0,108398
1716868800,39163.0,39235.0,38787.0,38944.0,136293
1716955200,38920.0,38920.0,38221.0,38524.0,131272
1717041600,38268.0,38312.0,38111.0,38231.0,140013
1717128000,38225.0,38858.0,38139.0,38791.0,162087
1717387200,38824.0,38919.0,38333.0,38656.0,159329
1717473600,38666.0,38878.0,38425.0,38787.0,128438
1717560000,38801.0,38937.0,38628.0,38884.0,129972
1717646400,38884.0,39092.0,38808.0,38955.0,148118
1717732800,38955.0,39174.0,38716.0,38857.0,158101
1717992000,38852.0,38945.0,38719.0,38929.0,107468
1718078400,38898.0,38932.0,38481.0,38794.0,133896
1718164800,38773.0,39193.0,38658.0,38752.0,192813
1718251200,38646.0,38650.0,38637.0,38677.0,148081
1718337600,38646.0,38674.0,38306.0,38605.0,144263
1718596800,38868.0,38868.0,38864.0,38818.0,94664
1718683200,38853.0,38853.0,38839.0,38859.0,50457
1718856000,38853.0,39259.0,38770.0,39147.0,40737
1718942400,39160.0,39261.94921875,39051.0,39261.94921875,120696
1719201600,39849.0,39871.0,39846.0,39844.0,132945
1719288000,39849.0,39928.0,39393.0,39526.0,138524
1719374400,39484.0,39586.0,39306.0,39540.0,108026
1719460800,39502.0,39505.0,39490.0,39550.0,111391
1719547200,39502.0,39819.0,39284.0,39469.0,163770
1719806400,39498.0,39506.0,39495.0,39511.0,147942
1719892800,39662.0,39662.0,39650.0,39688.0,112627
1720013400,39662.0,39763.0,39568.0,39636.0,83475
1720152000,39643.0,39781.0,39488.0,39695.0,122137
1720411200,39670.0,40006.0,39595.0,39650.0,125692
1720497600,39670.0,39818.0,39450.0,39596.0,128209
1720584000,39600.0,40067.0,39558.0,40049.0,121614
1720670400,40013.0,40200.0,39937.0,40089.0,160829
1720756800,40121.0,40572.0,40021.0,40301.0,150766
1721016000,40390.0,40654.0,40338.0,40514.0,150278
1721102400,40548.0,41299.0,40457.0,41255.0,166127
1721188800,41248.0,41546.0,41095.0,41497.0,174716
1721275200,41538.0,41672.0,40886.0,40958.0,205758
1721361600,40963.0,41006.0,40466.0,40562.0,189677
1721620800,40602.0,40747.0,40488.0,40693.0,139016
1721707200,40683.0,40795.0,40567.0,40615.0,115515
1721793600,40575.0,40583.0,40053.0,40110.0,152717
1721880000,40208.0,40685.0,40055.0,40192.0,184808
1721966400,40245.0,40995.0,40233.0,40831.0,155670
1722225600,40857.0,41051.0,40606.0,40771.0,130218
1722312000,40781.0,40859.0,40754.0,40959.0,149217
1722398400,41111.0,41158.0,41058.0,41073.0,169551
1722484800,40420.0,40450.0,40339.0,40514.0,215461
1722571200,40420.0,40450.0,39518.0,39879.0,212531
1722830400,39623.0,39750.0,38541.0,38848.0,242089
1722916800,39017.0,39600.0,38760.0,39143.0,176254
1723003200,39025.0,39619.0,38753.0,38905.0,142292
1723089600,38815.0,39662.0,38689.0,39601.0,157507
1723176000,39610.0,39770.0,39355.0,39640.0,114018
1723435200,39618.0,39739.0,39366.0,39480.0,105369
1723521600,39488.0,39923.0,39344.0,39889.0,117644
1723608000,39889.0,40191.0,39786.0,40119.0,121965
1723694400,40161.0,40721.0,40113.0,40683.0,110463
1723780800,40703.0,40856.0,40546.0,40794.0,100505
1724040000,40818.0,41052.0,40741.0,41020.0,92057
1724126400,40993.0,41085.0,40875.0,40949.0,93913
1724212800,40949.0,41097.0,40850.0,41006.0,108175
1724299200,41015.0,41159.0,40684.0,40828.0,127189
1724385600,40838.0,41307.0,40836.0,41270.0,140263
1724644800,41274.0,41523.0,41229.0,41335.0,99787
1724731200,41290.0,41390.0,41181.0,41356.0,96513
1724817600,41355.0,41451.0,40920.0,41178.0,130784
1724904000,41256.0,41682.0,41153.0,41439.0,159394
1724990400,41480.0,41674.0,41231.0,41653.0,102870
1725336000,41613.0,41658.0,40866.0,41018.0,159446
1725422400,41019.0,41260.0,40849.0,41051.0,121303
1725508800,41028.0,41169.0,40593.0,40829.0,138408
1725595200,40879.0,41080.0,40264.0,40407.0,197595
1725854400,40339.0,41065.0,40331.0,40882.0,197595
1725940800,40921.0,40989.0,40463.0,40798.0,138158
1726027200,40792.0,40951.0,40034.0,40906.0,192949
1726113600,40855.0,41160.0,40701.0,41146.0,130197
1726200000,41134.0,41569.0,41127.0,41427.0,191485
1726459200,41422.0,41786.0,41388.0,41660.0,91320
1726545600,41656.0,41872.0,41502.0,41639.0,62078
1726632000,41652.0,42026.0,41470.0,41526.0,32390
1726718400,41592.0,42190.0,41580.0,42057.0,24247
1726804800,42078.0,42097.0,41836.0,41946.08984375,114933
1727064000,42475.0,42562.0,42321.0,42501.0,91631
1727150400,42485.0,42656.0,42409.0,42597.0,113321
1727236800,42563.0,42679.0,42206.0,42276.0,123728
1727323200,42276.0,42594.0,42231.0,42555.0,112722
1727409600,42538.0,43005.0,42489.0,42656.0,139040
1727668800,42648.0,42715.0,42245.0,42643.0,135308
1727755200,42605.0,42656.0,42251.0,42479.0,164845
1727841600,42456.0,42581.0,42285.0,42510.0,116855
1727928000,42549.0,42575.0,42142.0,42317.0,135656
1728014400,42280.0,42667.0,42252.0,42646.0,116866
1728273600,42640.0,42704.0,42117.0,42245.0,119734
1728360000,42260.0,42427.0,42091.0,42375.0,80028
1728446400,42375.0,42864.0,42254.0,42813.0,106755
1728532800,42805.0,42850.0,42587.0,42746.0,99978
1728619200,42752.0,43180.0,42666.0,43143.0,118550
1728878400,43110.0,43421.0,42986.0,43363.0,83232
1728964800,43400.0,43445.0,42964.0,43015.0,138662
1729051200,43009.0,43369.0,42937.0,43342.0,89835
1729137600,43341.0,43550.0,43254.0,43511.0,105205
1729224000,43488.0,43581.0,43286.0,43518.0,87055
1729483200,43541.0,43578.0,43111.0,43177.0,112154
1729569600,43193.0,43284.0,42946.0,43169.0,110912
1729656000,42998.0,43065.0,42512.0,42738.0,130296
1729742400,42678.0,42747.0,42410.0,42605.0,105909
1729828800,42615.0,42811.0,42245.0,42321.0,110648
1730088000,42643.0,42643.0,42610.0,42606.0,104638
1730174400,42522.0,42522.0,42490.0,42447.0,105163
1730260800,42332.0,42352.0,42281.0,42363.0,121540
1730347200,42332.0,42357.0,41873.0,41947.0,154927
1730433600,41971.0,42495.0,41893.0,42209.0,117549
1730696400,42150.0,42277.0,41791.0,41956.0,114195
1730782800,42440.0,42450.0,42430.0,42381.0,95861
1730869200,42440.0,43965.0,42416.0,43901.0,184773
1730955600,43958.0,44020.0,43806.0,43910.0,104530
1731042000,43941.0,44300.0,43854.0,44141.0,112833
1731301200,44152.0,44625.0,44142.0,44441.0,100781
1731387600,44438.0,44556.0,44039.0,44074.0,126581
1731474000,44071.0,44280.0,43897.0,44108.0,117344
1731560400,44131.0,44261.0,43816.0,43901.0,113557
1731646800,43901.0,43911.0,43478.0,43568.0,132267
1731906000,43581.0,43654.0,43398.0,43540.0,100133
1731992400,43540.0,43622.0,42991.0,43400.0,124808
1732078800,43403.0,43590.0,43181.0,43516.0,104006
1732165200,43567.0,44146.0,43383.0,43989.0,137118
1732251600,43989.0,44452.0,43818.0,44395.0,126564
1732510800,44499.0,44915.0,44490.0,44826.0,118684
1732597200,44849.0,45002.0,44532.0,44951.0,120238
1732683600,44975.0,45121.0,44790.0,44828.0,98544
1732890600,44846.0,45171.0,44820.0,45055.0,90521
1733115600,45048.0,45138.0,44820.0,44905.0,85541
1733202000,44891.0,44987.0,44680.0,44808.0,80735
1733288400,44903.0,45176.0,44871.0,45106.0,96582
1733374800,45094.0,45154.0,44812.0,44867.0,82280
1733461200,44854.0,44984.0,44660.0,44706.0,75941
1733720400,44709.0,44809.0,44451.0,44479.0,91100
1733806800,44489.0,44553.0,44261.0,44335.0,82772
1733893200,44335.0,44442.0,44181.0,44222.0,87556
1733979600,44199.0,44272.0,43941.0,43977.0,99962
1734066000,43977.0,44091.0,43811.0,43866.0,132448
1734325200,43848.0,43993.0,43721.0,43768.0,88147
1734411600,43743.0,43772.0,43367.0,43474.0,59593
1734498000,43478.0,43724.0,42191.0,42323.0,46786
1734584400,42406.0,42790.0,42350.0,42358.0,36198
1734670800,42390.0,42401.0,42063.0,42197.66015625,161904
1734930000,43356.0,43480.0,42928.0,43319.0,96081
1735050600,43352.0,43664.0,43245.0,43645.0,45310
1735189200,43645.0,43746.0,43430.0,43702.0,59571
1735275600,43668.0,43710.0,43076.0,43344.0,107133
1735534800,43300.0,43381.0,42583.0,42927.0,126738
1735621200,42915.0,43100.0,42723.0,42873.0,97500
1735794000,42935.0,43246.0,42463.0,42694.0,136925
1735880400,42707.0,43077.0,42655.0,43021.0,82608
1736139600,43024.0,43409.0,42886.0,42982.0,118919
1736226000,43028.0,43212.0,42652.0,42803.0,132800
1736312400,42786.0,42940.0,42592.0,42878.0,107849
1736398800,42882.0,42906.0,42725.0,42822.0,15856
1736485200,42821.0,42903.0,42089.0,42160.0,161203
1736744400,42206.0,42565.0,41967.0,42523.0,116452
1736830800,42569.0,42825.0,42374.0,42752.0,112142
1736917200,42810.0,43569.0,42752.0,43466.0,120520
1737003600,43482.0,43573.0,43285.0,43372.0,104177
1737090000,43345.0,43866.0,43318.0,43695.0,90443
1737435600,43681.0,44277.0,43497.0,44238.0,121477
1737522000,44246.0,44417.0,44196.0,44353.0,80009
1737608400,44362.0,44757.0,44310.0,44749.0,85190
1737694800,44730.0,44773.0,44523.0,44602.0,72971
1737954000,44475.0,44931.0,44009.0,44904.0,162119
1738040400,44905.0,45159.0,44743.0,45031.0,97891
1738126800,45021.0,45144.0,44748.0,44890.0,94255
1738213200,44901.0,45189.0,44779.0,45055.0,110111
1738299600,45120.0,45227.0,44656.0,44698.0,130437
1738558800,44449.0,44814.0,43965.0,44565.0,165839
1738645200,44826.0,44826.0,44349.0,44697.0,97576
1738731600,44660.0,45057.0,44467.0,45004.0,91191
1738818000,45045.0,45177.0,44659.0,44863.0,92672
1738904400,44790.0,44967.0,44384.0,44421.0,113995
1739163600,44177.0,44734.0,44100.0,44580.0,79522
1739250000,44574.0,44749.0,44395.0,44708.0,76806
1739336400,44699.0,44733.0,44188.0,44462.0,118283
1739422800,44512.0,44878.0,44358.0,44811.0,105815
1739509200,44825.0,44879.0,44590.0,44635.0,75021
1739854800,44655.0,44760.0,44409.0,44643.0,106938
1739941200,44638.0,44723.0,44396.0,44711.0,94563
1740027600,44655.0,44684.0,44034.0,44268.0,107820
1740114000,44264.0,44331.0,43419.0,43486.0,161185
1740373200,43589.0,43596.0,43567.0,43535.0,133124
1740459600,43735.0,43784.0,43727.0,43690.0,151607
1740546000,43484.0,43485.0,43447.0,43506.0,149716
1740632400,43484.0,43949.0,43277.0,43297.0,206242
1740718800,43325.0,43933.0,43155.0,43889.0,177424
1740978000,43356.0,43356.0,43309.0,43247.0,195673
1741064400,43356.0,43363.0,42421.0,42594.0,216142
1741150800,42881.0,43196.0,42474.0,43066.0,194474
1741237200,43066.0,43094.0,42423.0,42616.0,185559
1741323600,42651.0,42944.0,42208.0,42838.0,180654
1741579200,42722.0,42722.0,41666.0,41947.0,186005
1741665600,42036.0,42128.0,41219.0,41475.0,211864
1741752000,41510.0,42025.0,41047.0,41395.0,142788
1741838400,41367.0,41497.0,40707.0,40863.0,144979
1741924800,40913.0,41564.0,40913.0,41510.0,142747
1742184000,41880.0,41908.0,41880.0,41883.0,103601
1742270400,41593.0,41597.0,41590.0,41600.0,47828
1742356800,42001.0,42001.0,42001.0,41995.0,25041
1742443200,42001.0,42264.0,41705.0,41961.0,18404
1742529600,41961.0,42000.0,41558.0,41620.0,100620
1742788800,42426.0,42968.0,42426.0,42898.0,87199
1742875200,42892.0,43024.0,42765.0,42906.0,79913
1742961600,42927.0,43148.0,42636.0,42746.0,99149
1743048000,42644.0,42873.0,42459.0,42602.0,105295
1743134400,42616.0,42666.0,41714.0,41851.0,118790
1743393600,41600.0,42423.0,41428.0,42259.0,133278
1743480000,42219.0,42417.0,41776.0,42241.0,147576
1743566400,42231.0,42836.0,41878.0,42492.0,153443
1743652800,41870.0,41870.0,40655.0,40776.0,192468
1743739200,40696.0,40747.0,38303.0,38530.0,263195
1743998400,37761.0,39427.0,36708.0,38165.0,253484
1744084800,38486.0,39649.0,37296.0,37862.0,231381
1744171200,37746.0,41029.0,36882.0,40836.0,219474
1744257600,40956.0,41140.0,38631.0,39797.0,256176
1744344000,39740.0,40613.0,39211.0,40399.0,192418
1744603200,40703.0,40994.0,40034.0,40741.0,144045
1744689600,40669.0,41010.0,40524.0,40575.0,134251
1744776000,40500.0,40712.0,39584.0,39853.0,172679
1744862400,39867.0,40292.0,39130.0,39329.0,166005
1745208000,39212.0,39250.0,37998.0,38328.0,104848
1745294400,38312.0,39449.0,38246.0,39357.0,127737
1745380800,39695.0,40559.0,39653.0,39775.0,136093
1745467200,39775.0,40408.0,39408.0,40262.0,86441
1745553600,40254.0,40377.0,39860.0,40254.0,79608
1745812800,40231.0,40565.0,40012.0,40368.0,77484
1745899200,40332.0,40775.0,40293.0,40658.0,83270
1745985600,40710.0,40932.0,39867.0,40770.0,114915
1746072000,40841.0,41222.0,40734.0,40855.0,78630
1746158400,40820.0,41506.0,40766.0,41427.0,80975
1746417600,41405.0,41555.0,41102.0,41319.0,68412
1746504000,41319.0,41349.0,40763.0,40918.0,74597
1746590400,40814.0,41375.0,40814.0,41214.0,86543
1746676800,41156.0,41873.0,41113.0,41468.0,90437
1746763200,41477.0,41623.0,41225.0,41323.0,68801
1747022400,41846.0,42563.0,41675.0,42493.0,89227
1747108800,42525.0,42536.0,42198.0,42228.0,73079
1747195200,42245.0,42339.0,42027.0,42117.0,64352
1747281600,42090.0,42453.0,41841.0,42385.0,80210
1747368000,42440.0,42763.0,42331.0,42736.0,58931
1747627200,42472.0,42941.0,42337.0,42885.0,74395
1747713600,42885.0,42976.0,42570.0,42772.0,55557
1747800000,42742.0,42742.0,41853.0,41947.0,90321
1747886400,41856.0,42177.0,41694.0,41925.0,74433
1747972800,41986.0,42028.0,41236.0,41674.0,90914
1748318400,41687.0,42476.0,41651.0,42410.0,80609
1748404800,42467.0,42515.0,42104.0,42170.0,59356
1748491200,42193.0,42778.0,41874.0,42267.0,88209
1748577600,42243.0,42439.0,41956.0,42294.0,82302
1748836800,42214.0,42415.0,41903.0,42374.0,71149
1748923200,42375.0,42637.0,42113.0,42598.0,59354
1749009600,42572.0,42709.0,42465.0,42500.0,52521
1749096000,42471.0,42738.0,42265.0,42369.0,0
1749182400,42369.0,42979.0,42341.0,42809.0,75697
1749441600,42844.0,42936.0,42600.0,42796.0,58530
1749528000,42801.0,42968.0,42672.0,42911.0,57289
1749614400,42881.0,43200.0,42754.0,42908.0,84507
1749700800,42874.0,43002.0,42586.0,42990.0,79999
1749787200,42954.0,42954.0,42090.0,42207.0,138945
1750046400,42024.0,42747.0,41920.0,42537.0,69521
1750132800,42551.0,42576.0,42148.0,42228.0,54034
1750219200,42197.0,42532.0,42096.0,42188.0,0
1750392000,42187.0,42376.0,41769.0,42356.0,110057
1750651200,42262.0,42932.0,42096.0,42901.0,107820
1750737600,42902.0,43515.0,42896.0,43424.0,78642
1750824000,43419.0,43468.0,43174.0,43306.0,60532
1750910400,43292.0,43752.0,43272.0,43718.0,62751
1750996800,43761.0,44288.0,43743.0,44125.0,84774
1751256000,44201.0,44442.0,44185.0,44389.0,70245
1751342400,44348.0,44916.0,44285.0,44807.0,87816
1751428800,44809.0,44961.0,44641.0,44776.0,66084
1751549400,44785.0,45177.0,44751.0,45098.0,0
1751601600,45107.0,45108.0,44785.0,44847.0,0
1751860800,44915.0,45131.0,44428.0,44677.0,92932
1751947200,44550.0,44715.0,44471.0,44512.0,68382
1752033600,44506.0,44829.0,44422.0,44719.0,65736
1752120000,44728.0,45043.0,44565.0,44908.0,57560
1752206400,44871.0,44942.0,44508.0,44599.0,79034
1752465600,44452.0,44706.0,44324.0,44692.0,61425
1752552000,44672.0,44827.0,44182.0,44247.0,93548
1752638400,44171.0,44481.0,43973.0,44459.0,102194
1752724800,44431.0,44774.0,44354.0,44718.0,78975
1752811200,44735.0,44858.0,44423.0,44540.0,82856
1753070400,44537.0,44815.0,44491.0,44547.0,68929
1753156800,44594.0,44749.0,44423.0,44711.0,80544
1753243200,44746.0,45234.0,44718.0,45214.0,96803
1753329600,45111.0,45132.0,44865.0,44899.0,80006
1753416000,44935.0,45126.0,44818.0,45084.0,70780
1753675200,45245.0,45312.0,44911.0,45012.0,62836
1753761600,45000.0,45121.0,44735.0,44816.0,83467
1753848000,44758.0,44909.0,44418.0,44633.0,85106
1753934400,44725.0,44852.0,44208.0,44305.0,106830
1754020800,44269.0,44323.0,43464.0,43710.0,136725
1754280000,43675.0,44392.0,43633.0,44303.0,84459
1754366400,44393.0,44432.0,44040.0,44236.0,89843
1754452800,44243.0,44482.0,44125.0,44312.0,71110
1754539200,44298.0,44615.0,43900.0,44080.0,101707
1754625600,44113.0,44385.0,44083.0,44278.0,63973
1754884800,44312.0,44413.0,44005.0,44084.0,72036
1754971200,44060.0,44604.0,44026.0,44558.0,92723
1755057600,44566.0,45070.0,44504.0,45025.0,82505
1755144000,45025.0,45142.0,44770.0,44997.0,87950
1755230400,45120.0,45371.0,44981.0,45040.0,87457
1755489600,45029.0,45116.0,44897.0,44986.0,60967
1755576000,44993.0,45289.0,44834.0,44999.0,79737
1755662400,45007.0,45122.0,44830.0,44995.0,97750
1755748800,45003.0,45029.0,44642.0,44854.0,79754
1755835200,44891.0,45841.0,44746.0,45715.0,123023
1756094400,45721.0,45766.0,45335.0,45351.0,71586
1756180800,45392.0,45530.0,45183.0,45489.0,68038
1756267200,45510.0,45700.0,45446.0,45642.0,64387
1756353600,45655.0,45801.0,45501.0,45706.0,74179
1756440000,45656.0,45687.0,45424.0,45601.0,0
1756785600,45685.0,45752.0,45000.0,45351.0,136291
1756872000,45323.0,45376.0,45035.0,45308.0,82162
1756958400,45249.0,45717.0,45223.0,45688.0,75762
1757044800,45697.0,45832.0,45258.0,45459.0,99102
1757304000,45475.0,45591.0,45321.0,45575.0,73057
1757390400,45580.0,45807.0,45471.0,45757.0,85532
1757476800,45702.0,45844.0,45414.0,45540.0,90167
1757563200,45506.0,46176.0,45503.0,46141.0,97178
1757649600,46150.0,46166.0,45831.0,45854.0,91322
1757908800,45860.0,46008.0,45797.0,45921.0,71108
1757995200,45886.0,45989.0,45680.0,45784.0,57704
1758081600,45805.0,46293.0,45701.0,46021.0,27300
1758168000,46073.0,46379.0,45962.0,46168.0,15015
1758254400,46235.0,46354.0,46058.0,46328.0,84965
1758513600,46605.0,46784.0,46362.0,46724.0,68088
1758600000,46702.0,47055.0,46545.0,46637.0,103156
1758686400,46670.0,46789.0,46415.0,46441.0,85279
1758772800,46490.0,46540.0,46098.0,46268.0,90876
1758859200,46275.0,46668.0,46234.0,46556.0,100031
1759118400,46565.0,46787.0,46442.0,46612.0,70892
1759204800,46580.0,46717.0,46386.0,46689.0,84040
1759291200,46617.0,46817.0,46335.0,46725.0,88706
1759377600,46719.0,46872.0,46543.0,46806.0,80587
1759464000,46795.0,47323.0,46762.0,47031.0,100666
1759723200,47048.0,47162.0,46693.0,46958.0,92174
1759809600,46952.0,47137.0,46700.0,46852.0,93716
1759896000,46876.0,47081.0,46752.0,46867.0,74108
1759982400,46880.0,46938.0,46507.0,46593.0,90262
1760068800,46578.0,46883.0,45387.0,45706.0,157561
1760328000,45837.0,46385.0,45837.0,46298.0,157561
1760414400,46298.0,46743.0,45663.0,46500.0,164896
1760500800,46468.0,46915.0,46236.0,46492.0,112865
1760587200,46532.0,46703.0,45984.0,46160.0,143805
1760673600,46126.0,46518.0,45605.0,46381.0,149634
1760932800,46489.0,46962.0,46316.0,46913.0,75303
1761019200,46951.0,47334.0,46812.0,47135.0,90821
1761105600,47156.0,47202.0,46640.0,46782.0,106832
1761192000,46718.0,46994.0,46600.0,46922.0,80728
1761278400,46874.0,47508.0,46874.0,47396.0,90164
1761537600,47711.0,47775.0,47547.0,47712.0,64967
1761624000,47749.0,48118.0,47685.0,47895.0,91130
1761710400,47876.0,48214.0,47616.0,47797.0,104790
1761796800,47733.0,48180.0,47550.0,47677.0,124110
1761883200,47784.0,47862.0,47488.0,47722.0,100914
1762146000,47735.0,47869.0,47265.0,47473.0,0
1762232400,47456.0,47463.0,46976.0,47214.0,111985
1762318800,47276.0,47583.0,47073.0,47436.0,103000
1762405200,47450.0,47495.0,46894.0,47028.0,114589
1762491600,47100.0,47159.0,46574.0,47085.0,126220
1762750800,47208.0,47511.0,47031.0,47462.0,93046
1762837200,47455.0,48083.0,47413.0,48030.0,86191
1762923600,48039.0,48528.0,48018.0,48368.0,97622
1763010000,48385.0,48503.0,47500.0,47547.0,122861
1763096400,47592.0,47644.0,46939.0,47229.0,141397
1763355600,47237.0,47368.0,46503.0,46665.0,98073
1763442000,46714.0,46756.0,45988.0,46184.0,140781
1763528400,46142.0,46375.0,45974.0,46208.0,101618
1763614800,46238.0,46936.0,45786.0,45825.0,160206
1763701200,45849.0,46656.0,45779.0,46321.0,150770
1763960400,46504.0,46655.0,46165.0,46514.0,83181
1764046800,46509.0,47250.0,46401.0,47179.0,99406
1764133200,47190.0,47632.0,47171.0,47490.0,76019
1764340200,47513.0,47796.0,47442.0,47743.0,30055
1764565200,47741.0,47783.0,47319.0,47352.0,76158
1764651600,47358.0,47668.0,47269.0,47544.0,82974
1764738000,47543.0,48081.0,47428.0,47954.0,100386
1764824400,47994.0,48132.0,47756.0,47916.0,74851
1764910800,47913.0,48184.0,47818.0,48001.0,76671
1765170000,48015.0,48061.0,47663.0,47793.0,72699
1765256400,47798.0,48004.0,47576.0,47613.0,79033
1765342800,47608.0,48245.0,47504.0,48107.0,99710
1765429200,48149.0,48825.0,47859.0,48746.0,122569
1765515600,48808.0,48917.0,48355.0,48474.0,126884
1765774800,48517.0,48745.0,48303.0,48461.0,66115
1765861200,48479.0,48547.0,47964.0,48131.0,44714
1765947600,48119.0,48405.0,47876.0,47908.0,32740
1766034000,47927.0,48389.0,47821.0,47988.0,17446
1766120400,47919.0,48090.0,47809.0,48090.0,70175
1766379600,48600.0,48787.0,48458.0,48688.0,71951
1766466000,48684.0,48854.0,48532.0,48762.0,52243
1766586600,48744.0,49084.0,48681.0,49029.0,26493
1766725200,49050.0,49086.0,48872.0,48998.0,34809
1766984400,48998.0,49052.0,48665.0,48749.0,50840
1767070800,48763.0,48774.0,48573.0,48650.0,44085
1767157200,48685.0,48693.0,48315.0,48336.0,46839
1767330000,48373.0,48652.0,48092.0,48616.0,104062
1767589200,48653.0,49463.0,48556.0,49228.0,108530
1767675600,49225.0,49766.0,49096.0,49721.0,96101
1767762000,49752.0,49876.0,49182.0,49239.0,103442
1767848400,49239.0,49603.0,49001.0,49493.0,107058
1767934800,49569.0,49793.0,49408.0,49726.0,85625
1768194000,49720.0,49855.0,49212.0,49809.0,104754
1768280400,49764.0,49901.0,49274.0,49409.0,115853
1768366800,49372.0,49400.0,49057.0,49356.0,123352
1768453200,49277.0,49792.0,49253.0,49639.0,117820
1768539600,49653.0,49799.0,49424.0,49547.0,96775
1768885200,49310.0,49328.0,48611.0,48666.0,174352
1768971600,48727.0,49482.0,48488.0,49265.0,151069
1769058000,49296.0,49795.0,49257.0,49558.0,111017
1769144400,49506.0,49620.0,49119.0,49263.0,96872
1769403600,49036.0,49644.0,48850.0,49565.0,90970
1769490000,49421.0,49566.0,49007.0,49159.0,104315
1769576400,49150.0,49290.0,48990.0,49167.0,90268
1769662800,49134.0,49442.0,48724.0,49170.0,148213
1769749200,49123.0,49169.0,48571.0,49008.0,141275
1770008400,48864.0,49602.0,48506.0,49523.0,120373
1770094800,49481.0,49767.0,48934.0,49350.0,151158
1770181200,49379.0,49758.0,49215.0,49589.0,132992
1770267600,49524.0,49690.0,48848.0,48998.0,143864
1770354000,48845.0,50263.0,48703.0,50205.0,156045
1770613200,50240.0,50339.0,49908.0,50219.0,101613
1770699600,50197.0,50611.0,50107.0,50273.0,108206
1770786000,50325.0,50585.0,49977.0,50205.0,112947
1770872400,50216.0,50521.0,49493.0,49523.0,137171
1770958800,49553.0,49817.0,49155.0,49569.0,139588
1771304400,49549.0,49820.0,49240.0,49612.0,142838
1771390800,49619.0,49967.0,49489.0,49722.0,91111
1771477200,49697.0,49788.0,49258.0,49458.0,95498
1771563600,49432.0,49775.0,49204.0,49674.0,128313
1771822800,49642.0,49765.0,48775.0,48849.0,140083
1771909200,48903.0,49343.0,48801.0,49236.0,111764
1771995600,49206.0,49583.0,49124.0,49534.0,84351
1772082000,49483.0,49872.0,49261.0,49531.0,127493
1772168400,49336.0,49396.0,48699.0,49000.0,128200
1772427600,48451.0,49121.0,48166.0,48945.0,144110
1772514000,48928.0,48935.0,47681.0,48560.0,209429
1772600400,48475.0,48916.0,48266.0,48796.0,134674
1772686800,48788.0,48886.0,47613.0,47983.0,168608
1772773200,47954.0,48123.0,47025.0,47517.0,160620
1773028800,47177.0,47923.0,46333.0,47769.0,195728
1773115200,47756.0,48266.0,47475.0,47745.0,174694
1773201600,47795.0,47970.0,47210.0,47448.0,133146
1773288000,47372.0,47383.0,46703.0,46721.0,173272
1773374400,46769.0,47162.0,46459.0,46592.0,140360
1773633600,46392.0,47218.0,46392.0,46984.0,89534
1773720000,46940.0,47457.0,46708.0,47039.0,52315
1773806400,47021.0,47327.0,46076.0,46234.0,30676
1773892800,46226.0,46315.0,45750.0,46041.0,11040
1773979200,46108.0,46212.0,45713.0,45897.0,155731
1774238400,45605.0,47210.0,45453.0,46522.0,194360
1774324800,46524.0,46905.0,46046.0,46415.0,117908
1774411200,46695.0,47036.0,46480.0,46711.0,103663
1774497600,46726.0,46848.0,46172.0,46230.0,112873
1774584000,46333.0,46502.0,45272.0,45424.0,118729
1774843200,45244.0,45915.0,45052.0,45465.0,100959
1774929600,45473.0,46643.0,45287.0,46582.0,161709
1775016000,46492.0,47090.0,46492.0,46806.0,110015
1775102400,46826.0,46987.0,46076.0,46732.0,118687
1775448000,46569.0,47052.0,46362.0,46902.0,74513
1775534400,47001.0,47040.0,46425.0,46812.0,123306
1775620800,47007.0,48261.0,46828.0,48144.0,127151
1775707200,48090.0,48555.0,47902.0,48416.0,86226
1775793600,48380.0,48520.0,48073.0,48129.0,69883
1776052800,47674.0,48457.0,47534.0,48425.0,94701
1776139200,48446.0,48808.0,48344.0,48755.0,85077
1776225600,48758.0,48911.0,48482.0,48669.0,83738
1776312000,48685.0,48871.0,48529.0,48767.0,77035
1776398400,48823.0,49924.0,48808.0,49641.0,129079
1776657600,49324.0,49731.0,49090.0,49639.0,80728
1776744000,49673.0,50043.0,49229.0,49339.0,112623
1776830400,49500.0,49810.0,49420.0,49668.0,81420
1776916800,49495.0,49703.0,49036.0,49490.0,111924
1777003200,49423.0,49598.0,49243.0,49392.0,85455
1777262400,49382.0,49522.0,49190.0,49342.0,64939
1777348800,49347.0,49549.0,49231.0,49297.0,83926
1777435200,49360.0,49417.0,48790.0,49012.0,84556
1777521600,48822.0,49934.0,48608.0,49835.0,111139
1777608000,49901.0,50138.0,49561.0,49646.0,82408
1777867200,49705.0,49805.0,49016.0,49079.0,96869
1777953600,49088.0,49477.0,49060.0,49415.0,73857
1778040000,49396.0,50135.0,49350.0,50034.0,111557
1778126400,50024.0,50238.0,49581.0,49700.0,106856
1778212800,49599.0,49958.0,49582.0,49691.0,82050
1778472000,49640.0,49871.0,49468.0,49792.0,81711
1778558400,49788.0,49924.0,49397.0,49869.0,96036
1778644800,49860.0,49911.0,49534.0,49792.0,80415
1778731200,49850.0,50292.0,49850.0,50154.0,99443
1778817600,50152.0,50166.0,49435.0,49617.0,99603
1779076800,49464.0,49845.0,49152.0,49768.0,115707
1779163200,49740.0,49838.0,49324.0,49459.0,107846
1779249600,49443.0,50160.0,49294.0,50094.0,123449
1779336000,50040.0,50470.0,49774.0,50379.0,119591
1779422400,50402.0,50920.0,50402.0,50662.0,94216
1779768000,50776.0,51209.0,50425.0,50547.0,104444
1779854400,50508.0,50896.0,50500.0,50728.0,84153
1779940800,50784.0,50855.0,50386.0,50743.0,79376
1780027200,50750.0,51140.0,50704.0,51077.0,95052
1780286400,51128.0,51384.0,50824.0,51134.0,101795
1780372800,51073.0,51443.0,50841.0,51400.0,96521
1780459200,51396.0,51418.0,50738.0,50803.0,100625
1780545600,50774.0,51752.0,50756.0,51671.0,123804
1780632000,51665.0,51849.0,50736.0,50936.0,146415
1780891200,50796.0,51331.0,50624.0,50856.0,123612
1780977600,50800.0,51315.0,50262.0,50909.0,167518
1781064000,50843.0,50906.0,49873.0,49990.0,160990
1781150400,49883.0,51017.0,49758.0,50875.0,152621
1781236800,50910.0,51443.0,50836.0,51227.0,76946
1781496000,51450.0,51996.0,51440.0,51742.0,64460
1781582400,51739.0,52233.0,51698.0,52044.0,38318
1781668800,52041.0,52300.0,51420.0,51519.0,15312
1781755200,51621.0,51962.0,51587.0,51962.0,92045
1782100800,51870.0,52305.0,51712.0,52119.0,91262
1782187200,52165.0,52281.0,51691.0,52082.0,96734
1782273600,52119.0,52676.0,51933.0,52279.0,98055
1782360000,52381.0,53097.0,52215.0,52339.0,113919
1782446400,52439.0,52542.0,52008.0,52209.0,105309
1782705600,52183.0,52700.0,52179.0,52572.0,89618
1782792000,52554.0,52763.0,52383.0,52670.0,74881
1782878400,52546.0,53105.0,52381.0,52668.0,90299
1782964800,52640.0,53218.0,52551.0,53183.0,100341
1783310400,53230.0,53421.0,52962.0,53372.0,90648
1783396800,53405.0,53656.0,53076.0,53197.0,89107
1783483200,53166.0,53207.0,52343.0,52624.0,95217
1783569600,52541.0,52865.0,52501.0,52761.0,66140
1783656000,52753.0,52992.0,52506.0,52906.0,68290
1783915200,52844.0,53113.0,52603.0,52764.0,73067
1784001600,52731.0,52981.0,52255.0,52791.0,99661
1784088000,52792.0,53088.0,52680.0,52900.0,76509
1784174400,52919.0,53108.0,52607.0,52786.0,85356
1784260800,52778.0,52835.0,52174.0,52375.0,115266
1784520000,52300.0,52633.0,51999.0,52073.0,75800
1784606400,52091.0,52590.0,52035.0,52443.0,66633
1784692800,52431.0,52721.0,52262.0,52449.0,87376
1784779200,52430.0,52515.0,51720.0,51894.0,105718
1784865600,51920.0,52314.0,51846.0,52124.0,89973
1785124800,52299.0,52790.0,52173.0,52382.0,91904
1785211200,52405.0,53105.0,52290.0,52944.0,103226
1785297600,52915.0,53033.0,51630.0,51765.0,146075
1785384000,51759.0,52484.0,51732.0,52380.0,97296
1785470400,52395.0,52772.0,52124.0,52635.0,89322
1785729600,52780.0,53414.0,52777.0,53334.0,89749
1785816000,53381.0,54423.0,53267.0,54268.0,116033
1785902400,54369.0,54884.0,54342.0,54494.0,77042
1785988800,54555.0,54678.0,53952.0,54013.0,71858
1786075200,54040.0,54202.0,53879.0,54152.0,55337
1786334400,54133.0,54170.0,53952.0,54063.0,49515
1786420800,54049.0,54336.0,53855.0,53880.0,48977
1786507200,53903.0,54150.0,53830.0,53871.0,46653
1786593600,53905.0,54149.0,53715.0,53935.0,51904
1786680000,53961.0,53999.0,53745.0,53807.0,45129
1786939200,53790.0,53840.0,53464.0,53544.0,51164
1787025600,53501.0,53594.0,53311.0,53403.0,60850
1787112000,53408.0,53780.0,53337.0,53530.0,65333
1787198400,53529.0,53589.0,52812.0,52849.0,72393
1787284800,52876.0,53418.0,52838.0,53353.0,65073
1787544000,53367.0,53567.0,53210.0,53489.0,58981
1787630400,53524.0,53797.0,53426.0,53645.0,53250
1787716800,53643.0,53778.0,53435.0,53521.0,44780
1787803200,53724.0,53811.0,53369.0,53621.0,57118
1787889600,53608.0,53862.0,53513.0,53584.0,57398
1788148800,53664.0,53664.0,53149.0,53240.0,55764
1788235200,53259.0,53343.0,52747.0,52828.0,75300
1788321600,52844.0,53283.0,52720.0,53121.0,61421
1788408000,53120.0,53827.0,53093.0,53745.0,71095
1788494400,53707.0,53772.0,53235.0,53440.0,62511
1788840000,53261.0,53336.0,52758.0,52832.0,79260
1788926400,52817.0,52859.0,52339.0,52425.0,69746
1789012800,52473.0,52676.0,51992.0,52095.0,70534
1789099200,52059.0,52739.0,52059.0,52585.0,70534
1789352709,52376.0,52625.0,52226.0,52600.0,2813
