time,open,high,low,close,volume
1788322140,29054.75,29055.0,29041.0,29044.5,0
1788322200,29044.0,29046.25,29043.5,29044.5,30
1788322260,29043.75,29044.25,29035.5,29038.75,180
1788322320,29038.5,29044.75,29038.25,29042.0,59
1788322380,29041.0,29044.25,29038.75,29044.25,28
1788322440,29044.5,29048.5,29043.75,29047.25,48
1788322500,29045.75,29062.0,29044.25,29061.5,156
1788322560,29062.0,29062.75,29056.75,29058.25,58
1788322620,29058.25,29059.75,29054.25,29059.25,37
1788322680,29059.25,29061.75,29057.0,29057.0,21
1788322740,29057.5,29062.0,29056.75,29060.0,43
1788322800,29060.0,29061.0,29054.5,29059.5,48
1788322860,29059.25,29061.5,29054.25,29055.25,46
1788322920,29055.25,29055.5,29047.75,29047.75,63
1788322980,29047.5,29051.0,29046.25,29048.75,41
1788323040,29050.0,29055.0,29049.0,29052.0,56
1788323100,29051.75,29052.5,29049.75,29052.5,18
1788323160,29050.25,29055.75,29048.75,29052.5,55
1788323220,29056.0,29058.75,29052.5,29053.5,63
1788323280,29052.5,29054.0,29050.25,29052.5,25
1788323340,29051.75,29053.0,29048.0,29051.0,56
1788323400,29051.25,29051.25,29048.0,29050.0,19
1788323460,29049.0,29058.25,29049.0,29058.25,49
1788323520,29057.5,29060.75,29057.25,29059.75,48
1788323580,29059.25,29062.5,29048.25,29051.75,110
1788323640,29051.0,29061.25,29051.0,29057.0,77
1788323700,29057.25,29058.0,29048.75,29052.75,59
1788323760,29052.75,29055.0,29048.5,29048.5,33
1788323820,29048.5,29056.25,29048.5,29053.25,54
1788323880,29054.25,29055.25,29049.25,29049.75,38
1788323940,29050.25,29051.0,29049.25,29050.25,29
1788324000,29050.25,29052.75,29047.75,29049.25,50
1788324060,29051.0,29051.75,29049.0,29051.75,17
1788324120,29049.5,29056.75,29049.25,29056.0,19
1788324180,29054.25,29058.25,29052.25,29056.75,48
1788324240,29055.5,29056.25,29050.0,29054.0,39
1788324300,29054.75,29061.0,29054.75,29055.75,81
1788324360,29056.75,29061.5,29056.5,29056.5,58
1788324420,29056.0,29057.75,29051.75,29055.75,70
1788324480,29054.75,29063.75,29051.0,29063.5,81
1788324540,29062.5,29065.0,29056.0,29056.5,105
1788324600,29058.0,29058.25,29056.0,29058.25,44
1788324660,29058.0,29061.5,29057.25,29061.5,22
1788324720,29058.25,29060.75,29056.5,29060.75,23
1788324780,29061.25,29061.25,29057.25,29060.0,27
1788324840,29059.5,29061.5,29058.0,29059.75,55
1788324900,29059.0,29061.25,29058.25,29060.5,27
1788324960,29060.0,29062.5,29056.75,29057.0,39
1788325020,29058.25,29058.75,29054.5,29057.25,27
1788325080,29058.25,29059.25,29055.75,29055.75,20
1788325140,29055.5,29060.5,29054.5,29058.25,53
1788325200,29059.0,29060.5,29052.0,29059.0,68
1788325260,29058.75,29061.0,29047.0,29048.5,89
1788325320,29047.25,29051.0,29040.5,29043.0,118
1788325380,29042.5,29045.75,29042.5,29045.25,61
1788325440,29044.5,29047.0,29042.75,29044.0,46
1788325500,29043.0,29049.25,29042.0,29046.25,48
1788325560,29047.75,29047.75,29037.5,29037.5,91
1788325620,29038.25,29043.5,29038.25,29040.75,57
1788325680,29041.25,29044.25,29040.0,29044.25,29
1788325740,29043.5,29043.5,29038.75,29039.0,32
1788325800,29040.25,29057.25,29040.25,29055.75,91
1788325860,29055.0,29060.0,29054.5,29056.75,55
1788325920,29056.75,29061.75,29056.75,29060.0,47
1788325980,29059.0,29067.75,29059.0,29067.0,106
1788326040,29067.75,29071.75,29065.0,29066.25,133
1788326100,29067.25,29071.5,29063.75,29071.25,61
1788326160,29071.5,29075.0,29069.0,29073.25,95
1788326220,29072.75,29084.5,29068.5,29084.5,137
1788326280,29083.5,29087.5,29081.5,29084.5,193
1788326340,29083.0,29088.25,29078.75,29079.75,206
1788326400,29082.0,29084.0,29074.75,29080.0,179
1788326460,29081.0,29082.0,29074.25,29075.0,113
1788326520,29075.25,29078.75,29069.5,29073.75,131
1788326580,29074.0,29079.0,29068.75,29078.25,98
1788326640,29076.5,29086.0,29076.0,29083.75,72
1788326700,29083.5,29088.5,29081.75,29086.25,83
1788326760,29086.75,29089.75,29086.5,29088.0,63
1788326820,29089.75,29090.5,29081.75,29085.5,127
1788326880,29086.25,29092.0,29084.25,29090.25,59
1788326940,29090.5,29091.75,29089.0,29091.25,28
1788327000,29092.0,29100.75,29091.5,29100.0,192
1788327060,29099.0,29104.25,29089.25,29090.25,177
1788327120,29090.75,29095.5,29089.75,29094.0,72
1788327180,29094.25,29097.5,29089.0,29097.5,43
1788327240,29098.0,29098.5,29086.0,29087.25,148
1788327300,29085.0,29088.5,29082.0,29085.0,104
1788327360,29085.5,29085.5,29075.25,29080.25,87
1788327420,29081.25,29086.0,29078.25,29079.0,88
1788327480,29076.75,29078.5,29071.25,29073.0,115
1788327540,29072.75,29074.75,29071.0,29071.0,38
1788327600,29071.75,29085.25,29070.5,29083.75,85
1788327660,29082.25,29084.0,29078.25,29084.0,83
1788327720,29086.25,29093.75,29086.25,29091.75,91
1788327780,29091.5,29097.75,29089.0,29097.5,60
1788327840,29096.0,29101.0,29093.75,29099.25,70
1788327900,29099.75,29101.5,29098.25,29100.0,41
1788327960,29099.0,29099.25,29095.25,29096.0,36
1788328020,29096.0,29099.75,29094.0,29098.5,55
1788328080,29098.0,29100.25,29095.75,29097.75,36
1788328140,29097.75,29098.5,29093.0,29095.25,56
1788328200,29095.25,29096.5,29086.0,29086.25,96
1788328260,29086.75,29090.5,29084.25,29090.0,54
1788328320,29089.75,29090.0,29076.0,29081.0,87
1788328380,29081.25,29081.25,29074.25,29075.25,87
1788328440,29074.5,29074.5,29062.5,29064.5,210
1788328500,29064.5,29070.25,29063.0,29067.5,66
1788328560,29069.0,29078.0,29065.5,29070.5,95
1788328620,29071.0,29073.0,29068.0,29068.75,54
1788328680,29069.5,29074.0,29069.5,29072.25,23
1788328740,29073.0,29074.5,29069.25,29073.0,69
1788328800,29072.25,29080.5,29063.75,29070.75,180
1788328860,29067.75,29071.0,29054.0,29057.75,255
1788328920,29058.5,29059.5,29051.25,29054.75,138
1788328980,29055.75,29056.0,29046.25,29047.5,156
1788329040,29046.5,29049.0,29043.0,29045.25,140
1788329100,29047.25,29048.25,29042.5,29045.75,149
1788329160,29046.0,29046.75,29040.25,29044.25,87
1788329220,29044.75,29046.5,29042.0,29042.75,62
1788329280,29044.25,29048.75,29043.0,29047.25,64
1788329340,29047.0,29054.0,29044.0,29051.0,87
1788329400,29050.25,29053.5,29042.75,29048.25,94
1788329460,29046.25,29048.0,29043.25,29044.25,43
1788329520,29045.75,29048.25,29043.5,29045.75,51
1788329580,29046.75,29057.0,29046.25,29053.0,121
1788329640,29053.5,29055.0,29045.5,29049.25,62
1788329700,29050.0,29052.5,29046.0,29046.75,51
1788329760,29047.25,29048.0,29035.75,29038.25,162
1788329820,29038.25,29038.5,29029.5,29029.75,203
1788329880,29030.0,29030.5,29025.25,29028.25,147
1788329940,29028.0,29030.0,29026.25,29028.5,59
1788330000,29027.0,29028.5,29025.25,29027.75,81
1788330060,29028.0,29030.0,29025.5,29028.25,48
1788330120,29029.0,29031.25,29025.25,29026.0,90
1788330180,29026.25,29029.75,29025.75,29029.5,29
1788330240,29029.0,29035.75,29029.0,29035.75,152
1788330300,29035.25,29048.75,29033.5,29048.75,167
1788330360,29048.25,29054.5,29044.75,29052.75,148
1788330420,29054.0,29055.0,29040.0,29042.25,103
1788330480,29044.5,29044.5,29036.25,29036.25,51
1788330540,29035.75,29043.0,29020.5,29023.5,251
1788330600,29023.0,29027.25,29021.75,29024.0,119
1788330660,29025.5,29027.5,29018.0,29021.0,193
1788330720,29021.0,29032.75,29020.0,29030.0,104
1788330780,29030.75,29032.0,29016.75,29017.75,106
1788330840,29018.0,29031.5,29016.5,29031.5,103
1788330900,29031.5,29044.5,29029.0,29043.0,168
1788330960,29043.0,29046.75,29034.25,29035.75,142
1788331020,29035.5,29039.0,29029.25,29033.0,101
1788331080,29034.25,29038.75,29033.75,29038.75,51
1788331140,29038.75,29074.75,29037.5,29074.25,394
1788331200,29074.25,29079.25,29069.0,29075.25,233
1788331260,29075.25,29087.0,29075.25,29086.25,191
1788331320,29085.25,29093.0,29083.0,29091.5,180
1788331380,29090.0,29098.25,29085.25,29088.75,165
1788331440,29088.0,29090.5,29073.75,29073.75,120
1788331500,29073.5,29073.75,29064.75,29067.0,140
1788331560,29068.75,29071.0,29061.25,29064.75,97
1788331620,29064.0,29072.75,29063.5,29070.25,56
1788331680,29072.25,29072.5,29065.0,29068.75,56
1788331740,29071.25,29071.25,29063.5,29066.0,99
1788331800,29065.75,29066.5,29059.75,29059.75,86
1788331860,29061.25,29068.5,29056.75,29060.0,127
1788331920,29063.0,29064.25,29059.5,29060.0,49
1788331980,29062.25,29062.5,29055.0,29056.0,34
1788332040,29055.0,29056.5,29053.0,29054.5,66
1788332100,29053.25,29058.0,29051.0,29054.0,92
1788332160,29054.25,29065.0,29054.25,29065.0,78
1788332220,29063.25,29067.0,29060.5,29061.75,55
1788332280,29063.0,29068.5,29061.75,29068.5,81
1788332340,29068.5,29080.0,29066.5,29077.25,154
1788332400,29077.0,29090.0,29065.5,29086.5,281
1788332460,29086.75,29090.0,29082.0,29084.5,107
1788332520,29083.75,29102.0,29083.75,29094.75,175
1788332580,29094.75,29103.25,29091.75,29102.25,179
1788332640,29103.0,29105.75,29098.5,29101.0,191
1788332700,29100.75,29103.5,29096.0,29097.25,200
1788332760,29098.75,29108.75,29098.75,29101.75,147
1788332820,29102.25,29102.25,29096.75,29099.0,90
1788332880,29099.5,29104.5,29099.0,29102.0,71
1788332940,29101.25,29114.0,29101.25,29109.75,151
1788333000,29110.25,29120.75,29110.0,29118.25,174
1788333060,29117.5,29117.5,29108.25,29108.25,124
1788333120,29108.5,29112.25,29103.0,29109.25,155
1788333180,29108.25,29112.5,29100.75,29110.25,150
1788333240,29111.0,29113.0,29099.75,29103.25,90
1788333300,29103.5,29110.0,29099.75,29107.5,101
1788333360,29106.75,29115.75,29102.5,29113.75,94
1788333420,29113.0,29115.75,29109.75,29111.25,70
1788333480,29112.0,29115.75,29110.5,29112.25,39
1788333540,29113.25,29117.0,29113.0,29113.75,102
1788333600,29113.5,29113.75,29102.75,29110.25,62
1788333660,29109.25,29113.25,29108.0,29108.75,61
1788333720,29107.25,29109.0,29097.25,29100.75,94
1788333780,29099.75,29112.25,29098.5,29104.25,79
1788333840,29105.25,29105.25,29098.25,29100.0,76
1788333900,29100.25,29101.0,29075.75,29078.5,266
1788333960,29080.0,29091.5,29075.75,29090.25,232
1788334020,29090.25,29100.25,29085.75,29085.75,107
1788334080,29087.0,29094.75,29085.0,29092.0,141
1788334140,29093.5,29097.5,29089.75,29094.5,126
1788334200,29094.25,29097.25,29093.5,29095.5,92
1788334260,29096.75,29101.0,29087.5,29092.75,143
1788334320,29092.75,29095.25,29086.75,29088.75,83
1788334380,29089.5,29092.0,29080.25,29085.75,129
1788334440,29085.75,29089.5,29080.0,29087.5,118
1788334500,29086.5,29090.0,29077.25,29083.25,145
1788334560,29083.0,29083.25,29079.25,29081.5,29
1788334620,29082.25,29085.25,29081.25,29085.25,25
1788334680,29086.75,29087.0,29076.0,29077.25,62
1788334740,29075.5,29077.75,29071.75,29073.5,98
1788334800,29073.0,29076.5,29064.75,29074.5,144
1788334860,29075.5,29078.0,29070.0,29077.0,93
1788334920,29077.75,29079.25,29072.25,29075.75,68
1788334980,29076.25,29085.25,29075.25,29075.25,97
1788335040,29075.0,29078.5,29070.75,29070.75,35
1788335100,29070.75,29070.75,29060.75,29061.75,96
1788335160,29061.25,29066.5,29060.75,29065.25,89
1788335220,29064.75,29070.0,29062.75,29069.75,50
1788335280,29068.25,29074.5,29067.5,29070.5,80
1788335340,29068.25,29070.5,29062.75,29063.75,75
1788335400,29062.5,29068.0,29059.5,29062.75,90
1788335460,29064.5,29064.5,29060.0,29060.0,56
1788335520,29060.75,29060.75,29050.0,29052.0,136
1788335580,29052.5,29055.5,29052.0,29054.75,46
1788335640,29055.25,29075.25,29054.25,29069.0,151
1788335700,29067.5,29077.25,29066.25,29076.25,121
1788335760,29076.25,29078.25,29067.75,29069.75,75
1788335820,29069.5,29074.75,29068.25,29069.25,60
1788335880,29071.25,29073.25,29069.25,29070.0,55
1788335940,29070.25,29071.0,29061.75,29061.75,99
1788336000,29062.25,29070.0,29052.5,29054.75,296
1788336060,29054.75,29067.75,29053.0,29054.75,133
1788336120,29058.0,29069.75,29057.0,29062.75,216
1788336180,29062.0,29081.75,29059.0,29075.75,176
1788336240,29076.25,29096.5,29073.0,29095.25,199
1788336300,29094.5,29097.25,29079.75,29086.5,175
1788336360,29086.5,29086.5,29066.25,29076.0,123
1788336420,29075.25,29080.5,29071.5,29080.5,65
1788336480,29081.25,29086.0,29074.0,29078.75,85
1788336540,29076.75,29076.75,29070.25,29075.0,38
1788336600,29074.75,29086.75,29072.0,29085.5,84
1788336660,29087.0,29087.25,29072.0,29072.5,62
1788336720,29073.75,29079.0,29070.0,29079.0,42
1788336780,29077.75,29079.0,29075.5,29079.0,52
1788336840,29078.25,29080.0,29068.75,29073.75,119
1788336900,29073.75,29088.0,29073.0,29074.25,134
1788336960,29074.0,29080.5,29072.5,29078.25,52
1788337020,29078.0,29078.0,29070.0,29075.75,47
1788337080,29075.5,29076.5,29067.75,29068.0,59
1788337140,29070.25,29071.5,29056.0,29056.75,148
1788337200,29057.5,29062.25,29049.75,29050.75,162
1788337260,29050.0,29051.75,29039.75,29045.75,189
1788337320,29045.75,29053.75,29045.75,29053.25,105
1788337380,29052.5,29055.75,29048.75,29050.0,59
1788337440,29050.25,29050.5,29043.75,29047.0,64
1788337500,29046.0,29048.0,29041.25,29041.75,52
1788337560,29042.75,29050.5,29042.75,29050.0,68
1788337620,29050.0,29060.25,29049.5,29059.5,88
1788337680,29058.75,29060.75,29049.75,29051.25,55
1788337740,29049.5,29056.0,29045.75,29053.5,69
1788337800,29052.75,29062.5,29046.25,29060.25,79
1788337860,29060.0,29067.75,29054.0,29057.0,145
1788337920,29057.0,29068.75,29057.0,29057.5,179
1788337980,29055.25,29061.75,29050.75,29052.75,69
1788338040,29053.0,29055.5,29048.0,29049.5,58
1788338100,29049.5,29050.25,29035.5,29046.5,147
1788338160,29046.5,29057.25,29045.25,29048.5,80
1788338220,29049.5,29056.25,29047.5,29055.25,70
1788338280,29054.25,29055.0,29042.75,29047.0,87
1788338340,29045.75,29055.5,29045.75,29048.25,88
1788338400,29047.25,29054.75,29045.5,29050.0,70
1788338460,29051.0,29055.0,29046.5,29046.5,85
1788338520,29045.0,29045.75,29038.75,29040.75,67
1788338580,29042.25,29042.75,29032.5,29035.75,180
1788338640,29036.5,29037.25,29031.5,29035.75,71
1788338700,29036.5,29037.25,29031.5,29033.25,65
1788338760,29033.25,29034.5,29030.25,29031.25,55
1788338820,29030.5,29031.75,29024.0,29024.25,128
1788338880,29024.5,29024.75,29020.75,29021.75,78
1788338940,29021.25,29025.0,29020.75,29023.0,77
1788339000,29022.5,29025.0,29017.0,29021.25,125
1788339060,29020.0,29020.25,28997.25,29002.5,787
1788339120,29002.75,29002.75,28987.25,28989.0,245
1788339180,28988.25,28989.75,28966.25,28966.75,513
1788339240,28967.0,28968.75,28955.75,28964.0,390
1788339300,28964.25,28970.5,28954.5,28967.25,299
1788339360,28968.5,28983.75,28965.25,28972.0,272
1788339420,28971.75,28975.0,28965.25,28971.0,194
1788339480,28971.25,28973.5,28967.5,28973.25,95
1788339540,28974.0,28978.25,28968.0,28977.75,114
1788339600,28977.25,28992.75,28973.75,28984.5,391
1788339660,28984.5,28989.0,28978.75,28982.5,119
1788339720,28983.25,29008.0,28983.25,29002.25,366
1788339780,29003.0,29017.0,28997.0,29009.5,208
1788339840,29010.0,29011.0,29001.5,29010.0,90
1788339900,29010.0,29025.5,29008.25,29024.75,185
1788339960,29025.0,29027.5,29009.0,29011.25,155
1788340020,29011.5,29011.5,28998.25,29001.75,169
1788340080,29002.5,29009.0,28997.0,29002.25,136
1788340140,29002.75,29006.25,28999.5,29001.5,62
1788340200,29000.75,29006.0,28997.75,29001.0,160
1788340260,29000.75,29008.0,28997.5,28997.5,95
1788340320,29000.0,29002.0,28992.75,28993.0,78
1788340380,28992.5,28995.0,28986.75,28987.75,120
1788340440,28985.75,28985.75,28969.0,28969.25,170
1788340500,28971.25,28978.0,28968.75,28976.25,111
1788340560,28976.25,28978.75,28974.25,28976.75,88
1788340620,28976.75,28982.25,28971.5,28981.0,113
1788340680,28981.25,28992.5,28979.25,28989.75,158
1788340740,28989.75,28995.0,28987.0,28990.75,149
1788340800,28989.75,28989.75,28976.5,28977.75,181
1788340860,28978.75,28983.0,28971.0,28971.5,136
1788340920,28971.75,28972.0,28963.0,28966.75,220
1788340980,28964.25,28965.75,28955.0,28958.75,242
1788341040,28958.75,28969.75,28957.0,28968.0,138
1788341100,28967.5,28971.0,28966.0,28966.0,83
1788341160,28964.75,28974.0,28962.75,28970.75,139
1788341220,28971.75,28981.75,28971.75,28976.75,128
1788341280,28976.25,28978.5,28974.25,28974.25,86
1788341340,28974.75,28980.5,28974.5,28978.25,52
1788341400,28978.25,28981.5,28975.25,28975.75,99
1788341460,28977.5,28979.75,28957.75,28961.5,185
1788341520,28961.25,28963.0,28958.25,28958.25,139
1788341580,28958.5,28958.75,28946.25,28953.5,566
1788341640,28953.0,28957.75,28950.75,28954.5,223
1788341700,28953.5,28953.75,28948.0,28949.75,110
1788341760,28949.75,28950.5,28940.5,28947.0,290
1788341820,28946.0,28953.5,28946.0,28949.5,139
1788341880,28949.25,28958.0,28946.25,28946.25,118
1788341940,28949.25,28954.5,28947.5,28948.0,54
1788342000,28949.75,28955.5,28946.0,28952.5,92
1788342060,28952.0,28957.25,28952.0,28957.0,52
1788342120,28957.25,28958.75,28950.0,28950.0,95
1788342180,28949.25,28954.5,28949.25,28953.25,40
1788342240,28953.25,28954.25,28946.0,28948.75,95
1788342300,28948.75,28959.5,28948.75,28953.0,110
1788342360,28954.0,28954.0,28947.5,28951.5,81
1788342420,28950.75,28960.75,28950.75,28953.25,96
1788342480,28954.0,28960.75,28954.0,28957.75,49
1788342540,28959.0,28960.5,28956.0,28957.25,46
1788342600,28956.25,28963.25,28956.0,28962.0,62
1788342660,28962.5,28963.25,28953.25,28954.0,67
1788342720,28955.25,28962.0,28955.25,28959.0,37
1788342780,28958.75,28966.0,28958.25,28964.5,53
1788342840,28963.75,28963.75,28956.25,28957.5,82
1788342900,28959.5,28962.0,28959.0,28961.0,58
1788342960,28962.25,28972.5,28962.25,28968.0,231
1788343020,28967.5,28973.5,28967.25,28970.0,82
1788343080,28971.5,28972.5,28966.0,28968.25,87
1788343140,28968.75,28974.5,28968.75,28973.25,82
1788343200,28972.75,28977.0,28971.25,28972.0,104
1788343260,28970.75,28979.5,28962.5,28966.75,192
1788343320,28967.75,28967.75,28952.0,28956.0,184
1788343380,28954.25,28956.0,28951.5,28954.0,90
1788343440,28954.5,28955.0,28950.0,28950.0,69
1788343500,28950.25,28954.0,28947.25,28951.25,173
1788343560,28952.25,28954.75,28948.25,28953.25,108
1788343620,28954.0,28958.75,28953.75,28956.0,111
1788343680,28953.5,28957.5,28952.75,28954.5,79
1788343740,28953.75,28960.25,28952.0,28952.75,65
1788343800,28952.5,28957.5,28952.0,28954.0,77
1788343860,28954.0,28964.75,28953.5,28960.5,117
1788343920,28959.25,28959.75,28953.25,28958.75,75
1788343980,28961.5,28975.0,28956.0,28974.0,137
1788344040,28973.75,28978.75,28972.25,28978.0,113
1788344100,28978.0,28983.0,28975.0,28981.75,135
1788344160,28981.0,28981.0,28972.0,28979.75,94
1788344220,28979.25,28981.0,28976.75,28980.5,62
1788344280,28979.0,28980.25,28975.25,28976.0,38
1788344340,28975.25,28978.5,28974.25,28977.25,31
1788344400,28977.0,28980.0,28976.0,28979.0,31
1788344460,28979.5,28984.0,28976.5,28980.5,94
1788344520,28981.0,28985.75,28977.75,28980.0,86
1788344580,28980.0,28981.0,28973.25,28973.25,48
1788344640,28975.25,28977.75,28971.5,28976.0,54
1788344700,28976.25,28989.0,28976.25,28986.75,116
1788344760,28986.0,28996.0,28979.75,28988.25,390
1788344820,28989.0,28991.0,28986.75,28991.0,57
1788344880,28990.5,28992.25,28985.75,28987.75,92
1788344940,28987.25,28987.25,28979.75,28985.75,77
1788345000,28985.5,28989.25,28980.25,28984.5,147
1788345060,28984.75,28984.75,28968.0,28968.25,163
1788345120,28967.5,28975.75,28964.25,28968.75,130
1788345180,28969.75,28978.0,28967.75,28975.75,103
1788345240,28976.25,28978.5,28974.0,28975.0,50
1788345300,28975.5,28982.75,28975.5,28977.75,64
1788345360,28978.0,28980.75,28974.5,28977.25,66
1788345420,28978.0,28979.0,28973.0,28975.75,109
1788345480,28974.25,28974.25,28964.0,28966.0,107
1788345540,28967.5,28968.5,28963.25,28966.0,75
1788345600,28965.5,28968.0,28964.75,28967.25,37
1788345660,28966.0,28966.0,28961.0,28962.25,72
1788345720,28962.0,28969.75,28962.0,28966.0,146
1788345780,28965.25,28966.5,28962.25,28963.5,42
1788345840,28964.25,28967.5,28964.25,28966.5,37
1788345900,28966.0,28970.75,28963.75,28966.75,59
1788345960,28967.0,28968.25,28962.5,28963.0,36
1788346020,28962.5,28968.5,28962.5,28968.5,74
1788346080,28966.75,28973.75,28965.0,28973.75,67
1788346140,28972.5,28977.25,28972.5,28977.0,55
1788346200,28977.5,28978.25,28972.75,28973.25,61
1788346260,28974.0,28974.0,28965.25,28969.75,74
1788346320,28969.25,28969.25,28958.0,28960.75,124
1788346380,28960.5,28969.0,28958.75,28968.5,63
1788346440,28968.75,28974.25,28968.75,28972.75,67
1788346500,28973.25,28976.0,28970.0,28972.75,77
1788346560,28972.5,28976.5,28969.75,28970.25,76
1788346620,28971.75,28977.75,28971.25,28977.5,56
1788346680,28976.5,28977.75,28974.0,28975.25,48
1788346740,28974.5,28988.75,28974.5,28988.0,192
1788346800,28987.75,28989.5,28952.5,28953.25,523
1788346860,28953.0,28954.25,28941.25,28942.5,372
1788346920,28942.75,28947.75,28935.0,28937.25,621
1788346980,28937.0,28940.0,28927.25,28933.25,492
1788347040,28932.75,28937.0,28932.75,28936.25,157
1788347100,28935.5,28939.25,28933.0,28936.25,128
1788347160,28936.25,28937.5,28927.5,28935.0,224
1788347220,28934.0,28953.25,28929.0,28953.25,418
1788347280,28953.25,28968.5,28948.5,28966.75,336
1788347340,28966.25,28992.75,28965.75,28980.5,602
1788347400,28979.5,28988.25,28969.75,28987.5,403
1788347460,28985.0,28989.75,28977.5,28982.5,207
1788347520,28982.25,28993.0,28980.25,28989.5,132
1788347580,28987.25,28987.5,28982.5,28986.0,96
1788347640,28985.75,29021.75,28983.75,29016.5,829
1788347700,29014.25,29025.0,29008.25,29012.5,498
1788347760,29015.5,29023.0,29012.0,29018.5,231
1788347820,29015.5,29017.0,29006.0,29007.0,217
1788347880,29007.0,29008.25,28992.5,28996.5,307
1788347940,28998.25,29010.25,28993.25,29008.0,307
1788348000,29008.75,29012.5,29002.75,29005.5,139
1788348060,29005.0,29006.5,29002.75,29006.5,58
1788348120,29006.5,29009.5,29004.0,29008.25,77
1788348180,29008.25,29017.25,28996.5,29015.25,188
1788348240,29014.5,29017.0,29011.5,29016.25,92
1788348300,29015.25,29018.5,29011.5,29014.0,93
1788348360,29014.5,29021.5,29012.75,29019.75,183
1788348420,29019.0,29033.75,29019.0,29033.75,300
1788348480,29032.25,29035.75,29030.75,29032.25,154
1788348540,29032.25,29032.75,29021.0,29023.0,183
1788348600,29025.25,29030.5,29022.75,29028.75,82
1788348660,29028.75,29029.25,29019.0,29023.0,115
1788348720,29021.5,29037.5,29020.25,29036.5,189
1788348780,29036.5,29045.25,29032.0,29045.25,240
1788348840,29046.0,29055.0,29040.25,29051.0,274
1788348900,29052.5,29058.5,29049.5,29057.75,202
1788348960,29056.5,29056.5,29046.25,29048.75,183
1788349020,29049.0,29049.25,29045.5,29047.25,200
1788349080,29047.5,29059.5,29046.0,29052.25,154
1788349140,29052.0,29055.0,29049.5,29050.75,64
1788349200,29050.75,29051.75,29041.0,29048.0,157
1788349260,29046.5,29047.5,29034.0,29035.25,126
1788349320,29035.0,29040.5,29033.25,29035.5,153
1788349380,29035.5,29038.0,29027.0,29030.5,387
1788349440,29029.75,29030.75,29027.75,29029.75,110
1788349500,29029.75,29035.5,29026.25,29034.0,84
1788349560,29032.5,29035.25,29022.75,29035.0,153
1788349620,29034.0,29034.0,29028.25,29030.25,91
1788349680,29031.0,29032.25,29026.0,29027.25,79
1788349740,29027.75,29028.5,29024.75,29025.25,66
1788349800,29025.75,29030.0,29025.0,29027.0,143
1788349860,29027.5,29029.0,29022.75,29024.75,111
1788349920,29024.25,29033.75,29022.5,29030.75,111
1788349980,29030.75,29036.5,29030.5,29033.0,79
1788350040,29032.75,29047.5,29029.25,29039.25,280
1788350100,29039.75,29046.25,29037.25,29045.75,182
1788350160,29045.0,29047.75,29040.75,29045.5,197
1788350220,29045.5,29057.5,29044.0,29056.75,199
1788350280,29057.0,29068.25,29056.5,29067.0,375
1788350340,29069.0,29084.5,29065.5,29084.5,483
1788350400,29083.75,29084.0,29074.5,29080.25,428
1788350460,29080.0,29083.75,29078.0,29079.0,182
1788350520,29079.0,29079.75,29075.0,29078.0,134
1788350580,29077.25,29083.0,29076.5,29081.75,137
1788350640,29082.0,29089.0,29080.25,29086.75,194
1788350700,29086.0,29106.0,29085.25,29104.0,536
1788350760,29104.5,29108.5,29099.0,29105.75,276
1788350820,29105.75,29107.0,29101.0,29104.75,342
1788350880,29105.0,29107.0,29102.75,29104.25,306
1788350940,29104.0,29105.75,29090.75,29091.25,302
1788351000,29091.5,29093.0,29081.25,29090.0,463
1788351060,29090.75,29096.0,29086.5,29092.25,266
1788351120,29092.75,29099.5,29087.0,29090.0,199
1788351180,29091.5,29106.0,29091.25,29102.75,245
1788351240,29103.0,29124.0,29102.75,29121.5,462
1788351300,29121.5,29124.25,29099.0,29102.25,329
1788351360,29102.0,29103.75,29094.75,29100.25,268
1788351420,29100.25,29108.0,29100.25,29102.75,183
1788351480,29102.25,29111.25,29098.25,29108.0,240
1788351540,29103.75,29107.75,29097.0,29099.0,209
1788351600,29098.5,29138.75,29095.0,29136.0,846
1788351660,29136.0,29149.5,29127.5,29132.0,846
1788351720,29132.5,29132.75,29121.0,29121.25,288
1788351780,29123.0,29136.5,29110.5,29116.75,382
1788351840,29117.75,29128.5,29117.25,29127.5,362
1788351900,29127.25,29135.75,29117.75,29118.25,608
1788351960,29118.75,29119.75,29112.25,29114.25,99
1788352020,29114.25,29115.0,29105.75,29107.75,160
1788352080,29108.75,29112.0,29105.75,29110.75,128
1788352140,29110.5,29113.5,29102.25,29108.0,218
1788352200,29107.0,29110.25,29100.75,29101.0,194
1788352260,29101.0,29103.25,29095.0,29095.0,375
1788352320,29094.75,29097.5,29086.75,29089.25,274
1788352380,29089.0,29093.0,29084.75,29086.5,258
1788352440,29085.25,29090.5,29079.75,29087.25,443
1788352500,29087.5,29090.25,29086.25,29086.5,129
1788352560,29086.75,29091.0,29085.75,29087.25,79
1788352620,29086.25,29087.75,29079.5,29081.25,155
1788352680,29081.5,29082.75,29068.75,29069.25,406
1788352740,29069.25,29079.0,29067.25,29077.5,328
1788352800,29077.25,29082.75,29074.0,29080.75,189
1788352860,29080.75,29083.0,29076.5,29081.5,173
1788352920,29080.75,29081.0,29071.0,29072.25,133
1788352980,29072.75,29075.0,29069.0,29071.5,143
1788353040,29071.5,29073.0,29067.75,29069.75,96
1788353100,29069.0,29071.25,29064.0,29067.5,175
1788353160,29067.0,29069.5,29059.75,29061.25,190
1788353220,29061.5,29067.25,29056.75,29066.5,227
1788353280,29067.5,29067.75,29060.0,29061.75,124
1788353340,29061.75,29061.75,29055.25,29056.25,181
1788353400,29056.25,29059.0,29053.75,29059.0,154
1788353460,29057.75,29057.75,29048.5,29050.5,194
1788353520,29050.5,29052.25,29041.75,29044.5,222
1788353580,29044.25,29045.5,29039.25,29043.5,254
1788353640,29043.5,29046.5,29041.75,29042.25,138
1788353700,29042.25,29044.0,29034.5,29039.75,370
1788353760,29040.0,29042.75,29035.25,29039.25,288
1788353820,29039.25,29040.25,29036.0,29039.75,184
1788353880,29040.0,29041.0,29035.0,29035.0,199
1788353940,29034.75,29041.5,29032.75,29040.0,223
1788354000,29040.25,29054.25,29037.75,29047.0,513
1788354060,29048.0,29050.0,29044.5,29047.5,311
1788354120,29049.0,29059.0,29048.5,29055.5,296
1788354180,29056.0,29059.0,29052.25,29053.25,269
1788354240,29053.25,29058.5,29051.75,29054.5,220
1788354300,29054.25,29060.5,29049.75,29058.25,435
1788354360,29058.75,29067.25,29055.0,29063.5,315
1788354420,29064.0,29065.5,29061.5,29062.25,121
1788354480,29062.0,29067.0,29061.0,29066.5,170
1788354540,29066.25,29070.0,29062.0,29063.5,205
1788354600,29062.0,29067.25,29060.0,29061.25,205
1788354660,29061.75,29066.25,29061.25,29064.25,114
1788354720,29063.0,29064.0,29059.25,29063.75,74
1788354780,29064.0,29070.25,29061.5,29068.0,206
1788354840,29067.75,29070.5,29066.75,29067.5,120
1788354900,29068.5,29072.0,29064.25,29068.5,149
1788354960,29068.75,29074.25,29066.5,29070.75,183
1788355020,29071.75,29073.0,29068.25,29071.25,66
1788355080,29072.5,29079.5,29071.75,29078.0,216
1788355140,29078.75,29080.0,29074.25,29075.0,289
1788355200,29075.25,29080.75,29071.75,29073.5,264
1788355260,29073.0,29080.75,29072.0,29079.0,233
1788355320,29079.0,29086.0,29078.0,29084.5,273
1788355380,29084.0,29092.5,29083.75,29089.5,239
1788355440,29089.75,29091.75,29086.0,29089.75,243
1788355500,29088.75,29090.5,29078.25,29082.0,608
1788355560,29082.0,29101.5,29082.0,29099.25,487
1788355620,29100.25,29110.75,29097.5,29110.5,974
1788355680,29109.5,29115.25,29104.0,29108.0,724
1788355740,29108.5,29110.25,29095.0,29098.5,698
1788355800,29098.5,29102.75,29042.75,29066.25,5492
1788355860,29064.75,29083.5,29044.5,29055.25,3721
1788355920,29054.75,29084.5,29053.0,29078.5,2279
1788355980,29078.75,29087.25,29061.0,29073.25,2201
1788356040,29072.5,29088.0,29067.0,29083.75,1922
1788356100,29083.75,29090.5,29057.75,29065.5,2195
1788356160,29065.0,29070.75,29049.75,29051.5,2267
1788356220,29051.75,29060.5,29036.5,29047.25,2297
1788356280,29048.25,29062.0,29039.5,29057.0,1581
1788356340,29057.5,29088.0,29052.5,29086.75,1631
1788356400,29087.0,29110.25,29075.25,29099.75,2456
1788356460,29100.5,29112.5,29091.5,29106.75,2033
1788356520,29107.75,29119.0,29101.25,29109.5,1480
1788356580,29109.75,29110.5,29081.0,29084.5,1655
1788356640,29083.0,29099.75,29082.25,29091.0,740
1788356700,29090.25,29112.5,29069.75,29080.25,2572
1788356760,29079.25,29083.75,29049.75,29064.75,2387
1788356820,29064.0,29086.0,29061.25,29079.0,1351
1788356880,29078.75,29082.5,29062.0,29064.5,1086
1788356940,29065.0,29065.75,29041.75,29047.5,1412
1788357000,29048.0,29072.5,29048.0,29069.5,1587
1788357060,29068.25,29068.5,29035.25,29037.75,1631
1788357120,29037.25,29056.75,29035.0,29045.0,1578
1788357180,29044.5,29063.75,29040.5,29040.5,1455
1788357240,29041.5,29043.75,29025.25,29029.75,1804
1788357300,29030.25,29034.0,29017.25,29030.5,1747
1788357360,29030.75,29051.75,29026.25,29050.75,1787
1788357420,29051.25,29053.5,29027.25,29027.25,1695
1788357480,29027.25,29043.5,29024.25,29029.0,1185
1788357540,29028.75,29067.75,29028.75,29062.25,1766
1788357600,29061.75,29061.75,29044.25,29057.5,2048
1788357660,29057.0,29067.0,29050.0,29052.25,1697
1788357720,29052.75,29059.5,29032.25,29058.75,1948
1788357780,29058.25,29061.0,29051.5,29055.5,833
1788357840,29055.75,29084.0,29055.75,29082.25,1670
1788357900,29083.25,29100.5,29080.5,29089.75,1822
1788357960,29089.25,29099.0,29079.75,29097.0,1247
1788358020,29096.75,29109.75,29095.5,29103.0,1383
1788358080,29102.75,29106.75,29088.5,29097.0,1010
1788358140,29096.75,29114.25,29090.0,29096.0,1605
1788358200,29096.0,29125.0,29094.5,29108.5,1888
1788358260,29108.0,29114.0,29102.75,29111.5,887
1788358320,29111.75,29114.0,29088.0,29100.25,1409
1788358380,29101.0,29118.0,29100.5,29118.0,1559
1788358440,29118.0,29128.25,29114.75,29127.25,1721
1788358500,29127.75,29134.5,29119.25,29131.75,1875
1788358560,29131.75,29143.5,29131.5,29141.25,1680
1788358620,29141.5,29148.75,29137.5,29147.25,1450
1788358680,29147.0,29157.75,29140.25,29151.0,1557
1788358740,29151.0,29163.5,29151.0,29160.5,1578
1788358800,29160.5,29168.5,29149.25,29150.25,1586
1788358860,29149.5,29177.0,29149.25,29175.5,1990
1788358920,29175.5,29183.25,29172.75,29178.75,1406
1788358980,29180.25,29188.5,29172.75,29186.0,1691
1788359040,29186.0,29186.0,29170.0,29173.25,1026
1788359100,29173.0,29178.25,29160.25,29168.75,1261
1788359160,29168.75,29189.0,29168.0,29188.25,1355
1788359220,29188.0,29188.25,29171.5,29178.25,1009
1788359280,29178.5,29187.5,29175.75,29186.25,919
1788359340,29186.75,29193.0,29181.5,29187.25,1190
1788359400,29187.0,29192.25,29172.75,29175.5,1177
1788359460,29174.25,29191.5,29174.25,29188.5,1192
1788359520,29188.5,29189.0,29176.25,29177.25,845
1788359580,29177.5,29189.75,29172.25,29189.0,997
1788359640,29188.5,29206.25,29186.25,29204.5,2180
1788359700,29205.0,29213.0,29197.75,29198.5,1489
1788359760,29199.5,29204.25,29191.25,29199.75,1171
1788359820,29199.5,29203.5,29192.75,29193.0,614
1788359880,29192.75,29195.5,29173.25,29177.25,1196
1788359940,29177.75,29186.25,29168.5,29185.75,1050
1788360000,29186.25,29197.0,29182.0,29193.75,1037
1788360060,29194.0,29197.25,29179.0,29182.5,867
1788360120,29181.75,29200.25,29181.25,29186.0,1049
1788360180,29185.75,29196.75,29181.75,29195.0,842
1788360240,29195.0,29203.0,29192.0,29201.5,848
1788360300,29201.75,29202.5,29182.25,29182.25,807
1788360360,29182.75,29184.5,29175.0,29176.25,867
1788360420,29176.5,29179.25,29171.25,29173.5,503
1788360480,29173.0,29175.5,29159.0,29160.0,1124
1788360540,29160.0,29161.75,29146.0,29160.75,1457
1788360600,29160.25,29160.5,29140.0,29140.25,1341
1788360660,29140.25,29154.25,29138.5,29151.5,1227
1788360720,29151.0,29153.25,29141.25,29142.0,871
1788360780,29143.0,29143.75,29128.5,29132.25,1177
1788360840,29132.75,29135.75,29121.75,29130.25,916
1788360900,29130.0,29140.75,29127.75,29132.75,995
1788360960,29132.5,29136.0,29123.0,29127.0,970
1788361020,29126.75,29136.0,29123.0,29136.0,668
1788361080,29135.25,29138.0,29116.0,29120.75,1095
1788361140,29121.0,29121.25,29111.25,29120.25,859
1788361200,29119.5,29121.5,29108.0,29111.0,1109
1788361260,29111.25,29118.75,29106.25,29111.0,924
1788361320,29111.0,29124.5,29110.5,29122.75,1214
1788361380,29122.5,29145.5,29120.0,29144.5,1471
1788361440,29144.5,29147.75,29124.75,29139.25,1674
1788361500,29139.0,29142.75,29127.5,29137.75,945
1788361560,29138.0,29152.5,29138.0,29151.25,1279
1788361620,29151.25,29153.5,29135.5,29140.25,754
1788361680,29140.5,29147.0,29138.0,29146.25,779
1788361740,29146.0,29154.5,29142.75,29153.75,631
1788361800,29153.75,29154.0,29142.0,29145.0,729
1788361860,29144.5,29165.0,29140.0,29163.5,1191
1788361920,29164.5,29168.5,29144.5,29146.25,1315
1788361980,29146.0,29154.25,29140.5,29143.0,914
1788362040,29143.25,29162.0,29143.25,29158.25,707
1788362100,29158.0,29170.25,29151.75,29169.5,1036
1788362160,29170.0,29173.0,29163.5,29170.0,865
1788362220,29171.25,29176.25,29168.25,29174.0,628
1788362280,29174.0,29182.25,29170.75,29181.25,701
1788362340,29181.25,29189.25,29180.75,29183.75,875
1788362400,29184.0,29188.0,29181.25,29184.75,566
1788362460,29185.0,29187.25,29174.0,29176.0,646
1788362520,29175.0,29184.25,29173.75,29181.5,563
1788362580,29181.5,29181.5,29167.25,29170.75,888
1788362640,29170.25,29182.25,29168.5,29178.5,506
1788362700,29178.75,29196.0,29177.5,29194.0,944
1788362760,29194.0,29195.0,29187.75,29190.25,445
1788362820,29190.25,29192.5,29184.5,29192.0,473
1788362880,29192.25,29208.5,29191.75,29200.5,1118
1788362940,29201.0,29207.25,29199.0,29205.25,718
1788363000,29205.0,29208.5,29192.75,29193.75,941
1788363060,29193.25,29202.75,29192.0,29202.25,661
1788363120,29202.25,29202.75,29195.0,29199.75,686
1788363180,29200.0,29201.0,29188.5,29196.5,869
1788363240,29196.5,29198.75,29191.0,29192.25,641
1788363300,29192.25,29193.5,29179.5,29187.25,1380
1788363360,29187.0,29202.5,29186.25,29199.25,970
1788363420,29199.5,29199.5,29191.25,29193.75,582
1788363480,29193.25,29194.0,29185.25,29185.25,567
1788363540,29186.0,29188.5,29171.5,29179.75,884
1788363600,29178.25,29188.25,29176.0,29179.25,826
1788363660,29179.0,29185.75,29177.0,29183.25,534
1788363720,29181.75,29183.75,29174.5,29176.5,509
1788363780,29176.5,29186.5,29174.0,29178.75,580
1788363840,29179.0,29187.5,29179.0,29182.25,435
1788363900,29182.25,29183.75,29156.0,29157.75,1426
1788363960,29157.75,29167.5,29156.0,29166.5,694
1788364020,29166.5,29168.0,29157.0,29160.25,465
1788364080,29160.25,29161.25,29149.0,29151.5,709
1788364140,29151.25,29154.0,29141.0,29142.5,620
1788364200,29142.5,29149.25,29136.0,29139.5,937
1788364260,29139.75,29154.25,29136.25,29153.5,920
1788364320,29153.25,29166.0,29148.75,29163.25,908
1788364380,29163.25,29165.75,29145.75,29149.25,548
1788364440,29149.25,29152.5,29146.25,29151.25,487
1788364500,29151.25,29156.5,29146.25,29149.25,499
1788364560,29149.5,29152.25,29141.0,29144.0,582
1788364620,29143.5,29156.5,29142.75,29152.75,613
1788364680,29154.0,29183.5,29153.75,29182.75,1207
1788364740,29182.25,29190.75,29180.0,29185.25,805
1788364800,29184.5,29188.25,29178.0,29185.75,769
1788364860,29185.5,29188.75,29178.5,29180.75,376
1788364920,29180.5,29185.5,29176.25,29178.5,546
1788364980,29178.0,29185.5,29173.5,29184.25,483
1788365040,29183.75,29197.0,29182.0,29195.5,730
1788365100,29195.75,29198.0,29185.5,29189.5,586
1788365160,29188.75,29194.25,29184.0,29193.5,403
1788365220,29193.5,29198.5,29191.25,29194.5,376
1788365280,29193.5,29196.25,29188.5,29194.25,295
1788365340,29193.5,29195.5,29184.75,29188.75,364
1788365400,29188.0,29195.0,29184.75,29193.5,432
1788365460,29193.0,29195.0,29184.0,29186.25,330
1788365520,29186.0,29190.75,29184.0,29188.75,281
1788365580,29188.25,29194.5,29184.25,29187.0,408
1788365640,29186.25,29193.5,29182.25,29186.75,362
1788365700,29186.5,29186.75,29172.0,29173.5,524
1788365760,29173.0,29178.25,29164.75,29166.25,542
1788365820,29166.5,29170.75,29161.75,29162.5,509
1788365880,29162.0,29166.25,29159.25,29164.25,479
1788365940,29165.0,29174.5,29164.5,29169.5,436
1788366000,29170.25,29176.25,29167.5,29172.5,457
1788366060,29171.5,29172.25,29165.0,29169.75,494
1788366120,29169.5,29171.5,29164.0,29166.0,294
1788366180,29166.5,29169.5,29159.75,29160.75,441
1788366240,29161.5,29166.75,29157.25,29161.0,552
1788366300,29160.25,29167.75,29160.0,29160.0,335
1788366360,29159.5,29164.5,29151.0,29151.0,607
1788366420,29152.75,29155.75,29145.0,29147.25,606
1788366480,29147.25,29153.25,29146.75,29153.0,288
1788366540,29152.25,29154.0,29142.25,29151.75,452
1788366600,29151.5,29158.0,29149.25,29151.5,548
1788366660,29151.75,29169.0,29151.75,29168.25,856
1788366720,29168.25,29175.25,29162.5,29166.0,891
1788366780,29166.25,29169.0,29155.75,29156.0,418
1788366840,29156.25,29168.5,29156.0,29161.5,385
1788366900,29161.5,29169.5,29161.0,29165.5,291
1788366960,29166.0,29172.25,29160.5,29162.75,434
1788367020,29163.25,29173.25,29157.5,29170.25,373
1788367080,29170.75,29171.25,29160.25,29160.25,248
1788367140,29160.25,29164.0,29156.0,29157.25,368
1788367200,29157.5,29159.5,29151.5,29158.75,492
1788367260,29159.0,29159.25,29149.25,29152.25,350
1788367320,29152.75,29154.0,29143.0,29144.25,423
1788367380,29144.0,29147.0,29141.5,29144.5,599
1788367440,29145.25,29145.75,29138.25,29139.0,370
1788367500,29138.5,29147.75,29138.5,29146.25,438
1788367560,29146.0,29151.25,29143.75,29147.25,363
1788367620,29147.25,29148.5,29138.75,29141.25,295
1788367680,29140.75,29143.0,29139.0,29141.0,276
1788367740,29140.0,29149.0,29139.0,29147.5,372
1788367800,29148.0,29151.25,29139.0,29140.5,527
1788367860,29140.25,29145.0,29137.5,29143.5,314
1788367920,29144.0,29147.0,29137.0,29143.5,328
1788367980,29143.0,29160.5,29141.0,29159.75,532
1788368040,29160.0,29167.5,29158.5,29164.5,623
1788368100,29164.75,29168.25,29158.25,29159.75,444
1788368160,29159.25,29166.5,29154.5,29163.75,335
1788368220,29163.5,29165.25,29153.5,29153.5,316
1788368280,29153.5,29157.5,29149.75,29150.5,419
1788368340,29150.5,29156.25,29148.5,29155.0,383
1788368400,29154.75,29173.0,29154.75,29167.25,744
1788368460,29167.0,29175.0,29167.0,29174.25,426
1788368520,29175.0,29181.25,29171.5,29179.5,481
1788368580,29179.75,29182.5,29174.0,29174.0,399
1788368640,29174.25,29175.75,29169.75,29174.0,373
1788368700,29173.25,29178.0,29171.25,29171.5,329
1788368760,29171.75,29172.75,29166.5,29169.0,399
1788368820,29169.5,29170.5,29143.5,29146.0,991
1788368880,29146.0,29148.0,29129.0,29131.25,882
1788368940,29131.0,29136.25,29127.0,29131.0,762
1788369000,29131.0,29140.0,29129.5,29136.0,583
1788369060,29136.75,29138.5,29130.75,29135.0,357
1788369120,29134.75,29142.0,29130.5,29142.0,526
1788369180,29141.25,29148.0,29137.5,29146.25,512
1788369240,29146.25,29153.0,29144.25,29145.25,542
1788369300,29145.0,29146.75,29137.5,29146.5,567
1788369360,29146.25,29146.75,29137.5,29142.0,333
1788369420,29142.0,29142.0,29130.75,29131.5,374
1788369480,29132.0,29134.25,29125.5,29125.5,463
1788369540,29126.0,29132.0,29125.25,29131.0,403
1788369600,29131.5,29135.75,29129.5,29133.0,371
1788369660,29133.25,29144.25,29126.5,29143.75,645
1788369720,29144.0,29149.75,29137.25,29142.5,760
1788369780,29143.5,29151.5,29139.5,29150.25,480
1788369840,29149.75,29152.25,29145.5,29146.0,373
1788369900,29145.75,29148.0,29141.25,29148.0,324
1788369960,29148.25,29154.5,29144.25,29147.25,543
1788370020,29147.25,29147.75,29141.0,29142.5,279
1788370080,29142.5,29152.75,29142.25,29151.75,328
1788370140,29151.0,29152.5,29144.75,29150.75,369
1788370200,29150.5,29155.25,29147.5,29152.75,495
1788370260,29153.25,29153.75,29142.0,29150.5,444
1788370320,29151.25,29151.25,29140.5,29142.75,372
1788370380,29143.0,29143.0,29136.75,29138.75,496
1788370440,29137.75,29141.0,29132.75,29132.75,442
1788370500,29133.0,29140.5,29132.75,29135.25,322
1788370560,29135.25,29138.75,29130.25,29132.5,417
1788370620,29133.0,29139.0,29133.0,29136.0,248
1788370680,29136.0,29137.25,29132.0,29134.25,171
1788370740,29134.5,29140.0,29132.0,29135.0,413
1788370800,29135.0,29140.5,29133.25,29134.75,287
1788370860,29134.0,29135.5,29127.5,29130.25,422
1788370920,29130.25,29143.75,29129.5,29140.25,1057
1788370980,29139.75,29149.75,29138.25,29145.75,562
1788371040,29146.5,29158.75,29146.25,29158.75,1001
1788371100,29159.0,29173.5,29157.25,29167.5,1095
1788371160,29167.25,29173.75,29164.75,29170.5,534
1788371220,29171.0,29171.25,29160.75,29170.25,610
1788371280,29169.5,29172.25,29162.5,29163.5,361
1788371340,29163.75,29165.25,29158.25,29158.75,349
1788371400,29159.5,29164.75,29151.0,29159.25,637
1788371460,29159.5,29162.5,29153.75,29158.5,322
1788371520,29158.0,29163.75,29157.25,29157.75,322
1788371580,29158.0,29159.25,29154.75,29155.25,280
1788371640,29155.0,29162.0,29155.0,29157.0,296
1788371700,29156.5,29157.5,29142.5,29156.0,716
1788371760,29156.25,29159.25,29152.75,29156.75,342
1788371820,29156.25,29168.75,29155.5,29165.75,480
1788371880,29165.25,29165.75,29157.25,29159.0,546
1788371940,29159.25,29166.75,29157.75,29158.75,407
1788372000,29159.5,29161.5,29135.75,29137.25,908
1788372060,29137.0,29143.25,29135.75,29138.0,613
1788372120,29138.0,29146.75,29138.0,29145.0,409
1788372180,29144.5,29158.25,29144.5,29154.5,588
1788372240,29154.25,29160.5,29152.75,29158.5,372
1788372300,29158.25,29166.0,29155.0,29161.75,476
1788372360,29162.0,29165.75,29160.0,29162.0,338
1788372420,29162.25,29163.25,29149.0,29149.5,637
1788372480,29150.25,29151.75,29146.0,29147.0,343
1788372540,29147.25,29153.0,29147.25,29150.5,286
1788372600,29150.0,29153.75,29148.0,29149.5,374
1788372660,29149.5,29152.25,29140.75,29143.75,443
1788372720,29143.25,29146.25,29138.25,29138.25,380
1788372780,29138.25,29152.5,29137.75,29148.5,627
1788372840,29147.5,29148.5,29143.25,29147.0,406
1788372900,29146.75,29153.0,29143.25,29146.5,389
1788372960,29147.0,29151.0,29145.5,29148.0,316
1788373020,29147.75,29152.75,29146.5,29152.25,249
1788373080,29151.25,29199.75,29149.75,29175.75,3077
1788373140,29176.0,29179.0,29171.25,29173.25,803
1788373200,29172.5,29175.75,29165.5,29170.0,869
1788373260,29170.0,29176.5,29163.25,29166.75,678
1788373320,29166.75,29169.0,29160.5,29168.25,433
1788373380,29168.5,29170.25,29164.25,29164.25,260
1788373440,29164.5,29171.25,29164.5,29170.5,284
1788373500,29170.75,29174.0,29169.0,29170.75,417
1788373560,29170.5,29171.75,29161.25,29164.0,326
1788373620,29164.25,29165.0,29155.5,29156.75,467
1788373680,29157.0,29163.25,29156.25,29157.75,375
1788373740,29158.0,29160.25,29155.0,29159.25,380
1788373800,29159.25,29170.5,29156.75,29169.75,633
1788373860,29170.0,29170.5,29164.25,29165.5,297
1788373920,29166.5,29170.25,29164.75,29169.0,295
1788373980,29169.25,29174.0,29166.25,29172.0,357
1788374040,29172.25,29175.0,29157.5,29158.25,613
1788374100,29158.25,29165.0,29156.5,29156.5,416
1788374160,29157.25,29160.0,29151.5,29153.75,558
1788374220,29153.5,29154.0,29144.5,29146.0,621
1788374280,29146.25,29147.75,29143.0,29144.75,390
1788374340,29144.5,29147.5,29138.75,29141.25,395
1788374400,29140.75,29143.5,29138.0,29139.5,433
1788374460,29139.25,29139.5,29131.5,29135.0,618
1788374520,29134.75,29138.25,29132.5,29133.25,385
1788374580,29133.25,29139.25,29132.75,29137.0,463
1788374640,29138.5,29139.0,29134.25,29136.75,285
1788374700,29136.0,29142.75,29136.0,29139.0,373
1788374760,29138.75,29140.0,29130.25,29131.25,466
1788374820,29130.75,29136.5,29130.5,29134.0,280
1788374880,29134.0,29147.0,29133.0,29146.75,621
1788374940,29147.25,29152.75,29146.0,29149.5,631
1788375000,29149.5,29154.25,29144.75,29147.75,561
1788375060,29147.25,29147.25,29140.75,29141.5,267
1788375120,29141.5,29141.5,29134.25,29135.25,421
1788375180,29135.0,29145.75,29135.0,29144.5,345
1788375240,29144.25,29145.25,29138.75,29139.75,261
1788375300,29140.5,29146.75,29138.25,29144.0,238
1788375360,29144.5,29150.0,29142.75,29149.0,254
1788375420,29149.5,29153.0,29142.5,29143.0,481
1788375480,29142.5,29146.0,29138.0,29145.25,399
1788375540,29145.5,29149.0,29144.25,29145.5,285
1788375600,29145.75,29150.0,29139.0,29140.25,679
1788375660,29140.0,29147.25,29140.0,29143.25,298
1788375720,29142.75,29147.0,29142.0,29146.5,225
1788375780,29146.25,29156.0,29145.75,29149.0,620
1788375840,29148.75,29150.25,29146.0,29150.0,205
1788375900,29150.25,29158.5,29148.0,29155.0,534
1788375960,29155.0,29160.5,29154.25,29157.75,291
1788376020,29157.5,29157.75,29150.5,29151.25,299
1788376080,29152.5,29155.0,29152.25,29152.5,222
1788376140,29152.75,29166.5,29151.75,29166.0,458
1788376200,29166.25,29168.75,29163.5,29167.25,556
1788376260,29167.5,29167.5,29160.75,29162.75,302
1788376320,29162.75,29172.0,29160.25,29169.0,444
1788376380,29169.75,29170.25,29165.0,29166.75,348
1788376440,29166.5,29170.5,29165.5,29165.5,340
1788376500,29166.25,29168.0,29158.25,29160.0,465
1788376560,29159.75,29162.5,29157.0,29162.25,368
1788376620,29162.5,29166.75,29159.25,29160.25,334
1788376680,29160.75,29163.5,29157.25,29162.0,282
1788376740,29161.75,29170.5,29161.0,29170.25,381
1788376800,29170.0,29170.25,29151.25,29154.0,645
1788376860,29155.0,29167.0,29154.75,29164.0,423
1788376920,29163.75,29169.0,29162.5,29166.0,314
1788376980,29166.0,29168.0,29159.75,29161.0,260
1788377040,29160.75,29161.75,29155.75,29156.75,293
1788377100,29156.75,29159.0,29150.75,29151.0,335
1788377160,29151.25,29161.5,29150.0,29160.0,375
1788377220,29159.75,29160.75,29156.5,29159.75,322
1788377280,29160.0,29168.0,29159.0,29164.75,352
1788377340,29165.25,29170.75,29163.25,29167.25,452
1788377400,29167.25,29168.25,29162.5,29164.5,387
1788377460,29164.5,29169.75,29161.5,29169.0,470
1788377520,29169.25,29170.0,29163.0,29166.0,452
1788377580,29165.25,29175.0,29162.5,29163.75,552
1788377640,29164.0,29172.25,29160.25,29171.25,553
1788377700,29171.25,29172.25,29163.25,29165.0,583
1788377760,29165.5,29170.0,29160.5,29164.0,459
1788377820,29164.0,29167.75,29157.25,29157.25,620
1788377880,29156.75,29162.0,29155.25,29160.75,420
1788377940,29161.0,29164.0,29159.0,29160.25,243
1788378000,29160.75,29165.5,29159.0,29161.5,318
1788378060,29160.5,29163.75,29159.0,29163.75,150
1788378120,29163.5,29165.0,29160.25,29162.25,151
1788378180,29162.25,29177.5,29162.25,29175.25,717
1788378240,29175.0,29175.75,29171.75,29175.0,399
1788378300,29175.25,29183.75,29174.0,29177.25,868
1788378360,29177.5,29179.5,29173.5,29179.25,470
1788378420,29179.5,29183.0,29177.0,29178.25,399
1788378480,29178.75,29185.75,29178.75,29185.0,440
1788378540,29185.0,29187.5,29181.5,29184.25,810
1788378600,29183.75,29191.75,29174.5,29184.0,1528
1788378660,29184.0,29186.0,29172.5,29177.5,570
1788378720,29176.75,29182.25,29170.5,29172.75,616
1788378780,29171.75,29179.5,29171.25,29177.5,517
1788378840,29177.25,29197.25,29175.75,29192.0,1183
1788378900,29192.25,29194.75,29172.25,29178.5,1524
1788378960,29178.25,29179.75,29171.0,29179.75,683
1788379020,29180.0,29185.75,29179.0,29182.25,1129
1788379080,29181.75,29185.75,29180.75,29181.75,1046
1788379140,29181.75,29194.0,29178.5,29190.25,6126
1788379200,29190.5,29202.25,29188.0,29191.75,2263
1788379260,29191.75,29193.75,29187.75,29191.0,516
1788379320,29190.75,29193.75,29189.0,29191.0,314
1788379380,29190.0,29195.25,29189.25,29194.75,179
1788379440,29194.0,29199.25,29192.5,29198.5,216
1788379500,29197.75,29202.75,29194.75,29201.0,430
1788379560,29201.0,29210.0,29200.0,29209.5,441
1788379620,29210.0,29212.0,29205.5,29206.5,254
1788379680,29205.5,29207.25,29199.75,29201.5,229
1788379740,29202.25,29202.5,29196.5,29199.0,195
1788379800,29199.5,29200.25,29196.0,29196.75,178
1788379860,29196.25,29197.75,29193.25,29194.25,175
1788379920,29194.5,29199.0,29194.0,29199.0,163
1788379980,29198.5,29205.5,29196.25,29197.5,351
1788380040,29198.5,29199.5,29187.5,29194.25,379
1788380100,29192.0,29193.75,29147.5,29159.0,1636
1788380160,29158.25,29164.5,29150.75,29158.0,509
1788380220,29157.25,29164.25,29151.0,29156.0,259
1788380280,29155.75,29156.5,29141.0,29151.25,428
1788380340,29150.0,29150.25,29139.75,29150.25,305
1788380400,29151.25,29158.75,29146.75,29152.25,249
1788380460,29152.0,29155.25,29146.25,29155.25,164
1788380520,29155.5,29159.75,29148.75,29155.75,170
1788380580,29156.0,29159.75,29151.75,29159.5,138
1788380640,29159.25,29163.75,29156.5,29157.75,187
1788380700,29158.0,29163.0,29155.5,29163.0,203
1788380760,29162.0,29166.5,29161.0,29163.0,102
1788380820,29163.25,29166.75,29154.75,29157.0,127
1788380880,29156.75,29159.5,29154.0,29159.5,74
1788380940,29159.0,29159.75,29154.25,29156.25,62
1788381000,29156.0,29156.5,29150.75,29154.5,106
1788381060,29154.75,29156.0,29151.5,29152.75,69
1788381120,29153.25,29157.25,29153.25,29157.0,55
1788381180,29157.0,29158.5,29154.0,29154.75,78
1788381240,29155.75,29160.5,29155.75,29160.5,57
1788381300,29160.0,29160.0,29155.0,29156.25,68
1788381360,29155.25,29159.5,29153.75,29157.5,112
1788381420,29157.5,29157.75,29155.25,29157.75,39
1788381480,29157.25,29157.75,29152.75,29153.25,51
1788381540,29153.25,29155.25,29152.5,29153.5,46
1788381600,29154.0,29158.5,29153.75,29158.0,98
1788381660,29156.75,29162.0,29155.25,29158.5,161
1788381720,29159.75,29163.25,29157.25,29160.5,159
1788381780,29159.75,29161.25,29153.25,29155.5,87
1788381840,29155.25,29159.25,29147.5,29148.0,233
1788381900,29147.75,29154.25,29146.5,29153.25,108
1788381960,29153.25,29160.0,29153.25,29159.25,114
1788382020,29158.75,29161.5,29154.75,29160.0,117
1788382080,29159.75,29161.0,29158.5,29161.0,43
1788382140,29160.75,29162.25,29159.0,29161.0,75
1788382200,29160.25,29162.5,29158.5,29161.25,59
1788382260,29160.5,29161.5,29155.0,29157.5,88
1788382320,29158.5,29162.0,29156.75,29160.25,23
1788382380,29160.0,29163.5,29159.0,29161.25,81
1788382440,29161.75,29164.0,29159.75,29163.0,47
1788382500,29163.25,29164.0,29154.25,29155.5,137
1788382560,29155.5,29155.5,29150.5,29151.25,74
1788382620,29150.75,29151.0,29143.25,29144.75,157
1788382680,29144.25,29144.75,29140.75,29144.75,120
1788382740,29144.0,29150.75,29139.25,29141.0,192
1788386400,29177.0,29183.75,29155.0,29156.0,0
1788386460,29155.75,29166.75,29151.25,29151.5,185
1788386520,29153.5,29159.0,29148.0,29156.5,114
1788386580,29155.5,29161.25,29155.5,29157.75,53
1788386640,29156.75,29164.25,29156.5,29162.75,43
1788386700,29163.0,29163.0,29150.5,29156.5,93
1788386760,29157.25,29158.0,29152.5,29152.5,26
1788386820,29153.25,29158.0,29153.25,29156.5,46
1788386880,29157.0,29157.25,29152.0,29156.25,59
1788386940,29156.75,29159.0,29156.5,29159.0,24
1788387000,29160.0,29170.0,29156.75,29167.25,130
1788387060,29166.5,29173.0,29164.25,29172.0,90
1788387120,29173.0,29176.75,29171.25,29176.75,108
1788387180,29175.25,29184.5,29174.75,29184.25,107
1788387240,29184.5,29188.75,29183.75,29185.75,148
1788387300,29184.75,29188.75,29178.0,29180.0,111
1788387360,29180.0,29185.25,29179.0,29184.25,37
1788387420,29184.75,29188.75,29184.75,29188.0,63
1788387480,29187.25,29189.0,29185.25,29185.25,85
1788387540,29185.0,29187.75,29182.75,29185.25,229
1788387600,29186.5,29192.0,29186.5,29190.0,88
1788387660,29191.75,29199.5,29191.75,29194.75,140
1788387720,29195.0,29199.75,29194.0,29197.75,66
1788387780,29197.75,29208.75,29197.75,29204.0,159
1788387840,29203.5,29206.5,29202.75,29203.75,74
1788387900,29203.75,29203.75,29196.0,29197.75,58
1788387960,29197.25,29203.75,29196.5,29200.0,58
1788388020,29200.5,29202.25,29195.75,29195.75,88
1788388080,29195.25,29199.25,29195.0,29197.5,30
1788388140,29196.75,29198.75,29192.5,29196.0,66
1788388200,29196.0,29196.75,29193.75,29195.0,28
1788388260,29195.0,29196.5,29193.75,29196.0,38
1788388320,29196.25,29199.25,29195.0,29195.0,40
1788388380,29195.0,29196.0,29193.5,29193.75,27
1788388440,29194.5,29196.0,29193.25,29194.75,60
1788388500,29195.0,29195.25,29192.0,29194.0,83
1788388560,29194.5,29196.75,29194.5,29196.25,19
1788388620,29196.0,29198.25,29196.0,29197.0,52
1788388680,29196.0,29197.5,29194.0,29197.5,70
1788388740,29197.25,29200.5,29196.5,29197.75,27
1788388800,29197.0,29203.0,29196.75,29202.0,53
1788388860,29202.25,29202.75,29200.25,29202.0,33
1788388920,29202.0,29202.0,29192.5,29198.25,102
1788388980,29198.0,29200.5,29197.75,29199.5,19
1788389040,29199.5,29199.5,29195.75,29196.0,35
1788389100,29195.25,29195.5,29191.0,29191.75,53
1788389160,29193.25,29194.0,29191.75,29192.5,48
1788389220,29191.5,29191.5,29184.0,29188.0,160
1788389280,29186.5,29188.0,29185.75,29187.0,23
1788389340,29186.75,29187.5,29181.5,29182.75,55
1788389400,29182.0,29184.5,29180.0,29181.25,63
1788389460,29181.25,29182.75,29180.0,29181.25,43
1788389520,29182.5,29185.0,29180.25,29181.5,56
1788389580,29182.0,29184.25,29178.25,29180.25,53
1788389640,29180.5,29181.0,29180.0,29180.25,16
1788389700,29181.0,29183.5,29180.25,29182.75,31
1788389760,29182.25,29185.75,29180.0,29180.75,62
1788389820,29181.75,29181.75,29180.0,29181.25,18
1788389880,29180.25,29181.25,29180.0,29180.25,11
1788389940,29181.25,29181.75,29180.0,29180.5,20
1788390000,29180.75,29188.75,29180.75,29182.25,79
1788390060,29182.75,29187.0,29181.0,29182.0,60
1788390120,29182.75,29184.25,29181.25,29183.25,36
1788390180,29183.0,29185.75,29182.0,29182.5,51
1788390240,29183.5,29185.5,29182.5,29184.0,27
1788390300,29185.5,29187.0,29181.75,29182.0,125
1788390360,29182.25,29187.0,29181.0,29185.75,51
1788390420,29185.75,29185.75,29183.5,29183.75,11
1788390480,29184.25,29184.25,29181.5,29182.25,22
1788390540,29182.0,29183.25,29178.75,29179.5,29
1788390600,29179.5,29186.75,29179.25,29182.25,138
1788390660,29182.5,29182.5,29178.25,29180.75,66
1788390720,29180.0,29181.25,29174.5,29176.75,104
1788390780,29176.75,29179.25,29170.75,29171.75,90
1788390840,29170.75,29173.5,29170.75,29171.75,52
1788390900,29172.75,29173.25,29171.0,29171.5,51
1788390960,29173.0,29173.0,29168.25,29169.25,84
1788391020,29169.75,29170.5,29169.5,29169.75,13
1788391080,29169.75,29170.25,29168.75,29169.75,33
1788391140,29170.0,29171.75,29167.5,29170.75,59
1788391200,29170.5,29172.25,29169.5,29171.25,25
1788391260,29171.25,29171.5,29167.5,29171.5,154
1788391320,29172.25,29173.0,29170.5,29171.5,89
1788391380,29171.25,29172.25,29170.0,29170.75,17
1788391440,29171.25,29173.75,29171.25,29173.75,59
1788391500,29173.75,29174.5,29173.0,29174.5,13
1788391560,29173.5,29175.75,29173.25,29174.75,41
1788391620,29176.0,29180.0,29175.25,29177.5,82
1788391680,29179.5,29179.5,29176.5,29179.0,51
1788391740,29178.75,29179.0,29176.5,29179.0,68
1788391800,29180.0,29186.0,29178.75,29185.0,85
1788391860,29183.75,29185.5,29182.0,29182.0,68
1788391920,29182.0,29182.0,29179.5,29180.25,35
1788391980,29180.75,29181.25,29177.75,29179.25,34
1788392040,29177.75,29180.0,29175.25,29179.5,44
1788392100,29179.25,29179.25,29178.75,29179.25,7
1788392160,29177.5,29178.0,29176.5,29177.75,34
1788392220,29176.25,29178.0,29175.0,29175.5,56
1788392280,29176.25,29177.25,29175.25,29176.25,17
1788392340,29176.0,29187.25,29176.0,29184.0,69
1788392400,29184.75,29187.0,29183.25,29185.75,39
1788392460,29185.5,29185.5,29183.25,29184.75,29
1788392520,29185.5,29186.25,29184.25,29185.0,21
1788392580,29186.0,29186.75,29184.75,29186.25,13
1788392640,29186.0,29188.25,29185.0,29188.25,44
1788392700,29188.0,29209.25,29187.5,29203.5,467
1788392760,29203.0,29213.0,29200.0,29203.75,407
1788392820,29205.5,29213.0,29205.5,29210.5,195
1788392880,29210.0,29211.5,29202.25,29205.5,110
1788392940,29205.0,29206.75,29203.25,29205.0,42
1788393000,29205.0,29208.5,29204.25,29207.0,73
1788393060,29207.0,29211.75,29206.0,29210.5,127
1788393120,29210.0,29210.75,29208.0,29208.0,53
1788393180,29208.0,29209.0,29203.25,29205.75,47
1788393240,29205.75,29208.25,29203.75,29205.25,52
1788393300,29203.5,29205.75,29202.75,29205.0,47
1788393360,29205.5,29207.5,29203.0,29203.25,43
1788393420,29205.0,29206.75,29200.25,29203.0,83
1788393480,29203.75,29208.25,29202.0,29207.25,31
1788393540,29206.5,29206.5,29200.25,29201.25,80
1788393600,29200.75,29201.75,29187.25,29189.75,335
1788393660,29190.5,29194.0,29182.5,29193.0,179
1788393720,29192.5,29194.75,29188.0,29189.5,89
1788393780,29189.75,29189.75,29182.25,29188.0,90
1788393840,29186.25,29193.75,29185.5,29189.75,92
1788393900,29188.75,29192.0,29183.75,29191.5,78
1788393960,29189.75,29194.75,29187.75,29192.75,86
1788394020,29192.5,29193.25,29178.75,29179.25,215
1788394080,29179.75,29180.25,29172.5,29178.0,173
1788394140,29177.25,29179.5,29172.25,29177.0,121
1788394200,29178.75,29186.0,29177.5,29182.5,124
1788394260,29183.75,29188.5,29182.25,29187.0,99
1788394320,29185.25,29186.0,29169.25,29169.25,169
1788394380,29169.25,29174.5,29165.75,29173.75,179
1788394440,29173.5,29175.0,29166.0,29169.25,105
1788394500,29166.75,29168.25,29150.0,29151.0,445
1788394560,29151.0,29154.5,29148.75,29154.5,169
1788394620,29154.5,29158.0,29147.5,29150.25,180
1788394680,29150.25,29156.0,29149.5,29149.5,137
1788394740,29149.0,29152.0,29148.0,29150.25,82
1788394800,29150.5,29151.0,29144.75,29144.75,111
1788394860,29145.5,29147.75,29145.0,29147.0,55
1788394920,29147.25,29148.25,29141.0,29144.25,107
1788394980,29145.0,29156.5,29145.0,29154.0,128
1788395040,29154.0,29155.25,29152.0,29153.75,118
1788395100,29154.5,29155.5,29151.0,29153.25,60
1788395160,29153.0,29159.0,29153.0,29156.25,154
1788395220,29156.75,29158.25,29151.5,29155.0,73
1788395280,29154.75,29164.0,29151.5,29161.0,173
1788395340,29160.25,29160.75,29156.0,29156.25,58
1788395400,29155.75,29161.75,29148.75,29155.5,160
1788395460,29155.25,29156.25,29153.0,29153.0,53
1788395520,29153.5,29154.5,29146.0,29149.25,101
1788395580,29148.75,29153.0,29148.0,29152.5,27
1788395640,29152.0,29156.0,29149.0,29150.0,61
1788395700,29151.25,29154.0,29150.25,29152.75,54
1788395760,29152.75,29152.75,29150.75,29150.75,13
1788395820,29150.75,29153.5,29148.75,29153.25,36
1788395880,29155.5,29161.25,29154.75,29160.5,84
1788395940,29160.75,29162.0,29158.25,29158.25,46
1788396000,29157.75,29161.0,29155.75,29155.75,55
1788396060,29155.25,29158.5,29150.0,29156.25,83
1788396120,29156.5,29156.5,29150.75,29151.25,48
1788396180,29151.0,29158.0,29150.0,29157.0,39
1788396240,29156.75,29159.5,29154.25,29156.5,47
1788396300,29155.75,29158.5,29152.75,29155.25,42
1788396360,29154.5,29158.75,29153.5,29155.75,27
1788396420,29155.25,29155.75,29150.5,29155.0,64
1788396480,29155.0,29158.0,29149.5,29156.25,114
1788396540,29156.0,29158.0,29154.75,29156.25,29
1788396600,29157.75,29161.75,29156.75,29159.0,50
1788396660,29158.75,29158.75,29152.25,29156.75,26
1788396720,29156.75,29158.5,29155.5,29156.75,23
1788396780,29157.25,29158.25,29154.75,29156.0,18
1788396840,29157.25,29159.75,29156.75,29157.0,29
1788396900,29157.5,29158.75,29155.0,29156.75,31
1788396960,29157.25,29157.5,29152.75,29152.75,28
1788397020,29152.5,29152.5,29146.75,29150.0,112
1788397080,29151.75,29154.0,29151.5,29152.75,26
1788397140,29152.5,29153.0,29148.75,29151.0,79
1788397200,29150.75,29158.25,29147.75,29156.0,92
1788397260,29156.5,29161.5,29155.25,29158.75,78
1788397320,29158.75,29160.75,29156.75,29160.25,37
1788397380,29161.0,29165.25,29157.75,29164.0,80
1788397440,29164.5,29173.0,29164.5,29172.0,172
1788397500,29173.0,29186.25,29170.0,29181.25,429
1788397560,29181.0,29186.75,29174.75,29178.25,191
1788397620,29179.0,29186.25,29177.5,29181.75,134
1788397680,29181.75,29183.75,29180.75,29181.0,41
1788397740,29181.5,29182.5,29174.75,29176.5,68
1788397800,29175.75,29176.5,29165.25,29166.25,173
1788397860,29166.25,29179.0,29163.25,29178.25,143
1788397920,29178.25,29178.5,29174.75,29176.5,77
1788397980,29177.0,29180.0,29173.0,29179.5,45
1788398040,29180.0,29185.25,29177.25,29183.25,119
1788398100,29182.5,29190.5,29181.25,29190.5,128
1788398160,29190.5,29196.5,29188.25,29192.75,204
1788398220,29192.5,29197.75,29192.5,29194.75,105
1788398280,29193.75,29195.5,29191.5,29193.0,73
1788398340,29193.25,29200.75,29192.25,29195.75,195
1788398400,29194.25,29198.0,29192.25,29195.75,61
1788398460,29195.0,29199.25,29192.25,29193.0,73
1788398520,29193.25,29195.0,29193.0,29194.0,51
1788398580,29193.5,29193.5,29183.0,29184.25,203
1788398640,29184.0,29184.5,29166.25,29167.75,275
1788398700,29167.0,29167.0,29157.75,29157.75,236
1788398760,29157.5,29166.25,29156.5,29163.0,154
1788398820,29161.75,29166.75,29158.75,29160.0,164
1788398880,29160.75,29173.5,29160.75,29173.5,112
1788398940,29173.25,29177.5,29168.75,29174.75,113
1788399000,29176.75,29180.0,29171.0,29180.0,234
1788399060,29180.0,29193.5,29175.0,29189.75,253
1788399120,29189.0,29195.0,29186.75,29187.5,121
1788399180,29187.5,29193.5,29184.5,29193.0,114
1788399240,29192.75,29198.5,29191.0,29198.5,112
1788399300,29198.25,29199.25,29183.25,29188.0,251
1788399360,29189.0,29191.5,29186.5,29187.5,49
1788399420,29188.75,29190.0,29175.5,29179.5,167
1788399480,29180.25,29183.25,29177.75,29178.75,47
1788399540,29179.0,29181.25,29176.0,29177.5,70
1788399600,29178.0,29179.75,29176.5,29177.25,40
1788399660,29177.75,29181.0,29176.0,29176.75,46
1788399720,29176.25,29180.0,29173.25,29177.75,52
1788399780,29177.75,29178.75,29171.75,29178.75,78
1788399840,29177.0,29177.0,29167.75,29169.0,103
1788399900,29169.0,29171.0,29163.0,29169.5,106
1788399960,29170.25,29170.25,29158.0,29158.5,139
1788400020,29158.75,29162.0,29156.5,29159.5,130
1788400080,29159.25,29171.25,29159.25,29168.75,149
1788400140,29169.75,29175.75,29169.5,29175.25,131
1788400200,29175.5,29175.5,29163.0,29163.25,91
1788400260,29164.5,29165.0,29158.75,29162.5,116
1788400320,29162.25,29164.5,29157.0,29160.25,76
1788400380,29160.75,29162.75,29158.5,29160.5,41
1788400440,29159.75,29159.75,29151.0,29158.0,193
1788400500,29157.0,29158.0,29152.5,29154.0,55
1788400560,29154.75,29156.75,29152.75,29153.75,28
1788400620,29152.5,29153.0,29145.0,29150.5,157
1788400680,29150.25,29152.0,29138.25,29139.75,272
1788400740,29138.5,29141.75,29136.25,29137.5,156
1788400800,29136.75,29141.5,29132.75,29140.75,181
1788400860,29141.5,29148.5,29139.5,29143.0,121
1788400920,29142.5,29146.0,29139.25,29146.0,101
1788400980,29146.0,29153.5,29146.0,29149.75,110
1788401040,29148.75,29150.75,29143.25,29147.25,73
1788401100,29148.0,29153.0,29146.25,29151.75,80
1788401160,29153.25,29158.75,29151.75,29153.0,148
1788401220,29151.75,29157.25,29151.5,29157.25,66
1788401280,29156.75,29166.25,29156.25,29163.25,166
1788401340,29163.0,29166.0,29158.5,29165.5,94
1788401400,29164.75,29183.25,29164.0,29181.75,326
1788401460,29181.75,29185.75,29181.0,29184.25,124
1788401520,29186.0,29186.75,29183.0,29185.0,62
1788401580,29185.0,29188.0,29174.0,29181.5,290
1788401640,29181.25,29183.0,29180.0,29182.5,65
1788401700,29182.75,29182.75,29177.5,29178.5,62
1788401760,29178.25,29184.5,29178.25,29183.5,62
1788401820,29184.75,29185.5,29178.75,29182.5,42
1788401880,29182.75,29191.25,29182.75,29190.75,213
1788401940,29190.5,29195.0,29188.75,29192.0,113
1788402000,29192.5,29193.75,29188.75,29190.0,76
1788402060,29190.5,29190.5,29185.5,29187.25,78
1788402120,29187.5,29191.0,29187.5,29188.5,42
1788402180,29187.0,29188.5,29176.5,29176.5,157
1788402240,29177.25,29185.0,29176.5,29180.75,174
1788402300,29180.75,29180.75,29173.0,29179.5,90
1788402360,29179.5,29179.5,29174.25,29175.75,51
1788402420,29175.25,29190.5,29175.25,29190.0,178
1788402480,29189.5,29189.75,29184.0,29187.5,62
1788402540,29187.75,29189.0,29186.0,29188.5,39
1788402600,29186.5,29194.0,29184.25,29192.0,68
1788402660,29191.75,29193.25,29187.75,29191.0,44
1788402720,29189.5,29192.25,29187.75,29187.75,48
1788402780,29188.25,29197.0,29187.75,29194.75,107
1788402840,29196.5,29199.0,29191.5,29191.75,87
1788402900,29191.5,29191.75,29183.25,29184.75,96
1788402960,29185.0,29185.75,29180.0,29181.75,134
1788403020,29183.0,29184.75,29181.0,29182.5,34
1788403080,29182.0,29187.75,29180.75,29187.25,66
1788403140,29185.5,29185.5,29182.5,29184.75,25
1788403200,29183.5,29184.5,29182.0,29183.0,30
1788403260,29183.25,29183.25,29180.5,29181.5,33
1788403320,29181.0,29183.25,29179.0,29181.0,59
1788403380,29181.25,29182.25,29179.75,29180.75,24
1788403440,29181.5,29181.5,29168.75,29173.0,144
1788403500,29173.25,29174.75,29167.5,29168.5,86
1788403560,29169.75,29173.5,29168.75,29172.0,29
1788403620,29173.0,29181.0,29171.0,29177.0,131
1788403680,29175.75,29179.75,29175.5,29175.75,42
1788403740,29175.25,29186.0,29173.5,29185.0,122
1788403800,29185.5,29188.5,29178.0,29181.75,115
1788403860,29182.25,29185.25,29182.25,29184.75,38
1788403920,29186.5,29188.0,29184.75,29187.25,51
1788403980,29187.0,29188.5,29180.75,29181.5,42
1788404040,29181.5,29185.25,29178.75,29181.25,41
1788404100,29181.25,29184.0,29179.25,29184.0,25
1788404160,29181.75,29186.5,29181.0,29183.0,21
1788404220,29182.0,29186.25,29182.0,29182.5,37
1788404280,29184.5,29185.25,29181.25,29182.25,26
1788404340,29182.5,29183.0,29180.0,29180.75,19
1788404400,29182.25,29185.5,29179.5,29181.0,49
1788404460,29184.5,29186.75,29181.5,29182.5,31
1788404520,29184.5,29186.5,29180.0,29181.0,39
1788404580,29182.5,29193.5,29181.0,29192.25,117
1788404640,29192.75,29197.0,29192.25,29194.75,66
1788404700,29194.0,29195.0,29190.0,29192.5,51
1788404760,29191.5,29191.5,29188.5,29189.5,32
1788404820,29190.25,29195.25,29188.0,29194.5,102
1788404880,29195.5,29198.25,29192.75,29193.75,85
1788404940,29194.0,29196.0,29192.0,29194.5,64
1788405000,29194.5,29200.0,29194.5,29197.75,124
1788405060,29198.75,29200.0,29196.25,29198.0,45
1788405120,29197.5,29200.25,29195.5,29195.75,28
1788405180,29196.5,29203.5,29196.25,29203.25,68
1788405240,29203.25,29204.5,29199.5,29203.25,113
1788405300,29204.25,29211.75,29202.25,29207.0,250
1788405360,29205.5,29209.0,29204.25,29208.0,108
1788405420,29208.5,29211.5,29208.25,29211.5,69
1788405480,29211.0,29228.5,29210.75,29226.5,571
1788405540,29226.25,29234.0,29222.5,29228.5,407
1788405600,29228.25,29230.75,29224.25,29229.5,105
1788405660,29229.25,29231.25,29227.0,29228.25,88
1788405720,29227.5,29230.0,29216.25,29216.75,135
1788405780,29217.25,29218.5,29214.25,29215.75,84
1788405840,29215.75,29216.0,29212.25,29215.75,57
1788405900,29216.5,29217.5,29213.0,29215.0,55
1788405960,29215.5,29229.25,29215.25,29222.5,214
1788406020,29223.0,29226.75,29221.75,29223.0,72
1788406080,29222.0,29223.25,29219.25,29219.5,53
1788406140,29219.25,29220.5,29217.25,29219.75,67
1788406200,29220.75,29233.0,29217.75,29226.25,190
1788406260,29226.25,29227.0,29222.75,29224.25,49
1788406320,29224.0,29228.75,29224.0,29227.0,19
1788406380,29227.25,29227.5,29222.75,29224.75,28
1788406440,29224.75,29225.5,29222.0,29224.75,39
1788406500,29221.0,29223.5,29218.0,29223.5,79
1788406560,29223.5,29224.75,29221.25,29224.75,20
1788406620,29224.25,29227.75,29223.75,29227.5,35
1788406680,29227.75,29228.5,29224.75,29225.25,31
1788406740,29225.5,29228.25,29225.5,29227.5,47
1788406800,29228.0,29228.25,29225.75,29226.75,36
1788406860,29226.0,29233.75,29226.0,29228.5,146
1788406920,29229.75,29232.25,29229.5,29230.75,53
1788406980,29231.0,29231.0,29225.5,29226.5,43
1788407040,29228.25,29231.25,29227.5,29227.5,13
1788407100,29227.0,29227.5,29220.75,29226.25,99
1788407160,29224.25,29226.75,29221.5,29221.75,27
1788407220,29222.25,29222.75,29220.25,29222.5,34
1788407280,29222.75,29229.0,29221.5,29228.0,83
1788407340,29227.5,29236.0,29227.5,29230.25,165
1788407400,29230.75,29235.25,29230.75,29234.25,92
1788407460,29234.0,29235.25,29232.25,29234.0,39
1788407520,29233.0,29236.0,29232.0,29234.75,31
1788407580,29235.0,29235.0,29231.5,29232.0,41
1788407640,29232.0,29239.5,29231.0,29237.25,89
1788407700,29237.5,29238.0,29232.5,29237.0,56
1788407760,29236.5,29243.0,29234.5,29235.75,136
1788407820,29234.5,29236.75,29232.0,29233.25,30
1788407880,29233.25,29234.0,29231.0,29232.0,33
1788408540,29245.5,29250.75,29245.25,29249.75,61
1788408600,29251.0,29255.0,29249.75,29251.5,117
1788408660,29250.0,29251.75,29248.25,29249.25,42
1788408720,29249.5,29249.5,29237.75,29240.75,135
1788408780,29240.25,29246.5,29240.25,29246.5,45
1788408840,29247.75,29248.5,29245.0,29247.0,23
1788408900,29247.0,29247.0,29243.25,29245.25,36
1788408960,29246.0,29248.5,29243.75,29245.25,54
1788409020,29244.75,29249.25,29244.0,29245.0,74
1788409080,29245.5,29249.25,29244.0,29244.0,63
1788409140,29244.75,29246.5,29244.0,29244.75,27
1788409200,29244.0,29246.0,29241.5,29243.0,60
1788409260,29241.75,29243.5,29239.5,29239.5,44
1788409320,29239.5,29239.5,29233.75,29237.25,100
1788409380,29237.5,29244.25,29237.25,29242.75,43
1788409440,29242.75,29243.25,29240.75,29242.0,37
1788409500,29242.25,29245.25,29241.75,29244.25,21
1788409560,29245.0,29246.75,29242.5,29244.0,22
1788409620,29242.75,29242.75,29237.75,29240.25,38
1788409680,29239.75,29239.75,29230.25,29231.25,85
1788409740,29230.75,29231.0,29227.25,29227.75,83
1788409800,29227.75,29229.5,29226.5,29228.0,71
1788409860,29229.5,29233.0,29229.0,29231.25,44
1788409920,29232.0,29235.25,29231.25,29234.0,40
1788409980,29234.25,29236.25,29229.0,29236.0,120
1788410040,29235.0,29235.25,29229.25,29233.25,58
1788410100,29231.75,29235.0,29229.75,29230.5,33
1788410160,29231.0,29231.75,29220.5,29222.75,145
1788410220,29221.75,29228.0,29221.0,29225.0,115
1788410280,29224.5,29226.75,29220.75,29221.25,82
1788410340,29221.0,29224.75,29219.5,29223.25,65
1788410400,29223.0,29226.0,29222.25,29224.75,78
1788410460,29224.25,29224.25,29216.75,29217.75,104
1788410520,29217.75,29218.25,29214.75,29216.0,85
1788410580,29217.5,29219.0,29216.5,29219.0,29
1788410640,29218.75,29222.0,29217.75,29219.25,51
1788410700,29218.75,29223.0,29218.75,29221.0,32
1788410760,29220.25,29229.0,29219.75,29225.25,134
1788410820,29225.5,29227.0,29224.75,29225.0,17
1788410880,29225.0,29225.0,29217.25,29221.5,89
1788410940,29224.0,29224.5,29220.5,29222.25,24
1788411000,29221.5,29222.0,29218.0,29219.75,22
1788411060,29220.5,29223.0,29218.5,29221.25,15
1788411120,29221.25,29223.75,29219.25,29219.25,40
1788411180,29220.25,29221.0,29216.5,29217.5,18
1788411240,29218.75,29220.25,29215.5,29216.75,51
1788411300,29216.5,29217.75,29210.75,29212.5,85
1788411360,29213.25,29213.75,29207.5,29210.25,83
1788411420,29210.25,29212.75,29205.25,29207.0,76
1788411480,29205.5,29208.75,29205.5,29207.25,46
1788411540,29207.5,29208.0,29204.5,29207.5,57
1788411600,29207.25,29208.5,29205.5,29206.75,56
1788411660,29206.75,29207.5,29189.75,29190.25,382
1788411720,29190.5,29193.25,29189.5,29189.75,86
1788411780,29189.5,29189.5,29180.75,29182.5,240
1788411840,29182.5,29184.0,29176.5,29176.5,119
1788411900,29177.5,29179.25,29171.5,29177.75,189
1788411960,29176.75,29177.25,29168.0,29169.75,137
1788412020,29169.25,29172.5,29167.0,29169.25,136
1788412080,29168.0,29169.5,29161.5,29165.75,180
1788412140,29166.0,29167.75,29157.0,29162.25,195
1788412200,29161.5,29167.5,29156.0,29158.25,219
1788412260,29157.25,29160.5,29153.25,29156.5,142
1788412320,29156.75,29161.25,29152.5,29152.5,75
1788412380,29153.0,29157.5,29148.25,29154.5,246
1788412440,29152.5,29152.5,29140.75,29149.0,261
1788412500,29147.75,29148.5,29140.25,29145.25,149
1788412560,29146.5,29147.25,29135.0,29138.25,305
1788412620,29137.25,29140.25,29121.75,29125.0,734
1788412680,29126.5,29132.25,29116.5,29123.0,423
1788412740,29123.25,29124.25,29105.75,29110.0,528
1788412800,29109.5,29115.75,29100.5,29104.5,367
1788412860,29104.0,29107.25,29096.0,29100.5,503
1788412920,29099.75,29107.0,29086.0,29090.75,525
1788412980,29089.5,29092.5,29075.0,29090.5,507
1788413040,29090.0,29096.5,29082.0,29092.5,366
1788413100,29093.75,29106.0,29079.25,29080.5,478
1788413160,29080.75,29087.25,29079.75,29081.25,182
1788413220,29079.25,29090.75,29076.25,29086.75,233
1788413280,29088.5,29108.25,29086.0,29103.75,298
1788413340,29103.0,29110.0,29100.75,29104.0,150
1788413400,29102.75,29120.0,29101.25,29107.25,410
1788413460,29105.5,29112.25,29098.25,29103.75,397
1788413520,29105.0,29114.25,29104.25,29110.75,165
1788413580,29111.75,29123.0,29110.5,29122.0,287
1788413640,29121.75,29140.0,29119.5,29139.25,466
1788413700,29139.25,29142.5,29129.0,29129.0,253
1788413760,29130.0,29132.75,29118.5,29132.75,285
1788413820,29132.0,29137.0,29128.0,29134.0,130
1788413880,29135.5,29138.0,29132.5,29133.0,111
1788413940,29133.5,29148.0,29133.5,29138.0,360
1788414000,29138.5,29139.25,29122.25,29131.75,210
1788414060,29133.0,29140.0,29122.0,29139.25,190
1788414120,29139.5,29143.75,29133.75,29143.25,162
1788414180,29143.5,29145.0,29138.75,29142.5,115
1788414240,29142.25,29152.0,29141.0,29143.0,210
1788414300,29143.0,29145.5,29139.25,29140.25,107
1788414360,29139.75,29141.0,29134.5,29135.75,86
1788414420,29136.25,29152.75,29127.5,29152.75,214
1788414480,29151.5,29155.0,29148.25,29154.0,144
1788414540,29154.75,29169.5,29154.0,29169.25,390
1788414600,29169.0,29172.5,29163.5,29172.25,203
1788414660,29172.5,29180.5,29171.25,29180.5,178
1788414720,29179.5,29186.25,29179.25,29182.5,307
1788414780,29182.0,29188.5,29180.25,29186.5,184
1788414840,29186.0,29186.0,29168.25,29174.0,202
1788414900,29174.5,29179.25,29171.25,29175.0,102
1788414960,29174.25,29186.5,29174.25,29185.5,113
1788415020,29186.25,29186.75,29180.0,29181.75,85
1788415080,29182.75,29185.5,29181.5,29185.5,67
1788415140,29184.75,29188.75,29183.25,29188.75,121
1788415200,29188.5,29197.0,29183.5,29187.0,354
1788415260,29188.0,29188.5,29177.5,29179.0,149
1788415320,29180.25,29181.75,29175.0,29175.75,155
1788415380,29175.5,29182.75,29175.5,29181.5,122
1788415440,29182.25,29197.0,29179.75,29192.0,291
1788415500,29192.0,29197.75,29189.25,29196.75,110
1788415560,29197.5,29203.25,29195.25,29196.0,182
1788415620,29196.5,29199.0,29186.75,29187.5,273
1788415680,29188.0,29192.25,29185.5,29188.5,79
1788415740,29188.25,29188.5,29176.25,29177.25,109
1788415800,29177.25,29178.0,29172.0,29174.25,151
1788415860,29173.75,29174.25,29163.5,29163.5,145
1788415920,29164.75,29176.5,29164.5,29175.5,151
1788415980,29175.25,29175.25,29163.25,29164.0,102
1788416040,29164.25,29173.5,29162.75,29170.0,85
1788416100,29169.0,29177.5,29167.25,29174.25,84
1788416160,29175.0,29175.0,29167.0,29172.0,81
1788416220,29170.0,29175.25,29169.75,29172.25,41
1788416280,29174.5,29180.25,29172.5,29173.25,118
1788416340,29172.0,29172.25,29167.25,29172.0,59
1788416400,29170.25,29176.25,29169.0,29175.75,66
1788416460,29175.75,29178.25,29168.5,29173.0,105
1788416520,29174.75,29179.0,29173.0,29173.75,61
1788416580,29174.5,29175.75,29171.0,29173.25,49
1788416640,29174.25,29174.25,29164.5,29165.75,98
1788416700,29165.5,29170.25,29161.0,29163.5,94
1788416760,29165.0,29169.75,29163.75,29168.0,81
1788416820,29168.75,29172.25,29168.5,29171.25,70
1788416880,29171.0,29175.75,29166.5,29174.0,148
1788416940,29172.0,29179.75,29169.25,29177.25,148
1788417000,29177.0,29179.5,29165.5,29175.0,321
1788417060,29175.0,29187.5,29172.25,29184.5,98
1788417120,29184.5,29186.0,29170.0,29172.0,73
1788417180,29172.25,29173.75,29167.0,29172.25,69
1788417240,29171.75,29180.5,29170.5,29180.5,50
1788417300,29180.25,29183.75,29178.0,29183.75,101
1788417360,29182.0,29183.0,29177.0,29177.75,39
1788417420,29179.5,29186.5,29167.75,29169.75,145
1788417480,29170.5,29172.25,29164.0,29170.25,116
1788417540,29169.0,29182.0,29167.75,29178.0,121
1788417600,29175.0,29181.5,29175.0,29179.0,67
1788417660,29178.5,29184.5,29178.25,29179.5,97
1788417720,29178.5,29181.0,29177.25,29178.75,44
1788417780,29179.5,29183.5,29178.75,29182.5,92
1788417840,29182.0,29183.25,29180.5,29181.5,35
1788417900,29182.0,29182.75,29176.5,29178.75,89
1788417960,29181.5,29182.0,29173.0,29174.5,50
1788418020,29173.0,29174.75,29170.75,29172.75,45
1788418080,29172.25,29173.5,29169.25,29171.25,43
1788418140,29172.25,29175.75,29171.75,29175.5,50
1788418200,29174.25,29174.25,29166.0,29168.75,67
1788418260,29169.75,29172.0,29167.5,29169.75,45
1788418320,29170.0,29171.75,29169.0,29170.75,26
1788418380,29170.25,29171.0,29168.5,29168.5,24
1788418440,29169.25,29173.5,29167.0,29167.75,50
1788418500,29167.5,29169.0,29165.25,29165.25,44
1788418560,29168.0,29169.25,29165.25,29166.5,35
1788418620,29166.5,29166.75,29161.25,29163.25,117
1788418680,29162.5,29164.75,29159.5,29164.5,101
1788418740,29165.75,29176.5,29165.5,29174.25,110
1788418800,29173.25,29192.75,29160.0,29191.5,379
1788418860,29191.75,29191.75,29175.25,29177.0,174
1788418920,29178.0,29193.5,29174.5,29192.5,145
1788418980,29193.75,29199.75,29186.0,29191.0,155
1788419040,29191.75,29206.75,29190.5,29206.25,218
1788419100,29207.0,29233.0,29206.0,29224.25,553
1788419160,29223.25,29223.75,29201.25,29211.75,324
1788419220,29211.75,29212.75,29198.75,29199.5,154
1788419280,29200.25,29203.5,29194.5,29195.25,99
1788419340,29194.25,29203.5,29193.75,29196.75,115
1788419400,29195.75,29199.5,29189.5,29195.5,137
1788419460,29195.75,29204.5,29195.25,29199.25,79
1788419520,29199.25,29203.75,29191.25,29194.75,87
1788419580,29194.25,29204.25,29192.0,29198.0,75
1788419640,29202.0,29205.5,29201.0,29205.5,54
1788419700,29204.75,29206.0,29195.5,29199.75,78
1788419760,29201.5,29207.0,29197.0,29199.75,56
1788419820,29198.75,29204.0,29193.75,29197.0,82
1788419880,29197.75,29203.75,29195.0,29200.75,50
1788419940,29201.25,29206.0,29200.0,29203.5,40
1788420000,29201.25,29207.5,29200.0,29205.25,71
1788420060,29204.5,29209.25,29203.0,29208.0,103
1788420120,29207.75,29209.25,29203.75,29205.25,46
1788420180,29207.25,29210.5,29206.0,29210.5,58
1788420240,29210.5,29211.5,29206.0,29207.75,54
1788420300,29207.0,29207.0,29184.5,29184.5,227
1788420360,29184.25,29187.75,29178.5,29182.5,167
1788420420,29183.25,29201.0,29183.0,29197.25,163
1788420480,29196.75,29211.0,29196.75,29209.0,170
1788420540,29207.75,29210.0,29199.0,29203.25,90
1788420600,29202.5,29206.5,29192.0,29197.0,207
1788420660,29196.75,29200.5,29193.75,29199.25,53
1788420720,29199.25,29209.25,29199.0,29209.25,47
1788420780,29209.5,29214.25,29206.75,29210.0,101
1788420840,29209.25,29217.25,29208.0,29215.5,103
1788420900,29216.0,29221.0,29201.25,29203.0,181
1788420960,29203.75,29212.5,29201.75,29203.25,80
1788421020,29203.5,29205.75,29202.0,29204.5,74
1788421080,29203.75,29214.0,29202.25,29214.0,87
1788421140,29213.25,29229.0,29213.25,29227.0,179
1788421200,29227.0,29234.25,29221.75,29234.0,281
1788421260,29234.0,29240.75,29232.0,29240.25,189
1788421320,29241.25,29242.25,29237.0,29239.25,106
1788421380,29239.0,29245.5,29238.75,29242.75,180
1788421440,29241.75,29243.75,29239.0,29241.25,95
1788421500,29240.75,29240.75,29223.75,29223.75,144
1788421560,29223.75,29228.0,29219.5,29224.25,80
1788421620,29224.25,29224.25,29207.0,29209.25,212
1788421680,29208.5,29209.5,29199.25,29202.0,175
1788421740,29201.25,29203.25,29192.0,29193.25,208
1788421800,29193.75,29197.0,29188.0,29188.0,181
1788421860,29187.5,29192.25,29182.75,29189.0,142
1788421920,29188.25,29206.5,29188.25,29206.5,160
1788421980,29206.75,29211.75,29205.0,29210.0,83
1788422040,29208.25,29223.25,29208.25,29221.75,126
1788422100,29220.0,29222.5,29209.75,29212.75,71
1788422160,29213.0,29220.0,29213.0,29216.75,52
1788422220,29217.0,29223.75,29216.75,29218.25,74
1788422280,29216.0,29222.25,29216.0,29221.25,47
1788422340,29221.25,29222.0,29217.75,29220.25,40
1788422400,29220.25,29247.0,29220.25,29245.5,676
1788422460,29246.0,29252.0,29236.75,29237.0,327
1788422520,29236.0,29238.25,29219.5,29220.5,213
1788422580,29222.0,29272.25,29213.25,29271.75,1290
1788422640,29269.25,29278.75,29254.5,29257.75,426
1788422700,29258.25,29282.25,29257.75,29264.25,537
1788422760,29264.25,29283.0,29256.25,29277.25,554
1788422820,29277.5,29292.75,29274.0,29289.0,553
1788422880,29289.5,29290.25,29269.0,29270.0,290
1788422940,29269.5,29272.0,29240.5,29244.75,341
1788423000,29246.0,29254.75,29245.0,29254.75,173
1788423060,29254.0,29266.75,29251.0,29259.25,393
1788423120,29259.25,29261.25,29243.25,29246.0,366
1788423180,29246.5,29256.5,29243.0,29244.25,233
1788423240,29244.0,29254.75,29240.75,29247.25,161
1788423300,29247.0,29249.25,29241.75,29242.25,155
1788423360,29242.0,29250.0,29238.5,29241.5,306
1788423420,29242.0,29249.5,29241.25,29242.25,157
1788423480,29242.25,29243.25,29233.75,29237.5,152
1788423540,29237.75,29249.25,29236.5,29248.25,131
1788423600,29246.5,29252.75,29245.0,29252.25,119
1788423660,29252.0,29253.25,29246.0,29249.25,117
1788423720,29247.25,29248.75,29240.75,29246.25,142
1788423780,29245.25,29247.75,29232.75,29237.5,149
1788423840,29238.0,29242.25,29235.75,29242.0,110
1788423900,29241.0,29248.0,29238.75,29242.0,131
1788423960,29242.75,29248.75,29242.0,29244.0,124
1788424020,29243.0,29264.0,29242.25,29261.5,252
1788424080,29261.25,29263.25,29239.0,29242.25,210
1788424140,29243.0,29259.75,29242.0,29256.0,159
1788424200,29257.25,29257.25,29239.0,29250.5,180
1788424260,29250.75,29250.75,29240.5,29242.75,87
1788424320,29243.5,29250.0,29240.0,29249.5,169
1788424380,29249.75,29252.5,29243.0,29247.75,119
1788424440,29249.5,29251.75,29243.0,29243.5,124
1788424500,29243.5,29247.5,29242.5,29246.0,89
1788424560,29245.25,29250.0,29239.25,29243.0,114
1788424620,29244.5,29249.25,29242.5,29249.25,45
1788424680,29249.75,29250.75,29238.0,29240.0,105
1788424740,29238.25,29240.0,29227.0,29227.75,188
1788424800,29227.25,29237.75,29227.25,29235.0,102
1788424860,29234.0,29238.25,29230.75,29236.0,81
1788424920,29237.0,29237.5,29230.5,29232.0,65
1788424980,29231.5,29233.75,29229.25,29231.5,65
1788425040,29231.5,29234.25,29226.75,29228.25,65
1788425100,29229.5,29234.0,29229.5,29233.25,59
1788425160,29232.75,29235.0,29231.5,29234.0,62
1788425220,29233.5,29235.0,29232.5,29232.5,42
1788425280,29232.0,29232.5,29223.25,29223.75,118
1788425340,29224.25,29233.0,29224.25,29233.0,78
1788425400,29232.5,29232.5,29227.5,29227.5,37
1788425460,29227.5,29227.5,29216.25,29217.75,104
1788425520,29217.25,29225.0,29215.0,29223.5,146
1788425580,29223.0,29226.5,29220.25,29224.5,58
1788425640,29224.0,29229.5,29223.0,29226.25,116
1788425700,29226.0,29227.25,29223.25,29224.25,43
1788425760,29223.75,29229.0,29220.5,29220.5,78
1788425820,29222.5,29228.0,29221.0,29224.75,47
1788425880,29225.25,29225.25,29222.75,29225.0,19
1788425940,29225.0,29225.5,29215.0,29216.25,126
1788426000,29218.5,29224.75,29215.5,29219.5,145
1788426060,29221.0,29223.0,29214.25,29216.25,120
1788426120,29216.0,29223.75,29216.0,29217.25,70
1788426180,29217.5,29218.5,29212.75,29217.0,43
1788426240,29218.25,29220.25,29215.0,29219.25,43
1788426300,29219.25,29219.25,29213.0,29218.25,73
1788426360,29216.0,29218.75,29211.0,29217.75,70
1788426420,29218.75,29221.5,29218.0,29219.75,34
1788426480,29218.0,29222.25,29217.75,29218.5,48
1788426540,29218.25,29220.75,29217.25,29220.25,55
1788426600,29221.5,29221.5,29216.75,29219.5,73
1788426660,29218.75,29222.0,29216.0,29221.5,53
1788426720,29221.25,29221.25,29216.25,29218.5,75
1788426780,29216.0,29216.25,29212.0,29216.25,57
1788426840,29215.75,29225.75,29214.5,29223.5,114
1788426900,29223.5,29224.0,29216.5,29222.0,50
1788426960,29220.0,29223.5,29214.0,29219.0,58
1788427020,29219.5,29223.5,29218.75,29223.5,23
1788427080,29221.0,29222.5,29219.25,29222.5,47
1788427140,29218.75,29218.75,29204.0,29212.25,165
1788427200,29212.5,29215.5,29206.25,29208.0,62
1788427260,29208.75,29211.0,29195.0,29197.0,179
1788427320,29198.5,29200.25,29194.25,29194.75,129
1788427380,29195.0,29202.0,29194.25,29200.0,89
1788427440,29198.75,29206.0,29197.25,29197.25,66
1788427500,29196.75,29198.25,29189.0,29191.0,104
1788427560,29191.0,29203.0,29188.0,29201.5,80
1788427620,29200.5,29201.5,29194.0,29196.0,51
1788427680,29196.25,29197.5,29191.0,29192.75,75
1788427740,29193.0,29194.0,29187.75,29187.75,55
1788427800,29187.25,29197.75,29187.0,29188.5,109
1788427860,29189.75,29194.0,29181.25,29183.25,146
1788427920,29183.75,29186.25,29179.75,29186.25,90
1788427980,29187.25,29193.25,29184.25,29193.25,111
1788428040,29194.0,29198.0,29187.0,29187.5,85
1788428100,29188.25,29190.0,29179.75,29188.0,67
1788428160,29186.75,29186.75,29176.75,29179.0,47
1788428220,29178.75,29180.0,29173.25,29176.25,82
1788428280,29178.0,29182.0,29177.25,29178.75,77
1788428340,29180.5,29182.5,29175.75,29177.5,76
1788428400,29177.75,29179.25,29169.25,29172.0,83
1788428460,29172.5,29178.75,29172.5,29174.75,65
1788428520,29177.0,29177.0,29171.25,29172.5,85
1788428580,29172.25,29177.0,29172.25,29173.5,80
1788428640,29173.0,29176.75,29169.25,29176.75,128
1788428700,29176.25,29176.25,29166.25,29169.25,139
1788428760,29170.25,29173.75,29170.25,29171.0,66
1788428820,29171.25,29175.0,29161.5,29161.5,103
1788428880,29162.75,29170.5,29162.75,29169.25,79
1788428940,29168.25,29168.75,29149.25,29154.0,378
1788429000,29154.0,29166.5,29152.75,29162.25,222
1788429060,29161.0,29164.75,29156.5,29164.5,86
1788429120,29164.5,29165.5,29159.0,29159.25,58
1788429180,29160.75,29161.75,29149.75,29152.75,113
1788429240,29150.75,29155.75,29145.5,29145.5,106
1788429300,29148.5,29150.0,29138.0,29144.25,196
1788429360,29144.75,29145.0,29139.25,29141.0,82
1788429420,29142.25,29146.75,29140.75,29145.5,71
1788429480,29146.25,29148.75,29126.5,29131.0,305
1788429540,29132.75,29141.75,29131.5,29137.75,130
1788429600,29138.0,29147.0,29135.0,29138.75,212
1788429660,29137.25,29153.5,29137.25,29151.5,189
1788429720,29152.5,29154.25,29148.0,29149.75,93
1788429780,29150.25,29151.0,29145.0,29150.0,104
1788429840,29150.0,29152.5,29143.0,29150.25,146
1788429900,29149.5,29158.5,29149.5,29153.5,163
1788429960,29153.25,29154.0,29147.5,29147.5,98
1788430020,29147.75,29155.0,29145.0,29153.0,72
1788430080,29153.0,29154.0,29146.5,29150.0,65
1788430140,29149.25,29149.25,29141.0,29142.5,126
1788430200,29141.75,29143.75,29138.5,29140.75,146
1788430260,29141.25,29143.5,29136.25,29138.0,110
1788430320,29137.25,29143.0,29126.75,29128.75,192
1788430380,29130.75,29131.5,29123.0,29124.25,154
1788430440,29123.0,29126.75,29120.25,29124.75,165
1788430500,29125.5,29133.25,29124.75,29131.75,187
1788430560,29131.5,29131.5,29123.25,29126.5,114
1788430620,29127.5,29133.5,29121.0,29128.25,146
1788430680,29128.0,29134.25,29127.25,29133.25,68
1788430740,29132.5,29132.5,29122.25,29128.0,103
1788430800,29128.25,29130.25,29126.0,29128.5,48
1788430860,29126.5,29131.75,29123.5,29129.25,47
1788430920,29129.25,29130.0,29126.75,29126.75,34
1788430980,29126.75,29128.75,29125.0,29127.0,56
1788431040,29128.25,29129.25,29122.25,29122.25,139
1788431100,29122.5,29129.25,29122.5,29125.75,119
1788431160,29127.5,29133.25,29126.25,29132.25,150
1788431220,29132.25,29133.25,29125.5,29128.75,217
1788431280,29128.75,29129.5,29119.75,29121.25,237
1788431340,29121.75,29131.0,29119.25,29127.5,144
1788431400,29127.0,29130.25,29122.75,29127.5,83
1788431460,29127.5,29128.25,29125.5,29126.75,47
1788431520,29126.75,29132.75,29124.75,29126.5,110
1788431580,29127.0,29140.0,29126.5,29132.25,131
1788431640,29133.5,29133.75,29117.25,29121.0,194
1788431700,29120.75,29125.25,29119.25,29119.25,69
1788431760,29119.5,29121.0,29113.5,29113.5,94
1788431820,29113.75,29117.25,29105.5,29114.5,215
1788431880,29113.75,29119.0,29112.0,29115.0,147
1788431940,29117.5,29124.0,29117.5,29120.0,106
1788432000,29120.5,29123.5,29118.5,29120.5,65
1788432060,29120.0,29131.25,29117.25,29127.75,108
1788432120,29128.25,29130.25,29122.25,29124.0,90
1788432180,29125.25,29127.5,29124.25,29127.0,39
1788432240,29127.5,29134.25,29127.5,29128.25,130
1788432300,29128.0,29128.75,29122.25,29126.0,109
1788432360,29126.25,29126.25,29119.75,29121.75,110
1788432420,29121.75,29126.5,29121.75,29126.25,50
1788432480,29126.25,29128.0,29112.75,29114.0,102
1788432540,29114.0,29117.0,29108.0,29110.25,69
1788432600,29109.5,29117.0,29108.25,29114.75,72
1788432660,29114.75,29118.0,29110.0,29117.5,51
1788432720,29117.75,29122.75,29117.0,29120.75,82
1788432780,29121.5,29129.5,29121.5,29123.75,131
1788432840,29123.25,29124.0,29120.75,29124.0,32
1788432900,29124.5,29125.75,29121.75,29125.25,41
1788432960,29125.25,29127.5,29118.25,29123.0,90
1788433020,29123.0,29129.75,29115.0,29117.5,137
1788433080,29116.25,29119.5,29114.0,29116.25,63
1788433140,29117.25,29128.0,29117.25,29128.0,43
1788433200,29129.0,29140.0,29118.75,29119.5,387
1788433260,29118.25,29121.0,29106.25,29119.0,319
1788433320,29119.75,29122.25,29117.25,29117.75,123
1788433380,29116.5,29129.25,29115.75,29127.75,121
1788433440,29126.75,29140.25,29124.5,29138.5,202
1788433500,29139.5,29151.0,29137.25,29150.0,229
1788433560,29149.75,29155.5,29147.25,29150.75,174
1788433620,29150.75,29154.0,29147.0,29148.75,185
1788433680,29148.0,29170.75,29145.5,29160.0,349
1788433740,29160.5,29166.0,29158.25,29164.25,227
1788433800,29163.0,29166.25,29161.0,29163.0,146
1788433860,29163.25,29167.0,29154.5,29155.0,134
1788433920,29154.75,29162.75,29154.5,29162.25,65
1788433980,29161.25,29165.5,29160.0,29163.0,112
1788434040,29163.0,29165.0,29161.5,29164.5,46
1788434100,29164.0,29175.0,29163.25,29170.5,247
1788434160,29170.0,29175.0,29168.5,29172.75,106
1788434220,29173.75,29174.25,29167.0,29168.0,121
1788434280,29167.0,29186.75,29162.75,29172.25,474
1788434340,29171.75,29172.0,29165.25,29167.75,69
1788434400,29167.5,29167.5,29158.5,29160.25,104
1788434460,29158.75,29163.25,29157.5,29161.5,97
1788434520,29160.5,29161.5,29158.0,29159.75,53
1788434580,29160.25,29163.0,29156.5,29159.25,62
1788434640,29160.0,29174.25,29160.0,29174.0,138
1788434700,29172.75,29176.75,29170.5,29173.5,95
1788434760,29174.5,29178.25,29171.25,29171.5,87
1788434820,29172.25,29173.5,29165.0,29166.0,66
1788434880,29164.25,29165.75,29159.5,29163.75,104
1788434940,29163.5,29168.5,29162.25,29166.75,32
1788435000,29167.0,29173.5,29158.75,29159.0,142
1788435060,29160.75,29164.0,29111.25,29146.25,979
1788435120,29145.5,29158.5,29144.5,29156.75,213
1788435180,29157.5,29171.25,29157.25,29170.75,176
1788435240,29171.0,29171.5,29164.5,29167.75,76
1788435300,29167.75,29168.25,29162.0,29163.75,70
1788435360,29164.25,29166.25,29158.75,29163.0,109
1788435420,29162.5,29165.75,29154.5,29156.5,103
1788435480,29158.75,29159.0,29149.0,29152.5,151
1788435540,29152.75,29154.0,29143.75,29143.75,120
1788435600,29143.0,29148.0,29138.25,29145.5,150
1788435660,29144.5,29145.25,29135.75,29139.0,67
1788435720,29140.25,29147.5,29138.75,29145.5,73
1788435780,29145.0,29151.5,29145.0,29148.75,70
1788435840,29149.0,29149.25,29140.75,29142.5,55
1788435900,29142.25,29144.5,29133.0,29138.75,128
1788435960,29139.25,29141.25,29131.0,29135.75,107
1788436020,29134.5,29134.5,29126.75,29126.75,84
1788436080,29125.5,29125.75,29108.5,29112.0,398
1788436140,29112.0,29112.25,29103.75,29105.5,419
1788436200,29104.75,29115.5,29104.75,29109.25,248
1788436260,29109.0,29112.0,29103.25,29109.5,205
1788436320,29110.75,29115.25,29103.5,29114.75,263
1788436380,29113.75,29114.75,29104.5,29106.25,206
1788436440,29106.75,29109.0,29105.75,29107.25,70
1788436500,29106.5,29114.0,29104.5,29109.0,170
1788436560,29109.0,29112.75,29107.0,29110.0,97
1788436620,29109.0,29111.75,29103.5,29109.25,171
1788436680,29109.0,29114.25,29109.0,29112.25,113
1788436740,29113.0,29113.0,29101.0,29105.5,178
1788436800,29105.5,29113.0,29104.75,29112.75,176
1788436860,29112.75,29118.0,29104.0,29118.0,268
1788436920,29118.25,29129.0,29117.75,29129.0,187
1788436980,29129.0,29131.75,29125.25,29126.75,161
1788437040,29127.25,29132.0,29111.75,29127.0,407
1788437100,29127.0,29130.75,29126.25,29127.25,66
1788437160,29126.75,29129.75,29124.5,29127.0,85
1788437220,29127.25,29130.0,29126.5,29128.25,61
1788437280,29128.25,29133.5,29128.0,29131.0,127
1788437340,29130.5,29135.0,29124.75,29132.0,75
1788437400,29131.25,29147.25,29131.25,29143.75,248
1788437460,29144.5,29146.25,29137.25,29138.0,199
1788437520,29138.25,29139.5,29129.5,29131.5,205
1788437580,29132.0,29134.75,29122.75,29132.0,201
1788437640,29131.5,29131.75,29124.75,29125.0,143
1788437700,29125.5,29126.25,29120.75,29123.25,104
1788437760,29123.5,29130.25,29116.5,29124.5,231
1788437820,29123.75,29124.5,29120.5,29122.5,92
1788437880,29122.75,29124.75,29115.0,29115.5,260
1788437940,29114.75,29116.25,29111.5,29113.0,142
1788438000,29113.25,29117.25,29106.25,29109.75,272
1788438060,29109.75,29118.0,29105.75,29116.25,228
1788438120,29114.5,29121.25,29113.0,29121.0,118
1788438180,29120.5,29132.0,29120.25,29128.5,216
1788438240,29129.0,29139.5,29129.0,29134.75,216
1788438300,29134.25,29135.0,29127.5,29133.25,261
1788438360,29133.5,29150.0,29131.75,29149.75,292
1788438420,29149.75,29151.0,29145.25,29145.25,193
1788438480,29146.75,29147.0,29142.25,29144.5,107
1788438540,29142.5,29147.75,29140.25,29145.75,116
1788438600,29144.75,29244.0,29144.0,29199.75,2430
1788438660,29198.5,29227.75,29196.0,29225.0,861
1788438720,29225.25,29231.5,29216.0,29226.0,864
1788438780,29225.75,29226.0,29206.25,29208.75,435
1788438840,29208.0,29214.75,29205.75,29207.25,363
1788438900,29208.5,29209.5,29179.5,29180.0,720
1788438960,29180.25,29189.0,29179.0,29188.0,504
1788439020,29187.25,29196.25,29180.75,29189.5,479
1788439080,29189.5,29199.25,29187.5,29199.0,427
1788439140,29199.0,29201.5,29191.5,29200.25,298
1788439200,29198.25,29205.25,29194.75,29196.75,275
1788439260,29196.25,29198.0,29185.25,29188.5,268
1788439320,29188.0,29199.75,29182.5,29199.75,301
1788439380,29199.0,29201.0,29182.0,29191.5,310
1788439440,29190.75,29192.75,29185.0,29189.75,187
1788439500,29189.0,29193.25,29188.0,29191.75,189
1788439560,29188.75,29192.0,29186.0,29190.25,150
1788439620,29191.0,29197.5,29185.0,29185.0,227
1788439680,29185.0,29199.5,29185.0,29198.25,258
1788439740,29197.5,29202.0,29192.0,29200.25,245
1788439800,29202.0,29213.0,29200.25,29210.0,258
1788439860,29209.75,29212.0,29205.75,29207.75,244
1788439920,29208.75,29215.25,29206.5,29214.0,337
1788439980,29214.75,29239.75,29214.5,29234.75,722
1788440040,29234.25,29245.25,29232.0,29239.25,542
1788440100,29238.25,29258.75,29238.0,29255.0,729
1788440160,29254.25,29256.75,29238.25,29247.5,664
1788440220,29248.75,29254.5,29247.0,29249.5,382
1788440280,29249.5,29255.75,29246.0,29247.75,359
1788440340,29247.25,29250.25,29239.5,29244.5,254
1788440400,29243.75,29245.5,29208.0,29214.25,1128
1788440460,29214.25,29218.0,29204.5,29205.5,628
1788440520,29205.25,29211.5,29202.5,29206.5,449
1788440580,29205.5,29220.5,29205.0,29218.75,324
1788440640,29217.25,29223.25,29212.0,29214.25,314
1788440700,29214.25,29224.25,29210.75,29215.0,268
1788440760,29215.25,29215.25,29205.0,29208.25,334
1788440820,29207.25,29218.25,29194.25,29215.5,545
1788440880,29214.75,29219.5,29213.0,29216.5,205
1788440940,29215.0,29215.75,29205.75,29208.0,189
1788441000,29209.0,29217.75,29206.25,29208.75,248
1788441060,29209.0,29229.75,29207.0,29229.25,359
1788441120,29229.25,29232.0,29226.0,29228.25,234
1788441180,29229.0,29236.0,29229.0,29234.25,233
1788441240,29234.25,29246.0,29233.75,29239.25,429
1788441300,29239.5,29243.5,29236.0,29238.5,266
1788441360,29238.25,29242.75,29235.75,29236.75,216
1788441420,29237.0,29240.5,29228.25,29229.0,292
1788441480,29229.25,29230.25,29216.75,29217.75,291
1788441540,29217.75,29218.25,29202.75,29206.0,585
1788441600,29206.25,29210.0,29200.5,29209.25,570
1788441660,29209.5,29212.25,29206.5,29212.0,247
1788441720,29212.0,29215.0,29209.0,29212.5,297
1788441780,29212.5,29216.0,29208.5,29210.25,306
1788441840,29210.25,29224.75,29209.25,29224.75,331
1788441900,29224.25,29234.5,29213.0,29232.5,614
1788441960,29233.0,29238.0,29229.5,29230.75,386
1788442020,29230.25,29245.25,29226.25,29245.25,567
1788442080,29244.75,29252.0,29238.0,29247.25,499
1788442140,29247.0,29253.75,29242.0,29249.0,680
1788442200,29249.5,29284.5,29240.25,29283.0,5910
1788442260,29282.5,29282.5,29241.0,29245.5,3664
1788442320,29246.0,29255.25,29222.25,29239.5,4173
1788442380,29239.0,29262.25,29227.5,29259.75,3115
1788442440,29260.0,29285.0,29253.0,29254.25,2789
1788442500,29254.0,29270.75,29246.25,29250.5,3437
1788442560,29250.5,29254.5,29199.5,29221.0,4077
1788442620,29221.0,29264.0,29217.0,29261.25,3187
1788442680,29260.5,29292.25,29252.25,29282.5,3572
1788442740,29281.75,29337.5,29281.0,29328.75,3831
1788442800,29329.5,29344.75,29314.0,29330.5,3395
1788442860,29331.0,29359.5,29326.25,29353.5,2994
1788442920,29353.25,29357.75,29327.75,29335.0,2293
1788442980,29335.0,29339.5,29319.75,29325.25,1945
1788443040,29324.5,29349.25,29317.0,29345.5,1663
1788443100,29345.25,29347.75,29329.5,29333.0,2400
1788443160,29332.75,29351.5,29318.75,29343.25,2219
1788443220,29343.75,29356.0,29338.75,29342.5,1885
1788443280,29343.0,29350.75,29333.5,29341.75,1657
1788443340,29341.75,29368.5,29338.75,29358.5,2799
1788443400,29359.5,29374.5,29354.75,29362.25,2023
1788443460,29361.5,29372.5,29346.75,29372.5,1941
1788443520,29372.5,29375.5,29344.25,29346.0,1740
1788443580,29345.25,29352.5,29327.5,29333.25,1935
1788443640,29333.5,29351.25,29324.75,29349.25,1399
1788443700,29349.75,29354.25,29328.0,29329.25,1562
1788443760,29328.25,29328.5,29305.0,29306.25,2233
1788443820,29306.5,29315.75,29296.75,29298.25,1962
1788443880,29298.5,29321.5,29297.25,29320.0,1440
1788443940,29320.0,29339.25,29306.75,29333.0,1576
1788444000,29331.75,29333.25,29283.0,29285.75,3275
1788444060,29285.5,29285.5,29263.0,29265.25,2753
1788444120,29265.0,29278.25,29250.25,29277.75,2704
1788444180,29278.25,29291.5,29264.0,29290.75,1978
1788444240,29291.25,29291.5,29261.0,29267.5,1455
1788444300,29267.75,29282.25,29259.0,29282.0,1731
1788444360,29282.5,29283.25,29262.5,29280.25,1315
1788444420,29279.75,29282.0,29252.5,29252.75,1461
1788444480,29252.75,29259.0,29241.75,29256.25,2438
1788444540,29255.75,29272.75,29249.5,29267.5,1309
1788444600,29267.75,29276.75,29249.5,29261.0,1658
1788444660,29261.25,29287.5,29252.75,29287.0,1310
1788444720,29287.25,29299.25,29277.75,29286.5,2060
1788444780,29286.25,29298.25,29273.25,29285.75,1613
1788444840,29286.25,29303.0,29286.25,29300.75,1159
1788444900,29301.0,29325.5,29295.75,29315.25,2990
1788444960,29315.0,29324.0,29307.75,29316.0,1391
1788445020,29315.5,29329.25,29309.25,29326.5,1923
1788445080,29327.0,29327.75,29314.25,29320.0,983
1788445140,29320.25,29349.5,29319.75,29343.0,1730
1788445200,29343.75,29360.0,29342.0,29348.0,1754
1788445260,29348.5,29351.75,29328.25,29333.75,1461
1788445320,29333.5,29351.25,29332.0,29347.75,1117
1788445380,29348.25,29364.5,29348.25,29354.5,1576
1788445440,29354.75,29362.5,29349.0,29350.75,912
1788445500,29351.0,29353.5,29327.0,29345.0,1670
1788445560,29345.5,29358.5,29339.75,29348.0,1409
1788445620,29348.5,29362.25,29346.0,29361.25,951
1788445680,29361.25,29364.25,29345.75,29349.75,1047
1788445740,29350.25,29355.0,29342.5,29343.0,810
1788445800,29343.0,29360.5,29338.75,29356.0,1427
1788445860,29356.0,29356.5,29322.5,29327.75,1772
1788445920,29327.5,29330.5,29308.5,29319.25,1830
1788445980,29319.25,29333.0,29307.0,29307.75,1392
1788446040,29308.0,29314.0,29284.0,29288.0,1868
1788446100,29288.25,29317.0,29286.0,29313.0,1295
1788446160,29313.5,29319.0,29301.0,29302.75,1027
1788446220,29302.5,29307.75,29292.0,29296.25,965
1788446280,29296.5,29304.25,29283.75,29291.5,1023
1788446340,29291.0,29292.75,29280.0,29284.5,992
1788446400,29284.0,29293.5,29273.25,29274.0,1453
1788446460,29274.25,29297.5,29273.5,29297.0,1249
1788446520,29297.5,29311.5,29292.0,29296.25,1515
1788446580,29296.75,29298.5,29280.0,29290.0,997
1788446640,29289.75,29296.5,29279.5,29283.0,818
1788446700,29283.0,29298.5,29277.5,29298.25,1223
1788446760,29298.0,29302.5,29275.75,29280.5,1218
1788446820,29280.75,29298.25,29275.5,29293.25,908
1788446880,29292.5,29306.25,29282.0,29302.5,827
1788446940,29302.5,29313.0,29296.0,29309.0,1027
1788447000,29309.5,29313.0,29289.75,29302.0,1316
1788447060,29302.0,29307.0,29292.0,29305.5,827
1788447120,29305.0,29305.0,29286.0,29287.75,1009
1788447180,29287.75,29295.0,29285.25,29292.5,538
1788447240,29293.75,29314.25,29289.5,29312.25,975
1788447300,29313.0,29320.0,29307.75,29314.75,1327
1788447360,29315.0,29325.5,29246.5,29296.5,3702
1788447420,29296.0,29314.0,29293.0,29312.0,1359
1788447480,29312.75,29341.25,29312.0,29339.5,1584
1788447540,29339.25,29368.0,29338.25,29363.5,1777
1788447600,29363.25,29390.5,29362.25,29381.25,3774
1788447660,29381.5,29394.0,29379.25,29381.75,2051
1788447720,29382.0,29404.75,29379.25,29403.5,1853
1788447780,29402.5,29424.25,29402.5,29416.25,2407
1788447840,29415.75,29442.0,29406.75,29436.5,2417
1788447900,29437.0,29443.5,29431.25,29438.75,2511
1788447960,29439.5,29444.5,29425.5,29430.75,1472
1788448020,29431.0,29439.75,29422.25,29432.0,1639
1788448080,29432.75,29445.5,29428.25,29438.0,1156
1788448140,29439.0,29441.0,29429.5,29429.75,996
1788448200,29430.0,29446.5,29426.25,29443.5,1276
1788448260,29444.0,29466.25,29441.25,29461.5,2970
1788448320,29461.75,29466.25,29449.75,29452.0,1279
1788448380,29451.0,29463.0,29450.25,29460.5,985
1788448440,29461.0,29465.0,29452.5,29465.0,1253
1788448500,29464.75,29475.0,29461.0,29471.75,2040
1788448560,29471.5,29476.5,29462.25,29472.75,1246
1788448620,29472.25,29480.0,29468.5,29477.25,1554
1788448680,29477.5,29479.0,29464.75,29475.25,1143
1788448740,29475.5,29478.75,29471.0,29472.5,980
1788448800,29472.75,29473.0,29458.5,29458.5,1501
1788448860,29458.0,29461.75,29453.75,29457.25,1160
1788448920,29457.5,29482.25,29456.0,29477.5,1450
1788448980,29477.25,29496.0,29477.25,29492.0,1947
1788449040,29491.5,29494.25,29480.75,29482.25,1326
1788449100,29481.75,29490.75,29479.0,29490.75,1015
1788449160,29490.5,29515.0,29488.5,29511.5,2126
1788449220,29511.75,29524.75,29506.75,29523.0,1917
1788449280,29522.5,29523.5,29513.0,29520.5,1324
1788449340,29520.5,29539.5,29520.5,29536.5,2169
1788449400,29536.0,29537.75,29525.25,29535.25,1855
1788449460,29535.0,29542.5,29525.5,29539.5,1601
1788449520,29540.0,29540.25,29529.5,29532.25,1069
1788449580,29532.5,29536.25,29517.75,29524.5,1381
1788449640,29524.5,29530.0,29519.25,29527.75,1131
1788449700,29528.0,29537.5,29527.5,29533.5,913
1788449760,29533.5,29533.5,29522.25,29528.5,738
1788449820,29528.0,29537.25,29515.75,29516.5,866
1788449880,29516.5,29520.0,29512.0,29517.0,862
1788449940,29517.0,29519.5,29510.0,29513.5,898
1788450000,29515.25,29519.0,29504.25,29507.25,1044
1788450060,29507.25,29517.25,29503.5,29510.75,1182
1788450120,29510.75,29521.75,29507.25,29518.0,864
1788450180,29517.75,29525.0,29517.25,29522.0,566
1788450240,29522.25,29522.5,29504.25,29506.5,972
1788450300,29506.75,29519.75,29506.75,29514.5,802
1788450360,29514.25,29520.75,29510.75,29512.0,724
1788450420,29513.0,29513.75,29505.75,29510.0,470
1788450480,29509.5,29517.5,29504.0,29513.75,575
1788450540,29514.0,29518.75,29511.0,29513.75,496
1788450600,29513.5,29517.75,29510.5,29515.75,487
1788450660,29515.25,29524.25,29507.5,29523.0,989
1788450720,29522.75,29531.25,29522.75,29527.5,826
1788450780,29527.25,29529.0,29518.5,29520.25,541
1788450840,29520.0,29529.75,29515.5,29528.25,603
1788450900,29528.25,29531.5,29524.0,29527.75,495
1788450960,29528.25,29529.25,29521.25,29526.0,438
1788451020,29526.0,29534.75,29523.75,29530.5,569
1788451080,29530.25,29532.0,29527.5,29531.25,449
1788451140,29531.75,29539.25,29528.25,29538.0,793
1788451200,29538.75,29539.75,29526.25,29529.75,1028
1788451260,29529.75,29535.0,29525.0,29527.75,636
1788451320,29528.25,29535.75,29523.0,29529.25,499
1788451380,29529.5,29533.5,29522.5,29529.25,1504
1788451440,29529.25,29530.25,29512.5,29512.5,869
1788451500,29513.0,29518.75,29511.0,29512.75,744
1788451560,29513.0,29514.0,29503.5,29506.5,1009
1788451620,29507.25,29512.0,29504.75,29506.75,520
1788451680,29506.75,29513.25,29503.0,29509.5,591
1788451740,29509.75,29518.5,29509.75,29510.5,580
1788451800,29509.5,29520.0,29507.0,29519.0,462
1788451860,29519.5,29521.75,29507.25,29507.25,550
1788451920,29507.75,29511.0,29505.0,29507.75,420
1788451980,29508.75,29514.25,29506.75,29511.0,439
1788452040,29510.75,29526.0,29510.75,29519.0,1065
1788452100,29519.5,29523.0,29514.0,29519.25,644
1788452160,29519.5,29521.75,29511.0,29515.75,428
1788452220,29515.5,29523.0,29515.25,29519.75,412
1788452280,29519.75,29519.75,29514.75,29517.25,281
1788452340,29516.75,29529.5,29516.75,29524.5,634
1788452400,29524.5,29527.25,29515.0,29519.75,459
1788452460,29519.75,29520.5,29516.0,29516.75,257
1788452520,29516.25,29519.75,29507.5,29508.0,431
1788452580,29508.25,29514.0,29507.5,29512.25,480
1788452640,29512.0,29513.0,29500.75,29501.25,725
1788452700,29501.75,29502.25,29494.5,29496.0,938
1788452760,29497.0,29504.0,29489.25,29491.5,830
1788452820,29491.5,29500.5,29490.0,29500.0,585
1788452880,29500.25,29501.75,29494.25,29497.0,416
1788452940,29497.0,29499.25,29493.0,29497.0,386
1788453000,29497.0,29501.0,29493.5,29497.0,544
1788453060,29497.25,29499.0,29486.25,29490.5,547
1788453120,29490.0,29491.25,29484.75,29486.0,418
1788453180,29486.0,29495.0,29485.75,29494.25,564
1788453240,29493.75,29495.5,29486.0,29488.75,421
1788453300,29490.0,29490.0,29483.0,29485.25,460
1788453360,29485.75,29493.25,29484.75,29490.5,490
1788453420,29490.0,29500.75,29485.75,29499.75,753
1788453480,29499.5,29513.75,29499.25,29513.75,1095
1788453540,29513.75,29525.75,29512.5,29521.75,828
1788453600,29521.75,29524.25,29519.0,29520.75,512
1788453660,29520.0,29534.5,29519.75,29532.5,651
1788453720,29532.25,29533.75,29524.25,29524.5,562
1788453780,29524.25,29528.25,29523.25,29527.5,497
1788453840,29527.25,29532.75,29525.5,29528.0,485
1788453900,29528.0,29530.0,29521.0,29526.5,453
1788453960,29527.5,29529.75,29521.75,29529.25,285
1788454020,29528.75,29529.5,29522.25,29524.25,324
1788454080,29523.5,29529.5,29522.5,29527.5,281
1788454140,29528.0,29533.0,29524.5,29530.75,552
1788454200,29530.25,29532.5,29525.25,29530.25,382
1788454260,29530.25,29532.75,29520.25,29525.5,560
1788454320,29524.75,29525.0,29518.25,29519.5,320
1788454380,29519.25,29521.5,29516.5,29518.25,341
1788454440,29517.0,29523.25,29516.5,29521.25,334
1788454500,29521.25,29526.0,29519.25,29525.75,432
1788454560,29525.75,29529.5,29521.25,29523.5,416
1788454620,29524.25,29540.75,29523.75,29539.0,990
1788454680,29539.25,29544.0,29530.5,29531.5,1143
1788454740,29531.5,29533.25,29525.75,29528.0,523
1788454800,29528.25,29534.0,29520.0,29520.5,668
1788454860,29520.25,29530.75,29519.75,29530.0,346
1788454920,29529.75,29529.75,29510.5,29510.5,640
1788454980,29510.25,29514.5,29509.0,29511.25,346
1788455040,29512.5,29520.0,29511.25,29519.5,383
1788455100,29519.5,29520.5,29514.5,29517.5,305
1788455160,29517.75,29519.0,29506.25,29507.0,333
1788455220,29507.0,29508.5,29503.75,29505.0,539
1788455280,29505.25,29508.0,29495.75,29497.75,484
1788455340,29498.5,29499.0,29492.75,29493.0,482
1788455400,29492.75,29498.5,29490.25,29498.25,604
1788455460,29498.25,29501.75,29496.0,29498.5,429
1788455520,29499.0,29499.25,29489.5,29492.25,411
1788455580,29493.0,29494.5,29489.5,29491.25,385
1788455640,29491.5,29494.25,29486.75,29490.5,385
1788455700,29491.25,29497.5,29490.25,29492.75,457
1788455760,29493.0,29495.0,29488.5,29492.0,339
1788455820,29492.25,29499.5,29491.25,29497.75,328
1788455880,29497.75,29501.25,29492.0,29493.25,373
1788455940,29493.75,29498.25,29484.75,29486.25,557
1788456000,29486.25,29486.25,29477.0,29482.5,941
1788456060,29482.25,29486.25,29476.0,29479.5,670
1788456120,29480.25,29484.0,29478.25,29482.5,412
1788456180,29482.0,29487.5,29477.25,29484.5,356
1788456240,29484.0,29486.0,29479.5,29482.25,245
1788456300,29483.0,29491.5,29481.75,29491.25,454
1788456360,29491.75,29496.0,29490.25,29493.75,519
1788456420,29493.75,29503.0,29493.75,29495.25,534
1788456480,29495.5,29508.0,29495.0,29503.0,437
1788456540,29503.0,29504.25,29499.5,29502.5,387
1788456600,29502.75,29511.5,29502.25,29511.5,669
1788456660,29511.0,29513.0,29507.5,29510.25,458
1788456720,29510.5,29514.75,29509.75,29512.75,406
1788456780,29512.25,29516.75,29511.25,29516.0,358
1788456840,29516.0,29518.75,29512.75,29514.0,401
1788456900,29514.5,29520.75,29511.75,29519.75,603
1788456960,29520.25,29529.0,29519.25,29522.5,865
1788457020,29523.0,29523.0,29514.75,29516.75,501
1788457080,29516.5,29522.5,29515.0,29518.75,352
1788457140,29519.0,29522.0,29514.0,29520.5,297
1788457200,29520.75,29528.25,29519.0,29526.75,531
1788457260,29526.5,29531.0,29523.75,29528.5,480
1788457320,29528.25,29532.0,29526.5,29529.0,525
1788457380,29529.0,29530.5,29526.0,29527.25,407
1788457440,29527.5,29529.75,29523.5,29528.5,441
1788457500,29529.0,29533.25,29524.5,29530.25,696
1788457560,29530.0,29535.0,29525.75,29530.0,601
1788457620,29530.25,29532.5,29526.5,29530.5,368
1788457680,29530.5,29531.0,29522.25,29524.75,556
1788457740,29525.25,29531.0,29521.75,29530.5,570
1788457800,29531.0,29533.5,29525.0,29532.0,358
1788457860,29531.75,29545.5,29531.5,29543.75,933
1788457920,29543.5,29549.75,29540.75,29548.0,1140
1788457980,29548.0,29552.5,29544.5,29546.25,764
1788458040,29545.5,29547.5,29544.0,29546.0,142
1788458100,29548.25,29551.25,29547.25,29549.5,748
1788458160,29549.75,29552.5,29546.25,29550.5,609
1788458220,29550.25,29551.5,29543.75,29544.0,516
1788458280,29543.5,29545.75,29542.0,29543.75,212
1788458400,29551.5,29566.5,29551.5,29563.0,2626
1788458460,29563.25,29578.5,29563.25,29573.0,1448
1788458520,29574.25,29574.25,29564.5,29565.75,962
1788458580,29565.75,29577.0,29565.0,29571.0,693
1788458640,29570.0,29575.25,29567.5,29574.5,460
1788458700,29574.75,29577.25,29572.0,29572.75,686
1788458760,29573.25,29579.5,29568.0,29570.5,747
1788458820,29570.0,29573.5,29565.25,29567.75,641
1788458880,29567.75,29574.5,29566.0,29571.25,422
1788458940,29571.25,29577.25,29569.5,29574.75,639
1788459000,29574.25,29577.5,29572.75,29575.75,396
1788459060,29575.0,29578.75,29570.5,29573.75,541
1788459120,29573.25,29575.5,29569.75,29569.75,354
1788459180,29570.25,29576.75,29569.5,29574.5,649
1788459240,29574.75,29577.0,29572.5,29573.5,393
1788459300,29573.75,29583.25,29573.0,29583.0,977
1788459360,29583.5,29583.5,29577.25,29580.25,608
1788459420,29580.5,29584.25,29579.0,29583.0,511
1788459480,29583.0,29583.5,29574.5,29575.0,377
1788459540,29574.75,29576.0,29567.75,29571.5,737
1788459600,29571.5,29575.0,29568.75,29573.0,457
1788459660,29572.25,29575.75,29570.0,29572.25,388
1788459720,29572.25,29574.5,29571.25,29571.25,281
1788459780,29571.25,29572.5,29565.0,29565.0,522
1788459840,29565.0,29573.0,29564.75,29573.0,572
1788459900,29572.75,29577.25,29570.0,29574.75,517
1788459960,29575.25,29578.75,29569.25,29570.25,424
1788460020,29570.0,29570.75,29566.5,29568.5,390
1788460080,29568.5,29573.75,29567.5,29571.5,297
1788460140,29571.5,29573.5,29569.0,29570.5,227
1788460200,29571.0,29574.0,29565.5,29573.0,520
1788460260,29572.25,29572.25,29564.0,29566.75,423
1788460320,29566.5,29571.0,29565.5,29566.5,358
1788460380,29566.5,29576.75,29566.0,29576.5,422
1788460440,29576.25,29578.0,29573.0,29576.5,394
1788460500,29576.75,29580.0,29571.5,29574.75,386
1788460560,29574.0,29575.5,29570.25,29571.75,329
1788460620,29572.0,29574.0,29570.25,29573.0,211
1788460680,29573.25,29577.5,29573.25,29574.25,225
1788460740,29573.75,29578.5,29573.75,29575.5,243
1788460800,29575.25,29576.5,29567.25,29568.5,350
1788460860,29568.5,29571.5,29567.0,29567.5,242
1788460920,29568.25,29569.25,29561.75,29566.5,601
1788460980,29566.5,29566.5,29560.0,29564.75,455
1788461040,29564.25,29566.0,29559.5,29560.5,466
1788461100,29560.75,29566.0,29559.5,29565.25,398
1788461160,29565.75,29569.5,29565.0,29566.0,353
1788461220,29566.0,29572.0,29565.0,29570.75,371
1788461280,29570.5,29572.0,29566.0,29567.0,337
1788461340,29567.0,29576.25,29564.75,29576.25,390
1788461400,29576.0,29581.0,29572.75,29573.0,565
1788461460,29573.25,29574.0,29567.0,29568.5,491
1788461520,29569.0,29570.5,29564.5,29567.5,466
1788461580,29567.0,29570.25,29566.25,29569.75,262
1788461640,29569.5,29571.5,29566.75,29569.75,421
1788461700,29569.5,29569.75,29561.5,29563.5,613
1788461760,29563.5,29565.0,29561.75,29563.75,336
1788461820,29563.75,29565.0,29560.5,29561.5,390
1788461880,29561.5,29566.0,29561.25,29565.75,352
1788461940,29565.25,29569.25,29565.25,29568.25,376
1788462000,29568.25,29570.5,29553.25,29556.25,730
1788462060,29556.0,29558.0,29553.25,29558.0,502
1788462120,29557.5,29559.75,29552.0,29555.25,424
1788462180,29555.25,29559.5,29553.25,29553.75,364
1788462240,29554.25,29557.75,29552.25,29557.0,324
1788462300,29557.25,29561.0,29553.5,29556.5,432
1788462360,29556.5,29558.0,29553.0,29556.0,239
1788462420,29556.0,29557.5,29554.0,29554.0,261
1788462480,29553.75,29555.25,29546.75,29552.75,658
1788462540,29551.75,29552.25,29547.75,29548.25,302
1788462600,29548.5,29552.5,29547.5,29551.25,332
1788462660,29550.75,29550.75,29543.5,29544.25,476
1788462720,29544.25,29546.25,29541.75,29544.5,416
1788462780,29544.5,29544.75,29538.0,29539.25,685
1788462840,29539.5,29539.75,29532.75,29538.25,745
1788462900,29538.25,29541.5,29533.0,29539.0,860
1788462960,29538.5,29539.75,29532.75,29533.25,490
1788463020,29533.5,29538.0,29530.5,29535.5,556
1788463080,29535.5,29538.0,29530.75,29536.5,373
1788463140,29536.75,29543.0,29535.0,29543.0,602
1788463200,29543.0,29543.5,29531.75,29537.5,1088
1788463260,29537.5,29543.5,29532.5,29538.5,571
1788463320,29538.5,29539.75,29535.75,29536.75,401
1788463380,29536.75,29540.0,29533.5,29534.75,585
1788463440,29535.0,29535.5,29526.5,29530.5,826
1788463500,29530.75,29532.75,29528.25,29532.25,475
1788463560,29532.5,29536.75,29527.75,29534.25,515
1788463620,29534.75,29537.0,29529.0,29531.0,413
1788463680,29531.25,29531.5,29526.0,29530.25,439
1788463740,29531.0,29535.5,29530.0,29533.25,483
1788463800,29533.25,29539.5,29530.25,29532.25,1113
1788463860,29532.75,29539.5,29532.75,29536.25,445
1788463920,29536.0,29536.75,29531.5,29532.25,495
1788463980,29532.0,29533.5,29528.25,29529.5,524
1788464040,29529.5,29530.25,29523.75,29525.75,630
1788464100,29526.25,29533.25,29525.5,29528.75,582
1788464160,29529.25,29534.25,29527.0,29531.5,477
1788464220,29531.5,29536.75,29529.0,29535.25,457
1788464280,29535.5,29535.75,29530.0,29531.25,407
1788464340,29531.75,29534.75,29529.25,29531.75,332
1788464400,29532.0,29540.0,29531.0,29534.25,665
1788464460,29534.75,29534.75,29526.5,29526.5,708
1788464520,29526.25,29530.5,29521.75,29527.0,583
1788464580,29527.5,29528.25,29522.25,29525.75,619
1788464640,29526.25,29528.75,29523.75,29524.0,354
1788464700,29524.25,29536.0,29523.75,29536.0,746
1788464760,29535.5,29536.0,29526.25,29526.5,543
1788464820,29527.0,29528.5,29522.5,29523.0,563
1788464880,29523.5,29524.0,29515.5,29523.25,732
1788464940,29523.25,29523.5,29516.75,29521.5,656
1788465000,29520.75,29527.0,29517.0,29519.5,1177
1788465060,29519.25,29520.0,29509.75,29517.25,955
1788465120,29516.75,29523.0,29512.0,29512.25,1012
1788465180,29512.75,29518.25,29510.75,29511.75,866
1788465240,29511.5,29528.75,29509.75,29526.0,1917
1788465300,29526.0,29527.25,29509.25,29515.5,1765
1788465360,29515.5,29516.75,29511.0,29516.5,1228
1788465420,29516.5,29524.75,29516.25,29522.75,1566
1788465480,29523.5,29524.5,29509.75,29516.75,2075
1788465540,29516.75,29536.25,29512.0,29530.75,9570
1788465600,29530.75,29536.25,29507.0,29508.0,2972
1788465660,29508.5,29513.5,29507.5,29512.0,815
1788465720,29512.25,29520.5,29511.5,29515.0,551
1788465780,29515.25,29516.0,29510.5,29515.0,238
1788465840,29515.5,29517.25,29512.5,29514.75,312
1788465900,29514.5,29517.5,29510.5,29511.5,333
1788465960,29511.75,29515.25,29510.5,29514.0,291
1788466020,29513.75,29519.0,29513.25,29517.0,266
1788466080,29517.25,29522.0,29517.25,29521.5,195
1788466140,29521.5,29523.25,29518.0,29518.0,187
1788466200,29518.75,29520.75,29517.25,29519.5,173
1788466260,29519.5,29519.75,29513.75,29514.25,136
1788466320,29514.25,29518.5,29514.25,29516.5,109
1788466380,29516.5,29520.75,29516.25,29519.5,128
1788466440,29518.75,29522.0,29518.5,29521.25,312
1788466500,29521.5,29522.0,29518.0,29520.5,159
1788466560,29520.25,29521.25,29515.75,29517.5,143
1788466620,29517.25,29518.75,29516.75,29516.75,73
1788466680,29517.5,29518.0,29515.0,29516.75,107
1788466740,29515.5,29515.5,29511.0,29512.0,204
1788466800,29512.25,29512.75,29509.5,29510.25,125
1788466860,29510.0,29511.5,29508.0,29510.5,138
1788466920,29510.75,29511.25,29510.0,29511.25,51
1788466980,29511.25,29511.25,29509.0,29509.0,47
1788467040,29509.5,29511.0,29505.0,29505.25,152
1788467100,29506.0,29509.5,29505.5,29509.0,109
1788467160,29509.5,29511.75,29507.75,29511.25,68
1788467220,29511.0,29512.0,29509.25,29509.75,75
1788467280,29509.25,29510.25,29508.5,29509.25,33
1788467340,29509.5,29511.0,29509.0,29510.25,51
1788467400,29510.25,29510.25,29508.0,29509.5,65
1788467460,29509.75,29512.75,29509.75,29512.5,56
1788467520,29512.25,29513.0,29511.75,29513.0,37
1788467580,29513.0,29515.75,29512.25,29515.75,141
1788467640,29515.25,29516.0,29514.0,29514.5,38
1788467700,29514.0,29516.0,29513.5,29515.25,39
1788467760,29515.0,29516.5,29514.0,29514.75,41
1788467820,29514.75,29516.75,29514.75,29516.5,53
1788467880,29516.0,29516.0,29514.0,29514.5,48
1788467940,29514.75,29514.75,29511.0,29512.0,106
1788468000,29511.5,29512.75,29510.25,29512.25,68
1788468060,29512.0,29512.75,29511.25,29511.5,45
1788468120,29511.75,29513.5,29511.0,29513.0,69
1788468180,29512.75,29513.0,29510.5,29512.5,54
1788468240,29513.0,29513.0,29510.5,29510.75,69
1788468300,29511.25,29512.75,29509.5,29511.0,110
1788468360,29512.0,29512.0,29507.5,29508.25,67
1788468420,29509.0,29510.25,29507.75,29510.0,80
1788468480,29509.25,29510.5,29507.0,29508.5,90
1788468540,29508.75,29510.25,29507.25,29510.25,114
1788468600,29509.75,29510.0,29505.5,29506.5,85
1788468660,29506.75,29506.75,29502.0,29506.0,155
1788468720,29506.25,29506.25,29499.5,29500.25,98
1788468780,29500.5,29503.25,29500.5,29502.5,85
1788468840,29502.75,29502.75,29499.25,29501.5,100
1788468900,29502.0,29503.75,29501.0,29502.25,111
1788468960,29502.75,29505.25,29502.75,29504.25,31
1788469020,29503.75,29504.25,29502.25,29504.25,41
1788469080,29502.75,29506.75,29502.75,29505.25,52
1788469140,29505.25,29507.75,29501.5,29502.25,187
1788472800,29505.0,29509.0,29495.25,29496.5,0
1788472860,29497.5,29501.25,29484.0,29491.75,262
1788472920,29492.0,29492.5,29486.25,29486.25,85
1788472980,29487.25,29497.0,29487.25,29492.75,140
1788473040,29492.75,29495.5,29491.5,29494.25,44
1788473100,29494.0,29496.75,29492.25,29494.75,61
1788473160,29493.25,29495.75,29489.25,29495.0,72
1788473220,29494.75,29494.75,29490.25,29493.0,32
1788473280,29492.0,29492.0,29488.75,29490.25,26
1788473340,29488.75,29490.25,29485.25,29487.0,58
1788473400,29485.75,29488.5,29482.0,29484.5,106
1788473460,29484.0,29488.0,29482.75,29486.75,60
1788473520,29487.75,29488.75,29486.0,29487.25,49
1788473580,29488.25,29489.0,29487.0,29487.75,25
1788473640,29487.0,29489.0,29485.0,29485.25,50
1788473700,29485.5,29491.75,29484.75,29489.0,103
1788473760,29489.5,29491.5,29488.5,29490.5,29
1788473820,29491.0,29496.0,29491.0,29494.5,83
1788473880,29494.25,29495.5,29491.75,29492.75,52
1788473940,29492.0,29492.0,29490.0,29491.25,23
1788474000,29492.25,29492.5,29488.25,29489.25,35
1788474060,29491.0,29493.0,29490.75,29492.0,22
1788474120,29491.75,29493.75,29491.75,29493.75,22
1788474180,29494.0,29494.75,29493.25,29494.0,17
1788474240,29493.25,29493.25,29489.25,29489.5,43
1788474300,29490.0,29491.5,29485.5,29488.75,77
1788474360,29488.0,29490.75,29487.5,29489.75,101
1788474420,29490.5,29490.75,29490.25,29490.25,4
1788474480,29489.25,29489.5,29488.5,29489.25,9
1788474540,29489.75,29491.75,29489.5,29490.0,21
1788474600,29491.0,29494.25,29490.0,29490.0,42
1788474660,29490.5,29494.0,29490.5,29492.75,46
1788474720,29492.25,29494.0,29492.25,29493.5,17
1788474780,29494.5,29495.75,29493.75,29494.5,46
1788474840,29494.25,29496.75,29493.0,29496.5,26
1788474900,29496.75,29498.5,29496.5,29497.5,34
1788474960,29497.25,29497.25,29495.25,29495.25,19
1788475020,29495.25,29495.75,29494.5,29495.0,22
1788475080,29495.5,29495.5,29493.75,29495.25,13
1788475140,29495.0,29495.0,29492.5,29494.0,24
1788475200,29493.5,29495.75,29492.75,29495.25,23
1788475260,29495.25,29495.25,29491.5,29491.5,66
1788475320,29492.25,29493.0,29490.75,29492.0,24
1788475380,29492.75,29495.0,29492.75,29494.75,31
1788475440,29494.25,29494.75,29493.75,29494.25,9
1788475500,29495.75,29497.0,29495.75,29496.0,40
1788475560,29496.5,29499.5,29493.5,29495.25,76
1788475620,29495.75,29497.25,29495.25,29497.25,51
1788475680,29496.0,29496.5,29495.25,29495.25,14
1788475740,29495.25,29497.5,29495.0,29496.25,26
1788475800,29497.0,29497.75,29496.5,29497.0,15
1788475860,29497.5,29499.0,29497.0,29499.0,19
1788475920,29499.25,29501.5,29497.5,29499.75,78
1788475980,29499.25,29502.75,29499.25,29500.0,42
1788476040,29499.75,29500.5,29499.0,29499.0,20
1788476100,29499.0,29501.75,29499.0,29500.25,51
1788476160,29501.0,29502.5,29500.75,29502.5,21
1788476220,29501.75,29504.5,29501.75,29503.0,65
1788476280,29502.75,29505.25,29501.75,29504.5,66
1788476340,29504.0,29512.75,29504.0,29508.75,217
1788476400,29508.25,29509.75,29505.25,29506.0,71
1788476460,29506.0,29507.75,29502.25,29507.75,40
1788476520,29507.5,29511.5,29507.5,29509.75,35
1788476580,29508.75,29511.25,29508.5,29510.0,37
1788476640,29510.25,29511.25,29507.25,29507.25,81
1788476700,29506.5,29510.5,29506.0,29508.5,71
1788476760,29508.25,29508.25,29501.25,29505.0,52
1788476820,29505.0,29510.0,29502.5,29510.0,37
1788476880,29510.0,29510.5,29507.0,29508.25,16
1788476940,29507.75,29511.0,29507.75,29510.75,38
1788477000,29510.0,29510.75,29507.75,29509.0,14
1788477060,29508.5,29509.5,29506.25,29506.25,14
1788477120,29507.0,29509.0,29506.5,29507.0,44
1788477180,29507.25,29507.5,29500.5,29502.0,75
1788477240,29502.5,29505.25,29502.5,29503.25,23
1788477300,29503.0,29503.5,29502.5,29502.75,8
1788477360,29502.5,29502.75,29500.5,29500.5,24
1788477420,29500.75,29502.5,29498.25,29501.75,63
1788477480,29502.75,29505.75,29502.25,29504.25,34
1788477540,29505.25,29506.5,29502.75,29506.0,75
1788477600,29505.75,29506.0,29503.5,29503.5,14
1788477660,29503.5,29504.75,29502.75,29502.75,14
1788477720,29502.5,29504.0,29502.25,29504.0,11
1788477780,29503.0,29507.0,29503.0,29503.75,31
1788477840,29503.75,29504.0,29501.75,29503.5,12
1788477900,29504.25,29505.75,29504.0,29505.5,10
1788477960,29505.75,29505.75,29504.0,29505.75,26
1788478020,29506.0,29508.75,29505.0,29508.0,29
1788478080,29508.75,29509.5,29506.25,29509.5,28
1788478140,29509.25,29509.25,29506.5,29507.25,21
1788478200,29507.0,29507.75,29501.25,29506.5,69
1788478260,29506.0,29507.25,29504.75,29506.75,15
1788478320,29506.0,29506.0,29504.0,29505.5,20
1788478380,29504.5,29504.75,29503.75,29503.75,13
1788478440,29504.0,29504.5,29503.5,29503.75,5
1788478500,29504.25,29504.5,29503.25,29503.25,8
1788478560,29504.25,29504.25,29503.0,29503.25,11
1788478620,29504.0,29504.0,29504.0,29504.0,2
1788478680,29504.0,29505.75,29502.75,29505.75,18
1788478740,29504.75,29505.25,29504.5,29504.75,10
1788478800,29505.0,29507.0,29505.0,29506.75,29
1788478860,29506.5,29508.0,29506.25,29506.25,11
1788478920,29508.0,29511.0,29507.0,29507.75,45
1788478980,29506.75,29506.75,29506.75,29506.75,3
1788479040,29506.75,29506.75,29505.0,29505.0,22
1788479100,29506.5,29513.25,29504.75,29510.0,157
1788479160,29510.25,29516.75,29510.0,29515.5,130
1788479220,29515.25,29515.25,29507.75,29507.75,76
1788479280,29507.0,29511.0,29507.0,29510.25,31
1788479340,29509.5,29511.5,29507.75,29510.75,25
1788479400,29511.25,29515.0,29510.75,29511.25,52
1788479460,29511.0,29513.25,29510.5,29511.5,18
1788479520,29511.25,29511.25,29507.25,29509.25,22
1788479580,29509.25,29509.5,29503.5,29503.5,71
1788479640,29506.25,29507.25,29502.75,29506.25,54
1788479700,29507.0,29513.0,29505.75,29509.25,78
1788479760,29508.5,29509.0,29507.25,29508.0,10
1788479820,29507.25,29507.5,29503.5,29505.5,24
1788479880,29504.75,29506.25,29504.5,29504.75,10
1788479940,29505.0,29505.5,29502.25,29504.0,44
1788480000,29503.75,29506.75,29495.0,29505.75,236
1788480060,29505.75,29510.0,29500.75,29502.5,119
1788480120,29505.75,29507.0,29502.5,29502.5,34
1788480180,29502.75,29502.75,29497.5,29499.5,78
1788480240,29499.25,29511.5,29499.25,29511.25,78
1788480300,29510.75,29513.25,29507.5,29510.25,111
1788480360,29509.0,29516.0,29508.25,29512.25,115
1788480420,29512.5,29520.5,29509.25,29520.5,121
1788480480,29519.25,29519.75,29515.5,29518.25,72
1788480540,29518.25,29519.0,29513.25,29513.5,96
1788480600,29512.5,29516.75,29509.25,29510.75,115
1788480660,29510.25,29519.25,29508.25,29516.0,108
1788480720,29515.5,29516.75,29514.0,29515.0,31
1788480780,29514.0,29516.5,29510.25,29511.75,114
1788480840,29512.0,29512.5,29507.0,29509.75,68
1788480900,29510.25,29512.5,29505.0,29509.25,115
1788480960,29509.5,29518.0,29508.75,29518.0,78
1788481020,29518.0,29520.5,29514.0,29515.25,113
1788481080,29515.75,29516.0,29509.5,29515.0,85
1788481140,29515.75,29520.5,29514.0,29519.0,100
1788481200,29519.5,29524.75,29518.75,29523.0,169
1788481260,29522.75,29523.5,29519.0,29520.5,57
1788481320,29520.25,29527.75,29520.0,29526.5,124
1788481380,29527.0,29527.75,29525.0,29525.5,80
1788481440,29525.25,29527.5,29524.25,29524.25,35
1788481500,29525.0,29525.75,29519.25,29520.5,108
1788481560,29521.25,29522.0,29514.5,29518.0,157
1788481620,29519.75,29524.5,29519.25,29523.75,68
1788481680,29523.75,29526.25,29522.0,29526.0,155
1788481740,29526.5,29529.0,29526.0,29527.5,105
1788481800,29527.75,29530.75,29527.25,29529.25,156
1788481860,29528.75,29531.75,29528.75,29529.5,63
1788481920,29529.5,29529.75,29522.75,29524.0,126
1788481980,29525.0,29527.0,29519.25,29520.75,135
1788482040,29521.5,29527.5,29521.5,29526.5,66
1788482100,29525.25,29525.25,29519.75,29520.5,53
1788482160,29521.5,29523.75,29521.5,29522.0,58
1788482220,29522.5,29524.0,29521.5,29522.25,32
1788482280,29522.75,29530.25,29522.5,29529.25,85
1788482340,29529.0,29530.5,29527.0,29529.75,61
1788482400,29528.75,29529.5,29527.5,29528.0,35
1788482460,29529.5,29531.25,29527.5,29529.75,61
1788482520,29529.5,29530.5,29529.0,29530.5,43
1788482580,29530.5,29533.5,29530.5,29532.25,123
1788482640,29531.0,29532.5,29528.5,29532.5,60
1788482700,29532.5,29538.75,29531.0,29536.5,194
1788482760,29536.25,29538.5,29535.5,29537.75,68
1788482820,29537.5,29537.5,29533.0,29534.75,37
1788482880,29534.75,29537.25,29533.25,29537.0,52
1788482940,29537.75,29542.25,29537.75,29539.75,134
1788483000,29539.25,29541.5,29538.5,29539.0,78
1788483060,29538.75,29540.25,29537.25,29538.75,32
1788483120,29538.75,29541.75,29538.25,29541.0,69
1788483180,29541.0,29541.75,29537.5,29537.5,43
1788483240,29539.0,29540.25,29537.75,29537.75,38
1788483300,29537.75,29538.0,29534.25,29534.25,69
1788483360,29534.0,29536.0,29530.75,29530.75,74
1788483420,29532.5,29534.25,29532.25,29533.5,56
1788483480,29533.75,29536.25,29532.0,29533.0,57
1788483540,29533.0,29534.0,29530.0,29530.75,45
1788483600,29530.0,29532.75,29527.5,29529.0,146
1788483660,29528.5,29530.0,29525.5,29526.25,106
1788483720,29527.0,29527.25,29518.5,29519.25,158
1788483780,29519.5,29528.0,29517.75,29524.25,168
1788483840,29524.5,29527.5,29524.5,29525.75,64
1788483900,29527.25,29529.5,29524.0,29528.5,61
1788483960,29528.25,29532.0,29526.25,29530.0,58
1788484020,29529.75,29531.25,29528.75,29529.75,59
1788484080,29529.5,29531.25,29524.75,29526.75,30
1788484140,29527.0,29529.5,29524.75,29526.75,44
1788484200,29526.0,29527.5,29521.5,29525.25,94
1788484260,29524.0,29528.75,29524.0,29527.0,23
1788484320,29525.0,29528.25,29523.5,29527.5,51
1788484380,29528.0,29529.25,29520.75,29523.0,107
1788484440,29524.0,29524.25,29522.5,29522.75,29
1788484500,29523.0,29524.0,29521.0,29523.5,48
1788484560,29521.5,29522.0,29516.25,29520.5,125
1788484620,29520.5,29525.75,29519.25,29524.75,74
1788484680,29524.5,29528.25,29523.25,29526.5,76
1788484740,29526.0,29528.25,29526.0,29526.25,43
1788484800,29526.75,29537.75,29526.75,29537.0,137
1788484860,29537.5,29539.5,29533.25,29537.0,175
1788484920,29536.5,29541.25,29536.5,29539.75,112
1788484980,29539.75,29542.5,29538.0,29540.0,75
1788485040,29540.25,29541.0,29538.5,29540.0,183
1788485100,29539.5,29541.5,29539.0,29541.0,36
1788485160,29541.75,29542.75,29536.0,29536.25,119
1788485220,29537.0,29538.5,29532.25,29536.0,113
1788485280,29536.25,29542.75,29535.75,29539.5,97
1788485340,29538.75,29541.5,29533.25,29540.75,64
1788485400,29539.5,29542.0,29538.5,29541.5,62
1788485460,29541.75,29545.25,29540.0,29543.25,98
1788485520,29543.0,29543.0,29537.0,29541.5,35
1788485580,29543.25,29544.0,29540.5,29542.0,34
1788485640,29540.75,29543.0,29538.0,29542.0,44
1788485700,29542.0,29542.0,29538.25,29538.5,38
1788485760,29538.75,29542.0,29538.25,29542.0,44
1788485820,29542.75,29547.75,29540.5,29540.5,192
1788485880,29540.5,29541.25,29536.5,29540.0,71
1788485940,29539.0,29540.5,29537.25,29537.5,33
1788486000,29538.25,29542.0,29538.0,29539.75,97
1788486060,29539.5,29540.25,29538.25,29538.75,23
1788486120,29539.25,29542.0,29538.75,29539.25,35
1788486180,29539.0,29539.75,29534.5,29539.75,101
1788486240,29539.25,29546.5,29538.25,29545.0,58
1788486300,29545.25,29546.0,29536.0,29538.0,98
1788486360,29538.0,29540.0,29536.5,29536.75,45
1788486420,29536.25,29539.0,29535.5,29538.25,41
1788486480,29537.25,29538.0,29534.0,29535.25,82
1788486540,29535.5,29536.25,29531.75,29532.0,54
1788486600,29532.25,29532.75,29526.25,29529.5,201
1788486660,29531.0,29531.5,29527.5,29528.0,79
1788486720,29528.25,29532.5,29527.25,29531.75,95
1788486780,29531.5,29538.0,29529.25,29535.0,96
1788486840,29534.0,29534.0,29528.0,29528.25,66
1788486900,29527.5,29531.0,29523.25,29530.5,158
1788486960,29531.25,29538.25,29531.25,29537.75,74
1788487020,29538.5,29543.5,29536.5,29542.5,118
1788487080,29542.75,29548.75,29542.0,29546.75,179
1788487140,29547.25,29548.75,29545.5,29548.0,68
1788487200,29547.75,29548.25,29544.25,29545.5,60
1788487260,29546.25,29546.75,29537.25,29540.5,101
1788487320,29540.5,29545.0,29540.5,29544.25,34
1788487380,29545.0,29547.75,29543.5,29543.5,47
1788487440,29541.75,29541.75,29539.0,29539.0,29
1788487500,29539.25,29546.25,29539.25,29545.5,41
1788487560,29544.5,29545.0,29542.0,29545.0,27
1788487620,29544.0,29545.25,29543.25,29544.0,14
1788487680,29544.0,29545.5,29542.5,29542.5,27
1788487740,29542.0,29547.5,29541.75,29545.75,41
1788487800,29546.0,29547.75,29544.5,29545.25,41
1788487860,29545.75,29550.0,29544.75,29548.5,99
1788487920,29549.25,29553.25,29549.25,29550.25,182
1788487980,29549.75,29549.75,29546.0,29548.75,47
1788488040,29548.0,29551.25,29547.25,29550.25,41
1788488100,29549.0,29549.75,29549.0,29549.75,13
1788488160,29550.25,29551.0,29548.0,29549.5,29
1788488220,29550.0,29551.25,29548.0,29550.75,18
1788488280,29551.0,29551.25,29547.5,29550.5,23
1788488340,29549.75,29551.0,29549.25,29551.0,19
1788488400,29549.75,29550.25,29547.0,29549.5,24
1788488460,29550.0,29553.0,29549.5,29551.75,42
1788488520,29551.0,29552.0,29550.5,29551.0,32
1788488580,29550.75,29553.75,29550.75,29552.25,54
1788488640,29553.5,29555.75,29553.5,29555.0,113
1788488700,29554.25,29556.25,29552.75,29555.0,59
1788488760,29554.5,29556.25,29553.25,29556.25,15
1788488820,29556.25,29556.25,29553.5,29554.25,35
1788488880,29553.25,29554.25,29553.0,29553.5,24
1788488940,29554.25,29555.0,29552.75,29555.0,37
1788489000,29555.75,29566.0,29555.75,29564.25,297
1788489060,29564.5,29566.5,29558.75,29559.0,134
1788489120,29560.0,29561.75,29559.0,29561.75,70
1788489180,29562.25,29562.5,29558.75,29560.25,39
1788489240,29559.25,29560.0,29549.75,29549.75,112
1788489300,29549.0,29551.75,29544.0,29548.5,204
1788489360,29550.5,29552.5,29548.75,29551.5,148
1788489420,29550.75,29552.0,29549.25,29549.75,82
1788489480,29550.25,29551.75,29548.5,29549.25,38
1788489540,29550.5,29552.25,29549.75,29552.25,25
1788489600,29551.25,29553.5,29551.0,29553.5,29
1788489660,29553.5,29554.25,29552.25,29554.0,26
1788489720,29554.5,29554.5,29552.0,29553.0,14
1788489780,29553.25,29554.75,29551.75,29553.25,30
1788489840,29552.5,29552.75,29545.75,29546.5,59
1788489900,29546.5,29547.75,29545.25,29546.25,63
1788489960,29546.75,29553.5,29545.75,29553.25,57
1788490020,29553.5,29556.25,29550.0,29553.75,105
1788490080,29554.0,29559.0,29554.0,29557.25,96
1788490140,29557.0,29560.5,29555.5,29559.0,83
1788490200,29558.0,29562.75,29556.0,29560.0,101
1788490260,29560.0,29564.5,29558.5,29563.0,98
1788490320,29563.0,29565.25,29562.75,29563.25,42
1788490380,29563.25,29564.75,29563.25,29564.0,38
1788490440,29564.75,29568.0,29563.75,29565.5,89
1788490500,29566.0,29566.0,29563.75,29564.75,55
1788490560,29564.0,29565.75,29563.0,29563.5,65
1788490620,29564.5,29564.75,29561.5,29563.0,40
1788490680,29563.0,29563.5,29562.25,29562.75,22
1788490740,29563.0,29564.75,29562.75,29564.5,25
1788490800,29563.25,29565.75,29562.25,29564.25,42
1788490860,29563.5,29565.25,29561.75,29565.0,29
1788490920,29565.75,29566.5,29564.75,29565.0,42
1788490980,29565.0,29565.5,29563.75,29565.0,20
1788491040,29564.5,29564.5,29560.0,29562.75,48
1788491100,29562.75,29564.0,29562.0,29563.0,16
1788491160,29564.0,29565.0,29562.25,29562.75,18
1788491220,29563.0,29563.0,29561.0,29562.0,18
1788491280,29562.0,29563.25,29561.75,29563.0,18
1788491340,29561.5,29563.0,29561.25,29563.0,8
1788491400,29562.75,29563.25,29558.0,29560.5,92
1788491460,29560.5,29560.5,29557.25,29558.0,39
1788491520,29557.5,29560.0,29557.5,29559.25,32
1788491580,29559.25,29560.25,29558.75,29560.25,35
1788491640,29560.5,29561.75,29559.0,29560.5,47
1788491700,29560.25,29565.25,29559.75,29565.25,48
1788491760,29565.5,29568.75,29563.5,29567.75,91
1788491820,29568.0,29568.0,29566.5,29566.75,25
1788491880,29566.5,29568.25,29566.5,29567.0,26
1788491940,29568.25,29577.5,29567.5,29576.25,325
1788492000,29576.25,29578.0,29574.5,29576.25,81
1788492060,29576.0,29578.25,29575.25,29575.25,50
1788492120,29575.5,29576.25,29571.75,29573.25,124
1788492180,29572.75,29573.5,29571.25,29571.75,32
1788492240,29571.0,29571.0,29563.0,29566.0,130
1788492300,29565.75,29566.75,29564.75,29565.75,34
1788492360,29566.0,29570.25,29565.75,29570.25,77
1788492420,29569.75,29571.0,29568.25,29568.5,43
1788492480,29569.0,29569.25,29566.75,29568.25,42
1788492540,29567.75,29570.0,29567.75,29569.0,19
1788492600,29569.5,29571.0,29568.5,29570.75,37
1788492660,29571.5,29576.75,29571.5,29575.5,175
1788492720,29576.75,29576.75,29572.5,29575.0,32
1788492780,29575.25,29576.25,29573.75,29573.75,22
1788492840,29574.0,29577.25,29573.75,29576.25,30
1788492900,29575.75,29578.25,29574.75,29578.25,32
1788492960,29576.75,29578.75,29576.0,29577.25,62
1788493020,29577.5,29578.5,29576.0,29577.75,28
1788493080,29576.75,29577.75,29576.25,29576.25,32
1788493140,29576.5,29578.75,29576.5,29577.0,30
1788493200,29577.0,29578.25,29576.5,29576.5,23
1788493260,29577.25,29577.5,29574.0,29574.75,29
1788493320,29574.75,29575.0,29573.75,29574.0,24
1788493380,29574.0,29574.5,29571.5,29571.5,42
1788493440,29572.0,29572.5,29566.75,29568.5,85
1788493500,29567.5,29569.75,29565.25,29567.0,59
1788493560,29566.25,29566.25,29564.0,29564.0,39
1788493620,29564.5,29566.0,29563.75,29565.5,39
1788493680,29564.5,29566.25,29564.0,29566.0,33
1788493740,29567.0,29571.75,29567.0,29570.75,114
1788493800,29570.75,29572.75,29569.75,29572.25,30
1788493860,29572.75,29572.75,29569.25,29569.75,33
1788493920,29569.5,29570.5,29568.75,29569.25,16
1788493980,29569.0,29571.5,29568.5,29571.5,15
1788494040,29571.5,29571.75,29570.25,29570.75,10
1788494100,29571.25,29571.5,29569.5,29570.0,6
1788494160,29571.0,29572.75,29570.75,29572.0,15
1788494220,29572.75,29572.75,29571.75,29572.25,10
1788494280,29572.0,29573.25,29570.75,29571.5,30
1788494940,29564.25,29565.5,29563.25,29565.5,17
1788495000,29566.5,29568.75,29563.0,29563.75,82
1788495060,29565.0,29566.5,29565.0,29566.0,16
1788495120,29566.25,29570.25,29566.0,29570.0,40
1788495180,29570.25,29575.5,29570.25,29575.0,100
1788495240,29575.75,29577.75,29574.75,29575.5,51
1788495300,29576.0,29576.5,29571.0,29573.5,50
1788495360,29573.25,29574.25,29572.75,29573.25,33
1788495420,29573.0,29573.0,29568.25,29569.25,59
1788495480,29569.5,29570.25,29568.0,29570.25,19
1788495540,29569.75,29569.75,29567.5,29568.25,23
1788495600,29568.25,29571.25,29567.5,29571.25,24
1788495660,29571.5,29576.5,29571.5,29576.0,53
1788495720,29576.0,29577.5,29574.25,29577.25,45
1788495780,29576.5,29577.25,29575.75,29576.5,18
1788495840,29575.75,29588.0,29575.0,29583.25,256
1788495900,29582.5,29582.5,29578.75,29581.0,68
1788495960,29581.0,29583.5,29579.25,29582.75,58
1788496020,29582.5,29595.0,29582.25,29590.5,312
1788496080,29590.75,29594.0,29589.75,29591.5,183
1788496140,29592.0,29594.5,29592.0,29593.0,69
1788496200,29592.25,29595.0,29591.0,29594.0,68
1788496260,29594.0,29598.5,29593.25,29596.0,115
1788496320,29595.5,29597.25,29592.25,29592.75,57
1788496380,29594.5,29595.0,29593.75,29594.5,12
1788496440,29593.75,29601.25,29592.25,29600.25,195
1788496500,29599.5,29600.0,29596.0,29596.0,65
1788496560,29596.0,29599.25,29596.0,29597.75,63
1788496620,29598.25,29598.25,29596.5,29597.0,16
1788496680,29596.75,29597.0,29589.0,29589.75,129
1788496740,29589.25,29589.5,29587.5,29587.5,43
1788496800,29588.0,29589.0,29585.5,29586.75,49
1788496860,29586.75,29589.0,29586.0,29588.75,32
1788496920,29588.0,29588.25,29585.0,29586.25,30
1788496980,29585.75,29587.5,29585.75,29586.0,22
1788497040,29586.5,29588.25,29586.25,29588.0,22
1788497100,29588.5,29589.75,29586.5,29588.75,44
1788497160,29588.5,29590.5,29586.25,29587.25,40
1788497220,29586.5,29587.25,29585.0,29585.25,36
1788497280,29585.5,29587.0,29583.75,29585.0,39
1788497340,29585.25,29585.5,29583.5,29583.75,27
1788497400,29583.5,29587.75,29583.25,29587.75,48
1788497460,29587.0,29587.0,29585.75,29586.0,22
1788497520,29586.0,29587.75,29585.25,29586.75,22
1788497580,29588.0,29588.0,29586.5,29586.5,21
1788497640,29588.25,29588.75,29586.25,29586.25,17
1788497700,29587.75,29591.0,29586.25,29591.0,52
1788497760,29590.75,29594.5,29590.0,29591.75,100
1788497820,29592.5,29594.25,29591.75,29592.75,48
1788497880,29593.75,29597.5,29593.5,29597.25,68
1788497940,29597.25,29599.75,29597.0,29598.25,45
1788498000,29597.5,29599.25,29593.75,29596.25,105
1788498060,29597.0,29599.0,29594.75,29595.0,52
1788498120,29596.5,29599.0,29596.5,29599.0,29
1788498180,29597.75,29599.75,29596.25,29599.25,35
1788498240,29599.25,29603.0,29598.5,29599.5,221
1788498300,29600.0,29602.5,29599.0,29601.5,60
1788498360,29602.25,29606.25,29601.75,29606.0,133
1788498420,29606.25,29612.0,29606.0,29609.5,200
1788498480,29609.75,29616.0,29608.0,29613.75,202
1788498540,29613.5,29615.0,29610.25,29611.75,69
1788498600,29611.0,29613.0,29608.5,29610.75,69
1788498660,29609.75,29613.5,29609.75,29613.5,40
1788498720,29614.0,29618.25,29614.0,29617.25,81
1788498780,29616.5,29620.5,29615.75,29618.75,132
1788498840,29619.25,29623.5,29619.0,29621.5,114
1788498900,29621.0,29623.75,29620.5,29623.0,91
1788498960,29623.0,29625.25,29622.5,29624.75,130
1788499020,29624.5,29632.25,29623.75,29631.75,252
1788499080,29631.75,29639.0,29631.75,29637.0,209
1788499140,29637.25,29643.0,29636.5,29641.25,207
1788499200,29641.5,29643.0,29636.5,29637.5,164
1788499260,29637.0,29639.75,29632.75,29636.0,146
1788499320,29637.0,29639.0,29635.0,29638.0,77
1788499380,29638.0,29638.25,29630.5,29633.75,125
1788499440,29633.5,29636.75,29632.5,29635.75,61
1788499500,29635.75,29639.0,29632.75,29632.75,42
1788499560,29634.0,29635.0,29632.5,29633.25,34
1788499620,29632.25,29632.25,29624.75,29625.75,94
1788499680,29625.5,29626.0,29622.0,29622.5,139
1788499740,29623.5,29625.75,29620.25,29622.75,79
1788499800,29622.0,29624.25,29617.25,29618.5,147
1788499860,29618.0,29623.0,29618.0,29620.75,46
1788499920,29621.25,29622.75,29619.0,29622.0,40
1788499980,29622.5,29625.25,29622.0,29623.5,63
1788500040,29623.25,29624.5,29621.25,29622.75,35
1788500100,29622.75,29622.75,29618.5,29618.75,56
1788500160,29620.0,29620.25,29613.5,29615.5,90
1788500220,29615.75,29617.75,29615.25,29616.75,103
1788500280,29616.75,29621.0,29616.75,29619.75,76
1788500340,29619.0,29620.0,29616.5,29618.5,61
1788500400,29618.25,29620.0,29612.75,29613.5,125
1788500460,29614.25,29615.75,29612.0,29612.0,92
1788500520,29611.5,29612.5,29609.5,29609.75,62
1788500580,29610.5,29611.0,29605.5,29607.75,137
1788500640,29607.25,29608.75,29607.0,29608.5,30
1788500700,29609.25,29611.5,29609.25,29610.0,36
1788500760,29610.5,29613.0,29607.5,29608.25,51
1788500820,29609.0,29611.5,29606.0,29606.0,56
1788500880,29606.75,29607.25,29602.5,29602.75,91
1788500940,29602.5,29606.25,29600.0,29601.0,62
1788501000,29601.25,29601.25,29591.5,29594.25,219
1788501060,29595.5,29597.75,29594.75,29597.25,83
1788501120,29597.25,29599.0,29596.5,29598.0,104
1788501180,29598.0,29598.25,29595.0,29595.5,51
1788501240,29596.25,29601.0,29596.25,29600.0,98
1788501300,29599.75,29606.5,29597.25,29605.5,160
1788501360,29605.5,29616.25,29605.25,29615.25,267
1788501420,29615.25,29619.75,29613.25,29619.25,137
1788501480,29618.25,29620.25,29617.5,29620.25,69
1788501540,29620.0,29622.0,29617.5,29620.75,124
1788501600,29620.25,29629.75,29617.0,29622.25,325
1788501660,29622.75,29628.75,29622.75,29624.75,116
1788501720,29624.25,29634.5,29623.75,29633.25,180
1788501780,29633.75,29634.5,29626.25,29626.5,120
1788501840,29625.75,29626.25,29618.75,29625.5,124
1788501900,29624.5,29624.75,29621.75,29623.5,71
1788501960,29624.25,29627.5,29623.5,29625.75,72
1788502020,29625.0,29628.5,29624.0,29628.5,68
1788502080,29628.75,29630.75,29626.5,29629.5,106
1788502140,29630.25,29631.75,29626.0,29629.5,59
1788502200,29629.0,29636.0,29626.0,29631.5,219
1788502260,29632.25,29640.25,29632.25,29640.25,137
1788502320,29640.5,29643.75,29639.5,29643.5,99
1788502380,29643.0,29643.0,29636.5,29639.5,148
1788502440,29637.75,29642.25,29637.75,29642.25,50
1788502500,29641.75,29642.0,29635.0,29638.25,119
1788502560,29638.0,29638.25,29627.5,29627.5,96
1788502620,29628.25,29629.0,29622.5,29623.5,80
1788502680,29623.75,29631.0,29623.0,29629.5,87
1788502740,29630.0,29632.0,29627.0,29630.75,62
1788502800,29631.0,29640.0,29629.5,29640.0,89
1788502860,29639.0,29639.0,29633.5,29638.5,108
1788502920,29638.75,29642.25,29631.5,29636.25,173
1788502980,29637.0,29638.5,29633.75,29634.25,85
1788503040,29634.25,29634.25,29630.5,29633.25,88
1788503100,29633.25,29635.0,29632.5,29633.5,56
1788503160,29633.5,29635.75,29631.75,29631.75,70
1788503220,29632.0,29640.0,29631.25,29638.0,80
1788503280,29637.25,29637.25,29631.25,29632.25,56
1788503340,29631.5,29633.25,29629.0,29631.25,85
1788503400,29631.5,29631.5,29624.0,29629.25,101
1788503460,29629.75,29633.0,29623.0,29624.75,67
1788503520,29625.25,29625.25,29619.0,29619.0,63
1788503580,29619.5,29621.75,29615.75,29616.0,93
1788503640,29616.75,29616.75,29607.0,29607.75,152
1788503700,29608.5,29609.0,29599.5,29600.5,146
1788503760,29600.75,29601.75,29598.0,29600.75,130
1788503820,29600.25,29602.0,29598.25,29599.0,77
1788503880,29599.75,29605.5,29599.75,29600.75,117
1788503940,29601.5,29606.75,29600.5,29600.5,81
1788504000,29601.75,29603.5,29595.75,29602.75,110
1788504060,29603.0,29605.5,29601.5,29605.25,69
1788504120,29605.25,29612.5,29605.0,29607.75,203
1788504180,29608.25,29612.75,29608.25,29610.0,55
1788504240,29611.0,29611.5,29601.5,29604.0,88
1788504300,29603.5,29604.0,29598.75,29599.0,34
1788504360,29598.5,29598.75,29593.5,29594.25,58
1788504420,29594.75,29597.75,29592.5,29596.0,66
1788504480,29595.5,29596.5,29592.25,29592.75,48
1788504540,29593.5,29595.0,29587.5,29591.25,114
1788504600,29590.5,29591.0,29585.75,29586.25,124
1788504660,29585.75,29588.0,29583.5,29584.25,83
1788504720,29584.75,29587.25,29581.0,29582.75,115
1788504780,29581.5,29582.75,29579.0,29581.25,74
1788504840,29580.25,29584.0,29578.5,29584.0,86
1788504900,29584.25,29584.75,29578.25,29578.25,90
1788504960,29578.25,29580.75,29576.0,29577.75,78
1788505020,29578.75,29580.5,29574.5,29577.0,68
1788505080,29577.75,29581.5,29577.5,29579.5,72
1788505140,29580.0,29580.0,29574.0,29576.75,86
1788505200,29577.75,29584.25,29575.25,29582.0,184
1788505260,29583.25,29587.25,29578.75,29587.25,113
1788505320,29586.5,29588.25,29582.5,29583.25,65
1788505380,29584.25,29586.25,29581.25,29583.25,66
1788505440,29583.25,29598.5,29582.5,29594.0,214
1788505500,29594.75,29595.25,29584.75,29593.75,131
1788505560,29592.5,29595.5,29589.5,29593.5,63
1788505620,29593.0,29596.75,29591.75,29596.75,81
1788505680,29596.75,29603.75,29596.5,29602.75,147
1788505740,29603.5,29604.75,29599.5,29604.75,97
1788505800,29604.0,29610.25,29603.75,29605.0,130
1788505860,29605.75,29617.0,29604.5,29616.0,145
1788505920,29616.0,29617.5,29608.75,29614.25,222
1788505980,29613.5,29617.0,29611.25,29616.5,62
1788506040,29617.5,29623.75,29617.0,29620.0,162
1788506100,29619.5,29621.0,29617.75,29619.5,64
1788506160,29620.0,29621.25,29607.25,29619.25,181
1788506220,29618.75,29619.0,29614.0,29616.25,51
1788506280,29616.75,29618.5,29612.75,29615.75,74
1788506340,29617.0,29619.5,29615.25,29617.0,66
1788506400,29619.0,29623.0,29616.25,29620.25,51
1788506460,29621.0,29622.75,29615.75,29617.25,47
1788506520,29617.0,29619.5,29614.5,29616.75,44
1788506580,29617.5,29618.75,29613.5,29615.25,37
1788506640,29615.25,29619.5,29615.0,29618.0,47
1788506700,29615.5,29615.5,29611.75,29611.75,41
1788506760,29611.75,29613.0,29609.25,29613.0,60
1788506820,29612.75,29633.75,29611.75,29632.25,205
1788506880,29631.75,29634.25,29630.75,29632.5,57
1788506940,29631.75,29637.25,29631.5,29636.25,53
1788507000,29635.75,29640.75,29634.0,29636.5,134
1788507060,29638.0,29642.75,29636.5,29641.5,76
1788507120,29641.25,29642.25,29636.0,29637.25,193
1788507180,29638.0,29646.75,29636.25,29643.5,291
1788507240,29644.0,29644.5,29641.75,29643.5,75
1788507300,29643.25,29646.0,29638.5,29640.5,111
1788507360,29640.0,29640.5,29631.0,29632.25,118
1788507420,29630.5,29631.75,29628.0,29631.75,66
1788507480,29631.75,29642.0,29629.25,29638.5,90
1788507540,29636.0,29639.25,29635.5,29639.25,43
1788507600,29639.0,29641.75,29636.25,29639.25,62
1788507660,29638.75,29644.0,29638.75,29643.25,80
1788507720,29643.5,29653.0,29642.5,29651.0,313
1788507780,29650.25,29651.5,29643.25,29644.75,67
1788507840,29645.0,29649.5,29645.0,29646.75,51
1788507900,29646.5,29650.5,29643.0,29649.0,87
1788507960,29649.25,29653.75,29649.0,29651.5,109
1788508020,29651.75,29658.0,29649.25,29656.25,130
1788508080,29655.75,29657.25,29652.75,29656.5,77
1788508140,29656.25,29658.25,29656.0,29657.75,93
1788508200,29656.75,29657.0,29652.75,29655.0,50
1788508260,29654.0,29657.75,29652.5,29654.25,65
1788508320,29654.0,29655.75,29652.25,29653.25,61
1788508380,29653.0,29655.5,29651.25,29655.5,75
1788508440,29655.25,29655.25,29647.0,29647.0,52
1788508500,29648.0,29651.5,29646.0,29646.5,47
1788508560,29645.5,29651.25,29641.25,29647.0,98
1788508620,29647.75,29648.0,29643.5,29644.75,45
1788508680,29645.0,29650.0,29645.0,29650.0,74
1788508740,29647.5,29654.5,29646.75,29652.25,57
1788508800,29653.75,29656.0,29644.75,29650.0,252
1788508860,29649.0,29655.0,29643.25,29649.25,142
1788508920,29648.25,29661.5,29635.5,29656.25,301
1788508980,29658.0,29663.0,29643.0,29643.0,245
1788509040,29643.25,29651.0,29638.75,29649.75,173
1788509100,29650.0,29657.25,29642.5,29657.25,210
1788509160,29656.0,29664.0,29654.25,29660.0,139
1788509220,29660.0,29669.25,29660.0,29667.25,227
1788509280,29668.0,29668.0,29662.0,29663.25,114
1788509340,29663.75,29668.25,29658.0,29658.0,105
1788509400,29659.0,29665.0,29658.5,29661.25,74
1788509460,29661.0,29667.0,29659.5,29663.5,156
1788509520,29663.5,29667.5,29652.25,29654.75,160
1788509580,29655.0,29655.5,29648.75,29652.5,120
1788509640,29651.25,29653.25,29648.0,29650.25,64
1788509700,29650.75,29655.75,29647.0,29647.25,90
1788509760,29649.25,29653.0,29648.5,29653.0,50
1788509820,29653.75,29656.5,29648.0,29649.25,67
1788509880,29650.0,29653.25,29646.75,29650.25,57
1788509940,29649.5,29654.0,29649.5,29653.25,38
1788510000,29654.0,29662.25,29651.5,29660.5,115
1788510060,29660.75,29664.75,29658.25,29661.0,78
1788510120,29657.25,29660.0,29650.25,29653.0,71
1788510180,29653.75,29658.75,29651.5,29652.0,55
1788510240,29652.0,29655.0,29645.0,29645.0,94
1788510300,29645.75,29655.0,29645.75,29655.0,57
1788510360,29655.5,29665.75,29653.25,29662.0,111
1788510420,29661.75,29672.0,29659.75,29669.5,137
1788510480,29669.75,29672.0,29668.25,29671.25,92
1788510540,29670.25,29672.0,29667.75,29668.5,92
1788510600,29670.0,29671.25,29667.0,29671.25,98
1788510660,29671.5,29673.0,29668.0,29668.25,38
1788510720,29668.75,29669.5,29659.0,29659.0,70
1788510780,29659.0,29664.25,29658.0,29659.0,104
1788510840,29658.25,29659.25,29654.75,29657.25,73
1788510900,29657.75,29659.0,29652.25,29652.25,41
1788510960,29652.5,29652.5,29645.75,29647.5,91
1788511020,29648.75,29649.5,29643.75,29644.75,54
1788511080,29645.0,29650.5,29645.0,29648.25,52
1788511140,29647.5,29653.5,29647.5,29649.25,71
1788511200,29649.5,29654.0,29647.0,29654.0,78
1788511260,29654.75,29657.5,29651.0,29652.25,94
1788511320,29652.0,29658.0,29652.0,29654.25,49
1788511380,29654.75,29657.75,29649.75,29652.75,64
1788511440,29653.0,29659.25,29653.0,29658.5,34
1788511500,29658.25,29658.25,29651.75,29656.75,55
1788511560,29657.75,29661.25,29656.25,29657.25,80
1788511620,29657.0,29660.75,29650.75,29651.5,113
1788511680,29652.0,29656.75,29652.0,29656.25,29
1788511740,29657.5,29657.5,29650.0,29651.0,43
1788511800,29650.0,29652.25,29647.0,29649.5,105
1788511860,29650.75,29653.5,29650.75,29653.5,32
1788511920,29656.0,29656.5,29651.0,29652.25,52
1788511980,29653.25,29654.75,29648.5,29653.75,44
1788512040,29655.0,29663.25,29654.5,29658.0,118
1788512100,29659.0,29660.5,29654.0,29656.25,77
1788512160,29657.0,29664.0,29656.75,29662.75,65
1788512220,29663.75,29664.75,29660.75,29663.5,42
1788512280,29663.25,29663.5,29655.25,29656.0,44
1788512340,29656.0,29658.75,29654.25,29658.5,55
1788512400,29657.5,29658.25,29651.0,29653.25,78
1788512460,29654.25,29654.25,29648.0,29650.5,56
1788512520,29651.0,29654.0,29650.0,29651.0,54
1788512580,29652.25,29653.5,29650.5,29650.5,36
1788512640,29650.0,29650.5,29645.25,29645.25,59
1788512700,29646.25,29648.25,29645.75,29648.25,42
1788512760,29647.0,29647.0,29641.0,29641.5,53
1788512820,29640.5,29653.25,29640.25,29645.5,201
1788512880,29646.5,29649.0,29641.5,29644.25,77
1788512940,29644.0,29644.0,29639.25,29642.0,58
1788513000,29643.5,29643.5,29640.25,29640.25,42
1788513060,29640.75,29644.0,29636.25,29636.5,93
1788513120,29637.25,29641.75,29634.75,29635.75,88
1788513180,29636.75,29636.75,29628.25,29630.5,140
1788513240,29630.5,29630.5,29625.25,29628.5,107
1788513300,29629.75,29630.75,29626.0,29628.5,98
1788513360,29628.5,29632.5,29627.5,29631.75,53
1788513420,29631.75,29634.5,29629.5,29634.0,55
1788513480,29634.0,29641.75,29630.0,29641.75,109
1788513540,29640.5,29642.5,29638.0,29641.5,96
1788513600,29641.5,29642.0,29629.5,29629.75,89
1788513660,29629.75,29632.25,29619.0,29620.75,157
1788513720,29621.5,29622.75,29616.5,29621.75,103
1788513780,29622.5,29624.25,29619.5,29624.25,71
1788513840,29623.75,29624.0,29620.0,29621.0,40
1788513900,29621.25,29622.5,29619.0,29620.5,30
1788513960,29619.5,29623.5,29619.5,29623.0,48
1788514020,29623.0,29628.0,29620.25,29628.0,52
1788514080,29626.75,29626.75,29617.0,29619.5,74
1788514140,29618.25,29624.5,29618.25,29624.5,40
1788514200,29625.75,29628.75,29624.75,29626.5,51
1788514260,29627.5,29627.5,29618.5,29625.0,76
1788514320,29623.75,29629.75,29621.75,29629.75,92
1788514380,29630.0,29635.25,29627.0,29629.75,94
1788514440,29629.25,29634.5,29629.0,29629.0,36
1788514500,29630.5,29633.25,29630.0,29631.5,35
1788514560,29631.0,29634.25,29630.25,29634.25,40
1788514620,29634.25,29635.75,29632.25,29635.75,34
1788514680,29636.0,29637.0,29634.0,29634.5,50
1788514740,29634.75,29638.5,29634.75,29637.25,49
1788514800,29638.0,29645.0,29637.75,29640.25,82
1788514860,29640.0,29641.25,29637.0,29639.25,41
1788514920,29639.5,29642.0,29639.0,29641.25,51
1788514980,29641.75,29646.5,29641.5,29643.5,49
1788515040,29644.0,29647.0,29642.5,29643.0,56
1788515100,29644.5,29648.75,29643.75,29644.75,76
1788515160,29644.5,29649.25,29643.5,29648.0,48
1788515220,29648.25,29650.75,29645.5,29647.5,53
1788515280,29646.75,29651.75,29645.5,29650.75,29
1788515340,29651.5,29653.25,29650.75,29651.0,41
1788515400,29651.0,29651.25,29647.25,29648.0,63
1788515460,29647.5,29650.75,29643.75,29650.25,99
1788515520,29650.75,29652.0,29647.25,29652.0,32
1788515580,29652.25,29656.25,29651.0,29656.0,58
1788515640,29656.75,29660.75,29655.0,29655.75,98
1788515700,29655.0,29656.0,29649.25,29655.0,125
1788515760,29655.5,29659.5,29655.5,29656.25,50
1788515820,29656.5,29661.75,29655.5,29657.25,83
1788515880,29657.5,29659.0,29656.75,29658.25,44
1788515940,29658.5,29660.0,29656.25,29657.25,68
1788516000,29656.75,29666.5,29655.0,29663.25,236
1788516060,29663.75,29668.75,29661.25,29661.25,73
1788516120,29662.75,29664.25,29658.5,29660.0,43
1788516180,29661.0,29661.75,29656.5,29656.75,100
1788516240,29656.75,29665.5,29655.75,29662.5,48
1788516300,29662.25,29663.75,29659.5,29663.0,36
1788516360,29661.75,29662.5,29657.0,29659.5,38
1788516420,29659.5,29659.75,29653.25,29657.25,91
1788516480,29659.0,29659.75,29657.0,29658.25,41
1788516540,29658.0,29661.0,29655.0,29660.25,49
1788516600,29659.75,29662.5,29659.5,29661.75,37
1788516660,29662.0,29665.5,29661.25,29664.0,44
1788516720,29663.25,29664.5,29661.0,29661.0,40
1788516780,29660.0,29660.5,29654.75,29658.75,46
1788516840,29659.5,29664.0,29659.5,29661.5,56
1788516900,29660.75,29662.75,29659.75,29659.75,15
1788516960,29659.5,29664.75,29658.75,29662.25,57
1788517020,29660.75,29665.5,29660.75,29662.25,40
1788517080,29662.5,29662.5,29658.5,29662.25,36
1788517140,29662.25,29666.5,29661.75,29666.5,33
1788517200,29666.75,29667.25,29663.5,29664.5,51
1788517260,29663.0,29665.0,29661.25,29662.0,31
1788517320,29662.0,29665.5,29661.5,29663.5,17
1788517380,29663.5,29665.0,29663.25,29663.25,14
1788517440,29663.0,29670.25,29661.0,29668.75,85
1788517500,29668.5,29686.0,29666.25,29677.5,406
1788517560,29676.75,29680.0,29665.5,29665.5,182
1788517620,29666.75,29673.0,29666.25,29672.5,65
1788517680,29672.25,29681.75,29672.25,29680.0,96
1788517740,29680.75,29681.75,29677.75,29678.5,124
1788517800,29676.5,29677.5,29672.5,29676.5,74
1788517860,29677.25,29680.75,29673.5,29679.75,92
1788517920,29679.0,29680.75,29674.0,29674.0,58
1788517980,29673.0,29676.75,29670.25,29673.75,45
1788518040,29673.0,29675.25,29672.25,29672.25,41
1788518100,29672.0,29674.25,29668.5,29671.0,62
1788518160,29672.5,29677.0,29672.25,29674.25,91
1788518220,29674.5,29679.0,29674.25,29675.75,61
1788518280,29675.25,29679.5,29675.25,29679.5,63
1788518340,29679.0,29682.75,29678.75,29680.75,57
1788518400,29681.75,29681.75,29674.25,29674.25,37
1788518460,29674.5,29676.25,29674.0,29675.75,27
1788518520,29676.0,29680.5,29675.75,29678.5,45
1788518580,29678.75,29683.75,29678.75,29681.5,57
1788518640,29682.0,29682.0,29679.0,29679.5,39
1788518700,29680.0,29684.75,29679.25,29683.0,60
1788518760,29682.75,29704.5,29682.25,29694.25,566
1788518820,29694.25,29698.75,29692.25,29694.0,119
1788518880,29693.0,29694.0,29687.25,29687.75,69
1788518940,29687.75,29689.25,29682.25,29684.5,78
1788519000,29685.0,29685.0,29679.75,29679.75,58
1788519060,29679.25,29682.0,29678.25,29678.25,75
1788519120,29680.25,29682.0,29678.25,29678.5,48
1788519180,29678.75,29680.25,29675.75,29679.25,48
1788519240,29679.75,29683.25,29679.5,29682.5,36
1788519300,29682.25,29684.25,29681.5,29681.75,33
1788519360,29681.75,29681.75,29679.0,29679.0,23
1788519420,29678.75,29680.0,29677.5,29678.0,51
1788519480,29678.25,29682.25,29677.5,29681.75,94
1788519540,29681.5,29681.5,29679.75,29680.0,19
1788519600,29681.5,29686.0,29664.0,29664.0,380
1788519660,29666.0,29666.25,29660.75,29660.75,113
1788519720,29662.25,29665.5,29661.25,29663.25,92
1788519780,29662.5,29664.5,29655.0,29655.0,133
1788519840,29654.5,29660.75,29650.75,29656.75,152
1788519900,29655.5,29663.25,29654.0,29659.75,71
1788519960,29660.75,29661.75,29654.0,29657.25,49
1788520020,29658.25,29661.75,29656.5,29659.25,50
1788520080,29659.25,29660.0,29655.0,29656.25,37
1788520140,29656.75,29657.25,29651.0,29653.0,109
1788520200,29652.25,29655.0,29651.25,29653.5,48
1788520260,29655.0,29658.5,29651.5,29653.0,83
1788520320,29654.0,29659.5,29654.0,29658.25,63
1788520380,29659.25,29662.5,29658.25,29660.0,52
1788520440,29660.0,29663.25,29659.5,29660.0,28
1788520500,29660.5,29662.75,29658.75,29662.25,37
1788520560,29662.5,29664.0,29661.0,29663.0,44
1788520620,29663.0,29663.25,29658.0,29661.5,72
1788520680,29661.5,29666.0,29660.25,29663.25,109
1788520740,29663.25,29663.25,29657.0,29657.75,41
1788520800,29658.25,29662.25,29658.25,29659.25,33
1788520860,29658.75,29660.5,29655.5,29658.0,41
1788520920,29657.75,29667.5,29657.75,29666.5,86
1788520980,29666.75,29666.75,29661.0,29661.25,62
1788521040,29661.25,29664.25,29659.25,29663.0,83
1788521100,29662.25,29669.5,29662.0,29667.75,63
1788521160,29667.25,29676.75,29667.0,29675.0,122
1788521220,29673.75,29675.5,29671.0,29672.25,80
1788521280,29671.0,29672.0,29669.75,29669.75,34
1788521340,29669.25,29671.0,29661.25,29662.5,74
1788521400,29663.75,29666.75,29661.0,29662.25,59
1788521460,29663.25,29671.5,29661.75,29669.5,91
1788521520,29668.75,29676.0,29668.25,29674.75,53
1788521580,29675.0,29675.25,29668.75,29669.25,72
1788521640,29670.0,29673.0,29668.25,29669.25,87
1788521700,29669.25,29672.75,29669.0,29672.25,35
1788521760,29671.75,29675.5,29671.0,29672.25,70
1788521820,29672.25,29673.0,29668.25,29669.5,56
1788521880,29668.25,29676.25,29668.25,29673.5,84
1788521940,29672.0,29673.0,29667.75,29670.75,84
1788522000,29669.5,29674.0,29669.25,29671.0,88
1788522060,29670.5,29675.0,29670.5,29671.5,65
1788522120,29672.25,29672.25,29666.0,29669.75,64
1788522180,29669.75,29670.5,29667.5,29669.5,29
1788522240,29668.5,29672.5,29668.25,29671.25,108
1788522300,29671.0,29673.5,29666.5,29669.0,61
1788522360,29669.25,29676.0,29669.25,29675.0,69
1788522420,29676.0,29677.5,29674.5,29677.0,73
1788522480,29677.5,29678.75,29675.0,29675.25,53
1788522540,29675.25,29678.5,29675.25,29677.25,90
1788522600,29677.25,29679.25,29676.5,29678.25,51
1788522660,29679.25,29679.75,29676.5,29679.25,50
1788522720,29679.25,29680.25,29676.5,29677.0,40
1788522780,29676.5,29685.25,29676.25,29683.0,128
1788522840,29682.75,29683.25,29679.0,29682.0,55
1788522900,29681.5,29684.0,29680.75,29683.25,104
1788522960,29683.0,29690.0,29682.75,29685.0,136
1788523020,29684.75,29685.75,29683.75,29685.5,98
1788523080,29686.0,29686.25,29682.0,29683.25,72
1788523140,29682.5,29684.25,29677.25,29683.25,140
1788523200,29682.0,29686.25,29677.0,29677.0,156
1788523260,29676.5,29677.5,29658.5,29659.5,360
1788523320,29660.25,29662.25,29653.75,29662.25,173
1788523380,29662.0,29666.5,29659.25,29663.5,181
1788523440,29663.0,29663.5,29654.75,29657.0,149
1788523500,29655.75,29656.75,29640.0,29640.5,338
1788523560,29640.0,29645.0,29634.75,29635.0,372
1788523620,29634.75,29645.0,29627.0,29643.75,479
1788523680,29644.25,29662.75,29644.25,29660.75,271
1788523740,29660.0,29665.75,29657.5,29660.0,191
1788523800,29660.25,29663.25,29643.25,29645.0,218
1788523860,29644.75,29646.0,29636.75,29643.0,214
1788523920,29643.5,29647.0,29636.25,29640.0,196
1788523980,29640.75,29644.0,29639.75,29641.75,125
1788524040,29640.5,29644.5,29637.25,29643.25,170
1788524100,29642.25,29645.0,29637.75,29639.75,146
1788524160,29640.25,29642.75,29635.75,29637.75,158
1788524220,29637.75,29640.0,29631.75,29636.5,168
1788524280,29637.5,29643.25,29633.75,29640.5,140
1788524340,29640.5,29657.0,29638.25,29656.5,245
1788524400,29656.25,29661.5,29655.25,29657.75,162
1788524460,29658.0,29667.0,29655.5,29661.0,164
1788524520,29662.5,29662.5,29654.75,29658.75,117
1788524580,29658.5,29660.0,29656.5,29658.25,67
1788524640,29657.75,29668.0,29657.5,29666.5,121
1788524700,29666.75,29674.5,29662.75,29671.5,197
1788524760,29670.75,29675.25,29666.25,29666.25,174
1788524820,29667.0,29671.0,29664.75,29671.0,173
1788524880,29670.0,29672.75,29665.0,29672.5,125
1788524940,29672.0,29694.0,29662.5,29674.25,553
1788525000,29674.5,29693.75,29550.0,29564.25,3109
1788525060,29563.75,29592.0,29561.75,29565.75,1361
1788525120,29565.0,29576.75,29538.0,29547.75,1598
1788525180,29547.5,29556.0,29531.25,29546.25,1160
1788525240,29544.75,29562.5,29544.75,29552.5,719
1788525300,29553.75,29573.0,29552.5,29566.75,804
1788525360,29568.25,29574.0,29558.25,29560.5,693
1788525420,29560.5,29563.5,29544.75,29555.75,661
1788525480,29554.5,29568.0,29543.25,29546.75,932
1788525540,29547.25,29563.5,29540.0,29556.5,825
1788525600,29555.5,29579.25,29555.0,29576.75,593
1788525660,29577.75,29585.0,29569.25,29575.25,580
1788525720,29576.0,29587.0,29574.25,29578.75,450
1788525780,29578.25,29583.0,29563.5,29566.25,754
1788525840,29567.0,29574.0,29555.0,29557.75,488
1788525900,29557.25,29557.75,29539.0,29540.25,571
1788525960,29540.0,29541.25,29513.25,29515.25,852
1788526020,29516.0,29517.75,29503.75,29507.0,1122
1788526080,29508.25,29519.5,29502.0,29515.75,655
1788526140,29515.25,29525.0,29506.75,29518.25,732
1788526200,29518.5,29538.0,29515.5,29532.5,743
1788526260,29531.75,29542.5,29524.25,29536.25,667
1788526320,29537.25,29541.0,29532.25,29533.75,505
1788526380,29534.5,29546.75,29526.25,29546.5,679
1788526440,29545.5,29548.25,29528.25,29530.0,474
1788526500,29529.0,29537.25,29527.75,29534.25,286
1788526560,29534.5,29535.25,29518.0,29532.5,549
1788526620,29531.5,29537.25,29526.0,29537.25,282
1788526680,29536.5,29550.25,29536.5,29547.25,508
1788526740,29546.25,29547.5,29537.75,29546.5,281
1788526800,29547.0,29547.0,29523.0,29528.75,590
1788526860,29528.25,29536.75,29523.5,29527.0,470
1788526920,29527.75,29539.5,29523.5,29534.25,849
1788526980,29533.75,29549.25,29531.5,29546.75,490
1788527040,29547.25,29551.75,29536.5,29536.75,525
1788527100,29536.75,29556.75,29536.0,29553.0,412
1788527160,29552.25,29555.0,29532.0,29542.75,508
1788527220,29544.5,29547.0,29534.0,29537.75,311
1788527280,29537.0,29544.75,29536.0,29540.75,211
1788527340,29540.75,29545.75,29532.75,29534.5,254
1788527400,29533.75,29538.5,29527.75,29528.75,295
1788527460,29529.75,29535.0,29528.5,29534.0,146
1788527520,29532.75,29542.5,29532.0,29541.5,185
1788527580,29541.0,29550.5,29541.0,29544.0,239
1788527640,29543.0,29548.25,29538.5,29548.25,192
1788527700,29548.25,29555.0,29546.75,29550.75,356
1788527760,29551.0,29564.25,29550.0,29560.5,505
1788527820,29560.5,29561.0,29554.5,29555.75,248
1788527880,29555.75,29562.0,29553.0,29559.0,310
1788527940,29560.5,29564.5,29557.0,29564.0,221
1788528000,29563.5,29571.75,29561.25,29571.25,325
1788528060,29571.25,29577.25,29569.25,29577.0,584
1788528120,29577.25,29579.5,29569.75,29571.5,411
1788528180,29571.75,29579.75,29569.0,29578.5,430
1788528240,29578.75,29587.5,29576.0,29583.75,615
1788528300,29582.75,29588.0,29578.0,29583.25,551
1788528360,29583.75,29584.5,29577.25,29579.25,270
1788528420,29579.25,29590.25,29576.5,29580.25,700
1788528480,29580.5,29585.75,29572.5,29575.25,778
1788528540,29575.0,29591.0,29574.0,29588.0,802
1788528600,29588.75,29596.25,29557.0,29566.0,4875
1788528660,29565.75,29611.25,29554.5,29607.25,4028
1788528720,29607.25,29625.5,29590.0,29622.5,3104
1788528780,29623.0,29625.0,29599.0,29614.75,2751
1788528840,29614.25,29635.0,29612.5,29634.0,2073
1788528900,29634.0,29637.0,29617.75,29633.75,2603
1788528960,29633.25,29644.5,29611.25,29616.5,2717
1788529020,29616.75,29642.25,29615.5,29637.25,2320
1788529080,29638.25,29640.25,29622.75,29634.5,1441
1788529140,29634.75,29634.75,29612.75,29628.75,1901
1788529200,29628.5,29641.0,29613.25,29620.0,1835
1788529260,29619.5,29629.25,29602.0,29614.25,2405
1788529320,29614.25,29629.75,29607.25,29613.25,2063
1788529380,29614.25,29643.0,29612.25,29642.75,1860
1788529440,29643.0,29647.0,29597.75,29616.5,3347
1788529500,29616.25,29619.25,29577.5,29593.5,2766
1788529560,29592.75,29623.0,29589.25,29622.0,1921
1788529620,29621.75,29633.0,29616.25,29628.25,1616
1788529680,29627.5,29649.0,29626.75,29634.5,2025
1788529740,29633.5,29638.75,29624.25,29634.0,1178
1788529800,29634.5,29643.25,29623.0,29642.5,1259
1788529860,29642.5,29642.5,29617.25,29625.25,1524
1788529920,29625.5,29634.5,29609.75,29634.25,1474
1788529980,29634.0,29654.25,29627.75,29649.5,1550
1788530040,29650.5,29664.75,29649.5,29660.0,1827
1788530100,29660.25,29676.0,29652.25,29675.75,1611
1788530160,29675.75,29686.0,29673.0,29678.75,1729
1788530220,29678.5,29687.25,29678.0,29685.5,1217
1788530280,29685.5,29691.75,29682.0,29688.75,1378
1788530340,29688.0,29691.25,29675.5,29691.0,1346
1788530400,29690.5,29691.0,29674.75,29681.25,1697
1788530460,29681.0,29682.75,29653.75,29657.75,1920
1788530520,29658.25,29669.75,29655.75,29669.0,1579
1788530580,29669.25,29677.75,29658.0,29673.75,1262
1788530640,29673.25,29674.0,29661.5,29668.0,919
1788530700,29668.25,29675.5,29660.75,29662.5,1132
1788530760,29662.5,29674.5,29656.25,29673.75,1131
1788530820,29674.0,29674.0,29648.25,29651.5,1506
1788530880,29651.0,29657.5,29645.0,29654.0,1305
1788530940,29653.25,29658.25,29641.0,29644.5,1421
1788531000,29644.5,29654.75,29630.0,29630.5,1776
1788531060,29630.5,29638.0,29623.75,29626.25,1368
1788531120,29626.25,29626.25,29594.0,29606.25,2646
1788531180,29606.25,29623.25,29600.25,29622.0,1834
1788531240,29622.5,29651.5,29621.25,29648.5,1855
1788531300,29648.0,29649.75,29626.75,29634.75,1901
1788531360,29634.25,29641.5,29620.25,29621.25,1156
1788531420,29620.75,29631.75,29614.5,29617.25,1423
1788531480,29618.0,29630.75,29613.0,29621.75,1045
1788531540,29621.25,29623.75,29600.0,29601.75,1253
1788531600,29601.75,29606.5,29579.0,29588.75,2946
1788531660,29588.75,29608.25,29586.5,29606.75,1825
1788531720,29607.5,29611.25,29592.0,29609.75,1307
1788531780,29609.25,29610.75,29601.25,29609.25,1078
1788531840,29608.75,29609.5,29587.5,29595.75,1304
1788531900,29595.5,29602.5,29583.5,29585.5,1188
1788531960,29585.5,29587.75,29564.75,29578.5,2123
1788532020,29578.5,29586.0,29576.0,29577.5,1500
1788532080,29577.0,29591.75,29567.25,29589.25,1652
1788532140,29589.0,29598.25,29585.25,29595.5,1245
1788532200,29596.25,29598.25,29568.25,29568.25,1710
1788532260,29568.0,29571.75,29554.0,29564.75,2027
1788532320,29564.25,29578.75,29562.0,29576.25,1330
1788532380,29576.0,29584.5,29563.0,29568.25,1062
1788532440,29567.75,29569.25,29554.5,29559.0,872
1788532500,29559.0,29574.5,29558.25,29572.0,1065
1788532560,29571.5,29587.5,29567.25,29582.75,1310
1788532620,29582.25,29588.75,29567.25,29582.5,1222
1788532680,29583.5,29589.25,29575.75,29578.5,1068
1788532740,29578.5,29587.75,29571.5,29587.75,719
1788532800,29587.0,29587.0,29568.5,29571.25,919
1788532860,29570.5,29577.25,29562.25,29572.75,920
1788532920,29572.75,29574.5,29541.25,29545.75,2174
1788532980,29546.0,29547.5,29531.5,29534.0,1753
1788533040,29533.75,29541.5,29531.0,29533.5,1167
1788533100,29533.25,29544.25,29527.75,29532.5,1575
1788533160,29533.0,29541.0,29529.75,29539.75,1177
1788533220,29539.75,29539.75,29525.25,29534.0,1062
1788533280,29533.5,29539.75,29519.0,29525.0,1487
1788533340,29524.5,29527.75,29510.0,29510.25,1488
1788533400,29510.75,29527.25,29509.5,29523.75,1656
1788533460,29523.5,29535.5,29522.0,29523.5,1301
1788533520,29523.75,29528.25,29514.75,29524.75,1143
1788533580,29525.25,29532.0,29518.5,29520.75,832
1788533640,29520.75,29524.75,29508.75,29516.25,1106
1788533700,29516.25,29526.0,29507.5,29521.0,1132
1788533760,29520.75,29523.75,29498.75,29500.25,1432
1788533820,29500.5,29521.75,29499.5,29519.0,1365
1788533880,29521.0,29530.0,29518.0,29529.0,1031
1788533940,29529.25,29530.0,29511.25,29521.0,1213
1788534000,29520.0,29529.0,29514.0,29524.0,1310
1788534060,29524.0,29529.0,29518.0,29521.25,792
1788534120,29521.25,29522.75,29497.5,29510.25,1675
1788534180,29510.75,29512.25,29502.0,29505.0,886
1788534240,29503.5,29518.0,29497.25,29516.25,1189
1788534300,29515.25,29517.25,29503.25,29511.0,886
1788534360,29511.0,29517.5,29507.5,29513.75,815
1788534420,29512.75,29524.5,29510.5,29524.25,1378
1788534480,29524.0,29531.5,29520.5,29525.5,1020
1788534540,29525.75,29527.0,29515.75,29525.5,759
1788534600,29525.25,29526.25,29511.25,29520.0,788
1788534660,29520.0,29531.25,29517.75,29524.5,973
1788534720,29524.5,29539.75,29522.25,29539.0,1096
1788534780,29539.0,29540.0,29530.0,29534.75,1079
1788534840,29534.5,29541.25,29528.5,29540.5,851
1788534900,29540.75,29543.0,29533.25,29535.75,861
1788534960,29536.0,29541.75,29529.0,29529.25,731
1788535020,29529.75,29531.5,29516.0,29519.75,1341
1788535080,29519.5,29520.0,29493.25,29500.5,2173
1788535140,29500.5,29505.75,29497.0,29501.25,960
1788535200,29501.25,29506.25,29490.0,29495.5,1326
1788535260,29495.5,29501.25,29484.25,29489.75,1115
1788535320,29490.5,29506.0,29489.5,29504.0,1038
1788535380,29504.75,29509.75,29500.5,29501.0,868
1788535440,29501.0,29512.0,29498.75,29502.5,738
1788535500,29502.75,29512.75,29496.0,29504.25,905
1788535560,29505.5,29506.5,29498.75,29500.25,522
1788535620,29500.0,29506.0,29495.0,29504.0,835
1788535680,29504.0,29508.5,29498.0,29506.5,449
1788535740,29506.5,29509.25,29497.0,29506.75,780
1788535800,29506.75,29510.75,29481.25,29484.5,1556
1788535860,29485.0,29494.0,29478.0,29487.0,1329
1788535920,29487.5,29491.5,29483.0,29487.0,798
1788535980,29487.0,29499.0,29483.75,29498.75,915
1788536040,29498.25,29502.0,29485.5,29491.25,957
1788536100,29491.25,29506.75,29490.25,29499.25,930
1788536160,29498.75,29503.0,29493.0,29495.25,501
1788536220,29495.25,29498.75,29492.25,29494.0,358
1788536280,29493.75,29503.25,29493.75,29501.25,397
1788536340,29501.25,29502.5,29496.75,29501.25,392
1788536400,29501.75,29505.25,29497.25,29501.0,488
1788536460,29501.75,29512.0,29498.75,29511.5,779
1788536520,29511.5,29524.25,29511.0,29520.75,1118
1788536580,29521.0,29524.5,29517.5,29521.0,628
1788536640,29520.75,29523.25,29516.75,29520.5,439
1788536700,29520.0,29520.0,29510.5,29519.5,785
1788536760,29519.25,29522.25,29507.0,29507.0,755
1788536820,29507.5,29509.25,29492.5,29495.0,1010
1788536880,29494.75,29497.25,29487.0,29496.25,835
1788536940,29496.25,29503.25,29493.25,29501.75,604
1788537000,29501.25,29516.25,29497.75,29499.5,1209
1788537060,29500.5,29506.25,29497.0,29502.0,541
1788537120,29501.5,29507.5,29496.75,29501.75,463
1788537180,29502.0,29506.75,29494.75,29503.0,614
1788537240,29502.5,29507.75,29498.75,29503.75,457
1788537300,29503.75,29513.0,29503.75,29508.25,547
1788537360,29509.0,29511.5,29505.75,29506.25,469
1788537420,29506.0,29514.5,29497.5,29512.25,701
1788537480,29512.0,29514.5,29506.5,29510.25,444
1788537540,29509.5,29519.0,29509.5,29515.0,675
1788537600,29514.75,29518.75,29508.25,29518.5,585
1788537660,29518.5,29520.0,29510.25,29513.25,474
1788537720,29512.75,29516.0,29510.0,29513.5,341
1788537780,29513.75,29514.75,29505.0,29508.0,564
1788537840,29508.25,29516.25,29507.5,29514.25,475
1788537900,29514.0,29523.75,29513.75,29520.5,689
1788537960,29521.0,29522.75,29507.25,29519.75,978
1788538020,29519.5,29529.0,29519.25,29529.0,635
1788538080,29528.5,29536.75,29527.5,29535.0,762
1788538140,29535.0,29536.0,29529.75,29532.0,562
1788538200,29532.5,29539.75,29527.0,29537.0,703
1788538260,29536.75,29542.25,29534.25,29541.0,557
1788538320,29541.0,29545.75,29538.25,29544.0,672
1788538380,29544.25,29554.25,29541.75,29542.75,1287
1788538440,29543.25,29550.0,29542.0,29547.75,537
1788538500,29548.0,29548.25,29539.25,29542.75,585
1788538560,29542.5,29547.5,29539.5,29539.75,499
1788538620,29539.5,29542.75,29536.0,29541.75,552
1788538680,29541.5,29545.75,29537.25,29543.75,458
1788538740,29543.5,29547.5,29542.0,29543.75,401
1788538800,29544.0,29557.75,29544.0,29554.75,881
1788538860,29554.5,29565.25,29553.5,29556.75,924
1788538920,29557.0,29557.25,29550.25,29552.5,513
1788538980,29552.25,29554.0,29546.0,29552.75,441
1788539040,29552.5,29556.0,29546.0,29554.0,457
1788539100,29553.75,29555.0,29547.75,29551.75,426
1788539160,29551.25,29554.0,29546.5,29548.25,419
1788539220,29548.5,29559.75,29548.0,29559.0,469
1788539280,29559.0,29560.75,29554.75,29558.25,511
1788539340,29558.0,29559.25,29549.0,29554.0,667
1788539400,29554.5,29557.0,29548.75,29556.75,663
1788539460,29556.5,29563.75,29555.25,29562.75,549
1788539520,29562.25,29567.5,29560.75,29566.25,620
1788539580,29566.75,29567.25,29562.5,29564.75,459
1788539640,29564.5,29571.5,29563.75,29570.75,651
1788539700,29571.0,29574.0,29567.25,29571.0,804
1788539760,29570.75,29570.75,29562.25,29562.75,545
1788539820,29563.0,29566.75,29557.25,29562.75,543
1788539880,29562.5,29563.25,29559.25,29559.25,412
1788539940,29559.25,29563.5,29557.0,29561.5,445
1788540000,29561.75,29567.0,29560.75,29564.5,375
1788540060,29564.25,29565.25,29559.0,29563.0,373
1788540120,29562.5,29563.0,29558.0,29562.5,370
1788540180,29562.5,29565.75,29558.75,29563.0,513
1788540240,29563.0,29569.25,29563.0,29568.0,580
1788540300,29568.25,29570.0,29565.0,29567.0,451
1788540360,29567.0,29570.0,29566.0,29569.5,316
1788540420,29569.75,29580.75,29568.5,29579.5,1144
1788540480,29579.25,29580.25,29573.5,29579.25,634
1788540540,29578.5,29589.5,29578.5,29587.75,1099
1788540600,29588.0,29595.75,29588.0,29594.75,781
1788540660,29595.0,29595.25,29588.5,29591.25,627
1788540720,29591.5,29592.25,29587.5,29591.75,545
1788540780,29592.0,29593.0,29585.5,29586.0,463
1788540840,29586.0,29589.5,29584.0,29585.5,544
1788540900,29584.75,29588.0,29581.5,29586.25,504
1788540960,29586.25,29588.0,29577.75,29580.25,510
1788541020,29580.0,29586.0,29580.0,29583.5,722
1788541080,29583.5,29587.25,29582.0,29585.25,384
1788541140,29585.5,29585.75,29575.5,29576.0,641
1788541200,29576.25,29580.5,29564.25,29570.75,1018
1788541260,29570.25,29570.5,29563.25,29568.5,489
1788541320,29567.75,29568.0,29552.25,29556.75,907
1788541380,29557.0,29557.5,29550.25,29551.0,558
1788541440,29550.75,29554.25,29544.75,29551.0,762
1788541500,29551.0,29560.75,29550.0,29557.0,1076
1788541560,29557.5,29558.0,29549.75,29552.0,370
1788541620,29552.0,29556.75,29549.25,29551.5,351
1788541680,29553.5,29555.75,29541.25,29541.5,634
1788541740,29541.5,29545.0,29538.25,29539.75,485
1788541800,29539.25,29546.5,29538.75,29540.25,443
1788541860,29542.0,29544.25,29532.5,29532.75,477
1788541920,29532.25,29540.5,29531.75,29539.25,538
1788541980,29539.0,29541.25,29535.5,29538.25,428
1788542040,29538.0,29541.25,29533.0,29535.25,377
1788542100,29534.75,29539.0,29531.75,29534.0,333
1788542160,29534.25,29537.5,29529.75,29536.25,564
1788542220,29536.25,29543.5,29535.75,29540.5,698
1788542280,29540.75,29541.5,29535.75,29537.0,400
1788542340,29537.0,29539.75,29526.5,29531.25,817
1788542400,29531.75,29535.5,29531.25,29533.5,364
1788542460,29533.0,29533.0,29520.0,29522.0,700
1788542520,29521.5,29528.25,29521.25,29526.0,433
1788542580,29526.0,29526.25,29521.0,29524.25,333
1788542640,29524.75,29524.75,29517.0,29517.75,547
1788542700,29518.25,29523.75,29514.75,29522.75,497
1788542760,29522.0,29527.5,29519.0,29519.0,403
1788542820,29518.75,29521.25,29515.75,29519.75,368
1788542880,29519.5,29521.25,29511.25,29511.25,508
1788542940,29512.0,29512.5,29504.25,29508.0,861
1788543000,29508.0,29508.5,29497.0,29499.25,1020
1788543060,29499.0,29504.5,29496.75,29502.0,600
1788543120,29501.75,29503.0,29493.0,29497.25,539
1788543180,29497.0,29504.5,29489.5,29489.5,790
1788543240,29489.5,29494.0,29485.0,29493.5,684
1788543300,29493.75,29501.25,29489.25,29496.75,660
1788543360,29497.0,29500.25,29492.5,29496.25,446
1788543420,29496.25,29497.25,29490.25,29492.25,404
1788543480,29492.25,29498.5,29490.5,29494.5,386
1788543540,29494.5,29497.25,29490.5,29495.25,409
1788543600,29494.75,29496.25,29483.25,29492.75,760
1788543660,29492.75,29493.75,29480.0,29481.25,540
1788543720,29481.5,29483.5,29475.25,29475.25,1004
1788543780,29475.75,29488.0,29474.75,29486.0,798
1788543840,29486.0,29488.5,29477.75,29478.25,501
1788543900,29479.0,29481.5,29468.0,29473.0,1213
1788543960,29473.5,29480.5,29469.5,29480.5,840
1788544020,29481.0,29492.5,29477.5,29484.5,966
1788544080,29484.5,29490.5,29479.75,29486.25,618
1788544140,29486.5,29488.5,29482.75,29484.25,286
1788544200,29483.75,29490.5,29483.0,29485.75,500
1788544260,29485.5,29487.5,29481.0,29486.75,616
1788544320,29486.25,29496.0,29485.75,29492.5,897
1788544380,29492.25,29492.5,29485.75,29487.5,487
1788544440,29487.25,29489.0,29483.75,29485.75,584
1788544500,29486.0,29487.5,29480.5,29484.75,440
1788544560,29485.25,29489.0,29481.75,29483.5,370
1788544620,29483.75,29488.0,29483.0,29485.5,239
1788544680,29485.0,29497.5,29484.0,29495.0,602
1788544740,29495.0,29498.25,29490.25,29491.75,543
1788544800,29491.5,29497.75,29490.5,29495.25,645
1788544860,29495.25,29495.5,29478.0,29479.0,861
1788544920,29479.0,29482.75,29477.25,29478.75,423
1788544980,29479.25,29481.75,29475.5,29476.25,572
1788545040,29476.5,29478.0,29472.25,29476.0,486
1788545100,29476.75,29481.25,29471.5,29479.25,614
1788545160,29479.25,29480.75,29471.25,29476.75,640
1788545220,29477.0,29479.75,29475.25,29477.75,304
1788545280,29478.0,29483.75,29476.25,29483.0,571
1788545340,29483.0,29490.0,29480.25,29489.0,571
1788545400,29489.0,29493.5,29485.75,29492.25,499
1788545460,29492.5,29497.25,29488.75,29490.0,542
1788545520,29490.25,29495.25,29488.5,29491.75,389
1788545580,29491.5,29495.0,29489.75,29491.5,347
1788545640,29492.25,29494.25,29486.5,29489.0,419
1788545700,29488.25,29492.5,29486.25,29487.75,457
1788545760,29487.75,29491.0,29484.5,29489.5,487
1788545820,29489.75,29494.0,29488.0,29492.5,337
1788545880,29492.5,29503.0,29492.0,29501.25,771
1788545940,29502.0,29506.0,29501.5,29504.75,512
1788546000,29505.0,29511.0,29500.75,29510.0,762
1788546060,29510.0,29514.5,29506.75,29512.25,499
1788546120,29512.5,29513.0,29508.5,29511.25,449
1788546180,29511.0,29512.75,29507.75,29509.75,400
1788546240,29510.0,29512.75,29505.0,29506.5,402
1788546300,29506.5,29511.25,29506.5,29509.25,325
1788546360,29508.75,29511.25,29504.0,29506.25,432
1788546420,29506.25,29511.5,29502.5,29510.75,503
1788546480,29510.5,29511.25,29504.0,29504.5,352
1788546540,29504.25,29512.0,29502.0,29511.0,548
1788546600,29511.0,29517.75,29511.0,29515.25,834
1788546660,29514.5,29516.75,29511.0,29514.5,645
1788546720,29515.0,29517.0,29511.5,29515.0,268
1788546780,29515.5,29516.25,29512.0,29514.5,220
1788546840,29515.0,29518.25,29514.75,29517.25,308
1788546900,29517.5,29519.5,29510.75,29513.0,697
1788546960,29512.75,29513.5,29505.5,29509.75,603
1788547020,29509.5,29512.25,29504.75,29505.75,400
1788547080,29505.25,29512.0,29504.0,29511.0,382
1788547140,29511.0,29511.75,29507.75,29511.25,300
1788547200,29511.25,29515.75,29507.5,29508.75,538
1788547260,29508.25,29512.75,29504.5,29508.5,720
1788547320,29509.0,29513.75,29509.0,29510.75,237
1788547380,29511.25,29520.0,29510.0,29518.75,426
1788547440,29519.0,29524.5,29518.25,29520.75,659
1788547500,29521.25,29525.0,29520.0,29522.75,537
1788547560,29522.75,29528.0,29522.5,29523.0,574
1788547620,29523.0,29527.25,29523.0,29526.25,394
1788547680,29526.75,29527.5,29522.25,29524.75,333
1788547740,29524.75,29528.5,29523.5,29527.25,268
1788547800,29527.0,29527.75,29523.75,29525.0,224
1788547860,29525.0,29525.5,29521.25,29523.25,235
1788547920,29523.25,29529.75,29522.25,29529.25,398
1788547980,29529.25,29530.25,29526.25,29526.75,306
1788548040,29527.0,29531.0,29526.75,29528.75,355
1788548100,29528.75,29535.0,29525.5,29531.25,664
1788548160,29531.5,29537.75,29530.75,29537.75,456
1788548220,29538.0,29541.25,29535.75,29541.25,428
1788548280,29541.25,29542.5,29535.5,29537.25,518
1788548340,29537.75,29540.25,29536.0,29538.75,363
1788548400,29538.75,29544.0,29531.0,29537.75,1031
1788548460,29538.5,29541.5,29534.75,29537.75,413
1788548520,29537.75,29537.75,29525.75,29528.0,674
1788548580,29528.25,29528.5,29518.25,29519.75,835
1788548640,29519.75,29520.75,29510.75,29512.25,753
1788548700,29512.5,29518.25,29511.5,29518.25,591
1788548760,29518.25,29518.25,29509.25,29511.0,387
1788548820,29511.5,29517.5,29506.75,29508.25,409
1788548880,29507.5,29512.5,29507.0,29512.0,348
1788548940,29511.75,29513.5,29508.0,29509.5,325
1788549000,29509.75,29516.5,29507.0,29514.5,399
1788549060,29514.0,29517.25,29512.25,29516.75,272
1788549120,29515.5,29519.0,29513.5,29514.75,400
1788549180,29515.0,29515.25,29511.5,29512.5,203
1788549240,29513.25,29516.5,29510.0,29511.25,299
1788549300,29511.0,29516.75,29510.5,29515.5,290
1788549360,29515.75,29517.25,29511.5,29511.5,269
1788549420,29512.25,29522.0,29511.25,29517.25,418
1788549480,29516.75,29519.25,29516.0,29516.5,221
1788549540,29516.5,29517.0,29512.5,29514.75,226
1788549600,29514.75,29520.25,29514.0,29519.25,473
1788549660,29519.75,29522.75,29518.0,29519.25,323
1788549720,29519.75,29521.5,29514.0,29517.0,297
1788549780,29516.5,29520.25,29514.25,29520.25,231
1788549840,29519.75,29524.5,29519.0,29522.75,369
1788549900,29522.75,29528.0,29522.75,29523.5,491
1788549960,29523.25,29525.5,29521.0,29521.5,400
1788550020,29521.75,29531.25,29521.25,29526.25,564
1788550080,29527.0,29531.0,29525.5,29528.75,335
1788550140,29528.25,29529.0,29523.25,29526.5,361
1788550200,29526.5,29529.25,29519.25,29529.0,671
1788550260,29529.0,29532.5,29526.5,29528.0,501
1788550320,29528.0,29530.0,29526.0,29528.0,373
1788550380,29528.0,29538.75,29527.75,29537.75,538
1788550440,29537.75,29540.0,29536.5,29538.0,584
1788550500,29538.0,29544.0,29534.5,29542.0,669
1788550560,29542.0,29547.5,29538.0,29540.5,810
1788550620,29541.25,29542.25,29536.75,29538.0,415
1788550680,29538.25,29538.25,29526.75,29530.25,744
1788550740,29529.75,29535.5,29529.75,29534.0,330
1788550800,29534.0,29538.25,29530.25,29536.75,423
1788550860,29536.75,29542.25,29532.75,29534.5,506
1788550920,29534.75,29538.0,29531.75,29533.0,343
1788550980,29533.0,29539.0,29532.25,29536.75,353
1788551040,29537.0,29541.25,29536.5,29541.0,342
1788551100,29540.75,29545.75,29540.0,29544.5,871
1788551160,29544.75,29549.0,29541.25,29545.5,664
1788551220,29545.5,29550.5,29545.0,29550.0,597
1788551280,29550.25,29550.5,29544.75,29547.5,576
1788551340,29547.25,29553.0,29544.5,29551.0,712
1788551400,29551.0,29569.25,29551.0,29564.0,2197
1788551460,29564.25,29574.0,29564.0,29573.25,1056
1788551520,29573.25,29578.5,29571.0,29574.25,1205
1788551580,29573.75,29574.0,29559.75,29566.75,1186
1788551640,29567.0,29577.5,29566.0,29576.5,1685
1788551700,29576.25,29582.25,29568.25,29576.75,1844
1788551760,29577.25,29580.0,29571.75,29578.0,819
1788551820,29577.5,29585.25,29577.5,29580.5,1239
1788551880,29581.0,29586.5,29569.0,29569.25,1948
1788551940,29569.0,29572.0,29558.5,29569.25,8631
1788552000,29568.75,29569.0,29553.75,29560.0,2266
1788552060,29559.5,29560.75,29552.0,29558.5,863
1788552120,29558.5,29564.75,29551.75,29552.5,646
1788552180,29552.25,29556.75,29547.75,29552.5,439
1788552240,29552.5,29553.5,29543.25,29544.0,449
1788552300,29544.0,29545.5,29532.5,29533.25,618
1788552360,29533.0,29535.5,29531.0,29534.0,365
1788552420,29533.5,29534.75,29529.5,29534.0,419
1788552480,29534.5,29535.0,29529.75,29532.25,205
1788552540,29532.25,29535.5,29530.25,29534.75,154
1788552600,29534.75,29537.25,29534.0,29535.5,275
1788552660,29535.25,29542.0,29535.0,29538.5,268
1788552720,29538.25,29541.5,29537.5,29539.75,172
1788552780,29539.5,29546.75,29539.25,29546.25,323
1788552840,29546.75,29546.75,29541.0,29541.25,269
1788552900,29541.25,29543.25,29540.5,29540.75,197
1788552960,29540.75,29541.0,29537.75,29540.0,98
1788553020,29540.0,29540.0,29537.75,29539.5,90
1788553080,29540.0,29540.5,29537.0,29539.75,78
1788553140,29539.25,29539.75,29538.25,29538.25,39
1788553200,29539.0,29540.25,29537.25,29538.25,68
1788553260,29537.75,29538.0,29534.0,29535.5,83
1788553320,29535.0,29535.25,29532.75,29532.75,52
1788553380,29532.5,29533.75,29531.0,29533.25,85
1788553440,29532.25,29532.75,29529.75,29532.0,84
1788553500,29532.25,29532.75,29531.25,29531.75,48
1788553560,29532.25,29534.25,29531.75,29533.75,95
1788553620,29533.25,29534.0,29532.5,29532.75,42
1788553680,29532.5,29533.0,29531.0,29531.0,51
1788553740,29531.75,29532.0,29530.0,29531.5,83
1788553800,29531.75,29532.0,29526.0,29526.5,161
1788553860,29526.5,29526.5,29519.5,29521.0,383
1788553920,29521.25,29522.0,29514.5,29515.5,198
1788553980,29516.25,29521.25,29515.25,29519.75,141
1788554040,29520.0,29522.0,29518.0,29518.75,102
1788554100,29518.5,29522.75,29516.75,29520.5,187
1788554160,29520.5,29522.75,29518.75,29522.0,217
1788554220,29522.5,29524.75,29522.0,29523.25,85
1788554280,29523.75,29529.75,29523.75,29528.5,167
1788554340,29528.25,29529.0,29523.75,29524.25,66
1788554400,29524.75,29528.0,29524.0,29525.25,128
1788554460,29525.25,29526.25,29523.75,29525.75,61
1788554520,29525.5,29530.5,29525.5,29527.75,85
1788554580,29527.25,29531.25,29527.25,29528.75,80
1788554640,29529.0,29530.75,29528.5,29530.75,66
1788554700,29530.5,29532.5,29528.5,29528.5,185
1788554760,29527.75,29530.0,29527.5,29529.5,50
1788554820,29528.75,29531.75,29526.75,29530.75,99
1788554880,29530.75,29531.0,29525.25,29526.0,163
1788554940,29527.25,29527.75,29525.0,29526.0,115
1788555000,29526.25,29528.0,29524.0,29526.0,226
1788555060,29526.25,29528.5,29525.75,29526.75,83
1788555120,29527.25,29528.5,29524.5,29525.25,198
1788555180,29526.0,29529.0,29524.75,29529.0,100
1788555240,29528.25,29529.75,29527.0,29528.75,49
1788555300,29528.75,29528.75,29525.75,29525.75,97
1788555360,29526.0,29526.0,29519.5,29524.5,225
1788555420,29524.5,29525.25,29521.25,29525.25,149
1788555480,29525.0,29526.75,29523.75,29524.25,41
1788555540,29525.0,29565.25,29521.25,29565.25,192
1788840000,29742.75,29743.75,29733.75,29737.0,149
1788840060,29737.5,29738.25,29733.0,29733.0,48
1788840120,29733.0,29735.5,29730.5,29734.75,88
1788840180,29735.0,29736.0,29732.0,29732.75,36
1788840240,29733.0,29736.5,29733.0,29734.0,28
1788840300,29733.75,29745.0,29733.5,29743.25,102
1788840360,29743.0,29745.0,29742.25,29742.25,62
1788840420,29742.25,29745.5,29740.75,29744.25,78
1788840480,29743.5,29747.75,29743.25,29745.5,101
1788840540,29746.25,29749.75,29743.75,29747.25,160
1788840600,29747.25,29747.25,29741.0,29743.5,49
1788840660,29742.25,29746.25,29741.0,29746.25,63
1788840720,29746.75,29747.0,29742.0,29743.0,59
1788840780,29743.5,29745.5,29741.0,29743.75,92
1788840840,29743.75,29745.75,29739.75,29740.25,69
1788840900,29739.75,29740.75,29734.0,29739.0,141
1788840960,29738.0,29740.0,29734.75,29735.5,60
1788841020,29738.0,29743.25,29737.25,29742.75,53
1788841080,29743.0,29745.25,29742.0,29743.25,59
1788841140,29742.75,29744.0,29738.5,29743.5,39
1788841200,29742.75,29743.5,29741.25,29741.25,32
1788841260,29742.25,29748.0,29742.25,29743.5,86
1788841320,29743.25,29744.0,29741.25,29743.0,18
1788841380,29742.5,29750.5,29742.5,29745.25,76
1788841440,29745.75,29749.25,29743.5,29749.25,58
1788841500,29748.75,29750.75,29746.25,29750.25,61
1788841560,29750.75,29752.0,29747.25,29748.0,115
1788841620,29747.75,29749.25,29744.75,29748.75,56
1788841680,29747.75,29747.75,29743.75,29743.75,38
1788841740,29743.5,29746.75,29740.75,29745.5,94
1788841800,29746.25,29748.75,29743.75,29744.75,70
1788841860,29744.5,29750.5,29743.75,29747.75,108
1788841920,29747.25,29748.0,29742.25,29745.0,70
1788841980,29745.0,29745.0,29736.25,29737.5,121
1788842040,29738.5,29742.0,29737.0,29738.0,89
1788842100,29737.5,29738.0,29732.25,29732.5,116
1788842160,29733.5,29742.0,29728.25,29741.0,239
1788842220,29740.25,29746.5,29738.5,29744.75,102
1788842280,29744.25,29753.25,29742.5,29751.25,205
1788842340,29751.25,29758.5,29747.5,29758.0,214
1788842400,29758.5,29760.0,29756.75,29759.0,161
1788842460,29759.0,29764.0,29754.75,29754.75,215
1788842520,29754.0,29755.25,29750.75,29754.25,115
1788842580,29753.75,29756.25,29753.25,29755.25,46
1788842640,29754.75,29759.5,29754.0,29758.75,76
1788842700,29758.25,29762.0,29757.5,29760.75,62
1788842760,29760.25,29764.75,29754.25,29755.25,150
1788842820,29755.5,29756.5,29752.5,29753.0,79
1788842880,29752.75,29754.5,29745.75,29748.75,201
1788842940,29749.75,29753.0,29748.5,29751.0,70
1788843000,29751.5,29754.0,29749.75,29750.25,77
1788843060,29751.0,29753.0,29747.0,29747.0,94
1788843120,29746.0,29750.75,29743.75,29749.0,193
1788843180,29749.0,29750.0,29741.0,29743.5,154
1788843240,29743.0,29745.25,29742.5,29744.25,26
1788843300,29745.5,29746.0,29731.0,29734.75,199
1788843360,29736.25,29742.25,29734.5,29740.0,75
1788843420,29740.25,29749.25,29740.25,29748.0,76
1788843480,29747.75,29748.0,29743.0,29745.5,93
1788843540,29746.0,29746.25,29734.75,29737.25,88
1788843600,29738.5,29739.75,29731.5,29737.5,173
1788843660,29737.75,29738.75,29731.0,29732.75,124
1788843720,29732.75,29735.0,29730.0,29731.25,112
1788843780,29732.5,29735.0,29730.0,29734.0,66
1788843840,29733.75,29736.0,29726.0,29727.0,127
1788843900,29726.5,29729.25,29726.0,29727.5,188
1788843960,29726.0,29726.75,29720.75,29726.25,230
1788844020,29724.0,29725.25,29717.5,29721.25,170
1788844080,29720.25,29721.5,29708.25,29708.25,299
1788844140,29708.25,29710.5,29696.5,29700.75,382
1788844200,29700.5,29700.5,29686.5,29687.25,308
1788844260,29687.5,29693.5,29680.0,29684.75,336
1788844320,29686.0,29690.0,29682.75,29682.75,160
1788844380,29682.0,29693.25,29682.0,29690.0,157
1788844440,29691.5,29697.0,29683.25,29683.5,147
1788844500,29685.5,29688.0,29675.0,29681.0,273
1788844560,29681.0,29700.5,29680.75,29698.25,173
1788844620,29697.5,29704.5,29689.25,29700.5,209
1788844680,29700.5,29714.25,29698.75,29710.75,223
1788844740,29710.75,29715.5,29710.25,29715.5,162
1788844800,29716.5,29724.0,29714.5,29723.0,168
1788844860,29723.5,29732.25,29722.0,29731.0,345
1788844920,29730.0,29733.25,29727.0,29727.0,98
1788844980,29727.75,29728.25,29711.75,29711.75,175
1788845040,29714.0,29717.75,29709.0,29712.75,174
1788845100,29712.0,29719.0,29702.25,29702.5,237
1788845160,29704.0,29704.0,29689.75,29696.25,239
1788845220,29695.5,29697.0,29691.0,29692.25,108
1788845280,29691.75,29692.5,29682.0,29683.75,142
1788845340,29683.5,29686.5,29678.5,29678.75,112
1788845400,29679.5,29680.0,29669.5,29671.25,282
1788845460,29671.25,29673.5,29666.75,29666.75,215
1788845520,29666.75,29670.5,29658.75,29659.0,374
1788845580,29659.75,29660.0,29648.5,29651.5,473
1788845640,29651.5,29652.75,29645.0,29647.5,220
1788845700,29648.25,29657.0,29645.0,29651.25,251
1788845760,29653.0,29658.25,29650.0,29658.25,133
1788845820,29658.25,29663.75,29653.75,29656.0,167
1788845880,29652.75,29670.25,29650.5,29670.0,212
1788845940,29670.25,29685.25,29669.5,29684.75,285
1788846000,29684.0,29685.0,29656.0,29663.0,418
1788846060,29661.5,29664.75,29654.0,29658.25,130
1788846120,29658.0,29658.0,29647.5,29651.75,273
1788846180,29651.0,29652.5,29640.0,29641.0,238
1788846240,29642.25,29642.5,29631.75,29636.75,344
1788846300,29636.5,29644.0,29634.75,29639.5,152
1788846360,29640.5,29644.5,29635.5,29637.5,133
1788846420,29637.0,29639.75,29632.5,29639.5,206
1788846480,29640.0,29647.5,29636.5,29636.75,205
1788846540,29637.75,29645.5,29636.25,29643.0,157
1788846600,29642.0,29643.25,29630.25,29631.5,204
1788846660,29631.0,29631.0,29621.75,29622.75,363
1788846720,29622.0,29626.5,29614.25,29614.75,232
1788846780,29615.5,29624.0,29615.5,29621.75,144
1788846840,29622.5,29624.5,29615.25,29615.25,151
1788846900,29615.5,29624.0,29612.25,29616.75,194
1788846960,29618.5,29620.75,29615.75,29617.5,175
1788847020,29618.5,29622.5,29618.25,29621.75,92
1788847080,29622.5,29623.0,29615.0,29619.25,146
1788847140,29619.5,29620.5,29610.0,29612.25,181
1788847200,29612.25,29622.25,29604.75,29614.5,526
1788847260,29611.75,29619.75,29603.25,29605.5,308
1788847320,29607.0,29610.5,29596.75,29607.0,342
1788847380,29607.25,29613.0,29603.0,29606.75,176
1788847440,29606.75,29612.75,29604.75,29611.5,225
1788847500,29609.75,29610.0,29587.5,29596.25,379
1788847560,29596.25,29603.5,29588.0,29600.5,251
1788847620,29599.5,29605.75,29594.5,29605.5,188
1788847680,29604.5,29610.75,29603.25,29610.25,181
1788847740,29608.5,29610.0,29599.75,29605.0,172
1788847800,29605.25,29605.25,29592.75,29598.25,229
1788847860,29598.25,29598.25,29583.75,29585.75,257
1788847920,29586.5,29590.75,29581.75,29589.75,191
1788847980,29590.25,29598.5,29589.25,29592.25,216
1788848040,29591.75,29594.25,29588.0,29591.0,103
1788848100,29588.75,29591.75,29580.25,29581.5,165
1788848160,29581.25,29589.75,29571.0,29583.25,493
1788848220,29584.0,29587.0,29576.75,29576.75,143
1788848280,29574.5,29578.5,29565.0,29572.75,360
1788848340,29572.25,29573.0,29548.75,29548.75,327
1788848400,29550.0,29568.0,29545.5,29567.75,349
1788848460,29566.5,29571.0,29564.25,29569.75,145
1788848520,29569.0,29584.5,29567.25,29582.5,287
1788848580,29582.0,29582.25,29566.0,29572.25,252
1788848640,29571.75,29577.5,29569.25,29573.0,131
1788848700,29573.0,29578.0,29566.75,29577.25,165
1788848760,29577.25,29578.75,29572.25,29574.25,88
1788848820,29576.5,29580.0,29574.25,29576.5,159
1788848880,29576.0,29580.75,29572.25,29575.5,176
1788848940,29574.5,29586.75,29574.25,29576.25,244
1788849000,29576.25,29580.25,29570.75,29576.25,228
1788849060,29575.0,29575.75,29568.0,29574.25,187
1788849120,29574.5,29587.5,29573.5,29583.75,214
1788849180,29583.75,29588.0,29573.5,29576.0,188
1788849240,29575.5,29582.25,29568.0,29574.75,178
1788849300,29575.0,29575.75,29562.5,29564.75,197
1788849360,29564.75,29569.75,29559.0,29565.0,167
1788849420,29564.25,29577.5,29558.25,29576.25,236
1788849480,29577.0,29594.0,29576.25,29576.25,408
1788849540,29576.5,29601.25,29576.0,29600.25,293
1788849600,29599.75,29613.5,29598.5,29609.25,331
1788849660,29609.0,29612.5,29604.75,29607.25,207
1788849720,29607.25,29612.5,29607.0,29609.75,155
1788849780,29609.75,29612.0,29600.5,29606.5,237
1788849840,29606.25,29610.25,29604.0,29608.0,128
1788849900,29608.75,29614.75,29606.0,29607.0,140
1788849960,29609.0,29620.25,29607.75,29614.25,200
1788850020,29615.75,29619.75,29611.5,29614.5,141
1788850080,29614.25,29615.25,29610.75,29612.5,119
1788850140,29613.25,29615.25,29607.5,29609.25,159
1788850200,29608.75,29613.75,29604.75,29608.75,153
1788850260,29609.75,29609.75,29595.5,29596.75,157
1788850320,29595.0,29600.0,29590.25,29592.75,145
1788850380,29593.25,29594.5,29582.0,29585.25,289
1788850440,29586.25,29587.75,29580.5,29586.75,115
1788850500,29587.75,29595.75,29586.75,29595.75,178
1788850560,29595.0,29596.0,29588.25,29594.75,104
1788850620,29593.75,29600.0,29592.25,29598.75,130
1788850680,29598.75,29602.25,29596.0,29599.5,112
1788850740,29598.25,29602.75,29595.75,29600.25,120
1788850800,29601.0,29603.0,29588.75,29597.75,334
1788850860,29598.25,29603.5,29586.5,29594.25,211
1788850920,29594.25,29605.0,29593.75,29594.25,143
1788850980,29593.25,29611.25,29593.0,29610.25,203
1788851040,29610.75,29614.5,29603.5,29613.5,178
1788851100,29612.75,29629.0,29612.5,29629.0,296
1788851160,29629.5,29638.75,29626.5,29637.75,227
1788851220,29636.5,29638.0,29629.75,29631.25,191
1788851280,29631.0,29631.0,29607.25,29609.75,259
1788851340,29610.75,29615.25,29605.0,29605.5,170
1788851400,29605.25,29610.25,29598.0,29607.5,187
1788851460,29607.5,29615.0,29601.5,29610.0,169
1788851520,29610.0,29610.75,29602.75,29607.0,102
1788851580,29605.25,29615.5,29603.75,29615.5,196
1788851640,29613.5,29619.75,29604.0,29609.5,160
1788851700,29609.5,29611.5,29605.0,29606.75,78
1788851760,29604.75,29610.0,29600.0,29605.75,122
1788851820,29606.0,29606.25,29595.5,29600.75,275
1788851880,29601.0,29605.25,29600.25,29605.25,204
1788851940,29605.75,29616.75,29600.0,29614.5,197
1788852000,29615.5,29622.0,29610.75,29616.75,227
1788852060,29615.75,29616.5,29606.75,29607.5,177
1788852120,29610.25,29615.0,29604.5,29607.25,72
1788852180,29604.0,29616.75,29596.75,29615.5,134
1788852240,29615.25,29625.75,29615.25,29625.25,169
1788852300,29625.75,29628.75,29623.0,29625.0,109
1788852360,29627.0,29627.5,29616.0,29616.75,88
1788852420,29616.25,29625.75,29616.25,29622.5,96
1788852480,29624.0,29626.5,29619.75,29624.0,88
1788852540,29623.5,29625.0,29621.25,29623.75,106
1788852600,29622.75,29624.5,29609.75,29610.0,101
1788852660,29614.25,29615.0,29602.5,29609.5,204
1788852720,29608.75,29612.25,29602.25,29603.5,96
1788852780,29603.5,29603.5,29590.5,29592.25,264
1788852840,29591.5,29592.5,29585.25,29588.5,144
1788852900,29588.75,29592.0,29584.0,29588.0,287
1788852960,29587.5,29595.25,29584.25,29592.5,211
1788853020,29591.25,29591.25,29582.0,29584.5,167
1788853080,29585.25,29586.5,29569.0,29572.5,250
1788853140,29571.5,29573.25,29563.0,29563.0,115
1788853200,29564.75,29572.0,29562.25,29571.25,131
1788853260,29571.5,29572.0,29560.75,29561.5,124
1788853320,29562.5,29562.5,29550.0,29550.5,267
1788853380,29550.75,29573.5,29550.75,29568.75,295
1788853440,29570.0,29570.25,29561.75,29562.5,122
1788853500,29564.5,29566.75,29558.0,29560.75,72
1788853560,29560.0,29561.25,29556.5,29557.0,54
1788853620,29558.75,29561.5,29557.5,29560.5,71
1788853680,29558.5,29565.5,29557.0,29565.25,92
1788853740,29565.0,29566.25,29553.0,29563.5,240
1788853800,29562.5,29562.5,29551.25,29553.0,97
1788853860,29554.75,29557.0,29547.75,29550.75,102
1788853920,29550.75,29551.0,29543.0,29545.5,172
1788853980,29545.5,29547.75,29540.5,29546.5,137
1788854040,29545.25,29545.5,29534.75,29539.0,151
1788854100,29538.25,29553.0,29538.0,29552.75,130
1788854160,29552.75,29553.25,29543.0,29544.5,106
1788854220,29545.0,29545.5,29530.75,29535.25,193
1788854280,29534.0,29539.0,29532.75,29535.0,104
1788854340,29536.5,29536.5,29529.75,29535.5,197
1788854400,29534.5,29536.0,29513.75,29520.75,828
1788854460,29521.75,29541.25,29513.5,29516.5,468
1788854520,29515.0,29518.75,29492.0,29517.75,758
1788854580,29517.0,29517.0,29495.5,29504.0,400
1788854640,29503.75,29507.5,29481.75,29486.75,447
1788854700,29486.75,29505.5,29484.25,29503.5,432
1788854760,29502.75,29528.25,29500.5,29525.5,315
1788854820,29526.25,29534.5,29517.75,29528.5,344
1788854880,29530.75,29533.5,29491.5,29501.5,378
1788854940,29501.5,29501.5,29484.5,29496.25,291
1788855000,29496.25,29500.25,29486.5,29489.25,281
1788855060,29487.75,29495.0,29484.75,29487.25,167
1788855120,29487.0,29499.0,29477.75,29488.0,326
1788855180,29487.75,29500.0,29483.0,29483.25,184
1788855240,29483.75,29514.0,29483.75,29512.5,219
1788855300,29512.75,29530.25,29511.75,29521.75,269
1788855360,29522.5,29528.0,29515.75,29516.75,180
1788855420,29517.0,29523.0,29511.5,29521.5,135
1788855480,29520.25,29525.0,29512.0,29518.5,139
1788855540,29515.25,29527.0,29511.25,29514.75,264
1788855600,29514.5,29518.0,29509.0,29511.75,101
1788855660,29511.75,29512.25,29502.75,29509.25,188
1788855720,29510.5,29512.75,29496.0,29506.75,307
1788855780,29507.5,29510.25,29504.0,29508.5,116
1788855840,29507.0,29519.25,29507.0,29510.25,124
1788855900,29511.75,29522.0,29507.5,29518.25,292
1788855960,29516.5,29524.25,29513.75,29524.25,96
1788856020,29523.0,29526.5,29515.0,29515.25,110
1788856080,29514.5,29521.25,29510.75,29511.5,104
1788856140,29511.75,29512.5,29498.5,29499.75,229
1788856200,29499.5,29501.25,29490.5,29499.25,234
1788856260,29500.0,29512.0,29500.0,29505.25,159
1788856320,29505.25,29505.25,29495.75,29502.75,75
1788856380,29503.0,29517.5,29501.75,29516.5,189
1788856440,29514.75,29525.75,29497.5,29523.25,269
1788856500,29521.75,29522.75,29516.25,29516.75,70
1788856560,29518.75,29520.0,29509.75,29515.5,92
1788856620,29515.75,29515.75,29493.25,29498.0,130
1788856680,29499.5,29504.75,29493.5,29504.0,114
1788856740,29504.25,29506.5,29499.75,29504.0,42
1788856800,29505.25,29507.5,29499.5,29507.25,82
1788856860,29508.0,29508.75,29499.25,29506.25,77
1788856920,29505.5,29508.25,29498.5,29498.5,52
1788856980,29500.25,29511.5,29500.0,29500.25,129
1788857040,29502.75,29503.75,29496.75,29502.0,81
1788857100,29502.25,29533.0,29489.5,29520.25,622
1788857160,29520.5,29531.0,29517.0,29524.25,279
1788857220,29523.0,29528.5,29511.5,29511.5,124
1788857280,29511.0,29513.5,29499.0,29500.25,100
1788857340,29498.75,29507.25,29495.75,29504.25,121
1788857400,29507.25,29512.25,29496.25,29501.5,166
1788857460,29503.0,29503.0,29490.0,29492.5,146
1788857520,29492.0,29499.25,29492.0,29497.0,78
1788857580,29496.25,29497.5,29493.0,29496.0,57
1788857640,29495.75,29505.5,29494.5,29501.5,80
1788857700,29503.0,29503.0,29494.5,29495.5,59
1788857760,29496.0,29509.25,29496.0,29504.5,119
1788857820,29504.0,29504.0,29497.75,29498.0,80
1788857880,29497.0,29506.5,29494.0,29502.75,74
1788857940,29502.5,29507.25,29495.0,29507.0,151
1788858000,29507.0,29507.0,29484.5,29487.75,339
1788858060,29488.0,29501.25,29487.0,29499.25,171
1788858120,29498.25,29508.0,29497.5,29508.0,74
1788858180,29506.75,29510.5,29501.75,29506.0,93
1788858240,29504.5,29516.5,29503.75,29510.0,93
1788858300,29509.5,29517.75,29508.25,29517.75,35
1788858360,29517.75,29528.25,29517.75,29522.25,154
1788858420,29523.5,29526.0,29516.75,29525.0,76
1788858480,29525.25,29528.75,29522.5,29524.25,84
1788858540,29524.5,29528.75,29519.5,29528.5,101
1788858600,29529.25,29533.25,29525.0,29532.25,108
1788858660,29532.75,29538.25,29530.0,29536.75,185
1788858720,29538.0,29546.25,29536.0,29543.5,204
1788858780,29541.5,29545.5,29538.75,29540.25,116
1788858840,29541.75,29545.75,29541.0,29545.75,64
1788858900,29544.0,29546.25,29542.5,29544.75,61
1788858960,29545.25,29546.5,29542.25,29543.0,49
1788859020,29543.75,29544.0,29534.75,29538.0,79
1788859080,29538.25,29540.0,29535.5,29536.5,46
1788859140,29536.0,29540.25,29530.75,29535.0,82
1788859200,29533.5,29538.5,29532.75,29534.75,57
1788859260,29535.5,29538.0,29530.25,29534.25,87
1788859320,29532.75,29533.0,29528.75,29531.75,31
1788859380,29533.0,29538.25,29533.0,29537.75,46
1788859440,29537.25,29545.5,29536.0,29544.75,86
1788859500,29544.75,29545.0,29538.25,29544.5,84
1788859560,29543.0,29543.0,29535.0,29539.25,86
1788859620,29537.0,29547.75,29537.0,29545.5,131
1788859680,29545.5,29545.5,29537.0,29537.5,50
1788859740,29538.25,29549.25,29536.0,29547.75,66
1788859800,29549.25,29555.25,29542.75,29554.75,159
1788859860,29554.0,29562.0,29554.0,29560.75,145
1788859920,29562.5,29566.25,29561.5,29563.0,131
1788859980,29562.75,29565.75,29560.5,29562.75,84
1788860040,29563.0,29563.25,29560.0,29561.75,51
1788860100,29562.75,29566.25,29559.0,29565.5,101
1788860160,29563.0,29568.25,29557.75,29561.5,223
1788860220,29562.25,29566.25,29560.75,29563.0,139
1788860280,29564.5,29572.0,29562.0,29569.25,213
1788860340,29569.75,29576.0,29569.0,29575.25,163
1788860400,29573.0,29587.0,29565.0,29570.75,428
1788860460,29570.0,29583.5,29561.0,29574.75,435
1788860520,29575.0,29576.0,29570.0,29570.0,136
1788860580,29570.5,29571.5,29565.75,29566.0,93
1788860640,29565.25,29570.25,29563.0,29568.0,62
1788860700,29568.0,29572.75,29566.75,29570.0,72
1788860760,29571.0,29581.0,29569.25,29577.75,175
1788860820,29575.25,29578.5,29572.5,29577.25,71
1788860880,29577.5,29582.0,29574.25,29581.0,93
1788860940,29582.25,29586.5,29579.75,29584.5,75
1788861000,29584.25,29589.75,29582.75,29589.75,75
1788861060,29589.75,29591.5,29581.5,29584.5,146
1788861120,29584.25,29590.25,29582.75,29583.5,66
1788861180,29583.5,29585.75,29581.5,29585.0,74
1788861240,29586.0,29588.75,29582.0,29588.75,64
1788861300,29588.75,29592.0,29586.0,29590.5,71
1788861360,29591.0,29593.5,29589.25,29592.25,100
1788861420,29591.5,29594.25,29590.75,29592.0,50
1788861480,29591.75,29594.75,29590.75,29594.5,83
1788861540,29593.75,29600.5,29593.75,29599.75,158
1788861600,29600.0,29600.0,29591.5,29595.75,119
1788861660,29597.0,29598.75,29589.5,29591.5,115
1788861720,29591.0,29592.0,29588.25,29588.75,82
1788861780,29589.75,29595.0,29586.75,29587.75,62
1788861840,29588.0,29591.75,29584.5,29586.75,147
1788861900,29587.0,29588.75,29583.75,29585.75,54
1788861960,29585.75,29590.25,29584.25,29586.5,52
1788862020,29585.5,29587.25,29582.75,29586.25,99
1788862080,29585.75,29587.0,29584.75,29585.25,30
1788862140,29585.0,29585.75,29580.25,29581.75,58
1788862200,29581.0,29586.5,29580.25,29583.0,78
1788862260,29583.25,29583.75,29577.25,29578.5,96
1788862320,29578.75,29580.0,29574.0,29576.0,118
1788862380,29575.75,29576.0,29572.75,29574.75,78
1788862440,29575.25,29586.25,29575.25,29584.5,83
1788862500,29584.25,29586.0,29583.25,29584.25,39
1788862560,29585.0,29588.0,29584.25,29588.0,39
1788862620,29586.75,29592.75,29586.75,29589.5,93
1788862680,29590.0,29593.75,29588.0,29589.0,71
1788862740,29589.5,29598.5,29589.5,29598.25,82
1788862800,29598.5,29649.0,29595.25,29625.0,1643
1788862860,29626.25,29626.25,29608.5,29616.0,254
1788862920,29615.0,29616.75,29609.25,29612.0,138
1788862980,29610.5,29616.0,29608.5,29609.75,157
1788863040,29610.25,29612.0,29603.75,29606.0,119
1788863100,29606.75,29612.0,29603.75,29606.25,101
1788863160,29605.5,29611.25,29602.75,29603.75,165
1788863220,29603.5,29605.0,29601.25,29604.25,76
1788863280,29605.0,29608.25,29605.0,29606.0,56
1788863340,29606.0,29609.0,29603.5,29607.75,52
1788863400,29607.75,29608.25,29599.25,29602.0,115
1788863460,29601.5,29603.0,29597.0,29597.5,82
1788863520,29598.0,29599.25,29589.25,29595.5,121
1788863580,29593.25,29594.25,29585.0,29586.0,134
1788863640,29585.5,29590.5,29581.75,29589.0,173
1788863700,29588.75,29591.5,29587.5,29589.75,38
1788863760,29589.5,29593.75,29588.5,29593.0,80
1788863820,29591.75,29592.5,29587.5,29588.25,40
1788863880,29588.75,29597.5,29588.75,29593.25,50
1788863940,29593.0,29594.5,29591.25,29594.25,35
1788864000,29594.5,29595.0,29587.25,29588.75,59
1788864060,29588.75,29594.75,29588.0,29593.0,82
1788864120,29594.0,29595.0,29587.0,29593.0,54
1788864180,29593.5,29596.25,29586.75,29587.0,108
1788864240,29587.25,29594.5,29587.25,29592.75,144
1788864300,29591.25,29592.5,29588.75,29589.0,102
1788864360,29588.75,29590.0,29585.5,29585.75,124
1788864420,29585.25,29585.25,29571.25,29572.5,278
1788864480,29572.5,29576.75,29570.0,29576.5,187
1788864540,29575.0,29575.0,29566.5,29569.0,150
1788864600,29569.0,29571.5,29566.0,29569.5,129
1788864660,29570.0,29572.0,29563.0,29564.0,140
1788864720,29564.0,29564.5,29551.5,29553.5,249
1788864780,29553.75,29557.25,29546.5,29554.0,424
1788864840,29554.0,29562.25,29552.5,29562.0,165
1788864900,29561.5,29573.0,29561.5,29566.25,155
1788864960,29566.75,29576.25,29566.0,29575.25,119
1788865020,29575.5,29575.5,29565.75,29569.25,86
1788865080,29570.75,29572.5,29567.75,29571.25,49
1788865140,29572.5,29577.0,29567.25,29568.0,105
1788865200,29568.5,29571.0,29563.25,29566.5,206
1788865260,29567.5,29573.75,29562.0,29573.5,113
1788865320,29573.5,29580.0,29571.75,29574.5,100
1788865380,29574.0,29574.0,29560.25,29564.5,130
1788865440,29564.75,29570.5,29560.75,29570.5,109
1788865500,29571.0,29572.75,29562.25,29568.25,80
1788865560,29567.75,29567.75,29555.75,29558.5,94
1788865620,29558.75,29559.25,29547.25,29548.75,149
1788865680,29546.75,29549.25,29538.5,29541.25,203
1788865740,29542.25,29583.75,29542.25,29560.0,830
1788865800,29559.5,29560.25,29545.25,29547.25,143
1788865860,29548.25,29549.75,29540.25,29542.0,151
1788865920,29541.0,29542.75,29538.5,29539.5,115
1788865980,29539.5,29539.75,29533.5,29536.0,153
1788866040,29536.25,29548.5,29536.25,29547.0,224
1788866100,29546.75,29561.0,29545.0,29558.75,155
1788866160,29558.25,29566.0,29557.0,29566.0,138
1788866220,29567.0,29569.75,29562.75,29568.5,120
1788866280,29569.0,29573.5,29568.0,29570.0,147
1788866340,29569.75,29574.25,29569.75,29574.25,152
1788866400,29574.25,29576.5,29563.75,29566.75,177
1788866460,29566.25,29566.5,29555.75,29558.75,85
1788866520,29558.25,29564.75,29557.5,29564.0,54
1788866580,29564.0,29569.25,29563.25,29566.75,71
1788866640,29566.25,29572.5,29565.5,29567.25,99
1788866700,29566.75,29570.75,29566.75,29570.0,47
1788866760,29569.5,29571.25,29564.25,29565.5,63
1788866820,29567.75,29568.5,29565.0,29567.25,51
1788866880,29567.75,29571.0,29564.25,29564.75,52
1788866940,29565.5,29566.0,29559.0,29562.25,86
1788867000,29563.0,29564.0,29557.0,29559.25,96
1788867060,29560.5,29566.25,29560.25,29562.0,65
1788867120,29562.5,29567.0,29561.0,29562.5,66
1788867180,29561.75,29565.5,29560.0,29563.5,75
1788867240,29562.75,29575.5,29562.75,29570.75,181
1788867300,29571.5,29571.75,29564.25,29568.5,108
1788867360,29568.5,29570.25,29565.0,29569.5,102
1788867420,29569.75,29572.5,29567.75,29569.25,84
1788867480,29568.0,29568.0,29561.0,29561.0,76
1788867540,29560.25,29563.5,29559.5,29559.5,63
1788867600,29559.0,29562.0,29555.5,29559.5,111
1788867660,29558.5,29558.5,29550.75,29553.25,108
1788867720,29554.0,29554.0,29550.75,29554.0,53
1788867780,29555.0,29556.5,29554.0,29554.5,34
1788867840,29554.25,29555.5,29546.0,29547.0,93
1788867900,29547.0,29553.5,29542.5,29544.75,241
1788867960,29544.5,29550.25,29540.75,29541.75,90
1788868020,29541.25,29546.0,29538.5,29544.5,74
1788868080,29544.75,29548.75,29540.0,29547.25,99
1788868140,29547.25,29549.25,29543.25,29546.75,124
1788868200,29546.0,29559.75,29545.75,29556.25,150
1788868260,29557.0,29559.0,29553.75,29555.0,46
1788868320,29554.25,29558.75,29549.5,29558.0,150
1788868380,29558.75,29571.5,29553.0,29571.25,289
1788868440,29570.75,29572.0,29566.75,29570.75,183
1788868500,29571.25,29588.75,29571.25,29586.0,370
1788868560,29585.5,29594.75,29582.75,29592.25,229
1788868620,29591.0,29595.0,29582.5,29588.0,267
1788868680,29588.25,29598.0,29586.25,29598.0,105
1788868740,29597.25,29601.75,29594.25,29601.0,215
1788868800,29601.0,29601.0,29575.0,29581.0,381
1788868860,29582.75,29582.75,29574.75,29576.75,227
1788868920,29576.75,29578.75,29574.75,29578.25,86
1788868980,29579.0,29583.25,29573.5,29580.75,138
1788869040,29580.75,29583.25,29579.5,29580.75,69
1788869100,29580.75,29585.5,29577.25,29579.5,100
1788869160,29579.5,29581.25,29572.25,29579.25,127
1788869220,29579.25,29580.0,29572.75,29574.75,103
1788869280,29575.0,29582.75,29572.5,29575.0,114
1788869340,29575.5,29590.0,29575.5,29587.5,196
1788869400,29587.5,29587.5,29571.25,29572.75,148
1788869460,29574.5,29576.5,29565.0,29566.25,164
1788869520,29567.5,29570.0,29564.0,29566.75,187
1788869580,29566.75,29567.5,29555.0,29556.75,152
1788869640,29557.0,29561.75,29551.25,29555.0,173
1788869700,29555.75,29557.25,29548.0,29557.0,177
1788869760,29556.5,29557.25,29553.25,29554.75,73
1788869820,29558.0,29562.75,29556.25,29556.5,142
1788869880,29561.0,29579.0,29556.5,29578.0,192
1788869940,29578.5,29580.0,29571.5,29579.0,142
1788870000,29578.75,29583.75,29570.5,29582.75,148
1788870060,29583.0,29585.0,29577.0,29580.0,214
1788870120,29579.5,29582.75,29575.75,29577.0,108
1788870180,29577.5,29577.5,29568.0,29571.5,135
1788870240,29573.25,29586.25,29573.25,29580.25,252
1788870300,29579.25,29595.0,29579.25,29593.5,201
1788870360,29593.75,29595.5,29587.5,29591.75,124
1788870420,29591.5,29593.5,29587.5,29589.25,94
1788870480,29587.5,29587.5,29582.0,29582.25,87
1788870540,29584.0,29595.5,29583.0,29595.5,124
1788870600,29595.25,29601.0,29591.0,29599.5,221
1788870660,29599.75,29604.0,29595.0,29604.0,213
1788870720,29603.5,29624.5,29603.5,29624.0,387
1788870780,29624.0,29626.0,29611.5,29623.0,473
1788870840,29623.5,29623.75,29613.25,29620.75,181
1788870900,29620.5,29621.5,29614.75,29617.25,125
1788870960,29618.0,29627.0,29616.5,29625.5,265
1788871020,29625.5,29625.5,29616.25,29619.0,147
1788871080,29619.75,29619.75,29608.5,29610.5,182
1788871140,29611.0,29616.75,29609.75,29616.5,188
1788871200,29616.5,29621.25,29607.75,29609.5,191
1788871260,29609.5,29615.5,29605.5,29613.5,210
1788871320,29613.25,29617.5,29608.0,29610.75,286
1788871380,29611.0,29613.25,29604.75,29611.75,200
1788871440,29611.25,29616.5,29609.75,29615.0,85
1788871500,29615.0,29616.75,29610.25,29614.5,69
1788871560,29614.0,29618.0,29611.0,29615.75,135
1788871620,29615.5,29615.5,29608.75,29610.25,165
1788871680,29610.25,29621.5,29604.25,29620.75,353
1788871740,29620.5,29629.25,29619.25,29626.0,212
1788871800,29626.5,29629.25,29625.0,29627.75,131
1788871860,29628.25,29630.0,29621.5,29624.0,201
1788871920,29624.75,29635.0,29624.0,29633.75,286
1788871980,29633.75,29633.75,29624.75,29631.25,155
1788872040,29631.5,29638.0,29630.0,29637.75,208
1788872100,29637.5,29637.5,29630.25,29635.5,172
1788872160,29636.0,29639.25,29632.5,29636.0,194
1788872220,29637.0,29643.75,29634.75,29643.0,251
1788872280,29643.0,29646.0,29638.25,29639.75,258
1788872340,29639.75,29654.75,29639.0,29654.0,500
1788872400,29653.75,29654.75,29645.0,29653.0,462
1788872460,29653.25,29654.75,29646.75,29654.5,301
1788872520,29654.25,29654.5,29634.75,29637.75,394
1788872580,29637.5,29643.25,29634.5,29641.25,288
1788872640,29641.0,29648.5,29640.0,29647.75,253
1788872700,29647.5,29655.0,29644.75,29651.75,373
1788872760,29652.0,29656.0,29649.75,29652.0,389
1788872820,29652.0,29653.0,29645.75,29649.0,193
1788872880,29649.0,29653.75,29647.5,29649.75,214
1788872940,29650.25,29650.25,29640.5,29645.25,195
1788873000,29645.75,29650.0,29643.75,29648.75,146
1788873060,29649.25,29660.0,29648.75,29658.25,289
1788873120,29658.0,29659.5,29654.0,29655.25,193
1788873180,29654.75,29658.0,29653.0,29655.75,146
1788873240,29656.0,29659.25,29655.25,29658.5,81
1788873300,29659.0,29661.25,29654.5,29659.5,272
1788873360,29659.75,29662.75,29653.5,29656.0,214
1788873420,29655.75,29659.0,29651.25,29652.5,208
1788873480,29654.0,29663.0,29652.75,29662.25,246
1788873540,29663.0,29667.25,29659.25,29667.25,209
1788873600,29666.25,29667.25,29662.75,29664.75,466
1788873660,29664.5,29666.25,29660.5,29663.25,198
1788873720,29663.75,29666.0,29657.5,29664.75,244
1788873780,29665.25,29668.25,29658.25,29660.5,471
1788873840,29661.75,29662.75,29653.25,29655.0,284
1788873900,29655.25,29662.0,29654.0,29658.75,592
1788873960,29659.75,29661.5,29654.25,29658.0,396
1788874020,29657.25,29657.5,29644.0,29648.0,650
1788874080,29649.0,29652.25,29636.5,29638.75,965
1788874140,29639.0,29651.25,29635.75,29644.5,982
1788874200,29644.75,29686.5,29638.25,29661.25,5538
1788874260,29660.5,29676.0,29634.5,29634.5,3736
1788874320,29635.25,29643.5,29602.0,29602.0,4109
1788874380,29601.75,29606.5,29577.5,29586.75,3015
1788874440,29586.5,29603.75,29572.0,29600.5,2910
1788874500,29600.25,29606.0,29566.75,29578.0,3234
1788874560,29578.0,29582.75,29564.0,29576.0,2143
1788874620,29576.5,29591.0,29561.5,29590.5,2193
1788874680,29590.25,29609.25,29581.25,29607.5,2237
1788874740,29607.0,29613.25,29560.5,29568.0,2339
1788874800,29567.5,29573.5,29540.0,29542.0,2869
1788874860,29541.75,29549.25,29532.0,29533.0,2227
1788874920,29533.5,29535.5,29490.0,29490.0,3553
1788874980,29490.5,29504.5,29488.0,29498.25,2078
1788875040,29497.75,29502.0,29467.0,29474.0,2962
1788875100,29474.25,29516.0,29469.75,29512.5,3672
1788875160,29512.25,29523.75,29488.25,29500.5,2719
1788875220,29500.25,29508.0,29486.25,29493.5,1931
1788875280,29493.0,29515.0,29491.0,29513.5,1735
1788875340,29513.5,29527.5,29504.75,29526.75,1829
1788875400,29526.75,29527.75,29494.25,29503.0,1837
1788875460,29502.25,29503.5,29481.5,29497.25,1978
1788875520,29497.25,29501.25,29474.5,29481.0,1609
1788875580,29480.5,29480.75,29455.25,29465.75,2569
1788875640,29466.5,29503.5,29463.25,29501.0,2589
1788875700,29501.5,29526.25,29489.5,29526.25,2452
1788875760,29525.25,29526.0,29510.75,29520.25,1496
1788875820,29519.75,29538.5,29516.25,29529.75,2050
1788875880,29530.0,29537.0,29517.5,29525.0,1597
1788875940,29524.75,29525.5,29497.25,29502.75,1652
1788876000,29503.25,29512.5,29477.5,29490.5,2746
1788876060,29490.25,29490.25,29462.75,29464.0,2097
1788876120,29463.5,29463.5,29436.25,29460.0,3812
1788876180,29459.5,29487.25,29453.75,29479.0,2336
1788876240,29480.25,29485.75,29461.5,29483.25,1596
1788876300,29484.5,29491.25,29469.25,29475.0,1645
1788876360,29475.25,29479.0,29457.75,29468.25,1513
1788876420,29467.5,29484.25,29452.75,29465.75,1710
1788876480,29464.5,29475.0,29460.0,29462.5,1112
1788876540,29462.0,29468.75,29451.75,29453.25,1460
1788876600,29452.75,29460.0,29432.5,29445.75,2362
1788876660,29446.25,29454.5,29424.75,29429.0,1763
1788876720,29429.25,29463.0,29428.75,29463.0,1663
1788876780,29463.5,29472.5,29456.5,29471.75,1453
1788876840,29472.25,29479.5,29460.5,29462.5,1308
1788876900,29462.25,29484.5,29458.5,29479.5,2313
1788876960,29479.75,29493.75,29472.75,29482.5,1739
1788877020,29481.75,29482.75,29469.25,29473.0,1371
1788877080,29473.5,29476.75,29460.25,29474.5,1046
1788877140,29474.5,29483.0,29467.25,29479.25,954
1788877200,29480.5,29498.75,29476.0,29498.0,1192
1788877260,29498.75,29513.75,29498.0,29512.5,1501
1788877320,29512.75,29519.0,29503.75,29509.25,1109
1788877380,29509.5,29517.5,29497.0,29515.25,1500
1788877440,29517.0,29524.75,29509.75,29522.25,987
1788877500,29520.5,29521.75,29505.75,29513.25,990
1788877560,29512.75,29514.5,29487.0,29491.5,1242
1788877620,29490.75,29497.5,29484.0,29492.0,968
1788877680,29492.0,29507.25,29492.0,29497.0,876
1788877740,29496.5,29518.0,29493.75,29516.75,934
1788877800,29516.0,29521.25,29494.25,29498.5,1337
1788877860,29497.75,29508.5,29490.0,29508.5,1096
1788877920,29508.5,29517.0,29496.5,29511.25,1106
1788877980,29511.0,29512.0,29491.75,29508.25,864
1788878040,29507.75,29525.25,29504.25,29522.75,890
1788878100,29522.25,29524.5,29504.75,29513.75,868
1788878160,29513.5,29518.25,29500.25,29507.5,724
1788878220,29507.25,29510.5,29497.75,29509.0,677
1788878280,29508.0,29521.75,29496.5,29521.0,812
1788878340,29520.0,29521.5,29504.25,29506.25,714
1788878400,29505.75,29513.75,29503.75,29511.25,572
1788878460,29511.5,29527.5,29510.0,29523.75,962
1788878520,29523.0,29530.5,29517.75,29524.0,918
1788878580,29524.0,29524.5,29514.75,29518.75,591
1788878640,29519.5,29538.0,29518.5,29530.0,1066
1788878700,29530.75,29533.25,29511.75,29525.25,1782
1788878760,29525.0,29534.0,29519.25,29524.5,871
1788878820,29525.0,29530.5,29518.0,29522.0,791
1788878880,29522.75,29524.5,29514.75,29522.5,769
1788878940,29522.25,29528.75,29517.5,29527.0,622
1788879000,29526.5,29544.0,29523.0,29543.5,1294
1788879060,29543.0,29550.25,29536.25,29538.75,1268
1788879120,29538.75,29545.5,29527.25,29544.75,1292
1788879180,29545.0,29551.5,29543.25,29551.25,798
1788879240,29551.5,29551.5,29542.5,29549.25,713
1788879300,29549.25,29562.5,29549.25,29560.5,1226
1788879360,29560.75,29562.0,29554.5,29556.75,681
1788879420,29556.5,29557.75,29543.0,29543.75,862
1788879480,29543.5,29551.75,29540.0,29549.5,716
1788879540,29549.25,29563.5,29548.75,29563.0,845
1788879600,29563.0,29567.75,29557.5,29565.0,1273
1788879660,29564.75,29567.0,29559.75,29561.75,591
1788879720,29561.75,29562.5,29549.5,29551.5,842
1788879780,29551.5,29561.0,29549.5,29554.75,684
1788879840,29556.0,29562.75,29551.0,29558.25,624
1788879900,29558.25,29568.5,29555.75,29563.75,835
1788879960,29563.75,29564.75,29553.0,29555.25,571
1788880020,29555.0,29558.25,29551.0,29557.25,581
1788880080,29557.75,29559.75,29553.5,29554.0,431
1788880140,29554.0,29557.25,29545.5,29557.25,648
1788880200,29557.0,29578.25,29555.5,29576.5,1183
1788880260,29577.0,29586.0,29576.25,29580.25,1231
1788880320,29580.5,29592.75,29574.5,29588.25,948
1788880380,29588.5,29606.0,29587.5,29604.75,1558
1788880440,29605.0,29610.0,29597.75,29602.75,1383
1788880500,29603.0,29607.0,29593.75,29606.5,1078
1788880560,29606.5,29616.5,29605.25,29611.0,1156
1788880620,29611.25,29615.25,29606.5,29614.0,882
1788880680,29614.0,29624.5,29613.0,29621.5,1095
1788880740,29622.25,29622.75,29612.75,29618.5,1001
1788880800,29618.5,29619.0,29605.5,29611.0,1150
1788880860,29611.5,29612.0,29588.5,29589.25,1386
1788880920,29589.0,29591.75,29581.0,29585.75,1084
1788880980,29585.5,29604.75,29584.75,29601.5,895
1788881040,29602.25,29620.0,29601.25,29617.75,1047
1788881100,29617.25,29639.5,29613.25,29621.0,2235
1788881160,29622.0,29623.5,29610.5,29611.75,1466
1788881220,29611.75,29617.75,29607.75,29613.5,861
1788881280,29613.5,29618.5,29605.75,29612.0,734
1788881340,29611.5,29613.75,29606.0,29609.0,754
1788881400,29609.25,29621.25,29607.75,29611.25,986
1788881460,29611.5,29617.75,29607.25,29610.0,516
1788881520,29610.5,29614.75,29603.5,29614.5,629
1788881580,29614.25,29614.25,29600.75,29605.5,748
1788881640,29606.0,29613.5,29602.25,29610.75,494
1788881700,29610.75,29612.25,29596.5,29598.5,743
1788881760,29599.25,29604.75,29595.5,29604.25,697
1788881820,29604.25,29605.5,29597.5,29602.75,555
1788881880,29602.25,29603.5,29596.75,29602.25,458
1788881940,29602.25,29612.75,29598.25,29611.5,560
1788882000,29612.0,29617.0,29606.75,29614.75,676
1788882060,29614.25,29638.5,29614.0,29637.5,1090
1788882120,29637.0,29645.25,29636.0,29639.0,1205
1788882180,29639.0,29644.75,29634.75,29642.0,897
1788882240,29641.75,29644.0,29635.75,29641.5,585
1788882300,29641.5,29644.0,29632.0,29635.75,849
1788882360,29635.75,29637.75,29625.75,29628.0,948
1788882420,29628.75,29632.75,29614.75,29616.25,803
1788882480,29616.5,29621.5,29608.0,29613.5,736
1788882540,29613.0,29616.0,29606.5,29612.75,790
1788882600,29612.75,29626.5,29610.75,29618.0,1096
1788882660,29618.25,29621.5,29609.5,29614.25,590
1788882720,29614.5,29615.0,29607.5,29614.25,555
1788882780,29614.5,29620.5,29607.75,29615.75,517
1788882840,29615.25,29618.5,29608.25,29613.75,479
1788882900,29613.75,29613.75,29604.0,29609.75,618
1788882960,29609.75,29611.5,29605.5,29608.25,519
1788883020,29608.0,29619.5,29608.0,29617.75,605
1788883080,29617.75,29621.5,29605.0,29605.0,531
1788883140,29605.0,29607.0,29599.0,29604.25,803
1788883200,29604.25,29608.5,29600.75,29602.25,651
1788883260,29601.75,29606.25,29596.75,29606.25,767
1788883320,29606.0,29609.0,29599.0,29604.75,624
1788883380,29604.25,29607.0,29599.25,29604.75,549
1788883440,29604.5,29618.0,29601.25,29618.0,657
1788883500,29617.0,29622.0,29608.0,29622.0,572
1788883560,29621.5,29621.75,29613.5,29616.5,500
1788883620,29616.0,29616.0,29599.0,29607.25,757
1788883680,29607.5,29609.0,29599.75,29600.0,382
1788883740,29600.25,29600.75,29589.0,29589.75,736
1788883800,29589.75,29593.0,29584.5,29585.75,773
1788883860,29586.75,29586.75,29577.5,29579.25,687
1788883920,29579.5,29587.75,29579.0,29580.25,556
1788883980,29580.25,29595.0,29580.25,29593.75,504
1788884040,29593.5,29594.75,29588.5,29589.5,371
1788884100,29588.75,29589.75,29580.0,29581.75,596
1788884160,29581.75,29582.25,29570.0,29574.5,729
1788884220,29575.0,29578.5,29571.5,29575.75,536
1788884280,29575.5,29582.25,29572.5,29574.75,506
1788884340,29574.75,29575.0,29569.25,29569.5,426
1788884400,29569.0,29584.5,29562.5,29584.0,993
1788884460,29584.0,29586.25,29577.75,29581.25,671
1788884520,29581.0,29587.75,29580.25,29584.75,503
1788884580,29585.25,29587.25,29578.25,29586.25,408
1788884640,29587.25,29591.75,29582.0,29591.75,498
1788884700,29592.0,29604.5,29589.5,29597.75,1150
1788884760,29598.25,29599.5,29581.5,29582.5,682
1788884820,29583.25,29584.5,29577.25,29578.25,460
1788884880,29578.25,29579.5,29571.5,29577.0,476
1788884940,29576.0,29576.0,29565.75,29567.75,682
1788885000,29568.5,29570.5,29561.75,29566.0,706
1788885060,29566.5,29576.0,29565.5,29575.0,678
1788885120,29574.75,29575.5,29565.75,29572.75,570
1788885180,29573.0,29583.0,29571.25,29583.0,653
1788885240,29583.0,29583.75,29575.0,29575.5,472
1788885300,29575.5,29581.5,29569.25,29580.0,537
1788885360,29579.0,29583.0,29573.5,29575.0,386
1788885420,29574.25,29578.0,29573.25,29575.5,299
1788885480,29575.25,29579.0,29570.0,29576.5,486
1788885540,29576.75,29581.0,29572.0,29575.0,470
1788885600,29575.5,29584.5,29573.5,29574.0,514
1788885660,29574.25,29579.75,29571.0,29577.25,455
1788885720,29577.75,29580.5,29574.75,29575.25,318
1788885780,29574.25,29579.25,29568.0,29579.25,528
1788885840,29579.75,29579.75,29571.5,29575.5,358
1788885900,29575.0,29582.25,29570.25,29571.0,484
1788885960,29571.75,29579.25,29570.75,29577.5,343
1788886020,29578.0,29590.0,29576.5,29588.5,615
1788886080,29588.0,29595.75,29585.75,29587.25,532
1788886140,29587.25,29591.0,29583.5,29590.5,386
1788886200,29590.25,29609.25,29582.75,29603.25,1853
1788886260,29603.75,29603.75,29590.0,29591.75,641
1788886320,29592.5,29595.75,29589.25,29592.0,410
1788886380,29591.0,29604.0,29587.25,29604.0,606
1788886440,29604.25,29606.0,29593.75,29595.25,395
1788886500,29596.25,29599.25,29591.0,29597.75,416
1788886560,29597.25,29597.5,29560.75,29578.75,2462
1788886620,29578.25,29582.0,29574.0,29576.0,527
1788886680,29576.0,29578.75,29569.5,29571.5,476
1788886740,29571.75,29574.25,29549.5,29573.5,1610
1788886800,29572.75,29604.0,29572.0,29602.5,1231
1788886860,29602.25,29622.5,29597.5,29621.25,1317
1788886920,29621.0,29625.75,29616.0,29621.5,749
1788886980,29621.75,29625.0,29617.0,29622.0,485
1788887040,29621.5,29631.5,29619.25,29630.25,597
1788887100,29630.5,29631.25,29626.25,29629.25,513
1788887160,29629.25,29641.5,29622.25,29641.0,940
1788887220,29640.25,29640.5,29627.0,29627.75,631
1788887280,29628.0,29629.0,29616.5,29622.25,759
1788887340,29622.25,29622.25,29616.75,29620.5,374
1788887400,29620.75,29625.5,29619.0,29622.75,426
1788887460,29622.75,29625.25,29619.5,29623.0,291
1788887520,29623.0,29627.75,29620.75,29623.75,322
1788887580,29624.25,29632.75,29621.25,29631.5,542
1788887640,29631.25,29632.5,29625.5,29628.75,323
1788887700,29628.0,29631.0,29620.75,29628.0,496
1788887760,29628.0,29632.5,29626.25,29626.75,405
1788887820,29628.5,29633.5,29627.0,29628.75,299
1788887880,29627.75,29631.25,29624.25,29626.0,375
1788887940,29626.25,29631.0,29624.75,29625.5,331
1788888000,29626.25,29627.75,29618.5,29619.5,497
1788888060,29618.75,29620.75,29614.0,29618.5,515
1788888120,29618.25,29618.25,29612.0,29616.75,333
1788888180,29617.0,29623.5,29613.5,29623.0,391
1788888240,29622.75,29629.25,29615.5,29623.25,460
1788888300,29622.5,29624.5,29611.75,29614.0,553
1788888360,29614.0,29614.25,29606.25,29610.25,475
1788888420,29610.75,29614.5,29608.5,29610.5,327
1788888480,29610.75,29618.5,29609.5,29616.5,360
1788888540,29617.75,29619.25,29613.75,29615.75,257
1788888600,29616.5,29623.5,29616.0,29620.75,556
1788888660,29620.5,29621.0,29614.75,29620.75,362
1788888720,29621.0,29626.0,29618.0,29624.75,339
1788888780,29625.0,29630.0,29623.5,29628.75,372
1788888840,29629.25,29632.5,29624.5,29627.0,432
1788888900,29627.75,29631.75,29624.25,29628.5,334
1788888960,29628.5,29628.5,29622.25,29623.0,281
1788889020,29623.25,29629.25,29622.0,29629.0,314
1788889080,29629.75,29631.75,29624.0,29624.5,367
1788889140,29624.5,29626.0,29619.75,29620.75,297
1788889200,29620.5,29620.75,29609.0,29609.75,625
1788889260,29609.75,29610.5,29602.0,29605.0,530
1788889320,29605.75,29610.5,29603.75,29608.75,420
1788889380,29609.0,29612.75,29605.0,29605.0,378
1788889440,29605.75,29606.5,29598.0,29599.5,373
1788889500,29600.0,29607.25,29600.0,29603.75,332
1788889560,29604.0,29610.0,29601.0,29605.5,372
1788889620,29606.0,29608.25,29602.75,29606.75,287
1788889680,29606.75,29611.5,29605.75,29609.0,320
1788889740,29608.5,29610.25,29604.5,29606.0,275
1788889800,29605.75,29606.25,29599.5,29603.5,337
1788889860,29604.25,29604.5,29595.75,29601.75,473
1788889920,29601.75,29611.5,29601.75,29608.25,493
1788889980,29607.75,29613.25,29603.5,29612.75,291
1788890040,29612.25,29612.25,29604.75,29608.5,317
1788890100,29608.5,29609.0,29602.0,29603.25,298
1788890160,29602.5,29603.0,29596.0,29597.0,442
1788890220,29596.75,29600.5,29594.5,29599.5,377
1788890280,29599.5,29600.25,29593.75,29597.0,425
1788890340,29597.0,29598.75,29588.75,29590.0,448
1788890400,29590.5,29599.5,29587.75,29589.25,708
1788890460,29588.25,29595.25,29587.0,29592.5,547
1788890520,29592.25,29595.25,29589.75,29594.25,335
1788890580,29594.0,29595.5,29588.5,29589.5,410
1788890640,29589.5,29598.25,29588.75,29598.0,362
1788890700,29597.75,29607.0,29596.0,29606.75,677
1788890760,29607.5,29608.75,29604.5,29608.5,452
1788890820,29608.5,29610.25,29603.5,29604.75,323
1788890880,29605.25,29609.75,29604.25,29606.0,293
1788890940,29606.25,29611.0,29604.5,29606.75,303
1788891000,29606.0,29613.5,29605.75,29610.75,392
1788891060,29611.0,29613.5,29605.0,29609.75,407
1788891120,29609.5,29613.5,29608.25,29608.25,329
1788891180,29608.0,29610.0,29601.5,29602.25,450
1788891240,29602.25,29607.25,29600.0,29605.25,470
1788891300,29605.0,29610.0,29604.5,29607.0,387
1788891360,29606.5,29615.5,29605.75,29611.5,536
1788891420,29611.75,29613.5,29607.25,29609.25,289
1788891480,29609.0,29610.0,29603.5,29604.0,407
1788891540,29605.0,29611.5,29605.0,29609.5,337
1788891600,29609.75,29614.0,29608.25,29610.0,315
1788891660,29609.75,29610.5,29600.75,29601.25,420
1788891720,29601.25,29603.75,29594.75,29598.75,614
1788891780,29599.0,29599.0,29594.5,29596.25,460
1788891840,29596.0,29597.0,29590.0,29592.0,338
1788891900,29592.0,29597.5,29588.5,29595.0,481
1788891960,29594.25,29596.25,29592.25,29595.0,237
1788892020,29594.75,29599.0,29593.5,29594.5,372
1788892080,29594.75,29596.25,29592.0,29592.25,250
1788892140,29592.0,29600.25,29589.5,29597.0,484
1788892200,29597.25,29599.25,29592.0,29592.75,410
1788892260,29593.25,29596.0,29590.5,29593.75,290
1788892320,29593.75,29600.0,29593.75,29596.25,267
1788892380,29596.75,29600.5,29593.75,29594.25,225
1788892440,29594.75,29596.5,29591.0,29591.25,166
1788892500,29591.25,29592.0,29579.75,29583.5,796
1788892560,29582.75,29589.25,29581.5,29585.75,569
1788892620,29586.0,29593.75,29583.75,29591.25,443
1788892680,29591.25,29596.5,29591.25,29594.0,360
1788892740,29593.75,29594.0,29582.25,29585.0,586
1788892800,29585.0,29585.75,29581.0,29583.0,509
1788892860,29583.0,29586.5,29578.0,29583.5,485
1788892920,29583.75,29591.25,29582.75,29589.25,434
1788892980,29588.25,29603.0,29588.0,29603.0,734
1788893040,29603.25,29604.5,29599.5,29602.75,401
1788893100,29603.25,29610.25,29601.5,29605.25,600
1788893160,29605.5,29611.0,29604.25,29609.5,361
1788893220,29609.25,29610.75,29581.5,29583.25,1686
1788893280,29583.75,29586.0,29530.0,29531.5,3475
1788893340,29531.5,29558.0,29519.75,29545.0,3034
1788893400,29545.5,29571.0,29545.5,29570.75,1306
1788893460,29570.75,29574.0,29557.25,29557.25,1067
1788893520,29557.75,29561.25,29535.75,29536.75,1286
1788893580,29536.75,29572.5,29536.5,29571.75,1170
1788893640,29571.75,29580.75,29567.0,29575.25,1195
1788893700,29575.25,29581.0,29570.25,29575.25,830
1788893760,29575.25,29578.0,29570.0,29577.75,470
1788893820,29578.0,29586.0,29575.75,29579.75,627
1788893880,29579.75,29584.75,29573.5,29584.5,575
1788893940,29584.5,29585.0,29574.5,29576.25,528
1788894000,29576.25,29586.25,29573.25,29577.75,747
1788894060,29578.0,29580.5,29569.5,29577.5,470
1788894120,29577.75,29579.25,29571.75,29575.5,337
1788894180,29575.0,29577.75,29566.5,29569.25,524
1788894240,29570.5,29571.0,29560.25,29569.5,635
1788894300,29568.75,29574.75,29565.0,29572.75,424
1788894360,29573.0,29578.75,29567.75,29570.25,529
1788894420,29570.75,29583.5,29567.75,29581.5,704
1788894480,29581.5,29581.75,29574.0,29576.25,510
1788894540,29576.75,29578.5,29567.5,29568.0,663
1788894600,29568.5,29580.0,29566.25,29577.5,717
1788894660,29577.0,29580.0,29574.0,29577.0,318
1788894720,29577.25,29579.5,29573.0,29574.25,410
1788894780,29576.25,29576.25,29569.25,29572.5,271
1788894840,29571.5,29576.25,29568.25,29574.75,381
1788894900,29575.0,29579.25,29571.75,29575.5,338
1788894960,29576.0,29577.5,29569.5,29575.25,260
1788895020,29575.25,29576.0,29563.75,29570.5,369
1788895080,29570.25,29571.0,29559.0,29563.5,471
1788895140,29563.5,29566.0,29560.5,29561.0,256
1788895200,29560.25,29561.5,29556.0,29559.0,388
1788895260,29558.75,29570.25,29556.0,29567.0,485
1788895320,29566.75,29568.25,29554.0,29556.0,535
1788895380,29556.25,29559.5,29554.0,29557.0,220
1788895440,29557.25,29557.25,29546.25,29550.25,564
1788895500,29549.75,29553.25,29545.0,29549.0,408
1788895560,29549.25,29555.5,29544.75,29552.5,357
1788895620,29553.75,29562.75,29550.25,29560.5,584
1788895680,29559.5,29562.5,29553.0,29557.75,378
1788895740,29557.5,29568.5,29557.0,29564.0,524
1788895800,29564.5,29565.0,29547.75,29552.25,796
1788895860,29552.25,29560.5,29548.75,29559.75,542
1788895920,29559.5,29565.0,29556.5,29557.5,446
1788895980,29557.0,29559.5,29553.75,29556.5,299
1788896040,29556.5,29566.25,29554.0,29562.75,360
1788896100,29562.75,29564.0,29550.5,29551.25,499
1788896160,29551.25,29557.5,29549.0,29550.5,377
1788896220,29550.75,29554.25,29549.0,29553.5,289
1788896280,29554.25,29557.0,29551.0,29553.75,352
1788896340,29553.5,29556.5,29550.5,29555.5,395
1788896400,29555.25,29560.0,29551.75,29558.25,355
1788896460,29558.75,29559.25,29551.5,29556.0,302
1788896520,29555.75,29556.0,29545.5,29552.5,490
1788896580,29552.25,29553.0,29543.5,29544.25,434
1788896640,29544.75,29549.5,29544.5,29549.0,327
1788896700,29549.0,29552.75,29533.25,29534.25,1586
1788896760,29534.5,29538.25,29529.75,29536.0,944
1788896820,29536.0,29539.25,29532.5,29534.0,502
1788896880,29533.75,29534.75,29524.75,29533.75,779
1788896940,29533.75,29545.25,29531.25,29544.75,858
1788897000,29545.0,29551.75,29510.5,29535.0,3495
1788897060,29535.25,29543.75,29527.25,29529.75,1210
1788897120,29529.75,29531.0,29518.75,29520.0,1060
1788897180,29519.75,29525.25,29509.25,29514.5,1984
1788897240,29514.75,29514.75,29496.0,29507.75,3301
1788897300,29508.0,29530.25,29507.0,29518.0,2057
1788897360,29518.25,29521.5,29508.0,29520.75,1385
1788897420,29521.5,29524.75,29512.25,29518.0,867
1788897480,29518.0,29521.25,29508.25,29511.75,1994
1788897540,29511.5,29549.5,29500.0,29543.5,9186
1788897600,29543.0,29550.75,29532.0,29538.0,2389
1788897660,29537.75,29538.5,29527.5,29530.0,577
1788897720,29530.25,29533.25,29511.5,29524.0,1193
1788897780,29523.5,29526.0,29511.5,29512.5,554
1788897840,29511.75,29521.75,29507.5,29517.25,588
1788897900,29517.0,29517.0,29506.0,29509.25,734
1788897960,29510.0,29515.5,29509.75,29514.25,534
1788898020,29514.25,29522.25,29514.0,29521.25,282
1788898080,29521.0,29523.5,29519.25,29521.5,144
1788898140,29521.5,29524.0,29518.5,29520.5,192
1788898200,29520.0,29527.0,29519.5,29526.75,317
1788898260,29526.25,29527.5,29522.5,29526.25,182
1788898320,29526.25,29527.5,29519.5,29521.0,206
1788898380,29521.5,29522.5,29520.0,29521.0,147
1788898440,29521.0,29525.0,29520.0,29524.25,299
1788898500,29524.25,29528.25,29521.25,29521.25,190
1788898560,29521.25,29521.75,29514.5,29521.0,339
1788898620,29520.5,29527.0,29520.5,29524.5,127
1788898680,29524.5,29524.75,29521.75,29523.0,81
1788898740,29523.25,29523.25,29519.0,29520.25,56
1788898800,29520.25,29526.25,29520.25,29520.75,94
1788898860,29521.0,29521.75,29518.0,29520.75,89
1788898920,29521.5,29526.25,29521.0,29525.25,61
1788898980,29526.25,29526.75,29522.0,29522.75,59
1788899040,29523.25,29524.25,29522.0,29523.0,52
1788899100,29522.75,29525.75,29514.25,29524.0,322
1788899160,29525.25,29526.25,29522.75,29525.0,104
1788899220,29525.5,29527.0,29524.25,29526.75,43
1788899280,29527.0,29527.5,29507.25,29513.5,848
1788899340,29512.5,29514.5,29506.5,29507.75,280
1788899400,29507.5,29507.5,29503.5,29504.25,305
1788899460,29504.25,29509.75,29503.5,29509.75,134
1788899520,29509.25,29510.25,29507.0,29507.0,109
1788899580,29508.0,29509.0,29506.0,29507.25,60
1788899640,29507.25,29511.5,29506.75,29510.25,92
1788899700,29510.25,29512.5,29510.25,29512.25,38
1788899760,29512.0,29514.75,29512.0,29514.75,69
1788899820,29514.75,29517.5,29514.25,29517.5,118
1788899880,29516.75,29516.75,29513.25,29515.75,66
1788899940,29515.25,29516.75,29514.25,29515.25,30
1788900000,29514.25,29519.5,29513.25,29515.5,99
1788900060,29516.0,29519.5,29516.0,29518.5,46
1788900120,29518.5,29520.25,29514.0,29519.25,173
1788900180,29519.25,29521.0,29518.5,29520.0,26
1788900240,29520.0,29524.75,29516.75,29521.25,153
1788900300,29522.0,29522.75,29519.25,29522.25,88
1788900360,29521.75,29523.25,29521.25,29522.25,38
1788900420,29522.25,29523.25,29519.0,29519.25,50
1788900480,29519.0,29522.75,29518.5,29522.0,59
1788900540,29521.5,29523.5,29520.75,29520.75,58
1788900600,29520.0,29523.25,29520.0,29522.75,24
1788900660,29523.0,29525.75,29523.0,29523.5,33
1788900720,29523.75,29524.0,29522.75,29524.0,22
1788900780,29524.5,29526.5,29524.5,29526.5,60
1788900840,29526.25,29527.0,29523.5,29525.25,106
1788900900,29525.0,29525.75,29521.5,29521.5,67
1788900960,29521.0,29526.5,29520.25,29524.5,105
1788901020,29524.5,29527.0,29524.25,29527.0,52
1788901080,29526.5,29527.25,29524.25,29526.0,37
1788901140,29525.75,29527.0,29522.5,29525.75,122
1788904800,29526.5,29530.5,29503.0,29506.0,0
1788904860,29505.5,29517.5,29503.5,29514.25,190
1788904920,29513.5,29532.0,29512.5,29529.75,209
1788904980,29529.5,29539.25,29524.5,29535.75,265
1788905040,29537.5,29537.75,29529.0,29535.75,98
1788905100,29533.5,29535.75,29529.75,29532.75,80
1788905160,29532.0,29535.0,29525.0,29533.5,86
1788905220,29533.75,29534.0,29530.0,29531.5,61
1788905280,29532.0,29532.0,29526.5,29529.25,57
1788905340,29529.5,29531.0,29525.0,29527.0,105
1788905400,29526.5,29528.0,29522.0,29524.25,75
1788905460,29524.25,29526.0,29524.25,29526.0,14
1788905520,29526.0,29526.5,29523.25,29525.0,22
1788905580,29524.75,29527.0,29524.0,29525.25,29
1788905640,29524.0,29524.25,29521.75,29521.75,24
1788905700,29521.75,29524.25,29518.25,29521.25,122
1788905760,29521.75,29527.75,29521.75,29524.5,65
1788905820,29524.75,29526.25,29524.75,29525.0,12
1788905880,29524.25,29527.0,29524.0,29525.25,34
1788905940,29525.25,29526.75,29521.75,29523.75,31
1788906000,29523.75,29523.75,29521.0,29522.0,11
1788906060,29523.25,29526.25,29523.25,29525.25,37
1788906120,29524.25,29525.5,29508.0,29510.0,269
1788906180,29510.5,29519.75,29510.5,29515.25,205
1788906240,29515.5,29519.0,29514.75,29516.75,43
1788906300,29517.75,29522.25,29517.75,29519.25,65
1788906360,29521.25,29529.0,29519.75,29522.75,145
1788906420,29522.75,29524.25,29520.0,29522.0,37
1788906480,29523.25,29524.25,29523.25,29523.75,7
1788906540,29523.5,29524.5,29521.0,29521.5,20
1788906600,29522.25,29524.25,29521.0,29524.25,38
1788906660,29524.5,29524.5,29517.5,29520.25,55
1788906720,29520.25,29520.75,29516.0,29518.25,56
1788906780,29517.75,29521.25,29516.0,29521.25,57
1788906840,29521.25,29523.25,29519.25,29521.5,52
1788906900,29523.0,29523.0,29520.0,29520.0,16
1788906960,29521.75,29524.5,29521.75,29523.25,38
1788907020,29523.5,29525.75,29523.25,29523.75,48
1788907080,29524.25,29524.75,29522.5,29524.25,23
1788907140,29522.75,29524.5,29522.75,29524.5,3
1788907200,29525.0,29530.0,29524.75,29529.0,60
1788907260,29529.0,29529.75,29526.75,29527.75,30
1788907320,29528.5,29529.75,29527.5,29528.5,49
1788907380,29528.75,29529.75,29526.5,29527.5,48
1788907440,29527.25,29528.5,29526.75,29527.5,19
1788907500,29527.5,29528.25,29526.75,29528.25,8
1788907560,29527.75,29531.75,29527.5,29528.75,49
1788907620,29528.5,29530.5,29528.5,29529.25,23
1788907680,29530.0,29531.25,29530.0,29531.0,17
1788907740,29530.5,29535.0,29530.5,29534.0,54
1788907800,29533.5,29534.75,29529.75,29532.75,69
1788907860,29534.0,29537.25,29534.0,29535.75,71
1788907920,29535.25,29537.0,29534.5,29534.5,29
1788907980,29534.0,29534.0,29532.75,29534.0,21
1788908040,29533.0,29534.5,29531.75,29534.5,27
1788908100,29534.0,29535.25,29533.0,29534.75,47
1788908160,29534.5,29541.25,29533.5,29538.0,122
1788908220,29538.75,29545.75,29538.5,29544.25,142
1788908280,29545.0,29547.0,29542.75,29545.25,98
1788908340,29545.25,29546.0,29544.0,29544.75,31
1788908400,29544.5,29546.5,29542.5,29545.25,46
1788908460,29545.25,29545.25,29540.5,29540.5,26
1788908520,29541.0,29542.75,29540.25,29541.5,22
1788908580,29540.75,29540.75,29539.0,29539.75,29
1788908640,29538.75,29538.75,29532.25,29536.0,114
1788908700,29536.75,29538.5,29536.25,29536.25,18
1788908760,29535.75,29538.0,29535.75,29537.25,44
1788908820,29537.0,29537.0,29535.5,29536.5,15
1788908880,29536.25,29536.5,29534.5,29536.0,74
1788908940,29536.0,29537.0,29533.25,29533.5,75
1788909000,29534.25,29535.5,29533.25,29534.75,35
1788909060,29532.5,29533.5,29529.5,29531.0,72
1788909120,29531.25,29533.75,29530.75,29533.75,21
1788909180,29532.75,29533.75,29531.0,29531.0,40
1788909240,29531.0,29532.5,29530.25,29531.5,43
1788909300,29531.25,29531.25,29529.5,29529.75,32
1788909360,29529.25,29530.5,29526.75,29528.0,98
1788909420,29528.5,29529.25,29527.5,29528.0,27
1788909480,29527.0,29527.5,29517.0,29524.75,234
1788909540,29523.75,29526.5,29523.25,29524.5,41
1788909600,29524.25,29525.5,29523.5,29524.5,46
1788909660,29525.0,29525.0,29521.75,29521.75,40
1788909720,29521.75,29525.75,29521.25,29523.25,44
1788909780,29524.5,29524.75,29519.5,29524.0,46
1788909840,29523.5,29528.0,29523.5,29526.25,61
1788909900,29526.0,29526.75,29517.5,29518.0,145
1788909960,29517.25,29519.25,29513.0,29513.75,109
1788910020,29514.0,29516.0,29513.5,29515.0,61
1788910080,29514.0,29519.0,29514.0,29516.0,42
1788910140,29515.75,29516.75,29513.75,29516.75,28
1788910200,29515.75,29519.25,29514.0,29515.75,79
1788910260,29514.75,29518.5,29514.75,29517.0,35
1788910320,29516.5,29517.5,29516.0,29516.25,16
1788910380,29517.5,29517.75,29513.5,29514.25,55
1788910440,29513.75,29514.5,29513.75,29513.75,6
1788910500,29513.75,29513.75,29509.0,29510.5,109
1788910560,29509.75,29512.5,29509.0,29512.5,44
1788910620,29512.0,29512.5,29508.75,29509.0,22
1788910680,29508.5,29509.75,29501.5,29502.75,173
1788910740,29503.25,29510.5,29502.75,29507.5,121
1788910800,29507.0,29508.0,29503.75,29507.75,63
1788910860,29507.75,29511.0,29507.5,29509.75,64
1788910920,29509.75,29511.5,29508.0,29510.5,37
1788910980,29510.25,29512.0,29508.5,29508.5,46
1788911040,29508.5,29508.5,29505.75,29506.25,28
1788911100,29507.0,29512.0,29505.75,29507.5,87
1788911160,29507.75,29507.75,29501.5,29507.0,127
1788911220,29507.0,29508.5,29506.0,29507.25,44
1788911280,29506.75,29509.5,29496.0,29500.0,200
1788911340,29500.25,29502.5,29497.0,29502.0,109
1788911400,29503.5,29505.25,29500.0,29500.75,84
1788911460,29502.25,29502.5,29498.75,29499.5,46
1788911520,29499.0,29499.5,29493.5,29494.0,166
1788911580,29493.0,29498.0,29491.25,29496.5,156
1788911640,29496.0,29496.0,29489.75,29490.5,145
1788911700,29490.0,29504.0,29490.0,29498.25,293
1788911760,29499.25,29503.5,29496.5,29496.5,81
1788911820,29496.5,29497.75,29490.5,29492.25,142
1788911880,29492.25,29496.25,29489.75,29493.0,146
1788911940,29493.5,29500.75,29493.5,29498.5,77
1788912000,29500.75,29520.5,29499.5,29517.25,458
1788912060,29516.75,29525.75,29515.25,29520.0,244
1788912120,29520.25,29539.0,29520.0,29535.25,401
1788912180,29535.5,29548.25,29535.25,29546.0,304
1788912240,29546.25,29546.75,29537.75,29545.5,170
1788912300,29545.25,29558.25,29544.75,29555.5,353
1788912360,29555.0,29561.75,29553.5,29558.0,340
1788912420,29557.75,29561.75,29552.0,29553.25,158
1788912480,29554.25,29555.25,29545.75,29546.75,190
1788912540,29547.25,29549.25,29536.0,29537.5,329
1788912600,29536.5,29542.5,29533.0,29539.75,201
1788912660,29539.25,29547.5,29535.5,29547.5,153
1788912720,29545.25,29550.5,29541.25,29545.25,142
1788912780,29544.5,29547.5,29543.0,29546.0,64
1788912840,29546.5,29546.5,29537.75,29539.0,98
1788912900,29539.75,29539.75,29518.25,29522.0,576
1788912960,29522.75,29526.75,29518.25,29524.25,194
1788913020,29523.0,29525.75,29517.0,29524.5,169
1788913080,29524.75,29528.5,29522.5,29526.25,99
1788913140,29526.5,29533.5,29526.0,29532.0,129
1788913200,29531.75,29533.5,29529.25,29532.5,94
1788913260,29530.25,29537.5,29525.75,29536.75,119
1788913320,29537.0,29537.0,29527.25,29531.25,84
1788913380,29533.0,29537.25,29529.5,29532.5,126
1788913440,29529.5,29533.0,29527.5,29528.75,147
1788913500,29528.75,29529.25,29521.0,29524.75,139
1788913560,29526.0,29530.25,29516.0,29518.0,183
1788913620,29517.25,29523.25,29517.25,29521.5,91
1788913680,29523.5,29530.25,29523.0,29526.75,110
1788913740,29525.25,29527.5,29520.25,29525.25,66
1788913800,29523.75,29529.0,29523.5,29525.0,67
1788913860,29523.75,29523.75,29510.75,29511.25,189
1788913920,29511.5,29522.0,29509.0,29519.5,170
1788913980,29519.5,29526.0,29517.5,29525.25,121
1788914040,29525.5,29527.0,29517.75,29522.25,137
1788914100,29521.75,29522.25,29516.0,29516.5,65
1788914160,29517.5,29518.0,29511.5,29512.25,185
1788914220,29512.75,29520.5,29512.0,29513.5,59
1788914280,29513.75,29520.25,29513.75,29518.75,35
1788914340,29518.5,29532.0,29518.5,29528.0,204
1788914400,29528.75,29529.75,29519.75,29520.0,112
1788914460,29519.5,29524.75,29515.5,29524.0,95
1788914520,29524.5,29531.0,29519.75,29524.5,180
1788914580,29525.25,29533.5,29525.25,29532.75,67
1788914640,29532.0,29540.0,29532.0,29537.75,183
1788914700,29538.25,29543.5,29537.25,29541.0,143
1788914760,29540.0,29540.0,29533.0,29536.0,95
1788914820,29535.25,29538.75,29533.5,29536.5,68
1788914880,29536.75,29537.5,29532.25,29534.5,63
1788914940,29535.75,29540.0,29533.5,29539.0,71
1788915000,29539.25,29554.5,29539.25,29550.75,391
1788915060,29550.25,29550.75,29547.5,29549.0,149
1788915120,29549.0,29556.5,29547.75,29555.75,146
1788915180,29555.75,29560.0,29554.0,29558.25,141
1788915240,29558.25,29562.25,29557.25,29559.25,111
1788915300,29559.0,29564.0,29556.5,29559.0,234
1788915360,29560.0,29560.25,29553.75,29554.75,121
1788915420,29554.75,29558.25,29552.0,29552.0,99
1788915480,29552.75,29557.0,29551.75,29556.25,59
1788915540,29555.25,29560.75,29553.75,29559.75,77
1788915600,29559.75,29573.25,29555.75,29573.25,336
1788915660,29572.5,29573.5,29561.25,29563.5,279
1788915720,29563.0,29570.0,29562.0,29566.0,148
1788915780,29565.75,29572.25,29560.5,29563.0,236
1788915840,29564.75,29565.75,29558.25,29563.25,95
1788915900,29563.75,29568.0,29558.5,29559.0,237
1788915960,29560.75,29577.25,29560.25,29574.5,263
1788916020,29575.0,29575.5,29568.25,29574.25,245
1788916080,29574.0,29576.5,29571.75,29575.75,104
1788916140,29576.0,29578.75,29573.75,29577.25,108
1788916200,29578.5,29581.0,29577.75,29580.75,78
1788916260,29579.75,29580.0,29575.0,29578.25,100
1788916320,29576.5,29577.5,29575.25,29577.5,71
1788916380,29578.0,29578.25,29574.75,29577.25,55
1788916440,29577.75,29578.0,29573.0,29574.5,72
1788916500,29575.25,29577.75,29573.0,29575.0,75
1788916560,29573.0,29578.5,29570.5,29573.5,158
1788916620,29574.25,29574.75,29569.5,29573.0,62
1788916680,29573.0,29577.25,29572.25,29576.0,67
1788916740,29575.75,29581.25,29570.25,29578.25,412
1788916800,29578.0,29583.0,29577.0,29580.75,129
1788916860,29581.0,29582.25,29578.5,29580.0,121
1788916920,29580.75,29581.25,29575.0,29578.75,170
1788916980,29579.5,29585.0,29579.5,29583.5,133
1788917040,29583.25,29596.75,29581.5,29594.0,650
1788917100,29594.0,29594.75,29589.0,29592.75,143
1788917160,29592.75,29595.5,29590.25,29593.75,275
1788917220,29594.25,29599.5,29593.5,29597.5,253
1788917280,29594.0,29595.0,29590.75,29591.25,67
1788917340,29591.25,29591.75,29588.25,29590.0,88
1788917400,29589.75,29592.0,29581.25,29586.25,150
1788917460,29585.75,29587.25,29580.75,29581.25,153
1788917520,29581.75,29585.0,29577.5,29585.0,139
1788917580,29585.0,29596.0,29583.75,29594.5,176
1788917640,29594.25,29596.25,29592.5,29594.75,103
1788917700,29596.0,29604.25,29594.5,29603.5,325
1788917760,29602.5,29607.5,29602.25,29604.0,238
1788917820,29604.0,29606.5,29598.0,29606.5,219
1788917880,29605.25,29606.0,29595.75,29595.75,194
1788917940,29596.75,29605.25,29596.25,29603.25,80
1788918000,29603.0,29603.75,29596.25,29597.5,69
1788918060,29598.5,29598.75,29590.75,29591.5,89
1788918120,29591.25,29594.0,29589.5,29591.5,102
1788918180,29593.25,29595.5,29591.5,29594.5,65
1788918240,29594.0,29595.75,29591.25,29593.25,82
1788918300,29593.25,29606.0,29593.25,29603.0,177
1788918360,29603.75,29608.5,29603.25,29604.75,106
1788918420,29604.25,29605.5,29599.0,29604.5,133
1788918480,29604.5,29604.5,29595.75,29597.0,97
1788918540,29598.0,29602.5,29597.25,29601.25,58
1788918600,29599.75,29601.0,29593.5,29594.25,102
1788918660,29594.5,29594.75,29586.0,29586.75,179
1788918720,29587.0,29588.25,29581.5,29583.75,174
1788918780,29584.0,29592.5,29584.0,29592.25,143
1788918840,29593.5,29593.5,29589.25,29590.75,59
1788918900,29591.75,29593.0,29590.5,29591.5,25
1788918960,29591.75,29597.25,29591.25,29596.5,83
1788919020,29596.0,29596.75,29587.25,29587.5,91
1788919080,29587.75,29590.0,29585.5,29585.75,31
1788919140,29587.0,29594.25,29586.25,29593.25,62
1788919200,29593.5,29600.75,29591.0,29598.25,106
1788919260,29599.0,29607.25,29597.5,29606.25,182
1788919320,29606.0,29606.75,29602.5,29602.75,89
1788919380,29602.0,29607.5,29601.5,29605.5,57
1788919440,29605.25,29612.5,29605.25,29608.75,192
1788919500,29609.0,29609.0,29598.5,29599.75,152
1788919560,29598.75,29607.75,29597.0,29607.0,145
1788919620,29607.5,29607.75,29603.5,29605.5,45
1788919680,29606.25,29608.25,29602.75,29607.25,52
1788919740,29608.75,29610.0,29606.25,29607.25,68
1788919800,29606.5,29610.25,29606.5,29609.0,63
1788919860,29607.75,29610.5,29606.25,29607.75,85
1788919920,29607.0,29612.25,29604.5,29605.5,101
1788919980,29605.5,29605.5,29593.0,29594.0,160
1788920040,29594.75,29596.0,29589.0,29594.25,120
1788920100,29594.5,29595.5,29587.5,29591.25,148
1788920160,29591.25,29591.5,29584.0,29586.5,190
1788920220,29586.5,29588.75,29583.25,29587.25,102
1788920280,29586.5,29594.0,29586.0,29594.0,74
1788920340,29593.0,29594.0,29588.75,29590.25,57
1788920400,29591.0,29592.25,29587.0,29591.0,58
1788920460,29591.75,29593.5,29590.0,29592.25,43
1788920520,29593.5,29594.25,29590.0,29593.75,64
1788920580,29593.75,29602.0,29591.5,29600.0,122
1788920640,29599.75,29603.75,29599.25,29601.5,115
1788920700,29601.5,29604.25,29598.5,29600.75,91
1788920760,29602.0,29603.5,29597.5,29600.75,109
1788920820,29602.0,29604.0,29598.0,29599.5,70
1788920880,29598.75,29601.0,29598.75,29601.0,18
1788920940,29603.5,29604.0,29598.75,29601.0,58
1788921000,29601.5,29602.5,29596.75,29598.0,92
1788921060,29599.25,29605.5,29599.25,29600.75,115
1788921120,29600.5,29604.5,29600.5,29603.25,144
1788921180,29601.0,29606.0,29598.75,29605.75,109
1788921240,29604.5,29606.0,29601.75,29602.75,56
1788921300,29602.25,29604.25,29598.0,29603.5,74
1788921360,29602.25,29602.25,29599.25,29601.0,29
1788921420,29600.75,29603.25,29600.5,29602.5,30
1788921480,29603.5,29603.5,29597.25,29602.5,60
1788921540,29603.75,29606.75,29603.75,29605.5,58
1788921600,29605.25,29615.5,29604.75,29610.5,261
1788921660,29610.75,29613.5,29608.5,29611.5,144
1788921720,29610.5,29624.0,29610.5,29617.75,479
1788921780,29617.5,29622.75,29614.25,29622.0,109
1788921840,29621.5,29624.75,29619.25,29620.75,123
1788921900,29620.25,29621.0,29614.5,29617.5,109
1788921960,29617.0,29620.75,29616.25,29618.0,74
1788922020,29617.0,29623.0,29615.0,29622.5,116
1788922080,29621.75,29624.25,29621.25,29623.75,45
1788922140,29624.25,29625.5,29619.0,29619.25,91
1788922200,29619.75,29621.75,29619.0,29621.75,33
1788922260,29620.75,29621.5,29615.0,29617.75,99
1788922320,29617.25,29619.5,29616.5,29618.75,41
1788922380,29618.75,29621.0,29613.0,29613.75,63
1788922440,29614.0,29616.75,29614.0,29616.0,38
1788922500,29615.0,29615.0,29610.0,29612.75,72
1788922560,29612.75,29613.5,29608.0,29610.5,59
1788922620,29610.25,29612.0,29607.25,29608.75,81
1788922680,29608.5,29611.25,29606.25,29610.0,77
1788922740,29610.75,29613.25,29610.25,29611.0,36
1788922800,29611.5,29613.75,29609.5,29612.5,105
1788922860,29612.5,29613.25,29606.75,29607.5,58
1788922920,29605.25,29606.25,29598.5,29601.5,222
1788922980,29601.0,29602.25,29598.25,29600.25,101
1788923040,29599.75,29599.75,29591.5,29591.5,155
1788923100,29592.0,29594.5,29591.25,29592.0,82
1788923160,29593.75,29594.0,29590.0,29594.0,60
1788923220,29594.5,29594.5,29588.25,29590.0,89
1788923280,29589.5,29590.5,29583.75,29587.25,117
1788923340,29587.75,29589.0,29585.0,29589.0,80
1788923400,29589.25,29593.75,29585.25,29586.5,133
1788923460,29586.5,29600.5,29586.5,29598.25,184
1788923520,29598.5,29599.75,29586.0,29586.25,138
1788923580,29586.5,29591.0,29585.0,29590.5,96
1788923640,29587.25,29592.0,29584.75,29591.0,159
1788923700,29590.5,29598.0,29590.5,29594.25,114
1788923760,29593.5,29602.5,29593.5,29596.0,156
1788923820,29596.75,29603.5,29595.25,29599.75,90
1788923880,29600.75,29601.5,29598.0,29598.0,24
1788923940,29597.75,29599.0,29593.5,29594.0,70
1788924000,29596.0,29598.0,29594.0,29597.75,35
1788924060,29598.75,29598.75,29590.0,29593.75,136
1788924120,29593.5,29597.0,29592.0,29592.75,85
1788924180,29590.0,29593.5,29589.0,29593.25,75
1788924240,29592.25,29595.0,29591.75,29594.5,35
1788924300,29594.25,29594.25,29590.0,29590.25,37
1788924360,29590.25,29594.75,29590.25,29594.5,30
1788924420,29593.25,29599.25,29591.0,29596.25,85
1788924480,29596.0,29602.25,29596.0,29601.0,64
1788924540,29601.75,29602.75,29596.5,29596.5,94
1788924600,29597.75,29604.25,29592.0,29596.75,129
1788924660,29597.0,29600.25,29595.25,29596.75,25
1788924720,29597.0,29597.0,29591.5,29592.5,108
1788924780,29593.0,29593.0,29588.25,29591.25,71
1788924840,29592.5,29595.0,29589.75,29591.25,48
1788924900,29591.0,29597.0,29591.0,29596.5,105
1788924960,29597.0,29598.0,29590.25,29595.75,96
1788925020,29595.5,29598.75,29595.25,29597.0,19
1788925080,29598.5,29598.5,29589.75,29591.25,62
1788925140,29591.5,29596.0,29591.5,29595.5,51
1788925200,29594.25,29596.25,29594.25,29595.75,12
1788925260,29596.0,29596.25,29591.0,29594.0,37
1788925320,29594.25,29595.25,29590.0,29591.5,28
1788925380,29594.0,29595.5,29587.0,29587.75,102
1788925440,29589.25,29592.25,29589.0,29591.0,39
1788925500,29589.25,29591.25,29584.5,29586.0,119
1788925560,29585.5,29586.75,29579.0,29579.0,132
1788925620,29579.75,29591.5,29579.5,29589.75,136
1788925680,29589.75,29590.0,29579.75,29585.0,84
1788925740,29584.75,29586.25,29575.0,29575.75,199
1788925800,29576.75,29581.5,29574.25,29575.25,110
1788925860,29575.0,29575.25,29570.5,29572.5,180
1788925920,29573.0,29575.0,29568.75,29568.75,113
1788925980,29570.75,29570.75,29567.0,29568.25,67
1788926040,29568.0,29569.25,29560.5,29565.5,306
1788926100,29564.25,29572.0,29564.25,29571.25,131
1788926160,29571.75,29571.75,29565.75,29568.75,62
1788926220,29569.75,29570.0,29566.25,29570.0,45
1788926280,29569.5,29571.25,29564.5,29566.75,70
1788926940,29577.0,29578.25,29570.25,29571.0,86
1788927000,29570.0,29572.0,29553.0,29554.0,415
1788927060,29552.75,29564.0,29549.0,29562.75,382
1788927120,29562.0,29563.5,29554.5,29561.0,128
1788927180,29561.75,29562.25,29552.75,29560.75,188
1788927240,29560.25,29560.75,29556.0,29557.0,47
1788927300,29556.5,29562.5,29554.25,29557.25,66
1788927360,29555.75,29562.75,29554.5,29554.75,133
1788927420,29553.75,29563.0,29553.75,29560.75,76
1788927480,29559.75,29563.25,29556.0,29556.25,42
1788927540,29555.75,29559.5,29553.5,29558.5,63
1788927600,29557.5,29567.25,29557.5,29566.25,63
1788927660,29567.0,29577.75,29565.25,29573.75,159
1788927720,29574.5,29577.5,29568.0,29571.75,107
1788927780,29571.5,29583.0,29570.0,29583.0,132
1788927840,29582.5,29589.75,29580.75,29587.25,184
1788927900,29586.0,29587.0,29583.0,29583.75,76
1788927960,29583.0,29585.25,29578.5,29581.25,85
1788928020,29582.25,29588.5,29581.75,29588.5,88
1788928080,29588.0,29593.0,29586.0,29588.5,179
1788928140,29589.25,29589.5,29579.25,29581.25,109
1788928200,29580.25,29583.75,29573.0,29576.5,170
1788928260,29575.25,29583.5,29575.0,29580.75,69
1788928320,29585.0,29592.25,29584.25,29591.25,75
1788928380,29591.75,29595.5,29590.0,29595.5,83
1788928440,29595.5,29598.0,29590.0,29597.75,84
1788928500,29596.75,29602.75,29596.75,29602.0,142
1788928560,29602.25,29606.5,29601.75,29606.0,112
1788928620,29605.0,29605.75,29600.0,29603.25,97
1788928680,29600.75,29603.25,29599.5,29601.0,25
1788928740,29601.25,29603.25,29600.5,29600.75,49
1788928800,29600.0,29600.25,29595.5,29599.0,70
1788928860,29598.0,29601.0,29598.0,29598.25,33
1788928920,29600.5,29601.5,29598.5,29599.0,41
1788928980,29599.0,29607.0,29599.0,29605.25,64
1788929040,29605.0,29605.0,29599.0,29603.75,57
1788929100,29604.25,29605.25,29601.75,29603.0,33
1788929160,29603.5,29604.0,29600.0,29601.5,30
1788929220,29602.25,29604.5,29601.25,29602.5,33
1788929280,29602.0,29602.75,29601.0,29602.25,30
1788929340,29601.75,29608.0,29601.25,29607.0,157
1788929400,29607.0,29610.0,29604.5,29605.25,82
1788929460,29606.25,29606.5,29604.0,29605.75,73
1788929520,29605.0,29609.75,29602.0,29609.5,76
1788929580,29609.25,29609.25,29606.5,29609.0,36
1788929640,29608.5,29613.75,29608.5,29612.75,62
1788929700,29612.0,29616.75,29612.0,29613.25,116
1788929760,29614.25,29616.5,29614.25,29615.0,31
1788929820,29615.0,29620.25,29613.0,29618.25,304
1788929880,29618.0,29618.25,29613.0,29613.0,37
1788929940,29612.75,29614.75,29612.5,29614.0,28
1788930000,29614.5,29616.25,29605.75,29610.0,173
1788930060,29611.0,29611.25,29605.25,29605.75,82
1788930120,29605.25,29606.75,29602.5,29602.75,86
1788930180,29602.75,29608.0,29599.75,29606.0,154
1788930240,29607.25,29607.75,29603.5,29605.25,40
1788930300,29605.25,29606.0,29597.0,29598.25,95
1788930360,29599.0,29605.5,29599.0,29602.75,81
1788930420,29603.25,29608.0,29602.0,29603.75,72
1788930480,29604.75,29606.75,29602.75,29603.25,21
1788930540,29603.25,29605.5,29600.75,29605.5,40
1788930600,29607.75,29613.75,29605.0,29607.5,68
1788930660,29606.5,29607.5,29603.75,29606.75,42
1788930720,29606.75,29606.75,29602.25,29603.75,26
1788930780,29604.5,29606.75,29603.5,29606.0,26
1788930840,29605.5,29605.5,29603.25,29605.5,14
1788930900,29604.75,29604.75,29594.75,29598.25,146
1788930960,29598.25,29599.25,29595.0,29598.0,65
1788931020,29597.25,29597.25,29589.0,29590.0,80
1788931080,29589.5,29589.75,29582.75,29586.5,131
1788931140,29586.75,29587.25,29580.75,29582.5,68
1788931200,29583.75,29583.75,29575.5,29575.75,118
1788931260,29575.25,29576.5,29565.75,29569.25,220
1788931320,29569.0,29573.25,29567.75,29572.5,89
1788931380,29573.0,29579.25,29566.5,29573.0,293
1788931440,29573.75,29580.75,29572.25,29580.5,90
1788931500,29581.5,29586.0,29577.0,29578.75,100
1788931560,29579.0,29583.75,29575.0,29581.5,139
1788931620,29582.0,29589.0,29581.0,29585.25,238
1788931680,29586.5,29589.25,29578.75,29581.5,108
1788931740,29580.25,29584.75,29578.75,29580.25,28
1788931800,29580.75,29592.0,29566.25,29573.0,331
1788931860,29573.0,29575.5,29569.0,29569.5,71
1788931920,29570.0,29575.5,29568.25,29571.75,64
1788931980,29571.25,29574.0,29562.0,29572.75,132
1788932040,29572.25,29582.0,29572.25,29579.0,149
1788932100,29579.5,29579.75,29573.25,29579.75,50
1788932160,29578.75,29587.75,29578.25,29587.75,71
1788932220,29587.25,29588.5,29582.25,29582.25,126
1788932280,29582.25,29582.75,29573.25,29578.75,117
1788932340,29578.75,29580.25,29576.5,29580.25,33
1788932400,29581.0,29583.0,29574.5,29581.0,60
1788932460,29580.75,29584.0,29580.0,29584.0,27
1788932520,29584.25,29590.25,29578.75,29587.0,122
1788932580,29585.5,29587.25,29579.75,29580.0,47
1788932640,29580.25,29582.75,29576.5,29576.5,59
1788932700,29578.75,29584.5,29576.5,29581.75,38
1788932760,29581.5,29581.5,29573.75,29577.0,39
1788932820,29577.75,29582.5,29574.0,29574.0,32
1788932880,29576.25,29583.5,29576.25,29582.75,33
1788932940,29582.0,29587.5,29578.25,29587.0,71
1788933000,29586.25,29590.25,29585.5,29587.5,73
1788933060,29588.75,29594.75,29588.75,29594.5,98
1788933120,29594.75,29604.25,29593.0,29604.25,178
1788933180,29604.5,29605.5,29595.5,29599.5,95
1788933240,29600.75,29606.75,29600.75,29605.25,67
1788933300,29607.25,29613.0,29607.0,29612.75,121
1788933360,29613.0,29613.0,29603.75,29607.0,114
1788933420,29607.0,29608.75,29600.25,29604.25,85
1788933480,29604.25,29614.25,29604.0,29614.25,127
1788933540,29614.25,29621.5,29612.25,29621.25,179
1788933600,29621.75,29624.5,29616.0,29623.0,273
1788933660,29622.75,29627.25,29620.25,29626.25,238
1788933720,29625.0,29625.75,29616.25,29622.0,166
1788933780,29621.5,29624.75,29620.25,29621.5,90
1788933840,29622.75,29628.5,29622.0,29624.25,158
1788933900,29623.75,29628.25,29619.75,29622.0,107
1788933960,29621.5,29622.25,29609.0,29611.75,125
1788934020,29611.0,29613.5,29607.0,29611.75,81
1788934080,29611.0,29613.5,29606.75,29608.5,67
1788934140,29609.0,29609.75,29604.25,29607.5,65
1788934200,29607.25,29617.0,29605.25,29615.75,208
1788934260,29615.75,29623.25,29614.75,29620.75,250
1788934320,29620.5,29620.5,29615.25,29616.75,61
1788934380,29617.25,29623.25,29616.0,29620.25,60
1788934440,29621.5,29632.25,29621.5,29629.25,152
1788934500,29629.25,29632.5,29626.0,29628.0,113
1788934560,29629.0,29632.75,29628.5,29631.75,86
1788934620,29632.25,29633.75,29630.0,29632.25,65
1788934680,29631.5,29633.75,29628.5,29630.25,80
1788934740,29630.75,29630.75,29627.75,29628.5,88
1788934800,29628.25,29629.25,29623.5,29623.5,72
1788934860,29623.25,29626.25,29616.5,29616.75,104
1788934920,29616.25,29625.0,29612.0,29621.75,125
1788934980,29622.25,29622.25,29617.5,29622.25,38
1788935040,29623.0,29626.0,29620.5,29622.0,53
1788935100,29621.25,29624.0,29609.5,29615.25,111
1788935160,29616.0,29617.75,29609.5,29610.0,70
1788935220,29609.25,29610.25,29597.25,29598.25,189
1788935280,29597.75,29598.25,29587.25,29588.0,220
1788935340,29588.25,29594.0,29586.5,29593.75,88
1788935400,29592.75,29601.5,29592.0,29595.5,225
1788935460,29594.75,29602.25,29594.5,29600.5,95
1788935520,29601.0,29601.0,29588.0,29589.5,90
1788935580,29591.0,29604.25,29590.0,29604.0,96
1788935640,29604.5,29607.5,29602.5,29606.5,110
1788935700,29606.5,29614.0,29606.5,29610.5,85
1788935760,29610.75,29611.25,29602.75,29605.5,81
1788935820,29607.25,29608.75,29606.25,29607.0,46
1788935880,29607.5,29610.5,29605.5,29610.0,105
1788935940,29611.0,29612.25,29608.75,29609.25,45
1788936000,29609.0,29611.25,29608.25,29609.0,24
1788936060,29608.25,29609.0,29606.0,29608.0,149
1788936120,29607.75,29610.0,29607.0,29608.5,30
1788936180,29608.5,29612.25,29605.75,29612.25,91
1788936240,29612.5,29613.0,29610.0,29611.75,35
1788936300,29612.25,29612.5,29606.5,29609.5,64
1788936360,29609.75,29609.75,29596.25,29598.5,233
1788936420,29599.0,29606.0,29599.0,29600.5,90
1788936480,29600.25,29604.5,29592.5,29596.0,122
1788936540,29594.0,29597.75,29589.25,29593.75,170
1788936600,29595.0,29600.75,29594.25,29599.0,108
1788936660,29599.25,29602.5,29598.75,29600.5,86
1788936720,29600.0,29601.5,29595.25,29596.0,41
1788936780,29596.0,29597.0,29586.75,29588.25,144
1788936840,29587.5,29590.0,29582.5,29583.5,134
1788936900,29583.25,29586.5,29581.0,29584.75,59
1788936960,29584.75,29585.75,29580.0,29581.0,76
1788937020,29581.0,29584.0,29579.75,29579.75,57
1788937080,29580.25,29581.75,29578.5,29581.0,84
1788937140,29580.25,29581.75,29578.0,29579.5,100
1788937200,29581.5,29582.5,29573.0,29575.25,356
1788937260,29574.75,29574.75,29561.25,29569.75,378
1788937320,29567.25,29583.25,29566.75,29581.25,222
1788937380,29581.25,29589.0,29577.5,29585.25,105
1788937440,29586.5,29591.25,29584.25,29588.75,131
1788937500,29591.5,29600.0,29589.75,29596.0,155
1788937560,29595.5,29601.5,29595.5,29598.25,123
1788937620,29598.25,29602.0,29596.5,29600.0,85
1788937680,29601.5,29603.25,29597.0,29597.0,59
1788937740,29598.0,29599.25,29593.5,29596.25,89
1788937800,29596.0,29597.75,29591.5,29592.75,136
1788937860,29593.25,29609.25,29592.0,29607.5,157
1788937920,29607.75,29611.5,29603.25,29603.25,120
1788937980,29603.25,29604.5,29593.5,29596.5,207
1788938040,29597.25,29599.0,29572.25,29572.25,215
1788938100,29572.25,29574.0,29561.0,29566.0,306
1788938160,29565.75,29568.0,29560.75,29564.5,155
1788938220,29564.0,29568.5,29558.0,29563.75,221
1788938280,29564.75,29575.5,29563.25,29573.0,182
1788938340,29573.0,29581.0,29561.5,29568.25,247
1788938400,29568.0,29589.75,29568.0,29582.25,263
1788938460,29581.5,29589.0,29578.5,29582.5,137
1788938520,29583.0,29600.0,29583.0,29596.5,216
1788938580,29597.25,29599.0,29594.75,29595.5,73
1788938640,29596.5,29598.5,29591.5,29593.75,84
1788938700,29594.0,29595.75,29590.0,29593.75,167
1788938760,29593.25,29602.25,29590.5,29601.5,74
1788938820,29600.75,29610.0,29600.25,29607.75,165
1788938880,29607.5,29610.5,29604.75,29605.25,102
1788938940,29605.25,29613.0,29602.5,29612.25,171
1788939000,29611.75,29613.0,29607.25,29607.75,151
1788939060,29608.25,29608.25,29598.25,29602.25,133
1788939120,29603.0,29607.75,29602.5,29606.25,37
1788939180,29605.75,29606.25,29601.0,29601.5,37
1788939240,29600.25,29604.25,29599.0,29602.5,41
1788939300,29603.25,29614.0,29603.25,29608.0,158
1788939360,29608.5,29611.25,29606.0,29609.0,99
1788939420,29607.75,29609.25,29606.5,29608.75,44
1788939480,29607.75,29608.25,29599.25,29600.5,89
1788939540,29600.25,29600.25,29591.5,29596.25,136
1788939600,29596.0,29598.25,29594.75,29597.25,112
1788939660,29598.75,29600.25,29594.25,29594.25,49
1788939720,29594.5,29600.0,29594.5,29599.75,52
1788939780,29599.0,29599.0,29594.25,29594.75,37
1788939840,29594.5,29595.25,29590.0,29594.25,96
1788939900,29596.25,29597.0,29588.25,29589.0,93
1788939960,29589.0,29595.5,29587.5,29589.25,67
1788940020,29589.75,29591.5,29587.0,29589.25,93
1788940080,29589.5,29592.5,29586.0,29587.25,72
1788940140,29588.0,29588.75,29573.25,29574.5,176
1788940200,29574.5,29576.0,29565.25,29568.5,186
1788940260,29569.0,29576.0,29566.75,29575.5,138
1788940320,29575.75,29575.75,29567.0,29574.5,58
1788940380,29573.75,29574.0,29569.0,29570.75,57
1788940440,29573.0,29578.75,29571.0,29578.75,79
1788940500,29578.75,29581.75,29575.75,29580.25,92
1788940560,29580.0,29591.0,29580.0,29591.0,118
1788940620,29590.25,29590.25,29585.25,29586.75,87
1788940680,29585.0,29586.5,29580.5,29582.5,59
1788940740,29582.75,29590.0,29581.75,29588.0,96
1788940800,29589.5,29591.0,29576.0,29579.75,191
1788940860,29578.25,29600.75,29578.25,29599.5,262
1788940920,29599.75,29603.5,29592.0,29592.75,197
1788940980,29593.5,29593.75,29576.75,29582.25,144
1788941040,29583.5,29599.5,29577.75,29598.5,239
1788941100,29598.5,29609.0,29594.25,29594.75,215
1788941160,29596.0,29601.0,29588.0,29588.0,194
1788941220,29588.25,29595.75,29585.5,29593.0,113
1788941280,29593.0,29602.0,29590.5,29595.0,113
1788941340,29594.75,29595.75,29589.75,29591.75,76
1788941400,29591.75,29593.25,29587.0,29589.75,102
1788941460,29591.75,29599.0,29589.75,29594.5,69
1788941520,29594.0,29595.0,29590.75,29591.0,43
1788941580,29591.25,29600.25,29591.25,29597.0,55
1788941640,29595.75,29596.25,29579.75,29582.25,100
1788941700,29583.0,29590.5,29581.75,29587.5,88
1788941760,29590.5,29593.25,29584.25,29586.0,69
1788941820,29586.5,29588.75,29584.25,29584.75,55
1788941880,29584.75,29588.0,29580.5,29588.0,67
1788941940,29588.0,29589.0,29586.0,29588.5,59
1788942000,29587.75,29588.5,29582.25,29583.5,77
1788942060,29584.0,29591.5,29583.5,29586.75,68
1788942120,29587.0,29587.0,29582.25,29585.5,35
1788942180,29586.0,29587.0,29570.5,29571.25,165
1788942240,29571.5,29575.25,29568.0,29569.25,139
1788942300,29569.25,29573.25,29568.25,29570.75,102
1788942360,29570.25,29575.0,29568.25,29571.5,56
1788942420,29572.0,29572.5,29566.75,29568.25,110
1788942480,29568.25,29578.0,29567.75,29578.0,65
1788942540,29578.0,29594.25,29574.25,29587.75,205
1788942600,29585.75,29588.75,29583.5,29584.0,117
1788942660,29583.75,29589.0,29583.0,29589.0,78
1788942720,29588.75,29592.75,29587.75,29590.0,50
1788942780,29590.25,29591.5,29587.5,29590.0,48
1788942840,29589.75,29592.25,29577.75,29577.75,125
1788942900,29578.75,29578.75,29569.75,29572.75,169
1788942960,29574.75,29576.25,29569.25,29570.0,129
1788943020,29568.75,29571.5,29563.5,29570.0,113
1788943080,29571.0,29571.75,29553.25,29560.0,301
1788943140,29560.0,29561.0,29550.25,29552.0,131
1788943200,29551.0,29555.75,29547.5,29554.5,232
1788943260,29555.75,29565.0,29555.25,29562.5,155
1788943320,29563.0,29565.5,29558.0,29560.5,109
1788943380,29559.75,29570.75,29544.0,29544.0,438
1788943440,29543.5,29548.75,29540.25,29541.75,119
1788943500,29543.0,29551.25,29540.25,29545.75,163
1788943560,29546.75,29546.75,29538.75,29545.25,134
1788943620,29544.25,29551.75,29543.75,29549.5,161
1788943680,29549.25,29550.5,29543.5,29550.0,93
1788943740,29550.0,29553.0,29546.75,29548.75,100
1788943800,29548.0,29555.0,29545.75,29553.75,78
1788943860,29552.25,29569.25,29550.5,29567.25,159
1788943920,29567.25,29568.25,29559.5,29561.75,54
1788943980,29564.0,29567.25,29562.5,29565.75,103
1788944040,29567.0,29568.25,29560.5,29567.75,54
1788944100,29567.5,29568.5,29564.75,29567.0,58
1788944160,29566.5,29566.75,29563.0,29563.0,45
1788944220,29562.5,29566.0,29561.25,29564.25,38
1788944280,29563.0,29571.75,29561.25,29570.5,70
1788944340,29569.75,29569.75,29563.0,29564.75,86
1788944400,29565.0,29569.0,29559.75,29559.75,62
1788944460,29562.5,29565.0,29552.5,29557.25,197
1788944520,29557.75,29567.0,29557.75,29562.75,61
1788944580,29563.5,29575.0,29563.5,29572.25,116
1788944640,29572.25,29572.25,29558.25,29564.25,80
1788944700,29563.75,29567.25,29544.0,29550.0,241
1788944760,29549.25,29549.25,29544.0,29545.0,63
1788944820,29547.0,29547.25,29541.25,29544.0,86
1788944880,29543.5,29546.25,29542.0,29542.25,43
1788944940,29543.0,29543.5,29538.25,29540.5,130
1788945000,29539.75,29540.75,29533.25,29535.0,175
1788945060,29535.25,29538.0,29532.5,29537.25,73
1788945120,29537.75,29552.25,29537.5,29550.25,184
1788945180,29549.75,29549.75,29541.25,29543.0,46
1788945240,29542.75,29554.0,29541.25,29550.5,124
1788945300,29550.5,29557.0,29545.5,29548.75,96
1788945360,29549.5,29550.75,29547.25,29547.5,23
1788945420,29550.0,29552.75,29545.75,29545.75,62
1788945480,29546.5,29549.0,29544.25,29546.0,20
1788945540,29547.0,29547.25,29543.5,29545.75,39
1788945600,29543.5,29544.25,29541.5,29542.5,77
1788945660,29541.25,29543.75,29534.5,29538.75,104
1788945720,29538.25,29542.25,29534.25,29534.75,95
1788945780,29533.5,29534.75,29523.5,29529.5,268
1788945840,29530.5,29530.75,29514.5,29518.25,279
1788945900,29517.5,29522.75,29517.25,29522.25,114
1788945960,29522.0,29527.0,29521.75,29522.75,105
1788946020,29523.75,29529.25,29522.75,29528.0,66
1788946080,29527.75,29529.75,29525.75,29529.25,93
1788946140,29529.25,29532.25,29525.0,29528.5,93
1788946200,29528.5,29539.25,29524.5,29539.0,183
1788946260,29537.5,29539.0,29516.0,29518.75,230
1788946320,29517.75,29519.25,29514.0,29514.0,131
1788946380,29515.5,29516.5,29503.25,29504.75,256
1788946440,29505.25,29505.5,29499.75,29501.25,160
1788946500,29500.75,29501.75,29489.75,29490.0,305
1788946560,29491.0,29499.5,29486.0,29496.25,244
1788946620,29496.0,29497.5,29490.0,29491.5,117
1788946680,29492.0,29497.25,29488.75,29497.25,114
1788946740,29497.75,29500.0,29486.25,29494.0,160
1788946800,29493.25,29495.5,29483.75,29487.0,163
1788946860,29486.0,29488.5,29474.0,29476.5,254
1788946920,29477.0,29477.5,29471.25,29473.25,122
1788946980,29475.0,29481.75,29475.0,29479.25,169
1788947040,29479.75,29479.75,29473.25,29479.0,125
1788947100,29479.0,29479.0,29472.5,29475.5,173
1788947160,29474.5,29481.5,29472.25,29473.0,116
1788947220,29473.75,29485.5,29467.75,29468.25,225
1788947280,29467.75,29473.75,29455.75,29460.0,339
1788947340,29459.75,29464.25,29457.75,29460.25,152
1788947400,29461.25,29467.0,29453.5,29455.25,536
1788947460,29455.25,29460.0,29450.0,29457.0,285
1788947520,29455.25,29456.75,29446.5,29451.25,170
1788947580,29448.75,29449.5,29432.0,29433.5,282
1788947640,29433.25,29433.5,29414.0,29417.25,857
1788947700,29417.0,29422.25,29400.0,29400.75,534
1788947760,29400.0,29417.75,29397.25,29404.75,392
1788947820,29406.5,29408.5,29396.25,29397.5,548
1788947880,29396.25,29401.0,29391.75,29394.5,321
1788947940,29393.0,29405.0,29388.75,29400.5,305
1788948000,29401.0,29416.25,29395.75,29405.5,598
1788948060,29404.75,29406.0,29372.0,29373.25,994
1788948120,29372.5,29404.0,29371.75,29400.75,496
1788948180,29400.5,29414.25,29398.0,29408.75,189
1788948240,29408.5,29415.0,29404.0,29412.25,119
1788948300,29413.25,29424.75,29409.75,29417.25,370
1788948360,29417.25,29419.75,29406.75,29412.5,219
1788948420,29413.0,29413.0,29396.75,29412.5,273
1788948480,29412.0,29412.0,29392.5,29394.5,364
1788948540,29394.25,29397.0,29388.75,29390.25,210
1788948600,29389.75,29405.75,29385.25,29397.75,256
1788948660,29398.75,29408.0,29397.75,29407.0,151
1788948720,29407.0,29413.75,29398.75,29403.25,135
1788948780,29405.0,29407.5,29400.75,29404.25,176
1788948840,29403.5,29410.5,29388.0,29395.75,375
1788948900,29395.0,29401.0,29384.0,29385.0,379
1788948960,29385.0,29407.75,29381.75,29401.75,311
1788949020,29399.5,29409.0,29398.25,29407.25,133
1788949080,29408.25,29419.75,29407.75,29414.25,181
1788949140,29415.75,29422.25,29409.5,29420.75,240
1788949200,29421.25,29432.25,29419.75,29425.75,381
1788949260,29426.75,29429.75,29419.25,29428.5,233
1788949320,29428.5,29429.25,29411.25,29412.75,260
1788949380,29413.5,29416.75,29407.75,29411.25,161
1788949440,29411.5,29414.75,29405.5,29414.25,112
1788949500,29411.75,29415.0,29408.25,29414.25,86
1788949560,29414.0,29416.5,29407.5,29413.0,112
1788949620,29413.25,29413.25,29403.75,29407.5,106
1788949680,29408.25,29417.25,29406.5,29415.75,114
1788949740,29416.25,29423.5,29412.25,29419.0,140
1788949800,29417.75,29423.25,29410.25,29422.25,211
1788949860,29421.75,29421.75,29414.0,29418.0,141
1788949920,29418.0,29423.25,29416.75,29422.75,130
1788949980,29422.75,29426.0,29418.0,29424.0,127
1788950040,29423.5,29428.0,29418.0,29421.0,128
1788950100,29421.25,29429.5,29419.5,29424.5,109
1788950160,29424.25,29427.0,29419.25,29422.0,152
1788950220,29423.0,29432.0,29421.25,29429.75,161
1788950280,29430.0,29430.5,29424.5,29425.75,247
1788950340,29425.5,29427.0,29415.75,29417.5,120
1788950400,29418.0,29421.25,29410.75,29413.25,141
1788950460,29414.0,29417.75,29399.0,29401.75,143
1788950520,29402.75,29406.0,29397.25,29404.0,146
1788950580,29403.5,29405.25,29396.5,29401.25,133
1788950640,29400.5,29404.75,29396.25,29397.5,98
1788950700,29397.5,29399.25,29392.75,29395.75,148
1788950760,29396.0,29398.75,29389.5,29394.0,133
1788950820,29392.5,29398.0,29387.5,29394.5,143
1788950880,29395.0,29401.25,29394.5,29401.0,95
1788950940,29401.25,29402.5,29379.25,29389.0,551
1788951000,29389.5,29399.25,29382.25,29385.75,196
1788951060,29386.0,29390.0,29381.5,29384.5,122
1788951120,29384.25,29385.75,29379.0,29380.75,143
1788951180,29381.25,29383.0,29368.25,29378.0,471
1788951240,29378.0,29397.75,29378.0,29391.0,351
1788951300,29390.5,29405.0,29388.25,29400.5,273
1788951360,29401.25,29402.25,29384.0,29391.75,245
1788951420,29391.5,29399.0,29391.5,29395.75,129
1788951480,29395.25,29401.25,29394.0,29396.0,120
1788951540,29397.25,29402.75,29389.0,29391.5,227
1788951600,29392.0,29398.5,29382.75,29390.5,363
1788951660,29390.0,29390.25,29379.25,29388.5,324
1788951720,29388.0,29396.5,29378.0,29383.75,287
1788951780,29383.25,29400.5,29380.0,29396.5,197
1788951840,29397.75,29405.5,29394.5,29394.5,162
1788951900,29394.25,29399.5,29392.25,29395.0,173
1788951960,29392.25,29399.75,29386.5,29395.0,174
1788952020,29397.5,29410.75,29397.5,29410.25,224
1788952080,29409.75,29412.5,29406.75,29407.75,90
1788952140,29406.5,29415.5,29403.75,29415.5,140
1788952200,29415.75,29425.0,29413.75,29425.0,215
1788952260,29425.0,29428.5,29422.75,29425.25,231
1788952320,29427.0,29430.25,29422.25,29426.25,146
1788952380,29426.5,29427.75,29416.0,29416.0,133
1788952440,29417.25,29417.75,29405.25,29407.25,166
1788952500,29409.5,29410.0,29391.0,29392.25,223
1788952560,29391.0,29399.75,29389.0,29389.0,191
1788952620,29388.5,29396.5,29388.0,29392.0,151
1788952680,29391.25,29395.5,29377.75,29382.5,368
1788952740,29383.5,29395.5,29383.5,29392.5,221
1788952800,29392.5,29401.25,29380.0,29386.75,189
1788952860,29385.75,29399.75,29385.25,29395.75,117
1788952920,29395.75,29405.25,29392.25,29405.0,161
1788952980,29405.0,29413.5,29404.25,29413.5,87
1788953040,29413.25,29425.25,29412.75,29424.75,229
1788953100,29424.5,29428.5,29422.75,29424.75,145
1788953160,29424.25,29430.5,29423.25,29424.75,176
1788953220,29424.0,29425.5,29418.0,29419.5,127
1788953280,29418.25,29419.5,29415.5,29418.75,98
1788953340,29418.0,29422.5,29413.5,29418.5,134
1788953400,29418.0,29419.25,29409.0,29411.75,149
1788953460,29411.25,29414.25,29398.25,29399.75,230
1788953520,29401.25,29402.75,29395.0,29398.0,133
1788953580,29399.0,29401.5,29396.75,29399.0,127
1788953640,29399.0,29399.0,29392.5,29394.0,105
1788953700,29392.25,29393.0,29389.0,29390.75,81
1788953760,29390.25,29394.25,29387.5,29392.5,142
1788953820,29390.5,29393.25,29387.75,29391.5,71
1788953880,29390.5,29400.5,29387.25,29398.5,195
1788953940,29397.0,29401.0,29387.75,29400.0,128
1788954000,29399.75,29403.25,29396.25,29399.25,123
1788954060,29399.5,29399.5,29386.5,29387.5,143
1788954120,29387.5,29399.0,29382.5,29393.0,221
1788954180,29392.0,29393.75,29380.25,29387.75,225
1788954240,29387.25,29388.75,29376.5,29377.5,256
1788954300,29378.5,29381.75,29376.75,29379.75,122
1788954360,29381.25,29389.75,29378.75,29381.25,198
1788954420,29382.25,29395.5,29382.25,29394.75,174
1788954480,29395.75,29400.0,29391.25,29398.0,144
1788954540,29397.25,29440.0,29397.0,29434.75,1577
1788954600,29433.5,29452.0,29426.25,29431.5,1273
1788954660,29431.25,29435.75,29421.0,29424.75,355
1788954720,29423.25,29424.0,29418.5,29421.0,237
1788954780,29422.0,29422.0,29413.75,29421.0,192
1788954840,29421.75,29425.25,29416.5,29416.5,135
1788954900,29416.5,29416.5,29404.5,29406.0,182
1788954960,29406.25,29413.75,29406.0,29408.5,109
1788955020,29409.75,29411.5,29401.75,29406.75,189
1788955080,29407.0,29407.75,29393.5,29393.5,251
1788955140,29393.75,29402.25,29392.0,29396.75,151
1788955200,29397.0,29400.5,29388.5,29390.5,243
1788955260,29390.5,29392.5,29378.5,29380.5,221
1788955320,29381.0,29396.25,29380.5,29391.25,235
1788955380,29392.25,29393.5,29381.25,29381.5,150
1788955440,29381.5,29381.5,29367.0,29372.5,631
1788955500,29372.5,29380.5,29362.75,29365.75,370
1788955560,29364.5,29370.25,29358.75,29360.25,456
1788955620,29360.0,29365.75,29360.0,29363.0,210
1788955680,29362.75,29370.0,29362.0,29367.5,289
1788955740,29366.25,29372.0,29364.0,29366.25,180
1788955800,29365.75,29366.75,29356.75,29360.25,422
1788955860,29359.75,29363.0,29355.5,29357.25,223
1788955920,29358.25,29360.75,29347.75,29349.5,487
1788955980,29349.75,29350.0,29334.75,29339.75,638
1788956040,29340.5,29344.0,29336.0,29337.0,290
1788956100,29337.25,29348.25,29336.5,29346.0,415
1788956160,29346.5,29353.75,29333.0,29341.25,475
1788956220,29341.0,29345.75,29339.75,29340.0,256
1788956280,29340.5,29350.75,29338.5,29344.25,281
1788956340,29344.5,29347.75,29339.5,29344.25,245
1788956400,29345.25,29365.0,29343.75,29363.5,305
1788956460,29363.5,29366.5,29358.25,29365.25,174
1788956520,29365.5,29366.5,29361.25,29364.5,158
1788956580,29364.0,29366.5,29360.75,29363.0,163
1788956640,29362.75,29362.75,29353.25,29357.75,239
1788956700,29358.5,29366.5,29356.75,29358.5,184
1788956760,29358.75,29362.5,29356.75,29358.0,113
1788956820,29356.75,29362.25,29352.5,29354.5,202
1788956880,29355.0,29366.0,29355.0,29358.0,147
1788956940,29356.75,29359.5,29351.5,29351.75,115
1788957000,29351.75,29356.5,29343.5,29344.5,413
1788957060,29344.75,29356.75,29344.25,29356.75,215
1788957120,29357.75,29363.75,29352.5,29363.25,202
1788957180,29363.25,29370.0,29363.0,29366.0,278
1788957240,29366.25,29382.0,29364.0,29377.0,385
1788957300,29377.25,29380.5,29375.0,29379.5,227
1788957360,29379.5,29384.25,29372.25,29380.5,310
1788957420,29380.75,29384.25,29370.5,29374.75,181
1788957480,29375.5,29380.0,29372.75,29379.25,98
1788957540,29380.0,29383.0,29377.0,29380.25,131
1788957600,29379.25,29381.0,29375.0,29377.5,198
1788957660,29376.5,29382.5,29372.0,29373.5,176
1788957720,29374.0,29381.25,29371.5,29377.0,277
1788957780,29376.5,29382.25,29371.5,29380.0,144
1788957840,29380.25,29384.0,29377.75,29381.75,114
1788957900,29381.25,29390.25,29381.25,29389.0,198
1788957960,29389.75,29394.0,29383.25,29388.0,279
1788958020,29388.25,29393.75,29386.5,29391.75,176
1788958080,29391.5,29394.25,29384.0,29393.5,382
1788958140,29394.25,29402.0,29391.5,29401.0,280
1788958200,29400.75,29403.75,29397.75,29403.75,218
1788958260,29403.75,29404.0,29394.75,29395.25,209
1788958320,29394.25,29397.5,29391.25,29395.75,229
1788958380,29394.75,29394.75,29387.0,29387.75,204
1788958440,29387.5,29388.75,29384.5,29386.25,100
1788958500,29385.5,29395.75,29384.25,29395.0,235
1788958560,29395.0,29399.25,29387.5,29399.25,279
1788958620,29399.5,29400.0,29391.75,29394.0,109
1788958680,29393.25,29398.5,29393.0,29393.0,82
1788958740,29392.5,29393.75,29389.5,29390.5,148
1788958800,29390.75,29399.25,29382.5,29396.75,447
1788958860,29397.75,29406.5,29396.75,29404.5,283
1788958920,29404.25,29408.0,29403.0,29406.25,189
1788958980,29406.75,29408.0,29398.75,29399.5,276
1788959040,29399.75,29404.5,29399.25,29403.25,151
1788959100,29404.0,29404.0,29397.75,29401.25,347
1788959160,29400.5,29405.5,29397.75,29403.0,192
1788959220,29402.5,29402.5,29396.5,29397.0,169
1788959280,29397.25,29403.5,29395.75,29400.5,294
1788959340,29400.5,29403.0,29397.25,29398.25,119
1788959400,29398.5,29402.5,29395.75,29396.75,175
1788959460,29396.25,29406.75,29394.5,29399.25,210
1788959520,29398.5,29406.25,29397.0,29406.0,114
1788959580,29406.25,29408.5,29401.75,29406.0,202
1788959640,29406.25,29408.25,29399.5,29403.75,286
1788959700,29403.0,29405.0,29398.75,29403.5,268
1788959760,29403.25,29409.25,29399.75,29400.25,240
1788959820,29401.25,29402.75,29399.0,29400.25,105
1788959880,29401.25,29413.75,29400.5,29411.0,238
1788959940,29411.25,29416.0,29411.25,29414.5,178
1788960000,29414.75,29419.25,29413.0,29418.5,232
1788960060,29418.0,29418.5,29414.0,29417.5,234
1788960120,29416.5,29417.75,29408.25,29417.75,304
1788960180,29418.0,29419.0,29412.75,29412.75,180
1788960240,29412.75,29418.25,29410.5,29418.0,214
1788960300,29419.0,29438.25,29419.0,29434.5,978
1788960360,29435.0,29437.25,29430.5,29435.75,406
1788960420,29436.5,29446.25,29436.5,29446.25,793
1788960480,29446.5,29446.5,29438.75,29444.5,765
1788960540,29444.0,29458.5,29440.5,29454.5,1146
1788960600,29455.0,29472.0,29418.25,29462.25,6395
1788960660,29461.75,29462.75,29422.5,29456.5,3897
1788960720,29456.25,29466.25,29432.5,29440.0,2930
1788960780,29440.5,29458.5,29432.0,29453.75,2111
1788960840,29454.0,29498.75,29452.0,29478.75,3384
1788960900,29478.25,29493.0,29469.25,29487.0,2324
1788960960,29487.25,29489.75,29467.25,29480.5,1988
1788961020,29480.0,29499.25,29470.0,29484.0,2402
1788961080,29483.0,29498.25,29468.75,29484.75,1581
1788961140,29485.0,29493.25,29474.75,29483.25,1440
1788961200,29482.75,29497.25,29473.5,29478.75,1749
1788961260,29478.5,29503.75,29474.0,29494.75,1938
1788961320,29495.0,29496.0,29475.5,29487.75,1393
1788961380,29488.5,29489.0,29463.75,29467.5,1674
1788961440,29467.5,29485.75,29461.75,29478.75,1749
1788961500,29479.0,29495.0,29458.5,29460.25,2252
1788961560,29460.25,29487.25,29456.5,29485.25,1921
1788961620,29485.5,29497.0,29471.25,29471.75,1891
1788961680,29473.0,29487.0,29466.75,29481.5,1538
1788961740,29481.5,29513.75,29475.25,29499.5,3400
1788961800,29500.25,29503.5,29483.25,29496.5,1584
1788961860,29496.0,29511.0,29490.75,29492.25,1435
1788961920,29492.25,29508.75,29487.75,29506.0,1183
1788961980,29505.75,29518.0,29496.75,29513.75,1353
1788962040,29514.5,29523.75,29510.75,29517.5,1458
1788962100,29518.25,29538.25,29513.0,29535.75,1945
1788962160,29536.0,29547.25,29534.0,29534.75,1766
1788962220,29535.25,29543.75,29530.0,29538.75,1545
1788962280,29539.0,29555.75,29531.25,29553.25,1637
1788962340,29554.0,29567.25,29550.5,29558.5,2120
1788962400,29558.25,29566.5,29553.0,29557.0,1817
1788962460,29556.75,29557.25,29531.25,29537.0,1893
1788962520,29537.75,29548.75,29532.5,29546.0,1458
1788962580,29546.0,29573.5,29540.75,29569.5,1856
1788962640,29570.25,29586.75,29564.75,29578.0,1958
1788962700,29578.25,29593.75,29573.25,29587.75,1911
1788962760,29587.0,29590.5,29576.25,29582.75,1803
1788962820,29583.5,29587.0,29569.0,29578.25,1186
1788962880,29577.75,29578.5,29566.0,29570.75,873
1788962940,29570.75,29573.25,29561.25,29572.25,1125
1788963000,29572.5,29582.25,29565.0,29571.0,1159
1788963060,29570.75,29572.5,29546.0,29548.75,1687
1788963120,29547.75,29558.75,29543.75,29553.0,1220
1788963180,29553.0,29562.25,29548.75,29561.25,721
1788963240,29560.75,29568.5,29557.0,29562.25,974
1788963300,29561.25,29561.75,29529.5,29536.25,2585
1788963360,29537.0,29537.25,29506.0,29512.75,2118
1788963420,29513.0,29524.5,29509.5,29518.75,1627
1788963480,29518.75,29519.0,29495.25,29506.5,1987
1788963540,29505.5,29508.0,29488.5,29500.0,1688
1788963600,29500.5,29507.75,29491.5,29494.0,1313
1788963660,29494.0,29496.5,29479.25,29483.5,1679
1788963720,29483.5,29484.25,29467.0,29475.25,1683
1788963780,29475.5,29477.5,29465.75,29474.0,1181
1788963840,29473.25,29487.0,29460.0,29462.25,2630
1788963900,29462.0,29492.0,29459.5,29491.0,1946
1788963960,29491.25,29496.5,29482.0,29484.75,1579
1788964020,29485.75,29502.25,29477.75,29498.0,1449
1788964080,29497.75,29527.25,29495.75,29527.0,2078
1788964140,29526.0,29537.75,29525.75,29535.5,1643
1788964200,29535.0,29537.0,29519.0,29521.75,1467
1788964260,29522.25,29524.75,29509.5,29515.0,1209
1788964320,29515.0,29522.0,29501.75,29514.5,1033
1788964380,29512.0,29517.5,29500.25,29507.0,826
1788964440,29506.0,29519.5,29500.0,29519.5,822
1788964500,29519.25,29526.75,29514.5,29516.25,1085
1788964560,29516.0,29530.25,29508.5,29508.75,954
1788964620,29508.75,29515.5,29494.25,29500.0,1135
1788964680,29500.0,29508.25,29496.75,29500.5,715
1788964740,29501.0,29525.5,29499.25,29524.25,885
1788964800,29524.0,29534.0,29511.25,29517.75,1188
1788964860,29517.75,29529.25,29514.25,29528.25,654
1788964920,29528.5,29529.0,29515.25,29518.25,620
1788964980,29518.25,29532.5,29513.75,29528.5,820
1788965040,29527.25,29543.5,29524.0,29537.5,993
1788965100,29537.25,29539.0,29518.0,29536.25,941
1788965160,29535.5,29538.0,29528.75,29535.0,577
1788965220,29535.75,29537.0,29527.0,29534.0,531
1788965280,29533.75,29536.0,29524.25,29530.75,522
1788965340,29530.75,29541.75,29525.75,29538.5,664
1788965400,29538.5,29541.0,29526.75,29528.0,901
1788965460,29527.5,29532.75,29516.0,29518.75,1090
1788965520,29519.75,29530.5,29500.0,29515.25,1562
1788965580,29515.5,29518.25,29504.0,29504.0,739
1788965640,29504.5,29514.25,29502.75,29506.5,659
1788965700,29506.75,29525.75,29505.5,29512.5,951
1788965760,29512.25,29521.75,29505.25,29517.75,539
1788965820,29517.25,29517.5,29503.75,29515.75,573
1788965880,29515.5,29538.25,29513.25,29537.5,861
1788965940,29537.5,29537.75,29527.0,29528.25,704
1788966000,29528.75,29562.25,29517.5,29551.0,2335
1788966060,29550.5,29561.5,29495.25,29507.5,3080
1788966120,29508.5,29521.5,29490.5,29490.5,1686
1788966180,29491.25,29499.5,29485.25,29492.0,1733
1788966240,29492.25,29495.75,29481.75,29492.0,1261
1788966300,29493.0,29506.0,29478.75,29480.0,1351
1788966360,29479.5,29483.0,29469.75,29469.75,1430
1788966420,29470.0,29481.5,29465.5,29473.25,1315
1788966480,29473.75,29480.75,29465.0,29470.75,972
1788966540,29471.75,29471.75,29434.0,29441.75,2888
1788966600,29441.25,29448.0,29427.5,29428.75,1685
1788966660,29428.25,29429.25,29393.75,29395.25,3407
1788966720,29394.75,29404.5,29386.25,29394.5,2435
1788966780,29394.5,29408.25,29387.75,29397.5,1919
1788966840,29397.25,29408.25,29392.25,29399.0,1611
1788966900,29398.5,29412.5,29391.0,29407.0,2041
1788966960,29407.0,29431.25,29399.75,29430.5,1953
1788967020,29431.25,29435.0,29420.25,29427.25,1496
1788967080,29428.25,29445.25,29425.0,29444.25,1144
1788967140,29444.75,29451.75,29438.0,29444.25,1235
1788967200,29443.75,29454.5,29434.75,29437.75,1255
1788967260,29438.0,29438.75,29414.0,29420.25,1446
1788967320,29420.75,29421.25,29393.0,29396.75,1306
1788967380,29396.75,29398.5,29370.0,29373.5,2626
1788967440,29373.0,29374.25,29358.0,29363.75,1961
1788967500,29364.0,29378.75,29359.5,29374.75,1484
1788967560,29375.0,29383.0,29367.5,29376.0,1118
1788967620,29376.25,29384.75,29366.5,29379.5,1187
1788967680,29379.5,29394.25,29377.25,29384.0,1290
1788967740,29383.75,29391.0,29380.5,29390.5,1012
1788967800,29390.25,29411.25,29388.0,29410.25,1667
1788967860,29409.5,29409.75,29396.25,29400.75,1037
1788967920,29400.75,29420.0,29399.0,29417.5,1154
1788967980,29417.5,29428.75,29409.5,29428.5,1084
1788968040,29428.5,29435.25,29421.0,29434.25,1419
1788968100,29433.5,29442.25,29426.0,29431.5,1412
1788968160,29432.5,29442.5,29429.75,29438.5,941
1788968220,29438.25,29440.0,29422.5,29423.5,1016
1788968280,29423.5,29423.75,29405.75,29411.0,1217
1788968340,29411.0,29475.0,29405.75,29469.5,3135
1788968400,29469.0,29482.5,29436.75,29443.5,2964
1788968460,29444.25,29445.0,29424.75,29428.5,1493
1788968520,29429.0,29437.75,29425.5,29430.5,1044
1788968580,29431.0,29441.0,29430.25,29440.25,590
1788968640,29439.5,29440.25,29432.25,29438.0,485
1788968700,29438.75,29441.75,29427.5,29429.5,648
1788968760,29428.75,29434.0,29425.75,29431.75,434
1788968820,29431.5,29438.0,29424.25,29431.75,495
1788968880,29431.5,29442.5,29430.75,29432.0,451
1788968940,29430.25,29442.0,29425.25,29436.25,504
1788969000,29436.25,29464.0,29436.25,29461.25,1286
1788969060,29461.5,29462.0,29453.25,29453.75,641
1788969120,29454.0,29460.0,29451.0,29457.5,568
1788969180,29457.25,29462.25,29455.0,29459.5,543
1788969240,29459.25,29467.0,29455.5,29465.0,487
1788969300,29465.75,29466.0,29442.5,29442.5,939
1788969360,29443.5,29445.5,29434.25,29437.0,806
1788969420,29438.25,29443.0,29427.25,29428.25,718
1788969480,29427.5,29438.5,29427.5,29437.0,626
1788969540,29437.5,29451.5,29436.25,29448.0,848
1788969600,29448.25,29453.25,29441.0,29446.0,751
1788969660,29446.0,29455.25,29441.0,29450.5,452
1788969720,29451.0,29458.5,29444.0,29457.0,428
1788969780,29457.0,29457.0,29447.0,29450.25,443
1788969840,29449.25,29457.5,29449.0,29456.0,444
1788969900,29456.0,29462.0,29454.0,29459.5,426
1788969960,29458.25,29458.25,29446.5,29450.25,497
1788970020,29449.75,29450.0,29435.25,29437.0,595
1788970080,29436.75,29437.0,29421.25,29429.0,1247
1788970140,29428.25,29431.25,29413.25,29414.25,880
1788970200,29414.0,29421.75,29410.75,29420.75,856
1788970260,29420.5,29425.75,29418.75,29420.25,463
1788970320,29420.5,29429.0,29419.75,29426.75,416
1788970380,29426.5,29434.75,29424.0,29424.0,537
1788970440,29424.5,29425.25,29412.0,29414.75,507
1788970500,29414.25,29416.25,29404.0,29405.25,752
1788970560,29405.5,29409.75,29401.75,29403.5,688
1788970620,29403.5,29410.75,29399.25,29402.75,708
1788970680,29402.5,29405.25,29399.75,29399.75,346
1788970740,29400.0,29405.75,29397.75,29403.75,515
1788970800,29403.25,29405.25,29394.5,29396.25,446
1788970860,29396.25,29409.5,29395.5,29405.25,544
1788970920,29404.5,29405.75,29395.25,29397.75,489
1788970980,29397.75,29403.0,29395.5,29402.75,350
1788971040,29403.0,29413.75,29401.0,29413.5,639
1788971100,29413.5,29416.75,29398.0,29402.75,1097
1788971160,29402.5,29402.75,29391.5,29398.0,682
1788971220,29398.0,29404.75,29393.5,29396.25,537
1788971280,29396.75,29397.5,29387.75,29388.75,627
1788971340,29389.0,29399.75,29386.75,29399.5,599
1788971400,29399.75,29414.0,29397.75,29408.25,848
1788971460,29408.5,29418.0,29406.25,29417.75,434
1788971520,29418.0,29421.0,29412.0,29420.5,583
1788971580,29420.5,29424.75,29415.5,29423.25,479
1788971640,29423.5,29436.5,29422.75,29431.75,1012
1788971700,29431.75,29435.25,29429.0,29431.5,685
1788971760,29432.25,29432.25,29425.5,29428.25,418
1788971820,29427.75,29430.5,29422.75,29430.0,439
1788971880,29429.75,29439.5,29427.75,29437.25,539
1788971940,29437.75,29444.5,29433.0,29443.0,600
1788972000,29443.5,29445.25,29438.25,29438.5,710
1788972060,29438.5,29447.75,29437.75,29445.0,581
1788972120,29445.5,29446.5,29439.5,29440.5,449
1788972180,29440.0,29449.5,29436.0,29449.25,607
1788972240,29448.5,29455.5,29444.0,29455.0,833
1788972300,29454.75,29456.25,29445.5,29445.5,669
1788972360,29445.25,29453.5,29441.0,29452.25,545
1788972420,29452.75,29458.25,29445.75,29458.0,493
1788972480,29458.25,29462.75,29453.75,29458.25,700
1788972540,29458.75,29459.0,29452.0,29454.75,388
1788972600,29454.75,29478.0,29454.5,29474.5,1658
1788972660,29473.75,29475.0,29469.75,29471.75,707
1788972720,29472.0,29474.25,29467.0,29470.0,553
1788972780,29470.0,29474.25,29463.75,29466.0,621
1788972840,29466.5,29470.5,29462.0,29462.5,443
1788972900,29462.5,29470.5,29458.75,29464.75,653
1788972960,29465.0,29469.25,29462.75,29468.25,481
1788973020,29468.75,29470.0,29463.75,29465.75,426
1788973080,29466.25,29468.0,29462.0,29464.25,466
1788973140,29464.0,29464.25,29455.25,29458.0,679
1788973200,29457.5,29460.5,29447.5,29453.5,877
1788973260,29452.75,29457.0,29451.25,29456.25,355
1788973320,29455.5,29482.5,29451.5,29472.0,2226
1788973380,29471.75,29473.0,29457.5,29460.5,510
1788973440,29460.5,29461.5,29446.0,29448.25,808
1788973500,29448.75,29465.25,29448.75,29465.25,509
1788973560,29464.5,29468.25,29459.5,29464.25,520
1788973620,29464.25,29465.25,29459.0,29464.25,309
1788973680,29463.75,29465.75,29459.75,29460.5,272
1788973740,29460.75,29466.0,29456.5,29457.0,347
1788973800,29456.5,29461.5,29453.25,29458.75,484
1788973860,29458.25,29464.75,29457.5,29463.75,331
1788973920,29464.75,29465.0,29458.0,29464.0,449
1788973980,29464.0,29471.5,29463.75,29465.75,593
1788974040,29465.75,29481.0,29465.0,29476.25,562
1788974100,29476.5,29483.75,29474.25,29478.75,652
1788974160,29479.0,29480.5,29469.5,29472.25,562
1788974220,29472.25,29476.25,29468.25,29475.0,390
1788974280,29475.0,29477.0,29466.0,29467.5,404
1788974340,29467.25,29467.5,29460.5,29460.75,597
1788974400,29461.0,29462.75,29454.5,29460.0,568
1788974460,29460.25,29465.75,29457.0,29462.5,330
1788974520,29462.25,29465.25,29458.5,29464.5,326
1788974580,29464.75,29469.75,29460.5,29466.0,334
1788974640,29466.25,29470.5,29460.25,29470.5,361
1788974700,29470.0,29470.75,29461.25,29466.0,291
1788974760,29466.5,29467.75,29459.25,29464.25,315
1788974820,29464.5,29465.5,29460.25,29463.25,210
1788974880,29463.25,29463.75,29457.5,29459.5,307
1788974940,29459.25,29459.5,29449.5,29450.25,544
1788975000,29450.75,29460.25,29448.75,29456.0,695
1788975060,29456.5,29462.0,29443.25,29444.0,674
1788975120,29444.25,29447.5,29441.5,29444.5,566
1788975180,29444.75,29458.75,29444.25,29458.75,480
1788975240,29458.0,29460.0,29448.75,29452.75,260
1788975300,29452.75,29457.25,29449.25,29451.0,280
1788975360,29451.5,29453.5,29446.5,29446.5,219
1788975420,29446.25,29450.0,29441.0,29441.0,329
1788975480,29441.25,29442.25,29428.25,29432.75,758
1788975540,29433.25,29436.0,29430.0,29433.25,296
1788975600,29433.25,29446.0,29432.5,29442.0,522
1788975660,29441.75,29444.75,29439.0,29443.5,310
1788975720,29444.25,29448.25,29440.75,29447.0,382
1788975780,29447.0,29449.75,29444.0,29447.75,254
1788975840,29448.0,29457.75,29447.5,29455.25,469
1788975900,29455.75,29462.25,29455.75,29459.75,420
1788975960,29459.75,29470.0,29457.25,29468.75,515
1788976020,29469.0,29473.25,29463.25,29467.25,547
1788976080,29466.75,29467.75,29460.75,29463.75,307
1788976140,29463.5,29471.5,29461.75,29470.75,347
1788976200,29470.75,29471.5,29463.75,29469.25,277
1788976260,29469.5,29469.75,29462.5,29464.75,193
1788976320,29464.0,29475.0,29463.25,29473.5,274
1788976380,29474.25,29480.0,29471.75,29480.0,366
1788976440,29479.5,29483.0,29476.5,29481.0,712
1788976500,29480.75,29483.5,29475.5,29482.5,406
1788976560,29482.5,29482.5,29473.5,29475.25,402
1788976620,29474.75,29476.25,29471.75,29472.0,308
1788976680,29472.0,29474.75,29470.25,29473.0,309
1788976740,29473.0,29474.75,29467.75,29468.75,399
1788976800,29468.25,29471.25,29463.25,29465.25,456
1788976860,29465.5,29471.75,29464.25,29467.25,266
1788976920,29466.75,29470.5,29463.75,29468.25,264
1788976980,29468.75,29471.25,29466.5,29470.25,176
1788977040,29470.25,29470.25,29466.0,29468.0,205
1788977100,29467.5,29468.75,29461.5,29461.5,231
1788977160,29461.25,29463.25,29458.0,29462.0,410
1788977220,29462.0,29462.25,29454.75,29456.25,327
1788977280,29455.75,29457.25,29451.25,29452.0,480
1788977340,29452.5,29455.75,29451.25,29454.0,225
1788977400,29453.75,29456.5,29449.25,29450.0,383
1788977460,29450.25,29454.5,29446.5,29447.75,321
1788977520,29447.5,29453.0,29445.75,29451.5,292
1788977580,29451.5,29451.75,29445.0,29446.5,282
1788977640,29446.0,29450.5,29441.25,29442.25,389
1788977700,29441.25,29445.0,29438.25,29441.5,532
1788977760,29442.0,29444.75,29436.75,29441.5,436
1788977820,29442.5,29449.25,29441.25,29446.0,512
1788977880,29445.5,29452.0,29442.0,29450.25,632
1788977940,29451.25,29451.75,29439.25,29444.5,581
1788978000,29445.0,29450.75,29443.5,29450.25,445
1788978060,29449.75,29455.5,29448.0,29451.75,486
1788978120,29452.25,29454.25,29444.25,29454.25,334
1788978180,29454.25,29460.5,29453.0,29458.0,605
1788978240,29457.75,29459.75,29456.0,29458.75,283
1788978300,29458.5,29461.0,29453.0,29453.5,325
1788978360,29453.25,29461.75,29451.5,29461.75,324
1788978420,29461.0,29462.25,29458.0,29461.0,194
1788978480,29461.25,29461.75,29446.25,29449.0,528
1788978540,29449.0,29454.0,29448.5,29453.5,285
1788978600,29453.5,29454.5,29448.25,29452.0,402
1788978660,29452.0,29454.0,29449.25,29452.25,381
1788978720,29452.5,29453.25,29445.75,29450.5,312
1788978780,29451.0,29461.75,29449.75,29460.0,609
1788978840,29460.0,29460.75,29451.75,29454.0,296
1788978900,29454.25,29463.5,29453.0,29460.25,311
1788978960,29460.0,29461.5,29455.0,29458.25,212
1788979020,29457.75,29458.0,29453.5,29454.0,221
1788979080,29454.0,29460.0,29453.25,29460.0,268
1788979140,29459.5,29462.75,29458.0,29460.75,367
1788979200,29460.0,29467.5,29460.0,29465.5,459
1788979260,29465.75,29468.5,29463.5,29466.5,358
1788979320,29466.5,29469.0,29463.75,29464.75,452
1788979380,29464.5,29469.5,29464.0,29467.25,284
1788979440,29467.5,29469.0,29465.0,29466.75,268
1788979500,29466.25,29468.75,29463.0,29467.25,282
1788979560,29467.0,29469.5,29463.5,29465.75,406
1788979620,29465.25,29466.5,29462.5,29463.75,178
1788979680,29464.25,29466.5,29462.0,29463.75,169
1788979740,29464.0,29464.0,29457.0,29459.5,332
1788979800,29460.0,29464.25,29458.25,29463.25,279
1788979860,29464.0,29467.75,29461.75,29463.0,477
1788979920,29463.0,29468.0,29462.0,29464.5,400
1788979980,29464.0,29473.75,29463.5,29471.5,509
1788980040,29472.0,29472.25,29469.25,29470.0,224
1788980100,29470.5,29474.0,29468.0,29468.75,431
1788980160,29469.25,29472.25,29463.75,29466.0,455
1788980220,29466.75,29467.25,29455.75,29456.25,576
1788980280,29456.25,29457.75,29448.25,29450.0,838
1788980340,29450.25,29454.5,29446.25,29447.5,465
1788980400,29448.0,29451.75,29440.25,29450.25,860
1788980460,29450.5,29450.5,29439.25,29441.5,513
1788980520,29441.75,29442.75,29432.0,29433.0,585
1788980580,29432.75,29437.75,29432.25,29435.25,438
1788980640,29436.0,29437.5,29430.5,29435.75,380
1788980700,29435.0,29439.25,29433.75,29436.25,356
1788980760,29436.0,29441.0,29433.5,29438.5,338
1788980820,29438.5,29454.0,29437.25,29452.5,668
1788980880,29451.75,29454.75,29447.0,29448.75,504
1788980940,29448.75,29453.75,29446.0,29451.75,251
1788981000,29452.25,29453.75,29447.5,29449.0,244
1788981060,29449.0,29455.0,29448.0,29453.25,299
1788981120,29453.75,29454.25,29447.5,29451.0,311
1788981180,29450.75,29455.0,29450.5,29454.0,222
1788981240,29453.75,29455.25,29449.0,29449.0,241
1788981300,29449.5,29465.0,29449.5,29463.25,528
1788981360,29463.25,29463.25,29457.25,29460.25,275
1788981420,29460.0,29461.75,29458.25,29458.75,197
1788981480,29458.25,29470.0,29458.25,29469.25,401
1788981540,29469.5,29470.5,29467.0,29467.75,272
1788981600,29467.5,29471.25,29464.0,29464.75,439
1788981660,29464.0,29470.0,29462.75,29468.5,273
1788981720,29468.5,29468.5,29458.5,29461.5,368
1788981780,29460.75,29468.0,29460.25,29468.0,201
1788981840,29468.0,29469.0,29464.0,29465.5,180
1788981900,29465.0,29469.5,29462.0,29468.0,256
1788981960,29467.25,29467.5,29463.25,29463.25,173
1788982020,29463.25,29464.5,29457.5,29459.0,283
1788982080,29458.75,29460.5,29452.25,29455.25,433
1788982140,29454.75,29458.0,29451.5,29451.5,287
1788982200,29452.25,29457.5,29450.75,29453.5,405
1788982260,29453.75,29455.0,29449.0,29450.25,253
1788982320,29450.5,29452.25,29445.5,29449.0,392
1788982380,29449.25,29452.5,29446.5,29449.5,246
1788982440,29449.5,29454.0,29449.25,29450.25,258
1788982500,29450.25,29450.5,29447.0,29448.5,246
1788982560,29448.75,29451.75,29442.5,29443.0,361
1788982620,29442.25,29444.5,29440.75,29441.0,431
1788982680,29440.5,29444.0,29439.75,29443.0,320
1788982740,29442.75,29445.75,29440.5,29442.5,500
1788982800,29442.25,29445.0,29438.75,29444.25,423
1788982860,29443.75,29444.75,29438.75,29438.75,329
1788982920,29438.75,29443.75,29437.0,29437.75,517
1788982980,29438.5,29444.75,29436.75,29444.75,476
1788983040,29444.25,29448.0,29443.5,29447.0,512
1788983100,29447.25,29450.75,29443.75,29444.25,624
1788983160,29444.0,29448.25,29441.25,29443.0,408
1788983220,29443.5,29446.5,29439.0,29440.5,493
1788983280,29440.0,29449.0,29440.0,29447.75,492
1788983340,29448.0,29451.75,29446.5,29449.75,694
1788983400,29450.0,29452.25,29437.0,29437.75,1229
1788983460,29437.75,29438.25,29432.75,29437.75,877
1788983520,29437.75,29444.0,29436.0,29437.75,819
1788983580,29437.5,29442.25,29436.25,29439.25,748
1788983640,29439.0,29448.75,29438.0,29441.5,1656
1788983700,29442.0,29443.75,29423.25,29433.0,2163
1788983760,29433.75,29439.25,29431.25,29433.75,934
1788983820,29433.75,29435.0,29431.25,29434.5,604
1788983880,29434.25,29444.5,29432.25,29443.0,1684
1788983940,29443.0,29458.5,29435.5,29454.5,7411
1788984000,29455.0,29459.25,29449.75,29455.0,2434
1788984060,29454.75,29456.5,29447.75,29451.25,938
1788984120,29451.25,29451.25,29443.0,29443.0,640
1788984180,29443.5,29445.5,29428.75,29440.75,1010
1788984240,29440.0,29440.75,29436.25,29440.75,351
1788984300,29440.75,29443.75,29438.75,29443.75,269
1788984360,29443.75,29446.5,29440.25,29442.0,309
1788984420,29442.25,29449.5,29441.5,29448.5,292
1788984480,29448.5,29450.0,29446.25,29449.25,225
1788984540,29449.75,29451.0,29447.5,29449.75,164
1788984600,29450.0,29450.75,29446.0,29446.75,183
1788984660,29446.75,29452.25,29446.75,29451.75,212
1788984720,29451.5,29453.0,29449.5,29452.0,142
1788984780,29452.25,29456.5,29451.25,29452.5,863
1788984840,29452.5,29455.75,29450.0,29451.25,235
1788984900,29451.5,29452.0,29448.75,29449.5,206
1788984960,29449.5,29450.5,29448.25,29449.5,69
1788985020,29448.75,29451.0,29448.75,29450.5,61
1788985080,29450.5,29453.25,29448.5,29449.75,151
1788985140,29450.0,29452.25,29449.5,29451.5,133
1788985200,29452.0,29452.25,29450.0,29450.5,56
1788985260,29450.75,29453.25,29450.0,29451.0,94
1788985320,29451.25,29454.5,29451.0,29453.75,87
1788985380,29453.0,29454.0,29452.5,29453.25,51
1788985440,29453.25,29454.25,29452.25,29454.25,69
1788985500,29454.5,29454.5,29452.25,29452.75,62
1788985560,29453.5,29454.75,29452.0,29453.25,105
1788985620,29453.5,29454.0,29452.5,29452.75,38
1788985680,29453.0,29453.0,29449.25,29449.5,92
1788985740,29450.75,29451.25,29449.5,29450.0,31
1788985800,29449.75,29450.25,29447.25,29448.0,80
1788985860,29448.25,29452.25,29448.25,29451.5,47
1788985920,29451.5,29452.0,29449.0,29449.0,60
1788985980,29449.25,29451.5,29449.25,29451.5,96
1788986040,29451.75,29453.5,29450.0,29453.5,81
1788986100,29453.5,29456.25,29453.25,29455.0,87
1788986160,29454.5,29458.75,29454.25,29457.75,115
1788986220,29458.25,29458.25,29454.5,29457.0,55
1788986280,29456.0,29458.25,29455.5,29456.25,71
1788986340,29456.0,29457.25,29456.0,29456.25,36
1788986400,29457.0,29457.25,29455.75,29456.5,40
1788986460,29456.0,29457.5,29454.75,29457.25,61
1788986520,29457.5,29459.0,29456.75,29457.25,41
1788986580,29457.75,29459.0,29457.25,29457.25,61
1788986640,29457.0,29457.0,29451.75,29454.5,190
1788986700,29455.0,29456.25,29454.0,29454.0,111
1788986760,29454.5,29456.0,29454.25,29455.0,32
1788986820,29455.0,29456.0,29454.0,29456.0,47
1788986880,29455.25,29455.25,29453.75,29454.75,46
1788986940,29454.5,29455.25,29453.5,29454.25,72
1788987000,29454.5,29454.5,29450.0,29450.75,90
1788987060,29451.0,29453.0,29449.0,29453.0,92
1788987120,29453.5,29453.75,29450.75,29452.0,40
1788987180,29452.25,29454.5,29451.75,29452.25,116
1788987240,29452.75,29453.75,29451.5,29452.25,114
1788987300,29452.75,29454.5,29451.75,29453.5,109
1788987360,29453.75,29455.0,29452.0,29452.0,69
1788987420,29452.0,29454.5,29450.25,29454.25,57
1788987480,29454.5,29456.75,29453.5,29455.75,68
1788987540,29455.25,29460.0,29454.0,29460.0,100
1788991200,29458.5,29458.75,29449.75,29453.75,0
1788991260,29455.0,29472.75,29453.25,29461.25,391
1788991320,29460.5,29462.0,29431.75,29439.0,322
1788991380,29439.25,29448.25,29436.75,29448.25,169
1788991440,29447.25,29449.25,29435.0,29436.0,139
1788991500,29434.75,29438.25,29429.0,29432.5,103
1788991560,29433.25,29441.5,29432.75,29433.25,84
1788991620,29433.75,29434.25,29427.5,29427.75,61
1788991680,29428.75,29430.0,29426.5,29426.5,35
1788991740,29426.25,29437.25,29426.0,29435.25,100
1788991800,29435.5,29441.0,29435.5,29439.0,79
1788991860,29438.0,29438.0,29430.0,29431.5,109
1788991920,29432.5,29436.5,29432.5,29433.75,72
1788991980,29432.75,29432.75,29425.5,29431.75,109
1788992040,29431.75,29432.0,29427.5,29428.75,43
1788992100,29428.75,29430.0,29426.75,29430.0,31
1788992160,29428.75,29429.5,29423.75,29426.25,106
1788992220,29426.25,29428.5,29424.75,29425.75,71
1788992280,29425.25,29426.75,29425.25,29426.25,22
1788992340,29426.25,29427.0,29425.75,29425.75,20
1788992400,29427.0,29430.0,29424.5,29429.0,66
1788992460,29428.75,29430.25,29427.0,29428.75,33
1788992520,29429.5,29431.75,29427.75,29431.75,50
1788992580,29430.75,29433.0,29426.5,29429.5,53
1788992640,29429.25,29430.0,29427.25,29429.0,19
1788992700,29430.5,29431.75,29428.5,29430.75,22
1788992760,29431.25,29433.0,29430.5,29432.75,21
1788992820,29432.5,29434.0,29429.25,29433.0,51
1788992880,29433.75,29434.0,29428.5,29430.5,32
1788992940,29430.0,29430.5,29426.5,29429.0,48
1788993000,29429.5,29436.75,29429.0,29436.0,53
1788993060,29435.25,29437.0,29429.25,29429.25,27
1788993120,29429.0,29431.5,29428.75,29430.75,6
1788993180,29431.0,29432.0,29430.0,29432.0,8
1788993240,29432.5,29433.5,29430.5,29432.0,49
1788993300,29434.25,29435.0,29432.0,29432.0,15
1788993360,29433.0,29437.5,29433.0,29436.75,21
1788993420,29436.25,29436.25,29433.0,29434.75,24
1788993480,29434.75,29434.75,29433.5,29433.5,6
1788993540,29433.75,29434.0,29432.0,29433.75,13
1788993600,29434.75,29435.25,29434.0,29434.75,13
1788993660,29434.25,29434.25,29432.5,29434.0,38
1788993720,29434.0,29435.5,29434.0,29434.25,8
1788993780,29434.75,29435.5,29434.75,29435.5,4
1788993840,29434.25,29435.5,29432.75,29433.75,24
1788993900,29434.0,29436.25,29433.5,29433.5,19
1788993960,29433.75,29438.0,29433.75,29435.75,32
1788994020,29435.25,29435.25,29433.25,29434.25,24
1788994080,29434.75,29434.75,29432.25,29432.5,38
1788994140,29432.5,29434.0,29432.5,29434.0,14
1788994200,29433.75,29433.75,29431.75,29431.75,14
1788994260,29433.0,29433.5,29428.0,29431.25,78
1788994320,29431.0,29431.5,29428.25,29428.25,22
1788994380,29429.0,29429.75,29428.25,29429.75,15
1788994440,29427.5,29428.75,29427.5,29428.25,19
1788994500,29428.75,29428.75,29427.25,29427.25,3
1788994560,29426.75,29427.75,29425.75,29427.75,13
1788994620,29427.25,29429.0,29425.75,29426.5,25
1788994680,29428.0,29429.75,29427.5,29429.25,19
1788994740,29430.0,29432.0,29429.75,29431.5,19
1788994800,29430.5,29430.5,29429.25,29430.5,12
1788994860,29431.25,29432.5,29427.5,29428.75,34
1788994920,29428.25,29429.5,29425.25,29429.0,29
1788994980,29429.0,29432.75,29429.0,29431.25,51
1788995040,29432.0,29432.0,29429.25,29429.25,7
1788995100,29430.25,29430.5,29427.75,29427.75,35
1788995160,29428.25,29428.5,29427.75,29428.5,12
1788995220,29428.0,29428.5,29425.5,29425.75,15
1788995280,29426.0,29428.25,29426.0,29427.25,8
1788995340,29427.25,29427.25,29420.0,29423.5,122
1788995400,29424.25,29425.0,29421.0,29423.5,70
1788995460,29422.5,29424.5,29422.5,29422.75,18
1788995520,29421.75,29422.75,29419.5,29420.75,55
1788995580,29421.0,29421.0,29419.25,29420.0,44
1788995640,29420.75,29422.5,29420.75,29422.0,46
1788995700,29421.25,29421.25,29416.25,29419.0,52
1788995760,29419.25,29432.5,29416.25,29426.0,190
1788995820,29426.25,29429.5,29425.5,29427.25,52
1788995880,29426.75,29435.0,29426.75,29429.0,85
1788995940,29428.75,29430.0,29428.0,29429.5,23
1788996000,29427.75,29428.0,29423.75,29424.75,45
1788996060,29425.25,29430.25,29425.25,29428.0,47
1788996120,29429.25,29429.25,29428.0,29428.0,6
1788996180,29428.0,29428.25,29424.5,29425.25,49
1788996240,29425.5,29427.5,29424.5,29427.5,22
1788996300,29426.0,29427.5,29425.0,29427.5,43
1788996360,29426.75,29427.75,29426.5,29427.75,12
1788996420,29426.25,29426.25,29422.5,29425.25,46
1788996480,29425.0,29425.0,29420.5,29423.0,67
1788996540,29425.25,29428.0,29424.25,29427.5,23
1788996600,29428.75,29431.0,29427.0,29427.75,50
1788996660,29427.75,29428.5,29426.5,29428.5,26
1788996720,29428.75,29430.0,29426.25,29427.25,25
1788996780,29427.0,29428.0,29426.25,29426.75,15
1788996840,29426.75,29427.5,29426.25,29426.75,5
1788996900,29426.25,29428.5,29426.0,29426.25,22
1788996960,29428.0,29429.0,29427.0,29429.0,5
1788997020,29428.5,29428.5,29425.0,29425.5,12
1788997080,29425.75,29427.0,29425.75,29425.75,18
1788997140,29426.5,29428.25,29426.5,29428.0,9
1788997200,29427.75,29427.75,29426.25,29427.25,14
1788997260,29428.25,29428.25,29426.25,29426.25,8
1788997320,29425.5,29426.75,29425.0,29426.0,9
1788997380,29427.5,29429.75,29427.25,29428.75,24
1788997440,29428.0,29431.5,29427.5,29429.75,48
1788997500,29432.0,29435.5,29431.0,29433.5,108
1788997560,29433.75,29433.75,29428.25,29429.0,42
1788997620,29430.75,29435.5,29428.75,29433.5,58
1788997680,29433.5,29435.25,29430.75,29433.0,62
1788997740,29432.75,29435.25,29432.75,29435.25,46
1788997800,29433.5,29436.5,29432.5,29436.0,50
1788997860,29436.0,29442.25,29435.0,29440.25,134
1788997920,29441.25,29453.0,29441.25,29450.25,221
1788997980,29450.5,29453.25,29446.75,29453.25,112
1788998040,29453.0,29470.75,29451.75,29468.25,481
1788998100,29467.25,29467.5,29456.75,29459.0,199
1788998160,29459.25,29460.5,29457.75,29459.0,48
1788998220,29459.5,29459.5,29453.25,29455.75,79
1788998280,29455.25,29459.75,29454.0,29458.75,51
1788998340,29459.5,29463.5,29458.75,29463.5,72
1788998400,29464.5,29467.25,29453.25,29462.25,243
1788998460,29463.25,29469.25,29462.5,29464.25,159
1788998520,29464.0,29467.25,29460.25,29460.75,94
1788998580,29460.75,29464.25,29456.75,29460.75,95
1788998640,29462.5,29472.25,29462.5,29471.75,144
1788998700,29470.25,29476.5,29469.25,29472.75,198
1788998760,29473.25,29480.0,29470.25,29479.25,156
1788998820,29479.0,29480.25,29475.75,29480.0,103
1788998880,29479.5,29479.5,29470.75,29474.5,91
1788998940,29474.25,29477.0,29471.5,29473.0,76
1788999000,29472.25,29474.0,29470.0,29471.75,126
1788999060,29472.5,29478.75,29463.0,29469.0,206
1788999120,29469.25,29469.25,29459.0,29459.5,149
1788999180,29460.5,29462.25,29450.25,29453.75,272
1788999240,29453.5,29454.5,29440.75,29449.5,267
1788999300,29449.75,29470.0,29448.5,29468.5,339
1788999360,29468.0,29469.75,29459.5,29465.75,209
1788999420,29466.75,29469.0,29462.0,29468.25,123
1788999480,29469.0,29475.0,29468.75,29474.25,150
1788999540,29472.5,29474.5,29461.75,29464.5,128
1788999600,29466.75,29466.75,29459.25,29463.0,63
1788999660,29464.0,29471.0,29460.75,29469.75,119
1788999720,29469.5,29472.5,29467.75,29470.75,59
1788999780,29469.5,29473.75,29465.75,29466.25,113
1788999840,29468.25,29470.5,29463.75,29463.75,95
1788999900,29464.5,29467.5,29455.0,29458.25,132
1788999960,29457.0,29466.75,29454.5,29462.75,134
1789000020,29463.0,29472.0,29463.0,29470.75,91
1789000080,29470.75,29477.75,29470.25,29477.0,155
1789000140,29475.25,29477.0,29470.75,29473.75,73
1789000200,29474.0,29475.75,29469.25,29473.0,90
1789000260,29472.25,29472.25,29467.0,29467.5,69
1789000320,29468.25,29468.5,29463.5,29463.5,36
1789000380,29464.0,29464.75,29455.5,29456.5,132
1789000440,29457.0,29461.75,29455.0,29460.25,128
1789000500,29459.0,29459.5,29453.75,29456.25,120
1789000560,29455.5,29464.0,29455.5,29461.75,64
1789000620,29462.75,29463.5,29455.0,29455.0,89
1789000680,29454.0,29459.0,29453.5,29457.0,50
1789000740,29457.0,29458.0,29453.75,29456.5,63
1789000800,29456.0,29456.0,29446.75,29448.25,211
1789000860,29448.0,29450.5,29444.25,29446.0,107
1789000920,29445.5,29448.0,29441.75,29445.0,161
1789000980,29443.75,29452.0,29443.25,29451.0,134
1789001040,29451.25,29458.75,29450.0,29456.5,137
1789001100,29456.25,29456.25,29444.0,29444.0,165
1789001160,29445.25,29445.75,29435.0,29441.5,377
1789001220,29441.25,29448.75,29439.25,29444.0,145
1789001280,29443.75,29447.75,29437.0,29440.75,123
1789001340,29440.0,29442.0,29438.25,29438.5,50
1789001400,29438.0,29438.75,29422.75,29424.25,322
1789001460,29423.5,29430.5,29422.5,29427.75,170
1789001520,29427.25,29436.0,29426.5,29435.25,161
1789001580,29434.25,29435.0,29430.0,29430.5,86
1789001640,29431.25,29433.0,29425.75,29428.75,96
1789001700,29428.5,29428.5,29423.25,29424.25,77
1789001760,29424.25,29428.0,29418.5,29419.25,257
1789001820,29419.25,29422.25,29408.0,29417.25,358
1789001880,29416.75,29422.0,29412.5,29412.75,150
1789001940,29412.5,29418.5,29410.5,29412.0,96
1789002000,29413.5,29423.75,29409.5,29423.0,228
1789002060,29423.0,29426.25,29408.75,29410.25,202
1789002120,29409.75,29412.75,29404.75,29406.25,255
1789002180,29406.25,29414.5,29406.25,29414.0,78
1789002240,29413.5,29417.75,29408.0,29414.5,134
1789002300,29414.25,29424.75,29412.0,29413.25,169
1789002360,29413.0,29413.0,29403.0,29407.25,325
1789002420,29408.0,29419.0,29405.25,29417.75,126
1789002480,29417.5,29420.75,29416.0,29419.0,108
1789002540,29419.75,29420.75,29410.75,29410.75,113
1789002600,29410.5,29414.75,29407.5,29410.5,164
1789002660,29412.0,29412.0,29405.0,29405.25,83
1789002720,29405.5,29410.75,29394.25,29396.5,260
1789002780,29397.0,29400.75,29389.0,29398.0,323
1789002840,29399.5,29409.25,29398.5,29399.75,194
1789002900,29400.25,29402.0,29394.75,29397.25,227
1789002960,29397.25,29401.0,29390.5,29393.25,113
1789003020,29393.0,29400.25,29393.0,29399.0,139
1789003080,29399.0,29407.75,29393.75,29407.75,225
1789003140,29407.75,29414.25,29406.25,29413.75,157
1789003200,29414.25,29415.25,29386.5,29388.25,350
1789003260,29388.5,29395.0,29386.25,29392.0,260
1789003320,29391.25,29392.5,29381.25,29391.0,289
1789003380,29390.25,29397.25,29389.0,29390.0,154
1789003440,29390.25,29392.75,29383.5,29388.5,132
1789003500,29388.0,29393.0,29387.25,29389.75,89
1789003560,29389.0,29390.5,29382.75,29383.75,119
1789003620,29383.5,29387.5,29379.0,29380.5,221
1789003680,29380.0,29381.75,29373.5,29376.25,224
1789003740,29376.0,29378.75,29372.5,29375.75,137
1789003800,29374.25,29383.75,29374.0,29379.0,177
1789003860,29378.75,29382.5,29372.25,29376.0,141
1789003920,29374.5,29384.0,29372.25,29378.0,162
1789003980,29377.75,29379.75,29372.5,29373.25,112
1789004040,29372.0,29372.5,29366.0,29367.5,190
1789004100,29367.25,29369.0,29365.5,29366.0,71
1789004160,29367.25,29370.75,29364.0,29370.25,109
1789004220,29370.0,29371.0,29366.25,29369.5,144
1789004280,29368.5,29374.5,29367.0,29367.25,108
1789004340,29367.75,29382.5,29367.5,29382.0,147
1789004400,29381.75,29392.25,29381.0,29391.5,292
1789004460,29391.25,29396.75,29384.75,29395.0,248
1789004520,29394.75,29394.75,29386.0,29388.75,143
1789004580,29389.75,29393.0,29387.5,29393.0,87
1789004640,29392.0,29404.25,29391.5,29400.5,207
1789004700,29399.75,29402.25,29394.25,29401.25,178
1789004760,29402.25,29408.5,29401.5,29408.5,223
1789004820,29408.75,29416.25,29407.25,29415.0,407
1789004880,29415.75,29417.25,29409.75,29412.25,139
1789004940,29412.5,29413.75,29410.75,29411.75,39
1789005000,29412.25,29416.5,29411.75,29414.5,120
1789005060,29414.75,29415.25,29405.0,29406.5,123
1789005120,29407.0,29410.75,29406.25,29408.25,63
1789005180,29406.25,29407.0,29390.5,29391.75,235
1789005240,29391.0,29391.0,29385.0,29386.25,173
1789005300,29387.5,29400.25,29387.0,29397.75,140
1789005360,29395.5,29402.0,29395.0,29396.25,118
1789005420,29397.25,29408.25,29397.25,29405.75,133
1789005480,29406.0,29413.25,29405.5,29410.75,113
1789005540,29411.25,29412.75,29409.25,29410.5,66
1789005600,29411.0,29411.0,29398.25,29402.0,216
1789005660,29401.0,29407.75,29401.0,29402.75,91
1789005720,29402.75,29405.0,29396.25,29399.75,87
1789005780,29401.25,29401.5,29398.5,29400.0,38
1789005840,29398.5,29405.5,29398.5,29400.25,40
1789005900,29401.25,29412.0,29400.5,29410.0,129
1789005960,29411.75,29412.0,29399.25,29406.75,119
1789006020,29405.25,29410.0,29405.25,29407.0,52
1789006080,29405.75,29406.25,29394.25,29397.5,113
1789006140,29397.5,29400.25,29393.25,29395.0,100
1789006200,29395.0,29395.25,29387.75,29389.0,121
1789006260,29389.0,29390.5,29376.25,29382.5,316
1789006320,29384.25,29384.25,29378.5,29380.75,117
1789006380,29380.75,29387.0,29380.75,29385.0,91
1789006440,29384.75,29397.75,29384.75,29395.5,139
1789006500,29395.5,29396.25,29389.5,29391.25,100
1789006560,29390.5,29390.75,29377.25,29378.25,158
1789006620,29379.0,29381.0,29374.25,29378.75,118
1789006680,29377.5,29381.0,29375.5,29379.0,73
1789006740,29378.75,29380.5,29376.75,29378.75,57
1789006800,29378.25,29386.5,29378.0,29383.75,69
1789006860,29382.75,29388.75,29377.75,29381.5,129
1789006920,29381.25,29390.25,29380.5,29389.5,58
1789006980,29388.75,29390.5,29386.0,29386.75,37
1789007040,29388.25,29392.75,29383.75,29387.5,84
1789007100,29388.0,29388.25,29380.25,29382.5,88
1789007160,29381.5,29382.5,29375.75,29376.25,83
1789007220,29377.75,29382.0,29373.0,29380.0,76
1789007280,29380.75,29382.75,29380.0,29382.5,39
1789007340,29381.25,29383.25,29376.25,29378.5,42
1789007400,29379.0,29385.5,29376.0,29384.25,79
1789007460,29384.5,29386.0,29382.25,29385.25,38
1789007520,29384.5,29389.25,29383.5,29385.0,67
1789007580,29385.25,29387.75,29382.25,29385.75,47
1789007640,29384.5,29398.0,29382.75,29396.25,107
1789007700,29397.0,29401.5,29393.25,29399.0,149
1789007760,29398.5,29398.75,29394.25,29396.25,38
1789007820,29398.0,29398.25,29395.0,29397.75,56
1789007880,29397.0,29408.0,29397.0,29405.5,138
1789007940,29405.75,29414.25,29404.75,29412.0,221
1789008000,29412.0,29416.5,29408.75,29414.0,146
1789008060,29414.25,29415.5,29411.0,29411.5,95
1789008120,29413.0,29416.5,29411.0,29415.25,86
1789008180,29416.5,29422.25,29416.0,29418.75,155
1789008240,29419.5,29420.0,29411.75,29414.75,65
1789008300,29413.75,29421.5,29413.75,29418.75,88
1789008360,29416.75,29417.5,29412.5,29416.0,50
1789008420,29416.0,29416.5,29412.75,29413.75,135
1789008480,29413.0,29415.75,29406.25,29413.75,224
1789008540,29415.25,29416.5,29409.75,29412.25,85
1789008600,29411.5,29418.0,29411.5,29414.0,106
1789008660,29414.25,29416.75,29413.0,29416.75,45
1789008720,29414.5,29423.25,29414.25,29421.0,70
1789008780,29422.25,29422.75,29419.0,29421.25,32
1789008840,29420.25,29421.75,29419.5,29420.75,37
1789008900,29419.5,29419.5,29412.0,29415.25,73
1789008960,29413.0,29414.75,29410.75,29413.5,54
1789009020,29412.0,29415.25,29410.75,29414.5,28
1789009080,29415.0,29415.25,29412.25,29415.0,18
1789009140,29414.25,29419.25,29413.0,29418.25,47
1789009200,29418.75,29424.75,29416.75,29420.25,129
1789009260,29421.0,29428.25,29420.5,29428.25,160
1789009320,29426.75,29429.0,29423.75,29424.25,90
1789009380,29423.75,29432.25,29422.25,29432.25,136
1789009440,29431.5,29434.75,29429.75,29431.75,89
1789009500,29430.0,29431.25,29427.75,29428.0,42
1789009560,29430.5,29431.0,29423.5,29426.25,61
1789009620,29426.75,29430.5,29425.5,29426.25,50
1789009680,29427.75,29429.5,29426.25,29427.0,42
1789009740,29427.75,29430.0,29426.5,29429.5,39
1789009800,29430.25,29434.25,29428.75,29434.25,64
1789009860,29434.5,29437.0,29430.0,29430.0,122
1789009920,29429.75,29429.75,29423.0,29423.25,141
1789009980,29423.0,29424.5,29420.5,29422.5,75
1789010040,29422.75,29422.75,29418.75,29420.5,47
1789010100,29420.5,29425.25,29418.75,29420.75,69
1789010160,29419.25,29422.75,29417.75,29417.75,44
1789010220,29419.0,29422.0,29419.0,29421.0,41
1789010280,29420.0,29421.0,29416.0,29416.5,48
1789010340,29416.25,29421.75,29416.0,29421.5,45
1789010400,29422.0,29428.75,29419.75,29419.75,191
1789010460,29421.25,29421.25,29410.75,29413.0,165
1789010520,29413.5,29415.5,29404.0,29404.0,206
1789010580,29403.25,29405.0,29399.25,29401.75,148
1789010640,29402.0,29404.25,29399.75,29401.0,57
1789010700,29400.75,29405.25,29400.25,29402.0,67
1789010760,29401.5,29402.5,29388.25,29390.25,178
1789010820,29390.0,29394.75,29389.75,29394.25,74
1789010880,29394.0,29397.25,29391.5,29397.0,72
1789010940,29397.75,29407.5,29397.75,29405.25,139
1789011000,29404.75,29410.25,29401.25,29410.25,122
1789011060,29409.5,29413.25,29404.5,29408.25,104
1789011120,29408.75,29410.0,29406.25,29408.5,57
1789011180,29409.0,29410.0,29404.0,29406.5,65
1789011240,29407.25,29412.0,29403.25,29407.25,47
1789011300,29407.5,29407.5,29398.25,29401.5,90
1789011360,29402.25,29406.25,29402.25,29405.0,28
1789011420,29405.5,29408.0,29400.5,29402.5,29
1789011480,29401.75,29401.75,29392.25,29398.5,124
1789011540,29398.75,29406.0,29397.5,29405.75,72
1789011600,29404.25,29412.5,29404.25,29406.75,74
1789011660,29407.75,29413.25,29407.25,29412.25,79
1789011720,29412.5,29416.0,29412.0,29413.0,56
1789011780,29412.5,29413.5,29411.5,29412.75,21
1789011840,29412.5,29414.0,29411.0,29413.0,42
1789011900,29415.0,29416.25,29411.75,29415.5,61
1789011960,29416.75,29429.75,29416.25,29426.75,173
1789012020,29427.75,29428.25,29423.5,29425.5,70
1789012080,29425.25,29431.0,29423.5,29428.25,100
1789012140,29427.75,29428.25,29425.0,29428.25,45
1789012200,29426.5,29426.5,29417.75,29422.0,108
1789012260,29423.0,29423.75,29420.0,29423.25,32
1789012320,29423.75,29424.0,29415.25,29420.0,80
1789012380,29418.75,29420.75,29415.5,29418.75,84
1789012440,29420.0,29425.25,29418.5,29422.5,75
1789012500,29422.75,29424.25,29419.0,29423.75,24
1789012560,29423.0,29424.5,29421.25,29424.5,54
1789012620,29425.0,29427.75,29423.5,29423.5,68
1789012680,29423.0,29424.5,29420.5,29424.5,36
1789013340,29427.25,29428.25,29423.0,29426.25,94
1789013400,29426.75,29431.25,29426.5,29427.75,34
1789013460,29428.25,29430.0,29426.0,29426.0,26
1789013520,29425.75,29428.75,29425.0,29426.25,28
1789013580,29426.25,29429.0,29424.5,29427.25,65
1789013640,29427.75,29429.75,29426.5,29428.0,52
1789013700,29428.25,29430.5,29427.0,29430.25,64
1789013760,29430.25,29432.75,29429.25,29430.5,33
1789013820,29430.75,29430.75,29426.25,29430.0,75
1789013880,29428.25,29430.0,29427.0,29427.0,44
1789013940,29427.5,29430.25,29424.75,29428.75,51
1789014000,29427.5,29429.75,29423.5,29423.5,54
1789014060,29426.25,29426.75,29425.25,29426.75,12
1789014120,29426.75,29433.75,29425.0,29433.75,64
1789014180,29433.25,29433.75,29429.75,29430.75,43
1789014240,29431.5,29433.75,29430.5,29430.5,40
1789014300,29431.5,29431.5,29428.5,29429.0,16
1789014360,29429.0,29431.5,29427.5,29430.5,44
1789014420,29431.0,29431.5,29429.0,29430.75,12
1789014480,29430.25,29435.5,29430.25,29433.75,34
1789014540,29435.0,29437.5,29431.0,29434.5,102
1789014600,29433.75,29434.0,29431.0,29431.25,32
1789014660,29431.0,29436.0,29431.0,29435.0,61
1789014720,29435.5,29437.25,29432.5,29433.75,90
1789014780,29433.75,29434.25,29432.0,29432.75,15
1789014840,29432.5,29437.25,29431.75,29436.75,20
1789014900,29436.5,29438.75,29432.75,29432.75,37
1789014960,29434.75,29435.75,29433.25,29435.25,12
1789015020,29435.75,29442.0,29434.75,29441.0,130
1789015080,29439.75,29441.0,29438.0,29440.0,77
1789015140,29440.0,29444.25,29440.0,29444.25,77
1789015200,29444.25,29447.25,29443.5,29444.75,107
1789015260,29444.25,29445.25,29442.25,29444.5,32
1789015320,29443.75,29443.75,29439.25,29440.25,61
1789015380,29440.5,29441.0,29434.0,29434.5,91
1789015440,29434.5,29434.75,29432.25,29434.75,50
1789015500,29434.25,29436.75,29432.5,29434.75,86
1789015560,29435.0,29443.5,29434.75,29442.25,112
1789015620,29442.0,29445.5,29442.0,29445.25,52
1789015680,29445.5,29446.75,29440.5,29442.0,46
1789015740,29442.25,29444.5,29441.75,29443.75,33
1789015800,29444.25,29456.75,29444.25,29453.0,203
1789015860,29453.25,29457.25,29452.25,29455.5,99
1789015920,29454.75,29454.75,29450.25,29451.0,56
1789015980,29452.0,29456.0,29452.0,29456.0,70
1789016040,29456.0,29462.5,29454.0,29454.0,222
1789016100,29453.5,29454.25,29448.75,29451.0,73
1789016160,29451.25,29452.75,29448.5,29451.75,45
1789016220,29453.0,29457.75,29453.0,29457.75,29
1789016280,29458.0,29461.25,29456.0,29458.5,77
1789016340,29458.75,29459.25,29457.5,29458.75,27
1789016400,29459.5,29469.75,29459.5,29467.5,212
1789016460,29467.5,29467.5,29463.25,29465.0,78
1789016520,29465.0,29465.25,29462.0,29464.5,67
1789016580,29466.25,29466.25,29459.75,29459.75,111
1789016640,29460.25,29461.0,29454.25,29455.0,71
1789016700,29455.0,29456.25,29448.5,29454.75,91
1789016760,29455.5,29458.0,29448.75,29450.25,84
1789016820,29449.75,29454.0,29449.0,29450.5,56
1789016880,29450.0,29457.75,29449.25,29453.25,82
1789016940,29453.75,29454.25,29450.0,29452.5,33
1789017000,29452.0,29456.5,29450.75,29450.75,63
1789017060,29451.5,29453.0,29448.5,29453.0,63
1789017120,29453.0,29453.5,29450.25,29450.75,23
1789017180,29451.75,29454.0,29451.5,29452.25,25
1789017240,29451.5,29462.5,29449.75,29461.75,113
1789017300,29460.5,29461.0,29454.75,29455.5,42
1789017360,29457.0,29460.0,29455.0,29458.0,46
1789017420,29458.0,29460.0,29456.0,29457.75,40
1789017480,29457.25,29458.5,29455.5,29457.25,49
1789017540,29457.5,29460.75,29457.0,29460.75,47
1789017600,29460.0,29460.0,29456.25,29458.0,44
1789017660,29458.5,29465.25,29458.5,29464.75,81
1789017720,29463.5,29465.5,29462.25,29464.5,71
1789017780,29464.0,29465.5,29463.0,29464.0,42
1789017840,29464.25,29464.25,29462.0,29463.25,32
1789017900,29464.25,29468.5,29463.5,29464.0,82
1789017960,29464.5,29465.25,29464.0,29464.25,18
1789018020,29464.25,29466.0,29463.5,29465.0,18
1789018080,29466.0,29493.5,29466.0,29490.0,895
1789018140,29490.0,29491.25,29485.0,29490.25,204
1789018200,29491.0,29496.25,29481.25,29481.25,182
1789018260,29482.25,29493.0,29482.0,29491.75,92
1789018320,29492.0,29492.0,29484.0,29490.25,77
1789018380,29490.5,29494.75,29487.25,29491.0,92
1789018440,29490.5,29491.0,29487.5,29490.5,47
1789018500,29490.75,29498.5,29490.25,29495.0,157
1789018560,29496.5,29497.75,29493.25,29494.75,73
1789018620,29494.5,29496.75,29493.0,29493.0,34
1789018680,29493.75,29494.25,29486.5,29487.25,82
1789018740,29487.0,29487.0,29481.0,29482.75,66
1789018800,29482.25,29487.0,29482.0,29487.0,52
1789018860,29486.75,29491.0,29485.0,29489.25,49
1789018920,29487.5,29489.0,29485.5,29487.25,28
1789018980,29488.25,29488.75,29485.0,29487.0,48
1789019040,29487.5,29490.0,29486.75,29487.5,28
1789019100,29487.5,29498.0,29487.5,29497.5,101
1789019160,29497.5,29508.25,29493.75,29504.5,193
1789019220,29503.5,29506.25,29498.5,29498.5,108
1789019280,29499.25,29500.0,29493.75,29496.75,45
1789019340,29496.25,29496.25,29491.0,29491.0,40
1789019400,29491.5,29491.75,29481.75,29483.0,131
1789019460,29482.25,29483.25,29475.0,29476.75,181
1789019520,29476.0,29478.75,29474.0,29474.25,87
1789019580,29473.5,29480.0,29473.0,29477.0,62
1789019640,29476.25,29478.75,29473.5,29474.0,60
1789019700,29473.5,29473.5,29469.0,29472.0,135
1789019760,29470.75,29470.75,29466.0,29467.25,60
1789019820,29466.75,29471.0,29465.0,29467.25,105
1789019880,29467.25,29479.0,29467.0,29478.0,128
1789019940,29478.25,29487.5,29477.25,29484.75,110
1789020000,29484.0,29488.5,29476.5,29484.5,242
1789020060,29485.5,29492.5,29484.75,29487.5,132
1789020120,29486.75,29487.0,29479.75,29479.75,59
1789020180,29480.5,29482.75,29476.25,29478.5,157
1789020240,29477.5,29479.25,29473.0,29475.0,103
1789020300,29473.5,29474.25,29469.25,29470.0,79
1789020360,29469.25,29469.75,29460.5,29460.5,175
1789020420,29460.25,29464.25,29458.25,29462.25,172
1789020480,29461.75,29465.5,29461.25,29464.75,85
1789020540,29463.75,29465.75,29458.25,29459.25,118
1789020600,29461.0,29466.25,29460.25,29460.25,126
1789020660,29460.5,29463.0,29459.5,29459.75,42
1789020720,29463.5,29464.0,29457.0,29459.0,95
1789020780,29458.5,29460.0,29453.25,29453.75,82
1789020840,29454.0,29458.25,29454.0,29455.5,85
1789020900,29455.75,29460.5,29453.75,29457.25,57
1789020960,29455.25,29458.25,29454.0,29457.5,59
1789021020,29458.0,29458.0,29449.75,29451.25,187
1789021080,29451.75,29453.75,29446.25,29448.25,91
1789021140,29447.25,29448.0,29439.75,29442.25,237
1789021200,29442.0,29447.0,29435.25,29444.5,139
1789021260,29443.75,29444.75,29438.75,29443.0,82
1789021320,29443.5,29451.5,29442.25,29443.5,259
1789021380,29443.75,29446.75,29441.0,29444.25,84
1789021440,29444.0,29448.5,29444.0,29447.25,65
1789021500,29448.75,29451.25,29444.5,29447.25,144
1789021560,29446.25,29466.25,29443.5,29460.75,429
1789021620,29460.0,29465.0,29457.75,29463.25,116
1789021680,29463.5,29465.5,29461.5,29464.25,82
1789021740,29463.75,29473.0,29462.0,29472.0,114
1789021800,29473.5,29481.25,29470.25,29471.75,224
1789021860,29471.25,29476.0,29470.0,29472.25,73
1789021920,29471.0,29480.25,29470.0,29479.75,90
1789021980,29480.5,29484.25,29474.5,29476.75,97
1789022040,29475.75,29475.75,29468.5,29470.75,94
1789022100,29470.75,29473.75,29469.75,29472.0,56
1789022160,29471.25,29474.0,29469.0,29474.0,62
1789022220,29474.5,29477.5,29469.25,29469.25,43
1789022280,29473.5,29479.0,29472.5,29478.75,31
1789022340,29478.0,29488.5,29476.75,29488.5,109
1789022400,29488.75,29488.75,29483.0,29484.0,87
1789022460,29483.5,29485.25,29481.5,29482.5,35
1789022520,29482.0,29483.75,29477.0,29477.75,78
1789022580,29478.0,29485.75,29477.25,29480.25,67
1789022640,29481.0,29481.0,29476.75,29479.0,48
1789022700,29479.75,29484.5,29479.75,29482.0,61
1789022760,29479.0,29482.5,29478.25,29481.5,36
1789022820,29481.0,29486.75,29481.0,29484.25,58
1789022880,29483.5,29486.75,29483.25,29484.5,50
1789022940,29484.75,29490.5,29483.25,29489.0,66
1789023000,29488.75,29491.25,29485.5,29489.5,45
1789023060,29490.25,29490.25,29486.5,29487.5,50
1789023120,29488.0,29489.0,29478.25,29480.0,189
1789023180,29479.0,29479.0,29472.75,29475.0,133
1789023240,29474.75,29475.5,29471.5,29473.75,73
1789023300,29474.0,29474.0,29466.75,29470.25,159
1789023360,29471.25,29476.75,29471.25,29474.0,117
1789023420,29473.0,29475.0,29470.5,29474.0,63
1789023480,29472.75,29473.75,29471.0,29471.0,19
1789023540,29470.75,29476.25,29470.75,29476.25,34
1789023600,29476.75,29478.25,29469.25,29472.75,181
1789023660,29474.75,29475.5,29467.0,29470.25,83
1789023720,29470.0,29470.25,29461.25,29462.25,106
1789023780,29463.0,29465.25,29458.0,29460.25,84
1789023840,29460.5,29461.0,29454.0,29455.0,109
1789023900,29455.75,29460.25,29452.75,29458.75,127
1789023960,29459.5,29464.25,29458.25,29463.0,128
1789024020,29462.5,29464.75,29450.75,29454.25,122
1789024080,29455.25,29461.25,29454.5,29459.5,52
1789024140,29458.5,29469.75,29458.25,29465.0,59
1789024200,29465.25,29473.75,29463.0,29471.75,83
1789024260,29471.5,29474.0,29469.75,29474.0,66
1789024320,29473.75,29476.25,29462.25,29464.0,100
1789024380,29464.25,29467.0,29462.5,29463.25,31
1789024440,29463.0,29470.75,29462.75,29470.0,47
1789024500,29471.0,29473.0,29465.25,29472.5,49
1789024560,29471.75,29472.0,29463.0,29464.5,48
1789024620,29465.0,29467.0,29459.5,29462.5,65
1789024680,29463.5,29467.0,29461.75,29463.0,36
1789024740,29463.5,29468.5,29463.5,29468.0,35
1789024800,29467.75,29471.5,29466.25,29468.0,108
1789024860,29467.5,29471.0,29463.75,29471.0,47
1789024920,29470.0,29470.0,29459.25,29462.0,72
1789024980,29462.75,29471.25,29462.75,29467.25,84
1789025040,29465.75,29466.25,29459.75,29463.0,87
1789025100,29462.75,29464.5,29453.25,29455.0,67
1789025160,29455.75,29455.75,29450.75,29451.75,93
1789025220,29451.5,29455.5,29446.0,29451.25,125
1789025280,29450.75,29453.25,29446.75,29447.0,53
1789025340,29446.0,29446.0,29433.0,29435.25,218
1789025400,29434.75,29438.75,29430.25,29431.75,181
1789025460,29431.5,29432.5,29427.0,29428.0,209
1789025520,29427.5,29427.75,29421.0,29424.5,169
1789025580,29425.0,29434.75,29417.25,29419.0,171
1789025640,29419.75,29429.0,29418.75,29426.25,109
1789025700,29426.5,29428.25,29424.0,29426.5,54
1789025760,29426.0,29429.25,29424.5,29428.75,105
1789025820,29428.75,29437.0,29428.25,29434.25,107
1789025880,29432.5,29438.75,29431.75,29431.75,57
1789025940,29432.75,29432.75,29421.75,29423.5,97
1789026000,29423.0,29425.5,29421.0,29421.0,70
1789026060,29421.5,29433.5,29421.25,29432.25,95
1789026120,29432.25,29435.0,29427.25,29433.75,47
1789026180,29433.0,29437.25,29432.0,29437.0,38
1789026240,29436.5,29445.5,29434.25,29444.75,121
1789026300,29443.75,29447.5,29440.5,29447.5,117
1789026360,29447.75,29448.0,29439.5,29442.25,72
1789026420,29441.5,29450.0,29441.5,29448.25,95
1789026480,29447.5,29449.0,29443.0,29445.75,56
1789026540,29444.5,29445.75,29436.5,29444.5,87
1789026600,29444.5,29447.25,29442.5,29445.0,68
1789026660,29446.25,29455.5,29446.25,29453.25,162
1789026720,29455.5,29455.5,29443.25,29449.5,132
1789026780,29449.5,29452.75,29444.0,29446.0,109
1789026840,29446.25,29451.75,29444.5,29449.5,81
1789026900,29449.75,29455.25,29448.5,29452.0,46
1789026960,29451.5,29452.75,29449.25,29449.25,59
1789027020,29449.0,29451.25,29448.5,29449.0,33
1789027080,29448.25,29449.5,29446.0,29448.25,28
1789027140,29448.0,29448.0,29445.0,29445.0,37
1789027200,29443.75,29456.25,29437.0,29453.0,256
1789027260,29452.25,29458.5,29444.0,29447.5,147
1789027320,29446.5,29460.25,29446.5,29451.5,187
1789027380,29452.25,29456.25,29442.25,29445.5,282
1789027440,29446.75,29455.25,29444.5,29447.25,117
1789027500,29447.5,29450.5,29445.0,29450.0,67
1789027560,29447.75,29449.25,29438.75,29443.0,100
1789027620,29444.0,29446.25,29439.25,29444.25,82
1789027680,29445.5,29458.0,29445.25,29455.75,78
1789027740,29455.75,29455.75,29443.75,29443.75,55
1789027800,29444.75,29454.75,29444.5,29451.75,54
1789027860,29450.25,29451.5,29440.5,29444.75,100
1789027920,29444.25,29447.75,29442.5,29444.5,38
1789027980,29443.5,29444.5,29437.5,29439.75,84
1789028040,29439.75,29440.0,29431.0,29432.25,104
1789028100,29433.5,29434.0,29428.0,29429.0,105
1789028160,29429.5,29433.75,29425.75,29432.5,52
1789028220,29432.0,29432.5,29427.75,29429.75,64
1789028280,29428.5,29431.0,29424.5,29431.0,89
1789028340,29429.75,29437.0,29429.5,29435.0,115
1789028400,29434.5,29445.5,29433.5,29436.5,180
1789028460,29435.5,29451.75,29433.0,29449.5,125
1789028520,29450.25,29450.25,29445.0,29445.0,57
1789028580,29447.5,29450.0,29443.75,29443.75,56
1789028640,29444.25,29446.75,29442.0,29445.25,57
1789028700,29445.25,29448.0,29441.75,29446.5,20
1789028760,29445.25,29449.0,29445.25,29448.25,39
1789028820,29447.5,29448.75,29440.0,29442.0,71
1789028880,29444.0,29449.0,29444.0,29448.0,24
1789028940,29447.25,29453.25,29437.75,29449.5,112
1789029000,29449.0,29457.0,29446.75,29453.5,116
1789029060,29454.25,29456.25,29449.5,29454.25,115
1789029120,29450.25,29451.0,29436.5,29437.5,202
1789029180,29437.5,29437.75,29427.5,29429.25,138
1789029240,29430.5,29432.75,29428.0,29428.5,47
1789029300,29428.25,29439.25,29428.25,29439.25,48
1789029360,29438.75,29442.5,29435.5,29440.25,66
1789029420,29441.25,29448.0,29436.75,29438.75,153
1789029480,29438.0,29438.5,29431.0,29433.25,111
1789029540,29433.5,29442.0,29430.5,29439.0,63
1789029600,29437.75,29441.25,29435.0,29437.25,47
1789029660,29437.25,29439.5,29430.25,29430.25,52
1789029720,29430.25,29430.25,29419.25,29420.25,175
1789029780,29420.25,29420.25,29415.0,29419.25,315
1789029840,29416.75,29419.5,29413.0,29416.75,124
1789029900,29417.75,29422.5,29416.5,29417.25,98
1789029960,29418.5,29428.0,29418.0,29425.75,122
1789030020,29425.75,29426.0,29423.5,29425.5,40
1789030080,29424.5,29424.5,29414.0,29414.5,65
1789030140,29414.5,29416.25,29412.25,29413.5,99
1789030200,29414.25,29414.25,29406.0,29409.5,144
1789030260,29409.75,29415.75,29409.75,29412.75,57
1789030320,29410.5,29414.75,29410.0,29413.75,83
1789030380,29413.75,29416.75,29408.0,29410.75,144
1789030440,29412.25,29415.75,29412.25,29413.5,44
1789030500,29415.0,29415.25,29409.75,29410.75,33
1789030560,29410.5,29411.0,29405.25,29410.5,77
1789030620,29410.25,29411.75,29409.25,29410.25,28
1789030680,29410.25,29411.25,29405.75,29411.25,78
1789030740,29410.5,29414.5,29408.5,29414.0,38
1789030800,29412.5,29415.25,29406.75,29410.5,102
1789030860,29409.0,29413.0,29408.75,29410.25,66
1789030920,29412.75,29418.25,29411.75,29418.0,91
1789030980,29416.75,29425.25,29415.75,29422.75,109
1789031040,29423.5,29431.0,29423.25,29429.0,143
1789031100,29428.0,29429.5,29423.75,29423.75,51
1789031160,29423.0,29425.75,29420.75,29425.0,37
1789031220,29425.75,29426.75,29423.75,29425.0,33
1789031280,29425.75,29428.25,29421.75,29422.0,33
1789031340,29421.75,29424.0,29409.0,29413.0,106
1789031400,29412.25,29416.0,29412.25,29412.75,36
1789031460,29415.5,29417.75,29411.5,29417.5,54
1789031520,29416.0,29423.25,29415.75,29419.75,55
1789031580,29420.0,29420.75,29411.75,29412.25,76
1789031640,29411.25,29417.75,29411.0,29415.5,31
1789031700,29416.75,29419.25,29407.75,29409.0,59
1789031760,29411.0,29413.75,29410.75,29410.75,27
1789031820,29410.5,29415.5,29410.5,29410.75,17
1789031880,29412.0,29418.75,29412.0,29413.25,24
1789031940,29413.25,29416.5,29412.0,29416.0,18
1789032000,29416.75,29418.75,29412.0,29414.0,63
1789032060,29415.75,29419.75,29415.5,29416.5,76
1789032120,29415.25,29417.75,29412.75,29413.25,61
1789032180,29412.5,29418.25,29412.5,29415.25,16
1789032240,29416.75,29416.75,29407.0,29407.5,49
1789032300,29407.25,29409.75,29402.75,29404.75,104
1789032360,29403.75,29406.0,29395.5,29398.25,209
1789032420,29398.5,29408.0,29398.25,29403.0,99
1789032480,29402.5,29403.25,29392.5,29396.25,109
1789032540,29396.5,29399.25,29396.5,29397.0,55
1789032600,29395.5,29396.0,29385.75,29388.5,173
1789032660,29388.0,29389.5,29378.5,29379.25,206
1789032720,29379.0,29381.75,29373.25,29374.25,157
1789032780,29374.25,29380.75,29373.0,29380.25,131
1789032840,29379.25,29386.5,29377.0,29385.5,89
1789032900,29385.0,29386.5,29380.0,29381.5,85
1789032960,29380.75,29385.25,29375.75,29384.0,82
1789033020,29383.0,29385.75,29377.0,29380.5,85
1789033080,29380.75,29382.5,29374.75,29377.5,128
1789033140,29378.0,29378.5,29372.5,29373.5,90
1789033200,29372.75,29373.5,29362.25,29365.75,312
1789033260,29366.75,29366.75,29361.25,29363.25,117
1789033320,29363.5,29366.75,29359.25,29366.75,135
1789033380,29367.0,29383.75,29366.75,29383.0,163
1789033440,29383.5,29392.25,29381.5,29391.75,212
1789033500,29390.75,29404.5,29390.75,29394.5,214
1789033560,29395.75,29401.75,29395.5,29401.25,120
1789033620,29401.5,29405.5,29399.75,29403.25,99
1789033680,29404.25,29405.75,29401.5,29402.75,43
1789033740,29402.5,29406.75,29400.5,29401.75,106
1789033800,29402.25,29405.0,29397.0,29401.25,109
1789033860,29401.75,29407.25,29400.0,29406.5,100
1789033920,29406.5,29411.5,29405.5,29410.75,114
1789033980,29409.5,29413.0,29408.0,29408.25,128
1789034040,29410.25,29420.0,29409.0,29411.0,197
1789034100,29410.5,29414.5,29407.75,29409.25,113
1789034160,29407.75,29412.0,29407.75,29409.0,32
1789034220,29407.5,29409.75,29404.25,29404.75,81
1789034280,29405.5,29406.0,29400.5,29404.75,64
1789034340,29404.0,29408.5,29404.0,29406.5,21
1789034400,29405.75,29406.5,29395.5,29397.0,126
1789034460,29397.25,29400.0,29394.5,29399.5,82
1789034520,29400.0,29402.75,29398.25,29401.0,99
1789034580,29399.25,29418.0,29399.25,29415.25,155
1789034640,29414.0,29414.5,29407.0,29408.25,51
1789034700,29410.25,29410.75,29408.0,29410.75,43
1789034760,29410.75,29412.5,29408.75,29411.0,28
1789034820,29409.5,29409.5,29395.75,29396.75,88
1789034880,29396.25,29398.25,29392.5,29395.25,97
1789034940,29394.25,29399.0,29388.75,29395.0,129
1789035000,29395.5,29396.75,29389.75,29391.0,81
1789035060,29390.75,29402.25,29389.5,29397.0,97
1789035120,29398.0,29399.5,29396.75,29398.25,28
1789035180,29398.75,29402.25,29398.75,29400.25,38
1789035240,29400.25,29400.75,29394.75,29396.5,39
1789035300,29394.5,29400.0,29394.0,29396.0,51
1789035360,29396.25,29399.0,29394.75,29397.75,31
1789035420,29395.75,29398.0,29394.0,29398.0,27
1789035480,29398.0,29400.25,29393.75,29394.25,130
1789035540,29395.0,29397.0,29394.25,29396.0,106
1789035600,29394.5,29398.75,29389.0,29393.25,173
1789035660,29393.0,29398.5,29392.5,29396.25,48
1789035720,29399.5,29402.0,29398.5,29399.5,21
1789035780,29398.0,29400.0,29391.75,29397.75,47
1789035840,29395.25,29397.0,29393.0,29394.25,31
1789035900,29394.25,29409.0,29393.25,29407.5,135
1789035960,29406.75,29409.75,29393.75,29394.0,101
1789036020,29394.25,29396.75,29385.25,29385.5,124
1789036080,29386.75,29393.0,29386.75,29391.75,64
1789036140,29391.25,29392.0,29390.25,29391.0,14
1789036200,29391.0,29391.75,29383.0,29384.25,88
1789036260,29381.75,29382.5,29371.25,29372.0,128
1789036320,29372.0,29377.0,29370.25,29377.0,187
1789036380,29376.75,29379.5,29369.0,29370.25,130
1789036440,29370.0,29371.0,29363.5,29366.5,107
1789036500,29368.25,29375.5,29366.75,29371.75,144
1789036560,29372.25,29382.75,29370.5,29381.5,236
1789036620,29381.25,29394.75,29379.75,29394.0,147
1789036680,29395.0,29396.25,29390.75,29391.5,69
1789036740,29391.5,29395.25,29391.0,29393.75,50
1789036800,29394.5,29400.25,29391.75,29399.25,92
1789036860,29399.0,29404.5,29395.75,29399.25,119
1789036920,29397.75,29399.25,29396.75,29398.0,19
1789036980,29398.75,29400.75,29392.75,29393.75,43
1789037040,29393.5,29398.5,29391.5,29392.25,68
1789037100,29392.0,29393.0,29384.75,29385.75,73
1789037160,29386.5,29389.75,29385.25,29385.75,56
1789037220,29384.5,29390.25,29380.5,29389.75,80
1789037280,29387.25,29392.0,29387.25,29391.0,68
1789037340,29390.0,29392.25,29388.5,29389.25,47
1789037400,29390.5,29393.25,29388.0,29391.5,56
1789037460,29392.75,29393.0,29384.0,29385.75,62
1789037520,29383.0,29383.25,29375.0,29376.75,69
1789037580,29376.5,29382.0,29374.5,29376.25,60
1789037640,29375.75,29380.0,29368.0,29368.0,153
1789037700,29367.75,29375.5,29363.75,29375.5,147
1789037760,29375.0,29423.75,29374.75,29414.25,1148
1789037820,29415.75,29421.25,29396.0,29398.5,368
1789037880,29398.5,29398.5,29382.5,29383.5,270
1789037940,29382.75,29384.5,29373.5,29376.0,113
1789038000,29375.0,29376.0,29365.5,29369.25,208
1789038060,29369.5,29370.25,29358.25,29360.5,271
1789038120,29360.0,29360.0,29326.75,29349.25,1100
1789038180,29349.75,29353.25,29348.25,29349.25,116
1789038240,29350.25,29351.5,29343.75,29347.25,131
1789038300,29347.5,29354.0,29341.75,29343.25,144
1789038360,29343.25,29343.25,29332.75,29333.25,234
1789038420,29333.0,29344.0,29331.0,29341.25,187
1789038480,29341.5,29345.25,29338.75,29345.25,172
1789038540,29343.75,29344.5,29335.0,29338.25,150
1789038600,29338.25,29346.75,29332.75,29333.25,210
1789038660,29333.5,29335.5,29327.75,29334.75,119
1789038720,29335.25,29336.0,29329.0,29330.0,76
1789038780,29330.5,29348.75,29330.5,29344.75,166
1789038840,29346.25,29346.75,29342.5,29343.25,62
1789038900,29343.25,29347.5,29340.75,29347.5,188
1789038960,29346.25,29346.25,29339.0,29340.0,84
1789039020,29341.25,29349.25,29340.5,29341.75,114
1789039080,29340.75,29343.0,29336.75,29339.0,109
1789039140,29341.0,29341.75,29335.0,29338.5,81
1789039200,29338.25,29343.25,29336.5,29341.75,135
1789039260,29341.0,29341.5,29334.0,29335.0,58
1789039320,29333.5,29340.5,29331.5,29339.75,127
1789039380,29340.0,29346.25,29337.75,29344.75,121
1789039440,29344.75,29345.5,29337.75,29342.75,156
1789039500,29344.5,29344.75,29341.0,29342.0,46
1789039560,29342.0,29343.0,29337.25,29342.25,66
1789039620,29341.75,29343.5,29340.5,29341.75,46
1789039680,29342.25,29343.5,29339.5,29342.5,32
1789039740,29342.75,29342.75,29335.0,29336.0,70
1789039800,29337.5,29339.75,29335.75,29337.25,78
1789039860,29338.25,29345.5,29337.75,29343.5,98
1789039920,29343.25,29347.5,29340.0,29346.75,80
1789039980,29347.0,29356.0,29342.75,29356.0,191
1789040040,29355.5,29362.0,29354.75,29358.0,192
1789040100,29357.5,29364.0,29357.25,29361.5,178
1789040160,29361.25,29362.0,29355.25,29357.0,87
1789040220,29356.5,29360.0,29355.0,29359.5,130
1789040280,29358.75,29358.75,29351.25,29355.25,81
1789040340,29355.0,29359.5,29354.0,29358.25,55
1789040400,29356.75,29357.75,29354.5,29357.5,37
1789040460,29357.0,29358.0,29350.0,29350.0,92
1789040520,29350.75,29357.0,29348.0,29348.0,117
1789040580,29349.25,29349.75,29339.5,29345.75,196
1789040640,29346.5,29347.5,29342.75,29345.75,72
1789040700,29345.5,29352.5,29345.25,29347.5,106
1789040760,29347.5,29348.75,29338.0,29338.5,77
1789040820,29338.75,29339.75,29324.25,29326.75,243
1789040880,29327.5,29327.5,29320.5,29321.0,181
1789040940,29321.5,29324.75,29315.5,29316.5,272
1789041000,29317.0,29318.25,29290.0,29303.25,1030
1789041060,29302.75,29306.75,29295.75,29298.5,283
1789041120,29298.5,29302.75,29296.0,29297.25,208
1789041180,29297.0,29299.0,29291.75,29293.75,212
1789041240,29293.75,29302.75,29293.25,29300.0,156
1789041300,29298.5,29298.5,29268.5,29274.25,662
1789041360,29275.5,29283.0,29267.75,29270.0,356
1789041420,29269.25,29279.75,29266.0,29277.75,344
1789041480,29280.0,29287.0,29272.0,29276.25,399
1789041540,29276.75,29281.0,29262.75,29264.5,383
1789041600,29264.25,29278.25,29262.75,29267.0,528
1789041660,29266.75,29268.5,29250.0,29255.5,682
1789041720,29254.75,29271.0,29250.0,29266.0,438
1789041780,29265.75,29269.25,29248.5,29249.75,457
1789041840,29250.0,29253.0,29242.25,29247.0,353
1789041900,29248.0,29253.75,29244.0,29253.5,225
1789041960,29253.5,29253.5,29240.75,29247.75,310
1789042020,29248.75,29254.75,29243.5,29252.5,280
1789042080,29253.25,29254.75,29238.0,29241.0,368
1789042140,29241.25,29245.0,29236.0,29237.5,263
1789042200,29237.75,29242.0,29234.0,29238.5,274
1789042260,29237.0,29238.25,29232.75,29236.0,210
1789042320,29236.5,29243.0,29233.75,29234.75,227
1789042380,29235.25,29256.75,29235.25,29255.25,345
1789042440,29255.5,29264.25,29255.25,29258.25,308
1789042500,29260.0,29262.75,29240.0,29247.75,448
1789042560,29247.5,29249.25,29227.5,29237.25,416
1789042620,29233.75,29248.0,29233.5,29237.0,201
1789042680,29238.25,29255.0,29236.0,29246.25,365
1789042740,29246.25,29246.25,29233.0,29234.75,219
1789042800,29234.75,29234.75,29216.75,29227.5,715
1789042860,29228.25,29236.5,29226.75,29229.25,296
1789042920,29229.5,29236.0,29225.25,29225.25,186
1789042980,29225.75,29231.5,29219.0,29225.5,306
1789043040,29227.5,29228.0,29217.0,29220.75,268
1789043100,29219.0,29224.75,29211.0,29220.0,331
1789043160,29219.75,29220.5,29211.0,29213.5,302
1789043220,29213.25,29221.75,29213.25,29215.5,223
1789043280,29215.0,29221.5,29214.5,29220.75,211
1789043340,29221.0,29250.0,29218.25,29237.5,440
1789043400,29229.0,29251.75,29195.75,29205.25,2065
1789043460,29204.25,29207.0,29172.25,29177.25,1292
1789043520,29176.25,29177.5,29150.0,29158.0,1729
1789043580,29157.5,29157.5,29132.75,29137.25,1256
1789043640,29137.0,29140.75,29106.75,29110.25,1905
1789043700,29110.5,29134.25,29110.25,29131.25,1097
1789043760,29131.5,29140.75,29120.25,29127.0,1320
1789043820,29127.0,29131.0,29110.25,29118.0,950
1789043880,29116.5,29129.25,29108.5,29112.5,802
1789043940,29111.75,29117.0,29100.0,29110.5,1226
1789044000,29111.25,29113.5,29092.75,29098.0,958
1789044060,29099.25,29105.75,29092.25,29095.25,878
1789044120,29095.0,29106.0,29084.0,29089.75,1238
1789044180,29089.0,29099.5,29083.0,29090.75,879
1789044240,29090.0,29105.5,29082.0,29102.5,973
1789044300,29103.75,29106.0,29088.0,29092.25,768
1789044360,29091.25,29093.0,29082.0,29090.25,529
1789044420,29089.75,29102.75,29084.25,29087.75,896
1789044480,29087.5,29093.0,29075.5,29090.0,1062
1789044540,29089.0,29102.0,29087.5,29101.0,596
1789044600,29100.0,29105.0,29095.25,29103.5,685
1789044660,29104.0,29104.5,29089.0,29093.25,775
1789044720,29093.5,29094.75,29073.0,29082.5,1057
1789044780,29082.0,29082.25,29067.0,29072.25,872
1789044840,29072.5,29083.75,29068.5,29081.0,684
1789044900,29080.25,29082.0,29059.0,29067.0,1021
1789044960,29067.0,29067.25,29053.75,29055.0,660
1789045020,29055.0,29057.75,29043.25,29056.0,940
1789045080,29055.0,29062.25,29052.5,29055.25,503
1789045140,29055.25,29061.0,29051.5,29056.5,652
1789045200,29058.0,29074.75,29056.25,29069.75,1122
1789045260,29070.5,29077.75,29054.75,29070.5,1016
1789045320,29071.25,29092.5,29069.0,29089.75,741
1789045380,29090.25,29096.75,29083.75,29086.75,648
1789045440,29087.75,29098.25,29087.25,29092.5,576
1789045500,29093.5,29095.75,29082.5,29082.5,661
1789045560,29082.75,29088.25,29073.75,29082.75,696
1789045620,29081.5,29084.75,29061.0,29062.0,705
1789045680,29061.5,29072.0,29058.5,29069.75,637
1789045740,29070.5,29077.25,29066.0,29071.25,623
1789045800,29070.5,29081.75,29070.5,29079.75,535
1789045860,29079.25,29091.0,29079.0,29088.25,540
1789045920,29087.75,29088.5,29069.5,29073.25,573
1789045980,29074.0,29079.75,29071.75,29078.75,302
1789046040,29079.0,29083.25,29067.75,29068.75,474
1789046100,29069.0,29080.75,29066.75,29075.25,536
1789046160,29074.75,29075.0,29057.5,29065.75,739
1789046220,29064.75,29065.75,29052.25,29054.75,540
1789046280,29054.5,29069.25,29054.5,29068.5,515
1789046340,29069.0,29074.5,29064.75,29066.0,491
1789046400,29067.0,29071.25,29057.0,29058.25,411
1789046460,29057.75,29068.0,29054.0,29067.5,410
1789046520,29068.25,29074.0,29066.0,29070.0,337
1789046580,29071.75,29074.75,29067.0,29072.0,277
1789046640,29071.5,29071.5,29055.5,29056.5,498
1789046700,29056.75,29061.25,29043.75,29055.5,1607
1789046760,29055.25,29065.75,29052.25,29064.0,598
1789046820,29064.25,29085.0,29062.75,29085.0,738
1789046880,29082.75,29083.75,29063.0,29076.5,949
1789046940,29076.25,29090.25,29072.25,29089.0,1186
1789047000,29089.5,29123.0,29078.5,29119.5,6303
1789047060,29118.25,29123.25,29098.5,29110.5,3976
1789047120,29110.25,29115.25,29068.25,29074.75,3935
1789047180,29075.25,29103.75,29057.5,29102.75,3507
1789047240,29102.75,29121.0,29088.0,29098.25,3239
1789047300,29098.25,29132.5,29088.75,29112.75,4041
1789047360,29113.0,29138.0,29109.25,29126.25,2894
1789047420,29126.25,29137.25,29105.0,29117.75,2585
1789047480,29118.25,29145.0,29111.25,29141.5,2757
1789047540,29141.75,29185.5,29138.0,29178.5,3685
1789047600,29179.0,29200.0,29171.25,29186.25,3849
1789047660,29186.25,29193.75,29151.0,29157.75,4699
1789047720,29157.75,29173.75,29147.25,29161.25,2687
1789047780,29161.5,29178.5,29153.25,29161.75,1897
1789047840,29161.75,29171.5,29133.0,29138.0,2751
1789047900,29138.25,29167.25,29131.75,29165.0,2926
1789047960,29166.75,29185.0,29152.5,29182.75,2376
1789048020,29183.5,29186.25,29168.0,29173.75,1622
1789048080,29174.25,29176.25,29143.5,29154.75,2056
1789048140,29154.75,29203.25,29146.75,29186.0,3449
1789048200,29186.0,29187.0,29135.0,29145.25,2298
1789048260,29146.0,29147.25,29111.75,29112.75,2287
1789048320,29112.5,29127.5,29107.25,29121.0,2205
1789048380,29121.75,29126.75,29104.0,29118.25,1801
1789048440,29118.0,29136.5,29102.5,29105.75,2031
1789048500,29106.25,29117.0,29096.0,29108.0,1986
1789048560,29108.0,29117.25,29088.5,29114.25,2465
1789048620,29114.25,29124.0,29100.0,29110.5,1801
1789048680,29111.0,29116.0,29095.5,29097.75,1306
1789048740,29098.0,29107.25,29094.0,29099.75,1133
1789048800,29099.5,29133.0,29097.25,29119.0,2350
1789048860,29118.0,29151.0,29116.25,29148.75,2130
1789048920,29148.25,29169.5,29146.0,29163.5,2210
1789048980,29163.5,29178.75,29155.75,29174.75,1964
1789049040,29174.25,29174.25,29145.0,29148.75,1469
1789049100,29148.5,29156.75,29133.75,29136.75,1407
1789049160,29136.5,29147.75,29132.75,29138.75,1120
1789049220,29138.5,29153.75,29115.75,29117.0,2254
1789049280,29117.0,29126.5,29106.75,29122.25,1528
1789049340,29122.5,29138.0,29114.75,29136.5,1256
1789049400,29137.0,29153.0,29129.5,29140.0,1783
1789049460,29138.5,29149.0,29118.75,29143.0,1938
1789049520,29143.0,29155.5,29141.25,29152.25,1389
1789049580,29153.0,29169.75,29152.25,29166.75,1621
1789049640,29167.0,29168.5,29134.75,29139.75,1798
1789049700,29139.5,29147.0,29123.0,29132.5,2149
1789049760,29132.0,29132.75,29115.75,29125.0,1593
1789049820,29125.0,29125.25,29111.0,29118.25,1286
1789049880,29117.5,29138.5,29117.25,29135.5,1232
1789049940,29135.5,29162.25,29131.5,29156.75,1607
1789050000,29157.25,29179.0,29152.5,29172.0,2186
1789050060,29171.75,29181.0,29159.0,29179.25,1571
1789050120,29179.5,29194.0,29168.0,29191.75,1977
1789050180,29192.75,29193.0,29175.25,29185.0,1104
1789050240,29184.75,29263.0,29177.75,29230.0,6817
1789050300,29229.5,29255.75,29229.0,29239.0,4178
1789050360,29238.25,29246.0,29204.75,29204.75,3038
1789050420,29205.25,29215.0,29196.75,29199.75,2341
1789050480,29200.0,29222.5,29199.0,29215.25,1406
1789050540,29215.0,29216.75,29195.5,29205.75,1361
1789050600,29206.25,29229.0,29204.75,29224.5,2121
1789050660,29223.5,29241.25,29219.25,29234.5,1417
1789050720,29234.5,29235.75,29219.0,29226.5,1026
1789050780,29226.75,29230.25,29210.0,29215.0,850
1789050840,29215.5,29235.0,29215.25,29219.0,956
1789050900,29219.25,29254.5,29219.25,29249.75,2202
1789050960,29249.5,29266.0,29243.25,29262.0,1458
1789051020,29262.5,29273.0,29257.75,29270.25,1532
1789051080,29270.0,29275.0,29263.75,29270.75,1268
1789051140,29270.5,29274.0,29259.0,29261.5,1190
1789051200,29261.0,29269.75,29247.25,29256.75,1587
1789051260,29258.5,29265.25,29253.5,29254.75,743
1789051320,29254.75,29260.75,29239.25,29241.25,1094
1789051380,29241.0,29246.75,29230.0,29231.5,1548
1789051440,29231.0,29238.0,29222.5,29237.25,1418
1789051500,29236.0,29240.0,29224.25,29229.25,1017
1789051560,29229.25,29250.75,29229.0,29247.0,988
1789051620,29246.25,29246.25,29214.0,29214.5,1294
1789051680,29214.25,29233.25,29212.5,29231.25,1290
1789051740,29230.0,29232.75,29221.75,29228.5,907
1789051800,29227.75,29228.5,29210.0,29212.25,1228
1789051860,29212.25,29235.25,29211.0,29235.25,1237
1789051920,29234.75,29242.75,29226.5,29233.5,1425
1789051980,29234.0,29246.5,29227.0,29241.0,1079
1789052040,29240.5,29244.75,29235.75,29244.5,746
1789052100,29244.25,29248.25,29230.25,29230.5,1011
1789052160,29231.0,29250.0,29229.75,29247.5,862
1789052220,29247.25,29264.5,29240.0,29261.25,1201
1789052280,29260.5,29263.5,29251.75,29257.0,1024
1789052340,29257.5,29264.75,29251.75,29263.25,1048
1789052400,29263.25,29265.0,29243.75,29250.0,1635
1789052460,29249.75,29251.25,29227.5,29232.75,1591
1789052520,29232.5,29232.5,29214.0,29219.75,1448
1789052580,29220.0,29230.75,29216.75,29229.75,996
1789052640,29229.75,29241.0,29226.0,29227.0,1076
1789052700,29227.0,29254.5,29226.25,29249.25,1257
1789052760,29248.75,29250.5,29240.5,29248.5,639
1789052820,29248.5,29253.25,29241.75,29248.0,469
1789052880,29248.0,29251.0,29243.75,29247.25,529
1789052940,29247.5,29248.0,29221.75,29224.75,980
1789053000,29224.75,29258.0,29224.25,29255.5,998
1789053060,29255.5,29255.5,29241.75,29245.5,927
1789053120,29245.5,29260.5,29245.5,29250.5,990
1789053180,29250.0,29254.25,29236.25,29249.25,1629
1789053240,29249.25,29251.25,29236.0,29243.75,741
1789053300,29243.25,29250.0,29226.0,29231.5,988
1789053360,29231.5,29235.5,29226.25,29230.0,603
1789053420,29230.25,29238.75,29222.5,29232.75,776
1789053480,29232.25,29234.0,29210.25,29213.5,941
1789053540,29213.25,29226.0,29208.25,29223.25,877
1789053600,29223.25,29232.0,29209.5,29210.5,892
1789053660,29210.5,29211.25,29197.5,29207.75,1514
1789053720,29207.75,29222.75,29204.75,29222.25,756
1789053780,29221.75,29228.75,29213.25,29215.75,872
1789053840,29217.25,29235.75,29216.75,29233.5,754
1789053900,29232.75,29239.25,29223.75,29237.0,887
1789053960,29237.0,29237.5,29225.0,29233.0,711
1789054020,29232.5,29253.5,29229.0,29250.0,1103
1789054080,29249.0,29256.0,29245.25,29247.0,847
1789054140,29245.5,29247.75,29234.5,29236.0,849
1789054200,29236.75,29242.75,29228.5,29232.25,1281
1789054260,29232.25,29238.75,29227.25,29230.0,873
1789054320,29230.0,29232.75,29217.25,29228.5,727
1789054380,29228.75,29247.75,29226.75,29242.25,1026
1789054440,29242.25,29249.75,29238.25,29242.5,691
1789054500,29242.75,29248.0,29237.25,29246.25,471
1789054560,29247.0,29260.5,29246.25,29256.0,879
1789054620,29255.75,29272.75,29252.75,29267.75,919
1789054680,29267.75,29269.5,29242.5,29242.75,850
1789054740,29243.0,29243.5,29227.5,29242.0,1338
1789054800,29241.0,29241.75,29229.0,29232.0,677
1789054860,29231.75,29249.75,29231.75,29246.0,725
1789054920,29245.5,29248.5,29235.25,29243.25,588
1789054980,29243.0,29251.75,29233.25,29251.0,671
1789055040,29251.0,29254.75,29246.75,29251.5,397
1789055100,29251.25,29256.75,29239.75,29239.75,908
1789055160,29239.75,29241.25,29225.0,29228.75,793
1789055220,29228.75,29229.75,29214.5,29219.25,751
1789055280,29218.25,29229.25,29218.0,29221.25,685
1789055340,29221.25,29237.5,29220.0,29231.25,773
1789055400,29230.25,29230.25,29215.5,29216.0,1069
1789055460,29216.5,29224.5,29213.5,29216.75,655
1789055520,29216.5,29240.0,29215.5,29225.75,996
1789055580,29226.0,29228.0,29208.0,29211.25,857
1789055640,29211.0,29214.5,29204.25,29205.0,682
1789055700,29205.5,29206.0,29192.25,29201.5,1174
1789055760,29201.5,29202.5,29186.0,29189.25,1133
1789055820,29189.5,29195.0,29186.0,29194.25,859
1789055880,29193.75,29208.75,29189.0,29207.0,803
1789055940,29207.25,29214.25,29203.25,29205.0,982
1789056000,29205.0,29227.75,29202.25,29225.0,1401
1789056060,29225.25,29231.5,29214.75,29216.0,899
1789056120,29215.75,29222.5,29210.25,29210.25,566
1789056180,29210.0,29215.5,29197.5,29203.0,876
1789056240,29202.75,29213.25,29201.5,29204.75,449
1789056300,29204.0,29213.0,29200.75,29208.0,453
1789056360,29208.0,29211.75,29201.75,29202.0,379
1789056420,29202.25,29205.25,29183.5,29185.75,902
1789056480,29186.0,29191.75,29180.5,29185.25,859
1789056540,29185.0,29190.0,29181.0,29182.25,542
1789056600,29182.25,29188.5,29176.0,29177.0,701
1789056660,29176.75,29177.75,29165.75,29172.5,1172
1789056720,29172.25,29181.25,29170.25,29176.5,718
1789056780,29176.5,29190.5,29175.5,29186.75,678
1789056840,29186.25,29193.75,29178.25,29181.25,633
1789056900,29180.5,29198.25,29178.0,29197.25,868
1789056960,29197.0,29202.0,29178.75,29182.0,1132
1789057020,29182.0,29185.0,29171.0,29174.75,692
1789057080,29175.75,29178.0,29169.5,29172.0,504
1789057140,29171.75,29184.0,29171.25,29175.5,476
1789057200,29176.0,29191.0,29176.0,29182.75,732
1789057260,29182.0,29187.0,29174.25,29175.75,539
1789057320,29175.75,29185.75,29175.75,29183.0,381
1789057380,29183.25,29183.25,29176.5,29182.75,401
1789057440,29182.25,29184.25,29176.5,29180.0,367
1789057500,29179.75,29183.75,29169.5,29172.25,575
1789057560,29171.75,29174.0,29167.0,29167.0,496
1789057620,29166.75,29170.75,29162.75,29164.5,488
1789057680,29164.0,29171.5,29161.75,29167.5,593
1789057740,29167.0,29178.25,29167.0,29177.0,584
1789057800,29176.75,29188.75,29174.25,29183.25,832
1789057860,29183.25,29188.0,29179.5,29183.0,407
1789057920,29182.5,29194.25,29174.75,29187.25,737
1789057980,29187.25,29191.75,29183.75,29186.25,483
1789058040,29186.0,29187.75,29146.5,29151.75,3673
1789058100,29152.0,29154.25,29133.75,29146.0,1855
1789058160,29146.25,29165.25,29146.25,29163.25,1033
1789058220,29163.25,29174.25,29160.25,29168.25,1050
1789058280,29168.0,29175.25,29163.0,29165.0,553
1789058340,29165.75,29173.25,29164.0,29170.5,526
1789058400,29170.5,29184.5,29168.0,29181.75,635
1789058460,29182.25,29192.25,29176.0,29190.0,922
1789058520,29190.0,29193.75,29184.75,29190.0,594
1789058580,29190.25,29199.0,29186.0,29198.0,619
1789058640,29198.25,29215.75,29195.0,29208.0,1327
1789058700,29208.25,29225.5,29207.5,29218.25,1245
1789058760,29219.25,29241.0,29217.0,29236.5,1601
1789058820,29237.0,29237.75,29222.5,29224.75,967
1789058880,29225.0,29228.75,29219.25,29219.75,591
1789058940,29220.25,29221.5,29205.5,29208.75,1060
1789059000,29209.0,29217.0,29209.0,29211.25,523
1789059060,29211.0,29217.0,29207.75,29208.0,421
1789059120,29208.75,29225.0,29204.5,29221.0,771
1789059180,29221.75,29229.75,29218.75,29229.0,781
1789059240,29228.75,29235.0,29227.75,29235.0,534
1789059300,29234.75,29242.75,29228.25,29239.5,874
1789059360,29239.75,29240.0,29234.25,29236.75,435
1789059420,29237.25,29238.5,29227.5,29230.75,564
1789059480,29231.0,29238.75,29229.5,29235.25,490
1789059540,29235.75,29237.75,29224.25,29232.5,832
1789059600,29232.75,29234.25,29222.0,29232.0,567
1789059660,29233.25,29235.25,29229.0,29230.75,297
1789059720,29231.75,29267.5,29230.75,29235.5,2210
1789059780,29235.0,29235.5,29212.75,29214.25,1002
1789059840,29214.0,29227.0,29213.75,29226.5,623
1789059900,29226.75,29236.5,29225.0,29230.75,635
1789059960,29230.5,29233.25,29219.75,29229.0,1115
1789060020,29230.0,29234.75,29225.25,29234.75,360
1789060080,29233.75,29237.75,29225.25,29228.75,409
1789060140,29228.5,29233.75,29226.0,29228.75,359
1789060200,29228.0,29248.0,29226.5,29245.0,861
1789060260,29245.25,29246.75,29238.0,29241.5,381
1789060320,29240.75,29245.75,29240.25,29242.75,356
1789060380,29242.5,29242.75,29230.0,29231.5,678
1789060440,29231.0,29234.75,29224.5,29225.5,451
1789060500,29225.75,29230.5,29221.5,29226.25,454
1789060560,29226.25,29233.0,29226.0,29230.0,334
1789060620,29230.75,29231.75,29222.75,29228.0,436
1789060680,29227.75,29230.5,29219.25,29221.5,507
1789060740,29222.25,29224.5,29215.5,29223.0,666
1789060800,29223.25,29225.0,29215.0,29221.75,487
1789060860,29222.25,29222.5,29214.25,29215.0,275
1789060920,29214.5,29221.75,29214.25,29218.75,356
1789060980,29218.75,29218.75,29209.5,29210.0,517
1789061040,29210.5,29213.25,29207.5,29211.0,319
1789061100,29211.5,29213.0,29199.5,29202.0,625
1789061160,29202.75,29209.5,29201.0,29208.5,403
1789061220,29208.0,29210.5,29202.0,29206.0,448
1789061280,29205.75,29211.75,29201.75,29208.75,437
1789061340,29209.5,29212.5,29205.75,29209.25,355
1789061400,29209.0,29210.0,29197.5,29203.5,744
1789061460,29202.5,29210.25,29198.75,29207.75,467
1789061520,29208.25,29214.75,29201.5,29203.5,423
1789061580,29203.0,29205.25,29198.0,29201.5,357
1789061640,29201.5,29211.5,29199.75,29204.0,355
1789061700,29204.0,29214.75,29202.25,29213.0,290
1789061760,29213.5,29214.0,29201.75,29202.0,449
1789061820,29202.25,29204.75,29189.5,29189.5,812
1789061880,29189.25,29192.75,29187.0,29189.5,657
1789061940,29189.25,29190.0,29177.25,29178.25,741
1789062000,29177.75,29182.25,29175.5,29179.75,606
1789062060,29180.0,29190.75,29180.0,29190.25,616
1789062120,29190.0,29192.0,29187.0,29192.0,412
1789062180,29191.75,29200.75,29191.5,29198.5,648
1789062240,29199.0,29204.25,29196.75,29202.5,389
1789062300,29202.5,29205.25,29194.5,29197.75,371
1789062360,29197.25,29199.25,29188.5,29189.5,407
1789062420,29189.5,29196.5,29189.0,29189.0,307
1789062480,29188.75,29196.25,29187.75,29189.0,353
1789062540,29188.5,29194.0,29188.0,29191.0,206
1789062600,29190.5,29195.0,29189.25,29193.75,239
1789062660,29194.0,29199.0,29193.0,29198.0,322
1789062720,29197.75,29204.25,29193.5,29194.25,455
1789062780,29194.25,29196.0,29183.25,29193.75,999
1789062840,29193.5,29196.5,29190.5,29194.75,336
1789062900,29194.5,29195.75,29183.25,29186.25,412
1789062960,29185.5,29189.75,29183.75,29188.75,271
1789063020,29187.75,29199.75,29186.0,29188.0,513
1789063080,29188.25,29192.5,29184.75,29190.5,452
1789063140,29191.0,29192.5,29185.75,29186.0,226
1789063200,29186.25,29199.5,29183.0,29199.25,663
1789063260,29198.75,29199.75,29176.5,29177.5,669
1789063320,29177.75,29181.5,29169.25,29173.5,811
1789063380,29173.5,29173.75,29163.0,29168.75,963
1789063440,29169.0,29176.25,29167.5,29168.5,574
1789063500,29169.0,29170.5,29158.75,29164.5,775
1789063560,29164.0,29173.75,29163.0,29170.75,366
1789063620,29171.0,29179.25,29170.5,29174.75,523
1789063680,29174.5,29177.5,29170.0,29170.75,445
1789063740,29170.0,29170.25,29154.0,29158.75,881
1789063800,29157.75,29157.75,29148.25,29155.75,956
1789063860,29155.25,29161.5,29155.0,29157.75,590
1789063920,29158.0,29161.5,29152.75,29160.25,427
1789063980,29161.75,29167.0,29159.0,29163.0,459
1789064040,29164.0,29168.5,29159.0,29159.75,391
1789064100,29159.75,29159.75,29148.75,29156.5,684
1789064160,29155.5,29162.25,29148.75,29151.0,486
1789064220,29151.5,29155.25,29149.25,29153.0,389
1789064280,29153.0,29155.5,29149.5,29154.0,346
1789064340,29153.5,29162.0,29153.0,29161.5,393
1789064400,29161.5,29176.25,29161.25,29173.25,900
1789064460,29173.25,29175.75,29169.0,29170.75,584
1789064520,29170.75,29180.25,29170.0,29177.75,502
1789064580,29177.75,29177.75,29168.75,29172.5,511
1789064640,29172.0,29174.25,29166.75,29167.25,416
1789064700,29167.5,29173.0,29160.25,29160.75,506
1789064760,29160.0,29164.0,29153.5,29154.5,469
1789064820,29154.75,29158.0,29154.0,29155.25,256
1789064880,29155.25,29167.5,29155.0,29164.5,606
1789064940,29164.5,29164.5,29157.0,29158.5,285
1789065000,29157.75,29157.75,29151.0,29154.25,659
1789065060,29154.0,29159.0,29153.25,29158.5,314
1789065120,29158.0,29159.0,29151.5,29153.25,354
1789065180,29153.5,29156.0,29148.0,29150.25,423
1789065240,29150.0,29165.5,29146.25,29164.0,752
1789065300,29164.0,29167.5,29156.75,29167.0,490
1789065360,29166.75,29169.5,29163.0,29167.0,418
1789065420,29166.5,29168.0,29162.0,29166.25,279
1789065480,29165.75,29170.75,29160.5,29169.5,348
1789065540,29169.75,29176.0,29166.5,29175.25,395
1789065600,29174.75,29176.25,29169.5,29171.0,318
1789065660,29171.0,29174.75,29167.75,29170.75,388
1789065720,29170.75,29173.0,29168.0,29170.25,213
1789065780,29170.0,29175.0,29166.25,29171.75,266
1789065840,29171.25,29176.0,29171.0,29173.5,305
1789065900,29173.0,29174.75,29165.5,29167.5,464
1789065960,29168.25,29173.0,29163.25,29166.0,374
1789066020,29166.0,29166.25,29163.0,29163.75,181
1789066080,29163.75,29164.0,29151.0,29157.25,716
1789066140,29157.25,29184.25,29156.75,29165.75,1314
1789066200,29165.75,29172.25,29155.25,29170.75,539
1789066260,29171.25,29199.0,29168.5,29188.75,1757
1789066320,29188.0,29198.75,29182.75,29194.75,879
1789066380,29194.5,29198.75,29184.75,29190.25,601
1789066440,29191.0,29194.0,29179.75,29181.5,532
1789066500,29181.25,29188.25,29179.5,29187.0,340
1789066560,29187.0,29189.25,29181.75,29181.75,300
1789066620,29182.0,29182.75,29171.0,29175.25,454
1789066680,29175.0,29177.0,29167.25,29172.75,476
1789066740,29172.0,29178.25,29172.0,29174.25,384
1789066800,29174.25,29176.0,29162.5,29168.25,813
1789066860,29168.75,29172.25,29158.75,29159.0,676
1789066920,29159.5,29163.75,29156.0,29157.5,512
1789066980,29157.0,29163.25,29151.25,29162.0,530
1789067040,29161.75,29163.0,29151.75,29152.5,643
1789067100,29152.25,29156.25,29151.0,29153.75,443
1789067160,29152.5,29158.75,29147.75,29153.0,685
1789067220,29153.25,29158.5,29143.5,29144.75,633
1789067280,29144.75,29150.5,29141.0,29142.5,686
1789067340,29143.25,29167.75,29142.5,29165.75,1825
1789067400,29166.25,29169.0,29154.25,29156.25,671
1789067460,29155.25,29157.25,29142.25,29145.25,470
1789067520,29145.5,29156.5,29143.75,29153.0,511
1789067580,29153.25,29160.25,29152.75,29154.5,387
1789067640,29154.0,29158.75,29151.5,29156.5,577
1789067700,29157.25,29164.5,29154.0,29156.25,630
1789067760,29155.25,29157.5,29151.0,29152.0,303
1789067820,29152.0,29156.0,29141.75,29143.5,480
1789067880,29143.25,29145.5,29136.0,29142.25,767
1789067940,29142.25,29145.25,29138.5,29144.0,544
1789068000,29144.0,29151.0,29140.75,29142.5,563
1789068060,29143.25,29146.0,29140.25,29145.25,372
1789068120,29146.0,29150.25,29145.0,29147.75,282
1789068180,29147.5,29149.0,29139.75,29139.75,257
1789068240,29139.75,29157.0,29139.75,29155.0,578
1789068300,29155.25,29161.0,29152.25,29153.0,601
1789068360,29153.0,29157.75,29152.0,29154.0,262
1789068420,29154.5,29162.0,29154.0,29159.5,323
1789068480,29159.25,29162.25,29155.0,29160.0,468
1789068540,29160.0,29163.0,29157.5,29160.0,274
1789068600,29158.75,29161.75,29150.25,29150.75,755
1789068660,29150.75,29155.5,29144.25,29154.5,584
1789068720,29154.0,29157.75,29151.75,29153.75,375
1789068780,29153.75,29159.5,29151.75,29158.0,327
1789068840,29157.75,29166.25,29157.5,29163.5,547
1789068900,29162.75,29163.5,29150.75,29151.5,516
1789068960,29151.0,29158.5,29150.5,29156.25,321
1789069020,29156.5,29157.25,29145.25,29150.25,394
1789069080,29150.0,29161.5,29147.0,29159.25,688
1789069140,29159.25,29164.75,29156.75,29159.25,545
1789069200,29159.25,29166.25,29157.75,29159.25,515
1789069260,29158.75,29163.0,29156.0,29159.25,364
1789069320,29159.5,29165.75,29158.75,29165.75,440
1789069380,29165.5,29169.25,29162.75,29168.0,574
1789069440,29167.5,29168.75,29156.0,29158.0,669
1789069500,29158.0,29166.0,29156.0,29165.25,578
1789069560,29164.5,29165.75,29151.5,29151.5,520
1789069620,29151.25,29158.0,29146.5,29153.75,711
1789069680,29153.5,29155.25,29147.0,29150.25,440
1789069740,29150.0,29161.25,29148.75,29158.75,515
1789069800,29159.75,29168.5,29143.5,29145.0,1691
1789069860,29145.25,29146.75,29135.0,29140.5,1046
1789069920,29140.75,29141.0,29128.75,29129.5,1520
1789069980,29130.0,29138.0,29123.25,29138.0,1370
1789070040,29137.75,29139.75,29125.5,29136.5,2191
1789070100,29136.25,29147.25,29132.25,29138.25,1480
1789070160,29138.75,29141.0,29130.75,29134.25,896
1789070220,29134.25,29140.25,29129.0,29137.0,1016
1789070280,29136.75,29141.0,29133.75,29138.0,1538
1789070340,29138.5,29147.5,29126.0,29138.0,10027
1789070400,29138.25,29148.75,29132.0,29143.25,2688
1789070460,29142.5,29142.5,29131.5,29131.5,545
1789070520,29131.25,29137.75,29130.5,29132.25,461
1789070580,29133.25,29135.25,29131.25,29132.75,180
1789070640,29132.5,29135.75,29130.0,29131.75,248
1789070700,29134.0,29138.25,29123.0,29138.25,455
1789070760,29138.25,29144.75,29137.0,29140.5,245
1789070820,29140.0,29143.5,29135.0,29137.0,262
1789070880,29136.75,29144.0,29136.75,29137.5,203
1789070940,29137.5,29142.5,29136.25,29141.25,127
1789071000,29141.25,29150.75,29134.75,29149.75,531
1789071060,29150.25,29153.0,29146.0,29146.5,356
1789071120,29145.75,29152.25,29145.5,29151.25,276
1789071180,29150.5,29153.0,29148.75,29153.0,183
1789071240,29152.5,29156.75,29151.5,29153.25,341
1789071300,29153.75,29154.25,29145.25,29154.0,265
1789071360,29154.25,29156.0,29149.5,29150.75,111
1789071420,29151.25,29152.25,29149.25,29150.75,60
1789071480,29151.0,29153.5,29149.75,29153.5,118
1789071540,29153.5,29153.75,29149.75,29150.5,158
1789071600,29150.75,29153.25,29150.25,29152.75,146
1789071660,29152.75,29153.5,29150.75,29151.75,102
1789071720,29152.25,29152.75,29149.0,29151.0,66
1789071780,29151.5,29152.0,29149.25,29149.75,116
1789071840,29150.0,29154.0,29150.0,29152.0,150
1789071900,29152.0,29153.0,29151.0,29151.75,84
1789071960,29151.75,29152.5,29150.75,29151.0,122
1789072020,29152.0,29154.5,29148.0,29151.75,243
1789072080,29151.0,29153.0,29151.0,29151.5,60
1789072140,29151.25,29151.25,29142.25,29144.5,135
1789072200,29145.5,29149.0,29145.25,29147.0,112
1789072260,29147.0,29147.0,29144.25,29145.25,58
1789072320,29145.75,29148.75,29145.75,29147.25,125
1789072380,29147.5,29149.0,29146.75,29149.0,70
1789072440,29148.75,29151.5,29146.5,29149.25,138
1789072500,29148.75,29152.0,29147.75,29150.25,48
1789072560,29150.0,29151.25,29146.5,29146.75,25
1789072620,29147.25,29148.5,29147.0,29147.75,33
1789072680,29147.5,29152.75,29147.5,29151.25,66
1789072740,29151.25,29153.0,29150.0,29152.5,166
1789072800,29151.5,29152.75,29149.25,29149.75,110
1789072860,29150.0,29153.0,29149.5,29152.25,37
1789072920,29152.5,29152.75,29149.0,29150.0,41
1789072980,29150.0,29152.25,29149.75,29151.25,39
1789073040,29151.25,29153.0,29150.75,29151.5,47
1789073100,29152.0,29154.5,29150.75,29152.25,164
1789073160,29152.5,29153.0,29150.25,29151.25,83
1789073220,29151.0,29151.5,29144.5,29145.5,138
1789073280,29145.75,29151.25,29145.75,29151.0,67
1789073340,29150.0,29151.0,29148.0,29148.25,27
1789073400,29148.5,29149.25,29146.25,29146.5,42
1789073460,29147.75,29150.0,29147.25,29150.0,52
1789073520,29149.75,29152.0,29148.25,29151.5,56
1789073580,29151.75,29152.75,29151.25,29152.0,39
1789073640,29152.5,29152.75,29151.0,29151.75,68
1789073700,29151.75,29154.0,29151.5,29154.0,100
1789073760,29153.25,29154.5,29150.75,29154.25,115
1789073820,29154.25,29154.25,29148.25,29148.25,54
1789073880,29148.75,29149.75,29128.0,29134.0,207
1789073940,29133.5,29143.25,29132.5,29143.25,135
1789077600,29141.0,29156.75,29139.5,29149.75,0
1789077660,29150.5,29154.75,29145.0,29151.5,116
1789077720,29150.0,29154.5,29141.75,29149.75,181
1789077780,29148.0,29152.5,29144.5,29150.0,70
1789077840,29151.5,29154.75,29145.0,29149.75,100
1789077900,29148.25,29150.75,29146.5,29148.5,47
1789077960,29147.0,29149.0,29142.0,29144.0,56
1789078020,29141.5,29143.0,29134.5,29137.25,138
1789078080,29137.0,29145.0,29136.0,29144.75,119
1789078140,29144.5,29146.75,29142.25,29144.25,22
1789078200,29144.0,29151.75,29141.5,29150.5,127
1789078260,29151.0,29151.25,29146.25,29147.25,35
1789078320,29148.5,29149.5,29144.25,29144.25,24
1789078380,29143.75,29146.0,29139.5,29145.5,69
1789078440,29146.0,29146.0,29142.25,29143.25,41
1789078500,29144.5,29146.0,29142.25,29143.25,41
1789078560,29143.25,29147.25,29142.0,29143.0,82
1789078620,29141.5,29144.75,29141.0,29144.0,30
1789078680,29143.25,29149.25,29142.25,29148.25,82
1789078740,29147.25,29152.0,29147.0,29148.75,61
1789078800,29148.25,29151.75,29147.5,29151.0,53
1789078860,29151.75,29157.5,29150.5,29155.5,123
1789078920,29155.75,29156.25,29149.75,29152.0,83
1789078980,29151.75,29152.75,29148.0,29148.75,44
1789079040,29148.5,29149.25,29137.75,29140.75,167
1789079100,29141.25,29143.5,29137.75,29139.25,61
1789079160,29138.0,29138.0,29128.75,29129.5,180
1789079220,29130.25,29130.25,29123.0,29125.25,137
1789079280,29124.5,29129.0,29123.5,29125.5,96
1789079340,29126.25,29126.25,29117.25,29118.0,155
1789079400,29117.25,29122.75,29117.25,29120.5,92
1789079460,29120.75,29122.75,29118.5,29118.5,75
1789079520,29117.5,29119.0,29113.0,29118.0,123
1789079580,29118.25,29118.25,29115.25,29117.5,133
1789079640,29117.5,29122.25,29114.5,29115.25,133
1789079700,29115.5,29119.5,29114.75,29116.5,60
1789079760,29116.75,29119.25,29112.75,29112.75,49
1789079820,29112.25,29116.75,29112.0,29115.5,71
1789079880,29115.0,29116.25,29112.75,29113.75,23
1789079940,29113.25,29115.0,29107.75,29109.25,136
1789080000,29109.75,29111.5,29106.0,29108.0,140
1789080060,29107.25,29109.0,29104.25,29108.5,88
1789080120,29109.0,29112.25,29105.75,29108.5,91
1789080180,29108.0,29108.75,29104.5,29106.5,75
1789080240,29107.25,29107.25,29105.0,29105.5,28
1789080300,29105.75,29106.5,29103.25,29104.75,51
1789080360,29105.25,29105.75,29100.5,29102.5,64
1789080420,29101.75,29109.0,29098.75,29106.5,140
1789080480,29106.25,29114.0,29105.0,29111.75,102
1789080540,29111.75,29116.25,29111.25,29114.0,142
1789080600,29114.25,29115.5,29112.0,29113.5,57
1789080660,29113.25,29114.0,29112.25,29112.25,39
1789080720,29111.75,29114.0,29109.0,29110.5,65
1789080780,29112.25,29113.0,29105.75,29107.75,69
1789080840,29106.75,29107.25,29102.25,29104.0,136
1789080900,29105.25,29108.25,29104.0,29106.5,79
1789080960,29108.5,29111.0,29105.75,29105.75,47
1789081020,29105.5,29105.5,29104.25,29104.5,25
1789081080,29105.75,29109.75,29105.75,29109.5,59
1789081140,29108.25,29108.75,29105.75,29107.5,22
1789081200,29106.25,29111.25,29106.0,29111.0,73
1789081260,29111.25,29113.25,29109.75,29113.25,39
1789081320,29113.0,29115.0,29110.0,29110.5,58
1789081380,29111.0,29111.0,29100.0,29102.25,112
1789081440,29102.25,29105.5,29102.0,29105.5,62
1789081500,29105.0,29110.75,29104.5,29104.75,68
1789081560,29108.25,29110.0,29107.0,29109.0,33
1789081620,29109.5,29109.5,29103.5,29105.5,50
1789081680,29106.25,29106.75,29103.0,29104.75,26
1789081740,29106.0,29109.5,29105.25,29109.5,44
1789081800,29109.0,29109.0,29105.25,29105.5,22
1789081860,29106.0,29107.75,29105.5,29106.25,16
1789081920,29106.0,29109.0,29105.25,29105.75,57
1789081980,29105.5,29107.25,29104.0,29107.25,41
1789082040,29108.0,29111.25,29107.0,29109.5,74
1789082100,29110.25,29111.25,29106.5,29108.25,53
1789082160,29109.0,29109.0,29107.0,29108.0,10
1789082220,29109.25,29111.25,29107.75,29110.5,27
1789082280,29110.25,29111.5,29107.0,29107.75,32
1789082340,29109.0,29109.25,29106.5,29107.5,29
1789082400,29108.25,29110.0,29107.5,29109.5,31
1789082460,29108.75,29110.5,29104.0,29104.0,26
1789082520,29105.25,29106.0,29102.25,29103.0,51
1789082580,29103.25,29104.25,29102.0,29104.25,15
1789082640,29103.25,29103.25,29096.75,29098.75,109
1789082700,29099.25,29103.25,29099.0,29102.75,56
1789082760,29102.0,29110.25,29102.0,29106.75,60
1789082820,29108.0,29109.0,29103.5,29106.25,51
1789082880,29105.75,29106.0,29101.5,29103.0,33
1789082940,29103.25,29105.25,29102.75,29102.75,27
1789083000,29103.0,29107.25,29103.0,29105.75,36
1789083060,29106.75,29107.0,29104.75,29105.0,18
1789083120,29104.25,29108.75,29104.0,29108.75,22
1789083180,29108.5,29111.5,29108.5,29110.75,50
1789083240,29110.75,29110.75,29103.75,29106.5,41
1789083300,29106.5,29106.5,29101.0,29103.0,27
1789083360,29103.0,29108.25,29102.75,29105.75,66
1789083420,29105.0,29105.0,29101.5,29101.5,18
1789083480,29102.5,29105.5,29102.5,29105.0,39
1789083540,29105.25,29107.0,29103.75,29103.75,8
1789083600,29104.25,29104.5,29101.25,29102.25,18
1789083660,29104.0,29104.25,29097.75,29099.75,69
1789083720,29100.0,29106.5,29099.25,29106.5,198
1789083780,29105.75,29105.75,29099.5,29101.25,89
1789083840,29102.5,29107.25,29102.5,29106.75,56
1789083900,29105.75,29106.5,29102.25,29105.25,55
1789083960,29103.5,29107.0,29102.0,29106.0,60
1789084020,29103.25,29103.25,29097.0,29099.0,94
1789084080,29099.0,29102.5,29097.0,29101.0,81
1789084140,29101.5,29102.75,29099.0,29099.25,37
1789084200,29100.0,29100.75,29091.5,29095.5,198
1789084260,29095.25,29095.5,29090.5,29091.5,129
1789084320,29092.75,29093.75,29090.5,29092.0,80
1789084380,29093.25,29094.75,29086.0,29087.75,143
1789084440,29088.25,29088.5,29077.75,29080.25,298
1789084500,29080.5,29081.0,29068.25,29068.75,338
1789084560,29069.5,29070.75,29066.5,29068.5,224
1789084620,29068.25,29070.25,29064.5,29066.0,153
1789084680,29066.25,29068.5,29064.5,29066.0,65
1789084740,29065.5,29066.5,29062.5,29064.75,132
1789084800,29065.0,29088.5,29063.25,29084.0,527
1789084860,29085.0,29090.25,29076.5,29085.25,274
1789084920,29085.5,29099.5,29079.25,29095.25,403
1789084980,29096.0,29102.0,29093.0,29098.5,143
1789085040,29099.25,29099.75,29090.25,29093.5,123
1789085100,29093.25,29100.0,29091.75,29094.75,157
1789085160,29095.0,29116.75,29093.75,29116.75,393
1789085220,29118.5,29123.75,29115.25,29123.75,337
1789085280,29123.75,29127.75,29116.0,29116.0,229
1789085340,29116.25,29119.25,29107.25,29111.0,310
1789085400,29110.5,29114.25,29107.75,29107.75,170
1789085460,29107.0,29111.5,29106.5,29106.75,118
1789085520,29108.0,29121.75,29106.75,29117.5,182
1789085580,29117.75,29118.25,29110.75,29110.75,63
1789085640,29110.5,29111.75,29106.75,29108.5,87
1789085700,29109.75,29116.25,29106.75,29110.25,119
1789085760,29109.0,29118.0,29107.0,29112.25,106
1789085820,29113.0,29117.0,29112.25,29116.25,74
1789085880,29115.5,29116.75,29103.25,29108.0,126
1789085940,29107.25,29109.75,29104.0,29106.75,100
1789086000,29107.0,29107.0,29095.0,29096.25,290
1789086060,29097.0,29105.5,29096.25,29100.0,123
1789086120,29099.25,29107.0,29099.25,29104.5,59
1789086180,29103.25,29129.0,29102.75,29127.75,351
1789086240,29126.0,29126.75,29120.0,29121.25,152
1789086300,29120.75,29124.25,29115.25,29121.75,128
1789086360,29120.5,29133.75,29118.0,29133.5,180
1789086420,29132.75,29144.25,29132.25,29138.0,292
1789086480,29138.25,29140.25,29132.75,29139.0,132
1789086540,29138.5,29144.75,29135.5,29138.5,109
1789086600,29138.25,29143.0,29132.75,29134.0,180
1789086660,29133.5,29133.5,29120.75,29126.75,236
1789086720,29126.25,29128.25,29120.5,29122.5,111
1789086780,29122.25,29124.0,29118.0,29122.75,55
1789086840,29123.5,29130.5,29121.25,29128.25,73
1789086900,29127.5,29140.0,29126.0,29140.0,160
1789086960,29139.0,29147.25,29137.0,29144.0,263
1789087020,29144.5,29154.0,29144.25,29154.0,266
1789087080,29152.75,29166.25,29151.25,29164.75,344
1789087140,29164.25,29165.25,29147.75,29149.5,323
1789087200,29149.5,29152.5,29146.0,29146.5,137
1789087260,29146.75,29146.75,29128.5,29129.25,230
1789087320,29129.5,29136.25,29119.0,29121.25,470
1789087380,29120.75,29125.75,29118.75,29123.0,199
1789087440,29124.25,29128.25,29122.75,29123.75,55
1789087500,29124.5,29135.25,29123.5,29132.0,138
1789087560,29132.75,29136.0,29130.0,29133.5,70
1789087620,29132.0,29136.75,29127.75,29136.75,92
1789087680,29135.5,29138.0,29131.75,29133.25,61
1789087740,29133.75,29139.25,29131.75,29135.0,66
1789087800,29138.5,29149.5,29136.5,29146.75,90
1789087860,29145.75,29149.0,29139.25,29142.5,109
1789087920,29142.0,29147.0,29141.75,29146.25,53
1789087980,29146.0,29152.0,29145.0,29151.75,62
1789088040,29151.5,29154.0,29149.75,29150.0,96
1789088100,29150.75,29152.5,29147.5,29148.75,77
1789088160,29149.75,29155.5,29149.0,29154.25,101
1789088220,29154.25,29156.0,29152.25,29152.75,60
1789088280,29154.75,29160.0,29153.0,29158.0,76
1789088340,29159.0,29163.5,29159.0,29161.0,157
1789088400,29159.75,29163.0,29154.5,29158.75,197
1789088460,29157.5,29160.75,29153.5,29156.75,118
1789088520,29156.75,29165.75,29155.75,29165.0,122
1789088580,29163.75,29171.5,29163.0,29168.5,256
1789088640,29167.25,29167.25,29160.0,29164.25,161
1789088700,29163.0,29163.0,29156.75,29158.25,102
1789088760,29157.5,29159.0,29154.75,29155.25,88
1789088820,29154.5,29158.25,29149.25,29153.0,266
1789088880,29153.5,29154.0,29148.25,29151.75,86
1789088940,29151.25,29161.0,29150.75,29157.5,115
1789089000,29156.0,29157.75,29152.25,29156.0,88
1789089060,29156.25,29160.0,29154.25,29159.5,73
1789089120,29159.5,29162.25,29155.25,29160.0,65
1789089180,29159.75,29165.25,29156.0,29157.5,109
1789089240,29155.5,29155.75,29146.5,29148.25,137
1789089300,29149.5,29150.0,29143.0,29146.5,135
1789089360,29146.25,29147.75,29139.0,29144.25,169
1789089420,29145.0,29147.75,29141.0,29142.5,78
1789089480,29142.25,29147.5,29141.0,29141.5,51
1789089540,29141.5,29144.5,29139.5,29141.5,78
1789089600,29142.0,29143.0,29139.25,29139.75,77
1789089660,29140.0,29140.25,29128.0,29129.5,243
1789089720,29129.25,29130.25,29125.0,29130.25,118
1789089780,29131.25,29131.75,29124.75,29129.5,73
1789089840,29129.0,29133.5,29127.5,29130.25,82
1789089900,29130.75,29137.0,29127.75,29134.5,126
1789089960,29134.0,29135.75,29130.25,29134.5,108
1789090020,29134.25,29136.5,29128.25,29136.25,105
1789090080,29136.75,29139.75,29133.75,29136.5,91
1789090140,29137.75,29139.75,29125.0,29125.5,153
1789090200,29126.5,29130.5,29122.75,29129.75,163
1789090260,29128.0,29133.75,29127.5,29132.5,81
1789090320,29132.0,29134.0,29129.5,29131.0,105
1789090380,29133.0,29137.5,29127.25,29129.25,91
1789090440,29129.25,29131.0,29124.25,29127.25,112
1789090500,29127.75,29138.25,29127.75,29137.5,98
1789090560,29137.0,29138.25,29124.0,29125.25,115
1789090620,29125.5,29129.0,29123.75,29124.5,83
1789090680,29125.75,29130.0,29120.25,29121.0,105
1789090740,29120.25,29122.75,29115.75,29120.75,127
1789090800,29120.25,29120.5,29113.0,29113.0,91
1789090860,29112.25,29114.25,29109.0,29112.25,206
1789090920,29112.75,29115.75,29111.0,29113.25,126
1789090980,29112.5,29117.0,29111.75,29114.75,83
1789091040,29115.75,29120.25,29113.75,29118.5,88
1789091100,29119.75,29119.75,29107.75,29111.0,138
1789091160,29110.25,29111.5,29106.5,29108.75,148
1789091220,29109.75,29109.75,29105.0,29106.75,85
1789091280,29107.75,29114.25,29106.5,29112.75,84
1789091340,29112.25,29114.5,29108.0,29109.75,82
1789091400,29109.0,29111.5,29105.75,29111.5,91
1789091460,29110.75,29111.75,29103.5,29107.5,101
1789091520,29107.5,29115.25,29107.5,29114.25,84
1789091580,29113.0,29113.25,29109.25,29109.5,31
1789091640,29108.75,29112.0,29108.0,29111.0,24
1789091700,29112.0,29115.25,29111.5,29112.75,75
1789091760,29114.0,29117.25,29111.0,29116.0,101
1789091820,29115.75,29122.25,29110.0,29119.5,128
1789091880,29120.25,29122.5,29117.0,29120.75,71
1789091940,29121.0,29130.0,29117.5,29128.75,230
1789092000,29129.5,29138.5,29129.25,29133.75,320
1789092060,29134.0,29135.75,29129.25,29132.25,114
1789092120,29131.75,29132.25,29122.5,29125.25,112
1789092180,29125.5,29129.0,29122.5,29124.25,103
1789092240,29124.0,29130.75,29124.0,29126.75,56
1789092300,29128.0,29136.5,29125.0,29126.0,156
1789092360,29126.25,29129.25,29124.25,29124.5,50
1789092420,29125.0,29127.75,29120.75,29122.25,108
1789092480,29123.0,29132.5,29121.75,29128.0,110
1789092540,29127.75,29128.75,29124.0,29125.25,37
1789092600,29128.0,29131.75,29127.25,29129.75,32
1789092660,29128.75,29130.75,29125.0,29126.75,44
1789092720,29128.75,29129.25,29127.0,29128.0,24
1789092780,29130.0,29135.5,29130.0,29134.5,78
1789092840,29134.0,29134.0,29129.5,29131.75,46
1789092900,29131.25,29132.0,29124.5,29124.75,172
1789092960,29124.75,29130.25,29124.0,29130.25,104
1789093020,29129.0,29129.25,29113.25,29114.75,194
1789093080,29116.0,29118.25,29114.0,29115.75,94
1789093140,29116.75,29120.25,29115.25,29118.5,77
1789093200,29118.5,29126.5,29116.5,29122.75,80
1789093260,29123.75,29126.25,29122.0,29126.25,54
1789093320,29121.0,29124.25,29120.0,29120.0,14
1789093380,29119.25,29119.25,29113.5,29115.75,130
1789093440,29115.75,29116.5,29112.5,29114.25,56
1789093500,29114.25,29115.5,29108.0,29114.25,207
1789093560,29111.75,29115.75,29100.0,29106.75,253
1789093620,29106.5,29107.75,29098.5,29106.0,197
1789093680,29106.0,29108.75,29103.5,29103.75,124
1789093740,29103.0,29108.0,29102.75,29107.25,85
1789093800,29107.25,29109.25,29101.5,29102.0,119
1789093860,29103.0,29105.25,29092.5,29093.25,235
1789093920,29093.5,29094.0,29082.5,29084.0,368
1789093980,29084.25,29088.5,29084.25,29086.25,101
1789094040,29086.0,29090.0,29083.75,29089.0,61
1789094100,29088.25,29092.25,29087.75,29090.75,76
1789094160,29090.25,29094.75,29090.25,29092.5,66
1789094220,29093.5,29099.75,29090.75,29092.75,153
1789094280,29091.75,29098.0,29089.75,29098.0,61
1789094340,29097.75,29106.5,29097.0,29103.0,126
1789094400,29101.75,29106.5,29100.5,29105.25,76
1789094460,29105.0,29106.25,29099.5,29100.25,68
1789094520,29102.25,29102.25,29094.25,29096.25,80
1789094580,29095.0,29095.5,29082.25,29085.75,151
1789094640,29086.25,29088.0,29084.75,29086.5,54
1789094700,29086.25,29097.5,29083.75,29084.0,202
1789094760,29083.5,29091.5,29083.5,29090.25,91
1789094820,29089.0,29097.25,29086.0,29094.5,68
1789094880,29094.75,29105.5,29091.0,29105.5,127
1789094940,29105.5,29109.75,29105.25,29108.25,179
1789095000,29108.25,29111.5,29107.25,29108.5,100
1789095060,29109.25,29111.25,29104.5,29107.0,70
1789095120,29106.25,29106.75,29098.0,29099.5,102
1789095180,29099.0,29102.25,29093.75,29093.75,45
1789095240,29093.0,29095.0,29087.75,29088.5,105
1789095300,29088.75,29089.75,29083.25,29089.75,116
1789095360,29090.0,29094.0,29088.0,29090.75,71
1789095420,29092.0,29094.5,29088.25,29092.5,68
1789095480,29091.75,29092.5,29090.0,29090.0,20
1789095540,29091.0,29095.25,29090.75,29093.25,32
1789095600,29092.0,29093.75,29081.75,29091.25,191
1789095660,29088.75,29094.0,29088.0,29092.25,84
1789095720,29093.25,29096.25,29092.75,29095.25,73
1789095780,29095.0,29096.75,29093.75,29096.25,34
1789095840,29094.75,29096.25,29085.75,29086.25,65
1789095900,29086.0,29087.5,29078.5,29080.0,235
1789095960,29079.0,29082.0,29076.75,29080.25,51
1789096020,29079.75,29080.0,29075.75,29075.75,85
1789096080,29076.0,29079.75,29075.5,29078.25,62
1789096140,29079.0,29081.75,29077.5,29077.5,54
1789096200,29077.75,29081.0,29074.25,29076.25,91
1789096260,29075.25,29076.75,29065.5,29066.5,175
1789096320,29067.0,29069.25,29061.75,29066.5,284
1789096380,29065.75,29067.5,29063.75,29066.5,88
1789096440,29067.0,29078.75,29067.0,29076.0,132
1789096500,29076.75,29080.0,29075.25,29079.0,65
1789096560,29079.5,29084.0,29078.75,29080.0,82
1789096620,29079.75,29081.5,29073.0,29078.25,73
1789096680,29076.75,29082.0,29076.5,29082.0,28
1789096740,29082.25,29082.25,29078.75,29080.25,33
1789096800,29080.0,29082.5,29079.0,29081.5,36
1789096860,29078.75,29078.75,29064.25,29066.25,178
1789096920,29066.75,29068.75,29063.25,29063.75,111
1789096980,29063.75,29068.25,29062.75,29066.0,155
1789097040,29065.0,29068.75,29065.0,29066.75,23
1789097100,29067.0,29071.75,29066.5,29070.25,64
1789097160,29071.25,29075.25,29068.25,29072.25,115
1789097220,29072.5,29077.75,29071.0,29075.0,47
1789097280,29077.5,29081.25,29072.5,29074.75,113
1789097340,29074.5,29077.0,29071.25,29071.25,44
1789097400,29071.5,29072.0,29063.0,29065.0,174
1789097460,29064.25,29066.25,29057.5,29061.75,267
1789097520,29059.75,29062.0,29052.0,29055.0,210
1789097580,29055.0,29055.25,29048.5,29055.0,216
1789097640,29052.25,29060.0,29050.0,29059.0,113
1789097700,29059.75,29061.25,29057.0,29057.5,79
1789097760,29057.5,29069.5,29057.5,29068.75,183
1789097820,29069.5,29074.25,29066.75,29068.5,106
1789097880,29067.75,29072.25,29065.5,29066.5,119
1789097940,29067.75,29070.25,29062.0,29063.0,50
1789098000,29061.5,29072.75,29060.0,29070.25,98
1789098060,29068.75,29080.0,29068.75,29075.25,173
1789098120,29076.25,29089.25,29076.25,29087.0,240
1789098180,29085.0,29089.5,29083.5,29084.75,109
1789098240,29086.5,29087.25,29082.0,29085.5,77
1789098300,29086.5,29088.25,29073.75,29076.25,118
1789098360,29075.75,29077.25,29070.0,29072.25,143
1789098420,29072.5,29074.25,29062.0,29063.75,186
1789098480,29064.25,29067.75,29058.5,29060.0,151
1789098540,29060.0,29060.75,29054.0,29057.0,95
1789098600,29056.75,29056.75,29052.25,29055.75,100
1789098660,29056.0,29056.5,29050.75,29054.0,124
1789098720,29052.5,29056.25,29051.25,29055.0,75
1789098780,29054.25,29068.25,29054.25,29066.0,163
1789098840,29066.0,29066.0,29057.25,29063.0,63
1789098900,29063.0,29065.0,29061.25,29064.25,69
1789098960,29063.5,29071.25,29062.5,29068.0,90
1789099020,29067.5,29067.75,29061.0,29064.5,73
1789099080,29065.25,29071.0,29063.75,29070.0,59
1789099740,29082.25,29083.5,29076.0,29076.0,136
1789099800,29077.25,29087.5,29076.25,29078.0,125
1789099860,29075.0,29075.5,29055.25,29057.0,285
1789099920,29057.0,29066.5,29055.25,29062.0,136
1789099980,29062.75,29087.25,29062.75,29085.5,271
1789100040,29084.75,29094.75,29083.0,29093.25,337
1789100100,29093.75,29093.75,29085.25,29090.75,129
1789100160,29090.0,29090.0,29083.0,29084.0,98
1789100220,29083.5,29083.5,29077.0,29077.0,147
1789100280,29077.0,29083.75,29075.75,29078.25,89
1789100340,29077.75,29084.0,29077.75,29082.25,95
1789100400,29080.5,29094.75,29080.0,29094.75,130
1789100460,29095.0,29100.0,29090.0,29093.75,174
1789100520,29091.75,29095.0,29084.75,29085.75,78
1789100580,29086.75,29095.25,29086.75,29092.0,100
1789100640,29092.25,29108.5,29091.75,29107.5,205
1789100700,29107.75,29120.25,29107.5,29116.25,241
1789100760,29115.75,29120.25,29112.75,29119.5,84
1789100820,29120.5,29126.5,29118.5,29122.0,178
1789100880,29121.75,29124.5,29120.5,29123.25,76
1789100940,29123.25,29125.0,29120.75,29123.75,66
1789101000,29124.25,29128.0,29122.0,29127.25,156
1789101060,29126.5,29131.75,29125.5,29128.75,136
1789101120,29129.0,29130.75,29123.75,29124.75,90
1789101180,29124.75,29125.0,29120.0,29123.25,84
1789101240,29124.5,29124.5,29119.5,29120.0,38
1789101300,29118.5,29127.0,29116.75,29123.0,117
1789101360,29122.5,29129.5,29122.0,29128.5,63
1789101420,29128.0,29130.25,29124.0,29128.75,77
1789101480,29127.5,29130.25,29126.5,29128.0,68
1789101540,29128.25,29130.0,29124.25,29127.0,56
1789101600,29125.75,29136.25,29125.25,29127.0,162
1789101660,29126.5,29130.75,29125.75,29130.25,51
1789101720,29129.0,29136.0,29128.75,29134.0,58
1789101780,29133.5,29138.75,29129.75,29137.0,114
1789101840,29138.5,29140.25,29133.75,29137.0,133
1789101900,29137.75,29140.0,29133.25,29133.5,50
1789101960,29134.5,29140.0,29134.5,29138.0,235
1789102020,29138.25,29140.0,29133.5,29133.5,41
1789102080,29132.25,29136.75,29132.0,29136.25,56
1789102140,29135.75,29143.0,29131.25,29140.5,142
1789102200,29139.75,29144.0,29136.75,29143.5,65
1789102260,29142.0,29151.5,29140.75,29148.5,228
1789102320,29146.75,29146.75,29138.25,29140.75,114
1789102380,29140.0,29140.5,29133.0,29134.75,115
1789102440,29134.5,29137.0,29133.0,29137.0,39
1789102500,29136.0,29141.0,29136.0,29139.75,92
1789102560,29138.25,29138.5,29135.0,29136.25,40
1789102620,29137.0,29139.5,29136.0,29137.0,20
1789102680,29137.0,29137.0,29130.0,29131.75,107
1789102740,29132.25,29133.25,29120.75,29125.0,140
1789102800,29124.5,29129.75,29121.25,29126.75,147
1789102860,29126.25,29129.0,29124.5,29128.5,77
1789102920,29129.25,29129.25,29124.75,29127.75,42
1789102980,29128.25,29128.25,29121.25,29122.0,100
1789103040,29121.75,29125.75,29120.75,29123.5,71
1789103100,29124.0,29142.25,29119.5,29138.25,266
1789103160,29137.25,29141.25,29134.75,29139.25,104
1789103220,29138.75,29145.75,29138.75,29139.75,119
1789103280,29139.75,29142.25,29132.25,29136.25,120
1789103340,29139.0,29142.5,29136.25,29142.5,33
1789103400,29142.0,29148.5,29139.25,29140.5,138
1789103460,29143.0,29154.5,29139.75,29152.25,215
1789103520,29150.0,29151.25,29145.0,29147.5,99
1789103580,29146.5,29146.75,29139.25,29144.5,118
1789103640,29142.0,29161.25,29142.0,29158.25,181
1789103700,29159.0,29165.0,29154.0,29154.0,164
1789103760,29153.25,29155.5,29148.25,29151.25,129
1789103820,29151.25,29151.25,29146.5,29147.25,40
1789103880,29148.0,29158.0,29145.75,29152.5,79
1789103940,29154.0,29156.25,29148.25,29148.25,80
1789104000,29149.5,29151.5,29143.25,29145.75,50
1789104060,29145.0,29145.0,29136.75,29140.0,135
1789104120,29139.5,29150.0,29139.5,29149.0,61
1789104180,29148.0,29154.5,29147.5,29149.75,116
1789104240,29149.0,29150.25,29147.0,29147.0,44
1789104300,29147.5,29147.5,29139.75,29141.25,59
1789104360,29140.25,29142.5,29137.25,29141.0,75
1789104420,29141.25,29141.25,29138.25,29138.5,46
1789104480,29137.5,29140.75,29137.5,29138.75,17
1789104540,29139.0,29140.0,29130.0,29134.0,176
1789104600,29134.0,29150.5,29133.75,29146.75,197
1789104660,29147.25,29152.25,29144.75,29148.5,236
1789104720,29148.25,29152.5,29147.25,29150.75,61
1789104780,29151.5,29158.5,29149.75,29157.75,73
1789104840,29157.75,29160.75,29155.0,29156.0,101
1789104900,29156.5,29163.25,29156.25,29161.5,59
1789104960,29161.5,29166.75,29159.0,29163.25,148
1789105020,29164.5,29168.0,29161.25,29161.25,119
1789105080,29162.25,29168.25,29162.0,29164.75,59
1789105140,29165.0,29174.0,29163.0,29173.25,165
1789105200,29172.0,29176.25,29168.5,29173.75,262
1789105260,29174.0,29175.25,29168.75,29173.0,84
1789105320,29173.0,29177.0,29170.75,29175.75,68
1789105380,29175.75,29188.0,29175.75,29185.5,302
1789105440,29185.5,29195.25,29184.5,29191.0,148
1789105500,29191.0,29192.5,29176.5,29180.0,194
1789105560,29181.0,29197.0,29181.0,29195.0,145
1789105620,29195.75,29200.0,29193.0,29195.0,110
1789105680,29196.75,29197.75,29192.75,29195.75,115
1789105740,29196.75,29200.75,29192.0,29200.75,129
1789105800,29199.5,29199.5,29192.0,29194.25,110
1789105860,29194.5,29200.75,29194.0,29199.25,82
1789105920,29198.5,29208.5,29198.5,29204.25,190
1789105980,29205.25,29223.0,29203.0,29219.0,443
1789106040,29221.25,29228.5,29219.5,29221.75,227
1789106100,29222.0,29230.75,29221.25,29230.5,167
1789106160,29231.0,29237.0,29230.25,29230.25,313
1789106220,29231.5,29236.5,29225.25,29236.25,208
1789106280,29236.5,29242.75,29231.0,29232.0,323
1789106340,29232.0,29236.25,29229.0,29233.25,171
1789106400,29233.0,29233.0,29223.0,29228.25,262
1789106460,29229.25,29235.25,29227.5,29230.0,105
1789106520,29231.75,29237.25,29230.5,29235.0,110
1789106580,29234.5,29236.25,29228.0,29232.0,106
1789106640,29232.5,29232.5,29221.0,29221.75,132
1789106700,29222.75,29222.75,29216.0,29219.0,204
1789106760,29219.5,29232.75,29219.5,29229.5,157
1789106820,29229.0,29244.75,29227.75,29244.75,189
1789106880,29245.0,29245.75,29236.5,29237.75,201
1789106940,29237.5,29238.5,29232.75,29234.25,101
1789107000,29234.25,29235.0,29232.0,29233.0,99
1789107060,29233.25,29238.5,29231.75,29234.5,139
1789107120,29235.0,29235.0,29227.25,29228.25,64
1789107180,29227.0,29239.25,29225.25,29236.25,91
1789107240,29236.5,29248.5,29232.25,29244.25,344
1789107300,29245.0,29248.75,29243.25,29247.5,176
1789107360,29246.5,29250.0,29242.25,29245.5,162
1789107420,29246.75,29252.0,29239.0,29243.5,188
1789107480,29242.75,29244.5,29233.5,29233.5,214
1789107540,29233.0,29235.5,29225.0,29235.0,145
1789107600,29236.0,29237.25,29232.5,29237.0,59
1789107660,29236.25,29236.25,29228.75,29228.75,62
1789107720,29229.0,29231.75,29224.0,29227.75,128
1789107780,29228.0,29228.25,29225.0,29226.5,47
1789107840,29225.75,29230.25,29225.0,29230.25,63
1789107900,29231.25,29231.25,29222.5,29227.5,103
1789107960,29228.5,29230.0,29226.75,29229.25,37
1789108020,29230.25,29230.75,29223.25,29224.0,80
1789108080,29223.0,29226.75,29222.25,29225.5,71
1789108140,29225.0,29226.75,29222.5,29224.5,124
1789108200,29225.25,29230.0,29223.75,29227.0,108
1789108260,29228.0,29231.25,29224.5,29229.25,65
1789108320,29228.25,29235.75,29224.5,29225.0,147
1789108380,29226.0,29227.5,29216.5,29224.0,313
1789108440,29220.75,29223.0,29215.5,29219.25,251
1789108500,29219.5,29229.25,29219.5,29226.5,184
1789108560,29225.75,29232.0,29224.0,29230.5,87
1789108620,29231.0,29236.25,29228.0,29231.5,71
1789108680,29231.5,29235.75,29231.25,29234.75,27
1789108740,29236.0,29239.0,29232.75,29234.5,53
1789108800,29234.5,29234.5,29229.0,29229.75,67
1789108860,29229.5,29229.5,29225.0,29226.75,82
1789108920,29227.0,29227.25,29221.75,29222.0,44
1789108980,29221.75,29222.25,29219.25,29219.5,57
1789109040,29218.5,29229.5,29218.25,29228.5,115
1789109100,29228.5,29238.25,29228.5,29236.25,244
1789109160,29236.0,29240.75,29235.0,29237.25,58
1789109220,29240.0,29257.5,29239.75,29254.75,241
1789109280,29255.25,29261.5,29254.25,29260.25,241
1789109340,29259.75,29259.75,29252.5,29252.5,85
1789109400,29252.75,29255.25,29247.0,29253.75,84
1789109460,29251.75,29252.75,29246.0,29250.0,127
1789109520,29250.75,29257.0,29247.5,29251.5,66
1789109580,29251.75,29254.25,29247.5,29251.25,51
1789109640,29249.0,29250.25,29244.0,29249.25,76
1789109700,29249.25,29250.5,29246.5,29250.25,59
1789109760,29248.75,29251.0,29247.0,29248.0,75
1789109820,29248.5,29256.0,29248.5,29253.75,83
1789109880,29253.5,29254.25,29251.75,29252.75,47
1789109940,29253.5,29259.5,29253.5,29255.0,148
1789110000,29254.25,29260.75,29249.25,29259.25,167
1789110060,29259.5,29263.5,29256.75,29260.25,116
1789110120,29259.75,29262.5,29254.75,29257.75,77
1789110180,29257.75,29258.5,29253.25,29256.75,69
1789110240,29257.25,29266.5,29252.5,29266.5,123
1789110300,29266.0,29267.25,29257.75,29260.5,90
1789110360,29261.75,29262.75,29258.0,29259.0,89
1789110420,29259.75,29268.75,29258.0,29265.75,103
1789110480,29264.5,29265.75,29258.75,29258.75,72
1789110540,29260.0,29261.5,29252.5,29257.5,168
1789110600,29259.0,29266.25,29258.0,29262.25,135
1789110660,29264.0,29265.5,29254.75,29259.25,151
1789110720,29258.0,29262.5,29256.75,29262.5,76
1789110780,29262.25,29265.25,29254.0,29254.0,93
1789110840,29253.5,29257.5,29250.0,29257.0,139
1789110900,29258.75,29260.0,29248.5,29254.25,118
1789110960,29254.75,29259.0,29250.75,29256.75,66
1789111020,29257.5,29262.5,29257.25,29262.5,73
1789111080,29263.0,29264.0,29256.0,29258.75,69
1789111140,29259.75,29261.25,29252.5,29256.75,84
1789111200,29255.0,29262.5,29255.0,29260.0,78
1789111260,29260.0,29262.5,29257.5,29257.75,48
1789111320,29256.75,29260.25,29247.5,29247.5,90
1789111380,29246.75,29258.25,29245.0,29257.5,122
1789111440,29258.0,29259.5,29251.0,29254.25,83
1789111500,29253.75,29254.0,29246.75,29249.0,66
1789111560,29249.0,29249.0,29240.5,29243.0,136
1789111620,29243.25,29251.0,29241.75,29247.75,84
1789111680,29248.75,29248.75,29243.25,29246.0,58
1789111740,29246.25,29246.25,29235.75,29235.75,151
1789111800,29235.75,29245.25,29235.5,29245.0,86
1789111860,29246.25,29247.5,29238.5,29239.0,109
1789111920,29239.25,29240.25,29235.0,29240.25,45
1789111980,29239.25,29239.25,29232.25,29236.25,58
1789112040,29237.0,29238.25,29229.0,29230.0,112
1789112100,29230.5,29236.75,29229.75,29231.25,86
1789112160,29233.0,29234.75,29231.0,29233.25,108
1789112220,29234.5,29239.75,29234.0,29238.25,117
1789112280,29238.75,29241.75,29234.5,29237.25,154
1789112340,29236.25,29236.5,29233.5,29236.5,42
1789112400,29235.5,29238.75,29234.5,29235.0,58
1789112460,29233.25,29242.0,29229.5,29241.75,74
1789112520,29240.5,29243.25,29238.75,29238.75,33
1789112580,29238.5,29242.0,29237.0,29240.5,52
1789112640,29240.0,29240.25,29234.5,29235.25,24
1789112700,29235.25,29235.25,29231.5,29233.25,32
1789112760,29234.0,29239.25,29229.5,29235.25,96
1789112820,29236.5,29238.75,29233.75,29237.25,87
1789112880,29237.25,29238.5,29235.75,29238.0,73
1789112940,29237.75,29238.0,29225.0,29231.5,245
1789113000,29231.0,29235.0,29229.0,29232.25,64
1789113060,29232.5,29235.0,29230.5,29231.5,82
1789113120,29230.0,29241.0,29230.0,29241.0,63
1789113180,29238.5,29240.25,29236.5,29239.75,40
1789113240,29239.0,29240.25,29236.5,29238.75,41
1789113300,29239.0,29242.5,29237.0,29239.75,32
1789113360,29239.25,29245.75,29239.25,29242.5,102
1789113420,29241.25,29242.75,29239.0,29242.75,24
1789113480,29243.25,29244.0,29240.75,29243.25,43
1789113540,29242.5,29242.75,29239.25,29242.5,27
1789113600,29242.5,29258.25,29242.5,29254.5,323
1789113660,29255.25,29266.0,29247.5,29265.5,173
1789113720,29263.5,29272.0,29247.5,29247.5,288
1789113780,29247.75,29257.0,29244.75,29245.25,184
1789113840,29245.0,29248.5,29240.0,29245.25,121
1789113900,29246.0,29246.0,29237.0,29241.5,86
1789113960,29242.0,29245.75,29238.75,29245.75,78
1789114020,29244.5,29245.5,29242.0,29242.0,91
1789114080,29241.0,29246.25,29235.5,29235.5,52
1789114140,29236.25,29237.0,29227.0,29231.0,119
1789114200,29233.0,29243.75,29232.25,29243.75,118
1789114260,29242.75,29249.5,29224.5,29230.5,601
1789114320,29229.75,29236.0,29229.75,29231.5,144
1789114380,29232.25,29249.25,29231.75,29248.75,126
1789114440,29249.25,29256.0,29242.0,29244.75,154
1789114500,29245.0,29246.25,29241.75,29243.5,65
1789114560,29243.5,29253.25,29239.25,29252.0,98
1789114620,29252.5,29263.75,29252.0,29260.0,165
1789114680,29260.0,29267.25,29259.5,29262.25,163
1789114740,29262.25,29262.5,29253.25,29255.0,79
1789114800,29254.75,29258.0,29253.0,29256.25,83
1789114860,29257.0,29258.0,29251.0,29258.0,46
1789114920,29256.0,29259.75,29252.5,29255.75,40
1789114980,29256.75,29263.25,29254.25,29262.25,121
1789115040,29262.5,29318.0,29261.0,29285.75,1781
1789115100,29286.5,29290.5,29279.0,29285.25,277
1789115160,29283.75,29283.75,29273.0,29275.75,186
1789115220,29276.25,29276.75,29267.0,29273.75,205
1789115280,29272.5,29274.0,29266.0,29268.25,168
1789115340,29268.0,29274.0,29264.25,29269.75,91
1789115400,29271.0,29298.0,29270.75,29296.0,266
1789115460,29295.25,29309.25,29295.25,29307.25,270
1789115520,29307.0,29313.75,29304.75,29309.5,137
1789115580,29308.5,29309.75,29304.75,29306.0,89
1789115640,29306.0,29307.25,29302.0,29304.0,54
1789115700,29307.0,29307.5,29295.25,29299.75,83
1789115760,29299.25,29303.5,29296.5,29302.5,84
1789115820,29302.75,29302.75,29298.75,29299.25,54
1789115880,29300.25,29303.75,29299.5,29301.75,39
1789115940,29301.5,29305.5,29291.0,29293.5,229
1789116000,29293.5,29298.0,29292.0,29296.25,129
1789116060,29298.0,29298.0,29294.5,29298.0,67
1789116120,29298.25,29300.25,29294.25,29300.25,46
1789116180,29299.25,29300.0,29295.25,29297.25,37
1789116240,29296.75,29297.25,29288.25,29289.75,74
1789116300,29291.5,29299.25,29287.0,29295.75,91
1789116360,29293.5,29306.25,29293.5,29302.75,158
1789116420,29302.25,29305.25,29295.25,29299.5,84
1789116480,29298.75,29308.25,29298.75,29301.75,105
1789116540,29304.0,29304.5,29301.0,29304.5,39
1789116600,29305.0,29306.0,29301.5,29305.0,85
1789116660,29304.5,29316.25,29303.5,29312.0,191
1789116720,29311.5,29314.5,29309.0,29309.5,79
1789116780,29309.25,29322.75,29309.25,29320.25,223
1789116840,29320.0,29320.75,29308.25,29311.0,159
1789116900,29309.75,29313.0,29307.0,29310.0,106
1789116960,29310.25,29320.5,29310.0,29319.0,95
1789117020,29319.0,29321.0,29316.25,29317.75,112
1789117080,29317.25,29322.5,29317.25,29321.0,82
1789117140,29320.5,29326.0,29316.0,29322.75,99
1789117200,29324.25,29334.0,29315.25,29326.75,640
1789117260,29326.75,29332.25,29320.5,29328.5,170
1789117320,29328.75,29330.0,29318.25,29322.25,125
1789117380,29322.0,29322.0,29314.0,29314.0,71
1789117440,29314.5,29318.5,29314.5,29316.75,54
1789117500,29317.0,29317.0,29311.0,29312.75,62
1789117560,29312.25,29315.0,29309.75,29315.0,128
1789117620,29313.75,29322.0,29313.0,29316.0,155
1789117680,29316.0,29317.25,29308.25,29309.75,67
1789117740,29310.75,29313.25,29300.5,29300.5,117
1789117800,29301.5,29303.25,29293.0,29296.0,147
1789117860,29295.0,29299.5,29292.5,29298.25,133
1789117920,29299.0,29301.5,29296.5,29297.0,37
1789117980,29297.25,29305.0,29297.25,29300.5,85
1789118040,29300.25,29300.25,29293.25,29294.25,43
1789118100,29293.0,29295.0,29289.5,29294.5,111
1789118160,29294.5,29298.25,29292.75,29295.25,88
1789118220,29296.0,29299.75,29293.5,29299.25,76
1789118280,29299.25,29303.25,29297.75,29301.5,97
1789118340,29301.5,29309.0,29301.0,29306.25,94
1789118400,29305.5,29315.25,29303.0,29313.25,118
1789118460,29312.5,29313.25,29305.75,29306.25,197
1789118520,29306.5,29308.5,29302.5,29304.0,96
1789118580,29305.25,29307.75,29304.5,29305.75,57
1789118640,29306.0,29306.0,29301.0,29302.25,65
1789118700,29302.0,29302.25,29298.25,29301.5,43
1789118760,29301.5,29305.0,29299.75,29302.5,59
1789118820,29301.75,29305.5,29300.75,29303.5,26
1789118880,29304.5,29306.75,29304.25,29304.5,41
1789118940,29304.25,29305.0,29301.5,29304.0,59
1789119000,29304.75,29312.0,29303.75,29308.25,75
1789119060,29307.5,29307.75,29301.75,29303.75,26
1789119120,29303.75,29308.0,29303.75,29308.0,19
1789119180,29309.0,29310.25,29305.5,29306.5,41
1789119240,29305.25,29309.5,29304.0,29306.75,38
1789119300,29308.25,29309.75,29306.25,29307.0,38
1789119360,29308.25,29312.25,29307.25,29308.0,83
1789119420,29307.5,29308.75,29305.0,29306.0,37
1789119480,29307.25,29308.75,29306.75,29307.0,47
1789119540,29306.75,29312.5,29304.25,29309.0,53
1789119600,29309.5,29313.0,29307.5,29313.0,40
1789119660,29313.0,29315.5,29308.75,29309.75,54
1789119720,29310.5,29315.5,29306.75,29306.75,69
1789119780,29307.25,29309.5,29306.75,29307.75,16
1789119840,29308.0,29308.75,29306.0,29308.0,21
1789119900,29307.75,29307.75,29303.75,29306.25,52
1789119960,29305.0,29314.0,29304.5,29311.5,69
1789120020,29311.0,29311.0,29308.75,29309.75,15
1789120080,29309.75,29311.0,29308.25,29310.0,17
1789120140,29310.0,29311.5,29309.0,29309.75,19
1789120200,29310.75,29313.0,29306.75,29310.0,48
1789120260,29308.25,29311.25,29307.25,29307.25,45
1789120320,29306.5,29309.5,29306.5,29309.5,24
1789120380,29309.25,29309.75,29306.75,29309.0,26
1789120440,29309.75,29311.0,29308.25,29308.75,21
1789120500,29309.25,29312.5,29308.0,29312.25,69
1789120560,29311.5,29317.5,29311.25,29316.0,70
1789120620,29316.25,29318.0,29314.5,29317.5,24
1789120680,29316.25,29326.5,29315.0,29323.5,170
1789120740,29323.25,29325.0,29319.0,29319.0,61
1789120800,29319.25,29325.0,29314.0,29322.5,113
1789120860,29322.25,29326.5,29321.0,29325.0,68
1789120920,29325.0,29337.5,29285.25,29335.75,990
1789120980,29335.5,29339.0,29331.5,29336.0,118
1789121040,29337.5,29339.75,29334.5,29335.0,80
1789121100,29334.0,29335.25,29325.5,29326.25,124
1789121160,29326.5,29330.0,29324.0,29324.25,97
1789121220,29324.5,29330.5,29323.0,29329.0,103
1789121280,29329.25,29334.25,29328.25,29333.25,57
1789121340,29333.5,29334.0,29327.25,29330.5,67
1789121400,29330.75,29335.0,29329.25,29334.5,42
1789121460,29333.75,29333.75,29323.75,29325.5,62
1789121520,29325.75,29328.0,29323.5,29324.0,43
1789121580,29322.0,29326.25,29319.25,29322.25,124
1789121640,29320.75,29326.5,29320.75,29326.25,102
1789121700,29326.5,29327.25,29320.0,29321.25,43
1789121760,29322.25,29326.25,29321.0,29326.25,30
1789121820,29326.5,29329.0,29324.0,29326.75,41
1789121880,29326.5,29329.75,29326.25,29327.25,38
1789121940,29326.5,29328.5,29325.5,29326.5,48
1789122000,29326.0,29327.0,29321.5,29321.5,54
1789122060,29320.75,29322.5,29316.25,29318.75,145
1789122120,29320.0,29327.75,29315.75,29322.5,124
1789122180,29320.25,29323.0,29314.0,29317.25,108
1789122240,29317.5,29321.5,29317.25,29320.25,36
1789122300,29321.5,29321.5,29318.0,29320.5,62
1789122360,29321.25,29322.0,29315.0,29315.0,81
1789122420,29315.75,29315.75,29307.75,29311.25,160
1789122480,29311.5,29314.75,29310.5,29311.0,60
1789122540,29310.5,29315.0,29309.0,29314.25,57
1789122600,29314.25,29318.0,29309.5,29315.75,139
1789122660,29316.5,29320.75,29316.0,29316.5,67
1789122720,29317.0,29320.5,29315.25,29318.75,28
1789122780,29318.75,29319.75,29315.25,29315.25,45
1789122840,29316.0,29323.5,29315.0,29323.5,79
1789122900,29324.25,29328.75,29322.25,29323.75,94
1789122960,29322.25,29323.0,29317.25,29321.5,38
1789123020,29321.25,29323.75,29316.25,29317.5,48
1789123080,29315.5,29319.0,29312.75,29317.5,59
1789123140,29320.25,29321.25,29318.0,29320.5,30
1789123200,29320.0,29320.25,29315.25,29317.0,27
1789123260,29316.25,29318.25,29314.75,29316.5,35
1789123320,29318.75,29319.25,29316.75,29319.25,44
1789123380,29318.25,29320.5,29317.5,29318.0,104
1789123440,29319.0,29321.0,29314.5,29315.75,64
1789123500,29316.0,29316.25,29313.75,29316.0,35
1789123560,29315.75,29315.75,29312.75,29312.75,61
1789123620,29312.0,29312.25,29305.5,29307.0,116
1789123680,29306.75,29310.25,29306.75,29310.25,39
1789123740,29308.75,29311.5,29307.75,29309.75,54
1789123800,29310.75,29313.25,29309.75,29311.5,37
1789123860,29312.5,29317.0,29312.25,29315.75,64
1789123920,29316.5,29318.25,29314.0,29314.75,52
1789123980,29314.25,29315.25,29310.5,29311.5,66
1789124040,29310.75,29311.5,29307.0,29310.0,43
1789124100,29310.5,29313.0,29308.5,29312.0,99
1789124160,29312.5,29314.5,29311.5,29313.75,24
1789124220,29314.0,29315.75,29309.25,29311.25,85
1789124280,29309.75,29316.0,29309.75,29310.5,90
1789124340,29310.25,29311.0,29307.75,29309.25,33
1789124400,29310.5,29315.0,29307.25,29307.25,122
1789124460,29308.5,29311.75,29304.25,29307.75,162
1789124520,29307.5,29311.25,29306.25,29308.75,57
1789124580,29309.25,29314.0,29309.0,29312.5,84
1789124640,29311.25,29311.25,29304.0,29304.25,86
1789124700,29303.75,29304.75,29299.75,29301.5,137
1789124760,29301.25,29301.5,29296.75,29296.75,109
1789124820,29297.5,29298.25,29291.25,29294.25,132
1789124880,29295.25,29296.0,29290.0,29291.0,102
1789124940,29291.5,29295.0,29290.0,29294.75,109
1789125000,29294.0,29295.5,29291.0,29293.75,75
1789125060,29294.0,29297.5,29289.5,29294.0,106
1789125120,29294.0,29299.5,29293.25,29299.0,85
1789125180,29299.75,29300.75,29296.75,29298.0,104
1789125240,29297.75,29298.25,29293.0,29293.5,36
1789125300,29294.25,29296.25,29290.25,29292.0,96
1789125360,29292.25,29297.0,29291.75,29296.0,62
1789125420,29294.25,29298.25,29294.25,29297.5,40
1789125480,29297.75,29304.5,29297.5,29304.0,119
1789125540,29305.0,29307.5,29302.5,29307.5,89
1789125600,29307.5,29308.0,29298.75,29299.0,82
1789125660,29299.5,29309.25,29299.5,29307.25,122
1789125720,29306.5,29306.5,29294.75,29298.0,108
1789125780,29298.75,29303.5,29297.5,29303.5,37
1789125840,29303.25,29308.0,29302.75,29308.0,44
1789125900,29308.0,29324.75,29308.0,29317.75,379
1789125960,29318.25,29322.5,29318.25,29319.75,55
1789126020,29319.0,29320.0,29313.0,29314.25,74
1789126080,29314.75,29317.25,29308.0,29308.25,59
1789126140,29308.5,29313.5,29308.5,29312.75,78
1789126200,29313.0,29317.25,29310.5,29313.0,135
1789126260,29313.25,29317.75,29313.0,29315.5,122
1789126320,29315.25,29319.25,29314.25,29315.75,114
1789126380,29315.75,29321.75,29313.5,29313.5,147
1789126440,29314.0,29314.5,29302.0,29303.25,162
1789126500,29303.5,29304.75,29296.75,29301.25,140
1789126560,29301.25,29304.25,29298.0,29303.25,148
1789126620,29302.25,29312.0,29300.0,29312.0,117
1789126680,29309.75,29314.0,29307.25,29312.5,81
1789126740,29313.25,29313.5,29309.25,29312.75,48
1789126800,29312.25,29323.0,29310.0,29317.5,152
1789126860,29319.75,29321.0,29317.5,29318.5,67
1789126920,29318.0,29323.5,29317.75,29323.25,99
1789126980,29322.75,29327.5,29321.0,29326.0,161
1789127040,29326.25,29332.25,29326.25,29330.25,127
1789127100,29330.25,29335.0,29327.25,29332.5,111
1789127160,29332.0,29332.0,29325.25,29326.5,90
1789127220,29328.0,29328.0,29319.75,29319.75,91
1789127280,29320.75,29330.0,29319.5,29327.0,75
1789127340,29327.25,29337.5,29327.0,29335.75,166
1789127400,29335.75,29336.75,29331.75,29332.25,79
1789127460,29332.5,29333.25,29330.0,29333.0,61
1789127520,29332.5,29333.0,29328.0,29331.75,69
1789127580,29331.0,29331.0,29327.5,29330.0,62
1789127640,29329.0,29329.75,29326.0,29326.25,72
1789127700,29327.25,29327.75,29325.25,29327.25,31
1789127760,29325.5,29330.0,29325.5,29326.5,54
1789127820,29327.25,29334.25,29327.25,29333.25,121
1789127880,29331.0,29332.0,29324.75,29327.5,88
1789127940,29327.25,29328.75,29321.25,29323.25,62
1789128000,29324.25,29326.75,29320.5,29325.0,111
1789128060,29324.75,29325.0,29319.5,29321.25,85
1789128120,29321.75,29321.75,29307.0,29313.5,166
1789128180,29314.0,29316.5,29309.5,29313.25,143
1789128240,29312.5,29312.75,29308.0,29310.25,93
1789128300,29311.5,29315.75,29308.5,29315.75,139
1789128360,29313.0,29314.75,29304.0,29312.0,329
1789128420,29312.25,29312.75,29304.75,29305.25,117
1789128480,29306.0,29309.0,29305.25,29308.0,56
1789128540,29308.0,29315.25,29308.0,29315.25,113
1789128600,29316.5,29319.0,29307.0,29317.0,233
1789128660,29316.25,29327.5,29316.25,29326.25,292
1789128720,29325.75,29336.75,29323.75,29325.75,306
1789128780,29325.75,29326.5,29313.75,29315.75,179
1789128840,29316.0,29325.25,29316.0,29323.75,138
1789128900,29324.25,29329.0,29318.5,29328.0,164
1789128960,29328.75,29338.25,29328.25,29329.0,252
1789129020,29329.75,29342.25,29329.5,29341.5,152
1789129080,29341.5,29345.25,29338.75,29341.75,178
1789129140,29342.5,29348.75,29336.75,29337.75,194
1789129200,29338.25,29342.0,29337.0,29340.25,168
1789129260,29341.0,29342.25,29337.5,29340.0,97
1789129320,29339.5,29344.0,29335.5,29337.5,107
1789129380,29338.75,29342.5,29331.0,29339.0,215
1789129440,29338.25,29338.25,29326.0,29327.5,229
1789129500,29328.25,29337.5,29325.75,29336.25,261
1789129560,29335.5,29366.5,29334.75,29357.75,864
1789129620,29356.25,29367.75,29352.75,29361.25,403
1789129680,29362.0,29370.75,29356.25,29357.0,535
1789129740,29357.0,29399.0,29353.5,29389.75,876
1789129800,29385.0,29399.5,29204.0,29244.5,3333
1789129860,29246.0,29309.75,29238.75,29296.5,2129
1789129920,29296.25,29321.5,29268.5,29301.75,1802
1789129980,29301.5,29351.25,29300.0,29348.75,1326
1789130040,29348.25,29353.5,29336.0,29338.75,1524
1789130100,29338.25,29346.25,29320.0,29342.25,1239
1789130160,29341.0,29369.0,29335.25,29350.25,1702
1789130220,29350.25,29367.75,29350.25,29354.75,847
1789130280,29355.25,29372.75,29351.5,29371.75,672
1789130340,29371.5,29376.25,29362.0,29363.75,643
1789130400,29364.25,29379.5,29360.75,29369.75,752
1789130460,29370.0,29370.75,29350.5,29360.75,850
1789130520,29360.0,29364.0,29353.75,29359.25,492
1789130580,29359.0,29366.0,29344.75,29350.0,565
1789130640,29351.5,29359.5,29342.75,29356.5,417
1789130700,29357.25,29357.25,29343.0,29349.25,501
1789130760,29348.25,29373.25,29348.25,29371.0,652
1789130820,29370.75,29380.75,29365.0,29377.5,645
1789130880,29378.0,29389.75,29374.5,29389.75,624
1789130940,29388.75,29403.25,29387.75,29394.5,847
1789131000,29394.5,29413.5,29393.5,29410.5,892
1789131060,29412.0,29416.25,29407.75,29415.5,664
1789131120,29415.5,29432.75,29413.25,29429.25,918
1789131180,29429.25,29438.5,29424.0,29438.25,720
1789131240,29437.5,29446.5,29436.25,29437.25,712
1789131300,29436.75,29450.0,29433.5,29448.5,620
1789131360,29448.75,29450.0,29441.0,29446.75,692
1789131420,29445.25,29462.0,29444.75,29462.0,899
1789131480,29459.75,29472.5,29453.0,29469.75,679
1789131540,29469.5,29475.75,29468.0,29469.5,629
1789131600,29468.75,29500.25,29468.0,29489.5,1808
1789131660,29489.25,29493.25,29480.5,29486.75,834
1789131720,29486.25,29486.25,29473.75,29477.75,624
1789131780,29477.75,29482.5,29472.25,29475.25,648
1789131840,29476.75,29481.0,29467.0,29469.25,782
1789131900,29469.75,29478.25,29461.25,29475.25,619
1789131960,29476.5,29483.75,29471.0,29475.75,589
1789132020,29474.0,29474.25,29461.5,29462.25,652
1789132080,29463.0,29464.25,29454.25,29459.25,911
1789132140,29459.25,29460.75,29446.75,29452.0,774
1789132200,29452.25,29457.5,29449.0,29451.0,369
1789132260,29451.5,29451.75,29445.0,29447.0,340
1789132320,29446.5,29450.25,29442.5,29444.75,473
1789132380,29444.5,29445.0,29435.75,29437.75,552
1789132440,29437.0,29443.5,29434.75,29443.5,488
1789132500,29442.75,29448.25,29436.25,29437.75,628
1789132560,29438.25,29441.25,29434.25,29435.5,267
1789132620,29434.75,29437.0,29427.75,29430.0,429
1789132680,29429.75,29442.75,29428.75,29441.0,364
1789132740,29441.25,29441.75,29427.0,29430.25,318
1789132800,29430.25,29440.0,29430.25,29434.5,288
1789132860,29433.5,29436.0,29427.75,29430.0,275
1789132920,29430.0,29432.75,29424.25,29429.5,371
1789132980,29428.25,29432.5,29424.0,29430.25,251
1789133040,29430.25,29434.0,29429.0,29430.0,283
1789133100,29430.25,29432.75,29421.5,29428.0,655
1789133160,29427.0,29434.0,29425.25,29426.75,402
1789133220,29426.5,29427.5,29414.75,29416.0,544
1789133280,29416.5,29452.25,29416.5,29443.0,1685
1789133340,29442.0,29444.75,29416.75,29418.0,900
1789133400,29417.5,29418.25,29358.25,29379.0,5983
1789133460,29378.75,29378.75,29347.25,29362.75,4113
1789133520,29363.0,29389.0,29353.0,29368.5,4139
1789133580,29368.5,29415.0,29366.0,29406.5,3490
1789133640,29406.0,29426.25,29395.25,29419.25,3008
1789133700,29419.5,29431.75,29400.5,29408.75,3629
1789133760,29407.5,29408.5,29373.25,29375.5,3385
1789133820,29374.75,29417.25,29374.25,29408.5,3559
1789133880,29408.0,29413.0,29390.75,29411.0,2476
1789133940,29411.0,29413.75,29390.0,29400.75,1940
1789134000,29400.5,29416.75,29353.75,29394.25,4846
1789134060,29393.5,29440.0,29393.25,29421.25,3241
1789134120,29420.5,29421.5,29403.5,29411.0,2749
1789134180,29410.25,29420.0,29392.75,29407.25,2181
1789134240,29407.25,29433.75,29402.0,29433.75,2452
1789134300,29434.0,29443.0,29399.0,29440.0,2968
1789134360,29441.0,29472.0,29423.75,29440.25,4390
1789134420,29439.5,29442.5,29424.75,29435.25,1792
1789134480,29434.25,29442.5,29407.5,29410.75,2191
1789134540,29410.25,29443.0,29409.5,29434.5,2019
1789134600,29435.5,29445.5,29423.5,29426.75,1714
1789134660,29428.25,29428.5,29405.0,29418.5,1930
1789134720,29417.25,29422.25,29379.25,29394.75,2621
1789134780,29395.0,29410.25,29388.25,29409.75,2363
1789134840,29410.25,29426.5,29403.0,29426.5,2076
1789134900,29426.75,29433.0,29415.5,29431.25,1699
1789134960,29432.0,29440.5,29429.0,29435.0,1251
1789135020,29435.25,29440.5,29423.0,29440.5,1377
1789135080,29440.25,29455.0,29436.0,29453.25,1907
1789135140,29453.25,29480.75,29449.0,29472.75,1712
1789135200,29473.0,29473.25,29440.75,29451.25,3480
1789135260,29450.75,29469.0,29430.75,29431.0,2522
1789135320,29431.5,29437.25,29421.0,29436.0,1859
1789135380,29436.0,29438.5,29408.25,29410.0,2568
1789135440,29410.75,29418.0,29386.5,29392.5,1858
1789135500,29392.0,29408.5,29388.0,29389.0,1906
1789135560,29388.75,29395.0,29369.0,29374.0,2364
1789135620,29374.0,29382.75,29365.0,29378.0,1772
1789135680,29378.5,29392.0,29369.0,29375.75,1612
1789135740,29374.5,29393.75,29367.0,29393.75,1547
1789135800,29393.0,29424.25,29388.75,29410.0,3024
1789135860,29410.0,29412.0,29383.25,29405.25,1841
1789135920,29405.25,29405.75,29378.75,29395.25,2378
1789135980,29395.5,29407.25,29384.0,29395.0,1535
1789136040,29396.75,29405.0,29386.25,29397.75,2433
1789136100,29397.0,29407.75,29392.5,29397.25,1316
1789136160,29397.0,29406.0,29380.75,29382.75,1248
1789136220,29382.5,29387.5,29373.25,29382.25,1178
1789136280,29380.5,29420.0,29374.0,29415.75,1553
1789136340,29416.5,29441.0,29413.0,29438.75,1660
1789136400,29439.25,29455.5,29433.0,29451.0,1642
1789136460,29452.25,29458.0,29442.0,29452.5,1165
1789136520,29453.0,29461.75,29441.75,29458.75,1244
1789136580,29458.75,29460.0,29445.0,29447.75,1099
1789136640,29447.5,29455.5,29438.5,29444.25,982
1789136700,29444.0,29454.25,29441.0,29445.0,1122
1789136760,29445.25,29461.0,29439.0,29453.25,1242
1789136820,29453.75,29466.5,29453.0,29454.75,1305
1789136880,29454.75,29464.25,29454.75,29461.25,748
1789136940,29462.75,29467.5,29451.0,29451.0,930
1789137000,29451.25,29455.25,29436.25,29443.0,1657
1789137060,29443.5,29453.0,29414.0,29414.75,2040
1789137120,29414.5,29426.5,29411.25,29426.0,1321
1789137180,29425.0,29428.75,29406.5,29423.75,1464
1789137240,29423.5,29426.25,29408.0,29413.5,1166
1789137300,29412.75,29412.75,29398.0,29404.25,1554
1789137360,29404.0,29404.0,29391.5,29395.25,1360
1789137420,29394.75,29406.0,29393.25,29398.75,1445
1789137480,29398.25,29398.75,29369.25,29378.5,1890
1789137540,29377.0,29389.5,29375.5,29384.75,1279
1789137600,29384.5,29410.0,29384.25,29396.25,2010
1789137660,29395.75,29401.5,29384.25,29390.5,979
1789137720,29390.25,29397.75,29381.25,29384.5,920
1789137780,29384.0,29388.5,29354.75,29354.75,1995
1789137840,29354.5,29373.75,29353.25,29372.0,1319
1789137900,29372.75,29382.0,29367.0,29381.5,2009
1789137960,29381.0,29381.25,29351.0,29354.5,1460
1789138020,29353.5,29361.0,29337.75,29344.0,1798
1789138080,29344.75,29393.5,29334.0,29370.0,4643
1789138140,29369.0,29400.75,29363.25,29398.75,2447
1789138200,29398.5,29401.0,29377.75,29384.0,2062
1789138260,29384.5,29395.0,29374.0,29385.5,1421
1789138320,29385.75,29391.0,29375.5,29375.5,789
1789138380,29375.75,29380.0,29367.0,29373.25,1140
1789138440,29373.25,29377.5,29367.25,29369.75,774
1789138500,29369.5,29371.0,29349.25,29356.25,1210
1789138560,29356.0,29361.75,29349.25,29355.5,966
1789138620,29355.75,29373.5,29352.0,29370.25,1106
1789138680,29371.25,29377.0,29361.25,29364.25,1357
1789138740,29364.5,29377.5,29357.25,29369.75,1085
1789138800,29370.75,29388.25,29361.0,29385.75,1452
1789138860,29386.0,29386.5,29372.25,29382.75,1039
1789138920,29381.5,29386.25,29372.5,29386.0,751
1789138980,29385.75,29394.25,29375.0,29394.25,961
1789139040,29393.5,29404.0,29381.0,29403.75,1166
1789139100,29403.75,29419.75,29400.5,29416.75,1440
1789139160,29417.0,29432.5,29416.75,29428.75,1436
1789139220,29429.25,29430.25,29418.0,29425.0,1019
1789139280,29425.25,29425.5,29415.5,29416.75,793
1789139340,29417.25,29423.75,29412.0,29421.25,966
1789139400,29421.0,29425.75,29414.75,29420.0,873
1789139460,29420.0,29420.25,29405.75,29410.5,912
1789139520,29410.75,29412.5,29400.25,29400.75,738
1789139580,29400.75,29403.0,29375.25,29390.0,1483
1789139640,29390.5,29395.75,29386.5,29393.5,760
1789139700,29393.75,29428.25,29393.75,29426.5,1382
1789139760,29426.5,29445.5,29422.5,29441.75,1229
1789139820,29442.25,29443.5,29433.75,29438.25,842
1789139880,29437.75,29444.25,29434.25,29442.0,767
1789139940,29442.0,29444.75,29435.0,29438.75,720
1789140000,29439.25,29442.25,29436.0,29440.0,664
1789140060,29439.5,29449.0,29435.25,29446.0,952
1789140120,29445.5,29452.25,29439.25,29448.0,825
1789140180,29447.75,29451.0,29439.0,29441.75,890
1789140240,29442.25,29463.0,29441.75,29460.75,984
1789140300,29461.5,29463.75,29457.0,29458.75,936
1789140360,29459.25,29478.25,29459.25,29477.5,1754
1789140420,29477.5,29493.25,29476.5,29492.5,1862
1789140480,29492.5,29492.5,29481.75,29485.5,1093
1789140540,29485.75,29488.25,29482.75,29485.0,1016
1789140600,29485.25,29490.0,29477.0,29489.0,1268
1789140660,29488.75,29492.25,29482.0,29486.75,1021
1789140720,29487.0,29499.75,29485.75,29492.5,1299
1789140780,29492.5,29494.5,29485.0,29486.25,655
1789140840,29486.25,29490.0,29483.75,29485.25,763
1789140900,29485.25,29487.75,29471.25,29476.75,1126
1789140960,29476.5,29481.25,29473.0,29476.25,733
1789141020,29476.25,29480.25,29464.5,29467.75,848
1789141080,29467.75,29469.25,29462.75,29466.5,660
1789141140,29467.0,29483.0,29466.0,29475.5,841
1789141200,29475.25,29479.5,29467.0,29472.75,598
1789141260,29472.0,29477.5,29469.25,29472.25,370
1789141320,29471.75,29476.5,29470.25,29471.75,482
1789141380,29472.5,29484.25,29470.75,29480.0,771
1789141440,29480.25,29482.25,29477.5,29478.0,483
1789141500,29478.25,29478.75,29471.25,29471.25,693
1789141560,29471.75,29473.5,29464.25,29473.5,717
1789141620,29473.5,29475.5,29467.0,29468.75,542
1789141680,29467.75,29471.25,29461.75,29465.75,545
1789141740,29465.25,29476.75,29465.0,29469.25,921
1789141800,29470.75,29476.25,29467.0,29476.25,430
1789141860,29475.5,29475.75,29466.0,29468.75,351
1789141920,29466.5,29467.0,29460.0,29462.5,685
1789141980,29462.25,29462.25,29448.0,29449.0,1337
1789142040,29448.75,29451.0,29442.25,29448.25,891
1789142100,29448.5,29451.25,29441.25,29442.5,672
1789142160,29442.75,29451.0,29441.5,29447.25,537
1789142220,29448.0,29461.5,29447.75,29452.0,739
1789142280,29451.5,29457.5,29447.5,29457.0,808
1789142340,29457.25,29457.5,29450.0,29450.0,603
1789142400,29450.25,29462.75,29450.25,29455.0,714
1789142460,29454.75,29471.75,29454.75,29469.25,710
1789142520,29470.0,29480.5,29467.0,29479.75,641
1789142580,29479.25,29482.25,29466.5,29467.25,769
1789142640,29466.75,29482.0,29466.5,29481.75,649
1789142700,29482.0,29485.25,29480.0,29481.75,487
1789142760,29482.25,29484.25,29475.5,29478.0,466
1789142820,29478.0,29479.0,29464.25,29465.5,739
1789142880,29465.5,29469.25,29460.5,29464.25,574
1789142940,29464.0,29471.0,29463.25,29469.5,346
1789143000,29469.25,29473.0,29461.0,29462.5,464
1789143060,29462.5,29467.5,29462.25,29464.75,284
1789143120,29465.5,29465.75,29456.0,29459.25,495
1789143180,29459.25,29459.25,29446.0,29446.5,878
1789143240,29447.5,29450.5,29445.0,29448.0,556
1789143300,29447.75,29452.25,29441.5,29444.25,781
1789143360,29444.25,29446.5,29436.5,29438.0,828
1789143420,29438.25,29445.0,29437.25,29438.25,546
1789143480,29438.75,29442.75,29433.75,29437.5,492
1789143540,29437.75,29444.5,29435.75,29438.5,448
1789143600,29438.75,29442.75,29429.5,29430.0,549
1789143660,29430.0,29437.5,29429.0,29432.0,498
1789143720,29432.25,29432.5,29423.0,29426.75,669
1789143780,29426.0,29430.0,29421.5,29426.0,599
1789143840,29426.0,29429.25,29422.5,29426.0,307
1789143900,29426.0,29432.5,29422.75,29424.0,717
1789143960,29424.0,29430.25,29420.0,29423.0,621
1789144020,29423.25,29435.0,29422.75,29430.25,1000
1789144080,29429.75,29436.0,29428.5,29433.25,450
1789144140,29432.75,29434.0,29397.75,29402.75,3377
1789144200,29402.0,29418.0,29395.25,29416.25,1707
1789144260,29415.75,29416.25,29406.25,29409.0,795
1789144320,29408.75,29421.25,29398.5,29417.5,1504
1789144380,29418.25,29439.5,29418.25,29439.5,968
1789144440,29439.75,29441.5,29427.25,29427.25,814
1789144500,29427.75,29429.0,29417.5,29419.0,678
1789144560,29419.0,29421.25,29410.5,29412.0,671
1789144620,29412.0,29417.0,29410.75,29416.25,421
1789144680,29416.5,29418.5,29402.5,29411.0,622
1789144740,29410.75,29411.5,29396.25,29398.5,878
1789144800,29398.25,29415.0,29392.0,29414.5,1231
1789144860,29414.5,29416.0,29409.25,29415.75,627
1789144920,29415.5,29418.25,29408.5,29415.25,642
1789144980,29414.25,29426.0,29411.0,29424.5,614
1789145040,29424.25,29434.0,29424.0,29432.0,651
1789145100,29431.25,29432.0,29426.25,29431.0,430
1789145160,29430.5,29435.5,29427.0,29427.0,505
1789145220,29427.75,29431.5,29424.75,29428.25,329
1789145280,29428.5,29430.75,29416.25,29418.5,423
1789145340,29418.25,29419.5,29413.25,29415.75,536
1789145400,29415.75,29429.0,29414.0,29422.5,548
1789145460,29423.5,29423.5,29418.25,29421.75,385
1789145520,29422.0,29425.75,29418.75,29423.5,240
1789145580,29422.75,29428.5,29421.75,29426.5,306
1789145640,29426.0,29429.0,29426.0,29429.0,201
1789145700,29429.25,29436.5,29428.25,29428.5,492
1789145760,29428.5,29435.75,29427.5,29428.75,340
1789145820,29428.5,29433.0,29426.0,29428.25,361
1789145880,29429.25,29436.75,29427.75,29435.5,377
1789145940,29435.25,29437.75,29433.5,29436.75,311
1789146000,29437.0,29446.75,29436.75,29438.25,932
1789146060,29439.5,29442.5,29435.75,29435.75,398
1789146120,29436.75,29444.0,29435.75,29442.25,521
1789146180,29442.5,29448.25,29439.0,29447.25,357
1789146240,29446.75,29449.0,29439.75,29440.25,460
1789146300,29440.25,29446.5,29440.0,29444.0,313
1789146360,29444.75,29449.0,29442.25,29444.25,411
1789146420,29444.25,29464.75,29444.0,29449.75,2354
1789146480,29449.5,29454.75,29448.0,29449.5,602
1789146540,29449.75,29453.0,29446.25,29453.0,351
1789146600,29452.5,29459.0,29443.0,29448.0,906
1789146660,29448.0,29449.75,29442.25,29445.0,521
1789146720,29445.0,29453.25,29444.0,29448.25,523
1789146780,29448.0,29448.75,29438.5,29441.25,496
1789146840,29441.0,29442.25,29435.75,29437.5,564
1789146900,29438.25,29445.25,29438.0,29444.25,343
1789146960,29444.75,29454.0,29441.75,29453.75,473
1789147020,29454.25,29459.75,29452.0,29459.5,463
1789147080,29459.25,29459.25,29454.5,29455.0,397
1789147140,29455.25,29462.75,29453.0,29457.0,538
1789147200,29456.75,29463.75,29456.5,29458.75,459
1789147260,29459.0,29466.0,29457.25,29458.25,764
1789147320,29458.5,29464.25,29458.0,29463.5,280
1789147380,29463.25,29471.0,29462.25,29469.0,658
1789147440,29469.0,29475.25,29467.75,29474.25,571
1789147500,29473.75,29479.0,29471.0,29471.75,878
1789147560,29472.0,29476.75,29469.25,29473.75,557
1789147620,29474.5,29476.0,29469.0,29469.0,516
1789147680,29469.0,29471.5,29462.75,29465.75,744
1789147740,29464.75,29466.25,29462.5,29463.5,299
1789147800,29463.25,29470.5,29461.0,29468.0,660
1789147860,29467.75,29475.75,29467.25,29475.5,491
1789147920,29475.5,29478.0,29464.0,29465.0,691
1789147980,29465.0,29469.25,29463.25,29465.5,467
1789148040,29466.5,29470.0,29461.25,29463.0,408
1789148100,29463.5,29469.25,29462.25,29463.0,517
1789148160,29464.0,29467.5,29462.75,29465.5,233
1789148220,29466.0,29469.0,29465.5,29466.75,292
1789148280,29466.75,29467.5,29457.5,29463.75,468
1789148340,29463.5,29464.25,29458.0,29459.25,301
1789148400,29458.75,29468.25,29458.5,29466.25,482
1789148460,29466.0,29466.0,29457.5,29460.75,328
1789148520,29460.25,29467.0,29458.0,29462.25,434
1789148580,29462.5,29470.5,29461.5,29467.75,469
1789148640,29467.75,29467.75,29460.5,29462.25,430
1789148700,29462.5,29464.75,29459.5,29462.25,541
1789148760,29462.25,29464.75,29460.25,29462.5,409
1789148820,29462.5,29463.75,29458.5,29462.5,211
1789148880,29462.0,29462.5,29455.0,29456.25,331
1789148940,29456.25,29468.5,29456.25,29465.0,389
1789149000,29465.25,29467.75,29463.25,29463.5,290
1789149060,29463.75,29466.75,29462.5,29464.25,243
1789149120,29464.0,29467.25,29463.25,29466.5,247
1789149180,29466.5,29467.5,29463.25,29466.25,328
1789149240,29465.5,29467.0,29461.5,29463.25,287
1789149300,29463.5,29464.75,29460.75,29463.0,199
1789149360,29462.5,29462.5,29458.0,29458.5,171
1789149420,29458.5,29459.75,29454.0,29454.0,268
1789149480,29454.0,29455.0,29451.0,29451.0,493
1789149540,29451.0,29454.25,29447.75,29452.5,386
1789149600,29452.25,29458.0,29450.0,29451.75,387
1789149660,29452.25,29455.0,29449.0,29454.25,280
1789149720,29455.0,29460.5,29454.0,29454.25,373
1789149780,29454.25,29459.25,29453.5,29457.25,376
1789149840,29457.0,29459.25,29453.25,29453.75,308
1789149900,29453.25,29454.25,29447.5,29448.25,383
1789149960,29447.75,29451.75,29446.5,29448.75,381
1789150020,29448.75,29451.25,29446.25,29449.0,272
1789150080,29449.25,29449.25,29443.0,29443.25,381
1789150140,29443.5,29448.75,29443.5,29446.75,287
1789150200,29446.75,29447.0,29441.25,29444.75,333
1789150260,29444.75,29445.5,29439.5,29442.0,421
1789150320,29441.75,29444.0,29440.25,29441.25,278
1789150380,29440.75,29441.0,29437.5,29440.0,357
1789150440,29440.5,29441.75,29438.5,29441.0,298
1789150500,29441.5,29443.25,29434.0,29436.5,631
1789150560,29436.75,29441.25,29436.0,29439.5,340
1789150620,29439.5,29443.25,29438.0,29441.5,625
1789150680,29441.5,29445.5,29439.5,29444.25,607
1789150740,29444.0,29446.5,29438.25,29441.25,806
1789150800,29441.25,29442.5,29417.0,29425.5,3215
1789150860,29425.25,29428.0,29418.75,29426.0,1049
1789150920,29425.5,29431.25,29425.25,29429.25,572
1789150980,29429.25,29432.25,29424.0,29425.75,417
1789151040,29426.25,29431.75,29425.0,29431.75,307
1789151100,29431.25,29436.5,29430.0,29431.25,566
1789151160,29431.0,29436.75,29428.25,29428.75,419
1789151220,29428.5,29435.0,29426.75,29432.5,695
1789151280,29432.25,29446.75,29432.25,29444.5,916
1789151340,29444.25,29446.75,29441.5,29441.5,288
1789151400,29442.0,29450.75,29438.5,29438.5,703
1789151460,29438.5,29442.25,29434.0,29434.25,382
1789151520,29434.75,29443.25,29432.0,29440.5,412
1789151580,29440.75,29448.5,29439.25,29448.5,272
1789151640,29448.0,29456.75,29446.0,29455.25,569
1789151700,29455.25,29456.5,29451.0,29452.75,274
1789151760,29452.75,29459.0,29452.0,29458.25,274
1789151820,29458.25,29458.25,29447.0,29447.25,426
1789151880,29447.0,29448.5,29443.0,29446.25,446
1789151940,29446.0,29447.0,29444.5,29446.5,201
1789152000,29446.75,29449.25,29446.0,29448.5,214
1789152060,29448.75,29450.75,29445.5,29448.75,264
1789152120,29448.5,29449.0,29440.5,29441.25,293
1789152180,29440.75,29440.75,29436.0,29436.75,507
1789152240,29437.0,29439.75,29434.75,29437.75,417
1789152300,29438.0,29439.25,29432.0,29432.5,551
1789152360,29432.25,29436.25,29430.5,29433.5,400
1789152420,29434.0,29444.75,29433.0,29440.0,677
1789152480,29439.75,29442.75,29430.0,29431.5,589
1789152540,29431.0,29434.0,29430.5,29431.25,352
1789152600,29430.75,29433.75,29429.0,29432.5,423
1789152660,29432.5,29435.0,29431.25,29432.5,311
1789152720,29432.25,29434.0,29429.0,29430.25,450
1789152780,29430.0,29432.0,29429.0,29431.25,205
1789152840,29431.0,29431.75,29427.0,29428.5,358
1789152900,29427.75,29435.0,29426.5,29433.25,449
1789152960,29433.25,29438.25,29431.75,29436.5,412
1789153020,29437.0,29437.25,29428.75,29429.25,291
1789153080,29429.25,29434.0,29426.75,29433.5,514
1789153140,29433.25,29433.25,29425.75,29429.5,581
1789153200,29429.5,29433.25,29427.25,29431.75,488
1789153260,29431.25,29432.5,29427.25,29427.75,299
1789153320,29427.25,29428.0,29422.75,29425.25,403
1789153380,29425.0,29427.0,29422.5,29424.0,271
1789153440,29424.0,29429.5,29422.0,29426.5,421
1789153500,29426.5,29428.5,29424.25,29427.25,386
1789153560,29427.75,29431.5,29421.75,29422.0,451
1789153620,29421.75,29422.5,29415.75,29418.5,588
1789153680,29417.75,29420.75,29414.75,29417.0,573
1789153740,29417.25,29421.0,29411.5,29414.0,672
1789153800,29414.25,29415.0,29407.75,29408.5,637
1789153860,29408.5,29413.0,29405.25,29412.75,595
1789153920,29412.5,29414.5,29409.5,29414.5,497
1789153980,29414.25,29417.75,29411.25,29412.75,643
1789154040,29412.75,29418.75,29410.0,29416.0,453
1789154100,29415.0,29420.75,29414.0,29414.5,826
1789154160,29414.25,29416.25,29411.5,29413.75,527
1789154220,29413.75,29422.25,29413.5,29419.75,349
1789154280,29419.5,29424.25,29418.5,29423.25,302
1789154340,29423.5,29425.75,29417.75,29419.25,573
1789154400,29418.75,29421.75,29417.25,29418.75,348
1789154460,29418.5,29421.25,29415.25,29419.25,305
1789154520,29419.0,29421.25,29415.75,29416.0,313
1789154580,29416.25,29419.25,29413.25,29418.75,539
1789154640,29418.5,29424.5,29418.5,29423.5,600
1789154700,29423.25,29424.25,29420.0,29420.75,472
1789154760,29420.25,29427.5,29420.25,29425.5,470
1789154820,29425.25,29425.5,29418.5,29420.0,471
1789154880,29420.75,29422.0,29414.5,29415.0,403
1789154940,29415.0,29416.25,29412.25,29415.0,464
1789155000,29414.25,29418.25,29412.25,29414.75,814
1789155060,29414.75,29417.25,29411.5,29416.25,734
1789155120,29416.5,29418.25,29413.75,29415.5,283
1789155180,29415.0,29417.75,29412.25,29415.75,310
1789155240,29415.25,29419.5,29414.75,29419.25,381
1789155300,29419.0,29421.0,29413.0,29416.25,457
1789155360,29415.75,29418.75,29412.5,29417.5,262
1789155420,29417.0,29420.0,29416.5,29418.75,222
1789155480,29418.5,29419.25,29414.5,29415.75,345
1789155540,29415.75,29418.0,29414.5,29417.25,280
1789155600,29417.75,29422.5,29417.0,29421.0,493
1789155660,29421.25,29423.0,29418.5,29420.75,385
1789155720,29420.75,29427.0,29419.25,29427.0,485
1789155780,29427.0,29427.0,29420.5,29420.5,616
1789155840,29420.75,29424.25,29420.0,29424.0,394
1789155900,29423.75,29428.5,29422.5,29427.25,606
1789155960,29427.75,29428.0,29415.25,29416.0,703
1789156020,29415.75,29419.5,29412.25,29417.0,703
1789156080,29417.0,29420.25,29412.25,29413.25,460
1789156140,29412.75,29417.0,29412.0,29413.75,550
1789156200,29414.5,29414.5,29394.5,29404.75,2253
1789156260,29404.0,29405.25,29396.0,29397.25,1216
1789156320,29396.5,29404.75,29396.5,29399.0,951
1789156380,29398.75,29414.25,29397.25,29401.0,1485
1789156440,29401.75,29417.75,29401.75,29409.0,1809
1789156500,29409.0,29409.0,29396.75,29405.0,1687
1789156560,29404.75,29405.25,29399.5,29404.0,874
1789156620,29403.75,29408.0,29402.25,29404.0,1050
1789156680,29404.0,29404.25,29394.5,29394.75,1910
1789156740,29394.75,29401.0,29378.75,29386.5,10484
1789156800,29386.75,29391.0,29380.5,29383.25,2607
1789156860,29383.0,29390.0,29381.5,29388.5,940
1789156920,29388.25,29390.25,29384.5,29386.75,510
1789156980,29387.25,29389.5,29384.75,29389.0,466
1789157040,29389.5,29389.75,29381.75,29385.25,471
1789157100,29385.5,29389.25,29385.0,29386.5,266
1789157160,29386.5,29389.5,29384.25,29386.5,333
1789157220,29386.25,29391.0,29385.75,29389.25,309
1789157280,29390.5,29392.75,29388.75,29392.25,190
1789157340,29392.25,29392.5,29390.0,29390.75,211
1789157400,29391.0,29393.0,29385.0,29385.5,384
1789157460,29385.0,29385.0,29380.5,29383.0,199
1789157520,29383.25,29383.25,29378.75,29381.0,169
1789157580,29381.0,29382.75,29377.5,29378.0,187
1789157640,29377.5,29384.25,29376.25,29381.25,254
1789157700,29381.5,29382.5,29379.25,29381.0,149
1789157760,29380.75,29382.25,29379.75,29380.5,54
1789157820,29380.25,29381.5,29379.25,29380.25,57
1789157880,29380.0,29380.0,29376.5,29377.75,87
1789157940,29377.75,29378.25,29376.5,29378.0,41
1789158000,29378.0,29383.5,29378.0,29383.5,119
1789158060,29383.5,29386.25,29380.25,29384.75,159
1789158120,29385.0,29385.75,29382.5,29385.5,76
1789158180,29385.25,29387.25,29384.5,29385.0,58
1789158240,29385.25,29385.5,29383.25,29384.75,47
1789158300,29385.25,29385.5,29383.0,29383.75,36
1789158360,29383.0,29383.25,29382.5,29382.5,16
1789158420,29382.25,29382.25,29380.25,29381.0,49
1789158480,29381.5,29385.0,29380.75,29384.5,61
1789158540,29384.75,29386.5,29384.0,29384.5,80
1789158600,29384.75,29386.5,29384.25,29385.75,40
1789158660,29386.0,29388.75,29386.0,29387.25,163
1789158720,29387.5,29393.75,29387.5,29393.75,198
1789158780,29393.25,29394.0,29391.0,29393.5,86
1789158840,29393.0,29393.5,29388.75,29390.5,96
1789158900,29390.75,29391.75,29390.0,29391.25,49
1789158960,29390.75,29391.5,29389.0,29389.75,57
1789159020,29391.0,29394.5,29391.0,29391.75,115
1789159080,29392.5,29396.5,29391.5,29395.5,154
1789159140,29395.25,29396.5,29394.75,29395.5,64
1789159200,29395.0,29396.25,29392.5,29393.75,159
1789159260,29393.75,29394.0,29389.25,29390.0,114
1789159320,29390.5,29392.0,29388.0,29388.25,31
1789159380,29388.0,29390.25,29386.25,29389.0,51
1789159440,29389.0,29392.0,29388.0,29389.25,111
1789159500,29389.25,29390.5,29383.25,29384.5,141
1789159560,29384.75,29388.5,29384.0,29387.75,80
1789159620,29387.75,29388.0,29386.0,29386.0,32
1789159680,29387.0,29388.75,29385.0,29388.75,51
1789159740,29389.25,29390.25,29386.5,29387.25,142
1789159800,29387.75,29390.75,29387.0,29387.0,59
1789159860,29388.0,29390.25,29387.25,29390.0,27
1789159920,29389.75,29390.5,29387.5,29387.75,22
1789159980,29388.5,29390.25,29388.5,29389.75,29
1789160040,29389.75,29393.75,29389.5,29393.75,60
1789160100,29392.75,29393.75,29391.5,29391.5,40
1789160160,29392.0,29392.25,29389.5,29390.0,56
1789160220,29391.25,29392.25,29389.75,29392.25,68
1789160280,29391.75,29397.5,29391.0,29393.0,219
1789160340,29392.5,29394.75,29390.0,29391.75,137
