time,open,high,low,close,volume
1782964800,30155.5,30157.0,30127.25,30127.5,417
1782965700,30127.5,30141.75,30102.75,30135.5,1276
1782966600,30134.5,30135.75,30064.25,30068.75,1707
1782967500,30066.0,30122.25,30050.0,30111.25,1671
1782968400,30114.0,30154.25,30094.25,30145.5,1691
1782969300,30145.5,30159.75,30112.75,30115.5,1320
1782970200,30115.75,30116.75,30047.0,30053.5,2197
1782971100,30053.75,30073.0,30037.25,30051.0,1756
1782972000,30052.0,30066.0,29954.5,29954.5,2986
1782972900,29954.0,29995.0,29947.0,29952.75,2429
1782973800,29953.75,30007.5,29953.75,29971.75,1604
1782974700,29975.0,29978.0,29895.0,29919.75,3875
1782975600,29921.25,29937.5,29832.25,29833.0,3603
1782976500,29836.75,29872.75,29826.25,29863.75,2460
1782977400,29866.0,29943.5,29858.75,29939.5,2740
1782978300,29939.75,29944.5,29884.5,29891.25,1888
1782979200,29893.5,29927.0,29827.25,29841.0,2702
1782980100,29844.25,29941.75,29839.25,29926.25,1774
1782981000,29924.5,30014.5,29916.25,29980.75,3189
1782981900,29982.0,30038.25,29970.25,30033.0,2065
1782982800,30032.75,30033.5,29961.0,29984.0,1852
1782983700,29984.5,29987.25,29943.5,29983.25,1705
1782984600,29982.5,30015.0,29978.0,29998.75,1776
1782985500,29998.25,29998.25,29952.0,29957.75,1062
1782986400,29959.5,29959.75,29920.0,29934.5,1628
1782987300,29932.0,29961.25,29924.25,29948.0,1001
1782988200,29948.0,30005.5,29948.0,29978.5,2139
1782989100,29979.25,30008.5,29972.0,30005.75,1103
1782990000,30005.25,30021.5,29967.5,30007.0,2735
1782990900,30005.75,30014.0,29967.0,30005.75,1624
1782991800,30006.0,30064.75,29990.75,30057.5,2477
1782992700,30058.0,30079.0,30034.0,30034.25,2808
1782993600,30035.25,30140.75,30022.25,30131.25,3467
1782994500,30131.75,30190.25,30127.25,30182.75,3764
1782995400,30183.0,30320.0,30175.0,30241.5,12731
1782996300,30242.5,30265.25,30155.0,30182.75,6589
1782997200,30185.0,30215.0,30118.0,30142.0,7474
1782998100,30141.5,30184.0,30073.5,30074.5,7533
1782999000,30075.75,30188.75,30007.75,30124.25,38223
1782999900,30127.0,30263.0,30102.0,30257.5,24266
1783000800,30257.75,30293.5,30131.5,30215.5,21079
1783001700,30216.25,30226.5,29910.75,29935.0,30111
1783002600,29935.0,30006.25,29777.0,29809.5,33599
1783003500,29810.0,29868.25,29730.75,29840.25,23693
1783004400,29840.25,29852.0,29629.0,29716.5,23111
1783005300,29718.75,29748.25,29610.75,29672.5,19649
1783006200,29671.0,29817.25,29667.75,29711.75,15816
1783007100,29710.0,29747.75,29636.25,29676.0,14108
1783008000,29676.75,29688.25,29585.0,29646.75,15345
1783008900,29649.25,29653.25,29548.0,29558.75,13279
1783009800,29559.0,29563.25,29453.25,29539.0,20093
1783010700,29537.0,29542.5,29434.0,29462.25,13071
1783011600,29461.0,29482.5,29387.5,29454.0,16004
1783012500,29453.75,29482.75,29421.75,29447.5,9916
1783013400,29447.75,29473.25,29355.75,29404.75,11787
1783014300,29405.5,29408.5,29328.5,29338.5,10452
1783015200,29339.5,29503.25,29330.5,29459.25,15323
1783016100,29460.75,29489.25,29409.75,29488.0,10680
1783017000,29487.75,29525.0,29464.25,29481.0,9729
1783017900,29480.75,29528.0,29439.25,29489.0,11262
1783018800,29488.75,29503.25,29381.5,29413.0,12087
1783019700,29412.5,29445.0,29349.5,29421.75,10078
1783020600,29422.5,29475.5,29412.0,29454.25,11153
1783021500,29454.5,29588.0,29432.0,29539.5,29602
1783022400,29539.25,29553.0,29514.0,29545.5,11820
1783023300,29546.25,29561.75,29533.0,29548.0,3317
1783024200,29549.5,29564.75,29537.75,29541.75,2018
1783025100,29542.25,29558.75,29536.25,29551.75,1841
1783029600,29566.0,29591.5,29559.25,29580.25,564
1783030500,29581.0,29598.0,29576.75,29578.5,767
1783031400,29578.25,29621.5,29568.0,29620.5,1196
1783032300,29620.5,29622.25,29609.5,29618.75,444
1783033200,29615.75,29617.25,29553.75,29558.5,1377
1783034100,29560.5,29608.0,29552.0,29602.0,1516
1783035000,29600.0,29618.75,29571.25,29571.25,1189
1783035900,29573.0,29610.5,29565.5,29600.5,855
1783036800,29598.75,29638.75,29541.0,29617.0,2575
1783037700,29615.0,29621.25,29558.0,29561.5,1442
1783038600,29561.25,29601.5,29534.0,29554.5,1463
1783039500,29552.75,29572.25,29522.0,29536.5,1220
1783040400,29539.5,29697.5,29535.25,29673.0,2968
1783041300,29673.5,29680.5,29646.5,29655.0,1108
1783042200,29655.0,29683.25,29643.25,29675.0,1124
1783043100,29675.75,29699.5,29659.75,29682.5,1640
1783044000,29684.75,29716.5,29680.5,29695.0,1207
1783044900,29695.5,29732.0,29693.5,29729.75,903
1783045800,29728.0,29732.0,29706.25,29723.75,880
1783046700,29725.5,29755.75,29724.75,29750.75,1059
1783047600,29749.75,29755.25,29730.75,29746.25,920
1783048500,29746.75,29761.75,29742.0,29761.0,574
1783049400,29760.75,29775.25,29720.0,29723.0,1148
1783050300,29722.5,29769.75,29717.75,29768.0,988
1783288800,29930.25,29979.5,29860.75,29901.5,3411
1783289700,29899.5,29948.75,29890.0,29936.0,2022
1783290600,29936.75,29973.25,29901.75,29971.0,1832
1783291500,29969.75,29979.0,29901.75,29946.0,1391
1783292400,29946.5,30008.25,29901.75,29990.25,2635
1783293300,29988.0,30003.75,29901.75,29985.25,1088
1783294200,29983.5,30011.25,29901.75,29976.0,1360
1783295100,29974.5,30005.75,29963.75,29983.75,1621
1783296000,29987.75,29988.75,29900.0,29982.75,3493
1783296900,29982.5,30004.75,29879.75,29882.75,2766
1783297800,29882.25,29944.5,29845.0,29933.75,3177
1783298700,29937.5,29969.75,29901.75,29928.25,2218
1783299600,29926.5,29932.0,29867.25,29880.0,2437
1783300500,29879.75,29901.75,29773.75,29814.25,3737
1783301400,29813.25,29901.75,29807.0,29817.25,2115
1783302300,29816.25,29901.75,29750.0,29792.75,3072
1783303200,29793.25,29901.75,29754.5,29759.5,2811
1783304100,29761.25,29791.75,29735.0,29736.25,2673
1783305000,29737.0,29901.75,29693.5,29699.25,2497
1783305900,29700.5,29901.75,29683.0,29725.25,2072
1783306800,29726.5,29901.75,29716.75,29771.0,2506
1783307700,29772.0,29901.75,29748.0,29788.0,1371
1783308600,29789.5,29806.5,29738.0,29740.5,2177
1783309500,29740.25,29901.75,29693.25,29718.75,2378
1783310400,29730.25,29778.0,29703.0,29774.75,2169
1783311300,29771.5,29801.0,29769.0,29794.75,1474
1783312200,29795.5,29836.0,29788.5,29828.5,1453
1783313100,29826.75,29840.5,29813.0,29828.25,977
1783314000,29829.5,29830.5,29792.75,29807.25,985
1783314900,29809.25,29818.5,29767.75,29769.5,1044
1783315800,29770.0,29799.0,29752.5,29788.25,1195
1783316700,29789.5,29801.5,29766.25,29790.5,805
1783317600,29791.5,29807.5,29754.75,29759.75,1089
1783318500,29760.75,29797.0,29755.25,29790.5,871
1783319400,29789.0,29858.25,29784.5,29854.5,2167
1783320300,29855.0,29855.5,29832.5,29847.25,1030
1783321200,29846.25,29862.75,29829.75,29848.0,1206
1783322100,29850.5,29863.75,29817.75,29820.25,924
1783323000,29822.0,29876.25,29816.25,29872.75,846
1783323900,29870.5,29875.25,29851.25,29852.5,606
1783324800,29852.75,29884.0,29803.5,29821.75,1864
1783325700,29824.25,29833.25,29780.0,29833.25,1140
1783326600,29831.0,29853.0,29807.75,29843.25,939
1783327500,29845.75,29870.75,29838.5,29867.0,725
1783328400,29869.75,29875.0,29844.0,29853.75,952
1783329300,29853.75,29869.75,29850.0,29863.5,606
1783330200,29864.75,29867.0,29839.0,29849.75,591
1783331100,29849.75,29888.5,29827.5,29877.0,1293
1783332000,29878.0,29891.5,29852.25,29878.5,998
1783332900,29878.5,29884.75,29860.75,29864.75,628
1783333800,29864.0,29885.0,29854.25,29857.0,721
1783334700,29856.0,29884.5,29847.25,29884.5,744
1783335600,29884.25,29896.0,29841.75,29857.75,1437
1783336500,29858.25,29891.75,29854.75,29880.75,1223
1783337400,29879.5,29897.5,29871.0,29882.75,1246
1783338300,29883.25,29915.0,29876.25,29877.75,1939
1783339200,29879.0,29936.0,29865.5,29931.5,2934
1783340100,29932.25,29936.0,29876.25,29893.25,2502
1783341000,29893.5,29924.5,29886.75,29900.5,2170
1783341900,29900.5,29935.0,29898.75,29934.0,1673
1783342800,29934.75,29938.0,29855.25,29858.0,3909
1783343700,29859.25,29865.0,29820.25,29834.75,6326
1783344600,29835.75,29939.25,29776.25,29921.5,32735
1783345500,29917.0,30009.0,29896.0,29932.5,26464
1783346400,29935.5,30027.75,29903.25,30021.75,19540
1783347300,30021.75,30042.5,29986.75,30012.75,15550
1783348200,30013.25,30057.25,29988.0,30037.75,14289
1783349100,30037.5,30067.5,29986.75,30025.25,13110
1783350000,30025.75,30044.0,29959.0,29984.0,12381
1783350900,29984.0,30062.75,29941.25,30061.0,13321
1783351800,30061.0,30079.0,30031.5,30070.0,11291
1783352700,30070.25,30083.75,30049.25,30074.25,7667
1783353600,30074.0,30094.0,30053.5,30070.5,7864
1783354500,30071.25,30078.25,30024.75,30032.25,7588
1783355400,30033.75,30044.25,30002.75,30016.5,8007
1783356300,30017.25,30038.5,29981.0,29990.0,8042
1783357200,29989.0,30036.75,29975.25,30019.0,8162
1783358100,30019.25,30032.0,29948.0,29954.75,8748
1783359000,29955.5,29960.5,29882.25,29904.75,12975
1783359900,29904.5,29936.0,29882.75,29896.75,9596
1783360800,29896.25,29967.5,29895.5,29949.25,9978
1783361700,29950.0,30000.0,29950.0,29971.75,8904
1783362600,29971.75,29984.25,29948.5,29978.0,7201
1783363500,29978.0,30004.0,29973.75,29990.0,6054
1783364400,29990.75,30025.0,29980.75,30011.25,7610
1783365300,30011.5,30052.0,30004.5,30035.5,7641
1783366200,30035.75,30038.0,29996.25,30024.0,9654
1783367100,30023.75,30036.25,29931.5,29951.0,26268
1783368000,29950.75,29972.75,29933.0,29964.0,9052
1783368900,29963.25,29970.0,29950.5,29959.5,2005
1783369800,29960.0,29965.5,29952.5,29955.75,1332
1783370700,29955.25,29959.25,29931.25,29947.75,1868
1783375200,29960.0,29970.0,29940.25,29964.25,849
1783376100,29966.5,29973.75,29950.75,29951.75,839
1783377000,29951.25,29970.0,29942.75,29950.0,1143
1783377900,29949.75,29950.25,29889.0,29894.75,1878
1783378800,29893.5,29928.75,29891.75,29907.0,1199
1783379700,29906.0,29906.5,29872.75,29898.25,1525
1783380600,29897.75,29906.0,29864.75,29874.75,1394
1783381500,29874.75,29875.5,29839.25,29852.25,2309
1783382400,29851.0,29881.0,29825.75,29826.5,2434
1783383300,29829.0,29914.25,29816.25,29878.75,3259
1783384200,29879.5,29886.75,29808.25,29831.75,2666
1783385100,29831.25,29856.75,29808.25,29816.75,2138
1783386000,29819.75,29835.75,29800.0,29802.5,1950
1783386900,29805.75,29814.25,29726.5,29740.0,3282
1783387800,29739.25,29789.75,29716.5,29788.5,2782
1783388700,29789.25,29822.0,29768.5,29773.0,2167
1783389600,29774.25,29816.5,29767.25,29806.5,1457
1783390500,29806.25,29819.25,29769.75,29772.75,1228
1783391400,29771.5,29780.25,29738.75,29779.5,1963
1783392300,29780.0,29780.0,29744.25,29748.0,1531
1783393200,29748.0,29784.75,29741.5,29758.0,1342
1783394100,29757.5,29761.0,29680.0,29684.25,3631
1783395000,29685.25,29709.0,29662.0,29664.75,2727
1783395900,29663.75,29664.25,29628.25,29661.75,2696
1783396800,29666.25,29669.75,29638.0,29638.5,2118
1783397700,29639.0,29646.25,29616.0,29639.0,1471
1783398600,29640.0,29656.75,29621.5,29633.75,1260
1783399500,29633.75,29639.5,29607.5,29625.5,1188
1783400400,29626.25,29627.0,29585.25,29587.5,1460
1783401300,29585.5,29607.5,29558.5,29590.0,2480
1783402200,29591.75,29665.0,29591.75,29660.75,2571
1783403100,29659.5,29704.5,29646.0,29689.75,2301
1783404000,29688.75,29701.25,29631.25,29641.5,2075
1783404900,29643.0,29674.0,29641.5,29663.0,1578
1783405800,29662.0,29684.0,29647.0,29684.0,1385
1783406700,29683.5,29693.25,29663.25,29688.75,1144
1783407600,29689.0,29724.0,29667.75,29718.0,2772
1783408500,29717.5,29744.0,29711.75,29717.0,2057
1783409400,29715.5,29723.0,29693.0,29693.25,1130
1783410300,29693.25,29700.0,29644.0,29645.5,2306
1783411200,29646.75,29695.75,29641.25,29687.75,2186
1783412100,29687.75,29709.25,29682.0,29691.75,1240
1783413000,29692.25,29705.0,29671.75,29682.5,1069
1783413900,29683.0,29696.25,29658.5,29660.25,995
1783414800,29660.75,29690.5,29642.5,29687.0,1649
1783415700,29688.25,29693.5,29655.25,29655.5,569
1783416600,29658.25,29660.75,29628.25,29650.0,2279
1783417500,29649.75,29665.5,29622.5,29662.25,1033
1783418400,29663.25,29689.5,29639.5,29647.75,3327
1783419300,29649.0,29689.25,29646.5,29673.5,2912
1783420200,29673.25,29673.5,29643.75,29647.0,1290
1783421100,29648.25,29659.25,29625.25,29659.25,1494
1783422000,29660.5,29661.75,29602.5,29614.25,2070
1783422900,29613.0,29651.25,29612.0,29632.0,1289
1783423800,29632.5,29632.5,29591.25,29623.0,1841
1783424700,29621.25,29645.75,29601.0,29642.5,1769
1783425600,29640.75,29716.0,29639.25,29704.0,4414
1783426500,29702.75,29705.75,29658.5,29688.0,2218
1783427400,29686.5,29708.0,29664.0,29686.5,2094
1783428300,29685.25,29687.5,29622.0,29642.25,3408
1783429200,29642.25,29655.75,29610.5,29641.5,4565
1783430100,29641.25,29652.75,29580.0,29592.25,6363
1783431000,29593.0,29685.75,29491.25,29595.0,44874
1783431900,29594.0,29596.75,29420.25,29469.0,31501
1783432800,29468.75,29505.75,29332.0,29343.0,30054
1783433700,29342.0,29378.25,29259.75,29303.25,27489
1783434600,29303.5,29327.75,29210.0,29239.75,22044
1783435500,29239.5,29325.75,29232.5,29302.5,20335
1783436400,29302.25,29358.0,29271.25,29318.25,15934
1783437300,29317.0,29322.5,29271.75,29314.0,12556
1783438200,29315.0,29330.0,29248.25,29329.0,12341
1783439100,29329.25,29389.25,29325.25,29386.75,13286
1783440000,29388.0,29473.75,29377.0,29466.25,15736
1783440900,29467.25,29548.0,29450.5,29532.0,17039
1783441800,29532.25,29558.25,29486.25,29527.75,13296
1783442700,29527.25,29557.75,29502.5,29540.0,10114
1783443600,29539.5,29580.75,29530.0,29534.5,11514
1783444500,29533.25,29573.5,29510.0,29533.75,9196
1783445400,29533.5,29570.0,29532.5,29561.75,7816
1783446300,29561.25,29568.0,29528.25,29567.25,6683
1783447200,29567.5,29574.25,29531.25,29547.25,7274
1783448100,29547.5,29561.0,29509.75,29517.0,7320
1783449000,29517.5,29531.5,29452.75,29472.75,10730
1783449900,29472.25,29485.0,29385.25,29391.0,14681
1783450800,29390.25,29410.0,29318.5,29334.75,13824
1783451700,29334.5,29335.75,29271.0,29321.25,13658
1783452600,29320.75,29371.75,29303.75,29310.0,13241
1783453500,29309.75,29400.0,29306.5,29395.5,24753
1783454400,29395.75,29437.25,29387.75,29417.25,11672
1783455300,29417.75,29423.75,29393.25,29415.75,2853
1783456200,29416.0,29424.75,29413.75,29416.25,1214
1783457100,29416.0,29423.25,29412.5,29419.5,1440
1783461600,29373.75,29375.75,29319.5,29374.25,1005
1783462500,29376.25,29388.0,29364.5,29372.75,1110
1783463400,29374.0,29400.0,29363.75,29383.25,1336
1783464300,29384.25,29395.0,29371.75,29386.75,422
1783465200,29391.5,29395.0,29356.0,29376.0,1943
1783466100,29376.75,29406.0,29373.75,29396.25,1049
1783467000,29396.25,29407.0,29339.0,29343.75,1621
1783467900,29345.5,29359.75,29292.5,29300.5,2071
1783468800,29300.0,29426.5,29266.0,29414.5,5372
1783469700,29417.75,29477.5,29391.25,29454.5,4167
1783470600,29452.75,29515.75,29407.25,29515.25,3879
1783471500,29517.0,29547.0,29512.0,29543.5,2997
1783472400,29543.75,29558.75,29495.0,29550.0,3168
1783473300,29554.75,29554.75,29481.5,29485.25,2526
1783474200,29489.0,29495.25,29427.0,29457.75,3058
1783475100,29459.75,29485.25,29427.5,29438.0,1824
1783476000,29437.75,29443.25,29388.0,29397.5,2395
1783476900,29397.25,29458.75,29391.5,29421.5,2160
1783477800,29422.25,29456.75,29399.75,29456.25,1639
1783478700,29457.0,29475.0,29445.25,29461.25,1296
1783479600,29461.5,29496.0,29461.25,29487.5,1389
1783480500,29488.5,29519.75,29475.5,29517.5,1446
1783481400,29517.25,29532.25,29481.25,29487.5,1667
1783482300,29487.5,29493.25,29466.25,29470.75,860
1783483200,29465.25,29470.0,29433.25,29442.75,1474
1783484100,29443.75,29464.0,29428.0,29442.5,1798
1783485000,29442.75,29446.0,29391.25,29413.75,1807
1783485900,29408.0,29422.5,29376.75,29415.0,1774
1783486800,29417.0,29447.25,29399.25,29407.5,1308
1783487700,29409.0,29432.0,29378.75,29384.5,1128
1783488600,29384.0,29385.75,29345.75,29353.0,2226
1783489500,29351.75,29363.0,29311.75,29347.5,2221
1783490400,29346.75,29363.5,29329.5,29345.0,2216
1783491300,29343.25,29358.75,29320.25,29324.75,1864
1783492200,29320.25,29332.75,29285.0,29289.75,1920
1783493100,29288.25,29352.5,29282.25,29329.25,1703
1783494000,29329.25,29335.25,29281.75,29302.5,2158
1783494900,29303.0,29355.0,29281.0,29353.0,2123
1783495800,29351.0,29394.75,29346.25,29394.75,2478
1783496700,29395.0,29404.25,29369.0,29381.0,1555
1783497600,29383.0,29413.0,29341.25,29411.25,2101
1783498500,29409.25,29414.75,29063.5,29079.75,10292
1783499400,29080.0,29103.5,28957.25,29019.5,8822
1783500300,29021.75,29099.0,29002.0,29009.5,5575
1783501200,29010.75,29034.0,28912.75,28914.75,5901
1783502100,28914.75,28971.25,28909.75,28961.25,3123
1783503000,28959.25,29011.0,28954.5,28987.25,3150
1783503900,28988.25,29004.5,28947.25,28957.75,2080
1783504800,28960.75,28986.5,28922.75,28958.25,2681
1783505700,28958.75,29021.75,28948.0,29020.25,2215
1783506600,29018.0,29055.0,28996.0,29049.5,3003
1783507500,29047.5,29063.0,29010.5,29018.75,1789
1783508400,29020.75,29028.5,28977.0,29003.0,3195
1783509300,29003.25,29012.75,28975.5,28987.25,1354
1783510200,28984.75,29124.75,28973.0,29085.25,4288
1783511100,29084.25,29114.75,29053.0,29089.25,3816
1783512000,29088.0,29184.25,29054.25,29149.5,5633
1783512900,29150.75,29180.0,29124.75,29177.25,2692
1783513800,29176.75,29192.25,29145.75,29184.25,3264
1783514700,29183.5,29239.5,29151.75,29155.0,5504
1783515600,29154.75,29221.75,29148.0,29212.5,5052
1783516500,29212.0,29230.0,29154.0,29202.25,8062
1783517400,29202.75,29385.0,29201.0,29347.75,37015
1783518300,29349.5,29399.0,29287.75,29367.5,22552
1783519200,29366.25,29389.25,29245.75,29271.25,19378
1783520100,29271.75,29373.0,29235.25,29292.5,19064
1783521000,29292.75,29335.25,29209.25,29252.5,18095
1783521900,29252.25,29297.5,29151.0,29210.25,20832
1783522800,29212.0,29224.25,29131.0,29136.75,11922
1783523700,29138.25,29161.75,29034.5,29057.75,17189
1783524600,29058.0,29153.0,29034.0,29114.0,15032
1783525500,29113.75,29131.0,29051.25,29096.25,10851
1783526400,29097.25,29222.25,29092.75,29214.5,13040
1783527300,29216.0,29303.25,29194.5,29277.0,14005
1783528200,29275.5,29350.0,29245.5,29331.0,16225
1783529100,29331.5,29377.0,29309.75,29373.25,9914
1783530000,29372.25,29389.75,29335.5,29336.25,9574
1783530900,29336.75,29445.25,29334.75,29440.25,10753
1783531800,29441.5,29457.75,29382.5,29388.5,8512
1783532700,29387.75,29390.0,29324.25,29352.5,10037
1783533600,29352.25,29429.25,29330.0,29406.0,9129
1783534500,29407.25,29418.0,29369.0,29372.75,6110
1783535400,29371.75,29417.75,29347.5,29400.75,7762
1783536300,29401.25,29424.25,29380.25,29405.75,6581
1783537200,29405.75,29437.25,29375.75,29395.75,7523
1783538100,29396.25,29438.75,29380.0,29425.25,6656
1783539000,29425.0,29433.25,29388.5,29418.25,6686
1783539900,29417.0,29500.0,29381.0,29457.75,21997
1783540800,29457.75,29468.5,29403.75,29424.0,8368
1783541700,29424.75,29425.0,29386.5,29394.25,2765
1783542600,29394.75,29398.25,29353.25,29386.25,3165
1783543500,29385.25,29407.25,29374.0,29391.25,1881
1783548000,29412.0,29446.0,29402.75,29434.75,956
1783548900,29432.5,29449.25,29404.25,29424.25,975
1783549800,29424.5,29439.5,29407.5,29409.0,764
1783550700,29409.25,29428.75,29405.5,29425.5,438
1783551600,29424.0,29457.5,29422.25,29444.75,975
1783552500,29444.25,29444.25,29395.0,29424.75,1252
1783553400,29421.0,29487.0,29400.75,29479.75,2067
1783554300,29479.5,29503.25,29468.25,29491.25,1573
1783555200,29491.0,29564.5,29491.0,29562.75,3772
1783556100,29562.5,29567.75,29518.25,29561.75,2695
1783557000,29563.25,29583.0,29512.5,29519.5,2282
1783557900,29515.75,29562.75,29486.25,29503.5,2522
1783558800,29504.5,29538.25,29462.75,29513.25,2749
1783559700,29514.5,29555.25,29500.5,29529.0,1685
1783560600,29531.75,29541.25,29506.75,29531.0,1204
1783561500,29531.5,29537.5,29444.5,29449.0,2670
1783562400,29450.5,29529.5,29426.0,29527.5,3046
1783563300,29525.75,29579.0,29517.25,29533.75,2725
1783564200,29534.0,29544.25,29460.0,29462.5,2004
1783565100,29462.25,29467.75,29419.0,29429.5,2611
1783566000,29430.75,29449.75,29405.0,29423.25,1932
1783566900,29424.0,29481.5,29396.5,29480.0,1571
1783567800,29480.75,29514.5,29474.25,29512.25,1440
1783568700,29510.25,29518.0,29497.0,29505.75,737
1783569600,29506.75,29513.0,29495.0,29500.5,799
1783570500,29499.75,29518.5,29462.5,29474.5,1056
1783571400,29475.0,29539.0,29475.0,29536.25,1682
1783572300,29536.25,29558.5,29521.5,29554.0,964
1783573200,29554.75,29597.0,29508.75,29566.75,2529
1783574100,29567.5,29577.75,29512.5,29515.0,1643
1783575000,29513.75,29539.5,29474.75,29536.5,1622
1783575900,29537.25,29610.0,29532.5,29607.75,2093
1783576800,29606.5,29616.5,29572.25,29606.25,2228
1783577700,29603.5,29644.25,29602.5,29628.5,2034
1783578600,29628.5,29637.0,29597.75,29628.5,1842
1783579500,29627.0,29632.25,29601.5,29612.0,1145
1783580400,29613.25,29655.75,29603.75,29654.5,2754
1783581300,29655.75,29667.75,29639.75,29651.75,2077
1783582200,29653.25,29683.25,29640.5,29681.5,1443
1783583100,29682.5,29706.75,29671.25,29686.25,2596
1783584000,29684.75,29734.25,29664.0,29705.5,2459
1783584900,29705.75,29735.75,29694.0,29699.25,1596
1783585800,29697.0,29705.25,29660.0,29677.5,1778
1783586700,29676.75,29681.5,29643.0,29661.25,1362
1783587600,29663.5,29669.0,29629.0,29639.5,976
1783588500,29641.25,29663.25,29633.5,29650.0,1023
1783589400,29647.75,29661.0,29613.75,29621.25,1269
1783590300,29622.0,29649.0,29618.25,29644.0,888
1783591200,29645.5,29656.5,29633.25,29647.75,775
1783592100,29650.0,29669.0,29632.25,29650.5,1034
1783593000,29649.5,29660.75,29629.0,29640.25,962
1783593900,29641.25,29645.0,29564.5,29600.25,2853
1783594800,29601.75,29626.0,29579.0,29610.5,1677
1783595700,29611.25,29643.75,29593.75,29641.0,2139
1783596600,29641.0,29690.0,29626.75,29683.25,2388
1783597500,29684.75,29721.75,29674.25,29696.0,3600
1783598400,29696.75,29732.75,29681.0,29715.75,2903
1783599300,29716.25,29755.0,29704.25,29749.25,2908
1783600200,29748.0,29786.5,29740.0,29748.5,4821
1783601100,29748.25,29748.5,29715.25,29736.0,3467
1783602000,29735.25,29759.5,29725.25,29757.25,2992
1783602900,29757.25,29758.75,29726.75,29747.0,5734
1783603800,29746.25,29871.25,29672.0,29858.5,33418
1783604700,29859.25,29931.25,29808.5,29909.5,26088
1783605600,29909.75,29922.75,29785.25,29802.75,21156
1783606500,29803.5,29803.5,29614.5,29763.75,32710
1783607400,29763.25,29799.0,29694.25,29759.5,14965
1783608300,29758.5,29821.25,29723.5,29787.75,14863
1783609200,29788.25,29864.25,29779.5,29854.75,11492
1783610100,29853.5,29886.25,29830.0,29873.5,11352
1783611000,29874.25,29899.75,29856.25,29882.0,7675
1783611900,29883.0,29905.25,29878.5,29886.25,9279
1783612800,29886.5,29924.25,29886.5,29900.25,7857
1783613700,29900.25,29917.0,29880.75,29890.75,6937
1783614600,29890.5,29916.5,29864.0,29909.0,9492
1783615500,29908.5,29913.25,29885.25,29897.25,5244
1783616400,29897.0,29969.5,29893.5,29954.25,12077
1783617300,29954.25,29991.0,29954.0,29988.0,7357
1783618200,29988.75,29993.5,29962.0,29974.5,6290
1783619100,29974.75,29992.25,29950.75,29973.75,6132
1783620000,29974.75,29985.0,29960.75,29975.5,5796
1783620900,29976.5,29981.0,29942.0,29956.75,6902
1783621800,29957.25,29968.25,29939.5,29958.25,6146
1783622700,29957.25,29965.0,29929.5,29939.25,6420
1783623600,29939.75,29941.5,29905.25,29916.0,8700
1783624500,29916.5,29958.25,29902.75,29932.25,8530
1783625400,29932.0,29945.5,29909.0,29943.25,8456
1783626300,29943.5,29954.75,29896.75,29948.0,23304
1783627200,29948.5,29973.75,29942.75,29966.5,8693
1783628100,29967.0,29970.25,29937.0,29940.0,2039
1783629000,29939.5,29949.25,29932.0,29934.75,1522
1783629900,29935.0,29939.5,29926.25,29931.25,2107
1783634400,29937.75,29961.0,29923.5,29936.75,1108
1783635300,29938.0,29945.25,29904.0,29907.75,1404
1783636200,29908.75,29922.5,29905.5,29920.25,630
1783637100,29921.75,29927.5,29913.25,29922.0,564
1783638000,29921.5,29942.0,29907.0,29939.75,1128
1783638900,29937.75,29964.25,29929.5,29956.0,1245
1783639800,29958.75,29959.0,29938.5,29942.0,790
1783640700,29941.0,29958.0,29926.0,29932.5,1339
1783641600,29933.25,29952.0,29858.0,29894.0,3955
1783642500,29895.25,29903.5,29820.75,29837.0,3096
1783643400,29838.0,29845.0,29804.25,29828.0,2775
1783644300,29827.5,29870.0,29808.0,29866.5,3342
1783645200,29866.5,29870.75,29817.5,29845.5,2587
1783646100,29843.5,29877.25,29836.75,29866.25,1573
1783647000,29867.25,29902.5,29854.75,29885.25,1853
1783647900,29885.75,29922.75,29881.5,29891.5,1723
1783648800,29895.0,29901.25,29865.25,29880.75,1568
1783649700,29881.25,29884.75,29854.25,29882.5,1876
1783650600,29883.25,29916.25,29874.0,29908.25,1507
1783651500,29908.5,29952.5,29902.0,29951.25,1796
1783652400,29952.0,29963.5,29940.25,29947.25,1049
1783653300,29947.5,29950.5,29922.0,29923.5,865
1783654200,29925.25,29932.75,29917.0,29925.0,695
1783655100,29922.75,29933.75,29912.5,29930.5,692
1783656000,29936.75,29948.75,29931.5,29947.75,982
1783656900,29946.0,29947.5,29917.25,29927.5,739
1783657800,29928.0,29929.25,29906.25,29915.25,1082
1783658700,29915.5,29917.5,29875.25,29881.75,1546
1783659600,29883.75,29886.5,29865.75,29882.5,1241
1783660500,29883.25,29897.0,29870.25,29876.5,1150
1783661400,29877.25,29881.25,29852.0,29875.0,1553
1783662300,29875.75,29875.75,29840.0,29845.5,1185
1783663200,29847.25,29856.75,29820.0,29826.25,2340
1783664100,29824.75,29830.75,29775.25,29789.5,3349
1783665000,29788.75,29831.25,29785.5,29814.75,2485
1783665900,29814.0,29832.5,29809.5,29819.5,1116
1783666800,29819.25,29827.75,29796.0,29813.25,1352
1783667700,29813.0,29825.25,29790.5,29816.0,1286
1783668600,29816.0,29819.0,29793.75,29796.75,471
1783669500,29796.5,29799.0,29761.75,29774.0,1613
1783670400,29773.75,29799.5,29743.75,29796.75,2288
1783671300,29797.0,29803.75,29755.5,29768.75,1427
1783672200,29768.25,29785.25,29754.0,29785.25,1197
1783673100,29785.25,29799.0,29772.0,29773.25,1155
1783674000,29776.75,29800.75,29717.25,29795.5,2862
1783674900,29797.0,29817.5,29796.75,29813.5,1190
1783675800,29810.0,29827.75,29806.0,29815.5,989
1783676700,29818.0,29827.25,29800.75,29814.75,1106
1783677600,29820.75,29841.75,29818.0,29833.0,868
1783678500,29834.0,29839.75,29805.5,29839.5,1370
1783679400,29838.0,29862.0,29838.0,29862.0,1395
1783680300,29861.5,29862.25,29834.75,29850.75,968
1783681200,29850.0,29878.0,29849.0,29874.5,1796
1783682100,29875.25,29887.75,29850.5,29851.75,1555
1783683000,29851.5,29852.0,29811.5,29836.25,2013
1783683900,29837.25,29843.0,29806.75,29816.0,1651
1783684800,29816.75,29878.75,29771.25,29845.75,5272
1783685700,29843.75,29856.5,29825.0,29851.75,2197
1783686600,29852.0,29860.75,29819.5,29824.5,2595
1783687500,29825.75,29841.5,29800.0,29800.0,2437
1783688400,29800.5,29826.5,29790.5,29811.25,3412
1783689300,29811.5,29851.0,29801.5,29835.0,4471
1783690200,29834.75,29936.75,29798.0,29856.0,30432
1783691100,29855.5,29968.5,29852.75,29923.0,22648
1783692000,29922.75,29966.0,29906.5,29940.25,16246
1783692900,29940.5,29951.5,29844.75,29907.0,19864
1783693800,29907.5,29957.25,29675.0,29891.25,22744
1783694700,29891.25,29913.0,29808.75,29818.25,13134
1783695600,29818.5,29884.5,29780.0,29874.0,14391
1783696500,29874.0,29987.5,29872.75,29979.0,14260
1783697400,29980.0,29991.5,29834.0,29873.75,17425
1783698300,29875.25,29948.5,29847.75,29944.25,11470
1783699200,29944.25,29990.0,29943.75,29981.25,9669
1783700100,29981.5,30029.0,29981.5,30013.5,12154
1783701000,30013.25,30034.0,30004.0,30016.5,6818
1783701900,30015.75,30043.25,30012.0,30026.75,6466
1783702800,30026.5,30033.5,29996.5,30016.0,5499
1783703700,30015.25,30051.5,30008.5,30049.75,5574
1783704600,30049.75,30071.0,30038.0,30064.75,6794
1783705500,30065.0,30072.25,30031.25,30038.0,4837
1783706400,30039.0,30071.0,30034.25,30049.75,7676
1783707300,30049.25,30065.5,30021.5,30046.0,7747
1783708200,30045.25,30057.75,30031.25,30039.5,4274
1783709100,30039.0,30047.5,30028.25,30038.25,4678
1783710000,30038.5,30077.75,30033.0,30059.0,6833
1783710900,30058.5,30059.75,30036.5,30046.0,4947
1783711800,30046.25,30068.0,30044.75,30053.25,5516
1783712700,30053.25,30066.5,30024.75,30037.25,19159
1783713600,30037.25,30062.0,30031.75,30048.5,6430
1783714500,30047.75,30059.5,30046.25,30055.5,1284
1783715400,30054.5,30061.5,30051.5,30058.5,937
1783716300,30058.25,30073.75,30032.25,30032.25,1876
1783893600,29894.25,29915.0,29855.0,29864.25,1263
1783894500,29866.25,29897.5,29862.25,29887.25,2186
1783895400,29887.25,29904.25,29871.75,29893.5,1887
1783896300,29894.0,29915.0,29871.75,29910.25,1500
1783897200,29909.75,29910.5,29880.5,29891.25,1266
1783898100,29890.25,29894.25,29869.5,29890.25,1446
1783899000,29888.25,29898.25,29875.5,29888.75,868
1783899900,29889.25,29895.5,29845.0,29893.25,2461
1783900800,29892.0,30041.0,29871.5,30019.0,6048
1783901700,30018.0,30032.25,29958.0,29967.25,3090
1783902600,29968.0,29971.75,29850.0,29881.75,3710
1783903500,29883.75,29905.25,29807.5,29832.5,4456
1783904400,29836.75,29851.25,29788.75,29812.25,3384
1783905300,29812.75,29849.0,29789.0,29809.0,2421
1783906200,29808.75,29843.25,29789.5,29812.0,2124
1783907100,29812.25,29812.75,29737.25,29761.25,4739
1783908000,29762.75,29772.0,29727.0,29752.75,3372
1783908900,29753.0,29808.75,29745.0,29797.25,2224
1783909800,29798.5,29800.0,29746.5,29766.0,2118
1783910700,29766.25,29773.75,29714.5,29717.0,1663
1783911600,29717.5,29721.25,29684.75,29694.0,2285
1783912500,29694.0,29717.75,29682.0,29710.0,1673
1783913400,29709.0,29727.25,29683.75,29697.25,2146
1783914300,29697.25,29725.25,29690.0,29695.25,1227
1783915200,29689.75,29690.0,29650.0,29666.75,2487
1783916100,29666.5,29677.75,29638.75,29651.5,1616
1783917000,29651.5,29655.75,29622.75,29626.5,1436
1783917900,29624.0,29637.0,29612.75,29627.0,1298
1783918800,29627.75,29693.75,29606.5,29688.5,2983
1783919700,29684.0,29686.25,29577.0,29584.0,2641
1783920600,29585.0,29670.75,29542.75,29637.0,3564
1783921500,29637.5,29666.75,29614.75,29649.0,1784
1783922400,29650.5,29666.0,29585.5,29593.0,2143
1783923300,29592.0,29635.25,29588.75,29630.0,1831
1783924200,29630.25,29650.5,29598.5,29643.75,1707
1783925100,29641.75,29652.0,29611.25,29632.5,1598
1783926000,29631.5,29675.5,29607.0,29670.75,1913
1783926900,29671.5,29690.25,29642.25,29674.5,1928
1783927800,29670.75,29671.25,29636.0,29660.5,1279
1783928700,29660.75,29663.0,29636.75,29652.75,813
1783929600,29654.25,29707.0,29647.5,29703.75,2396
1783930500,29705.0,29741.5,29704.25,29725.75,2550
1783931400,29728.0,29735.0,29700.0,29726.5,1091
1783932300,29727.25,29754.0,29721.75,29747.5,1434
1783933200,29747.5,29751.25,29718.0,29732.75,1010
1783934100,29733.75,29766.25,29729.75,29763.25,1027
1783935000,29763.0,29776.5,29754.5,29773.75,762
1783935900,29773.25,29773.75,29752.0,29770.75,858
1783936800,29772.0,29778.0,29739.0,29747.0,1449
1783937700,29747.0,29765.5,29738.75,29741.25,874
1783938600,29741.0,29757.25,29736.5,29739.25,847
1783939500,29738.5,29764.0,29735.75,29756.75,938
1783940400,29755.75,29799.75,29751.25,29768.25,2405
1783941300,29767.75,29782.75,29741.5,29774.75,1431
1783942200,29773.0,29793.5,29765.0,29768.0,1127
1783943100,29767.75,29768.0,29728.75,29741.0,1507
1783944000,29742.0,29757.25,29693.75,29728.75,3809
1783944900,29730.0,29735.75,29682.75,29684.0,2549
1783945800,29684.5,29694.5,29655.5,29689.5,3154
1783946700,29688.75,29725.0,29687.25,29719.0,2265
1783947600,29719.25,29748.0,29711.0,29719.25,2565
1783948500,29718.5,29721.25,29683.25,29710.75,4441
1783949400,29710.0,29737.25,29552.25,29596.0,33221
1783950300,29596.25,29640.0,29518.0,29630.0,29400
1783951200,29631.0,29662.5,29560.75,29650.75,21314
1783952100,29651.75,29703.0,29488.5,29701.5,23594
1783953000,29701.25,29724.0,29624.25,29637.75,15893
1783953900,29638.25,29720.75,29603.5,29717.75,15144
1783954800,29718.0,29752.5,29671.0,29682.25,13250
1783955700,29681.75,29729.5,29662.0,29707.25,8553
1783956600,29709.0,29724.5,29648.25,29654.75,8454
1783957500,29654.75,29656.5,29596.75,29612.25,8886
1783958400,29611.25,29638.5,29584.25,29613.5,9704
1783959300,29613.25,29616.0,29535.0,29558.0,11826
1783960200,29557.75,29557.75,29460.75,29537.25,18025
1783961100,29537.0,29556.25,29463.75,29525.75,10926
1783962000,29526.5,29580.75,29516.5,29541.0,7952
1783962900,29541.5,29551.5,29498.25,29518.25,6971
1783963800,29518.75,29533.25,29485.25,29513.25,6604
1783964700,29512.75,29526.25,29468.0,29479.5,7516
1783965600,29480.0,29539.5,29476.0,29515.75,7918
1783966500,29515.25,29521.75,29467.5,29474.0,6857
1783967400,29475.0,29517.25,29454.5,29500.75,7864
1783968300,29501.75,29521.5,29483.5,29493.5,6045
1783969200,29493.5,29525.75,29451.0,29464.0,8313
1783970100,29463.75,29468.5,29402.5,29418.5,17016
1783971000,29419.75,29455.75,29393.25,29451.0,14495
1783971900,29450.75,29504.25,29434.25,29466.5,27033
1783972800,29466.5,29474.0,29436.25,29454.5,8048
1783973700,29454.5,29454.75,29386.5,29437.75,4510
1783974600,29437.0,29440.0,29424.5,29435.25,1548
1783975500,29434.25,29444.25,29420.0,29428.75,1863
1783980000,29446.0,29479.5,29437.75,29452.25,787
1783980900,29452.0,29467.75,29432.0,29434.25,853
1783981800,29433.25,29443.75,29426.25,29441.0,660
1783982700,29442.25,29458.75,29393.75,29399.5,1812
1783983600,29399.5,29405.0,29366.75,29381.0,1520
1783984500,29382.0,29399.25,29361.75,29366.75,1341
1783985400,29368.0,29379.5,29329.0,29333.75,2264
1783986300,29332.5,29423.75,29327.25,29420.75,2574
1783987200,29422.5,29468.75,29325.75,29463.25,5512
1783988100,29465.5,29475.75,29369.0,29420.75,3872
1783989000,29420.25,29488.0,29399.5,29417.75,3171
1783989900,29418.0,29535.0,29412.5,29521.0,3112
1783990800,29521.0,29541.25,29480.0,29492.25,2539
1783991700,29489.5,29528.5,29481.0,29504.75,2269
1783992600,29507.0,29516.5,29441.0,29472.75,2670
1783993500,29475.5,29504.75,29437.0,29445.0,1918
1783994400,29447.25,29489.0,29424.0,29424.0,2114
1783995300,29425.0,29435.25,29373.0,29401.0,2362
1783996200,29403.25,29456.0,29365.25,29444.5,2373
1783997100,29445.5,29453.25,29384.0,29389.0,1393
1783998000,29390.75,29391.5,29328.5,29335.0,2025
1783998900,29334.0,29377.75,29303.5,29376.75,3017
1783999800,29376.5,29405.0,29334.25,29359.25,3095
1784000700,29358.5,29426.0,29353.25,29423.5,1763
1784001600,29406.5,29406.5,29371.25,29391.0,1779
1784002500,29391.0,29452.75,29381.0,29450.0,1194
1784003400,29450.5,29488.0,29442.5,29474.25,1305
1784004300,29473.75,29516.5,29472.5,29508.5,1203
1784005200,29509.75,29548.5,29490.0,29545.5,1563
1784006100,29546.25,29610.0,29534.75,29604.5,2991
1784007000,29605.0,29631.25,29577.75,29594.0,2275
1784007900,29596.5,29606.0,29582.75,29593.0,1172
1784008800,29592.0,29634.75,29586.25,29629.75,1682
1784009700,29629.0,29649.75,29595.0,29606.25,2380
1784010600,29606.25,29634.25,29593.0,29598.0,1454
1784011500,29596.0,29598.0,29562.75,29564.25,988
1784012400,29564.0,29602.25,29545.5,29600.5,1992
1784013300,29599.25,29621.25,29576.75,29604.5,1302
1784014200,29606.0,29608.25,29567.25,29572.25,885
1784015100,29576.0,29609.75,29557.25,29574.5,1217
1784016000,29575.0,29602.0,29547.75,29580.5,2069
1784016900,29582.0,29632.0,29582.0,29618.25,1558
1784017800,29617.75,29636.25,29606.5,29613.5,1192
1784018700,29613.25,29613.25,29570.75,29573.0,803
1784019600,29573.0,29626.5,29557.75,29624.5,1199
1784020500,29623.5,29629.5,29572.25,29574.75,1096
1784021400,29573.5,29609.75,29573.25,29599.5,789
1784022300,29598.5,29623.75,29596.75,29602.25,667
1784023200,29603.25,29620.25,29594.75,29605.0,498
1784024100,29607.25,29608.5,29585.5,29598.75,419
1784025000,29595.75,29633.0,29578.75,29607.25,1327
1784025900,29603.25,29620.5,29589.25,29607.25,700
1784026800,29606.75,29621.25,29555.0,29608.0,3710
1784027700,29607.25,29670.5,29605.5,29640.5,3714
1784028600,29640.75,29668.25,29613.75,29620.5,1810
1784029500,29619.0,29658.5,29617.75,29632.0,1563
1784030400,29635.0,29637.75,29570.0,29590.25,2305
1784031300,29591.75,29694.0,29577.5,29694.0,3823
1784032200,29694.0,29921.75,29677.0,29821.5,17392
1784033100,29822.75,29838.75,29754.0,29772.5,6343
1784034000,29773.75,29809.0,29764.5,29782.25,4511
1784034900,29782.75,29832.0,29742.5,29811.75,6984
1784035800,29811.0,29815.75,29685.0,29754.25,27770
1784036700,29752.75,29808.5,29714.0,29781.25,17669
1784037600,29780.25,29804.75,29637.0,29665.25,21597
1784038500,29662.75,29733.0,29567.5,29684.5,22443
1784039400,29683.75,29839.75,29658.25,29728.0,20475
1784040300,29728.75,29784.5,29659.5,29772.5,12816
1784041200,29773.5,29865.5,29753.75,29848.75,18370
1784042100,29847.5,29889.0,29825.25,29884.5,12395
1784043000,29885.0,29895.75,29799.0,29835.75,13587
1784043900,29834.0,29852.0,29760.0,29785.5,10558
1784044800,29786.0,29791.25,29711.0,29738.0,12041
1784045700,29739.75,29784.0,29704.5,29779.25,9016
1784046600,29778.5,29824.25,29750.25,29809.5,8205
1784047500,29809.75,29830.0,29783.5,29826.75,6871
1784048400,29826.75,29851.0,29814.5,29822.5,7125
1784049300,29822.25,29867.0,29807.0,29850.0,7441
1784050200,29849.5,29861.5,29818.75,29846.0,4997
1784051100,29846.0,29865.5,29829.0,29863.25,4675
1784052000,29863.0,29871.75,29842.5,29869.25,5371
1784052900,29868.75,29878.25,29847.5,29853.75,4338
1784053800,29854.0,29869.5,29810.5,29824.75,7892
1784054700,29825.75,29843.5,29813.0,29824.0,5296
1784055600,29824.5,29832.5,29780.0,29816.0,8084
1784056500,29816.0,29837.75,29796.5,29796.75,6649
1784057400,29797.25,29817.25,29771.0,29811.5,8569
1784058300,29811.25,29836.0,29779.0,29786.75,18102
1784059200,29786.5,29810.0,29772.5,29788.25,9185
1784060100,29787.5,29792.25,29767.75,29775.0,1593
1784061000,29774.5,29799.25,29772.75,29796.0,1575
1784061900,29796.25,29801.5,29791.0,29793.5,1108
1784066400,29805.0,29806.25,29745.5,29753.0,1072
1784067300,29755.75,29797.25,29752.0,29786.25,1083
1784068200,29788.5,29796.0,29774.75,29779.75,701
1784069100,29779.75,29783.25,29764.25,29773.25,854
1784070000,29772.75,29799.75,29758.0,29794.75,1112
1784070900,29793.75,29873.0,29785.0,29866.75,2028
1784071800,29866.25,29881.5,29847.5,29849.25,1255
1784072700,29848.5,29900.0,29844.5,29889.25,1639
1784073600,29889.0,29902.75,29837.5,29893.0,2473
1784074500,29888.75,29938.0,29882.0,29918.0,2109
1784075400,29920.25,29928.5,29841.0,29858.25,2316
1784076300,29858.25,29929.5,29849.0,29918.0,1596
1784077200,29920.0,29927.0,29860.0,29886.25,1894
1784078100,29885.0,29942.75,29885.0,29922.75,1606
1784079000,29924.25,29944.0,29891.5,29892.75,1637
1784079900,29894.25,29959.25,29891.75,29957.25,1477
1784080800,29958.75,29981.0,29949.25,29963.5,1480
1784081700,29966.5,29981.75,29958.5,29966.75,1300
1784082600,29970.0,29985.75,29966.5,29983.0,942
1784083500,29984.0,29987.25,29959.0,29960.75,913
1784084400,29961.0,29967.75,29947.25,29960.0,1002
1784085300,29959.5,29985.0,29955.0,29978.5,1099
1784086200,29979.0,30002.0,29977.25,29987.25,1235
1784087100,29987.75,30019.25,29986.0,30014.0,779
1784088000,30000.25,30006.75,29995.75,30000.25,805
1784088900,30000.25,30013.0,29989.25,29990.25,620
1784089800,29990.75,30011.5,29983.25,30005.0,968
1784090700,30006.0,30025.0,30003.75,30021.75,790
1784091600,30022.5,30058.25,29992.5,29999.25,4023
1784092500,30000.0,30025.0,29976.75,29981.75,1287
1784093400,29980.75,30009.5,29967.75,29992.25,1565
1784094300,29990.5,30032.0,29984.25,30032.0,1183
1784095200,30031.75,30050.0,30027.75,30042.5,1871
1784096100,30040.5,30045.25,30023.0,30039.25,739
1784097000,30041.75,30045.25,30009.75,30018.75,1077
1784097900,30018.5,30038.0,30012.25,30030.0,1279
1784098800,30030.5,30062.5,30007.5,30036.25,2077
1784099700,30035.75,30035.75,29928.0,29969.0,2871
1784100600,29968.0,29989.75,29945.25,29979.0,2011
1784101500,29979.0,30005.25,29971.0,29996.25,1027
1784102400,29997.25,29998.75,29909.0,29918.25,2647
1784103300,29918.25,29924.75,29872.0,29913.5,1925
1784104200,29912.75,29926.25,29897.75,29925.5,1244
1784105100,29925.0,29943.5,29911.75,29936.5,1008
1784106000,29937.75,29958.0,29937.75,29954.0,810
1784106900,29953.25,29963.5,29943.25,29950.25,559
1784107800,29947.75,29959.75,29928.25,29951.0,752
1784108700,29952.0,29952.0,29914.25,29924.75,664
1784109600,29926.0,29944.0,29916.25,29942.25,520
1784110500,29942.25,29947.25,29886.0,29896.0,1283
1784111400,29897.75,29921.25,29890.0,29901.75,926
1784112300,29902.0,29934.25,29899.75,29927.25,686
1784113200,29926.0,29953.0,29919.5,29925.0,1007
1784114100,29925.25,29942.5,29915.25,29921.5,746
1784115000,29922.75,29942.0,29911.5,29928.25,743
1784115900,29928.0,29928.0,29904.5,29912.5,1040
1784116800,29914.5,29919.5,29873.75,29881.0,1423
1784117700,29882.25,29892.75,29856.25,29875.5,1477
1784118600,29875.25,29973.75,29856.5,29951.5,6657
1784119500,29952.0,29995.25,29941.75,29980.0,3764
1784120400,29980.0,29999.75,29939.25,29946.5,3272
1784121300,29948.0,29966.75,29936.25,29954.75,3748
1784122200,29955.25,29977.5,29831.0,29833.75,28026
1784123100,29833.25,29847.25,29754.5,29822.5,27621
1784124000,29823.5,29892.5,29806.0,29806.5,18392
1784124900,29806.5,29830.75,29639.25,29724.0,28280
1784125800,29723.75,29736.75,29536.75,29600.5,27486
1784126700,29600.5,29644.0,29562.5,29630.75,17910
1784127600,29632.0,29661.75,29579.5,29592.25,12159
1784128500,29591.0,29642.0,29526.5,29641.0,16868
1784129400,29640.75,29656.25,29586.25,29615.75,11767
1784130300,29616.5,29618.0,29560.0,29582.0,9593
1784131200,29580.25,29599.5,29471.25,29476.25,15065
1784132100,29475.5,29496.75,29431.25,29462.0,13169
1784133000,29462.0,29483.25,29397.0,29445.0,12467
1784133900,29445.75,29540.25,29433.75,29512.75,14362
1784134800,29512.75,29561.75,29504.75,29532.25,9449
1784135700,29531.25,29608.25,29526.75,29604.0,9371
1784136600,29604.75,29637.5,29604.5,29634.0,9764
1784137500,29633.25,29705.75,29625.25,29686.5,13583
1784138400,29686.5,29730.0,29681.75,29716.25,10637
1784139300,29716.25,29742.75,29684.75,29724.5,10807
1784140200,29724.5,29735.0,29658.0,29662.75,8732
1784141100,29662.25,29665.75,29595.0,29613.25,11846
1784142000,29613.0,29668.75,29604.75,29643.0,10367
1784142900,29644.0,29649.0,29589.0,29643.25,8400
1784143800,29643.25,29695.5,29608.5,29683.75,13575
1784144700,29684.25,29707.0,29648.5,29700.5,17350
1784145600,29700.75,29737.0,29664.0,29702.0,9222
1784146500,29702.5,29720.5,29696.0,29718.75,1450
1784147400,29718.5,29719.25,29700.0,29716.25,917
1784148300,29716.5,29720.5,29705.75,29707.5,891
1784152800,29709.0,29749.0,29700.0,29735.75,593
1784153700,29724.25,29730.0,29709.75,29716.25,881
1784154600,29716.5,29724.0,29684.25,29685.0,1270
1784155500,29684.25,29722.25,29677.0,29716.25,1845
1784156400,29716.0,29736.25,29710.75,29720.0,738
1784157300,29719.25,29725.0,29695.5,29718.5,1326
1784158200,29717.25,29734.0,29704.0,29704.75,598
1784159100,29693.25,29705.75,29682.0,29690.0,1155
1784160000,29690.0,29758.0,29682.25,29755.25,1884
1784160900,29753.0,29763.25,29662.5,29669.5,2801
1784161800,29670.0,29695.75,29626.75,29626.75,2482
1784162700,29626.0,29679.25,29622.25,29651.25,1780
1784163600,29653.75,29668.0,29615.5,29626.0,1659
1784164500,29625.5,29629.0,29601.5,29605.25,1462
1784165400,29604.5,29646.0,29595.75,29615.25,1604
1784166300,29614.0,29685.75,29612.5,29651.0,2015
1784167200,29651.25,29652.75,29620.0,29640.0,1332
1784168100,29640.25,29706.0,29634.0,29696.75,1803
1784169000,29695.5,29707.0,29670.0,29680.0,1347
1784169900,29680.0,29736.0,29676.5,29727.0,1942
1784170800,29728.0,29751.75,29721.25,29748.75,1175
1784171700,29749.25,29751.75,29710.5,29716.5,899
1784172600,29716.75,29747.0,29713.5,29719.5,862
1784173500,29720.75,29738.5,29701.75,29737.75,652
1784174400,29727.25,29756.0,29722.25,29754.5,901
1784175300,29754.5,29756.25,29710.0,29716.0,909
1784176200,29715.0,29721.25,29691.25,29706.5,620
1784177100,29703.25,29717.0,29699.25,29708.0,467
1784178000,29709.0,29748.0,29697.0,29748.0,1011
1784178900,29747.75,29775.5,29739.25,29765.75,1328
1784179800,29765.75,29797.0,29666.5,29702.5,3014
1784180700,29704.5,29711.0,29678.5,29686.5,834
1784181600,29687.75,29739.25,29646.5,29731.75,4208
1784182500,29729.25,29749.75,29684.0,29686.0,1614
1784183400,29682.0,29697.25,29641.25,29673.5,1381
1784184300,29672.25,29694.0,29657.0,29683.75,681
1784185200,29684.75,29686.5,29620.75,29621.5,1433
1784186100,29622.25,29649.5,29611.75,29622.5,1647
1784187000,29623.5,29629.25,29568.5,29570.0,1659
1784187900,29571.25,29583.75,29548.5,29562.25,1528
1784188800,29563.5,29572.75,29488.0,29490.5,2582
1784189700,29493.75,29561.75,29478.75,29538.5,1940
1784190600,29539.5,29576.75,29528.25,29551.0,1287
1784191500,29550.5,29595.5,29550.5,29591.5,1139
1784192400,29593.25,29635.0,29592.0,29625.25,1521
1784193300,29626.25,29645.25,29611.0,29613.25,1113
1784194200,29614.75,29631.0,29583.75,29585.25,887
1784195100,29584.25,29585.75,29528.0,29531.25,1982
1784196000,29530.25,29561.25,29514.5,29550.75,1423
1784196900,29550.75,29550.75,29512.25,29537.5,801
1784197800,29537.25,29555.75,29507.75,29521.25,1302
1784198700,29521.25,29537.75,29502.5,29531.0,1013
1784199600,29528.75,29532.0,29459.75,29488.0,2024
1784200500,29488.25,29502.0,29446.25,29472.0,2036
1784201400,29472.75,29472.75,29428.0,29439.5,2283
1784202300,29438.75,29456.0,29361.0,29446.75,3974
1784203200,29445.75,29457.25,29392.75,29423.5,2628
1784204100,29422.25,29440.25,29378.0,29408.0,3239
1784205000,29407.75,29427.75,29365.5,29375.0,3424
1784205900,29374.75,29415.0,29363.5,29392.25,2622
1784206800,29393.25,29457.25,29387.75,29452.0,4310
1784207700,29451.5,29488.5,29441.75,29464.75,5290
1784208600,29464.75,29532.0,29308.5,29317.75,32155
1784209500,29316.5,29363.75,29255.5,29347.5,28092
1784210400,29346.5,29495.75,29315.25,29468.5,22591
1784211300,29467.5,29501.0,29397.75,29482.5,18552
1784212200,29483.25,29513.5,29426.5,29464.5,12123
1784213100,29464.5,29479.0,29362.0,29433.75,15520
1784214000,29435.5,29458.75,29336.0,29358.5,14431
1784214900,29359.0,29451.5,29336.75,29406.75,15298
1784215800,29406.5,29468.0,29370.0,29397.75,11977
1784216700,29397.5,29435.0,29354.5,29392.0,10723
1784217600,29392.5,29395.25,29289.25,29293.25,12329
1784218500,29293.5,29315.0,29260.75,29299.25,12866
1784219400,29300.5,29339.5,29286.0,29292.75,8828
1784220300,29294.75,29352.5,29270.75,29338.25,9065
1784221200,29339.0,29342.0,29284.5,29288.0,7283
1784222100,29288.5,29343.0,29275.0,29333.0,8159
1784223000,29334.0,29345.0,29230.0,29243.75,10939
1784223900,29244.25,29269.0,29219.0,29244.5,9318
1784224800,29244.25,29279.5,29223.5,29233.0,9374
1784225700,29232.75,29304.0,29217.25,29269.75,10128
1784226600,29269.0,29269.25,29198.5,29237.75,8952
1784227500,29237.5,29253.25,29200.25,29210.5,7174
1784228400,29210.0,29242.0,29176.0,29183.75,10716
1784229300,29183.25,29186.25,29119.0,29148.5,12708
1784230200,29147.5,29170.25,29117.25,29121.5,13257
1784231100,29121.25,29238.25,29078.5,29217.0,31586
1784232000,29217.75,29231.25,29166.0,29167.75,12103
1784232900,29167.5,29200.0,29162.75,29181.0,2708
1784233800,29180.25,29189.75,29164.0,29174.5,2083
1784234700,29172.75,29183.25,29167.5,29179.0,1374
1784239200,29191.0,29220.0,29166.25,29185.0,787
1784240100,29186.5,29188.25,29136.5,29139.75,1435
1784241000,29139.0,29159.25,29130.75,29149.5,1301
1784241900,29149.5,29151.25,29115.25,29136.5,1309
1784242800,29134.75,29144.75,29106.25,29130.75,1317
1784243700,29133.0,29134.25,29075.75,29093.0,1556
1784244600,29092.5,29129.75,29060.0,29109.25,1866
1784245500,29110.25,29118.0,29082.75,29096.5,1000
1784246400,29095.5,29124.25,29031.5,29043.5,2981
1784247300,29041.25,29076.0,29011.0,29018.25,2787
1784248200,29018.5,29030.5,28993.5,29024.75,3109
1784249100,29024.5,29082.0,29017.75,29057.0,2741
1784250000,29059.75,29105.5,29024.25,29029.25,2933
1784250900,29031.75,29046.0,29010.5,29039.5,1539
1784251800,29040.75,29044.0,28964.5,28975.0,3200
1784252700,28972.25,28990.75,28945.75,28972.0,2563
1784253600,28970.75,28985.75,28950.0,28956.75,1429
1784254500,28957.5,28961.25,28917.25,28928.75,1900
1784255400,28927.25,28940.75,28903.25,28932.5,2296
1784256300,28934.0,28940.0,28902.25,28925.0,1588
1784257200,28926.25,28960.75,28915.0,28953.75,1359
1784258100,28954.25,29026.0,28954.25,29015.25,2526
1784259000,29013.5,29016.75,28943.5,28954.5,2352
1784259900,28957.0,28960.0,28913.75,28922.25,1656
1784260800,28873.5,28879.25,28840.0,28850.0,3807
1784261700,28851.25,28859.5,28803.0,28809.5,2823
1784262600,28808.0,28826.0,28774.5,28809.5,3259
1784263500,28809.5,28841.25,28804.75,28804.75,2163
1784264400,28806.0,28820.25,28787.75,28804.75,1904
1784265300,28803.5,28823.0,28783.5,28791.0,1711
1784266200,28792.5,28811.75,28725.0,28759.75,3217
1784267100,28758.5,28774.0,28733.25,28756.25,1949
1784268000,28755.0,28774.0,28722.5,28756.75,2966
1784268900,28757.5,28824.5,28745.5,28815.25,2920
1784269800,28814.25,28825.0,28762.0,28776.5,1936
1784270700,28774.25,28774.5,28730.5,28743.0,1879
1784271600,28744.25,28767.5,28720.5,28751.5,2851
1784272500,28752.25,28765.75,28713.5,28748.0,2107
1784273400,28750.0,28759.5,28702.5,28715.75,1768
1784274300,28715.25,28722.25,28682.5,28688.0,1994
1784275200,28687.5,28735.0,28667.5,28678.0,3210
1784276100,28677.75,28678.5,28577.25,28609.75,6436
1784277000,28609.5,28617.75,28550.0,28585.75,3039
1784277900,28584.25,28662.0,28581.25,28630.0,3123
1784278800,28628.75,28675.5,28618.75,28673.5,2240
1784279700,28671.5,28690.5,28630.0,28690.0,2165
1784280600,28691.0,28716.0,28661.75,28686.0,1923
1784281500,28685.0,28728.0,28683.75,28711.5,2088
1784282400,28711.75,28772.25,28691.5,28766.25,3532
1784283300,28767.0,28787.25,28722.0,28773.5,3250
1784284200,28772.25,28825.5,28763.0,28801.25,3545
1784285100,28799.25,28815.0,28777.0,28785.0,2039
1784286000,28786.75,28808.25,28750.0,28757.25,3334
1784286900,28759.25,28775.0,28728.25,28761.75,2594
1784287800,28763.0,28765.0,28713.5,28729.75,1699
1784288700,28727.5,28764.25,28718.0,28741.5,1760
1784289600,28740.0,28744.75,28675.0,28683.75,3220
1784290500,28683.25,28696.75,28662.0,28675.75,2437
1784291400,28674.75,28683.75,28650.75,28674.5,2936
1784292300,28675.25,28690.75,28645.5,28664.5,3244
1784293200,28664.75,28665.75,28619.75,28621.5,4225
1784294100,28621.0,28648.25,28581.0,28607.75,9514
1784295000,28607.0,28686.0,28408.25,28420.0,41802
1784295900,28419.5,28681.75,28412.0,28676.0,31009
1784296800,28676.0,28862.25,28665.25,28803.5,35015
1784297700,28804.0,28887.5,28779.75,28832.0,24554
1784298600,28832.0,28896.0,28760.25,28825.5,25613
1784299500,28824.5,28857.75,28721.0,28727.0,18567
1784300400,28727.0,28755.75,28676.75,28706.5,16289
1784301300,28707.25,28760.0,28672.25,28753.5,14641
1784302200,28753.25,28843.5,28718.0,28799.0,17907
1784303100,28797.0,28948.5,28781.5,28933.5,15829
1784304000,28934.0,28955.75,28846.0,28939.0,18302
1784304900,28939.75,28956.0,28858.0,28913.5,14099
1784305800,28914.25,28972.25,28885.75,28971.0,10119
1784306700,28971.0,29028.0,28960.5,28974.25,14109
1784307600,28974.75,29050.25,28966.25,28995.75,11600
1784308500,28995.5,29042.75,28979.25,29035.5,11104
1784309400,29035.75,29042.25,28943.0,28950.25,10099
1784310300,28949.75,28969.75,28883.75,28895.75,9024
1784311200,28896.25,28937.0,28856.25,28862.25,9723
1784312100,28863.25,28870.75,28822.5,28851.75,10244
1784313000,28852.0,28891.75,28797.0,28808.75,11704
1784313900,28808.25,28886.0,28797.0,28861.25,10291
1784314800,28861.0,28869.25,28757.75,28760.0,9841
1784315700,28759.25,28807.0,28718.5,28795.5,11669
1784316600,28795.75,28846.5,28753.75,28795.5,14163
1784317500,28795.5,28853.5,28756.0,28764.25,23628
1784318400,28764.5,28768.0,28712.5,28738.5,12470
1784319300,28738.75,28754.5,28733.5,28749.75,2605
1784320200,28749.5,28768.75,28749.25,28767.25,2812
1784321100,28767.5,28779.75,28754.5,28773.25,1690
1784498400,28733.75,28737.75,28709.75,28715.75,628
1784499300,28715.25,28818.75,28714.25,28766.5,3176
1784500200,28763.75,28851.0,28757.75,28838.25,2348
1784501100,28839.0,28848.25,28810.0,28814.5,1317
1784502000,28818.0,28836.25,28785.0,28812.5,1513
1784502900,28814.0,28824.75,28781.0,28805.25,1058
1784503800,28805.5,28868.5,28793.75,28864.5,1678
1784504700,28866.75,28880.25,28815.0,28868.25,1953
1784505600,28870.0,28956.5,28806.0,28940.25,4507
1784506500,28940.25,28963.5,28926.5,28935.0,2547
1784507400,28935.75,28938.25,28873.0,28886.25,2672
1784508300,28888.0,28900.25,28850.0,28859.25,2012
1784509200,28861.75,28917.5,28846.5,28853.0,2118
1784510100,28853.0,28885.0,28811.5,28815.5,2862
1784511000,28815.0,28834.75,28776.5,28796.5,2488
1784511900,28796.25,28819.5,28762.75,28795.75,2037
1784512800,28798.5,28889.0,28795.75,28838.25,2613
1784513700,28839.5,28846.5,28793.0,28811.25,1634
1784514600,28811.0,28917.75,28809.5,28899.25,2088
1784515500,28901.25,28948.0,28883.75,28886.0,1955
1784516400,28888.0,28913.0,28856.0,28884.75,1176
1784517300,28883.75,28913.75,28863.0,28876.5,1253
1784518200,28876.5,28903.25,28851.0,28898.5,1303
1784519100,28900.0,28937.75,28881.0,28894.5,1524
1784520000,28900.0,28918.75,28863.0,28867.25,1295
1784520900,28867.25,28902.75,28844.5,28900.5,1148
1784521800,28900.25,28940.25,28888.25,28933.5,1713
1784522700,28934.75,28942.0,28892.75,28897.75,976
1784523600,28898.0,28901.75,28812.75,28862.25,2274
1784524500,28862.5,28862.5,28826.25,28832.75,832
1784525400,28831.25,28839.0,28809.0,28813.0,1237
1784526300,28813.25,28832.25,28789.0,28807.25,1277
1784527200,28808.0,28823.75,28781.75,28785.5,1256
1784528100,28783.5,28815.25,28768.75,28785.0,1281
1784529000,28786.5,28813.5,28766.0,28804.25,1194
1784529900,28802.5,28811.5,28778.5,28803.5,1028
1784530800,28805.75,28833.75,28804.5,28819.25,1583
1784531700,28820.75,28885.75,28797.75,28880.25,1782
1784532600,28880.0,28926.0,28878.25,28905.5,2309
1784533500,28905.5,28923.0,28879.0,28911.0,1370
1784534400,28908.25,28934.25,28889.5,28926.75,1668
1784535300,28928.25,28939.75,28895.5,28902.5,1379
1784536200,28902.25,28907.25,28860.0,28863.25,1161
1784537100,28864.75,28890.0,28860.75,28882.0,712
1784538000,28879.25,28888.5,28854.0,28878.0,812
1784538900,28878.0,28915.75,28878.0,28904.75,877
1784539800,28904.25,28941.5,28898.0,28940.75,1082
1784540700,28941.0,28998.25,28940.0,28952.5,3057
1784541600,28952.75,28957.5,28926.5,28933.25,1054
1784542500,28932.75,28962.25,28920.5,28956.75,1585
1784543400,28955.0,28976.0,28947.25,28967.25,1399
1784544300,28967.5,28980.0,28961.5,28969.0,801
1784545200,28970.75,29026.5,28963.75,29012.5,2371
1784546100,29012.25,29018.0,28987.75,28998.75,1627
1784547000,28997.75,29109.5,28995.5,29087.25,6811
1784547900,29088.75,29096.75,29048.25,29072.5,2951
1784548800,29072.5,29075.5,28981.75,29004.75,4415
1784549700,29003.0,29036.75,28991.5,29034.75,1692
1784550600,29036.0,29046.0,29001.0,29005.5,2092
1784551500,29005.25,29044.0,29004.0,29025.0,2610
1784552400,29025.0,29058.25,29016.75,29024.0,3601
1784553300,29025.0,29060.0,29021.25,29045.0,4231
1784554200,29045.0,29181.75,29025.75,29178.25,30170
1784555100,29177.75,29192.5,28979.75,28994.75,30382
1784556000,28996.0,29049.0,28938.0,28973.5,24451
1784556900,28971.75,29032.75,28908.0,29030.75,18732
1784557800,29030.75,29053.75,28952.75,28964.5,14091
1784558700,28965.5,29004.25,28874.0,28891.5,18181
1784559600,28891.75,28989.5,28873.25,28945.0,18225
1784560500,28946.0,29024.5,28928.75,29015.5,11629
1784561400,29015.75,29034.75,28986.25,29027.5,10118
1784562300,29028.5,29066.75,28974.0,29050.75,10688
1784563200,29050.75,29119.0,29028.75,29107.0,12197
1784564100,29107.0,29112.75,29069.75,29084.5,8236
1784565000,29085.0,29101.25,28962.0,29004.25,13026
1784565900,29005.0,29051.75,28956.0,28983.75,12677
1784566800,28983.0,28999.75,28922.0,28926.5,9438
1784567700,28926.25,28975.75,28910.25,28957.25,8456
1784568600,28958.25,28973.25,28900.75,28910.0,7534
1784569500,28910.75,28982.75,28908.75,28956.5,7260
1784570400,28957.0,29002.0,28956.5,28992.5,6740
1784571300,28993.0,29009.75,28932.0,28949.0,8385
1784572200,28949.0,28949.0,28858.75,28859.25,10174
1784573100,28860.5,28901.25,28855.75,28870.0,9813
1784574000,28871.0,28896.0,28807.75,28807.75,12058
1784574900,28808.5,28869.0,28796.5,28855.5,11363
1784575800,28855.75,28894.25,28834.25,28866.5,11560
1784576700,28866.5,28880.0,28767.75,28785.75,23261
1784577600,28785.25,28831.5,28767.0,28773.0,8396
1784578500,28772.75,28774.75,28750.5,28759.25,2519
1784579400,28759.0,28780.75,28757.75,28771.25,1527
1784580300,28771.75,28785.75,28767.75,28777.0,1033
1784584800,28778.25,28803.5,28705.0,28720.25,1259
1784585700,28720.0,28732.0,28710.0,28719.75,827
1784586600,28721.5,28734.25,28701.0,28720.75,1137
1784587500,28725.0,28734.25,28705.75,28717.75,609
1784588400,28717.75,28778.5,28711.25,28768.25,1526
1784589300,28769.0,28822.0,28765.5,28819.0,1866
1784590200,28818.75,28824.5,28805.75,28811.75,877
1784591100,28810.5,28832.5,28757.75,28779.25,2563
1784592000,28777.5,28777.75,28707.25,28736.0,3552
1784592900,28740.0,28834.5,28709.0,28816.5,3467
1784593800,28818.25,28880.0,28813.75,28866.25,2141
1784594700,28866.75,28897.0,28853.5,28856.25,2744
1784595600,28859.75,28910.75,28837.5,28903.25,2531
1784596500,28904.5,28912.5,28872.75,28891.0,1696
1784597400,28891.75,28920.5,28866.5,28873.25,1578
1784598300,28875.5,28911.75,28870.0,28885.25,1594
1784599200,28885.25,28937.75,28877.75,28885.5,1733
1784600100,28885.25,28920.25,28859.0,28894.5,1479
1784601000,28894.5,28955.25,28894.25,28949.0,1731
1784601900,28948.75,28956.75,28928.25,28955.0,828
1784602800,28954.0,28981.75,28951.25,28976.0,1110
1784603700,28973.75,28997.5,28971.0,28996.25,1169
1784604600,28996.25,29049.25,28992.0,29034.5,2576
1784605500,29034.0,29078.0,29033.75,29058.25,2516
1784606400,29075.75,29077.0,29065.0,29066.5,2151
1784607300,29066.5,29077.25,29055.75,29064.0,1231
1784608200,29065.25,29076.75,29056.25,29064.25,1038
1784609100,29061.5,29076.75,29048.0,29054.0,947
1784610000,29055.75,29061.0,29033.75,29036.0,960
1784610900,29035.75,29071.25,29016.5,29066.75,1609
1784611800,29066.0,29093.5,29039.75,29086.5,1666
1784612700,29086.25,29105.0,29071.5,29098.25,1422
1784613600,29096.25,29143.5,29096.25,29132.5,2460
1784614500,29133.0,29141.5,29109.0,29112.25,1891
1784615400,29113.25,29155.0,29113.25,29153.0,1747
1784616300,29153.5,29155.5,29130.25,29146.5,816
1784617200,29147.75,29162.0,29118.0,29131.5,1657
1784618100,29130.75,29130.75,29092.5,29103.0,1807
1784619000,29102.0,29127.0,29088.0,29112.0,1368
1784619900,29112.75,29120.75,29091.0,29117.25,1171
1784620800,29118.0,29154.0,29104.0,29151.5,1937
1784621700,29151.0,29168.0,29140.25,29168.0,1570
1784622600,29167.5,29176.75,29156.0,29167.5,1714
1784623500,29166.75,29175.0,29149.75,29167.0,1085
1784624400,29168.0,29181.0,29162.5,29172.0,962
1784625300,29172.25,29195.25,29163.5,29166.75,1818
1784626200,29165.5,29179.25,29151.25,29164.75,1253
1784627100,29164.5,29185.5,29153.5,29155.0,1060
1784628000,29155.25,29198.5,29154.75,29172.75,1653
1784628900,29171.25,29187.25,29164.75,29173.25,899
1784629800,29174.25,29207.0,29164.0,29173.0,1923
1784630700,29172.0,29186.25,29155.5,29166.25,1211
1784631600,29167.75,29184.0,29133.25,29158.0,2006
1784632500,29158.25,29158.5,29119.5,29129.75,2460
1784633400,29129.0,29173.25,29126.0,29166.0,2646
1784634300,29167.5,29182.0,29145.25,29154.25,1568
1784635200,29153.5,29195.25,29146.0,29179.0,2723
1784636100,29178.75,29179.25,29133.25,29134.25,2412
1784637000,29133.0,29143.0,29111.5,29135.0,2932
1784637900,29135.25,29186.75,29134.5,29171.5,3469
1784638800,29173.5,29183.0,29156.25,29162.25,2307
1784639700,29163.0,29225.0,29155.75,29221.5,5386
1784640600,29222.5,29246.25,29129.5,29144.5,37053
1784641500,29144.5,29178.0,29092.5,29152.75,23505
1784642400,29153.5,29188.5,29064.25,29131.5,22358
1784643300,29129.5,29218.25,29067.0,29207.25,19795
1784644200,29207.25,29236.0,29162.0,29224.5,15830
1784645100,29224.75,29256.5,29209.75,29237.5,13934
1784646000,29237.25,29297.5,29181.0,29291.75,16067
1784646900,29292.0,29320.0,29271.75,29307.5,12425
1784647800,29307.0,29308.5,29257.0,29261.5,12194
1784648700,29260.5,29301.25,29256.25,29259.25,7943
1784649600,29259.25,29324.75,29254.25,29301.75,9345
1784650500,29302.0,29337.75,29301.25,29312.5,8847
1784651400,29313.0,29336.0,29302.0,29318.75,7029
1784652300,29318.5,29352.5,29311.25,29331.75,7697
1784653200,29331.5,29355.5,29330.75,29334.75,6701
1784654100,29335.0,29345.75,29323.0,29333.0,5368
1784655000,29333.25,29351.5,29327.25,29341.5,6171
1784655900,29341.75,29364.75,29332.25,29341.25,6173
1784656800,29341.5,29361.75,29337.5,29337.75,5973
1784657700,29338.0,29344.75,29318.5,29325.0,5276
1784658600,29325.25,29349.0,29310.5,29347.25,6580
1784659500,29347.75,29355.75,29316.75,29328.5,6316
1784660400,29328.25,29335.5,29304.25,29309.25,7476
1784661300,29308.5,29320.5,29290.75,29293.75,7378
1784662200,29293.25,29340.5,29290.75,29337.75,9331
1784663100,29337.75,29352.0,29300.25,29310.75,27784
1784664000,29312.0,29316.75,29285.25,29306.5,9743
1784664900,29306.0,29306.0,29283.75,29292.5,2122
1784665800,29292.5,29304.25,29290.0,29292.5,1559
1784666700,29293.25,29294.5,29279.0,29289.75,2054
1784671200,29310.75,29310.75,29280.5,29296.5,588
1784672100,29297.0,29302.25,29265.0,29271.0,946
1784673000,29270.0,29284.0,29257.25,29270.25,744
1784673900,29269.25,29276.0,29253.0,29273.75,787
1784674800,29273.5,29289.25,29261.0,29281.75,829
1784675700,29283.0,29304.75,29272.0,29297.25,914
1784676600,29296.25,29304.5,29270.25,29281.5,873
1784677500,29279.5,29303.0,29268.0,29298.5,1264
1784678400,29298.5,29337.0,29286.0,29327.75,2708
1784679300,29329.5,29330.5,29290.25,29299.0,1681
1784680200,29300.25,29305.5,29272.5,29285.5,1442
1784681100,29282.75,29293.0,29258.25,29288.0,1859
1784682000,29289.75,29293.75,29234.5,29257.0,2047
1784682900,29259.0,29272.0,29239.5,29246.0,1340
1784683800,29243.0,29260.75,29232.0,29255.25,1240
1784684700,29253.0,29307.0,29251.25,29277.25,1920
1784685600,29277.25,29284.0,29238.25,29260.75,1690
1784686500,29260.0,29284.5,29250.5,29276.0,975
1784687400,29275.5,29277.25,29243.0,29253.75,1116
1784688300,29252.25,29263.75,29228.0,29238.25,1143
1784689200,29239.25,29245.0,29210.0,29214.25,1495
1784690100,29213.25,29262.0,29212.0,29262.0,1487
1784691000,29260.25,29267.25,29217.0,29222.5,1167
1784691900,29224.25,29241.5,29190.25,29197.0,1655
1784692800,29223.0,29224.25,29209.0,29213.25,1384
1784693700,29216.0,29238.5,29216.0,29234.0,792
1784694600,29231.75,29232.5,29208.75,29217.5,1032
1784695500,29216.75,29222.75,29193.75,29221.5,827
1784696400,29222.25,29225.25,29179.5,29186.5,1144
1784697300,29187.75,29196.25,29166.0,29166.0,1215
1784698200,29165.5,29183.75,29145.5,29146.0,1635
1784699100,29148.0,29177.75,29146.75,29172.75,1432
1784700000,29171.25,29173.0,29126.0,29133.25,2005
1784700900,29131.75,29131.75,29060.0,29079.5,2985
1784701800,29077.75,29115.5,29068.0,29102.75,1835
1784702700,29101.75,29103.0,29062.25,29092.75,1923
1784703600,29091.75,29102.25,29051.0,29097.0,2340
1784704500,29098.0,29124.5,29084.25,29119.25,1805
1784705400,29117.5,29123.75,29025.75,29065.0,2657
1784706300,29064.25,29077.0,29040.0,29056.0,1939
1784707200,29059.75,29107.0,29038.75,29067.0,2487
1784708100,29066.0,29105.0,29061.5,29100.25,1580
1784709000,29101.25,29115.5,29079.0,29086.75,987
1784709900,29086.75,29117.75,29086.0,29110.0,829
1784710800,29110.25,29150.0,29106.25,29132.0,1820
1784711700,29132.25,29146.75,29123.5,29126.25,843
1784712600,29125.0,29126.5,29096.0,29116.25,1257
1784713500,29115.0,29128.5,29089.25,29127.0,1106
1784714400,29128.25,29159.75,29119.25,29121.0,1467
1784715300,29120.0,29168.5,29113.0,29161.25,2028
1784716200,29162.25,29169.75,29134.75,29136.25,1031
1784717100,29133.75,29173.0,29133.0,29153.0,1444
1784718000,29154.0,29164.75,29122.5,29124.25,1678
1784718900,29123.0,29135.75,29099.25,29101.75,2070
1784719800,29102.0,29114.5,29017.5,29041.75,3802
1784720700,29041.75,29079.0,29035.75,29054.0,2363
1784721600,29056.5,29071.0,29026.0,29045.25,3419
1784722500,29045.25,29048.25,28995.0,29027.0,3391
1784723400,29028.0,29068.75,29028.0,29056.5,4421
1784724300,29056.0,29056.5,28952.0,29017.25,6761
1784725200,29017.5,29063.5,29017.5,29056.75,2654
1784726100,29057.0,29099.0,29054.25,29089.75,5403
1784727000,29090.5,29186.0,29090.0,29178.75,31043
1784727900,29178.5,29277.25,29153.0,29276.75,25243
1784728800,29277.0,29283.75,29216.75,29236.25,19845
1784729700,29236.5,29273.75,29196.0,29220.0,18786
1784730600,29219.25,29260.25,29172.75,29185.25,15214
1784731500,29186.25,29245.0,29173.5,29241.0,14264
1784732400,29241.25,29314.0,29240.25,29306.5,13864
1784733300,29306.5,29342.25,29291.75,29324.5,11315
1784734200,29324.25,29335.5,29274.25,29289.0,10830
1784735100,29289.0,29332.75,29289.0,29329.5,8373
1784736000,29330.25,29333.75,29312.75,29328.5,5957
1784736900,29328.25,29335.0,29300.25,29311.0,6313
1784737800,29311.0,29328.25,29283.75,29290.5,5792
1784738700,29290.75,29321.75,29276.75,29310.5,7067
1784739600,29310.5,29331.25,29303.0,29309.75,6203
1784740500,29310.25,29319.25,29295.0,29306.0,6366
1784741400,29304.0,29320.0,29280.75,29293.75,6819
1784742300,29294.75,29298.25,29234.25,29244.25,8301
1784743200,29244.0,29271.25,29223.75,29224.5,9417
1784744100,29224.5,29255.75,29222.25,29239.0,7536
1784745000,29239.0,29240.0,29207.75,29228.5,7922
1784745900,29228.5,29259.0,29224.25,29245.25,6461
1784746800,29245.75,29258.0,29215.5,29225.0,7209
1784747700,29224.75,29260.0,29217.25,29253.0,6732
1784748600,29253.5,29254.25,29192.5,29212.25,9418
1784749500,29212.5,29246.0,29158.25,29160.5,20934
1784750400,29161.0,29251.0,29119.0,29249.0,18025
1784751300,29249.0,29260.0,29203.25,29217.5,5390
1784752200,29216.25,29225.75,29182.5,29185.0,2464
1784753100,29183.5,29212.5,29165.0,29165.0,1824
1784757600,29100.0,29142.5,29060.5,29085.5,1573
1784758500,29086.0,29107.0,29070.0,29080.5,1911
1784759400,29081.25,29091.25,29041.0,29046.25,1785
1784760300,29047.25,29086.5,29039.25,29072.75,1415
1784761200,29073.5,29081.25,29021.75,29064.5,1970
1784762100,29062.25,29066.75,29035.5,29058.75,929
1784763000,29059.0,29098.25,29058.75,29097.75,1255
1784763900,29095.75,29145.5,29089.75,29142.25,2473
1784764800,29143.75,29173.0,29132.5,29166.75,2699
1784765700,29166.5,29255.5,29157.25,29226.5,3785
1784766600,29226.75,29249.5,29218.25,29234.0,1962
1784767500,29233.75,29282.5,29228.75,29255.0,2523
1784768400,29256.25,29272.0,29236.0,29267.75,1851
1784769300,29270.0,29273.5,29232.5,29240.25,1572
1784770200,29242.0,29260.5,29181.0,29182.0,3032
1784771100,29183.0,29218.0,29175.5,29176.0,2076
1784772000,29176.0,29201.0,29147.75,29148.5,1956
1784772900,29148.0,29155.5,29092.0,29105.0,2173
1784773800,29104.5,29126.75,29057.0,29069.5,2682
1784774700,29069.5,29096.75,29063.0,29089.0,1761
1784775600,29093.5,29096.75,29029.5,29053.5,2310
1784776500,29054.25,29084.25,29039.0,29084.25,2056
1784777400,29083.25,29116.5,29072.25,29116.25,1929
1784778300,29116.0,29128.0,29102.75,29125.0,1020
1784779200,29097.75,29136.75,29084.5,29136.75,1929
1784780100,29135.25,29163.0,29111.75,29151.5,1990
1784781000,29153.5,29165.25,29137.75,29141.5,1217
1784781900,29141.25,29158.25,29112.5,29125.25,1210
1784782800,29126.0,29129.0,29100.0,29118.75,1042
1784783700,29116.5,29170.75,29098.5,29170.75,1702
1784784600,29170.25,29183.25,29137.5,29148.75,1404
1784785500,29148.75,29148.75,29079.25,29088.0,1629
1784786400,29088.0,29116.5,29077.25,29097.5,1357
1784787300,29099.75,29112.25,29079.25,29108.75,1269
1784788200,29108.0,29114.0,29081.5,29081.75,1092
1784789100,29082.75,29119.25,29074.0,29084.0,1468
1784790000,29083.75,29086.75,28954.0,28996.25,4893
1784790900,28996.75,29038.75,28993.5,29015.5,2574
1784791800,29015.75,29019.75,28937.5,28940.5,2621
1784792700,28940.0,28989.25,28922.25,28987.5,2462
1784793600,28988.75,29042.0,28958.25,29034.75,2621
1784794500,29035.5,29061.25,29017.0,29051.0,2603
1784795400,29049.25,29061.5,29030.75,29037.75,1294
1784796300,29036.5,29111.0,29033.75,29103.0,1758
1784797200,29103.5,29137.75,29079.75,29082.25,2410
1784798100,29080.75,29103.0,29078.0,29091.0,1053
1784799000,29092.0,29092.0,29067.25,29074.25,1064
1784799900,29076.75,29087.25,29045.0,29055.25,1305
1784800800,29054.25,29067.0,29038.0,29043.0,1267
1784801700,29042.25,29063.5,29036.0,29053.0,1198
1784802600,29051.75,29122.25,29045.25,29101.25,2569
1784803500,29100.5,29108.0,29094.0,29103.0,937
1784804400,29103.0,29106.5,29033.75,29058.75,1930
1784805300,29056.0,29072.5,28992.5,28993.75,2895
1784806200,28994.75,29002.25,28913.0,28925.25,4757
1784807100,28927.0,28985.0,28913.5,28965.0,3906
1784808000,28964.0,28967.75,28914.75,28916.75,2624
1784808900,28915.25,28938.5,28854.5,28864.5,5657
1784809800,28864.5,28875.0,28768.0,28789.25,8588
1784810700,28790.0,28806.5,28754.75,28787.5,6678
1784811600,28786.5,28804.5,28715.75,28727.0,11038
1784812500,28726.5,28731.5,28697.0,28719.25,10981
1784813400,28718.25,28883.0,28657.0,28857.0,42960
1784814300,28855.25,28868.0,28696.0,28707.75,35756
1784815200,28709.25,28801.25,28678.25,28704.75,30441
1784816100,28704.75,28780.25,28686.5,28731.5,20922
1784817000,28731.0,28773.25,28625.5,28645.0,26372
1784817900,28644.5,28670.5,28577.25,28596.75,21786
1784818800,28597.25,28604.5,28483.0,28494.25,24946
1784819700,28494.0,28569.0,28447.75,28467.25,25578
1784820600,28467.75,28551.0,28432.5,28494.5,19397
1784821500,28493.5,28590.0,28478.25,28588.5,14372
1784822400,28588.5,28644.25,28573.25,28629.75,14948
1784823300,28630.0,28715.0,28609.5,28707.25,13294
1784824200,28707.5,28738.25,28682.25,28687.75,13693
1784825100,28687.5,28687.5,28609.5,28640.75,14860
1784826000,28641.25,28663.25,28588.0,28642.5,13071
1784826900,28642.0,28676.75,28614.75,28652.5,10847
1784827800,28653.0,28657.0,28570.5,28594.5,9861
1784828700,28594.25,28629.25,28565.5,28568.0,8871
1784829600,28568.25,28582.25,28542.5,28560.0,9103
1784830500,28560.25,28584.25,28545.25,28575.0,9111
1784831400,28574.75,28603.5,28545.0,28550.5,8930
1784832300,28549.75,28578.5,28525.25,28550.0,8676
1784833200,28550.0,28566.75,28501.0,28505.75,8686
1784834100,28506.5,28595.25,28504.5,28583.0,12116
1784835000,28583.5,28595.5,28501.5,28502.25,11318
1784835900,28502.0,28633.5,28486.25,28615.0,31823
1784836800,28615.25,28747.5,28610.5,28726.75,18123
1784837700,28727.5,28777.25,28718.5,28769.5,4440
1784838600,28768.5,28782.0,28728.0,28736.0,3195
1784839500,28735.5,28747.0,28725.25,28739.25,2288
1784844000,28700.25,28709.25,28632.0,28642.0,1047
1784844900,28641.25,28676.75,28624.0,28662.25,1769
1784845800,28662.5,28692.25,28662.5,28684.75,1369
1784846700,28683.75,28732.75,28683.0,28731.25,1626
1784847600,28729.5,28736.0,28687.5,28696.75,1753
1784848500,28698.0,28708.5,28689.0,28698.5,1014
1784849400,28698.0,28700.75,28661.25,28687.0,1513
1784850300,28687.25,28708.25,28658.25,28679.0,1958
1784851200,28680.25,28724.0,28619.0,28643.25,4258
1784852100,28643.75,28684.25,28615.75,28643.0,2742
1784853000,28646.0,28677.5,28618.0,28655.75,2156
1784853900,28656.75,28680.0,28627.0,28672.0,2007
1784854800,28672.25,28701.5,28656.5,28661.25,1828
1784855700,28662.5,28693.0,28641.25,28656.25,1914
1784856600,28655.5,28685.5,28646.25,28664.0,1696
1784857500,28663.0,28673.25,28607.0,28614.25,1570
1784858400,28612.75,28632.0,28593.75,28616.75,1474
1784859300,28617.5,28625.0,28587.0,28594.75,1605
1784860200,28595.25,28598.25,28547.75,28548.0,2280
1784861100,28548.0,28552.5,28515.0,28519.25,2086
1784862000,28520.0,28546.5,28517.75,28539.5,1494
1784862900,28539.5,28560.75,28521.25,28545.5,2066
1784863800,28544.25,28555.75,28499.75,28505.0,2215
1784864700,28503.5,28520.0,28482.0,28486.0,2001
1784865600,28513.75,28515.75,28481.25,28485.0,2101
1784866500,28485.25,28556.75,28483.0,28551.75,1713
1784867400,28550.5,28558.0,28512.25,28529.25,1134
1784868300,28528.75,28571.5,28520.0,28565.25,1528
1784869200,28564.5,28600.25,28548.25,28593.25,1400
1784870100,28590.75,28602.0,28569.5,28582.25,1408
1784871000,28583.0,28595.0,28566.5,28590.25,1294
1784871900,28589.75,28607.0,28544.0,28545.0,1530
1784872800,28546.75,28550.0,28503.0,28508.75,1694
1784873700,28512.0,28576.25,28507.75,28534.5,2314
1784874600,28536.5,28561.5,28505.0,28507.0,1387
1784875500,28507.75,28548.0,28481.0,28543.75,1983
1784876400,28544.0,28637.75,28539.25,28636.5,3604
1784877300,28637.0,28663.0,28623.5,28654.0,2233
1784878200,28653.75,28658.0,28609.0,28626.25,1495
1784879100,28625.5,28633.0,28611.25,28614.25,1001
1784880000,28615.75,28619.0,28556.5,28573.5,2401
1784880900,28573.5,28622.25,28571.25,28621.75,1587
1784881800,28621.75,28649.5,28614.75,28631.0,1612
1784882700,28630.0,28635.0,28609.0,28622.0,833
1784883600,28623.5,28681.25,28612.0,28643.25,1972
1784884500,28642.0,28677.0,28632.0,28672.75,1554
1784885400,28674.75,28702.0,28663.25,28695.25,1920
1784886300,28695.5,28704.25,28680.25,28700.5,999
1784887200,28700.25,28706.25,28658.5,28664.0,1489
1784888100,28663.5,28679.25,28654.25,28667.5,1407
1784889000,28668.25,28686.5,28637.75,28646.5,1406
1784889900,28646.5,28657.25,28633.25,28640.5,1234
1784890800,28640.0,28666.75,28632.0,28656.0,1685
1784891700,28656.75,28663.75,28637.0,28644.25,1228
1784892600,28641.0,28649.0,28616.25,28616.25,1855
1784893500,28618.5,28700.0,28601.5,28680.5,3960
1784894400,28678.5,28695.5,28624.25,28690.0,3713
1784895300,28689.25,28698.5,28650.0,28686.5,2952
1784896200,28686.0,28689.0,28624.25,28629.75,2726
1784897100,28628.75,28635.75,28587.25,28592.0,3470
1784898000,28591.25,28602.5,28571.75,28591.75,3799
1784898900,28590.75,28616.0,28538.0,28540.25,6017
1784899800,28540.0,28622.0,28458.25,28485.0,35800
1784900700,28483.25,28511.75,28313.5,28322.25,32517
1784901600,28323.0,28440.25,28304.25,28421.25,22908
1784902500,28393.5,28423.5,28299.0,28391.0,31258
1784903400,28391.75,28396.0,28262.75,28287.25,20282
1784904300,28287.0,28461.5,28254.5,28449.25,23490
1784905200,28449.0,28510.0,28355.0,28493.25,25662
1784906100,28494.25,28557.25,28453.5,28499.75,21892
1784907000,28500.75,28577.5,28484.5,28506.0,17553
1784907900,28507.0,28583.75,28491.75,28576.0,13851
1784908800,28576.75,28630.75,28549.5,28574.25,14454
1784909700,28574.5,28594.0,28552.5,28565.75,9362
1784910600,28566.0,28569.0,28495.0,28499.75,12608
1784911500,28499.25,28511.0,28460.25,28495.75,9559
1784912400,28494.75,28502.5,28427.0,28459.25,13415
1784913300,28458.0,28521.75,28441.0,28514.5,9621
1784914200,28515.25,28544.0,28463.0,28464.75,9237
1784915100,28464.75,28501.75,28452.0,28466.0,7146
1784916000,28467.0,28486.0,28420.25,28428.25,7192
1784916900,28428.25,28431.0,28333.0,28336.25,11109
1784917800,28337.75,28346.75,28259.0,28276.5,16612
1784918700,28275.25,28328.5,28269.75,28302.5,10392
1784919600,28301.75,28328.5,28219.75,28221.75,13714
1784920500,28220.75,28266.5,28212.5,28253.5,10298
1784921400,28253.0,28304.75,28238.75,28274.0,15320
1784922300,28274.25,28295.0,28224.5,28283.25,26661
1784923200,28283.5,28303.25,28259.25,28291.25,9547
1784924100,28292.25,28329.5,28292.25,28305.0,2453
1784925000,28303.5,28307.25,28283.75,28305.5,1912
1784925900,28305.75,28313.5,28282.25,28282.25,1407
1785103200,28594.5,28615.0,28585.5,28614.0,529
1785104100,28614.5,28647.0,28594.5,28623.25,2231
1785105000,28623.5,28641.5,28618.75,28626.0,1092
1785105900,28625.25,28636.25,28604.0,28609.5,1063
1785106800,28612.25,28638.75,28597.75,28630.75,1269
1785107700,28631.5,28637.0,28610.25,28616.75,871
1785108600,28617.0,28669.75,28610.5,28653.75,1354
1785109500,28654.75,28731.0,28638.0,28727.5,3388
1785110400,28728.25,28733.75,28615.0,28663.5,4952
1785111300,28661.75,28662.5,28581.75,28619.25,3476
1785112200,28618.25,28656.0,28597.25,28598.25,2116
1785113100,28600.0,28655.25,28595.25,28598.25,1916
1785114000,28599.75,28634.5,28565.75,28572.75,2278
1785114900,28572.25,28582.0,28525.0,28538.0,3184
1785115800,28542.75,28621.25,28536.0,28590.25,2928
1785116700,28589.5,28614.0,28571.75,28614.0,1575
1785117600,28614.75,28627.75,28587.0,28608.5,1594
1785118500,28606.75,28652.75,28605.5,28638.5,1633
1785119400,28639.0,28657.25,28606.25,28648.25,1325
1785120300,28650.25,28658.5,28611.5,28615.5,910
1785121200,28615.5,28646.0,28606.0,28644.25,1386
1785122100,28644.0,28650.75,28618.25,28619.25,833
1785123000,28620.5,28637.0,28599.75,28619.75,993
1785123900,28619.0,28627.0,28592.75,28613.5,806
1785124800,28614.0,28626.5,28597.75,28621.0,707
1785125700,28621.25,28647.0,28606.75,28620.75,989
1785126600,28620.75,28653.75,28609.25,28648.75,814
1785127500,28648.75,28663.0,28637.75,28644.0,1068
1785128400,28646.25,28674.75,28638.0,28671.5,906
1785129300,28669.0,28684.0,28665.25,28679.75,973
1785130200,28680.0,28703.75,28673.75,28686.5,1579
1785131100,28685.75,28704.25,28681.25,28694.5,867
1785132000,28694.5,28728.5,28693.75,28717.25,1748
1785132900,28716.75,28723.0,28693.75,28697.75,1225
1785133800,28697.25,28715.5,28694.0,28696.0,1335
1785134700,28697.25,28702.75,28680.0,28695.0,1303
1785135600,28692.75,28729.0,28689.0,28727.5,1779
1785136500,28728.25,28732.0,28702.5,28705.25,997
1785137400,28703.25,28704.0,28672.0,28695.5,1705
1785138300,28695.5,28701.75,28661.25,28661.75,1179
1785139200,28661.0,28701.25,28658.5,28693.25,1697
1785140100,28692.0,28724.25,28677.0,28719.0,987
1785141000,28720.75,28744.0,28703.25,28733.75,1546
1785141900,28736.5,28749.5,28724.5,28736.0,1056
1785142800,28737.0,28738.75,28719.75,28725.5,1020
1785143700,28725.25,28738.75,28723.25,28726.25,878
1785144600,28727.0,28748.25,28718.25,28746.75,1524
1785145500,28746.0,28763.25,28742.5,28744.75,1480
1785146400,28744.0,28753.5,28726.25,28737.75,1395
1785147300,28738.75,28748.0,28730.25,28738.0,832
1785148200,28740.0,28750.5,28733.75,28748.0,744
1785149100,28746.0,28758.0,28739.75,28740.75,838
1785150000,28742.0,28743.5,28708.25,28712.5,1572
1785150900,28711.5,28720.0,28648.5,28652.75,2242
1785151800,28653.25,28685.0,28645.5,28667.75,3156
1785152700,28667.25,28677.0,28659.25,28673.0,1310
1785153600,28673.25,28697.75,28633.25,28635.0,2954
1785154500,28637.0,28653.25,28629.25,28650.75,1897
1785155400,28650.5,28671.0,28631.75,28669.0,2092
1785156300,28669.25,28692.5,28666.25,28690.25,2916
1785157200,28692.0,28700.0,28647.75,28662.25,3580
1785158100,28662.75,28676.0,28588.0,28590.5,6081
1785159000,28590.5,28615.75,28428.0,28455.0,39633
1785159900,28455.0,28504.0,28341.25,28347.75,28959
1785160800,28347.75,28372.75,28230.75,28252.0,33004
1785161700,28253.25,28299.0,28075.25,28086.25,28029
1785162600,28086.5,28105.25,27939.0,27959.0,34558
1785163500,27958.5,28180.25,27957.25,28169.25,31501
1785164400,28171.0,28198.5,28121.75,28124.75,22898
1785165300,28125.25,28151.5,28046.0,28072.25,20792
1785166200,28074.25,28085.75,27980.25,28039.25,16715
1785167100,28039.75,28074.0,27995.25,28062.5,12784
1785168000,28062.75,28154.25,28057.75,28078.75,14339
1785168900,28078.75,28204.5,28043.5,28154.5,19260
1785169800,28154.0,28196.75,28112.5,28132.75,12870
1785170700,28134.25,28156.0,28027.75,28048.5,12558
1785171600,28047.0,28056.25,27993.75,28033.75,11956
1785172500,28034.0,28043.25,27986.0,27998.75,8475
1785173400,27998.5,28065.0,27997.5,28036.25,8764
1785174300,28036.0,28106.25,28013.75,28104.75,8605
1785175200,28104.75,28121.25,28085.5,28100.5,8481
1785176100,28100.5,28105.25,28049.75,28082.0,8085
1785177000,28082.25,28088.25,28019.25,28082.75,10700
1785177900,28083.0,28191.0,28069.5,28188.25,12400
1785178800,28188.75,28232.25,28165.25,28201.25,11521
1785179700,28200.75,28247.5,28195.5,28243.5,9087
1785180600,28243.0,28255.75,28172.5,28175.75,10455
1785181500,28176.0,28205.0,28155.25,28192.75,21681
1785182400,28193.25,28219.5,28169.25,28190.75,8739
1785183300,28190.5,28194.5,28174.25,28194.5,1557
1785184200,28194.5,28230.0,28186.75,28207.5,1710
1785185100,28208.25,28212.0,28186.75,28210.0,1682
1785189600,28210.5,28228.0,28156.0,28158.5,817
1785190500,28159.0,28167.75,28125.5,28129.5,1704
1785191400,28128.25,28156.5,28124.5,28133.5,1194
1785192300,28134.75,28149.0,28123.5,28132.5,1039
1785193200,28131.75,28151.75,28105.25,28129.0,1498
1785194100,28129.25,28163.25,28118.0,28162.25,1224
1785195000,28160.75,28161.5,28130.0,28132.0,787
1785195900,28134.5,28179.25,28121.25,28163.5,2148
1785196800,28164.75,28195.0,28094.75,28111.0,3326
1785197700,28111.0,28132.0,28068.25,28104.5,2648
1785198600,28103.75,28139.75,28059.75,28121.0,2284
1785199500,28118.75,28119.5,28052.75,28072.0,2073
1785200400,28072.0,28078.0,27969.0,27992.75,4256
1785201300,27993.25,28078.25,27986.0,28062.25,3262
1785202200,28093.5,28095.5,28046.75,28080.75,1987
1785203100,28078.75,28094.75,28008.75,28022.0,1836
1785204000,28021.75,28024.25,27984.25,27996.25,1952
1785204900,27992.75,28030.25,27972.25,27987.75,2181
1785205800,27987.0,27989.5,27951.5,27972.0,2284
1785206700,27972.5,28006.75,27955.0,27993.0,1931
1785207600,27993.0,27998.0,27932.5,27968.75,2330
1785208500,27967.5,28047.25,27964.0,27987.5,3023
1785209400,27984.5,28063.25,27951.5,28056.75,3052
1785210300,28057.25,28070.5,28026.5,28050.75,1387
1785211200,28013.5,28016.25,27978.0,27986.75,1411
1785212100,27986.0,28017.0,27970.0,27972.75,1557
1785213000,27972.75,27984.0,27960.0,27974.25,1083
1785213900,27974.25,28003.0,27951.0,27954.75,1284
1785214800,27957.0,27983.0,27949.0,27963.0,820
1785215700,28190.0,28190.0,27914.0,27919.5,2106
1785216600,27921.0,27923.5,27876.0,27897.25,3134
1785217500,27896.5,27924.0,27870.75,27880.0,1832
1785218400,27882.25,27902.25,27839.5,27844.25,3488
1785219300,27847.25,27907.0,27845.5,27902.5,3358
1785220200,27902.75,27936.0,27892.0,27919.25,2114
1785221100,27917.0,27958.25,27902.5,27947.25,2059
1785222000,27945.5,27980.75,27934.0,27972.25,2558
1785222900,27973.0,27989.0,27939.0,27943.25,1825
1785223800,27944.0,27962.5,27927.0,27939.75,1817
1785224700,27939.0,27954.75,27908.0,27933.5,2039
1785225600,27934.25,27947.75,27880.0,27888.75,2711
1785226500,27890.75,28007.25,27884.75,27999.5,3478
1785227400,28003.0,28046.5,27975.0,28037.0,3085
1785228300,28037.5,28052.0,27986.75,27994.25,2339
1785229200,27992.25,28015.25,27982.5,27988.75,1525
1785230100,27990.25,28016.5,27985.25,28012.0,1141
1785231000,28009.75,28010.25,27967.25,27972.5,1481
1785231900,27973.75,27981.25,27941.5,27956.0,1404
1785232800,27956.0,27966.0,27947.5,27952.0,1030
1785233700,27951.5,27969.5,27933.5,27967.25,1374
1785234600,27968.5,27980.5,27904.25,27933.0,3430
1785235500,27932.0,27951.5,27926.5,27942.75,1893
1785236400,27945.75,27952.25,27864.75,27869.5,3620
1785237300,27869.25,27958.0,27869.25,27883.0,4432
1785238200,27882.0,27929.25,27848.25,27863.75,3613
1785239100,27862.5,27975.0,27859.75,27963.75,3603
1785240000,27962.5,28001.75,27949.25,27963.0,3133
1785240900,27967.0,28018.5,27949.5,28010.0,3070
1785241800,28010.75,28027.75,27956.25,28009.5,5637
1785242700,28010.5,28032.75,27977.5,27993.25,4287
1785243600,27993.75,28027.75,27974.0,28001.25,4504
1785244500,28003.0,28028.5,27938.0,27950.25,6199
1785245400,27950.25,27992.0,27728.5,27749.75,47809
1785246300,27749.25,27799.0,27641.75,27665.25,44225
1785247200,27665.5,27793.5,27608.75,27630.25,33949
1785248100,27631.75,27717.5,27603.5,27706.5,30822
1785249000,27706.5,27793.0,27669.0,27772.25,24507
1785249900,27770.75,27890.0,27745.5,27801.75,28677
1785250800,27803.0,27882.0,27768.0,27854.25,23627
1785251700,27853.75,28010.0,27836.5,27965.0,24778
1785252600,27965.75,28036.0,27948.75,28031.5,16651
1785253500,28032.0,28062.5,28010.5,28048.0,15959
1785254400,28047.75,28068.75,27996.75,28007.5,15853
1785255300,28007.75,28045.25,27984.75,27995.25,11656
1785256200,27995.5,28043.75,27953.5,28032.75,12880
1785257100,28032.0,28080.0,27993.0,28057.5,11783
1785258000,28057.5,28066.5,27969.0,27988.0,13844
1785258900,27988.0,28045.75,27973.5,27996.5,10996
1785259800,27996.0,28043.5,27949.0,27954.5,9478
1785260700,27954.25,27987.0,27925.0,27972.5,10196
1785261600,27974.0,27999.5,27915.0,27917.0,10656
1785262500,27917.25,27947.75,27912.5,27925.25,8155
1785263400,27926.75,27963.75,27920.5,27937.75,8165
1785264300,27937.5,27979.5,27929.0,27972.75,8045
1785265200,27972.25,28021.75,27972.0,27987.25,10347
1785266100,27986.5,28021.25,27965.25,28017.75,9564
1785267000,28018.0,28023.75,27941.5,27954.25,11939
1785267900,27954.25,27988.25,27911.0,27919.5,22993
1785268800,27919.25,27967.75,27884.25,27918.5,12341
1785269700,27920.5,27991.25,27910.75,27977.75,3898
1785270600,27977.0,27983.25,27937.5,27947.75,3032
1785271500,27947.75,27962.75,27935.75,27960.5,1576
1785276000,27962.0,28013.25,27955.75,27972.0,1365
1785276900,27973.0,27979.0,27906.5,27939.25,2433
1785277800,27939.0,27943.25,27855.25,27861.0,2624
1785278700,27863.25,27863.5,27756.25,27756.75,5090
1785279600,27758.25,27857.75,27728.5,27842.75,5578
1785280500,27842.5,27890.5,27809.25,27889.25,3158
1785281400,27888.5,28025.0,27884.5,28014.0,3549
1785282300,28012.25,28104.5,27989.75,28102.5,6312
1785283200,28102.75,28178.25,28077.25,28141.25,5360
1785284100,28139.75,28161.5,28052.0,28077.75,4120
1785285000,28073.75,28080.0,28018.0,28068.75,3079
1785285900,28068.0,28085.0,28000.25,28013.25,2035
1785286800,28011.75,28041.25,27911.5,27922.0,3102
1785287700,27920.25,28007.0,27896.25,27971.75,3742
1785288600,27972.0,27982.25,27878.0,27880.0,2859
1785289500,27879.5,27892.0,27784.0,27785.25,4185
1785290400,27785.0,27868.0,27770.25,27845.25,4564
1785291300,27842.75,27896.5,27796.0,27896.5,2776
1785292200,27894.5,27912.75,27858.25,27887.75,2266
1785293100,27887.75,27891.0,27823.0,27839.5,1797
1785294000,27839.0,27882.5,27788.0,27828.5,2987
1785294900,27831.0,27839.75,27775.5,27777.75,1633
1785295800,27776.75,27792.5,27742.25,27772.75,2597
1785296700,27773.5,27786.0,27702.0,27718.0,2469
1785297600,27700.0,27715.25,27676.75,27691.5,2614
1785298500,27691.5,27715.75,27648.0,27684.75,2907
1785299400,27682.25,27720.0,27648.75,27649.75,2052
1785300300,27651.25,27759.0,27640.0,27756.0,2760
1785301200,27758.75,27834.75,27735.75,27832.5,3148
1785302100,27833.75,27834.25,27773.25,27815.25,2379
1785303000,27815.25,27852.75,27787.0,27826.75,2677
1785303900,27828.0,27841.75,27790.0,27794.0,1719
1785304800,27794.0,27797.25,27736.25,27764.5,2167
1785305700,27766.5,27811.25,27755.25,27811.0,2264
1785306600,27811.5,27913.5,27811.5,27910.25,3070
1785307500,27907.5,27942.25,27895.0,27928.75,2295
1785308400,27928.75,27945.5,27895.75,27923.0,2448
1785309300,27923.0,27953.0,27905.75,27946.25,2156
1785310200,27945.75,27962.75,27920.25,27920.25,1826
1785311100,27922.0,27923.25,27891.25,27906.0,1518
1785312000,27906.25,27924.75,27857.5,27861.0,2468
1785312900,27864.5,27870.0,27820.0,27841.5,2045
1785313800,27842.0,27930.5,27830.75,27923.25,2032
1785314700,27924.5,27939.25,27896.0,27904.0,1438
1785315600,27904.5,27978.5,27901.0,27978.0,2111
1785316500,27977.25,27986.0,27951.5,27977.5,1800
1785317400,27976.5,28012.5,27957.75,27999.75,1524
1785318300,28002.25,28060.0,27999.0,28019.75,3101
1785319200,28018.25,28046.0,28003.75,28010.25,1846
1785320100,28010.75,28024.5,27986.25,28017.25,1949
1785321000,28017.5,28023.0,27953.25,27968.25,1853
1785321900,27968.0,27970.25,27931.5,27948.0,2177
1785322800,27950.25,28003.75,27934.5,27992.25,2439
1785323700,27991.25,28023.75,27983.25,28000.75,2106
1785324600,27999.25,28008.0,27959.5,27965.75,1752
1785325500,27965.25,28004.25,27956.75,28002.75,2090
1785326400,28002.0,28007.75,27933.75,27940.0,2433
1785327300,27940.0,27947.5,27852.75,27867.25,5426
1785328200,27867.0,27918.5,27844.25,27911.75,2997
1785329100,27912.0,27933.25,27903.5,27907.75,2675
1785330000,27909.0,27917.0,27869.5,27872.75,3599
1785330900,27872.0,27942.5,27856.0,27914.0,6493
1785331800,27914.5,27996.0,27836.5,27916.5,35462
1785332700,27916.25,27948.0,27667.75,27733.75,31102
1785333600,27735.25,27826.5,27635.75,27648.0,32305
1785334500,27648.75,27695.75,27538.75,27573.25,28314
1785335400,27571.0,27652.25,27510.0,27537.75,25176
1785336300,27537.0,27615.75,27518.25,27600.0,21661
1785337200,27600.5,27657.5,27565.75,27577.75,23139
1785338100,27577.5,27625.0,27547.0,27555.75,16487
1785339000,27556.25,27596.75,27518.0,27535.25,13067
1785339900,27533.75,27566.5,27464.5,27517.0,15068
1785340800,27518.25,27542.0,27419.5,27419.75,15300
1785341700,27420.25,27556.5,27409.25,27551.0,14935
1785342600,27551.25,27586.0,27485.25,27504.0,14144
1785343500,27502.5,27603.5,27489.5,27603.25,12487
1785344400,27603.75,27737.25,27595.25,27736.5,15511
1785345300,27736.5,27750.0,27651.0,27651.0,13770
1785346200,27650.75,27695.0,27629.5,27681.0,10635
1785347100,27681.25,27727.75,27656.0,27721.75,8486
1785348000,27723.0,27888.5,27714.75,27798.5,31843
1785348900,27800.0,27843.5,27727.5,27776.5,17036
1785349800,27777.0,27987.5,27709.0,27975.5,26579
1785350700,27974.5,28096.75,27961.25,28056.75,24118
1785351600,28057.5,28099.5,27839.5,27905.0,28074
1785352500,27905.0,27938.0,27640.75,27712.25,29534
1785353400,27711.25,27744.0,27458.75,27473.5,31346
1785354300,27473.25,27512.25,27317.5,27336.75,44723
1785355200,27338.25,27364.0,27201.5,27300.5,28108
1785356100,27300.0,27338.75,27209.5,27242.25,6612
1785357000,27244.0,27331.25,27207.0,27312.0,4862
1785357900,27312.25,27322.25,27256.5,27259.25,2827
1785362400,27202.0,27489.5,27202.0,27434.75,5710
1785363300,27437.25,27484.0,27395.5,27435.0,4232
1785364200,27435.75,27465.5,27412.0,27459.75,2444
1785365100,27460.0,27479.5,27418.75,27451.5,2308
1785366000,27449.5,27524.25,27446.25,27476.5,3643
1785366900,27482.25,27541.0,27469.25,27532.75,2773
1785367800,27534.25,27559.25,27500.0,27523.75,2612
1785368700,27520.0,27555.5,27495.25,27520.75,3568
1785369600,27521.75,27608.0,27472.25,27578.75,5465
1785370500,27579.0,27602.75,27550.5,27593.5,3720
1785371400,27594.75,27611.0,27489.75,27506.25,3702
1785372300,27505.75,27548.75,27490.25,27547.25,3441
1785373200,27547.25,27664.25,27535.25,27570.75,5176
1785374100,27569.5,27648.0,27565.0,27637.75,2428
1785375000,27637.75,27694.5,27635.25,27678.0,3189
1785375900,27677.5,27696.75,27648.25,27653.0,2560
1785376800,27652.0,27687.5,27629.25,27636.0,2747
1785377700,27636.0,27653.25,27603.25,27610.5,1945
1785378600,27613.25,27613.25,27559.5,27610.0,2659
1785379500,27610.75,27631.0,27539.0,27541.75,2395
1785380400,27542.0,27576.25,27485.0,27497.0,2600
1785381300,27498.75,27523.25,27471.25,27515.5,2372
1785382200,27516.5,27556.75,27480.25,27532.5,2611
1785383100,27529.5,27563.5,27517.75,27521.5,1423
1785384000,27507.5,27508.5,27481.75,27485.25,1631
1785384900,27485.0,27541.75,27459.5,27535.0,1953
1785385800,27534.0,27543.75,27461.75,27471.0,1636
1785386700,27469.25,27512.0,27434.75,27447.75,1680
1785387600,27446.25,27457.25,27421.0,27456.5,1586
1785388500,27458.25,27499.5,27453.25,27478.25,1805
1785389400,27476.5,27526.5,27465.0,27521.0,1530
1785390300,27521.75,27546.25,27463.5,27487.75,2155
1785391200,27487.0,27507.0,27457.0,27468.5,1449
1785392100,27467.75,27498.0,27447.5,27479.5,1408
1785393000,27481.5,27484.5,27434.75,27436.75,1429
1785393900,27435.25,27463.0,27415.0,27434.25,1490
1785394800,27433.75,27521.75,27416.25,27475.75,4475
1785395700,27478.75,27482.25,27392.75,27408.0,2717
1785396600,27413.0,27447.5,27351.25,27434.0,2890
1785397500,27431.5,27441.75,27389.5,27395.25,1951
1785398400,27394.5,27456.0,27337.5,27437.75,3983
1785399300,27437.75,27522.5,27425.75,27506.5,3079
1785400200,27510.5,27527.25,27489.0,27493.75,1442
1785401100,27493.25,27508.75,27460.5,27485.25,1100
1785402000,27486.0,27555.0,27469.75,27534.5,1821
1785402900,27536.75,27574.75,27525.25,27554.5,2545
1785403800,27553.5,27586.0,27538.25,27543.5,1649
1785404700,27544.25,27555.75,27508.0,27514.75,1432
1785405600,27515.5,27564.5,27488.25,27541.5,2523
1785406500,27543.25,27627.25,27541.25,27617.75,2669
1785407400,27616.5,27648.0,27606.5,27631.0,2599
1785408300,27631.0,27647.75,27611.0,27618.5,1899
1785409200,27619.0,27686.5,27613.0,27665.75,3426
1785410100,27666.0,27730.0,27661.5,27715.0,3110
1785411000,27715.5,27727.25,27673.0,27699.75,3582
1785411900,27700.75,27745.25,27700.5,27725.0,2567
1785412800,27723.5,27765.5,27695.75,27763.0,4008
1785413700,27763.0,27766.25,27714.0,27740.25,3555
1785414600,27740.25,27808.75,27715.25,27777.0,7671
1785415500,27777.0,27821.75,27763.0,27805.5,4618
1785416400,27807.0,27876.25,27793.0,27840.0,12681
1785417300,27840.0,27883.25,27831.25,27874.25,7808
1785418200,27875.75,27996.5,27813.25,27976.25,46992
1785419100,27976.75,28162.25,27973.25,28151.75,39574
1785420000,28150.5,28183.75,28066.75,28107.5,37152
1785420900,28107.25,28240.0,28080.25,28226.0,29973
1785421800,28226.5,28246.5,28160.25,28175.5,23687
1785422700,28175.5,28196.0,28022.5,28070.75,27631
1785423600,28071.5,28137.75,28012.75,28023.75,26378
1785424500,28024.5,28099.5,27996.25,28010.5,20187
1785425400,28010.5,28108.5,28001.0,28089.5,17156
1785426300,28090.0,28133.75,28049.25,28079.5,15681
1785427200,28078.75,28190.0,28059.0,28186.0,16108
1785428100,28185.25,28192.75,28140.5,28144.25,11060
1785429000,28144.25,28150.5,28054.5,28068.75,12392
1785429900,28068.25,28136.5,28066.25,28126.75,11762
1785430800,28127.0,28183.75,28126.0,28159.25,11185
1785431700,28158.25,28207.75,28156.25,28169.0,8756
1785432600,28169.5,28197.75,28139.5,28188.25,9998
1785433500,28188.5,28208.5,28165.5,28177.5,7850
1785434400,28177.5,28205.0,28167.0,28200.5,6708
1785435300,28200.5,28203.75,28162.25,28183.0,6788
1785436200,28183.0,28199.0,28148.5,28167.5,7867
1785437100,28167.0,28189.5,28154.75,28180.5,7486
1785438000,28180.75,28296.5,28179.75,28274.75,18417
1785438900,28274.25,28297.75,28242.0,28244.5,12321
1785439800,28243.75,28257.25,28219.75,28232.25,11916
1785440700,28232.75,28262.5,28202.5,28230.75,35911
1785441600,28230.75,28367.0,28205.5,28324.75,17214
1785442500,28324.25,28372.25,28322.75,28366.25,5281
1785443400,28366.5,28414.5,28311.0,28361.25,7206
1785444300,28360.0,28363.0,28322.5,28333.5,2455
1785448800,28317.0,28413.75,28300.0,28384.75,1545
1785449700,28382.5,28407.0,28350.5,28354.0,2192
1785450600,28352.0,28406.0,28331.0,28403.0,2049
1785451500,28402.75,28409.75,28390.0,28395.0,1336
1785452400,28394.25,28426.5,28377.0,28384.75,1836
1785453300,28386.0,28392.5,28364.0,28378.0,1232
1785454200,28378.25,28416.5,28362.25,28406.75,1379
1785455100,28406.75,28445.0,28391.5,28422.75,2243
1785456000,28424.0,28476.5,28397.25,28466.75,3942
1785456900,28467.0,28488.0,28447.25,28483.25,2731
1785457800,28481.0,28509.75,28480.5,28497.25,2284
1785458700,28500.0,28524.5,28468.75,28521.75,2067
1785459600,28523.0,28569.5,28522.75,28561.25,2888
1785460500,28560.0,28572.0,28543.75,28551.0,1995
1785461400,28549.0,28558.25,28489.0,28497.0,2671
1785462300,28496.5,28500.0,28455.5,28478.0,2260
1785463200,28478.0,28499.5,28433.25,28438.0,2439
1785464100,28438.25,28438.75,28401.0,28423.5,2467
1785465000,28422.5,28432.0,28389.5,28421.25,1485
1785465900,28421.0,28438.0,28397.75,28431.25,1832
1785466800,28431.5,28436.0,28398.0,28418.25,1513
1785467700,28417.75,28476.5,28417.0,28462.75,1902
1785468600,28464.5,28478.25,28452.25,28463.75,1136
1785469500,28461.25,28470.5,28428.25,28461.75,1279
1785470400,28459.5,28468.0,28452.5,28463.5,1201
1785471300,28463.5,28512.0,28451.5,28511.25,1384
1785472200,28512.0,28552.5,28507.75,28551.5,1479
1785473100,28551.25,28557.0,28534.5,28549.0,1117
1785474000,28548.75,28570.0,28538.5,28557.75,1508
1785474900,28558.5,28581.0,28552.5,28573.0,1225
1785475800,28573.5,28585.75,28541.0,28552.75,1734
1785476700,28551.75,28590.75,28548.75,28585.0,1668
1785477600,28585.5,28611.75,28577.0,28606.75,2083
1785478500,28605.75,28611.0,28580.75,28590.25,1381
1785479400,28589.5,28593.0,28457.5,28484.0,4205
1785480300,28484.75,28509.75,28450.0,28488.25,2900
1785481200,28484.25,28543.25,28455.0,28535.75,3596
1785482100,28535.0,28574.5,28507.0,28546.0,2380
1785483000,28547.25,28574.0,28534.5,28566.5,1843
1785483900,28566.25,28584.25,28542.5,28575.0,1789
1785484800,28572.75,28590.75,28524.75,28576.75,2917
1785485700,28576.75,28610.0,28564.25,28600.0,2179
1785486600,28595.25,28611.0,28561.5,28567.25,1492
1785487500,28568.75,28607.25,28564.25,28602.75,1341
1785488400,28603.25,28640.75,28598.25,28629.25,2561
1785489300,28627.5,28631.25,28584.75,28589.25,1619
1785490200,28588.75,28591.5,28530.0,28552.5,2763
1785491100,28552.25,28569.75,28528.5,28533.0,1258
1785492000,28531.75,28564.75,28519.5,28555.75,2042
1785492900,28555.0,28579.25,28546.5,28572.0,1188
1785493800,28572.25,28583.0,28561.75,28578.25,1134
1785494700,28579.25,28591.25,28552.0,28565.5,1435
1785495600,28565.5,28626.0,28563.0,28594.75,1996
1785496500,28596.25,28599.5,28548.5,28553.25,2302
1785497400,28555.75,28560.75,28523.0,28538.25,2150
1785498300,28540.0,28560.75,28532.0,28553.5,1521
1785499200,28554.75,28555.25,28477.0,28481.0,3161
1785500100,28480.25,28506.0,28448.0,28496.5,4165
1785501000,28496.75,28502.75,28432.25,28453.0,4630
1785501900,28452.75,28490.5,28437.75,28468.25,3541
1785502800,28468.5,28531.0,28457.75,28530.0,4984
1785503700,28529.25,28584.0,28529.0,28577.5,7287
1785504600,28576.5,28725.75,28415.75,28419.0,52307
1785505500,28420.0,28472.75,28295.5,28360.5,46644
1785506400,28356.75,28393.0,28100.5,28137.5,44367
1785507300,28137.0,28258.75,28079.75,28249.75,37600
1785508200,28249.5,28296.0,28211.75,28268.75,22970
1785509100,28268.25,28345.5,28237.0,28307.5,24647
1785510000,28308.75,28342.25,28214.75,28269.0,19738
1785510900,28269.25,28339.25,28122.25,28151.0,21215
1785511800,28151.25,28261.0,28115.5,28215.0,22077
1785512700,28215.25,28295.0,28164.0,28274.0,17173
1785513600,28274.0,28308.5,28243.75,28300.5,14091
1785514500,28301.5,28364.25,28256.0,28363.75,12779
1785515400,28363.75,28388.75,28313.75,28321.5,12533
1785516300,28321.5,28390.0,28308.5,28367.5,10616
1785517200,28366.75,28411.25,28360.0,28402.0,9541
1785518100,28403.0,28477.5,28396.0,28461.5,11209
1785519000,28462.5,28503.0,28443.25,28457.5,12446
1785519900,28456.25,28475.75,28415.75,28429.0,10559
1785520800,28429.0,28459.75,28395.25,28403.75,10106
1785521700,28402.75,28446.0,28398.5,28422.0,7673
1785522600,28422.0,28448.0,28415.5,28432.5,5991
1785523500,28432.5,28462.0,28416.5,28433.75,7051
1785524400,28433.5,28458.75,28405.5,28433.0,7981
1785525300,28433.5,28498.0,28426.25,28475.25,10677
1785526200,28474.5,28483.5,28434.5,28476.75,10800
1785527100,28477.0,28524.0,28380.0,28402.75,34028
1785528000,28402.75,28434.25,28340.5,28393.75,15016
1785528900,28394.0,28395.25,28362.25,28372.5,3294
1785529800,28369.75,28395.5,28356.0,28382.0,2575
1785530700,28381.0,28404.25,28258.25,28404.25,4939
1785708000,28601.0,28641.25,28599.25,28623.0,920
1785708900,28624.0,28632.5,28582.0,28613.5,2693
1785709800,28615.25,28623.75,28594.25,28600.25,1325
1785710700,28599.5,28605.0,28560.25,28570.25,1278
1785711600,28568.75,28591.0,28545.0,28556.75,1859
1785712500,28556.25,28596.0,28553.0,28585.25,1664
1785713400,28585.5,28610.0,28574.5,28606.0,1651
1785714300,28603.5,28637.5,28571.25,28614.0,3344
1785715200,28611.0,28615.25,28554.5,28610.5,3432
1785716100,28610.75,28630.5,28537.5,28556.75,3244
1785717000,28554.25,28611.0,28542.5,28583.75,3364
1785717900,28582.25,28626.0,28572.5,28622.0,2394
1785718800,28622.25,28635.0,28584.75,28592.0,2814
1785719700,28590.75,28614.75,28564.25,28609.0,2128
1785720600,28607.5,28630.0,28578.0,28630.0,1849
1785721500,28630.0,28650.0,28618.5,28644.0,1984
1785722400,28644.75,28668.75,28631.0,28662.75,1806
1785723300,28661.5,28681.5,28634.5,28640.25,1924
1785724200,28640.5,28669.75,28633.75,28644.5,1474
1785725100,28646.5,28666.5,28639.25,28660.5,785
1785726000,28662.5,28675.75,28657.5,28664.0,1030
1785726900,28665.0,28676.5,28641.25,28645.75,1002
1785727800,28647.0,28674.0,28640.0,28671.75,849
1785728700,28672.75,28698.25,28665.25,28674.5,1223
1785729600,28669.0,28672.0,28652.5,28661.75,782
1785730500,28662.75,28688.5,28662.75,28683.25,742
1785731400,28682.75,28686.0,28666.5,28674.25,630
1785732300,28673.75,28688.25,28648.5,28651.0,825
1785733200,28650.75,28666.25,28634.0,28638.5,1227
1785734100,28638.75,28648.75,28622.5,28638.25,1137
1785735000,28636.75,28649.75,28628.25,28634.5,721
1785735900,28634.5,28645.25,28617.0,28641.25,923
1785736800,28642.0,28661.0,28631.5,28642.25,1675
1785737700,28641.0,28652.0,28618.5,28625.75,1255
1785738600,28627.0,28645.0,28609.0,28609.0,1236
1785739500,28609.75,28618.75,28575.75,28593.25,1801
1785740400,28594.25,28634.5,28563.75,28617.5,2440
1785741300,28618.75,28631.0,28569.25,28604.0,2593
1785742200,28604.5,28615.5,28560.25,28564.25,1336
1785743100,28563.0,28589.5,28558.5,28588.25,1106
1785744000,28588.0,28591.0,28518.5,28561.25,2642
1785744900,28560.0,28564.25,28473.25,28488.0,2431
1785745800,28487.25,28555.0,28471.75,28537.25,2063
1785746700,28536.25,28595.0,28527.0,28594.0,2410
1785747600,28594.75,28601.0,28543.0,28558.75,1929
1785748500,28559.0,28582.25,28547.25,28556.75,1164
1785749400,28556.75,28576.5,28543.5,28545.75,1223
1785750300,28546.25,28563.25,28521.0,28559.0,1461
1785751200,28559.25,28565.25,28526.0,28527.25,1295
1785752100,28525.5,28540.0,28488.5,28508.0,1960
1785753000,28508.0,28531.5,28490.0,28527.75,1182
1785753900,28526.75,28546.5,28514.25,28541.0,1210
1785754800,28541.25,28547.0,28465.25,28487.25,2600
1785755700,28487.5,28513.0,28468.75,28468.75,1684
1785756600,28468.75,28512.5,28450.5,28474.5,2448
1785757500,28475.25,28477.0,28403.5,28420.25,3435
1785758400,28420.25,28435.75,28383.5,28434.75,4043
1785759300,28435.5,28461.75,28421.75,28449.0,3662
1785760200,28450.0,28487.75,28437.75,28487.25,3523
1785761100,28487.5,28491.5,28442.0,28459.25,2546
1785762000,28459.25,28477.5,28440.0,28460.0,3450
1785762900,28460.25,28494.25,28396.5,28418.5,7388
1785763800,28418.5,28540.0,28313.5,28494.0,47331
1785764700,28495.0,28628.0,28443.25,28626.25,29637
1785765600,28623.75,28626.5,28529.5,28572.25,27022
1785766500,28571.25,28684.0,28558.75,28678.5,21803
1785767400,28677.5,28735.0,28661.5,28708.0,18487
1785768300,28708.0,28803.75,28699.75,28801.75,22358
1785769200,28801.0,28802.25,28747.5,28758.25,14192
1785770100,28757.0,28798.75,28722.0,28734.25,14483
1785771000,28734.25,28788.5,28731.75,28782.5,12679
1785771900,28781.75,28814.5,28775.0,28792.5,10413
1785772800,28792.5,28821.25,28790.0,28815.5,10555
1785773700,28814.25,28847.25,28812.5,28837.0,10198
1785774600,28837.0,28844.75,28811.75,28833.75,8126
1785775500,28834.25,28843.75,28819.0,28822.5,6240
1785776400,28822.75,28863.75,28813.0,28857.5,7881
1785777300,28857.75,28890.5,28855.75,28885.75,8931
1785778200,28885.5,28894.0,28874.5,28885.5,7500
1785779100,28885.75,28921.75,28884.75,28917.5,9483
1785780000,28917.5,28964.25,28917.5,28940.0,13802
1785780900,28940.5,28958.75,28890.25,28892.75,10675
1785781800,28892.0,28914.25,28882.75,28913.0,8954
1785782700,28913.25,28926.0,28892.25,28907.0,8069
1785783600,28907.5,28943.75,28895.0,28900.0,9997
1785784500,28899.5,28926.5,28898.5,28912.75,8734
1785785400,28912.75,28926.0,28899.5,28914.75,9506
1785786300,28915.25,28935.5,28865.25,28900.25,28308
1785787200,28900.75,28917.25,28878.25,28911.0,8186
1785788100,28910.75,28945.0,28910.5,28913.75,2758
1785789000,28913.25,28931.75,28909.75,28929.5,1771
1785789900,28929.75,28931.5,28914.5,28929.25,1270
1785794400,28930.0,28950.75,28919.0,28927.75,1065
1785795300,28927.75,28948.5,28927.75,28944.0,692
1785796200,28941.5,28962.25,28932.25,28957.75,1359
1785797100,28956.5,28956.75,28941.25,28945.75,961
1785798000,28944.0,28947.75,28930.25,28938.5,947
1785798900,28938.25,28958.75,28938.25,28948.75,895
1785799800,28947.75,28959.75,28934.0,28941.75,869
1785800700,28941.75,28972.25,28939.5,28971.0,1554
1785801600,28971.25,28976.25,28927.25,28930.75,3051
1785802500,28932.25,28932.75,28900.5,28905.75,2482
1785803400,28905.5,28907.75,28864.25,28891.25,3269
1785804300,28892.25,28908.25,28868.0,28876.75,2660
1785805200,28876.0,28877.25,28831.75,28858.5,3484
1785806100,28859.75,28902.5,28851.5,28901.5,2369
1785807000,28901.0,28943.5,28899.25,28942.75,2619
1785807900,28943.0,29048.0,28941.75,29041.25,4802
1785808800,29041.75,29044.75,28967.5,28971.0,3461
1785809700,28970.0,28978.0,28942.5,28949.5,2282
1785810600,28948.5,28994.5,28948.5,28985.75,2195
1785811500,28985.75,28992.0,28960.0,28972.75,1454
1785812400,28972.5,28992.0,28932.75,28941.25,1793
1785813300,28942.75,28986.0,28931.75,28976.75,1881
1785814200,28977.25,29004.5,28958.25,28968.75,1577
1785815100,28967.0,29005.5,28957.75,29003.5,1148
1785816000,28990.75,28995.25,28968.5,28974.5,1104
1785816900,28977.25,29015.25,28976.25,29007.5,885
1785817800,29009.25,29014.5,28995.75,28999.5,556
1785818700,28997.5,29023.25,28994.75,29015.5,599
1785819600,29016.25,29022.25,28978.25,28987.75,1234
1785820500,28987.75,29032.25,28983.0,29026.5,1301
1785821400,29025.25,29074.75,29025.0,29058.5,1968
1785822300,29056.25,29074.25,29042.5,29072.25,937
1785823200,29073.5,29092.5,29067.25,29089.0,1756
1785824100,29089.0,29098.75,29076.5,29081.5,1504
1785825000,29081.25,29090.0,29042.5,29054.75,1446
1785825900,29055.0,29074.0,29051.75,29073.75,874
1785826800,29072.0,29100.25,29036.5,29069.0,3624
1785827700,29069.75,29109.0,29062.25,29099.0,2192
1785828600,29099.75,29119.25,29074.25,29081.5,1885
1785829500,29080.25,29109.75,29065.25,29071.25,1394
1785830400,29072.0,29124.0,29068.0,29108.0,2215
1785831300,29106.0,29131.5,29096.75,29112.0,1633
1785832200,29111.5,29111.5,29060.0,29069.5,1741
1785833100,29067.5,29077.5,29039.0,29068.75,2218
1785834000,29069.0,29069.0,29011.75,29032.75,1839
1785834900,29033.0,29045.25,29007.5,29044.0,1638
1785835800,29046.0,29080.75,29042.0,29076.75,1435
1785836700,29076.75,29089.25,29057.5,29077.75,1438
1785837600,29078.5,29111.75,29067.25,29106.75,1284
1785838500,29106.5,29115.25,29085.75,29096.75,1672
1785839400,29096.25,29130.75,29074.0,29120.75,2532
1785840300,29120.25,29145.0,29103.25,29115.5,3016
1785841200,29116.75,29149.75,29114.25,29144.5,2249
1785842100,29144.5,29171.5,29139.5,29170.5,2336
1785843000,29170.75,29212.5,29150.25,29204.75,3580
1785843900,29203.0,29245.75,29189.75,29237.5,5007
1785844800,29238.0,29238.0,29202.5,29206.25,2758
1785845700,29205.5,29234.25,29204.0,29221.5,2435
1785846600,29223.0,29225.75,29199.0,29219.5,2484
1785847500,29219.0,29221.5,29188.0,29202.75,2649
1785848400,29203.25,29235.25,29191.25,29231.0,3278
1785849300,29232.0,29282.25,29218.5,29234.75,8510
1785850200,29234.25,29452.75,29208.25,29411.5,48114
1785851100,29410.75,29503.75,29409.75,29466.0,31665
1785852000,29465.25,29544.25,29432.0,29541.0,26393
1785852900,29540.25,29568.5,29484.0,29559.0,24857
1785853800,29558.5,29572.75,29517.25,29556.75,22183
1785854700,29557.0,29561.5,29523.5,29549.75,13826
1785855600,29549.75,29624.75,29544.0,29618.75,18150
1785856500,29619.0,29663.5,29613.25,29639.5,17271
1785857400,29639.0,29682.5,29622.0,29677.0,15040
1785858300,29677.75,29696.75,29667.5,29671.0,12164
1785859200,29671.0,29700.0,29661.25,29674.5,10326
1785860100,29674.5,29719.75,29673.75,29706.5,9954
1785861000,29706.5,29731.75,29695.0,29726.25,11111
1785861900,29726.75,29744.5,29726.25,29742.75,9496
1785862800,29742.75,29799.75,29739.25,29797.25,14079
1785863700,29797.0,29825.75,29780.5,29819.0,11524
1785864600,29819.25,29865.5,29803.5,29865.0,11631
1785865500,29865.25,29898.75,29833.5,29834.75,15137
1785866400,29835.25,29860.25,29808.0,29859.0,13560
1785867300,29859.5,29884.25,29855.0,29879.75,8787
1785868200,29880.0,29893.0,29839.75,29854.5,8943
1785869100,29855.0,29895.5,29855.0,29881.5,8779
1785870000,29881.75,29939.25,29878.25,29926.5,13724
1785870900,29926.25,29945.25,29888.75,29900.5,11585
1785871800,29901.0,29951.0,29889.0,29949.75,12049
1785872700,29949.5,29956.5,29847.5,29876.75,40462
1785873600,29875.25,29949.75,29851.5,29915.75,14973
1785874500,29913.75,29913.75,29761.25,29791.75,11051
1785875400,29790.5,29817.25,29764.5,29797.5,4280
1785876300,29797.0,29826.0,29786.0,29818.25,2604
1785880800,29777.25,29838.5,29776.5,29834.75,1429
1785881700,29834.75,29844.25,29810.25,29833.0,1455
1785882600,29835.0,29841.75,29794.75,29799.5,1988
1785883500,29800.75,29828.0,29792.25,29827.5,1119
1785884400,29825.75,29846.75,29809.75,29838.5,1425
1785885300,29838.75,29845.5,29817.75,29825.0,889
1785886200,29824.0,29844.25,29802.0,29843.0,1741
1785887100,29843.25,29857.25,29826.0,29834.75,1999
1785888000,29835.5,29865.0,29818.75,29858.5,2675
1785888900,29858.0,29864.5,29833.5,29863.0,1886
1785889800,29862.75,29877.0,29835.5,29838.75,2260
1785890700,29838.0,29862.5,29810.0,29848.75,2599
1785891600,29849.25,29861.5,29817.0,29840.0,1951
1785892500,29840.75,29842.75,29797.0,29817.75,2118
1785893400,29819.0,29844.75,29813.0,29834.0,1939
1785894300,29834.5,29887.5,29833.75,29869.0,2714
1785895200,29870.0,29889.25,29864.0,29871.0,1718
1785896100,29871.75,29876.25,29850.25,29853.0,1048
1785897000,29854.5,29863.0,29842.25,29858.75,1254
1785897900,29857.75,29875.0,29855.25,29860.75,964
1785898800,29859.0,29890.0,29855.75,29884.25,1060
1785899700,29883.5,29892.0,29863.25,29863.25,1130
1785900600,29864.75,29892.0,29858.25,29885.5,1036
1785901500,29886.5,29893.75,29867.5,29890.0,1100
1785902400,29896.75,29898.25,29883.25,29884.25,1011
1785903300,29883.5,29883.75,29859.75,29871.25,843
1785904200,29872.0,29909.25,29869.25,29905.75,1408
1785905100,29904.5,29917.0,29883.5,29902.75,1233
1785906000,29902.5,29939.75,29895.0,29937.25,1521
1785906900,29937.5,29949.0,29934.0,29937.0,1009
1785907800,29936.75,29944.5,29919.75,29941.5,1675
1785908700,29942.0,29985.25,29940.75,29980.5,2732
1785909600,29980.0,29990.0,29961.0,29981.0,1630
1785910500,29980.25,29982.75,29925.5,29929.25,2019
1785911400,29929.5,29965.0,29925.75,29938.25,1483
1785912300,29941.0,29970.75,29936.75,29969.75,963
1785913200,29969.0,29987.0,29936.25,29950.75,2277
1785914100,29950.25,29953.25,29900.25,29907.5,2105
1785915000,29908.25,29919.5,29885.25,29886.25,1713
1785915900,29887.75,29913.5,29885.0,29903.25,1101
1785916800,29905.0,29926.0,29853.75,29863.75,3056
1785917700,29865.0,29873.75,29819.5,29833.75,2515
1785918600,29836.5,29844.25,29798.5,29811.75,2802
1785919500,29812.25,29843.0,29797.75,29836.5,1873
1785920400,29837.75,29853.75,29822.0,29833.75,1616
1785921300,29833.5,29864.25,29814.25,29861.25,2516
1785922200,29862.25,29888.75,29860.0,29883.25,2135
1785923100,29883.0,29893.5,29853.25,29857.5,1546
1785924000,29857.25,29871.75,29833.75,29840.5,1680
1785924900,29839.5,29866.0,29836.25,29858.75,976
1785925800,29857.5,29871.25,29850.0,29857.25,860
1785926700,29857.75,29871.0,29834.5,29862.25,1643
1785927600,29865.5,29921.0,29865.5,29904.5,3457
1785928500,29904.5,29923.0,29897.5,29900.5,1444
1785929400,29900.5,29931.25,29890.5,29916.0,2200
1785930300,29914.5,29943.5,29903.5,29919.5,2592
1785931200,29919.5,29925.75,29891.25,29920.0,2786
1785932100,29920.0,29939.75,29897.5,29935.25,3030
1785933000,29935.5,29950.0,29892.75,29941.0,3630
1785933900,29941.5,29946.5,29908.25,29915.0,2176
1785934800,29917.25,29949.5,29916.75,29929.5,2694
1785935700,29928.75,29978.5,29894.75,29974.0,6797
1785936600,29975.25,30059.0,29910.25,30052.0,46073
1785937500,30053.5,30074.0,29967.75,30048.75,30232
1785938400,30048.5,30048.5,29918.5,29998.5,27014
1785939300,29997.5,30026.0,29901.25,29915.0,23150
1785940200,29915.0,29918.75,29824.75,29862.25,30020
1785941100,29862.25,29905.5,29788.0,29848.25,26730
1785942000,29849.0,29890.75,29826.0,29839.5,18034
1785942900,29839.0,29849.5,29763.5,29809.5,21865
1785943800,29808.5,29860.75,29805.5,29819.25,11138
1785944700,29820.0,29820.75,29713.25,29739.0,16829
1785945600,29738.25,29766.0,29702.0,29731.25,14592
1785946500,29730.75,29835.25,29720.0,29829.25,15333
1785947400,29829.75,29839.75,29770.0,29788.5,11150
1785948300,29789.25,29826.25,29778.5,29808.25,7540
1785949200,29809.75,29819.75,29744.25,29767.25,8999
1785950100,29766.75,29782.0,29740.5,29754.5,7450
1785951000,29754.25,29779.25,29738.75,29757.5,6429
1785951900,29756.5,29774.75,29734.25,29757.0,6347
1785952800,29756.75,29788.5,29752.25,29762.5,7526
1785953700,29763.0,29781.75,29755.25,29776.0,5335
1785954600,29776.25,29776.5,29727.25,29741.75,7661
1785955500,29742.0,29765.0,29722.75,29725.75,6360
1785956400,29726.75,29778.25,29718.5,29774.25,8486
1785957300,29774.25,29779.25,29753.75,29756.5,6587
1785958200,29757.0,29763.25,29706.0,29711.0,9489
1785959100,29711.5,29735.0,29592.75,29607.5,27811
1785960000,29607.0,29618.25,29530.75,29604.75,20907
1785960900,29605.5,29618.0,29561.75,29569.75,4644
1785961800,29571.25,29603.0,29566.25,29598.5,2378
1785962700,29598.0,29607.75,29576.0,29600.25,1939
1785967200,29569.5,29596.5,29563.5,29573.5,918
1785968100,29573.0,29638.0,29571.75,29627.75,1746
1785969000,29628.0,29670.5,29623.5,29654.75,2099
1785969900,29655.0,29679.5,29615.75,29623.25,2464
1785970800,29622.75,29636.0,29612.25,29631.0,866
1785971700,29631.0,29649.5,29618.5,29629.25,1099
1785972600,29629.25,29636.75,29575.25,29589.5,2481
1785973500,29586.0,29589.0,29566.0,29583.5,1688
1785974400,29584.25,29601.75,29546.75,29581.0,3185
1785975300,29580.5,29608.0,29553.0,29560.5,2360
1785976200,29561.5,29588.0,29547.75,29560.5,2122
1785977100,29560.25,29579.25,29535.25,29537.5,1807
1785978000,29539.25,29540.75,29501.25,29521.5,2734
1785978900,29523.25,29523.25,29454.25,29473.25,3255
1785979800,29472.75,29508.75,29469.5,29475.0,2694
1785980700,29475.5,29519.0,29473.25,29498.0,1826
1785981600,29497.75,29557.25,29490.75,29541.75,2627
1785982500,29543.0,29578.75,29537.25,29548.75,1807
1785983400,29546.5,29618.5,29529.25,29617.25,2465
1785984300,29616.25,29621.0,29585.75,29593.0,1809
1785985200,29593.75,29608.5,29574.5,29579.25,1458
1785986100,29579.0,29585.75,29535.0,29543.0,1602
1785987000,29543.5,29563.25,29525.0,29552.75,1570
1785987900,29553.0,29576.0,29541.25,29564.0,1327
1785988800,29571.5,29575.5,29554.25,29560.25,1507
1785989700,29556.75,29599.75,29556.5,29585.0,1072
1785990600,29585.75,29600.0,29541.75,29555.0,1178
1785991500,29555.25,29575.5,29545.0,29574.75,801
1785992400,29575.25,29596.25,29558.0,29580.5,1137
1785993300,29582.5,29593.75,29565.5,29580.0,703
1785994200,29579.75,29583.0,29550.0,29581.75,1113
1785995100,29583.25,29583.75,29544.25,29580.75,1221
1785996000,29580.0,29581.75,29499.0,29506.75,2161
1785996900,29505.75,29548.75,29485.0,29547.25,2515
1785997800,29546.5,29548.75,29495.75,29504.5,1556
1785998700,29505.5,29527.75,29486.25,29523.0,1254
1785999600,29520.25,29563.0,29506.75,29552.0,1914
1786000500,29551.0,29562.5,29523.5,29536.5,1384
1786001400,29536.5,29541.0,29501.25,29517.75,1137
1786002300,29516.75,29538.25,29500.75,29507.25,1230
1786003200,29507.25,29525.75,29443.75,29460.0,3058
1786004100,29460.75,29511.5,29447.75,29508.25,1973
1786005000,29509.5,29532.5,29500.5,29502.75,1579
1786005900,29504.75,29524.5,29490.25,29517.25,1395
1786006800,29517.25,29517.25,29437.5,29447.75,1800
1786007700,29448.25,29493.75,29446.5,29482.5,1223
1786008600,29482.0,29498.75,29475.75,29489.25,716
1786009500,29489.75,29531.0,29489.5,29526.75,1263
1786010400,29526.75,29533.75,29496.25,29503.25,1059
1786011300,29503.25,29525.75,29494.25,29517.0,961
1786012200,29517.5,29519.5,29473.5,29480.25,1218
1786013100,29479.75,29492.75,29468.0,29484.5,1494
1786014000,29484.5,29488.5,29364.75,29417.25,5799
1786014900,29419.75,29474.75,29417.25,29469.25,2607
1786015800,29469.5,29516.5,29469.25,29495.5,3522
1786016700,29494.25,29512.0,29438.0,29467.25,3754
1786017600,29466.0,29476.5,29406.25,29411.25,3534
1786018500,29413.5,29450.75,29387.5,29432.5,3960
1786019400,29430.0,29463.5,29413.75,29432.25,3136
1786020300,29432.0,29439.5,29389.5,29399.5,3131
1786021200,29400.25,29404.5,29350.25,29351.5,4811
1786022100,29351.0,29367.0,29326.25,29334.5,8303
1786023000,29335.0,29474.25,29241.25,29458.75,49092
1786023900,29458.0,29551.0,29447.5,29527.25,30945
1786024800,29528.25,29619.0,29488.0,29608.5,26324
1786025700,29608.75,29667.0,29564.75,29587.0,24080
1786026600,29589.0,29650.75,29545.25,29583.5,22797
1786027500,29582.5,29659.25,29533.75,29656.75,18231
1786028400,29656.5,29686.25,29598.75,29646.5,18323
1786029300,29646.25,29663.25,29564.25,29608.5,16439
1786030200,29608.25,29628.0,29533.0,29534.0,14991
1786031100,29535.0,29624.5,29506.0,29516.25,19913
1786032000,29516.25,29542.75,29478.25,29488.25,16002
1786032900,29488.5,29504.5,29448.5,29471.5,14253
1786033800,29472.25,29527.25,29462.25,29478.25,11297
1786034700,29478.5,29558.5,29468.5,29556.5,9842
1786035600,29557.25,29574.25,29518.0,29523.75,9569
1786036500,29524.0,29551.5,29512.25,29527.75,7340
1786037400,29526.75,29543.0,29493.75,29510.0,6740
1786038300,29510.25,29533.5,29494.25,29529.0,6999
1786039200,29529.0,29546.75,29507.25,29542.75,6602
1786040100,29542.75,29575.5,29498.5,29556.5,10268
1786041000,29556.5,29561.0,29500.5,29520.0,6601
1786041900,29521.25,29537.0,29506.0,29515.5,6322
1786042800,29515.75,29570.25,29510.25,29536.25,8515
1786043700,29535.5,29551.25,29496.5,29509.0,8193
1786044600,29508.0,29545.5,29489.25,29504.0,8037
1786045500,29504.0,29536.25,29475.0,29497.25,22877
1786046400,29497.25,29552.0,29496.0,29537.0,8473
1786047300,29536.75,29548.75,29482.75,29492.5,4018
1786048200,29492.5,29504.75,29480.25,29494.0,1674
1786049100,29494.75,29506.25,29489.0,29504.25,1228
1786053600,29514.25,29552.75,29494.5,29551.0,694
1786054500,29571.0,29574.75,29543.25,29550.0,1883
1786055400,29549.0,29562.0,29529.25,29553.75,966
1786056300,29554.25,29568.25,29547.25,29566.0,560
1786057200,29564.75,29572.25,29554.25,29558.0,653
1786058100,29559.25,29597.0,29559.25,29573.0,1324
1786059000,29572.5,29589.25,29563.25,29583.0,894
1786059900,29583.0,29603.5,29575.0,29593.25,1143
1786060800,29595.25,29618.75,29562.0,29575.5,2281
1786061700,29575.25,29575.25,29497.25,29513.5,3467
1786062600,29513.0,29575.0,29500.75,29539.75,3305
1786063500,29541.75,29573.0,29503.75,29561.25,2642
1786064400,29561.75,29582.0,29515.0,29524.0,2379
1786065300,29526.0,29536.0,29482.5,29531.25,2633
1786066200,29529.5,29581.25,29493.75,29521.75,3131
1786067100,29522.0,29540.0,29502.25,29526.25,1647
1786068000,29527.0,29548.0,29489.5,29530.75,2710
1786068900,29530.0,29542.0,29514.5,29525.5,844
1786069800,29526.5,29527.25,29475.5,29500.25,1965
1786070700,29498.75,29535.5,29494.0,29527.0,965
1786071600,29526.0,29548.0,29526.0,29529.5,1041
1786072500,29531.5,29535.0,29491.25,29505.0,1328
1786073400,29503.0,29522.25,29496.25,29505.25,730
1786074300,29507.0,29512.75,29486.25,29489.25,597
1786075200,29496.25,29500.75,29475.0,29479.0,1201
1786076100,29478.5,29516.75,29453.5,29508.25,2622
1786077000,29508.25,29526.0,29492.0,29495.5,1234
1786077900,29494.5,29513.5,29489.25,29511.5,829
1786078800,29510.75,29556.75,29507.5,29539.5,2310
1786079700,29539.5,29554.75,29538.0,29549.25,611
1786080600,29547.75,29550.0,29519.75,29534.0,767
1786081500,29534.0,29538.75,29522.75,29523.5,513
1786082400,29523.5,29564.5,29520.0,29559.75,1551
1786083300,29557.5,29583.5,29543.25,29580.5,2319
1786084200,29580.25,29583.5,29539.0,29546.5,1223
1786085100,29544.25,29555.0,29537.75,29553.0,1075
1786086000,29552.0,29591.75,29533.0,29591.5,2209
1786086900,29591.5,29592.5,29574.0,29587.75,1024
1786087800,29588.75,29591.0,29570.25,29583.0,875
1786088700,29582.5,29589.25,29561.25,29583.75,981
1786089600,29584.25,29626.5,29584.0,29624.0,2344
1786090500,29625.0,29629.75,29599.25,29623.75,1368
1786091400,29623.5,29647.25,29609.25,29625.75,1873
1786092300,29625.75,29637.75,29615.0,29632.5,1939
1786093200,29633.5,29649.0,29625.25,29641.75,1147
1786094100,29642.0,29649.0,29624.75,29634.5,904
1786095000,29634.5,29647.0,29621.25,29629.0,720
1786095900,29629.5,29636.0,29616.0,29616.5,715
1786096800,29618.25,29628.0,29609.25,29609.75,875
1786097700,29609.25,29621.5,29591.25,29621.25,1081
1786098600,29621.5,29625.25,29609.25,29623.5,613
1786099500,29621.25,29624.0,29602.25,29607.25,799
1786100400,29606.5,29648.25,29606.25,29637.0,1584
1786101300,29637.25,29666.25,29636.75,29654.0,1471
1786102200,29652.25,29673.25,29647.25,29666.0,1232
1786103100,29664.5,29666.25,29604.25,29614.0,3039
1786104000,29614.5,29675.75,29604.75,29658.5,2722
1786104900,29658.75,29686.0,29618.5,29683.5,3165
1786105800,29676.25,29814.0,29643.75,29801.75,12838
1786106700,29801.5,29867.75,29801.5,29843.25,9319
1786107600,29843.75,29850.5,29734.25,29741.0,9686
1786108500,29741.25,29745.25,29685.0,29714.75,9035
1786109400,29714.25,29813.25,29681.0,29788.5,43858
1786110300,29786.75,29820.0,29643.75,29677.25,30416
1786111200,29679.5,29713.25,29564.5,29585.0,32537
1786112100,29585.0,29779.5,29568.5,29761.25,28661
1786113000,29761.0,29775.0,29660.0,29676.0,23813
1786113900,29676.75,29734.0,29667.75,29721.0,17985
1786114800,29720.25,29782.5,29709.0,29759.75,14243
1786115700,29760.25,29828.75,29746.5,29826.75,14255
1786116600,29826.0,29855.25,29794.25,29811.75,14878
1786117500,29812.0,29843.25,29796.5,29814.0,9741
1786118400,29814.75,29830.0,29795.0,29800.75,7837
1786119300,29800.5,29819.0,29688.75,29714.0,15088
1786120200,29714.0,29761.25,29668.75,29754.25,15013
1786121100,29754.5,29780.75,29738.75,29739.5,9700
1786122000,29739.75,29768.0,29726.75,29736.0,7463
1786122900,29735.25,29764.5,29726.25,29747.5,6249
1786123800,29747.5,29764.25,29727.0,29745.25,5796
1786124700,29746.0,29759.25,29735.5,29743.25,4279
1786125600,29743.5,29754.75,29712.5,29721.5,5529
1786126500,29722.0,29734.25,29702.75,29705.75,5393
1786127400,29705.5,29724.25,29678.75,29681.25,6164
1786128300,29681.5,29729.0,29676.5,29725.0,6350
1786129200,29725.25,29810.75,29723.0,29800.0,11913
1786130100,29800.25,29823.0,29791.75,29811.0,8638
1786131000,29811.25,29812.0,29772.25,29779.25,8479
1786131900,29778.75,29860.25,29778.0,29834.25,25044
1786132800,29833.75,29850.75,29805.25,29820.25,8942
1786133700,29820.5,29829.0,29803.75,29805.0,1490
1786134600,29805.5,29823.75,29802.5,29814.25,1684
1786135500,29814.25,29845.0,29813.0,29834.75,1791
1786312800,29851.75,29860.25,29820.0,29826.25,1016
1786313700,29828.5,29854.5,29805.25,29838.0,2092
1786314600,29838.5,29853.5,29814.5,29837.5,1274
1786315500,29837.5,29851.0,29831.5,29844.25,744
1786316400,29845.25,29877.0,29833.5,29862.75,1192
1786317300,29860.5,29882.25,29856.25,29864.25,1076
1786318200,29865.25,29865.75,29834.75,29862.25,1312
1786319100,29862.0,29872.0,29828.25,29829.5,1100
1786320000,29830.25,29906.5,29796.25,29893.0,3568
1786320900,29891.5,29899.5,29840.0,29845.75,2048
1786321800,29847.0,29865.25,29799.75,29804.5,2085
1786322700,29806.25,29830.5,29788.5,29802.0,1918
1786323600,29803.25,29855.0,29791.0,29853.0,1972
1786324500,29851.75,29882.5,29845.75,29865.25,1792
1786325400,29864.0,29881.5,29840.75,29875.5,1504
1786326300,29876.5,29895.0,29871.75,29885.0,883
1786327200,29886.0,29892.25,29869.25,29871.25,915
1786328100,29873.25,29874.5,29852.75,29870.0,1096
1786329000,29870.0,29890.75,29848.25,29890.25,855
1786329900,29889.0,29899.5,29880.25,29880.25,747
1786330800,29881.25,29892.0,29869.25,29876.25,596
1786331700,29876.0,29891.25,29871.25,29882.5,629
1786332600,29880.0,29898.0,29872.75,29896.5,705
1786333500,29896.5,29899.0,29871.25,29880.0,673
1786334400,29878.25,29897.75,29873.0,29895.5,653
1786335300,29894.25,29904.0,29891.0,29899.25,579
1786336200,29898.25,29899.75,29863.0,29887.25,889
1786337100,29887.25,29902.25,29873.75,29882.75,742
1786338000,29882.25,29918.25,29881.0,29916.25,1179
1786338900,29916.75,29924.5,29909.0,29910.75,847
1786339800,29912.0,29919.0,29903.5,29905.5,761
1786340700,29905.25,29930.5,29899.5,29930.5,928
1786341600,29930.0,29962.0,29927.5,29956.25,1883
1786342500,29956.0,29962.75,29907.5,29914.25,1907
1786343400,29914.25,29925.25,29907.0,29917.25,966
1786344300,29917.5,29923.5,29906.0,29908.5,787
1786345200,29909.25,29923.0,29886.25,29914.0,1468
1786346100,29914.0,29952.5,29911.25,29952.25,1651
1786347000,29950.75,29970.0,29948.0,29965.5,1168
1786347900,29965.75,29984.0,29935.75,29951.5,1305
1786348800,29952.5,29981.0,29947.0,29963.0,1421
1786349700,29961.75,29973.0,29939.5,29953.5,925
1786350600,29952.0,29972.0,29944.0,29955.5,735
1786351500,29954.75,29975.0,29949.0,29971.5,718
1786352400,29971.5,29983.75,29966.0,29976.0,873
1786353300,29974.75,29981.75,29963.5,29967.75,584
1786354200,29968.5,29972.0,29936.5,29945.0,978
1786355100,29943.75,29952.0,29936.0,29938.75,511
1786356000,29939.25,29959.0,29916.0,29917.25,1108
1786356900,29917.75,29952.25,29916.5,29946.75,953
1786357800,29943.5,29945.5,29910.0,29919.5,941
1786358700,29918.75,29938.25,29909.25,29912.25,1017
1786359600,29912.75,29926.0,29851.5,29876.5,2354
1786360500,29877.25,29913.0,29864.25,29909.0,1805
1786361400,29909.25,29919.75,29872.0,29874.75,1960
1786362300,29874.25,29884.25,29846.0,29871.0,2313
1786363200,29870.25,29883.75,29843.75,29845.0,1445
1786364100,29845.75,29846.5,29810.25,29821.0,1953
1786365000,29823.25,29827.5,29782.25,29804.0,3398
1786365900,29803.75,29810.0,29771.75,29777.0,2382
1786366800,29778.5,29816.0,29772.25,29805.0,3401
1786367700,29804.5,29823.75,29789.5,29805.5,4588
1786368600,29805.5,29841.75,29718.75,29776.0,37362
1786369500,29775.75,29832.75,29754.5,29806.75,23986
1786370400,29807.0,29892.0,29788.25,29881.5,19211
1786371300,29882.0,29900.0,29814.75,29857.75,18032
1786372200,29858.25,29892.25,29846.75,29866.75,13100
1786373100,29866.5,29886.0,29777.75,29779.25,14556
1786374000,29779.75,29822.5,29766.0,29793.25,14571
1786374900,29793.25,29817.25,29753.5,29777.75,10802
1786375800,29777.0,29809.0,29740.75,29808.25,10173
1786376700,29808.25,29854.5,29786.25,29844.0,10052
1786377600,29844.5,29858.75,29811.75,29822.0,7408
1786378500,29822.0,29843.5,29804.75,29809.75,7222
1786379400,29809.5,29817.0,29729.5,29742.25,12889
1786380300,29742.75,29781.0,29733.0,29780.0,8479
1786381200,29780.25,29809.0,29760.75,29800.75,7607
1786382100,29800.75,29811.25,29776.25,29787.5,5257
1786383000,29786.75,29796.5,29756.0,29759.5,5302
1786383900,29760.0,29765.25,29744.25,29759.75,5440
1786384800,29759.0,29772.75,29748.5,29751.25,4342
1786385700,29751.75,29756.5,29742.5,29747.75,4084
1786386600,29747.5,29773.5,29741.5,29771.75,5683
1786387500,29772.0,29784.5,29759.75,29782.0,4509
1786388400,29782.75,29795.0,29775.5,29789.5,5168
1786389300,29789.75,29796.0,29779.75,29781.75,4871
1786390200,29782.25,29793.0,29770.25,29776.25,5796
1786391100,29776.0,29784.25,29722.5,29744.25,23393
1786392000,29744.5,29754.75,29740.0,29745.0,6454
1786392900,29745.0,29754.5,29737.0,29751.75,1626
1786393800,29751.75,29760.0,29743.25,29757.5,1237
1786394700,29758.0,29770.0,29755.75,29764.25,1244
1786399200,29764.5,29788.5,29752.0,29761.5,793
1786400100,29761.75,29762.75,29733.0,29746.25,1056
1786401000,29746.0,29746.25,29722.25,29725.25,1039
1786401900,29724.5,29736.75,29724.5,29732.5,383
1786402800,29732.5,29735.5,29720.75,29731.25,519
1786403700,29731.5,29732.0,29701.25,29708.5,1306
1786404600,29708.5,29715.5,29702.5,29714.25,570
1786405500,29713.75,29726.75,29677.5,29704.5,2012
1786406400,29703.75,29753.5,29666.0,29748.75,4022
1786407300,29746.75,29765.0,29725.0,29762.75,2476
1786408200,29764.0,29784.0,29756.0,29778.25,1657
1786409100,29779.25,29793.75,29777.0,29785.0,1316
1786410000,29784.75,29826.0,29764.5,29826.0,3105
1786410900,29825.25,29839.5,29808.75,29821.75,1749
1786411800,29819.25,29827.5,29810.0,29822.5,970
1786412700,29820.75,29842.5,29817.0,29818.25,1352
1786413600,29818.0,29830.5,29812.0,29819.5,869
1786414500,29821.25,29827.25,29813.0,29825.0,599
1786415400,29824.0,29839.0,29824.0,29838.75,896
1786416300,29839.5,29844.5,29815.0,29818.25,904
1786417200,29817.75,29832.75,29815.0,29821.5,691
1786418100,29822.5,29847.5,29817.5,29840.75,943
1786419000,29842.25,29843.0,29826.0,29831.75,638
1786419900,29833.5,29842.75,29828.25,29834.0,431
1786420800,29838.25,29851.25,29836.0,29847.75,714
1786421700,29848.5,29854.5,29838.25,29852.75,758
1786422600,29852.5,29861.75,29835.5,29838.25,825
1786423500,29839.25,29846.0,29834.5,29838.75,368
1786424400,29838.75,29854.25,29830.25,29852.0,538
1786425300,29852.25,29853.5,29813.25,29813.75,888
1786426200,29813.25,29829.5,29798.25,29815.5,1518
1786427100,29814.5,29817.0,29786.75,29793.25,1086
1786428000,29792.5,29827.75,29787.25,29819.5,1117
1786428900,29820.0,29822.0,29766.25,29771.25,1886
1786429800,29770.5,29789.25,29732.5,29782.0,2836
1786430700,29785.25,29786.75,29738.5,29754.25,1446
1786431600,29755.75,29769.75,29733.25,29759.75,1400
1786432500,29758.25,29765.0,29728.0,29743.25,1371
1786433400,29744.25,29780.25,29743.25,29769.0,1058
1786434300,29767.5,29779.5,29756.0,29774.75,864
1786435200,29776.0,29804.25,29730.5,29731.25,2318
1786436100,29730.75,29747.25,29718.0,29733.0,1309
1786437000,29733.5,29754.75,29717.75,29753.75,1202
1786437900,29752.5,29763.5,29741.75,29749.5,794
1786438800,29748.0,29756.25,29718.75,29733.0,1381
1786439700,29732.25,29765.75,29731.25,29759.0,1133
1786440600,29759.25,29784.0,29754.5,29767.5,1149
1786441500,29768.25,29781.5,29764.25,29768.75,461
1786442400,29770.25,29773.0,29754.75,29756.25,659
1786443300,29756.25,29832.75,29750.25,29821.25,2051
1786444200,29821.75,29823.75,29801.75,29815.0,1020
1786445100,29814.25,29827.5,29812.25,29818.0,570
1786446000,29818.75,29886.75,29818.25,29872.0,5200
1786446900,29871.0,29873.0,29828.5,29834.25,1812
1786447800,29833.75,29837.0,29811.0,29824.5,1557
1786448700,29825.25,29835.25,29812.75,29832.0,933
1786449600,29832.75,29864.25,29819.5,29862.25,1825
1786450500,29861.25,29871.5,29821.5,29828.5,3140
1786451400,29829.75,29857.25,29819.0,29846.0,1668
1786452300,29847.0,29854.0,29827.0,29833.75,1534
1786453200,29832.5,29851.25,29820.25,29827.5,2324
1786454100,29827.75,29845.75,29813.0,29839.0,5274
1786455000,29839.25,29842.5,29679.0,29723.25,39004
1786455900,29723.75,29735.0,29631.75,29732.75,30187
1786456800,29732.5,29792.5,29718.25,29763.0,20114
1786457700,29762.0,29791.75,29737.5,29777.25,18648
1786458600,29777.75,29785.25,29728.25,29742.75,15323
1786459500,29741.75,29804.75,29740.5,29777.0,13786
1786460400,29776.5,29792.25,29703.25,29712.25,15538
1786461300,29711.0,29735.25,29697.5,29702.75,11761
1786462200,29702.5,29719.5,29663.75,29693.0,12877
1786463100,29693.25,29693.75,29658.75,29663.25,9935
1786464000,29663.75,29681.75,29647.75,29652.5,9323
1786464900,29652.5,29669.75,29622.0,29645.75,10264
1786465800,29645.75,29666.75,29630.75,29637.0,7784
1786466700,29637.0,29643.0,29614.75,29626.0,9661
1786467600,29626.75,29634.75,29577.0,29578.25,9167
1786468500,29578.25,29618.0,29573.0,29606.0,10118
1786469400,29606.5,29638.0,29598.75,29634.25,7472
1786470300,29634.5,29640.75,29622.25,29628.75,5657
1786471200,29629.25,29635.75,29602.0,29607.75,7662
1786472100,29608.0,29614.0,29533.5,29544.25,10388
1786473000,29545.0,29576.75,29540.0,29548.75,8611
1786473900,29548.75,29599.5,29548.25,29582.75,7153
1786474800,29582.25,29614.5,29571.5,29607.75,8028
1786475700,29608.0,29627.0,29602.0,29624.0,6252
1786476600,29624.5,29660.25,29620.0,29640.25,10315
1786477500,29639.75,29650.0,29607.0,29635.25,22056
1786478400,29635.75,29651.75,29614.75,29640.25,8715
1786479300,29640.5,29676.5,29639.0,29674.75,2615
1786480200,29674.5,29676.0,29664.5,29670.0,1281
1786481100,29670.75,29671.25,29643.5,29646.75,1485
1786485600,29657.75,29661.0,29626.75,29658.25,646
1786486500,29658.75,29662.0,29650.5,29655.0,420
1786487400,29653.25,29666.0,29637.0,29639.25,796
1786488300,29639.75,29653.75,29634.0,29650.25,603
1786489200,29649.5,29654.25,29639.5,29641.75,431
1786490100,29641.5,29654.25,29640.75,29652.5,347
1786491000,29652.75,29653.25,29635.75,29640.75,425
1786491900,29640.75,29663.0,29634.25,29662.25,850
1786492800,29661.75,29669.75,29624.5,29650.5,2022
1786493700,29649.25,29676.0,29638.5,29665.5,1690
1786494600,29666.0,29680.0,29652.0,29662.0,1166
1786495500,29662.0,29672.0,29655.5,29665.75,610
1786496400,29662.75,29681.0,29660.0,29674.75,1020
1786497300,29675.0,29675.75,29639.5,29661.75,1261
1786498200,29660.0,29678.0,29646.75,29678.0,950
1786499100,29678.25,29683.5,29646.75,29658.25,1157
1786500000,29659.0,29670.75,29650.0,29658.0,887
1786500900,29658.5,29678.0,29654.25,29678.0,635
1786501800,29677.25,29694.5,29675.25,29688.25,793
1786502700,29688.0,29703.0,29688.0,29702.5,760
1786503600,29702.75,29710.0,29695.25,29705.25,913
1786504500,29705.25,29708.75,29695.25,29702.5,640
1786505400,29701.75,29704.75,29688.75,29691.25,502
1786506300,29692.75,29701.25,29684.5,29695.0,440
1786507200,29694.0,29697.5,29691.75,29697.5,520
1786508100,29697.0,29703.0,29691.5,29698.25,335
1786509000,29697.0,29699.75,29683.5,29696.5,557
1786509900,29696.5,29715.5,29692.25,29713.0,778
1786510800,29714.0,29714.5,29685.0,29685.0,645
1786511700,29684.25,29690.0,29668.25,29688.0,869
1786512600,29688.75,29708.5,29687.25,29699.75,574
1786513500,29699.75,29718.0,29697.0,29715.5,691
1786514400,29715.0,29724.25,29707.25,29713.75,982
1786515300,29713.75,29721.25,29698.25,29711.75,833
1786516200,29709.5,29730.25,29706.0,29718.0,692
1786517100,29719.0,29737.25,29718.25,29736.75,970
1786518000,29737.25,29753.75,29735.5,29741.25,2356
1786518900,29741.5,29748.75,29727.5,29739.25,676
1786519800,29738.0,29744.0,29729.75,29742.75,534
1786520700,29741.25,29751.5,29730.5,29751.5,443
1786521600,29752.25,29781.25,29748.25,29771.0,1770
1786522500,29772.0,29792.25,29764.25,29786.0,1109
1786523400,29785.75,29787.25,29762.75,29773.25,818
1786524300,29773.0,29799.5,29771.75,29793.75,898
1786525200,29794.5,29812.0,29793.5,29808.25,983
1786526100,29808.0,29848.25,29803.75,29824.0,1965
1786527000,29823.5,29838.75,29822.5,29829.75,968
1786527900,29830.0,29834.5,29802.75,29815.25,1510
1786528800,29815.5,29842.75,29814.75,29839.0,1238
1786529700,29839.5,29845.25,29833.75,29839.5,760
1786530600,29839.75,29844.25,29832.25,29841.5,667
1786531500,29840.75,29841.5,29785.0,29814.5,2694
1786532400,29816.0,29838.0,29814.0,29823.5,1410
1786533300,29821.25,29821.75,29805.5,29810.25,1049
1786534200,29810.0,29831.75,29806.0,29825.5,1129
1786535100,29825.75,29846.5,29819.5,29845.5,1090
1786536000,29846.0,29858.25,29829.25,29830.0,1744
1786536900,29830.5,29932.25,29820.75,29905.5,4196
1786537800,29905.25,29960.0,29750.25,29917.25,12053
1786538700,29918.25,29922.5,29899.75,29919.25,3354
1786539600,29920.0,29941.5,29916.0,29939.0,3653
1786540500,29939.75,29992.75,29935.75,29991.0,8582
1786541400,29991.25,30001.75,29853.25,29899.5,39100
1786542300,29899.5,29970.75,29860.75,29907.5,27849
1786543200,29907.25,29936.0,29847.75,29892.5,23637
1786544100,29893.25,29945.75,29864.0,29916.25,16756
1786545000,29916.0,29929.0,29828.25,29925.0,18907
1786545900,29924.75,29931.5,29848.5,29868.0,14263
1786546800,29868.0,29892.0,29839.0,29879.75,12341
1786547700,29879.75,29887.0,29843.5,29874.5,8744
1786548600,29874.25,29879.0,29818.5,29828.25,10582
1786549500,29829.0,29854.0,29819.0,29831.75,6812
1786550400,29832.75,29877.75,29829.0,29873.25,7719
1786551300,29873.5,29887.75,29857.5,29873.5,7252
1786552200,29874.0,29894.75,29851.0,29885.0,8835
1786553100,29885.5,29918.0,29879.0,29905.5,7530
1786554000,29906.25,29924.5,29898.0,29911.25,6798
1786554900,29911.5,29920.0,29889.25,29909.25,6835
1786555800,29910.0,29922.25,29901.25,29915.0,5600
1786556700,29915.75,29924.0,29901.5,29910.25,4704
1786557600,29910.0,29918.5,29890.25,29907.25,4739
1786558500,29907.0,29913.75,29890.5,29894.0,5257
1786559400,29893.75,29932.0,29893.75,29919.5,5452
1786560300,29919.5,29923.25,29885.0,29889.75,5535
1786561200,29890.25,29905.0,29879.0,29884.25,4986
1786562100,29884.0,29898.5,29856.0,29868.25,6603
1786563000,29867.0,29868.0,29831.75,29849.25,8757
1786563900,29849.25,29870.0,29825.75,29852.75,22379
1786564800,29853.0,29906.0,29831.5,29846.75,9540
1786565700,29846.5,29851.25,29814.75,29820.0,2814
1786566600,29820.0,29823.25,29809.5,29820.25,2178
1786567500,29821.25,29823.0,29804.5,29805.75,1024
1786572000,29825.0,29831.75,29800.25,29804.75,914
1786572900,29805.0,29809.75,29784.0,29794.0,982
1786573800,29792.25,29795.5,29780.5,29793.0,1100
1786574700,29792.25,29803.5,29788.5,29797.75,540
1786575600,29797.25,29812.0,29797.0,29808.75,792
1786576500,29808.5,29812.5,29802.0,29807.25,514
1786577400,29805.25,29815.0,29793.5,29810.25,721
1786578300,29811.75,29812.25,29792.0,29804.5,977
1786579200,29805.25,29863.5,29796.75,29847.75,2844
1786580100,29848.25,29866.75,29838.0,29840.25,1742
1786581000,29839.75,29853.75,29828.5,29840.75,1437
1786581900,29840.5,29850.0,29829.0,29846.0,1065
1786582800,29845.75,29853.0,29821.5,29829.25,1541
1786583700,29831.5,29838.5,29808.25,29818.25,1405
1786584600,29816.75,29844.0,29814.5,29837.75,1263
1786585500,29836.75,29866.0,29828.0,29857.25,1462
1786586400,29858.0,29871.25,29853.75,29862.25,955
1786587300,29861.75,29869.5,29856.75,29863.0,870
1786588200,29861.75,29877.75,29833.5,29873.75,2041
1786589100,29873.75,29874.5,29866.0,29868.5,507
1786590000,29868.5,29875.75,29865.5,29874.5,483
1786590900,29873.75,29879.5,29871.25,29874.0,464
1786591800,29876.25,29880.0,29867.25,29876.0,483
1786592700,29876.0,29880.0,29874.0,29878.0,527
1786593600,29886.75,29891.75,29869.25,29869.25,1015
1786594500,29869.25,29884.5,29853.75,29877.0,1283
1786595400,29876.5,29896.0,29876.5,29879.0,669
1786596300,29878.75,29895.0,29873.5,29879.25,647
1786597200,29878.5,29916.5,29874.0,29915.0,1314
1786598100,29915.0,29922.75,29907.75,29920.5,1050
1786599000,29921.5,29924.0,29897.0,29902.75,1350
1786599900,29901.75,29908.5,29882.0,29884.5,775
1786600800,29884.5,29897.0,29869.25,29892.75,1503
1786601700,29894.0,29905.5,29885.0,29898.0,701
1786602600,29896.75,29905.25,29859.75,29862.25,1254
1786603500,29862.0,29890.25,29858.25,29888.5,955
1786604400,29888.0,29893.25,29845.0,29854.0,1929
1786605300,29853.75,29872.75,29848.0,29872.5,983
1786606200,29869.75,29882.25,29861.25,29880.5,966
1786607100,29880.5,29881.5,29859.25,29860.0,936
1786608000,29859.75,29872.5,29829.0,29838.5,2165
1786608900,29838.25,29865.0,29827.0,29858.75,1258
1786609800,29859.5,29866.0,29845.5,29862.5,840
1786610700,29861.75,29875.75,29854.25,29860.75,848
1786611600,29861.5,29868.75,29833.0,29833.0,1089
1786612500,29832.25,29848.75,29821.0,29838.75,786
1786613400,29837.5,29861.25,29836.5,29860.75,504
1786614300,29860.5,29879.25,29857.5,29876.5,717
1786615200,29876.25,29878.25,29863.25,29874.25,797
1786616100,29875.5,29884.5,29864.5,29873.0,788
1786617000,29874.0,29880.75,29868.5,29877.75,574
1786617900,29877.75,29886.5,29875.0,29881.25,496
1786618800,29881.5,29892.25,29870.75,29871.75,864
1786619700,29872.25,29875.5,29855.5,29863.0,1017
1786620600,29860.25,29888.75,29857.5,29887.75,1149
1786621500,29888.25,29895.0,29867.5,29869.0,1008
1786622400,29869.5,29872.0,29832.75,29842.25,2092
1786623300,29840.25,29860.0,29812.25,29844.5,1879
1786624200,29849.75,29890.5,29820.0,29846.75,6229
1786625100,29845.75,29881.25,29841.0,29880.25,2487
1786626000,29880.75,29921.0,29878.75,29908.25,4648
1786626900,29908.5,29920.0,29900.25,29910.75,4755
1786627800,29911.0,30053.5,29863.5,30012.25,37676
1786628700,30013.5,30182.25,30005.25,30176.0,32379
1786629600,30175.75,30214.75,30155.75,30204.75,23002
1786630500,30206.25,30239.5,30185.25,30234.25,18472
1786631400,30233.25,30267.5,30227.5,30236.5,18064
1786632300,30236.0,30241.5,30198.25,30199.5,18102
1786633200,30199.25,30231.5,30193.75,30217.5,15389
1786634100,30217.5,30238.75,30179.5,30188.25,15113
1786635000,30188.75,30198.5,30128.25,30157.0,18281
1786635900,30156.25,30156.75,30104.0,30115.5,13304
1786636800,30117.25,30172.5,30114.25,30140.75,10253
1786637700,30140.75,30189.0,30133.75,30186.5,8305
1786638600,30186.75,30200.0,30168.0,30183.0,7706
1786639500,30183.25,30203.25,30176.5,30193.75,6353
1786640400,30193.75,30232.75,30193.25,30226.25,8689
1786641300,30226.25,30250.0,30224.75,30237.5,8053
1786642200,30237.75,30244.75,30214.25,30214.5,6691
1786643100,30214.5,30228.0,30203.75,30204.5,5913
1786644000,30205.0,30215.5,30189.5,30201.5,6890
1786644900,30201.5,30207.75,30181.0,30192.0,7312
1786645800,30192.0,30237.25,30191.5,30229.0,8573
1786646700,30228.5,30246.0,30228.25,30244.25,6352
1786647600,30244.25,30272.75,30232.0,30238.75,11125
1786648500,30238.25,30246.0,30215.25,30223.25,9018
1786649400,30222.75,30227.75,30202.75,30204.5,7999
1786650300,30204.5,30207.0,30173.0,30194.0,24155
1786651200,30194.25,30220.0,30144.5,30208.0,11662
1786652100,30208.25,30214.25,30192.5,30197.75,2162
1786653000,30198.25,30213.25,30195.5,30209.5,1446
1786653900,30209.25,30219.75,30208.75,30214.25,1180
1786658400,30210.75,30216.75,30186.0,30197.25,707
1786659300,30196.25,30205.5,30190.0,30197.0,653
1786660200,30198.5,30210.25,30198.25,30206.75,550
1786661100,30206.25,30207.75,30200.0,30203.25,399
1786662000,30204.0,30224.75,30199.0,30224.75,663
1786662900,30225.0,30226.0,30192.25,30199.5,996
1786663800,30198.5,30203.5,30193.5,30196.25,554
1786664700,30196.75,30204.0,30189.5,30203.25,1019
1786665600,30203.75,30232.0,30195.75,30201.0,2501
1786666500,30201.25,30204.0,30176.75,30185.5,1796
1786667400,30184.5,30191.75,30174.5,30178.5,1284
1786668300,30180.0,30186.75,30166.25,30170.0,1580
1786669200,30169.25,30169.75,30124.25,30129.0,3091
1786670100,30128.75,30155.5,30124.5,30152.5,2004
1786671000,30153.25,30163.0,30140.25,30160.0,1196
1786671900,30160.5,30168.0,30149.25,30151.5,997
1786672800,30151.5,30171.75,30149.75,30166.5,1170
1786673700,30167.0,30170.25,30155.75,30167.25,762
1786674600,30168.0,30181.5,30167.25,30173.5,791
1786675500,30174.5,30178.5,30150.0,30154.75,848
1786676400,30153.75,30165.0,30150.0,30162.75,769
1786677300,30162.75,30180.0,30161.5,30180.0,641
1786678200,30180.75,30182.5,30155.25,30157.75,880
1786679100,30157.5,30163.0,30152.75,30153.75,537
1786680000,30158.25,30161.5,30148.0,30156.75,1124
1786680900,30155.0,30165.0,30150.5,30157.5,755
1786681800,30158.75,30163.75,30137.5,30154.75,1186
1786682700,30154.0,30154.25,30145.25,30147.0,508
1786683600,30148.25,30152.5,30127.75,30143.0,1092
1786684500,30144.0,30152.0,30138.25,30150.5,681
1786685400,30149.25,30167.0,30140.75,30166.5,685
1786686300,30167.0,30182.0,30164.5,30174.0,865
1786687200,30174.75,30177.75,30149.5,30152.5,917
1786688100,30153.0,30164.0,30147.5,30163.25,553
1786689000,30162.25,30165.5,30149.5,30159.75,608
1786689900,30160.25,30178.0,30160.0,30172.5,594
1786690800,30173.5,30194.25,30171.5,30175.25,1521
1786691700,30175.5,30181.25,30172.25,30177.0,483
1786692600,30177.75,30203.75,30173.0,30202.75,685
1786693500,30202.75,30202.75,30190.75,30194.75,810
1786694400,30194.5,30235.75,30187.75,30213.25,2236
1786695300,30215.0,30231.5,30206.0,30225.5,888
1786696200,30224.5,30240.25,30222.0,30227.75,1040
1786697100,30228.25,30240.0,30220.5,30220.75,540
1786698000,30220.0,30222.25,30210.25,30218.5,777
1786698900,30218.5,30232.0,30214.75,30226.75,607
1786699800,30225.5,30226.25,30207.0,30209.75,863
1786700700,30210.5,30236.0,30207.25,30235.0,861
1786701600,30234.25,30249.75,30233.5,30241.5,1061
1786702500,30239.75,30240.75,30223.0,30228.75,803
1786703400,30230.0,30237.75,30223.5,30237.0,726
1786704300,30236.25,30252.5,30232.75,30252.0,1227
1786705200,30251.75,30262.0,30247.0,30253.75,1276
1786706100,30254.0,30254.75,30242.0,30247.25,924
1786707000,30247.0,30258.5,30237.25,30251.5,1318
1786707900,30252.0,30268.0,30250.0,30263.75,1275
1786708800,30265.25,30280.25,30208.5,30237.5,3383
1786709700,30237.0,30256.25,30226.5,30251.5,2096
1786710600,30252.75,30279.75,30247.0,30266.0,3276
1786711500,30265.75,30279.75,30254.0,30268.25,2265
1786712400,30268.5,30283.0,30252.5,30253.0,2355
1786713300,30253.25,30261.5,30236.25,30241.5,4155
1786714200,30241.5,30269.5,30169.75,30261.0,37677
1786715100,30260.75,30280.5,30208.75,30228.25,26210
1786716000,30226.0,30272.25,30204.75,30221.25,18414
1786716900,30221.75,30228.5,30134.25,30160.25,21232
1786717800,30159.75,30176.5,30129.0,30155.5,17412
1786718700,30155.5,30166.0,30123.0,30123.0,9721
1786719600,30124.0,30143.0,30088.0,30090.5,14224
1786720500,30090.75,30110.75,30033.5,30072.5,17145
1786721400,30073.25,30075.0,30029.5,30049.0,13174
1786722300,30049.25,30072.75,30028.5,30065.75,11406
1786723200,30066.5,30084.25,30050.5,30080.25,10342
1786724100,30080.25,30107.75,30075.5,30101.0,8218
1786725000,30100.5,30102.0,30064.5,30067.25,9936
1786725900,30067.0,30076.75,30052.75,30059.0,6580
1786726800,30059.25,30079.75,30053.0,30069.25,6728
1786727700,30069.25,30076.5,30046.5,30059.25,6495
1786728600,30059.5,30072.25,30050.25,30058.0,5496
1786729500,30058.25,30084.5,30049.75,30081.5,6089
1786730400,30081.25,30091.25,30073.5,30078.75,5285
1786731300,30078.75,30092.5,30064.75,30068.0,5727
1786732200,30067.5,30090.25,30062.5,30087.25,5536
1786733100,30087.0,30104.0,30078.0,30088.5,5489
1786734000,30088.5,30094.5,30077.0,30083.0,5918
1786734900,30083.25,30104.0,30076.0,30096.75,6263
1786735800,30096.25,30115.25,30091.25,30108.5,8117
1786736700,30108.5,30148.0,30101.5,30145.0,22358
1786737600,30144.25,30153.25,30131.0,30132.75,8607
1786738500,30133.25,30135.5,30127.25,30131.0,1194
1786739400,30131.0,30145.75,30128.25,30142.0,1594
1786740300,30142.25,30154.75,30138.0,30141.75,1273
1786917600,30192.25,30202.5,30188.75,30196.5,299
1786918500,30197.75,30200.75,30190.5,30192.75,447
1786919400,30193.0,30196.5,30188.5,30192.25,377
1786920300,30192.75,30211.75,30187.25,30205.0,1136
1786921200,30205.25,30207.25,30195.25,30197.0,532
1786922100,30197.25,30204.25,30191.5,30197.0,629
1786923000,30197.75,30206.25,30192.75,30206.25,469
1786923900,30204.75,30228.0,30204.5,30214.25,1312
1786924800,30215.0,30227.25,30209.0,30219.5,1582
1786925700,30218.5,30218.75,30189.0,30195.5,1457
1786926600,30195.5,30198.25,30185.5,30188.75,1050
1786927500,30189.25,30202.0,30185.5,30201.75,702
1786928400,30201.0,30233.25,30199.75,30214.25,1977
1786929300,30214.5,30239.0,30203.75,30229.75,1562
1786930200,30230.25,30232.5,30191.0,30199.0,1780
1786931100,30198.5,30203.25,30187.0,30192.0,788
1786932000,30192.0,30200.5,30185.25,30200.25,900
1786932900,30200.75,30222.25,30197.75,30217.25,1472
1786933800,30216.75,30225.0,30211.75,30222.25,626
1786934700,30220.5,30231.25,30220.0,30222.25,768
1786935600,30223.0,30235.0,30220.75,30226.0,862
1786936500,30227.5,30235.5,30226.75,30234.25,390
1786937400,30234.75,30247.25,30226.0,30241.5,783
1786938300,30241.25,30246.25,30238.75,30245.75,401
1786939200,30246.75,30255.0,30243.5,30251.25,884
1786940100,30250.5,30252.25,30240.5,30241.0,557
1786941000,30241.0,30244.75,30233.25,30243.5,586
1786941900,30244.0,30248.5,30233.0,30234.75,552
1786942800,30234.5,30247.0,30234.5,30241.25,547
1786943700,30243.0,30246.75,30230.5,30243.75,447
1786944600,30244.5,30263.0,30237.25,30263.0,1076
1786945500,30263.0,30274.0,30261.25,30272.0,712
1786946400,30273.25,30295.0,30266.75,30287.5,1903
1786947300,30287.75,30299.0,30272.0,30296.75,1369
1786948200,30297.25,30327.0,30294.0,30314.5,2807
1786949100,30315.0,30326.0,30311.0,30324.5,589
1786950000,30324.75,30331.5,30273.25,30275.0,2081
1786950900,30276.0,30280.5,30261.0,30279.75,1622
1786951800,30279.75,30324.25,30276.75,30318.25,1619
1786952700,30317.75,30322.5,30306.75,30313.0,1110
1786953600,30312.0,30328.0,30297.0,30307.25,1756
1786954500,30307.25,30319.5,30303.0,30315.25,688
1786955400,30314.0,30319.0,30287.5,30288.25,905
1786956300,30288.25,30305.25,30283.75,30298.25,779
1786957200,30298.25,30301.5,30288.0,30297.0,621
1786958100,30297.25,30297.25,30267.75,30274.5,849
1786959000,30274.25,30283.25,30267.75,30282.75,658
1786959900,30281.75,30291.5,30276.25,30282.0,637
1786960800,30282.0,30296.5,30276.0,30295.5,906
1786961700,30295.5,30343.0,30279.0,30338.0,1813
1786962600,30334.25,30338.5,30292.75,30310.5,1586
1786963500,30310.25,30316.5,30305.0,30315.0,662
1786964400,30313.75,30325.0,30296.25,30300.25,1973
1786965300,30300.25,30306.75,30286.75,30299.5,1271
1786966200,30300.25,30306.0,30292.5,30304.5,822
1786967100,30304.25,30310.0,30286.0,30286.75,1095
1786968000,30286.75,30288.75,30246.75,30278.25,2718
1786968900,30278.5,30281.0,30220.75,30236.0,3233
1786969800,30238.25,30250.5,30182.75,30189.5,4116
1786970700,30189.25,30213.0,30180.0,30202.5,3264
1786971600,30202.5,30225.75,30199.25,30218.5,2852
1786972500,30219.5,30238.0,30205.25,30219.5,6138
1786973400,30218.5,30266.0,30165.5,30196.5,36120
1786974300,30196.5,30254.25,30174.25,30235.0,19895
1786975200,30234.75,30243.25,30161.0,30224.25,21484
1786976100,30224.75,30226.0,30155.25,30197.75,15426
1786977000,30198.0,30217.25,30186.0,30204.25,10013
1786977900,30205.0,30246.0,30199.25,30244.0,11667
1786978800,30244.0,30287.5,30233.25,30257.75,15583
1786979700,30258.0,30278.0,30255.0,30269.0,9661
1786980600,30269.75,30273.5,30207.75,30227.5,14486
1786981500,30227.0,30249.75,30214.0,30239.5,8295
1786982400,30239.75,30243.25,30200.0,30204.0,8620
1786983300,30204.0,30218.0,30196.5,30207.25,6231
1786984200,30207.5,30212.75,30182.0,30183.5,6293
1786985100,30183.5,30192.75,30175.25,30183.5,6085
1786986000,30183.5,30187.25,30128.25,30129.75,10283
1786986900,30129.5,30143.75,30092.5,30096.75,16547
1786987800,30097.0,30128.0,30086.5,30123.0,12224
1786988700,30123.0,30127.25,30097.0,30102.25,6150
1786989600,30102.0,30114.0,30079.25,30100.25,9228
1786990500,30100.25,30113.75,30089.5,30103.0,7159
1786991400,30103.75,30120.0,30092.5,30117.25,5478
1786992300,30117.75,30136.5,30115.5,30122.25,5995
1786993200,30122.5,30124.75,30083.25,30084.75,6568
1786994100,30084.75,30114.0,30082.25,30093.5,8508
1786995000,30093.75,30111.75,30088.75,30102.25,7869
1786995900,30102.75,30123.0,30066.5,30090.5,19409
1786996800,30091.0,30098.0,30070.25,30078.25,7428
1786997700,30078.25,30082.25,30068.5,30078.5,1282
1786998600,30077.75,30080.0,30059.0,30064.75,1423
1786999500,30063.75,30079.75,30054.5,30078.25,1434
1787004000,30077.0,30091.75,30070.25,30073.5,765
1787004900,30073.0,30084.75,30062.25,30076.0,1133
1787005800,30075.0,30076.75,30067.0,30070.75,513
1787006700,30071.75,30083.5,30070.75,30079.75,562
1787007600,30079.25,30087.25,30070.0,30081.25,639
1787008500,30082.0,30088.75,30071.75,30084.0,653
1787009400,30083.0,30103.0,30082.75,30096.75,970
1787010300,30095.75,30100.75,30080.5,30094.5,1378
1787011200,30094.25,30104.0,30083.75,30100.0,1481
1787012100,30101.0,30114.75,30091.5,30100.0,1458
1787013000,30101.0,30113.25,30097.75,30112.0,878
1787013900,30112.0,30121.25,30095.0,30098.0,1421
1787014800,30099.25,30110.0,30090.0,30109.25,1230
1787015700,30109.5,30109.75,30075.0,30087.5,1533
1787016600,30086.25,30090.5,30037.0,30049.75,2940
1787017500,30049.0,30055.5,29968.25,30012.5,6511
1787018400,30012.0,30022.0,29963.0,29966.25,3043
1787019300,29965.25,29971.0,29923.25,29931.0,4207
1787020200,29932.5,29959.75,29906.75,29909.5,3539
1787021100,29909.75,29920.75,29880.25,29908.25,4381
1787022000,29909.0,29915.5,29888.75,29895.0,1484
1787022900,29894.5,29897.25,29859.25,29879.25,2961
1787023800,29879.0,29897.5,29853.0,29895.5,2791
1787024700,29893.75,29909.75,29881.25,29900.0,2031
1787025600,29888.75,29898.5,29888.75,29897.75,1880
1787026500,29898.25,29920.25,29879.25,29911.0,2026
1787027400,29912.25,29921.0,29891.0,29900.5,1607
1787028300,29899.0,29927.25,29895.75,29918.0,1218
1787029200,29917.75,29918.5,29876.0,29879.25,2142
1787030100,29878.75,29888.0,29873.25,29876.0,907
1787031000,29876.5,29877.0,29862.25,29866.0,1405
1787031900,29865.25,29880.75,29835.25,29842.0,1893
1787032800,29841.5,29846.5,29786.0,29836.25,4649
1787033700,29835.0,29866.5,29820.5,29860.0,2165
1787034600,29859.5,29876.5,29852.75,29865.5,1145
1787035500,29866.25,29896.0,29862.75,29893.0,1219
1787036400,29892.0,29896.5,29861.25,29863.0,1753
1787037300,29862.75,29871.75,29845.5,29847.25,1180
1787038200,29848.0,29854.75,29822.0,29825.25,1698
1787039100,29825.25,29841.0,29808.0,29810.75,1565
1787040000,29811.0,29814.25,29736.5,29766.75,5757
1787040900,29767.75,29786.25,29735.75,29759.75,2298
1787041800,29759.5,29792.25,29748.25,29780.5,1692
1787042700,29782.0,29782.5,29742.5,29765.5,1791
1787043600,29765.0,29778.0,29743.75,29764.5,1935
1787044500,29764.25,29770.75,29723.5,29735.0,1880
1787045400,29736.5,29742.0,29698.25,29712.75,2586
1787046300,29711.75,29737.0,29687.25,29733.0,2795
1787047200,29732.25,29743.75,29715.75,29722.0,1582
1787048100,29722.25,29742.25,29703.75,29727.5,1526
1787049000,29726.75,29746.0,29720.5,29728.5,1383
1787049900,29727.75,29752.75,29721.0,29739.0,1069
1787050800,29739.0,29772.75,29730.25,29768.0,2625
1787051700,29767.25,29773.75,29753.25,29756.75,1430
1787052600,29758.0,29760.5,29727.0,29756.25,1979
1787053500,29756.0,29775.75,29745.5,29747.25,1633
1787054400,29748.5,29786.0,29726.25,29733.5,3065
1787055300,29734.0,29760.0,29711.5,29714.5,3609
1787056200,29714.25,29723.0,29685.25,29688.75,2890
1787057100,29688.25,29721.25,29680.5,29713.0,2988
1787058000,29713.0,29726.5,29691.0,29696.25,3653
1787058900,29695.75,29708.5,29678.0,29690.25,6400
1787059800,29690.75,29769.75,29631.25,29687.5,51080
1787060700,29687.25,29700.5,29604.75,29646.25,30220
1787061600,29647.5,29705.75,29568.5,29587.25,31256
1787062500,29587.0,29684.75,29578.0,29669.25,25942
1787063400,29668.75,29691.25,29612.5,29614.0,20225
1787064300,29614.0,29625.0,29536.25,29547.75,23705
1787065200,29547.5,29571.0,29514.0,29547.0,22737
1787066100,29546.25,29600.0,29532.0,29591.25,16191
1787067000,29591.0,29610.0,29566.5,29598.0,13720
1787067900,29598.75,29641.0,29598.25,29637.0,13617
1787068800,29636.75,29663.25,29625.0,29646.0,12619
1787069700,29647.0,29657.25,29609.5,29609.75,11032
1787070600,29609.75,29650.0,29603.25,29629.5,10763
1787071500,29629.75,29670.75,29618.5,29649.75,9178
1787072400,29649.75,29660.75,29618.5,29635.25,8669
1787073300,29635.5,29635.75,29593.0,29616.0,8061
1787074200,29615.25,29622.0,29591.5,29603.5,8095
1787075100,29604.0,29615.0,29565.0,29565.75,6928
1787076000,29566.0,29579.0,29547.25,29575.25,9399
1787076900,29574.75,29615.0,29571.25,29603.25,10320
1787077800,29603.5,29614.0,29584.25,29586.0,6775
1787078700,29586.5,29597.75,29565.25,29571.25,6645
1787079600,29571.0,29586.0,29564.5,29572.25,6426
1787080500,29572.25,29606.75,29564.75,29600.0,8457
1787081400,29600.0,29606.0,29582.75,29600.25,9006
1787082300,29600.25,29610.0,29559.25,29586.5,28975
1787083200,29586.75,29596.75,29566.0,29573.25,6827
1787084100,29573.5,29583.0,29561.5,29578.25,1777
1787085000,29578.5,29586.0,29574.5,29577.25,955
1787085900,29577.25,29578.5,29550.25,29559.5,2120
1787090400,29566.5,29582.5,29549.0,29574.75,802
1787091300,29574.75,29593.5,29544.75,29546.75,1957
1787092200,29547.5,29552.75,29521.0,29531.75,2060
1787093100,29532.5,29536.75,29516.75,29519.5,1257
1787094000,29520.0,29547.75,29514.25,29533.25,1572
1787094900,29532.5,29567.25,29521.0,29546.0,1798
1787095800,29545.75,29549.75,29523.0,29536.75,1297
1787096700,29534.0,29552.75,29524.5,29528.5,1712
1787097600,29527.5,29529.25,29442.0,29460.25,6389
1787098500,29461.0,29530.75,29450.0,29530.75,3356
1787099400,29530.75,29575.75,29529.75,29569.5,2919
1787100300,29569.25,29586.0,29533.75,29539.25,3149
1787101200,29538.25,29598.25,29530.25,29586.5,4297
1787102100,29586.0,29609.5,29568.5,29602.0,3194
1787103000,29600.75,29604.5,29563.25,29577.75,2310
1787103900,29575.0,29584.25,29563.0,29577.75,1417
1787104800,29579.0,29583.25,29526.25,29533.25,2002
1787105700,29533.0,29563.25,29521.0,29542.0,2407
1787106600,29541.75,29545.0,29514.0,29523.0,1427
1787107500,29523.25,29544.0,29518.25,29532.0,1332
1787108400,29532.0,29555.0,29520.75,29532.25,1373
1787109300,29532.0,29551.5,29519.75,29535.25,1339
1787110200,29533.5,29567.0,29528.5,29531.75,1723
1787111100,29530.0,29546.0,29516.25,29527.75,1051
1787112000,29517.0,29522.25,29505.0,29516.25,1515
1787112900,29516.25,29543.5,29507.5,29533.75,1256
1787113800,29533.75,29540.5,29498.0,29498.75,1440
1787114700,29499.75,29507.25,29463.75,29506.0,2004
1787115600,29506.75,29535.0,29482.75,29487.5,1967
1787116500,29489.0,29510.0,29466.25,29509.25,1471
1787117400,29507.5,29512.25,29459.0,29472.75,1464
1787118300,29471.5,29477.0,29446.0,29457.5,1550
1787119200,29456.5,29466.0,29430.5,29436.0,2199
1787120100,29435.5,29504.75,29435.0,29482.0,2158
1787121000,29481.5,29494.5,29460.0,29490.25,1230
1787121900,29491.75,29561.5,29491.25,29559.75,3311
1787122800,29558.75,29563.5,29520.25,29559.0,2764
1787123700,29559.0,29578.25,29533.5,29578.25,1654
1787124600,29578.5,29589.25,29547.25,29571.0,2120
1787125500,29571.5,29606.5,29569.5,29601.25,2351
1787126400,29600.25,29640.75,29593.0,29624.75,3944
1787127300,29625.0,29639.0,29607.5,29622.5,2925
1787128200,29620.5,29632.0,29600.25,29626.25,1625
1787129100,29626.5,29633.25,29607.0,29609.5,1382
1787130000,29606.25,29630.0,29592.75,29593.5,1704
1787130900,29594.5,29598.25,29566.25,29571.0,1757
1787131800,29571.0,29587.0,29549.5,29552.0,1339
1787132700,29552.0,29563.0,29536.5,29553.75,1256
1787133600,29553.25,29557.75,29510.75,29540.75,2156
1787134500,29539.5,29541.25,29512.25,29536.25,1352
1787135400,29536.0,29557.75,29528.5,29555.0,1518
1787136300,29555.25,29558.75,29517.75,29521.0,1057
1787137200,29522.5,29578.0,29509.5,29545.75,2536
1787138100,29549.0,29560.25,29531.25,29538.5,1435
1787139000,29536.25,29540.25,29508.0,29515.0,1441
1787139900,29513.75,29537.5,29506.75,29536.0,1395
1787140800,29535.0,29558.5,29511.5,29553.0,2819
1787141700,29553.0,29583.0,29549.75,29573.25,3643
1787142600,29574.0,29685.0,29549.25,29683.25,12551
1787143500,29683.5,29757.25,29683.5,29742.75,12868
1787144400,29743.0,29743.0,29679.75,29723.75,8613
1787145300,29723.25,29748.25,29695.75,29697.0,7568
1787146200,29696.0,29742.75,29560.5,29610.75,50213
1787147100,29609.75,29635.5,29406.5,29496.5,47244
1787148000,29496.25,29514.25,29377.25,29382.5,31740
1787148900,29382.25,29485.0,29375.75,29482.5,30659
1787149800,29482.5,29575.0,29468.25,29564.0,22645
1787150700,29564.5,29624.5,29527.0,29623.25,18059
1787151600,29623.0,29629.75,29581.0,29617.25,14175
1787152500,29616.25,29631.25,29588.0,29613.5,11698
1787153400,29613.25,29616.5,29550.25,29596.75,11459
1787154300,29596.25,29616.25,29569.75,29606.25,10130
1787155200,29607.25,29653.75,29587.5,29637.0,10079
1787156100,29637.25,29667.25,29602.25,29609.0,9303
1787157000,29609.0,29621.5,29594.0,29610.25,6760
1787157900,29610.25,29611.25,29553.0,29559.5,7515
1787158800,29560.0,29573.25,29539.5,29548.0,8312
1787159700,29547.75,29556.5,29510.5,29539.5,8575
1787160600,29540.0,29544.25,29513.75,29537.0,6094
1787161500,29536.25,29561.0,29534.25,29544.25,5188
1787162400,29544.0,29592.5,29498.5,29520.0,13268
1787163300,29519.75,29540.5,29492.0,29538.75,7621
1787164200,29538.5,29578.75,29536.25,29560.0,8535
1787165100,29560.5,29561.25,29527.5,29535.0,5645
1787166000,29535.25,29559.5,29529.5,29547.25,5759
1787166900,29547.5,29579.75,29543.75,29555.75,6653
1787167800,29556.75,29590.0,29527.25,29530.75,8893
1787168700,29530.5,29532.75,29485.25,29521.5,25329
1787169600,29522.0,29542.75,29517.75,29518.25,7218
1787170500,29518.75,29529.0,29514.25,29525.25,1370
1787171400,29524.75,29532.0,29520.0,29529.25,1043
1787172300,29529.0,29562.5,29527.25,29561.0,1666
1787176800,29561.5,29639.0,29556.5,29627.25,1660
1787177700,29627.25,29632.25,29606.5,29621.5,1309
1787178600,29622.0,29638.0,29613.0,29630.0,869
1787179500,29631.25,29654.25,29628.5,29649.5,2177
1787180400,29650.75,29689.75,29632.75,29651.75,2530
1787181300,29651.0,29660.0,29641.75,29651.25,630
1787182200,29652.0,29666.75,29644.25,29659.75,689
1787183100,29658.75,29662.25,29626.0,29628.5,1610
1787184000,29629.0,29631.75,29581.5,29629.5,3202
1787184900,29630.0,29665.5,29625.0,29630.5,2481
1787185800,29630.75,29666.0,29617.0,29654.25,1660
1787186700,29655.0,29675.75,29642.25,29669.75,1394
1787187600,29670.5,29684.25,29640.5,29644.25,1877
1787188500,29645.25,29667.0,29624.75,29634.5,1952
1787189400,29633.75,29671.5,29623.75,29668.75,1491
1787190300,29668.75,29674.75,29630.0,29642.25,1641
1787191200,29641.75,29683.25,29640.0,29669.25,1411
1787192100,29668.25,29670.0,29612.75,29633.25,2042
1787193000,29631.25,29662.25,29610.0,29646.25,1387
1787193900,29645.5,29648.0,29611.25,29630.25,1099
1787194800,29632.0,29655.75,29606.0,29623.0,1380
1787195700,29624.25,29657.25,29621.25,29626.0,834
1787196600,29625.0,29628.75,29593.5,29618.75,1766
1787197500,29618.75,29631.25,29609.25,29613.0,855
1787198400,29646.25,29656.0,29645.0,29655.25,955
1787199300,29655.25,29656.0,29636.0,29639.25,589
1787200200,29640.25,29640.25,29608.5,29628.5,1039
1787201100,29627.75,29642.0,29612.25,29615.0,604
1787202000,29617.0,29623.75,29587.75,29597.0,907
1787202900,29597.75,29641.0,29594.5,29616.0,1365
1787203800,29617.25,29634.25,29604.75,29615.5,936
1787204700,29613.75,29618.0,29599.75,29605.5,711
1787205600,29607.0,29666.25,29602.25,29660.0,1703
1787206500,29659.25,29661.75,29639.0,29654.5,1154
1787207400,29653.5,29677.25,29647.0,29671.25,1220
1787208300,29673.0,29686.5,29666.25,29672.5,1282
1787209200,29672.75,29672.75,29632.5,29637.25,2106
1787210100,29638.0,29648.0,29604.75,29615.75,1616
1787211000,29615.5,29635.0,29595.0,29606.25,1681
1787211900,29606.25,29637.0,29592.75,29594.5,1137
1787212800,29595.75,29605.5,29520.0,29537.25,4075
1787213700,29538.0,29548.5,29496.0,29501.25,2554
1787214600,29502.0,29529.5,29464.0,29500.5,3308
1787215500,29499.0,29504.75,29452.75,29475.75,2599
1787216400,29477.25,29543.75,29468.0,29518.75,2296
1787217300,29523.0,29542.25,29512.5,29530.75,863
1787218200,29527.0,29536.5,29507.5,29536.0,936
1787219100,29535.25,29546.75,29512.75,29528.25,671
1787220000,29527.25,29564.0,29511.75,29556.5,1239
1787220900,29557.5,29559.25,29526.5,29537.75,1466
1787221800,29535.75,29547.75,29516.25,29524.25,1366
1787222700,29526.0,29567.0,29525.25,29566.0,969
1787223600,29566.0,29582.25,29464.0,29487.0,3801
1787224500,29488.5,29498.25,29422.0,29425.0,3522
1787225400,29424.5,29453.5,29418.0,29423.75,2969
1787226300,29423.25,29425.0,29348.75,29362.0,5810
1787227200,29361.25,29375.0,29262.5,29272.0,9400
1787228100,29272.0,29306.5,29264.0,29276.5,5156
1787229000,29278.0,29292.5,29240.0,29290.25,6554
1787229900,29289.25,29351.0,29283.75,29346.0,5224
1787230800,29346.75,29373.25,29332.75,29338.0,5426
1787231700,29338.25,29369.0,29324.0,29350.75,6016
1787232600,29350.5,29470.25,29338.75,29442.5,44776
1787233500,29442.5,29460.0,29308.75,29354.0,38530
1787234400,29354.0,29409.0,29316.5,29368.0,28134
1787235300,29369.0,29414.0,29305.0,29349.75,26641
1787236200,29350.75,29430.0,29329.0,29421.75,18759
1787237100,29421.5,29433.5,29349.0,29392.75,15360
1787238000,29392.5,29457.5,29324.5,29365.25,23483
1787238900,29364.5,29369.5,29301.0,29345.0,15098
1787239800,29344.0,29350.5,29276.5,29278.5,13818
1787240700,29278.75,29332.75,29269.25,29329.75,11567
1787241600,29329.75,29346.0,29302.75,29307.25,9950
1787242500,29307.0,29356.5,29305.0,29340.75,7816
1787243400,29340.25,29378.0,29310.0,29377.25,9050
1787244300,29377.0,29389.0,29356.25,29380.0,8803
1787245200,29380.0,29382.0,29334.75,29337.0,6633
1787246100,29337.0,29338.5,29292.5,29294.5,9871
1787247000,29294.25,29304.25,29282.75,29289.75,7083
1787247900,29290.0,29325.75,29287.25,29292.75,8329
1787248800,29292.5,29293.0,29215.0,29230.5,15030
1787249700,29230.25,29248.25,29202.75,29232.75,10821
1787250600,29233.0,29237.5,29212.0,29234.0,8617
1787251500,29234.5,29259.0,29227.0,29243.75,8189
1787252400,29243.75,29293.5,29242.25,29281.25,10232
1787253300,29281.0,29307.5,29267.75,29304.5,8579
1787254200,29304.25,29335.25,29290.25,29310.75,11715
1787255100,29310.75,29331.25,29286.5,29305.75,26095
1787256000,29306.0,29320.5,29277.0,29281.25,7515
1787256900,29281.5,29293.5,29262.5,29288.25,2188
1787257800,29287.75,29311.5,29285.25,29302.25,1437
1787258700,29302.0,29319.5,29296.25,29317.25,1338
1787263200,29327.0,29345.75,29274.25,29278.25,1041
1787264100,29277.5,29291.25,29277.0,29285.75,577
1787265000,29286.5,29309.0,29281.75,29300.75,1004
1787265900,29300.75,29325.5,29296.0,29323.0,966
1787266800,29321.5,29324.25,29313.25,29318.75,564
1787267700,29318.75,29328.5,29312.5,29315.5,573
1787268600,29316.5,29323.75,29295.5,29316.5,1257
1787269500,29317.0,29318.0,29286.75,29293.0,1488
1787270400,29292.5,29365.5,29289.75,29360.75,2986
1787271300,29360.5,29360.5,29315.0,29325.5,1843
1787272200,29326.75,29357.25,29311.75,29354.5,1648
1787273100,29353.0,29362.0,29319.5,29320.5,1316
1787274000,29320.5,29335.25,29291.75,29331.25,2265
1787274900,29330.0,29357.0,29313.25,29341.5,1683
1787275800,29340.5,29357.0,29320.25,29350.5,1471
1787276700,29350.25,29372.5,29333.5,29354.25,1412
1787277600,29353.75,29375.75,29343.25,29373.5,983
1787278500,29372.75,29395.0,29366.75,29390.0,1391
1787279400,29390.0,29396.25,29376.0,29380.5,1115
1787280300,29380.25,29399.25,29377.0,29384.0,884
1787281200,29384.0,29388.25,29355.0,29356.5,1172
1787282100,29356.0,29371.25,29349.0,29363.0,955
1787283000,29364.75,29376.75,29354.25,29357.25,806
1787283900,29356.0,29360.75,29342.75,29360.25,921
1787284800,29362.0,29370.0,29352.5,29367.75,1028
1787285700,29366.5,29371.75,29330.5,29330.5,1073
1787286600,29330.0,29338.75,29321.25,29334.75,854
1787287500,29334.5,29364.5,29333.25,29356.25,866
1787288400,29358.25,29371.0,29352.0,29367.0,686
1787289300,29366.25,29380.75,29351.5,29353.25,751
1787290200,29352.25,29377.5,29348.25,29360.75,779
1787291100,29360.5,29367.25,29340.25,29366.25,847
1787292000,29365.5,29375.75,29354.5,29374.0,999
1787292900,29374.25,29381.0,29366.75,29376.25,720
1787293800,29375.5,29401.5,29368.5,29372.75,1296
1787294700,29372.75,29391.5,29365.5,29386.5,1120
1787295600,29386.0,29429.0,29380.5,29429.0,1997
1787296500,29427.25,29458.75,29414.25,29427.5,2463
1787297400,29426.0,29453.5,29420.5,29424.0,2096
1787298300,29424.25,29446.75,29422.5,29446.0,1074
1787299200,29447.25,29464.25,29407.75,29417.5,2844
1787300100,29419.25,29424.5,29390.5,29421.5,1750
1787301000,29421.25,29456.75,29418.0,29454.75,2171
1787301900,29455.0,29467.5,29447.25,29453.0,1504
1787302800,29454.0,29455.0,29411.5,29438.0,2228
1787303700,29438.5,29444.75,29430.0,29435.5,1056
1787304600,29435.5,29482.75,29429.75,29474.75,2977
1787305500,29474.75,29495.0,29464.5,29485.0,1647
1787306400,29485.75,29518.5,29476.5,29485.0,3009
1787307300,29485.5,29491.0,29470.25,29490.0,1186
1787308200,29489.5,29495.0,29473.0,29477.0,725
1787309100,29478.5,29488.75,29471.25,29479.5,1135
1787310000,29480.0,29486.0,29452.75,29467.75,2127
1787310900,29468.25,29525.0,29466.5,29519.25,3047
1787311800,29518.5,29539.0,29500.0,29530.75,3744
1787312700,29530.75,29531.0,29498.5,29500.0,1565
1787313600,29499.5,29503.75,29479.75,29487.25,2396
1787314500,29487.5,29516.75,29477.75,29516.25,2139
1787315400,29515.5,29529.75,29508.25,29528.25,2709
1787316300,29529.0,29539.0,29503.5,29511.5,2990
1787317200,29511.75,29516.0,29467.0,29469.0,3776
1787318100,29469.5,29485.25,29418.0,29469.25,10521
1787319000,29469.25,29476.0,29312.25,29322.5,39557
1787319900,29320.25,29359.25,29255.75,29303.5,32911
1787320800,29303.25,29335.5,29246.25,29253.25,28664
1787321700,29253.0,29311.75,29220.0,29278.75,25618
1787322600,29280.25,29310.0,29258.0,29296.5,18021
1787323500,29296.25,29333.75,29288.5,29331.75,17197
1787324400,29332.0,29368.75,29326.75,29353.0,16463
1787325300,29352.5,29371.25,29331.5,29368.25,11298
1787326200,29367.75,29471.75,29364.0,29451.5,20474
1787327100,29452.25,29488.75,29425.5,29443.0,18269
1787328000,29443.5,29447.25,29390.0,29394.5,13085
1787328900,29393.75,29452.75,29388.75,29409.5,13278
1787329800,29410.0,29425.5,29393.5,29417.5,5929
1787330700,29417.0,29417.5,29380.75,29412.25,7190
1787331600,29412.0,29424.0,29398.75,29408.0,7352
1787332500,29408.0,29410.25,29376.25,29395.25,7618
1787333400,29396.0,29404.75,29382.75,29404.75,5319
1787334300,29404.75,29410.5,29381.5,29383.75,5244
1787335200,29383.25,29405.25,29372.25,29374.75,7447
1787336100,29374.25,29392.0,29362.75,29363.0,5677
1787337000,29363.0,29372.25,29353.75,29366.5,5166
1787337900,29366.5,29403.5,29363.5,29400.25,5573
1787338800,29400.0,29415.0,29384.25,29388.5,8105
1787339700,29388.25,29404.5,29380.25,29394.5,6736
1787340600,29393.5,29412.5,29393.5,29410.75,6815
1787341500,29410.75,29432.25,29375.25,29395.25,24994
1787342400,29395.75,29398.0,29370.25,29381.75,6766
1787343300,29382.0,29388.5,29367.75,29370.0,2212
1787344200,29370.5,29388.0,29370.0,29385.25,1461
1787345100,29384.75,29387.75,29372.0,29387.75,1866
1787522400,29321.0,29332.0,29317.0,29331.75,191
1787523300,29330.25,29343.0,29313.0,29338.75,1263
1787524200,29337.75,29384.75,29335.0,29382.25,1488
1787525100,29381.25,29400.0,29380.75,29390.5,1049
1787526000,29390.5,29394.0,29384.0,29387.0,406
1787526900,29387.25,29429.5,29386.5,29429.0,1135
1787527800,29427.0,29448.0,29418.0,29420.0,1531
1787528700,29419.75,29480.5,29419.5,29467.75,2206
1787529600,29466.5,29472.5,29423.5,29437.25,3280
1787530500,29435.75,29437.75,29335.0,29356.5,5063
1787531400,29357.25,29377.5,29337.25,29354.75,2131
1787532300,29355.5,29428.25,29351.5,29427.25,2590
1787533200,29425.75,29443.5,29393.25,29435.0,2243
1787534100,29436.25,29449.0,29407.75,29410.25,1605
1787535000,29409.5,29410.75,29383.5,29394.25,1701
1787535900,29392.0,29404.75,29321.0,29323.25,2687
1787536800,29321.5,29357.5,29301.25,29353.25,3915
1787537700,29353.25,29373.25,29347.5,29363.0,1826
1787538600,29363.0,29373.25,29356.25,29370.25,1021
1787539500,29370.5,29377.25,29341.75,29370.5,2045
1787540400,29371.25,29372.5,29303.25,29304.5,1607
1787541300,29304.0,29314.0,29289.75,29295.5,2059
1787542200,29295.0,29305.0,29281.75,29284.5,1567
1787543100,29284.0,29305.0,29261.25,29271.0,1737
1787544000,29272.25,29299.0,29268.25,29299.0,1091
1787544900,29299.0,29300.75,29271.25,29292.0,1357
1787545800,29292.25,29299.5,29276.5,29299.25,949
1787546700,29299.25,29304.0,29263.0,29265.75,1056
1787547600,29265.5,29297.25,29261.25,29293.5,1269
1787548500,29293.25,29293.25,29247.0,29250.0,1282
1787549400,29248.0,29266.5,29207.5,29238.75,3046
1787550300,29238.0,29246.0,29188.0,29200.75,2950
1787551200,29200.25,29219.25,29142.5,29152.5,4208
1787552100,29152.5,29179.0,29120.5,29166.5,2773
1787553000,29164.75,29180.5,29144.0,29149.5,1447
1787553900,29151.0,29177.25,29142.0,29164.5,1255
1787554800,29164.5,29205.0,29146.5,29200.25,2056
1787555700,29200.5,29208.75,29178.5,29183.5,1364
1787556600,29182.25,29212.5,29161.25,29162.75,1621
1787557500,29163.25,29175.25,29130.75,29143.75,1808
1787558400,29146.25,29209.0,29116.75,29184.5,3289
1787559300,29183.5,29210.5,29171.75,29191.75,1642
1787560200,29191.5,29225.75,29179.75,29224.5,1377
1787561100,29224.25,29240.0,29213.5,29215.0,1167
1787562000,29215.75,29247.75,29201.0,29234.0,1566
1787562900,29233.0,29235.5,29208.25,29210.5,850
1787563800,29209.5,29242.25,29209.0,29236.5,1179
1787564700,29236.0,29249.75,29227.0,29231.5,908
1787565600,29231.75,29247.0,29214.75,29214.75,1200
1787566500,29216.0,29236.0,29204.25,29209.25,1208
1787567400,29208.5,29240.0,29197.25,29210.0,1387
1787568300,29208.25,29210.0,29179.5,29184.75,1023
1787569200,29185.25,29192.5,29145.75,29167.75,2510
1787570100,29167.75,29203.0,29164.5,29183.0,1554
1787571000,29183.5,29283.0,29183.0,29260.0,4616
1787571900,29260.25,29260.5,29231.0,29245.5,2396
1787572800,29245.5,29245.75,29207.5,29211.5,2048
1787573700,29212.25,29231.25,29203.5,29230.0,1689
1787574600,29229.5,29240.75,29171.5,29203.5,4403
1787575500,29206.0,29232.75,29199.75,29206.0,1515
1787576400,29205.75,29220.25,29196.75,29208.25,2235
1787577300,29208.75,29236.75,29195.75,29235.0,4912
1787578200,29235.5,29243.0,28975.5,28978.75,51731
1787579100,28978.5,29038.0,28946.75,29021.75,34271
1787580000,29022.25,29036.75,28953.5,28993.25,24377
1787580900,28993.0,29033.25,28967.5,29012.25,18919
1787581800,29011.75,29110.75,29001.5,29085.5,21246
1787582700,29086.0,29110.25,29077.5,29082.75,14281
1787583600,29083.25,29096.75,29042.25,29048.5,13774
1787584500,29049.25,29137.0,29038.75,29121.25,15634
1787585400,29122.0,29182.0,29111.5,29175.75,18451
1787586300,29176.25,29205.5,29150.0,29168.75,14289
1787587200,29169.0,29189.25,29156.75,29180.75,11087
1787588100,29181.0,29224.75,29178.75,29203.75,10117
1787589000,29204.25,29212.25,29174.0,29185.25,7622
1787589900,29185.0,29192.75,29170.5,29171.0,6163
1787590800,29171.25,29210.5,29154.75,29194.25,10552
1787591700,29194.0,29195.25,29132.0,29140.0,10196
1787592600,29139.5,29142.5,29118.75,29119.25,7871
1787593500,29119.0,29143.0,29116.5,29123.0,7277
1787594400,29123.75,29188.75,29123.0,29187.0,9132
1787595300,29187.25,29224.0,29172.75,29218.25,10271
1787596200,29218.0,29233.25,29180.25,29190.0,10157
1787597100,29190.25,29193.5,29153.0,29154.0,6523
1787598000,29153.75,29162.25,29143.0,29155.25,6702
1787598900,29154.75,29167.0,29142.75,29158.75,6635
1787599800,29158.0,29173.0,29127.5,29134.25,6785
1787600700,29124.5,29142.0,29095.5,29099.5,28470
1787601600,29099.25,29124.75,29097.25,29109.25,6597
1787602500,29109.5,29113.0,29080.75,29084.0,2581
1787603400,29083.75,29101.75,29083.5,29100.25,1188
1787604300,29100.5,29136.5,29089.25,29131.25,2155
1787608800,29140.5,29152.75,29120.0,29123.75,845
1787609700,29124.5,29130.0,29120.0,29126.75,581
1787610600,29123.75,29130.0,29113.5,29117.75,651
1787611500,29119.0,29121.5,29111.5,29121.0,534
1787612400,29121.0,29125.5,29116.5,29124.0,308
1787613300,29124.75,29128.25,29105.75,29106.75,938
1787614200,29107.25,29116.0,29072.0,29084.25,2521
1787615100,29086.25,29100.0,29081.5,29096.25,1107
1787616000,29095.75,29102.25,29038.25,29042.0,3126
1787616900,29041.5,29084.25,29017.0,29079.5,4160
1787617800,29079.25,29131.25,29070.75,29124.5,2561
1787618700,29123.75,29146.0,29106.0,29126.5,1922
1787619600,29128.0,29143.25,29114.0,29130.0,1731
1787620500,29129.5,29136.75,29095.5,29115.0,1756
1787621400,29114.25,29155.5,29108.5,29134.0,2727
1787622300,29135.5,29152.25,29125.5,29128.25,1141
1787623200,29127.0,29145.5,29104.0,29117.0,1825
1787624100,29117.0,29149.0,29104.0,29146.0,1818
1787625000,29145.25,29168.25,29134.25,29138.75,1858
1787625900,29137.0,29138.0,29093.5,29101.75,1560
1787626800,29102.5,29166.5,29100.25,29151.25,2273
1787627700,29151.5,29176.25,29151.0,29175.0,1600
1787628600,29174.5,29190.0,29163.5,29167.75,1660
1787629500,29168.25,29168.25,29151.75,29157.75,943
1787630400,29190.0,29197.0,29183.25,29196.25,1428
1787631300,29196.75,29207.25,29188.0,29201.0,1021
1787632200,29201.75,29217.25,29190.75,29211.5,1047
1787633100,29211.25,29216.5,29185.0,29198.75,1039
1787634000,29200.25,29225.0,29190.0,29204.75,1554
1787634900,29206.0,29227.0,29206.0,29220.25,1195
1787635800,29219.25,29234.75,29201.25,29204.25,1805
1787636700,29204.25,29241.0,29201.0,29232.0,1902
1787637600,29231.75,29259.0,29105.75,29248.0,2221
1787638500,29248.25,29288.5,29242.5,29266.25,2010
1787639400,29265.25,29267.5,29243.5,29263.25,1099
1787640300,29262.75,29263.25,29236.25,29263.25,1304
1787641200,29263.5,29290.75,29250.0,29252.75,1816
1787642100,29252.75,29263.5,29226.5,29248.25,1942
1787643000,29246.25,29261.5,29232.0,29255.75,1487
1787643900,29258.0,29259.0,29226.25,29231.75,815
1787644800,29233.5,29254.75,29212.25,29216.75,1935
1787645700,29218.5,29326.0,29218.5,29276.5,3789
1787646600,29278.25,29298.25,29257.0,29282.0,1448
1787647500,29282.25,29306.25,29282.0,29301.75,1430
1787648400,29302.0,29337.0,29286.0,29323.0,2145
1787649300,29324.25,29334.75,29305.75,29318.0,1310
1787650200,29317.0,29374.0,29315.0,29361.25,3236
1787651100,29360.5,29425.75,29356.0,29392.5,3706
1787652000,29389.25,29410.25,29370.0,29389.75,2059
1787652900,29391.25,29392.75,29367.25,29370.0,1371
1787653800,29370.75,29379.75,29346.5,29347.5,1525
1787654700,29347.0,29369.5,29346.25,29358.5,1273
1787655600,29358.0,29362.25,29304.0,29340.25,2512
1787656500,29340.25,29355.0,29320.0,29340.5,2060
1787657400,29340.75,29362.25,29339.5,29358.25,1727
1787658300,29357.25,29390.5,29355.25,29373.0,1990
1787659200,29372.75,29382.75,29355.25,29380.75,1974
1787660100,29380.5,29409.5,29363.75,29374.25,3487
1787661000,29373.25,29373.25,29312.5,29328.0,3777
1787661900,29328.0,29347.0,29320.0,29334.0,2385
1787662800,29334.0,29344.75,29311.5,29329.25,4528
1787663700,29327.25,29342.0,29294.5,29296.25,5333
1787664600,29297.0,29376.25,29279.25,29349.75,43453
1787665500,29348.75,29414.75,29289.25,29312.75,33577
1787666400,29313.25,29315.0,29239.75,29246.0,26302
1787667300,29245.0,29269.5,29209.25,29215.25,22022
1787668200,29214.75,29268.75,29138.0,29219.25,27011
1787669100,29218.25,29260.25,29206.0,29232.5,13901
1787670000,29233.0,29235.75,29197.0,29223.0,11200
1787670900,29223.75,29282.0,29219.0,29276.75,11794
1787671800,29277.25,29309.75,29255.25,29267.25,13891
1787672700,29266.75,29274.25,29222.75,29262.0,11151
1787673600,29263.25,29289.5,29260.75,29277.75,7929
1787674500,29278.0,29298.5,29274.5,29293.75,7484
1787675400,29294.75,29299.75,29259.0,29265.25,7632
1787676300,29265.75,29283.25,29252.75,29274.75,8617
1787677200,29275.5,29279.0,29224.0,29243.0,9096
1787678100,29242.5,29258.5,29214.5,29224.5,8351
1787679000,29224.75,29234.5,29216.0,29222.25,5506
1787679900,29222.5,29232.25,29216.75,29227.25,4477
1787680800,29226.75,29227.5,29202.0,29206.0,7468
1787681700,29205.75,29227.5,29202.5,29219.75,5657
1787682600,29219.75,29259.25,29219.0,29257.75,7772
1787683500,29257.75,29275.0,29253.0,29255.5,8436
1787684400,29256.0,29266.5,29230.25,29234.75,6935
1787685300,29234.25,29238.75,29212.75,29226.0,6717
1787686200,29225.75,29257.75,29211.5,29239.0,8241
1787687100,29238.25,29289.5,29229.5,29270.25,21935
1787688000,29270.5,29294.75,29262.0,29288.75,8049
1787688900,29288.5,29313.5,29283.25,29302.5,3208
1787689800,29302.0,29308.75,29281.5,29282.25,1522
1787690700,29282.25,29287.75,29268.75,29287.5,1892
1787695200,29288.0,29309.75,29286.5,29293.25,592
1787696100,29293.5,29294.25,29280.0,29291.25,773
1787697000,29291.5,29293.0,29280.75,29288.25,465
1787697900,29287.25,29288.0,29280.75,29284.5,293
1787698800,29284.25,29288.5,29273.75,29275.75,601
1787699700,29276.25,29278.75,29245.25,29246.0,1256
1787700600,29246.0,29248.5,29228.0,29234.75,1247
1787701500,29233.0,29235.0,29207.0,29211.5,1920
1787702400,29210.25,29227.75,29185.0,29208.5,3673
1787703300,29209.5,29238.5,29165.25,29184.25,2912
1787704200,29183.75,29188.0,29138.0,29151.25,3586
1787705100,29150.75,29160.0,29110.5,29112.25,2693
1787706000,29113.0,29147.0,29106.75,29123.75,3005
1787706900,29123.5,29134.0,29099.0,29109.75,2126
1787707800,29110.5,29129.0,29096.0,29116.25,2392
1787708700,29117.5,29135.0,29104.75,29133.5,1447
1787709600,29133.5,29144.5,29119.25,29143.25,1691
1787710500,29143.0,29174.75,29140.5,29172.25,2113
1787711400,29172.75,29217.75,29171.0,29217.0,2605
1787712300,29217.25,29229.75,29211.25,29220.25,1719
1787713200,29221.5,29235.75,29212.0,29231.5,1302
1787714100,29231.0,29232.0,29213.25,29214.75,807
1787715000,29215.5,29244.0,29205.0,29237.0,1854
1787715900,29237.5,29275.25,29235.75,29267.0,2267
1787716800,29265.25,29279.75,29260.5,29273.0,1449
1787717700,29273.25,29283.25,29262.0,29272.25,1200
1787718600,29272.0,29275.25,29247.75,29250.75,1231
1787719500,29251.0,29251.75,29217.25,29226.75,1600
1787720400,29227.75,29259.75,29226.5,29239.25,1600
1787721300,29238.5,29248.75,29229.0,29245.0,888
1787722200,29246.0,29262.75,29241.25,29248.25,719
1787723100,29247.25,29247.75,29226.0,29243.0,918
1787724000,29242.25,29248.75,29212.0,29217.0,1355
1787724900,29215.0,29226.5,29203.5,29218.75,1159
1787725800,29218.25,29256.75,29209.75,29255.25,1162
1787726700,29255.75,29277.25,29232.25,29252.75,1672
1787727600,29252.25,29257.75,29201.25,29236.75,2176
1787728500,29237.0,29244.5,29192.25,29199.0,1787
1787729400,29201.25,29211.0,29185.75,29199.25,1225
1787730300,29199.5,29219.25,29187.25,29212.25,1023
1787731200,29213.0,29245.25,29198.25,29205.75,2074
1787732100,29205.5,29235.5,29185.0,29235.5,1682
1787733000,29234.75,29251.0,29211.75,29242.5,1020
1787733900,29241.0,29241.25,29209.75,29228.0,673
1787734800,29227.75,29234.75,29213.5,29218.75,593
1787735700,29218.25,29221.5,29191.25,29198.0,1119
1787736600,29200.0,29219.25,29198.5,29214.75,657
1787737500,29214.0,29236.5,29213.75,29234.5,758
1787738400,29234.25,29235.0,29196.0,29198.0,856
1787739300,29197.25,29217.0,29196.25,29200.25,901
1787740200,29201.0,29242.25,29188.75,29228.5,1409
1787741100,29228.5,29240.25,29224.0,29237.5,897
1787742000,29237.5,29264.5,29235.0,29254.0,1534
1787742900,29253.0,29278.75,29234.75,29253.0,1972
1787743800,29252.25,29261.75,29193.0,29209.5,2291
1787744700,29210.25,29227.5,29186.0,29219.5,2305
1787745600,29220.75,29223.5,29200.0,29215.75,1915
1787746500,29215.5,29259.5,29190.0,29257.25,3022
1787747400,29256.75,29263.25,29149.75,29164.75,8647
1787748300,29165.0,29181.5,29133.25,29150.75,7226
1787749200,29151.75,29173.0,29133.5,29171.75,4672
1787750100,29172.25,29175.0,29153.5,29173.75,4647
1787751000,29174.5,29313.25,29174.25,29291.0,43648
1787751900,29290.75,29332.75,29252.5,29331.25,23720
1787752800,29331.5,29332.5,29235.5,29246.0,16682
1787753700,29246.25,29262.75,29156.75,29178.25,19804
1787754600,29178.25,29238.5,29176.0,29221.0,14374
1787755500,29221.5,29268.0,29206.25,29252.25,11744
1787756400,29251.75,29283.0,29246.0,29257.5,10179
1787757300,29257.25,29267.0,29222.5,29256.5,10166
1787758200,29256.75,29289.75,29220.75,29283.0,10395
1787759100,29282.25,29291.5,29215.5,29217.75,12075
1787760000,29217.75,29224.25,29189.0,29200.0,9989
1787760900,29201.25,29215.75,29192.5,29207.0,5237
1787761800,29207.25,29220.0,29170.0,29174.5,7012
1787762700,29174.75,29224.75,29171.75,29216.75,8440
1787763600,29216.0,29242.25,29210.5,29238.0,6408
1787764500,29238.25,29270.75,29238.0,29267.25,8106
1787765400,29268.0,29291.75,29262.75,29281.5,7698
1787766300,29281.5,29293.75,29267.5,29284.25,6731
1787767200,29284.5,29296.0,29266.0,29270.0,5867
1787768100,29270.75,29292.25,29264.75,29280.0,5859
1787769000,29279.75,29303.5,29275.75,29295.0,5719
1787769900,29295.0,29329.75,29294.75,29321.75,9154
1787770800,29321.25,29368.25,29317.75,29340.5,11350
1787771700,29340.5,29357.25,29332.25,29338.0,7138
1787772600,29338.0,29345.5,29307.5,29309.5,8942
1787773500,29309.25,29341.5,29280.25,29297.25,22965
1787774400,29297.0,29375.0,29283.25,29362.25,8698
1787775300,29360.75,29383.75,29291.0,29342.25,10540
1787776200,29342.0,29356.0,29317.0,29340.0,3280
1787777100,29339.0,29437.75,29336.75,29432.5,3912
1787781600,29499.5,29582.25,29499.25,29566.0,2689
1787782500,29565.5,29602.0,29554.25,29583.75,2933
1787783400,29583.5,29618.0,29581.0,29617.25,2475
1787784300,29615.75,29628.5,29599.25,29606.5,1807
1787785200,29605.0,29615.5,29591.0,29592.25,1642
1787786100,29593.25,29612.5,29585.0,29602.5,1364
1787787000,29602.75,29611.75,29594.5,29606.5,519
1787787900,29606.25,29653.0,29605.0,29646.5,2313
1787788800,29648.25,29654.75,29578.0,29590.0,3590
1787789700,29590.0,29590.5,29558.0,29581.0,2669
1787790600,29580.5,29581.25,29476.25,29478.0,4995
1787791500,29478.0,29479.5,29438.25,29445.75,4570
1787792400,29443.75,29490.0,29432.5,29452.75,4240
1787793300,29452.0,29509.25,29447.75,29503.25,2351
1787794200,29503.0,29535.0,29491.75,29492.75,2814
1787795100,29493.75,29554.25,29493.75,29529.75,2409
1787796000,29531.75,29544.25,29516.75,29539.75,1812
1787796900,29540.75,29543.25,29525.75,29539.0,728
1787797800,29538.75,29555.0,29530.5,29541.25,1317
1787798700,29541.75,29560.5,29536.75,29548.75,1269
1787799600,29550.5,29563.0,29530.0,29540.25,1402
1787800500,29541.0,29575.75,29540.75,29564.25,1197
1787801400,29566.0,29572.25,29541.75,29541.75,949
1787802300,29543.5,29552.5,29526.5,29534.25,1105
1787803200,29533.75,29537.5,29529.25,29534.0,527
1787804100,29534.75,29551.75,29528.5,29528.5,788
1787805000,29528.5,29530.25,29498.25,29504.25,1240
1787805900,29503.5,29520.75,29493.0,29497.25,1253
1787806800,29501.5,29504.25,29472.75,29484.5,1806
1787807700,29482.25,29482.25,29448.0,29468.0,1996
1787808600,29466.25,29472.75,29438.5,29442.5,1796
1787809500,29441.5,29465.0,29428.5,29438.75,1820
1787810400,29437.5,29437.5,29401.75,29432.5,3235
1787811300,29433.0,29451.0,29432.0,29450.75,1664
1787812200,29451.5,29490.5,29449.0,29489.25,1678
1787813100,29489.0,29500.0,29478.0,29499.5,1533
1787814000,29498.75,29538.5,29477.25,29536.0,2999
1787814900,29537.0,29548.75,29524.0,29548.25,2029
1787815800,29547.75,29549.75,29499.0,29504.0,2370
1787816700,29504.75,29548.25,29500.75,29539.5,1420
1787817600,29538.75,29624.0,29537.0,29622.0,3640
1787818500,29622.5,29659.75,29596.75,29656.5,3629
1787819400,29656.75,29658.0,29610.25,29629.5,2765
1787820300,29632.5,29662.0,29622.0,29623.75,2622
1787821200,29624.75,29634.25,29581.25,29584.0,3173
1787822100,29584.25,29615.0,29568.0,29598.0,2100
1787823000,29597.75,29625.5,29596.75,29615.0,2498
1787823900,29614.5,29634.5,29599.5,29602.0,2089
1787824800,29602.25,29606.25,29582.25,29598.75,1262
1787825700,29598.75,29603.75,29577.0,29579.75,1064
1787826600,29580.75,29602.75,29570.0,29600.0,1374
1787827500,29599.75,29602.25,29568.25,29597.5,1243
1787828400,29599.0,29630.0,29577.0,29616.25,2331
1787829300,29616.25,29621.25,29569.5,29569.5,1878
1787830200,29570.25,29588.0,29546.25,29565.5,2686
1787831100,29563.5,29563.5,29514.75,29558.5,2437
1787832000,29557.75,29589.0,29551.0,29584.0,2726
1787832900,29584.25,29590.5,29565.75,29579.25,1935
1787833800,29579.0,29581.25,29534.5,29537.5,3262
1787834700,29536.25,29541.0,29515.5,29522.5,3242
1787835600,29522.0,29561.75,29518.5,29555.75,3445
1787836500,29554.5,29570.25,29523.25,29524.75,6579
1787837400,29524.5,29588.75,29443.0,29575.0,52539
1787838300,29576.0,29605.0,29423.75,29483.0,44321
1787839200,29484.0,29588.5,29478.5,29559.0,26514
1787840100,29558.0,29623.5,29558.0,29606.75,19034
1787841000,29606.5,29610.25,29538.0,29557.75,17698
1787841900,29557.25,29605.25,29532.0,29601.5,16729
1787842800,29601.75,29628.0,29588.25,29625.5,11768
1787843700,29625.75,29635.0,29573.0,29578.5,10749
1787844600,29578.25,29597.25,29528.5,29534.5,14043
1787845500,29534.75,29610.0,29511.5,29598.0,16792
1787846400,29597.25,29623.75,29581.75,29590.5,9752
1787847300,29589.75,29608.0,29570.0,29603.0,8174
1787848200,29603.5,29651.0,29599.0,29645.75,8226
1787849100,29645.75,29659.5,29637.0,29651.75,9257
1787850000,29652.0,29676.0,29648.0,29669.75,9506
1787850900,29670.5,29678.5,29638.0,29641.5,8101
1787851800,29641.25,29658.5,29627.0,29628.75,8356
1787852700,29628.5,29632.25,29607.0,29611.5,8399
1787853600,29612.0,29622.0,29561.75,29577.0,12156
1787854500,29576.5,29589.75,29526.5,29538.25,11666
1787855400,29538.25,29581.25,29537.0,29572.5,11050
1787856300,29572.5,29582.25,29544.75,29571.25,8682
1787857200,29571.5,29606.75,29567.0,29592.5,9988
1787858100,29592.75,29613.0,29592.75,29602.25,7876
1787859000,29602.75,29633.5,29595.0,29633.25,8532
1787859900,29632.75,29704.5,29629.0,29691.75,31105
1787860800,29691.75,29708.0,29647.25,29648.0,11484
1787861700,29648.25,29656.5,29634.25,29638.5,1942
1787862600,29639.25,29644.75,29634.75,29639.75,1390
1787863500,29640.25,29642.0,29620.5,29635.25,2082
1787868000,29635.5,29644.75,29600.0,29620.5,477
1787868900,29622.25,29639.5,29619.75,29637.25,948
1787869800,29637.0,29640.75,29630.0,29635.5,644
1787870700,29635.25,29639.5,29630.75,29634.75,342
1787871600,29633.5,29637.5,29605.0,29616.5,1158
1787872500,29616.0,29617.25,29604.0,29608.25,513
1787873400,29610.0,29612.75,29602.5,29604.5,433
1787874300,29604.5,29605.25,29592.0,29600.75,1743
1787875200,29601.75,29656.0,29594.25,29653.0,3823
1787876100,29652.75,29655.75,29625.5,29653.0,2304
1787877000,29651.25,29658.0,29633.5,29654.5,1265
1787877900,29653.25,29667.25,29642.0,29645.0,1305
1787878800,29645.75,29670.25,29642.75,29661.0,1488
1787879700,29661.0,29672.75,29643.5,29648.75,1163
1787880600,29648.5,29672.25,29641.75,29654.75,1985
1787881500,29654.5,29679.75,29644.0,29677.75,1408
1787882400,29678.75,29699.5,29678.75,29692.75,1403
1787883300,29694.75,29703.0,29686.25,29692.75,1113
1787884200,29691.0,29691.0,29644.75,29647.25,1646
1787885100,29647.0,29670.25,29645.0,29663.75,1075
1787886000,29664.75,29702.0,29660.5,29694.5,1329
1787886900,29693.75,29707.0,29689.5,29700.25,940
1787887800,29700.5,29704.25,29648.75,29651.75,1788
1787888700,29651.5,29676.5,29640.25,29671.5,1451
1787889600,29646.0,29666.5,29644.25,29661.5,1244
1787890500,29660.75,29669.75,29657.0,29659.5,581
1787891400,29658.5,29660.75,29639.0,29644.25,800
1787892300,29643.5,29650.0,29636.25,29641.75,609
1787893200,29642.0,29643.75,29620.75,29623.75,1283
1787894100,29624.75,29628.25,29611.5,29622.75,1064
1787895000,29623.0,29624.5,29603.5,29613.75,1155
1787895900,29612.5,29613.0,29597.25,29598.25,998
1787896800,29599.0,29618.5,29594.5,29603.25,1431
1787897700,29602.25,29623.75,29594.5,29596.0,1149
1787898600,29597.5,29623.0,29596.0,29620.75,1686
1787899500,29619.5,29645.25,29616.0,29645.25,1095
1787900400,29645.25,29653.5,29605.0,29612.5,2447
1787901300,29612.0,29624.0,29599.75,29613.75,1311
1787902200,29613.5,29620.25,29593.0,29597.5,1255
1787903100,29597.0,29625.75,29595.0,29607.0,1040
1787904000,29607.0,29620.5,29578.25,29584.75,3024
1787904900,29586.0,29605.5,29581.75,29598.25,1133
1787905800,29598.5,29633.5,29596.25,29623.5,1316
1787906700,29623.5,29624.25,29603.0,29619.75,1212
1787907600,29619.0,29620.0,29603.5,29606.0,912
1787908500,29605.75,29620.5,29595.75,29615.75,910
1787909400,29615.5,29618.5,29602.25,29607.5,561
1787910300,29605.0,29620.25,29599.0,29605.5,654
1787911200,29606.0,29610.0,29593.25,29603.75,1070
1787912100,29604.0,29617.25,29597.5,29611.5,596
1787913000,29611.25,29623.0,29600.0,29602.5,794
1787913900,29601.5,29625.0,29598.0,29622.0,968
1787914800,29622.25,29634.75,29598.25,29614.5,1723
1787915700,29614.5,29636.5,29614.0,29633.5,1142
1787916600,29635.0,29640.0,29607.0,29610.25,921
1787917500,29609.5,29615.0,29597.5,29603.5,900
1787918400,29601.5,29632.5,29597.5,29630.25,1954
1787919300,29631.0,29663.0,29627.75,29661.5,2502
1787920200,29661.25,29661.75,29615.0,29658.25,2511
1787921100,29658.25,29665.0,29649.25,29659.0,2239
1787922000,29659.0,29681.75,29650.25,29661.0,4094
1787922900,29661.0,29662.75,29622.0,29628.0,4754
1787923800,29628.0,29701.75,29562.75,29687.75,38492
1787924700,29687.25,29703.25,29625.0,29629.0,22946
1787925600,29632.0,29706.0,29505.0,29535.0,41313
1787926500,29534.75,29675.75,29532.25,29653.5,32391
1787927400,29653.75,29744.0,29632.0,29734.25,26906
1787928300,29734.75,29799.0,29725.25,29796.5,23072
1787929200,29796.5,29811.5,29735.25,29748.75,20773
1787930100,29748.75,29791.25,29738.0,29782.75,13353
1787931000,29783.25,29785.5,29663.0,29671.25,18542
1787931900,29671.25,29682.75,29544.25,29552.5,28534
1787932800,29553.0,29593.0,29509.75,29558.5,23823
1787933700,29558.25,29570.75,29464.5,29489.0,22848
1787934600,29488.5,29529.25,29475.0,29483.75,15686
1787935500,29483.75,29549.0,29483.0,29501.25,13168
1787936400,29502.0,29503.0,29436.25,29484.25,17731
1787937300,29483.5,29495.25,29452.25,29470.0,9611
1787938200,29470.0,29504.5,29461.25,29484.0,8487
1787939100,29482.75,29529.25,29475.75,29514.75,9332
1787940000,29515.75,29521.5,29488.25,29489.25,7772
1787940900,29489.25,29505.0,29471.25,29483.75,7458
1787941800,29483.25,29507.0,29476.0,29491.25,7057
1787942700,29491.0,29493.5,29441.0,29455.5,8432
1787943600,29456.0,29492.25,29443.5,29479.5,10164
1787944500,29479.0,29502.0,29464.5,29498.25,7015
1787945400,29498.5,29513.75,29482.25,29503.0,8903
1787946300,29502.25,29521.5,29473.5,29496.0,28233
1787947200,29496.5,29507.75,29478.25,29487.5,6334
1787948100,29488.5,29493.25,29485.25,29492.0,1377
1787949000,29492.0,29508.0,29485.0,29507.25,2152
1787949900,29507.5,29519.25,29491.75,29491.75,2057
1788127200,29457.25,29471.25,29446.75,29471.0,451
1788128100,29471.25,29495.0,29467.25,29473.0,1456
1788129000,29474.75,29476.5,29428.0,29436.75,2535
1788129900,29436.0,29453.5,29435.0,29442.5,926
1788130800,29442.5,29449.25,29405.75,29409.75,2279
1788131700,29410.0,29416.0,29369.0,29371.75,2939
1788132600,29372.0,29375.5,29321.25,29355.5,3309
1788133500,29354.0,29354.0,29289.0,29289.75,3898
1788134400,29291.0,29346.75,29273.5,29339.75,4402
1788135300,29341.0,29378.25,29334.5,29372.0,2864
1788136200,29370.25,29398.5,29366.75,29388.75,2313
1788137100,29390.25,29393.0,29350.5,29357.0,2403
1788138000,29358.25,29358.25,29292.5,29324.75,4160
1788138900,29324.25,29340.25,29304.0,29331.75,2584
1788139800,29330.25,29338.0,29306.5,29313.5,2198
1788140700,29313.25,29331.5,29302.25,29327.0,1947
1788141600,29325.75,29362.75,29308.5,29355.75,2320
1788142500,29357.0,29357.0,29304.5,29331.5,2742
1788143400,29327.0,29335.25,29287.0,29296.5,2107
1788144300,29297.5,29346.5,29287.75,29344.25,2203
1788145200,29346.0,29367.25,29336.75,29355.5,1572
1788146100,29355.5,29358.0,29343.0,29344.0,1004
1788147000,29345.75,29351.0,29337.75,29345.0,827
1788147900,29346.0,29353.5,29338.75,29348.75,498
1788148800,29352.5,29354.75,29341.5,29354.75,552
1788149700,29353.25,29357.0,29342.75,29347.25,546
1788150600,29348.0,29384.75,29333.75,29383.0,1571
1788151500,29380.75,29423.75,29365.5,29414.75,1936
1788152400,29415.0,29445.0,29407.75,29443.75,1598
1788153300,29442.75,29477.25,29442.25,29470.0,2087
1788154200,29470.0,29474.25,29426.25,29442.0,1953
1788155100,29442.25,29462.5,29432.0,29462.25,1229
1788156000,29462.0,29503.5,29448.75,29500.5,2314
1788156900,29501.25,29518.5,29501.25,29512.5,2162
1788157800,29512.5,29518.75,29495.75,29508.0,1379
1788158700,29507.5,29528.5,29503.5,29517.75,1139
1788159600,29516.25,29521.0,29500.75,29513.75,1140
1788160500,29513.25,29521.25,29500.0,29509.75,705
1788161400,29508.25,29522.75,29501.0,29506.0,767
1788162300,29505.5,29510.75,29493.5,29508.25,721
1788163200,29508.5,29535.0,29485.0,29505.0,3071
1788164100,29504.75,29511.0,29485.5,29501.0,1136
1788165000,29500.75,29502.25,29475.0,29484.5,1234
1788165900,29484.75,29498.5,29480.25,29485.0,843
1788166800,29485.25,29500.75,29470.75,29492.5,1178
1788167700,29492.25,29509.25,29490.0,29491.25,935
1788168600,29491.75,29492.5,29467.0,29468.0,798
1788169500,29468.0,29469.25,29445.5,29450.5,1110
1788170400,29451.5,29460.0,29440.5,29458.0,1562
1788171300,29457.25,29467.75,29445.75,29461.0,1235
1788172200,29460.75,29461.0,29450.0,29455.25,479
1788173100,29454.0,29471.5,29450.0,29458.75,762
1788174000,29458.25,29463.5,29436.75,29439.5,1481
1788174900,29439.25,29471.0,29435.5,29465.0,1354
1788175800,29465.5,29466.75,29432.75,29433.5,1623
1788176700,29434.0,29440.0,29425.25,29429.75,1165
1788177600,29429.75,29470.0,29398.5,29449.75,3203
1788178500,29449.75,29486.0,29397.0,29415.75,3317
1788179400,29415.75,29442.25,29389.75,29399.25,3632
1788180300,29398.5,29407.5,29380.0,29389.0,2620
1788181200,29389.5,29411.25,29377.5,29408.5,3575
1788182100,29409.5,29445.25,29408.25,29438.75,5061
1788183000,29438.5,29516.75,29390.25,29407.25,38864
1788183900,29407.75,29479.0,29387.75,29438.75,27667
1788184800,29439.25,29447.75,29371.0,29394.5,19526
1788185700,29393.25,29431.5,29355.0,29376.25,17749
1788186600,29374.25,29434.75,29364.5,29425.25,14433
1788187500,29425.25,29444.25,29384.25,29416.0,13384
1788188400,29415.25,29442.5,29395.5,29417.25,13307
1788189300,29416.75,29445.75,29396.5,29421.0,11444
1788190200,29420.5,29424.75,29383.0,29409.0,10533
1788191100,29408.5,29432.75,29384.5,29388.75,10396
1788192000,29389.25,29412.75,29362.5,29407.25,11288
1788192900,29407.75,29426.5,29381.5,29425.0,8454
1788193800,29425.0,29430.75,29394.25,29413.5,8864
1788194700,29413.25,29443.25,29409.5,29440.5,6457
1788195600,29440.0,29441.0,29415.25,29423.5,5283
1788196500,29423.75,29434.0,29393.25,29396.75,5632
1788197400,29396.75,29439.75,29388.0,29439.5,7961
1788198300,29439.75,29457.5,29430.75,29442.0,7183
1788199200,29442.0,29458.75,29422.25,29446.75,6963
1788200100,29446.75,29464.25,29437.25,29438.25,5460
1788201000,29438.0,29443.25,29382.5,29399.0,9400
1788201900,29399.75,29420.25,29390.5,29403.75,6590
1788202800,29404.5,29429.75,29403.5,29425.5,6362
1788203700,29425.5,29453.5,29417.25,29448.25,7081
1788204600,29447.75,29483.25,29430.5,29477.0,9467
1788205500,29476.75,29538.25,29458.5,29506.0,34729
1788206400,29506.5,29527.5,29503.75,29511.5,7833
1788207300,29511.5,29516.75,29507.0,29513.75,1396
1788208200,29513.0,29520.5,29510.0,29516.75,973
1788209100,29516.75,29521.25,29507.0,29521.0,1131
1788213600,29518.25,29522.5,29501.25,29507.75,568
1788214500,29507.0,29508.5,29498.5,29501.75,413
1788215400,29502.5,29508.25,29501.75,29505.0,350
1788216300,29505.0,29506.75,29491.0,29493.5,691
1788217200,29493.25,29505.0,29490.0,29496.0,740
1788218100,29495.75,29499.5,29486.0,29497.0,528
1788219000,29495.5,29515.0,29493.5,29510.25,1296
1788219900,29509.75,29519.5,29496.5,29501.25,896
1788220800,29503.25,29521.75,29480.5,29489.25,2695
1788221700,29489.0,29518.75,29478.25,29501.0,2141
1788222600,29501.0,29520.5,29484.25,29501.75,1705
1788223500,29503.5,29508.5,29491.75,29506.0,870
1788224400,29506.0,29514.25,29491.5,29512.25,1550
1788225300,29512.0,29516.25,29477.0,29484.0,1862
1788226200,29483.0,29515.5,29475.0,29508.25,2129
1788227100,29508.75,29511.0,29490.5,29499.75,947
1788228000,29498.0,29502.75,29475.0,29481.0,1277
1788228900,29480.5,29486.5,29452.75,29459.75,1525
1788229800,29460.0,29472.5,29434.75,29439.0,1898
1788230700,29438.75,29493.25,29436.25,29492.0,1981
1788231600,29491.5,29493.75,29467.5,29471.5,1316
1788232500,29471.5,29476.5,29459.25,29464.25,922
1788233400,29465.5,29483.25,29461.25,29477.75,770
1788234300,29477.0,29488.5,29474.75,29482.75,567
1788235200,29485.0,29492.75,29481.0,29489.0,835
1788236100,29488.25,29501.5,29485.5,29492.75,1086
1788237000,29493.75,29503.0,29470.25,29471.25,918
1788237900,29471.25,29494.0,29466.0,29473.75,1585
1788238800,29473.25,29475.75,29460.0,29464.25,792
1788239700,29464.5,29487.75,29447.25,29486.0,1479
1788240600,29485.0,29535.75,29482.25,29534.0,3459
1788241500,29534.25,29571.25,29521.75,29561.5,2545
1788242400,29561.75,29568.0,29531.0,29545.25,2102
1788243300,29544.5,29547.0,29514.75,29517.5,1658
1788244200,29516.5,29545.0,29513.75,29539.25,1315
1788245100,29539.75,29540.25,29514.5,29515.75,937
1788246000,29515.5,29555.5,29512.25,29553.5,2748
1788246900,29554.25,29556.75,29528.25,29545.0,1190
1788247800,29546.75,29547.0,29462.0,29464.0,3095
1788248700,29463.0,29478.75,29430.0,29436.25,2904
1788249600,29436.25,29449.0,29327.0,29348.75,7344
1788250500,29351.0,29358.5,29279.0,29285.5,4923
1788251400,29286.0,29312.0,29246.75,29257.5,4045
1788252300,29257.0,29279.75,29231.0,29235.25,2822
1788253200,29235.75,29243.25,29201.75,29207.75,3511
1788254100,29206.75,29218.0,29185.5,29197.0,2594
1788255000,29199.0,29216.75,29184.25,29213.25,2269
1788255900,29212.25,29228.0,29211.5,29212.5,1630
1788256800,29212.5,29227.25,29201.25,29221.5,1444
1788257700,29222.0,29248.75,29211.75,29237.5,1903
1788258600,29237.75,29257.75,29227.0,29227.5,1448
1788259500,29227.25,29243.0,29197.25,29210.0,2645
1788260400,29209.25,29213.25,29178.0,29200.75,3012
1788261300,29200.5,29216.75,29196.25,29208.75,1766
1788262200,29207.75,29238.0,29205.75,29226.25,2176
1788263100,29228.25,29228.5,29167.75,29172.5,3062
1788264000,29171.5,29179.5,29153.75,29165.5,3728
1788264900,29164.75,29173.0,29137.5,29170.5,4334
1788265800,29169.75,29170.5,29123.25,29129.5,5145
1788266700,29129.5,29153.0,29122.25,29125.75,3809
1788267600,29125.75,29126.25,29087.0,29093.0,7845
1788268500,29093.0,29122.75,29084.25,29112.25,7279
1788269400,29111.75,29140.5,29040.25,29083.75,44787
1788270300,29084.0,29158.0,29074.75,29105.0,25231
1788271200,29106.0,29161.75,29085.25,29133.25,22037
1788272100,29133.5,29179.5,29132.0,29165.25,17214
1788273000,29165.25,29235.0,29162.25,29234.0,17151
1788273900,29234.0,29268.0,29207.0,29228.0,17987
1788274800,29228.5,29241.5,29180.25,29183.75,13947
1788275700,29183.0,29233.25,29178.25,29232.5,10195
1788276600,29232.25,29291.25,29224.25,29287.75,14876
1788277500,29287.75,29317.75,29286.0,29296.25,13853
1788278400,29295.5,29300.75,29232.0,29232.25,11816
1788279300,29232.75,29236.25,29162.75,29176.75,20301
1788280200,29177.0,29184.5,29131.25,29138.0,15766
1788281100,29137.75,29197.25,29133.0,29191.75,9546
1788282000,29191.25,29191.75,29138.75,29156.25,9413
1788282900,29156.25,29163.75,29100.5,29141.75,10869
1788283800,29143.0,29161.75,29137.75,29151.5,6581
1788284700,29151.5,29153.25,29117.75,29140.75,7488
1788285600,29139.75,29151.5,29101.25,29102.25,7488
1788286500,29102.5,29118.5,29085.25,29094.25,9083
1788287400,29094.5,29097.25,29014.25,29014.5,13245
1788288300,29015.0,29081.25,29002.0,29076.0,14800
1788289200,29075.5,29121.5,29070.5,29120.0,10581
1788290100,29120.0,29129.25,29103.75,29127.25,8575
1788291000,29126.75,29128.25,29093.0,29117.75,9098
1788291900,29118.0,29141.0,29086.0,29126.0,29033
1788292800,29126.0,29158.0,29113.5,29135.0,11163
1788293700,29135.0,29159.0,29134.25,29136.75,2551
1788294600,29136.0,29155.25,29130.25,29147.25,1402
1788295500,29146.0,29147.5,29130.75,29139.0,1348
1788300000,29136.5,29149.0,29107.75,29110.0,605
1788300900,29110.5,29126.0,29102.25,29113.75,982
1788301800,29114.75,29121.0,29111.0,29117.25,541
1788302700,29116.75,29139.0,29114.25,29132.0,976
1788303600,29129.75,29135.5,29128.5,29129.0,334
1788304500,29129.25,29139.0,29119.0,29136.5,823
1788305400,29137.5,29144.75,29133.0,29140.25,697
1788306300,29141.75,29148.25,29131.25,29134.5,748
1788307200,29135.75,29144.75,29106.0,29130.75,2446
1788308100,29128.0,29170.0,29123.25,29126.0,3018
1788309000,29127.75,29148.75,29114.5,29140.25,1810
1788309900,29139.0,29145.0,29102.0,29104.0,1502
1788310800,29103.25,29127.25,29086.75,29097.75,2745
1788311700,29097.75,29129.5,29094.75,29115.0,1965
1788312600,29115.75,29122.75,29070.5,29074.75,2504
1788313500,29074.25,29078.5,29047.75,29075.5,2506
1788314400,29075.5,29077.0,29044.5,29065.0,1730
1788315300,29066.5,29100.0,29066.5,29085.5,1769
1788316200,29084.5,29084.75,29061.75,29082.75,1231
1788317100,29083.25,29092.25,29074.5,29084.25,977
1788318000,29086.5,29089.5,29058.75,29083.25,1301
1788318900,29083.0,29084.0,29068.0,29069.0,647
1788319800,29070.25,29073.0,29053.75,29056.0,1064
1788320700,29057.75,29065.0,29046.25,29054.0,676
1788321600,29054.75,29055.0,29035.5,29047.25,1216
1788322500,29045.75,29062.75,29044.25,29051.0,786
1788323400,29051.25,29062.5,29047.75,29054.0,689
1788324300,29054.75,29065.0,29051.0,29058.25,732
1788325200,29059.0,29071.75,29037.5,29066.25,1071
1788326100,29067.25,29092.0,29063.75,29091.25,1645
1788327000,29092.0,29104.25,29070.5,29099.25,1453
1788327900,29099.75,29101.5,29062.5,29073.0,1065
1788328800,29072.25,29080.5,29040.25,29049.25,1689
1788329700,29050.0,29055.0,29020.5,29023.5,1742
1788330600,29023.0,29098.25,29016.5,29073.75,2370
1788331500,29073.5,29080.0,29051.0,29077.25,1270
1788332400,29077.0,29120.75,29065.5,29103.25,2285
1788333300,29103.5,29117.0,29075.75,29094.5,1650
1788334200,29094.25,29101.0,29064.75,29070.75,1361
1788335100,29070.75,29078.25,29050.0,29061.75,1279
1788336000,29062.25,29097.25,29052.5,29073.75,1865
1788336900,29073.75,29088.0,29039.75,29053.5,1351
1788337800,29052.75,29068.75,29031.5,29035.75,1475
1788338700,29036.5,29037.25,28954.5,28977.75,3437
1788339600,28977.25,29027.5,28969.0,28969.25,2504
1788340500,28971.25,28995.0,28955.0,28978.25,2024
1788341400,28978.25,28981.5,28940.5,28948.75,2297
1788342300,28948.75,28974.5,28947.5,28973.25,1223
1788343200,28972.75,28979.5,28947.25,28978.0,1694
1788344100,28978.0,28996.0,28971.5,28985.75,1405
1788345000,28985.5,28989.25,28961.0,28966.5,1348
1788345900,28966.0,28988.75,28958.0,28988.0,1129
1788346800,28987.75,29021.75,28927.25,29016.5,5540
1788347700,29014.25,29035.75,28992.5,29023.0,3027
1788348600,29025.25,29059.5,29019.0,29029.75,2636
1788349500,29029.75,29084.5,29022.5,29084.5,2633
1788350400,29083.75,29124.0,29074.5,29121.5,4472
1788351300,29121.5,29149.5,29094.75,29108.0,5166
1788352200,29107.0,29110.25,29067.25,29069.75,3375
1788353100,29069.0,29071.25,29032.75,29040.0,3123
1788354000,29040.25,29070.5,29037.75,29067.5,3574
1788354900,29068.5,29115.25,29064.25,29098.5,5646
1788355800,29098.5,29119.0,29036.5,29091.0,33950
1788356700,29090.25,29112.5,29017.25,29062.25,25043
1788357600,29061.75,29128.25,29032.25,29127.25,22727
1788358500,29127.75,29193.0,29119.25,29187.25,21573
1788359400,29187.0,29213.0,29168.5,29201.5,16554
1788360300,29201.75,29202.5,29111.25,29120.25,14877
1788361200,29119.5,29168.5,29106.25,29158.25,15636
1788362100,29158.0,29208.5,29151.75,29205.25,10972
1788363000,29205.0,29208.5,29171.5,29182.25,11065
1788363900,29182.25,29190.75,29136.0,29185.25,11420
1788364800,29184.5,29198.5,29173.5,29186.75,6741
1788365700,29186.5,29186.75,29142.25,29151.75,7016
1788366600,29151.5,29175.25,29138.25,29139.0,7046
1788367500,29138.5,29168.25,29137.0,29155.0,5965
1788368400,29154.75,29182.5,29127.0,29145.25,8306
1788369300,29145.0,29154.5,29125.25,29150.75,6612
1788370200,29150.5,29158.75,29127.5,29158.75,7149
1788371100,29159.0,29173.75,29142.5,29158.75,7297
1788372000,29159.5,29166.0,29135.75,29147.0,7200
1788372900,29146.75,29199.75,29143.25,29159.25,9323
1788373800,29159.25,29175.0,29131.5,29136.75,6759
1788374700,29136.0,29154.25,29130.25,29145.5,5883
1788375600,29145.75,29172.0,29139.0,29165.5,5821
1788376500,29166.25,29170.75,29150.0,29167.25,5601
1788377400,29167.25,29177.5,29155.25,29175.0,6474
1788378300,29175.25,29197.25,29170.5,29190.25,17909
1788379200,29190.5,29212.0,29187.5,29194.25,6283
1788380100,29192.0,29193.75,29139.75,29156.25,4613
1788381000,29156.0,29163.25,29147.5,29148.0,1419
1788381900,29147.75,29164.0,29139.25,29141.0,1435
1788386400,29177.0,29188.75,29148.0,29185.75,831
1788387300,29184.75,29208.75,29178.0,29196.0,1352
1788388200,29196.0,29203.0,29192.0,29196.0,686
1788389100,29195.25,29195.5,29178.25,29180.5,712
1788390000,29180.75,29188.75,29170.75,29171.75,941
1788390900,29172.75,29180.0,29167.5,29179.0,839
1788391800,29180.0,29188.25,29175.0,29188.25,595
1788392700,29188.0,29213.0,29187.5,29201.25,1857
1788393600,29200.75,29201.75,29165.75,29169.25,2134
1788394500,29166.75,29168.25,29141.0,29156.25,2050
1788395400,29155.75,29162.0,29146.0,29156.5,907
1788396300,29155.75,29161.75,29146.75,29151.0,698
1788397200,29150.75,29186.75,29147.75,29183.25,1879
1788398100,29182.5,29200.75,29156.5,29174.75,2147
1788399000,29176.75,29199.25,29167.75,29169.0,1737
1788399900,29169.0,29175.75,29136.25,29137.5,1840
1788400800,29136.75,29188.0,29132.75,29182.5,2007
1788401700,29182.75,29195.0,29173.0,29188.5,1439
1788402600,29186.5,29199.0,29168.75,29173.0,999
1788403500,29173.25,29188.5,29167.5,29180.75,825
1788404400,29182.25,29204.5,29179.5,29203.25,1014
1788405300,29204.25,29234.0,29202.25,29219.75,2335
1788406200,29220.75,29233.75,29217.75,29227.5,828
1788407100,29227.0,29243.0,29220.25,29232.0,955
1788408000,29245.5,29255.0,29237.75,29247.0,1231
1788408900,29247.0,29249.25,29227.25,29227.75,787
1788409800,29227.75,29236.25,29214.75,29219.25,1120
1788410700,29218.75,29229.0,29204.5,29207.5,789
1788411600,29207.25,29208.5,29140.75,29149.0,2663
1788412500,29147.75,29148.5,29075.0,29104.0,5748
1788413400,29102.75,29152.0,29098.25,29143.0,3751
1788414300,29143.0,29188.75,29127.5,29188.75,2503
1788415200,29188.5,29203.25,29162.75,29170.0,2458
1788416100,29169.0,29180.25,29161.0,29177.25,1303
1788417000,29177.0,29187.5,29164.0,29181.5,1468
1788417900,29182.0,29182.75,29159.5,29174.25,896
1788418800,29173.25,29233.0,29160.0,29205.5,2748
1788419700,29204.75,29211.5,29178.5,29203.25,1455
1788420600,29202.5,29245.5,29192.0,29241.25,1963
1788421500,29240.75,29240.75,29182.75,29220.25,1795
1788422400,29220.25,29292.75,29213.25,29247.25,6533
1788423300,29247.0,29264.0,29232.75,29256.0,2414
1788424200,29257.25,29257.25,29226.75,29228.25,1598
1788425100,29229.5,29235.0,29215.0,29216.25,1133
1788426000,29218.5,29225.75,29211.0,29223.5,1073
1788426900,29223.5,29224.0,29187.75,29187.75,1233
1788427800,29187.25,29198.0,29169.25,29176.75,1331
1788428700,29176.25,29176.25,29126.5,29137.75,2134
1788429600,29138.0,29158.5,29120.25,29124.75,2035
1788430500,29125.5,29134.25,29119.25,29127.5,1809
1788431400,29127.0,29140.0,29105.5,29128.25,1628
1788432300,29128.0,29129.75,29108.0,29128.0,1182
1788433200,29129.0,29170.75,29106.25,29164.5,2819
1788434100,29164.0,29186.75,29156.5,29166.75,1855
1788435000,29167.0,29173.5,29111.25,29142.5,2554
1788435900,29142.25,29144.5,29101.0,29105.5,2857
1788436800,29105.5,29147.25,29104.0,29125.0,2609
1788437700,29125.5,29151.0,29105.75,29145.75,2848
1788438600,29144.75,29244.0,29144.0,29189.75,8722
1788439500,29189.0,29258.75,29185.0,29244.5,5560
1788440400,29243.75,29246.0,29194.25,29239.25,5887
1788441300,29239.5,29253.75,29200.5,29249.0,6147
1788442200,29249.5,29359.5,29199.5,29345.5,50045
1788443100,29345.25,29375.5,29296.75,29333.0,28771
1788444000,29331.75,29333.25,29241.75,29300.75,28219
1788444900,29301.0,29364.5,29295.75,29343.0,21724
1788445800,29343.0,29360.5,29273.25,29283.0,19623
1788446700,29283.0,29368.0,29246.5,29363.5,19617
1788447600,29363.25,29466.25,29362.25,29465.0,28039
1788448500,29464.75,29539.5,29453.75,29536.5,22898
1788449400,29536.0,29542.5,29503.5,29506.5,15942
1788450300,29506.75,29539.25,29504.0,29538.0,9257
1788451200,29538.75,29539.75,29503.0,29519.0,10916
1788452100,29519.5,29529.5,29489.25,29497.0,7906
1788453000,29497.0,29534.5,29483.0,29528.0,8827
1788453900,29528.0,29544.0,29516.5,29528.0,7336
1788454800,29528.25,29534.0,29486.75,29490.5,6740
1788455700,29491.25,29508.0,29476.0,29502.5,7009
1788456600,29502.75,29532.0,29502.25,29528.5,7294
1788457500,29529.0,29552.5,29521.75,29543.75,8213
1788458400,29551.5,29579.5,29551.5,29573.5,11657
1788459300,29573.75,29584.25,29564.75,29570.5,7285
1788460200,29571.0,29580.0,29559.5,29560.5,5625
1788461100,29560.75,29581.0,29559.5,29568.25,6121
1788462000,29568.25,29570.5,29532.75,29538.25,6890
1788462900,29538.25,29543.5,29526.0,29533.25,8677
1788463800,29533.25,29540.0,29521.75,29524.0,8391
1788464700,29524.25,29536.25,29509.25,29530.75,25371
1788465600,29530.75,29536.25,29507.0,29521.25,7018
1788466500,29521.5,29522.0,29505.0,29510.25,1535
1788467400,29510.25,29516.75,29508.0,29510.75,929
1788468300,29511.25,29512.75,29499.25,29502.25,1406
1788472800,29505.0,29509.0,29482.0,29485.25,539
1788473700,29485.5,29496.0,29484.75,29490.0,641
1788474600,29491.0,29498.5,29490.0,29494.25,442
1788475500,29495.75,29512.75,29493.5,29508.75,801
1788476400,29508.25,29511.5,29500.5,29503.25,648
1788477300,29503.0,29509.5,29498.25,29507.25,400
1788478200,29507.0,29511.0,29501.25,29505.0,281
1788479100,29506.5,29516.75,29502.25,29504.0,802
1788480000,29503.75,29520.5,29495.0,29509.75,1496
1788480900,29510.25,29529.0,29505.0,29527.5,1549
1788481800,29527.75,29533.5,29519.25,29532.5,1157
1788482700,29532.5,29542.25,29530.0,29530.75,1046
1788483600,29530.0,29532.75,29517.75,29522.75,1198
1788484500,29523.0,29542.75,29516.25,29540.75,1477
1788485400,29539.5,29547.75,29534.5,29545.0,965
1788486300,29545.25,29548.75,29523.25,29548.0,1454
1788487200,29547.75,29553.25,29537.25,29550.25,831
1788488100,29549.0,29556.25,29547.0,29555.0,537
1788489000,29555.75,29566.5,29544.0,29546.5,1307
1788489900,29546.5,29568.0,29545.25,29564.5,979
1788490800,29563.25,29566.5,29557.25,29560.5,504
1788491700,29560.25,29578.25,29559.75,29569.0,1147
1788492600,29569.5,29578.75,29566.75,29568.5,683
1788493500,29567.5,29573.25,29563.75,29571.5,449
1788494400,29564.25,29577.75,29563.0,29575.5,915
1788495300,29576.0,29595.0,29567.5,29593.0,1270
1788496200,29592.25,29601.25,29585.0,29588.0,918
1788497100,29588.5,29599.75,29583.25,29598.25,629
1788498000,29597.5,29623.5,29593.75,29621.5,1542
1788498900,29621.0,29643.0,29620.25,29622.75,1850
1788499800,29622.0,29625.25,29605.5,29608.5,1163
1788500700,29609.25,29622.0,29591.5,29620.75,1608
1788501600,29620.25,29643.75,29617.0,29642.25,1894
1788502500,29641.75,29642.25,29622.5,29631.25,1334
1788503400,29631.5,29633.0,29595.75,29604.0,1552
1788504300,29603.5,29604.0,29574.0,29576.75,1196
1788505200,29577.75,29623.75,29575.25,29620.0,1882
1788506100,29619.5,29637.25,29607.25,29636.25,1078
1788507000,29635.75,29653.0,29628.0,29646.75,1770
1788507900,29646.5,29658.25,29641.25,29652.25,1120
1788508800,29653.75,29669.25,29635.5,29650.25,2482
1788509700,29650.75,29672.0,29645.0,29668.5,1204
1788510600,29670.0,29673.0,29643.75,29658.5,1011
1788511500,29658.25,29664.75,29647.0,29658.5,954
1788512400,29657.5,29658.25,29625.25,29628.5,1184
1788513300,29629.75,29642.5,29616.5,29624.5,1115
1788514200,29625.75,29647.0,29618.5,29643.0,836
1788515100,29644.5,29661.75,29643.5,29657.25,967
1788516000,29656.75,29668.75,29653.25,29661.5,978
1788516900,29660.75,29686.0,29658.5,29678.5,1252
1788517800,29676.5,29683.75,29668.5,29679.5,849
1788518700,29680.0,29704.5,29675.75,29680.0,1377
1788519600,29681.5,29686.0,29650.75,29660.0,1460
1788520500,29660.5,29676.75,29655.5,29662.5,981
1788521400,29663.75,29676.25,29661.0,29671.25,1045
1788522300,29671.0,29690.0,29666.5,29683.25,1220
1788523200,29682.0,29686.25,29627.0,29643.25,3593
1788524100,29642.25,29694.0,29631.75,29674.25,2710
1788525000,29674.5,29693.75,29531.25,29557.75,14727
1788525900,29557.25,29557.75,29502.0,29546.5,8906
1788526800,29547.0,29556.75,29523.0,29548.25,5677
1788527700,29548.25,29591.0,29546.75,29588.0,7106
1788528600,29588.75,29647.0,29554.5,29616.5,39323
1788529500,29616.25,29691.75,29577.5,29691.0,24421
1788530400,29690.5,29691.0,29594.0,29648.5,23351
1788531300,29648.0,29649.75,29564.75,29595.5,22946
1788532200,29596.25,29598.25,29531.0,29533.5,19318
1788533100,29533.25,29544.25,29498.75,29521.0,19000
1788534000,29520.0,29541.25,29497.25,29540.5,15497
1788534900,29540.75,29543.0,29484.25,29506.75,14642
1788535800,29506.75,29524.5,29478.0,29520.5,11585
1788536700,29520.0,29522.25,29487.0,29515.0,10109
1788537600,29514.75,29554.25,29505.0,29547.75,9821
1788538500,29548.0,29565.25,29536.0,29554.0,8203
1788539400,29554.5,29574.0,29548.75,29568.0,7902
1788540300,29568.25,29595.75,29565.0,29576.0,9365
1788541200,29576.25,29580.5,29531.75,29535.25,8913
1788542100,29534.75,29543.5,29504.25,29508.0,7826
1788543000,29508.0,29508.5,29474.75,29478.25,9541
1788543900,29479.0,29498.25,29468.0,29491.75,9201
1788544800,29491.5,29497.75,29471.25,29489.0,7883
1788545700,29488.25,29514.5,29484.5,29511.0,7236
1788546600,29511.0,29524.5,29504.0,29520.75,7237
1788547500,29521.25,29542.5,29520.0,29538.75,6053
1788548400,29538.75,29544.0,29506.75,29511.25,7339
1788549300,29511.0,29531.25,29510.5,29526.5,5268
1788550200,29526.5,29547.5,29519.25,29541.0,7602
1788551100,29540.75,29586.5,29540.0,29569.25,25230
1788552000,29568.75,29569.0,29529.5,29541.25,7731
1788552900,29541.25,29543.25,29529.75,29531.5,1193
1788553800,29531.75,29532.0,29514.5,29530.75,2127
1788554700,29530.5,29565.25,29519.5,29565.25,1972
1788840000,29742.75,29749.75,29730.5,29740.25,1491
1788840900,29739.75,29752.0,29734.0,29745.5,986
1788841800,29746.25,29764.0,29728.25,29758.75,1947
1788842700,29758.25,29764.75,29731.0,29737.25,1637
1788843600,29738.5,29739.75,29680.0,29683.5,2979
1788844500,29685.5,29733.25,29675.0,29678.75,2838
1788845400,29679.5,29685.25,29631.75,29636.75,4015
1788846300,29636.5,29647.5,29610.0,29612.25,2735
1788847200,29612.25,29622.25,29581.75,29591.0,3744
1788848100,29588.75,29591.75,29545.5,29576.25,3484
1788849000,29576.25,29613.5,29558.25,29608.0,3354
1788849900,29608.75,29620.25,29580.5,29600.25,2262
1788850800,29601.0,29638.75,29586.5,29609.5,3026
1788851700,29609.5,29628.75,29595.5,29623.75,2142
1788852600,29622.75,29624.5,29550.0,29562.5,2778
1788853500,29564.5,29566.75,29529.75,29535.5,1918
1788854400,29534.5,29541.25,29477.75,29512.5,5838
1788855300,29512.75,29530.25,29496.0,29499.75,2654
1788856200,29499.5,29525.75,29490.5,29502.0,1795
1788857100,29502.25,29533.0,29489.5,29507.0,2256
1788858000,29507.0,29546.25,29484.5,29545.75,1897
1788858900,29544.0,29549.25,29528.75,29547.75,1041
1788859800,29549.25,29587.0,29542.75,29568.0,2563
1788860700,29568.0,29600.5,29566.75,29599.75,1373
1788861600,29600.0,29600.0,29572.75,29584.5,1271
1788862500,29584.25,29649.0,29583.25,29607.75,3085
1788863400,29607.75,29608.25,29581.75,29592.75,1315
1788864300,29591.25,29592.5,29546.5,29568.0,2462
1788865200,29568.5,29583.75,29533.5,29547.0,2800
1788866100,29546.75,29576.5,29545.0,29562.25,1497
1788867000,29563.0,29575.5,29546.0,29547.0,1315
1788867900,29547.0,29601.75,29538.5,29601.0,2632
1788868800,29601.0,29601.0,29551.25,29555.0,2365
1788869700,29555.75,29595.5,29548.0,29595.5,2213
1788870600,29595.25,29627.0,29591.0,29615.0,3354
1788871500,29615.0,29654.75,29604.25,29654.0,3290
1788872400,29653.75,29660.0,29634.5,29658.5,3917
1788873300,29659.0,29668.25,29635.75,29644.5,6397
1788874200,29644.75,29686.5,29467.0,29474.0,45143
1788875100,29474.25,29538.5,29455.25,29502.75,31715
1788876000,29503.25,29512.5,29424.75,29462.5,28576
1788876900,29462.25,29524.75,29458.5,29516.75,18722
1788877800,29516.0,29538.0,29490.0,29530.0,13197
1788878700,29530.75,29563.5,29511.75,29563.0,14530
1788879600,29563.0,29610.0,29545.5,29602.75,13383
1788880500,29603.0,29639.5,29581.0,29609.0,16824
1788881400,29609.25,29645.25,29595.5,29641.5,10839
1788882300,29641.5,29644.0,29599.0,29604.25,10439
1788883200,29604.25,29622.0,29577.5,29589.5,9086
1788884100,29588.75,29604.5,29562.5,29567.75,9316
1788885000,29568.5,29584.5,29561.75,29575.5,7430
1788885900,29575.0,29609.25,29549.5,29573.5,11756
1788886800,29572.75,29641.5,29572.0,29628.75,9500
1788887700,29628.0,29633.5,29606.25,29615.75,6074
1788888600,29616.5,29632.5,29598.0,29599.5,5980
1788889500,29600.0,29613.25,29588.75,29590.0,5487
1788890400,29590.5,29613.5,29587.0,29605.25,6458
1788891300,29605.0,29615.5,29588.5,29597.0,5927
1788892200,29597.25,29604.5,29578.0,29602.75,6675
1788893100,29603.25,29611.0,29519.75,29576.25,18210
1788894000,29576.25,29586.25,29560.25,29574.75,7640
1788894900,29575.0,29579.25,29544.75,29564.0,6137
1788895800,29564.5,29566.25,29543.5,29549.0,6263
1788896700,29549.0,29552.75,29496.0,29543.5,31208
1788897600,29543.0,29550.75,29506.0,29524.25,8338
1788898500,29524.25,29528.25,29506.5,29507.75,2745
1788899400,29507.5,29524.75,29503.5,29521.25,1518
1788900300,29522.0,29527.25,29518.5,29525.75,921
1788904800,29526.5,29539.25,29503.0,29521.75,553
1788905700,29521.75,29529.0,29508.0,29521.5,1103
1788906600,29522.25,29530.0,29516.0,29527.5,592
1788907500,29527.5,29547.0,29526.75,29544.75,808
1788908400,29544.5,29546.5,29529.5,29531.5,674
1788909300,29531.25,29531.25,29513.0,29516.75,1054
1788910200,29515.75,29519.25,29501.5,29506.25,898
1788911100,29507.0,29512.0,29489.75,29498.5,1903
1788912000,29500.75,29561.75,29499.5,29539.0,3605
1788912900,29539.75,29539.75,29516.0,29525.25,2326
1788913800,29523.75,29540.0,29509.0,29537.75,1869
1788914700,29538.25,29564.0,29532.25,29559.75,1968
1788915600,29559.75,29581.0,29555.75,29574.5,2427
1788916500,29575.25,29599.5,29569.5,29590.0,2803
1788917400,29589.75,29607.5,29577.5,29593.25,2184
1788918300,29593.25,29608.5,29581.5,29593.25,1520
1788919200,29593.5,29612.5,29589.0,29594.25,1617
1788920100,29594.5,29604.25,29583.25,29601.0,1319
1788921000,29601.5,29624.75,29596.75,29620.75,1883
1788921900,29620.25,29625.5,29606.25,29611.0,1034
1788922800,29611.5,29613.75,29583.75,29591.0,1779
1788923700,29590.5,29603.5,29589.0,29596.5,1130
1788924600,29597.75,29604.25,29587.0,29591.0,932
1788925500,29589.25,29591.5,29560.5,29566.75,1754
1788926400,29577.0,29578.25,29549.0,29557.0,2475
1788927300,29556.5,29593.0,29553.5,29581.25,1562
1788928200,29580.25,29607.0,29573.0,29603.75,1171
1788929100,29604.25,29620.25,29600.0,29614.0,1128
1788930000,29614.5,29616.25,29597.0,29605.5,1020
1788930900,29604.75,29604.75,29565.75,29580.25,1913
1788931800,29580.75,29592.0,29562.0,29576.5,1459
1788932700,29578.75,29621.5,29573.75,29621.25,1350
1788933600,29621.75,29632.25,29604.25,29629.25,2101
1788934500,29629.25,29633.75,29586.5,29593.75,1502
1788935400,29592.75,29614.0,29588.0,29611.75,1307
1788936300,29612.25,29612.5,29578.0,29579.5,1568
1788937200,29581.5,29611.5,29561.25,29572.25,2538
1788938100,29572.25,29613.0,29558.0,29612.25,2563
1788939000,29611.75,29614.0,29590.0,29594.25,1271
1788939900,29596.25,29597.0,29565.25,29588.0,1471
1788940800,29589.5,29609.0,29576.0,29582.25,2113
1788941700,29583.0,29594.25,29566.75,29587.75,1360
1788942600,29585.75,29592.75,29540.25,29541.75,2314
1788943500,29543.0,29571.75,29538.75,29564.75,1396
1788944400,29565.0,29575.0,29532.5,29550.5,1681
1788945300,29550.5,29557.0,29514.5,29528.5,1534
1788946200,29528.5,29539.25,29471.25,29479.0,2733
1788947100,29479.0,29485.5,29388.75,29400.5,5235
1788948000,29401.0,29424.75,29371.75,29395.75,4925
1788948900,29395.0,29432.25,29381.75,29419.0,2949
1788949800,29417.75,29432.0,29396.25,29397.5,2187
1788950700,29397.5,29405.0,29368.25,29391.5,3347
1788951600,29392.0,29430.25,29378.0,29407.25,3025
1788952500,29409.5,29430.5,29377.75,29418.5,2617
1788953400,29418.0,29419.25,29376.5,29377.5,2329
1788954300,29378.5,29452.0,29376.75,29396.75,5289
1788955200,29397.0,29400.5,29334.75,29337.0,5045
1788956100,29337.25,29366.5,29333.0,29351.75,3472
1788957000,29351.75,29384.25,29343.5,29381.75,3349
1788957900,29381.25,29404.0,29381.25,29390.5,3128
1788958800,29390.75,29408.5,29382.5,29403.75,3454
1788959700,29403.0,29458.5,29398.75,29454.5,6281
1788960600,29455.0,29503.75,29418.25,29478.75,36955
1788961500,29479.0,29567.25,29456.5,29558.5,27028
1788962400,29558.25,29593.75,29531.25,29562.25,21641
1788963300,29561.25,29561.75,29459.5,29535.5,27186
1788964200,29535.0,29543.5,29494.25,29537.5,14406
1788965100,29537.25,29541.75,29500.0,29528.25,11814
1788966000,29528.75,29562.25,29386.25,29399.0,29108
1788966900,29398.5,29454.5,29358.0,29390.5,22554
1788967800,29390.25,29482.5,29388.0,29438.0,20658
1788968700,29438.75,29467.0,29424.25,29448.0,9994
1788969600,29448.25,29462.0,29410.75,29414.75,8942
1788970500,29414.25,29416.75,29386.75,29399.5,9019
1788971400,29399.75,29455.5,29397.75,29455.0,9217
1788972300,29454.75,29478.0,29441.0,29458.0,9482
1788973200,29457.5,29482.5,29446.0,29476.25,9152
1788974100,29476.5,29483.75,29449.5,29450.25,6191
1788975000,29450.75,29462.0,29428.25,29455.25,6494
1788975900,29455.75,29483.5,29455.75,29468.75,5782
1788976800,29468.25,29471.75,29441.25,29442.25,4707
1788977700,29441.25,29462.25,29436.75,29453.5,6502
1788978600,29453.5,29469.5,29445.75,29466.75,5200
1788979500,29466.25,29474.0,29446.25,29447.5,6021
1788980400,29448.0,29455.25,29430.5,29449.0,6210
1788981300,29449.5,29471.25,29449.5,29451.5,4566
1788982200,29452.25,29457.5,29436.75,29447.0,5669
1788983100,29447.25,29458.5,29423.25,29454.5,20836
1788984000,29455.0,29459.25,29428.75,29451.25,8267
1788984900,29451.5,29454.75,29448.25,29450.0,1305
1788985800,29449.75,29459.0,29447.25,29454.5,1121
1788986700,29455.0,29460.0,29449.0,29460.0,1163
1788991200,29458.5,29472.75,29425.5,29428.75,795
1788992100,29428.75,29434.0,29423.75,29429.0,645
1788993000,29429.5,29437.5,29428.75,29433.75,309
1788993900,29434.0,29438.0,29425.75,29431.5,354
1788994800,29430.5,29432.75,29419.25,29422.0,558
1788995700,29421.25,29435.0,29416.25,29427.5,762
1788996600,29428.75,29431.5,29425.0,29429.75,290
1788997500,29432.0,29470.75,29428.25,29463.5,1763
1788998400,29464.5,29480.25,29440.75,29449.5,2379
1788999300,29449.75,29477.75,29448.5,29473.75,1983
1789000200,29474.0,29475.75,29441.75,29456.5,1591
1789001100,29456.25,29456.25,29408.0,29412.0,2633
1789002000,29413.5,29426.25,29389.0,29399.75,2762
1789002900,29400.25,29415.25,29372.5,29375.75,2836
1789003800,29374.25,29404.25,29364.0,29400.5,2338
1789004700,29399.75,29417.25,29385.0,29410.5,2270
1789005600,29411.0,29412.0,29376.25,29395.5,1769
1789006500,29395.5,29396.25,29373.0,29378.5,1211
1789007400,29379.0,29422.25,29376.0,29414.75,1487
1789008300,29413.75,29423.25,29406.25,29418.25,1092
1789009200,29418.75,29437.0,29416.75,29420.5,1287
1789010100,29420.5,29428.75,29388.25,29405.25,1544
1789011000,29404.75,29416.0,29392.25,29413.0,1010
1789011900,29415.0,29431.0,29411.75,29424.5,1010
1789012800,29427.25,29431.25,29423.0,29428.0,1087
1789013700,29428.25,29437.5,29423.5,29434.5,688
1789014600,29433.75,29447.25,29431.0,29434.75,892
1789015500,29434.25,29462.5,29432.5,29458.75,1230
1789016400,29459.5,29469.75,29448.5,29461.75,1172
1789017300,29460.5,29493.5,29454.75,29490.25,1711
1789018200,29491.0,29498.5,29481.0,29487.5,1107
1789019100,29487.5,29508.25,29465.0,29484.75,1546
1789020000,29484.0,29492.5,29453.25,29455.5,1752
1789020900,29455.75,29473.0,29435.25,29472.0,2145
1789021800,29473.5,29488.75,29468.5,29479.0,1194
1789022700,29479.75,29491.25,29466.75,29476.25,1153
1789023600,29476.75,29478.25,29450.75,29470.0,1378
1789024500,29471.0,29473.0,29433.0,29435.25,1187
1789025400,29434.75,29445.5,29417.25,29444.75,1630
1789026300,29443.75,29455.5,29436.5,29445.0,1182
1789027200,29443.75,29460.25,29431.0,29432.25,1751
1789028100,29433.5,29453.25,29424.5,29449.5,1166
1789029000,29449.0,29457.0,29413.0,29416.75,1772
1789029900,29417.75,29428.0,29405.25,29414.0,1150
1789030800,29412.5,29431.0,29406.75,29415.5,1023
1789031700,29416.75,29419.75,29392.5,29397.0,986
1789032600,29395.5,29396.0,29359.25,29391.75,2165
1789033500,29390.75,29420.0,29390.75,29406.5,1541
1789034400,29405.75,29418.0,29388.75,29396.5,1181
1789035300,29394.5,29409.75,29385.25,29391.0,1103
1789036200,29391.0,29404.5,29363.5,29392.25,1627
1789037100,29392.0,29423.75,29363.75,29376.0,2770
1789038000,29375.0,29376.0,29326.75,29343.25,3346
1789038900,29343.25,29349.25,29331.5,29336.0,1433
1789039800,29337.5,29364.0,29335.75,29345.75,1684
1789040700,29345.5,29352.5,29262.75,29264.5,4912
1789041600,29264.25,29278.25,29232.75,29258.25,5268
1789042500,29260.0,29262.75,29211.0,29237.5,4927
1789043400,29229.0,29251.75,29082.0,29102.5,18568
1789044300,29103.75,29106.0,29043.25,29056.5,11700
1789045200,29058.0,29098.25,29054.75,29068.75,9849
1789046100,29069.0,29090.25,29043.75,29089.0,9832
1789047000,29089.5,29200.0,29057.5,29138.0,52805
1789047900,29138.25,29203.25,29088.5,29099.75,31742
1789048800,29099.5,29178.75,29097.25,29139.75,26217
1789049700,29139.5,29263.0,29111.0,29205.75,33846
1789050600,29206.25,29275.0,29204.75,29237.25,20410
1789051500,29236.0,29264.75,29210.0,29263.25,16357
1789052400,29263.25,29265.0,29214.0,29243.75,15905
1789053300,29243.25,29256.0,29197.5,29236.0,13370
1789054200,29236.75,29272.75,29217.25,29251.5,12113
1789055100,29251.25,29256.75,29186.0,29205.0,13120
1789056000,29205.0,29231.5,29165.75,29181.25,11228
1789056900,29180.5,29202.0,29161.75,29177.0,8828
1789057800,29176.75,29215.75,29133.75,29208.0,15246
1789058700,29208.25,29242.75,29204.5,29232.5,11689
1789059600,29232.75,29267.5,29212.75,29225.5,10304
1789060500,29225.75,29233.0,29199.5,29209.25,6619
1789061400,29209.0,29214.75,29175.5,29202.5,7966
1789062300,29202.5,29205.25,29183.25,29186.0,5869
1789063200,29186.25,29199.75,29148.25,29159.75,9493
1789064100,29159.75,29180.25,29148.75,29158.5,7333
1789065000,29157.75,29176.25,29146.25,29173.5,5922
1789065900,29173.0,29199.0,29151.0,29174.25,9311
1789066800,29174.25,29176.0,29141.0,29156.5,10062
1789067700,29157.25,29164.5,29136.0,29160.0,6704
1789068600,29158.75,29169.25,29144.25,29158.0,7614
1789069500,29158.0,29168.5,29123.25,29138.0,25539
1789070400,29138.25,29156.75,29123.0,29153.25,7101
1789071300,29153.75,29156.0,29142.25,29144.5,1936
1789072200,29145.5,29153.0,29144.25,29151.5,1115
1789073100,29152.0,29154.5,29128.0,29143.25,1347
1789077600,29141.0,29156.75,29134.5,29143.25,678
1789078500,29144.5,29157.5,29117.25,29118.0,1395
1789079400,29117.25,29122.75,29104.25,29105.5,1317
1789080300,29105.75,29116.25,29098.75,29107.5,1097
1789081200,29106.25,29115.0,29100.0,29109.5,775
1789082100,29110.25,29111.5,29096.75,29102.75,610
1789083000,29103.0,29111.5,29097.75,29106.75,755
1789083900,29105.75,29107.0,29062.5,29064.75,2087
1789084800,29065.0,29127.75,29063.25,29108.5,3516
1789085700,29109.75,29144.75,29095.0,29138.5,2341
1789086600,29138.25,29166.25,29118.0,29123.75,3102
1789087500,29124.5,29163.5,29123.5,29161.0,1308
1789088400,29159.75,29171.5,29146.5,29148.25,1983
1789089300,29149.5,29150.0,29124.75,29125.5,1687
1789090200,29126.5,29138.25,29109.0,29118.5,1674
1789091100,29119.75,29130.0,29103.5,29128.75,1473
1789092000,29129.5,29138.5,29120.75,29131.75,1390
1789092900,29131.25,29132.0,29098.5,29107.25,1841
1789093800,29107.25,29109.25,29082.25,29086.5,1795
1789094700,29086.25,29111.5,29083.25,29093.25,1396
1789095600,29092.0,29096.75,29061.75,29076.0,1704
1789096500,29076.75,29084.0,29062.75,29071.25,1167
1789097400,29071.5,29089.5,29048.5,29085.5,2214
1789098300,29086.5,29088.25,29050.75,29070.0,1509
1789099200,29082.25,29094.75,29055.25,29093.25,3518
1789100100,29093.75,29126.5,29075.75,29123.75,1890
1789101000,29124.25,29140.25,29116.75,29137.0,1403
1789101900,29137.75,29151.5,29120.75,29125.0,1484
1789102800,29124.5,29161.25,29119.5,29158.25,1830
1789103700,29159.0,29165.0,29130.0,29134.0,1271
1789104600,29134.0,29195.25,29133.75,29191.0,2082
1789105500,29191.0,29242.75,29176.5,29233.25,2927
1789106400,29233.0,29248.5,29216.0,29244.25,2304
1789107300,29245.0,29252.0,29222.25,29224.5,1659
1789108200,29225.25,29239.0,29215.5,29228.5,1671
1789109100,29228.5,29261.5,29228.5,29255.0,1685
1789110000,29254.25,29268.75,29249.25,29257.0,1668
1789110900,29258.75,29264.0,29235.75,29235.75,1326
1789111800,29235.75,29247.5,29229.0,29235.25,1158
1789112700,29235.25,29245.75,29225.0,29242.5,1051
1789113600,29242.5,29272.0,29224.5,29244.75,2658
1789114500,29245.0,29318.0,29239.25,29269.75,3568
1789115400,29271.0,29313.75,29270.75,29289.75,1658
1789116300,29291.5,29326.0,29287.0,29322.75,1708
1789117200,29324.25,29334.0,29292.5,29294.25,2034
1789118100,29293.0,29315.25,29289.5,29304.0,1227
1789119000,29304.75,29315.5,29301.75,29308.0,657
1789119900,29307.75,29326.5,29303.75,29319.0,730
1789120800,29319.25,29339.75,29285.25,29326.25,2190
1789121700,29326.5,29329.75,29307.75,29314.25,1087
1789122600,29314.25,29328.75,29309.5,29315.75,901
1789123500,29316.0,29318.25,29305.5,29309.25,898
1789124400,29310.5,29315.0,29289.5,29293.5,1506
1789125300,29294.25,29324.75,29290.25,29312.75,1444
1789126200,29313.0,29332.25,29296.75,29330.25,1820
1789127100,29330.25,29337.5,29319.5,29323.25,1232
1789128000,29324.25,29336.75,29304.0,29323.75,2500
1789128900,29324.25,29399.0,29318.5,29389.75,4695
1789129800,29385.0,29399.5,29204.0,29356.5,18293
1789130700,29357.25,29475.75,29343.0,29469.5,10694
1789131600,29468.75,29500.25,29434.75,29443.5,10463
1789132500,29442.75,29452.25,29414.75,29418.0,7660
1789133400,29417.5,29440.0,29347.25,29433.75,51191
1789134300,29434.0,29480.75,29379.25,29472.75,32010
1789135200,29473.0,29473.25,29365.0,29397.75,32699
1789136100,29397.0,29467.5,29373.25,29451.0,18434
1789137000,29451.25,29455.25,29353.25,29372.0,22399
1789137900,29372.75,29401.0,29334.0,29369.75,24267
1789138800,29370.75,29432.5,29361.0,29393.5,15789
1789139700,29393.75,29493.25,29393.75,29485.0,15916
1789140600,29485.25,29499.75,29462.75,29478.0,11918
1789141500,29478.25,29478.75,29441.25,29450.0,10471
1789142400,29450.25,29485.25,29445.0,29448.0,8772
1789143300,29447.75,29452.25,29397.75,29402.75,11882
1789144200,29402.0,29441.5,29392.0,29432.0,12823
1789145100,29431.25,29437.75,29413.25,29436.75,5784
1789146000,29437.0,29464.75,29435.75,29437.5,9709
1789146900,29438.25,29479.0,29438.0,29463.5,7940
1789147800,29463.25,29478.0,29457.5,29462.25,6671
1789148700,29462.5,29468.5,29447.75,29452.5,4793
1789149600,29452.25,29460.5,29437.5,29441.0,5115
1789150500,29441.5,29446.75,29417.0,29441.5,11453
1789151400,29442.0,29459.0,29432.0,29437.75,5654
1789152300,29438.0,29444.75,29425.75,29429.5,6563
1789153200,29429.5,29433.25,29405.25,29416.0,7377
1789154100,29415.0,29427.5,29411.5,29415.0,6962
1789155000,29414.25,29427.0,29411.5,29424.0,6461
1789155900,29423.75,29428.5,29378.75,29386.5,26741
1789156800,29386.75,29393.0,29376.25,29381.25,7496
1789157700,29381.5,29387.25,29376.5,29384.5,1089
1789158600,29384.75,29396.5,29384.25,29389.25,1488
1789159500,29389.25,29397.5,29383.25,29391.75,1163
