time,open,high,low,close,volume
1782965100,30155.5,30157.0,30149.75,30151.25,0
1782965400,30152.5,30154.5,30127.25,30127.5,417
1782965700,30127.5,30134.25,30116.25,30116.25,464
1782966000,30117.0,30122.0,30102.75,30120.25,457
1782966300,30120.0,30141.75,30116.75,30135.5,355
1782966600,30134.5,30135.75,30094.5,30099.0,465
1782966900,30099.75,30100.75,30074.5,30079.75,671
1782967200,30080.0,30081.25,30064.25,30068.75,571
1782967500,30066.0,30089.0,30050.0,30074.75,672
1782967800,30074.75,30105.0,30073.5,30103.5,598
1782968100,30105.25,30122.25,30101.0,30111.25,401
1782968400,30114.0,30132.5,30094.25,30128.25,725
1782968700,30130.5,30151.5,30129.25,30150.75,492
1782969000,30148.0,30154.25,30138.5,30145.5,474
1782969300,30145.5,30159.75,30136.25,30147.5,515
1782969600,30148.5,30157.5,30143.0,30150.25,284
1782969900,30144.5,30144.5,30112.75,30115.5,521
1782970200,30115.75,30116.75,30085.5,30087.5,658
1782970500,30088.25,30090.5,30052.0,30053.75,713
1782970800,30053.5,30074.25,30047.0,30053.5,826
1782971100,30053.75,30065.75,30037.25,30045.0,490
1782971400,30046.0,30073.0,30046.0,30053.0,637
1782971700,30054.5,30070.5,30048.25,30051.0,629
1782972000,30052.0,30066.0,30014.5,30018.0,943
1782972300,30019.25,30029.0,29988.5,29994.0,1066
1782972600,29995.0,29997.25,29954.5,29954.5,977
1782972900,29954.0,29986.25,29947.0,29981.5,1253
1782973200,29979.5,29995.0,29967.0,29970.75,509
1782973500,29970.75,29989.25,29950.75,29952.75,667
1782973800,29953.75,30005.0,29953.75,29998.25,728
1782974100,29999.0,30007.5,29983.5,29990.5,472
1782974400,29989.5,29993.75,29963.25,29971.75,404
1782974700,29975.0,29978.0,29913.25,29918.0,1721
1782975000,29916.5,29926.0,29895.0,29916.75,1291
1782975300,29917.0,29947.25,29916.0,29919.75,863
1782975600,29921.25,29937.5,29900.5,29912.5,1076
1782975900,29915.0,29915.25,29879.5,29881.75,1034
1782976200,29882.75,29899.5,29832.25,29833.0,1493
1782976500,29836.75,29872.75,29826.25,29845.25,1193
1782976800,29844.25,29862.5,29831.25,29851.5,634
1782977100,29847.5,29867.75,29826.5,29863.75,633
1782977400,29866.0,29887.0,29858.75,29886.0,1135
1782977700,29886.25,29896.5,29872.25,29895.25,640
1782978000,29895.0,29943.5,29895.0,29939.5,965
1782978300,29939.75,29944.5,29921.75,29934.5,665
1782978600,29931.25,29942.25,29905.25,29910.0,738
1782978900,29906.5,29909.75,29884.5,29891.25,485
1782979200,29893.5,29910.5,29865.25,29905.25,1048
1782979500,29905.25,29927.0,29861.0,29877.25,894
1782979800,29878.5,29880.0,29827.25,29841.0,760
1782980100,29844.25,29891.0,29839.25,29889.5,745
1782980400,29889.5,29917.25,29881.25,29910.0,459
1782980700,29909.5,29941.75,29908.0,29926.25,570
1782981000,29924.5,29991.0,29916.25,29989.0,1615
1782981300,29987.5,30014.5,29984.25,29999.5,1020
1782981600,29997.5,29999.5,29976.5,29980.75,554
1782981900,29982.0,30001.75,29970.25,30000.25,516
1782982200,30001.75,30027.0,29997.0,30011.25,798
1782982500,30010.25,30038.25,30006.25,30033.0,751
1782982800,30032.75,30033.5,29988.5,29990.25,767
1782983100,29988.75,29992.0,29961.0,29968.0,574
1782983400,29969.5,29988.75,29967.0,29984.0,511
1782983700,29984.5,29985.0,29962.25,29962.25,354
1782984000,29961.75,29983.25,29953.25,29956.25,609
1782984300,29956.5,29987.25,29943.5,29983.25,742
1782984600,29982.5,30011.5,29978.0,29994.75,984
1782984900,29994.75,30015.0,29988.0,30005.75,459
1782985200,30003.75,30010.75,29995.0,29998.75,333
1782985500,29998.25,29998.25,29965.75,29990.0,442
1782985800,29989.5,29996.5,29975.75,29981.25,191
1782986100,29979.25,29979.5,29952.0,29957.75,429
1782986400,29959.5,29959.75,29920.0,29927.0,813
1782986700,29926.75,29956.75,29924.0,29941.5,566
1782987000,29939.75,29949.5,29931.75,29934.5,249
1782987300,29932.0,29949.25,29924.25,29949.25,311
1782987600,29948.5,29950.5,29930.75,29940.25,287
1782987900,29941.0,29961.25,29935.0,29948.0,403
1782988200,29948.0,29993.5,29948.0,29982.0,738
1782988500,29984.0,30005.5,29973.75,29999.25,1029
1782988800,29998.0,30005.5,29977.75,29978.5,372
1782989100,29979.25,29988.5,29972.0,29979.75,419
1782989400,29981.0,29994.25,29973.5,29990.75,193
1782989700,29991.5,30008.5,29982.25,30005.75,491
1782990000,30005.25,30021.5,29978.5,29981.25,1378
1782990300,29980.0,29986.0,29967.5,29983.25,738
1782990600,29983.25,30010.5,29983.25,30007.0,619
1782990900,30005.75,30011.25,29967.0,29984.5,625
1782991200,29984.5,30008.75,29973.0,30003.75,436
1782991500,30004.0,30014.0,30000.75,30005.75,563
1782991800,30006.0,30012.0,29990.75,29995.25,556
1782992100,29993.5,30036.75,29992.75,30036.25,653
1782992400,30036.25,30064.75,30014.75,30057.5,1268
1782992700,30058.0,30076.25,30054.75,30059.0,1105
1782993000,30059.0,30079.0,30040.0,30041.0,1151
1782993300,30040.75,30053.5,30034.0,30034.25,552
1782993600,30035.25,30085.0,30022.25,30080.0,1027
1782993900,30080.75,30116.25,30072.75,30106.25,1281
1782994200,30106.25,30140.75,30100.0,30131.25,1159
1782994500,30131.75,30161.25,30128.5,30139.75,1290
1782994800,30141.0,30159.0,30127.25,30157.5,1007
1782995100,30158.5,30190.25,30134.5,30182.75,1467
1782995400,30183.0,30281.75,30175.0,30275.5,5735
1782995700,30274.25,30320.0,30265.75,30281.75,4371
1782996000,30280.75,30293.5,30240.75,30241.5,2625
1782996300,30242.5,30265.25,30238.0,30246.5,1900
1782996600,30244.5,30262.0,30201.75,30205.75,1942
1782996900,30206.0,30209.0,30155.0,30182.75,2747
1782997200,30185.0,30215.0,30135.0,30181.75,3484
1782997500,30180.0,30182.25,30118.0,30127.75,2098
1782997800,30128.25,30162.0,30123.25,30142.0,1892
1782998100,30141.5,30175.0,30133.75,30168.5,1644
1782998400,30169.25,30184.0,30160.25,30163.0,1590
1782998700,30165.0,30175.0,30073.5,30074.5,4299
1782999000,30075.75,30138.25,30007.75,30135.25,15535
1782999300,30133.5,30161.0,30028.0,30054.75,11837
1782999600,30054.75,30188.75,30052.25,30124.25,10851
1782999900,30127.0,30205.0,30102.0,30178.75,8316
1783000200,30179.25,30260.5,30158.75,30233.25,9964
1783000500,30234.0,30263.0,30192.0,30257.5,5986
1783000800,30257.75,30293.5,30228.0,30259.75,6472
1783001100,30259.5,30261.0,30167.75,30182.25,7014
1783001400,30182.5,30253.75,30131.5,30215.5,7593
1783001700,30216.25,30226.5,30108.75,30156.0,8818
1783002000,30155.5,30169.5,30074.0,30079.75,8773
1783002300,30080.0,30094.75,29910.75,29935.0,12520
1783002600,29935.0,30006.25,29888.0,29903.0,11735
1783002900,29902.0,29986.25,29877.5,29923.25,9576
1783003200,29924.0,29933.0,29777.0,29809.5,12288
1783003500,29810.0,29868.25,29754.25,29825.75,10091
1783003800,29825.25,29852.5,29730.75,29767.0,7362
1783004100,29767.5,29843.25,29760.0,29840.25,6240
1783004400,29840.25,29852.0,29712.5,29715.0,7337
1783004700,29715.5,29745.0,29629.0,29704.25,9889
1783005000,29704.5,29778.0,29683.5,29716.5,5885
1783005300,29718.75,29743.0,29622.0,29639.5,7267
1783005600,29640.25,29722.5,29610.75,29721.0,6730
1783005900,29721.0,29748.25,29669.0,29672.5,5652
1783006200,29671.0,29766.75,29667.75,29756.75,5093
1783006500,29757.5,29817.25,29746.0,29782.0,5815
1783006800,29782.0,29815.5,29710.0,29711.75,4908
1783007100,29710.0,29747.75,29691.25,29701.25,4305
1783007400,29700.5,29712.0,29645.0,29678.0,5057
1783007700,29678.25,29695.25,29636.25,29676.0,4746
1783008000,29676.75,29688.25,29595.25,29634.0,6383
1783008300,29633.25,29653.0,29585.0,29598.75,4231
1783008600,29599.25,29661.75,29590.5,29646.75,4731
1783008900,29649.25,29653.25,29590.25,29594.75,3900
1783009200,29593.0,29598.5,29549.25,29556.75,5067
1783009500,29555.0,29596.0,29548.0,29558.75,4312
1783009800,29559.0,29563.25,29497.5,29499.75,6693
1783010100,29499.5,29514.0,29453.25,29486.25,7134
1783010400,29486.5,29547.25,29483.25,29539.0,6266
1783010700,29537.0,29542.5,29501.5,29507.0,3593
1783011000,29507.5,29534.5,29478.0,29500.25,4022
1783011300,29501.0,29501.75,29434.0,29462.25,5456
1783011600,29461.0,29469.5,29391.0,29411.0,6348
1783011900,29410.0,29482.5,29387.5,29447.5,6090
1783012200,29447.75,29468.0,29424.0,29454.0,3566
1783012500,29453.75,29482.25,29432.25,29437.0,4080
1783012800,29437.0,29482.75,29427.25,29443.25,3313
1783013100,29442.5,29454.0,29421.75,29447.5,2523
1783013400,29447.75,29473.25,29427.5,29427.75,3312
1783013700,29427.25,29438.0,29372.75,29380.25,4395
1783014000,29379.5,29418.5,29355.75,29404.75,4080
1783014300,29405.5,29408.5,29342.5,29362.0,3951
1783014600,29362.75,29397.5,29345.0,29389.75,3249
1783014900,29389.75,29397.25,29328.5,29338.5,3252
1783015200,29339.5,29384.0,29330.5,29382.75,3877
1783015500,29382.0,29481.0,29378.25,29478.0,6241
1783015800,29478.25,29503.25,29450.5,29459.25,5205
1783016100,29460.75,29470.25,29409.75,29425.5,4190
1783016400,29425.25,29460.25,29422.25,29450.25,2994
1783016700,29450.25,29489.25,29437.75,29488.0,3496
1783017000,29487.75,29525.0,29470.5,29481.5,4418
1783017300,29481.5,29505.75,29464.25,29491.75,2971
1783017600,29492.25,29501.0,29469.75,29481.0,2340
1783017900,29480.75,29500.75,29439.25,29493.75,3992
1783018200,29494.5,29528.0,29480.0,29483.75,3850
1783018500,29484.5,29498.75,29455.25,29489.0,3420
1783018800,29488.75,29503.25,29398.5,29402.75,4835
1783019100,29403.5,29427.0,29381.5,29397.25,4602
1783019400,29398.75,29425.25,29381.75,29413.0,2650
1783019700,29412.5,29422.75,29380.75,29394.75,2525
1783020000,29395.25,29401.5,29354.75,29362.5,2946
1783020300,29363.0,29445.0,29349.5,29421.75,4607
1783020600,29422.5,29468.75,29412.0,29461.0,4506
1783020900,29462.0,29475.5,29426.0,29458.25,3698
1783021200,29458.5,29463.5,29429.5,29454.25,2949
1783021500,29454.5,29461.5,29432.0,29449.75,3505
1783021800,29451.25,29535.0,29451.25,29533.5,8174
1783022100,29533.25,29588.0,29508.5,29539.5,17923
1783022400,29539.25,29553.0,29524.75,29533.0,7021
1783022700,29533.5,29548.75,29514.0,29541.0,3011
1783023000,29540.0,29552.75,29524.75,29545.5,1788
1783023300,29546.25,29561.75,29539.75,29541.25,1693
1783023600,29541.5,29546.5,29533.0,29536.75,852
1783023900,29536.75,29557.5,29535.75,29548.0,772
1783024200,29549.5,29557.25,29539.0,29557.0,950
1783024500,29556.75,29564.75,29545.5,29552.0,593
1783024800,29552.25,29554.5,29537.75,29541.75,475
1783025100,29542.25,29558.5,29542.0,29553.75,627
1783025400,29554.0,29558.0,29553.25,29556.5,408
1783025700,29557.0,29558.75,29536.25,29551.75,806
1783029600,29566.0,29589.0,29566.0,29577.75,0
1783029900,29574.75,29591.5,29559.25,29584.5,422
1783030200,29584.75,29589.75,29575.0,29580.25,142
1783030500,29581.0,29595.75,29581.0,29588.0,322
1783030800,29587.25,29598.0,29584.25,29592.25,199
1783031100,29592.0,29593.25,29576.75,29578.5,246
1783031400,29578.25,29599.5,29568.0,29596.25,425
1783031700,29595.75,29620.0,29590.5,29615.75,607
1783032000,29614.5,29621.5,29609.25,29620.5,164
1783032300,29620.5,29621.25,29612.0,29615.5,143
1783032600,29614.0,29615.25,29609.5,29614.75,126
1783032900,29615.5,29622.25,29614.0,29618.75,175
1783033200,29615.75,29617.25,29595.0,29598.75,354
1783033500,29599.5,29602.75,29576.5,29583.5,452
1783033800,29583.5,29589.25,29553.75,29558.5,571
1783034100,29560.5,29581.25,29552.0,29559.5,579
1783034400,29560.25,29602.5,29557.0,29595.75,613
1783034700,29594.75,29608.0,29591.5,29602.0,324
1783035000,29600.0,29618.75,29580.25,29613.5,620
1783035300,29613.75,29616.75,29575.5,29582.5,341
1783035600,29582.5,29592.0,29571.25,29571.25,228
1783035900,29573.0,29610.5,29565.5,29598.5,438
1783036200,29596.75,29604.0,29574.75,29600.5,278
1783036500,29599.25,29603.75,29592.5,29600.5,139
1783036800,29598.75,29638.75,29567.5,29591.0,1113
1783037100,29589.0,29597.5,29552.0,29552.25,671
1783037400,29552.25,29618.0,29541.0,29617.0,791
1783037700,29615.0,29621.25,29570.0,29589.25,770
1783038000,29591.75,29610.0,29576.5,29586.25,269
1783038300,29590.25,29596.5,29558.0,29561.5,403
1783038600,29561.25,29564.0,29534.0,29541.0,572
1783038900,29536.25,29601.5,29534.75,29571.5,545
1783039200,29570.5,29576.0,29541.0,29554.5,346
1783039500,29552.75,29568.5,29532.0,29564.5,335
1783039800,29564.5,29572.25,29532.5,29547.25,426
1783040100,29545.25,29551.0,29522.0,29536.5,459
1783040400,29539.5,29625.75,29535.25,29623.25,604
1783040700,29622.5,29697.5,29617.0,29686.75,1800
1783041000,29685.75,29686.0,29657.0,29673.0,564
1783041300,29673.5,29680.0,29646.5,29660.0,505
1783041600,29662.0,29680.5,29658.0,29672.0,354
1783041900,29666.25,29672.0,29652.25,29655.0,249
1783042200,29655.0,29670.75,29643.25,29664.75,330
1783042500,29666.25,29673.0,29647.5,29662.5,210
1783042800,29664.0,29683.25,29661.0,29675.0,584
1783043100,29675.75,29690.5,29659.75,29684.0,616
1783043400,29686.0,29695.25,29666.75,29695.25,594
1783043700,29694.25,29699.5,29678.75,29682.5,430
1783044000,29684.75,29695.25,29680.5,29691.5,246
1783044300,29685.25,29716.5,29685.0,29715.0,581
1783044600,29714.25,29715.75,29688.75,29695.0,380
1783044900,29695.5,29714.0,29693.5,29703.75,240
1783045200,29705.5,29720.0,29703.0,29717.75,265
1783045500,29718.75,29732.0,29717.75,29729.75,398
1783045800,29728.0,29732.0,29716.0,29721.75,310
1783046100,29720.0,29722.0,29707.25,29712.5,358
1783046400,29713.0,29724.25,29706.25,29723.75,212
1783046700,29725.5,29741.75,29724.75,29741.75,376
1783047000,29740.5,29748.5,29733.0,29742.5,368
1783047300,29744.25,29755.75,29736.25,29750.75,315
1783047600,29749.75,29752.25,29739.75,29747.25,335
1783047900,29747.0,29755.25,29735.75,29742.25,370
1783048200,29741.75,29746.5,29730.75,29746.25,215
1783048500,29746.75,29756.25,29745.0,29752.0,207
1783048800,29750.5,29758.0,29745.75,29746.0,154
1783049100,29745.0,29761.75,29742.0,29761.0,213
1783049400,29760.75,29775.25,29753.25,29755.25,433
1783049700,29758.5,29759.75,29735.25,29736.0,311
1783050000,29735.75,29739.0,29720.0,29723.0,404
1783050300,29722.5,29751.5,29717.75,29751.0,417
1783050600,29750.75,29754.75,29741.75,29745.75,271
1783050900,29745.5,29769.75,29744.25,29768.0,300
1783288800,29930.25,29979.5,29877.5,29889.0,1723
1783289100,29889.0,29901.75,29860.75,29879.5,1198
1783289400,29881.75,29902.0,29874.5,29901.5,490
1783289700,29899.5,29921.0,29890.0,29903.25,770
1783290000,29905.25,29948.75,29902.25,29937.0,946
1783290300,29937.0,29944.25,29901.75,29936.0,306
1783290600,29936.75,29959.25,29901.75,29952.25,531
1783290900,29953.25,29971.75,29940.0,29963.25,774
1783291200,29960.75,29973.25,29957.75,29971.0,527
1783291500,29969.75,29979.0,29901.75,29968.5,485
1783291800,29968.25,29968.25,29901.75,29901.75,490
1783292100,29958.75,29962.5,29941.5,29946.0,416
1783292400,29946.5,29961.25,29933.5,29951.5,657
1783292700,29952.25,29960.25,29944.75,29946.75,222
1783293000,29945.75,30008.25,29901.75,29990.25,1756
1783293300,29988.0,30003.75,29901.75,29989.75,535
1783293600,29991.75,29992.0,29979.25,29980.75,216
1783293900,29981.0,29995.5,29975.75,29985.25,337
1783294200,29983.5,30011.25,29974.0,30002.75,632
1783294500,30002.75,30004.0,29901.75,29982.5,369
1783294800,29984.25,29988.25,29901.75,29976.0,359
1783295100,29974.5,29997.25,29963.75,29991.5,570
1783295400,29988.75,30005.75,29986.75,29991.75,485
1783295700,29991.75,29992.5,29964.75,29983.75,566
1783296000,29987.75,29988.75,29900.0,29948.5,1937
1783296300,29950.25,29971.5,29901.75,29967.0,876
1783296600,29964.25,29982.75,29946.0,29982.75,680
1783296900,29982.5,30004.75,29976.5,29979.5,884
1783297200,29980.5,29985.75,29950.0,29957.25,653
1783297500,29961.5,29964.5,29879.75,29882.75,1229
1783297800,29882.25,29909.0,29845.0,29898.0,1754
1783298100,29898.0,29928.5,29882.25,29917.0,673
1783298400,29918.5,29944.5,29908.0,29933.75,750
1783298700,29937.5,29969.75,29937.5,29945.75,751
1783299000,29944.5,29944.5,29901.75,29936.25,710
1783299300,29937.5,29951.5,29901.75,29928.25,757
1783299600,29926.5,29932.0,29892.5,29894.5,815
1783299900,29893.25,29905.5,29875.0,29904.25,836
1783300200,29904.0,29908.0,29867.25,29880.0,786
1783300500,29879.75,29901.75,29858.25,29886.0,802
1783300800,29886.0,29901.75,29824.0,29828.25,1151
1783301100,29828.25,29834.5,29773.75,29814.25,1784
1783301400,29813.25,29844.5,29807.0,29840.0,799
1783301700,29840.75,29842.25,29819.25,29837.75,569
1783302000,29838.25,29901.75,29814.25,29817.25,747
1783302300,29816.25,29901.75,29770.0,29771.75,1006
1783302600,29773.75,29781.75,29755.0,29759.75,1046
1783302900,29758.75,29795.25,29750.0,29792.75,1020
1783303200,29793.25,29818.75,29784.5,29817.5,1383
1783303500,29816.0,29901.75,29782.75,29793.75,675
1783303800,29795.25,29901.75,29754.5,29759.5,753
1783304100,29761.25,29780.0,29746.5,29756.75,1136
1783304400,29755.0,29791.75,29751.0,29778.5,512
1783304700,29780.0,29781.25,29735.0,29736.25,1025
1783305000,29737.0,29901.75,29723.25,29739.0,813
1783305300,29740.25,29901.75,29721.25,29723.75,620
1783305600,29725.0,29726.0,29693.5,29699.25,1064
1783305900,29700.5,29719.0,29696.75,29708.75,516
1783306200,29706.5,29716.0,29683.0,29714.25,706
1783306500,29716.0,29901.75,29697.5,29725.25,850
1783306800,29726.5,29901.75,29716.75,29756.0,1091
1783307100,29753.5,29761.5,29746.5,29760.0,450
1783307400,29761.25,29785.5,29747.75,29771.0,965
1783307700,29772.0,29790.5,29758.5,29762.0,541
1783308000,29762.5,29901.75,29748.0,29771.25,473
1783308300,29773.0,29901.75,29768.5,29788.0,357
1783308600,29789.5,29801.0,29772.5,29800.25,776
1783308900,29799.5,29806.5,29785.5,29787.5,600
1783309200,29786.75,29790.25,29738.0,29740.5,801
1783309500,29740.25,29901.75,29715.0,29717.5,695
1783309800,29719.25,29901.75,29693.25,29701.75,1308
1783310100,29703.0,29720.0,29696.0,29718.75,375
1783310400,29730.25,29738.5,29703.0,29732.5,839
1783310700,29733.25,29745.25,29716.75,29720.25,632
1783311000,29720.25,29778.0,29720.0,29774.75,698
1783311300,29771.5,29794.0,29769.0,29792.25,570
1783311600,29790.5,29798.75,29778.0,29793.0,498
1783311900,29794.25,29801.0,29780.0,29794.75,406
1783312200,29795.5,29814.5,29788.5,29792.0,448
1783312500,29791.25,29822.25,29791.0,29818.25,429
1783312800,29816.5,29836.0,29807.0,29828.5,576
1783313100,29826.75,29831.75,29815.75,29819.5,280
1783313400,29817.75,29831.75,29813.0,29829.75,362
1783313700,29830.25,29840.5,29820.25,29828.25,335
1783314000,29829.5,29830.5,29792.75,29795.25,401
1783314300,29800.0,29821.75,29796.75,29801.5,368
1783314600,29802.25,29823.25,29799.0,29807.25,216
1783314900,29809.25,29818.5,29802.5,29812.75,171
1783315200,29812.5,29812.5,29781.75,29784.75,494
1783315500,29782.75,29794.75,29767.75,29769.5,379
1783315800,29770.0,29770.0,29752.5,29756.0,371
1783316100,29755.25,29782.5,29755.0,29774.25,351
1783316400,29775.5,29799.0,29773.0,29788.25,473
1783316700,29789.5,29791.0,29766.25,29772.0,298
1783317000,29771.25,29801.0,29770.0,29796.5,265
1783317300,29793.75,29801.5,29789.0,29790.5,242
1783317600,29791.5,29807.5,29786.5,29790.75,433
1783317900,29793.25,29797.25,29768.75,29769.0,356
1783318200,29768.25,29771.0,29754.75,29759.75,300
1783318500,29760.75,29770.0,29756.75,29761.75,297
1783318800,29759.25,29778.5,29755.25,29773.5,272
1783319100,29775.75,29797.0,29772.25,29790.5,302
1783319400,29789.0,29818.0,29784.5,29818.0,587
1783319700,29817.25,29845.0,29817.0,29840.75,895
1783320000,29841.5,29858.25,29840.25,29854.5,685
1783320300,29855.0,29855.0,29832.5,29848.0,466
1783320600,29848.25,29855.5,29838.75,29843.25,287
1783320900,29844.5,29853.0,29839.5,29847.25,277
1783321200,29846.25,29852.75,29829.75,29848.75,392
1783321500,29851.0,29861.25,29843.25,29850.0,391
1783321800,29849.75,29862.75,29841.0,29848.0,423
1783322100,29850.5,29863.75,29848.0,29859.75,297
1783322400,29860.25,29860.25,29832.25,29836.0,313
1783322700,29836.5,29839.75,29817.75,29820.25,314
1783323000,29822.0,29848.5,29816.25,29845.5,353
1783323300,29847.75,29850.75,29833.75,29839.25,169
1783323600,29837.0,29876.25,29837.0,29872.75,324
1783323900,29870.5,29875.25,29866.25,29870.75,197
1783324200,29871.0,29871.5,29856.25,29858.25,199
1783324500,29859.75,29863.25,29851.25,29852.5,210
1783324800,29852.75,29880.0,29845.75,29861.5,648
1783325100,29864.0,29884.0,29861.75,29870.0,470
1783325400,29868.25,29873.0,29803.5,29821.75,746
1783325700,29824.25,29825.0,29780.0,29815.5,607
1783326000,29815.0,29827.75,29806.5,29824.75,336
1783326300,29825.75,29833.25,29821.0,29833.25,197
1783326600,29831.0,29833.5,29813.5,29815.5,343
1783326900,29817.5,29827.75,29807.75,29826.75,226
1783327200,29827.75,29853.0,29825.5,29843.25,370
1783327500,29845.75,29850.5,29838.5,29844.75,240
1783327800,29845.75,29856.0,29839.5,29851.75,262
1783328100,29852.25,29870.75,29848.0,29867.0,223
1783328400,29869.75,29871.25,29851.0,29857.5,363
1783328700,29856.0,29875.0,29853.75,29861.75,284
1783329000,29861.25,29861.25,29844.0,29853.75,305
1783329300,29853.75,29869.0,29852.25,29856.5,246
1783329600,29856.5,29862.5,29850.0,29858.25,152
1783329900,29856.5,29869.75,29855.5,29863.5,208
1783330200,29864.75,29867.0,29839.0,29848.0,249
1783330500,29849.25,29864.5,29849.0,29857.75,201
1783330800,29859.0,29866.0,29849.75,29849.75,141
1783331100,29849.75,29852.25,29827.5,29833.5,325
1783331400,29834.75,29885.5,29831.75,29883.25,679
1783331700,29884.0,29888.5,29874.5,29877.0,289
1783332000,29878.0,29891.5,29863.5,29867.5,497
1783332300,29865.25,29873.25,29854.0,29857.75,265
1783332600,29861.5,29878.75,29852.25,29878.5,236
1783332900,29878.5,29884.75,29870.5,29879.25,245
1783333200,29879.5,29883.25,29868.0,29868.0,166
1783333500,29868.5,29871.0,29860.75,29864.75,217
1783333800,29864.0,29880.0,29857.5,29878.0,284
1783334100,29878.5,29884.0,29869.0,29882.0,185
1783334400,29880.5,29885.0,29854.25,29857.0,252
1783334700,29856.0,29861.5,29847.25,29858.25,313
1783335000,29855.75,29868.75,29855.0,29865.0,200
1783335300,29867.5,29884.5,29864.75,29884.5,231
1783335600,29884.25,29896.0,29850.5,29851.25,704
1783335900,29852.0,29862.0,29841.75,29851.5,398
1783336200,29851.25,29859.75,29845.75,29857.75,335
1783336500,29858.25,29875.0,29854.75,29872.25,346
1783336800,29873.5,29891.75,29867.75,29870.0,506
1783337100,29871.0,29890.5,29869.5,29880.75,371
1783337400,29879.5,29897.5,29875.0,29894.0,424
1783337700,29894.25,29895.5,29877.5,29881.0,460
1783338000,29881.0,29884.5,29871.0,29882.75,362
1783338300,29883.25,29898.75,29882.5,29893.5,490
1783338600,29897.25,29897.75,29886.75,29896.75,491
1783338900,29896.0,29915.0,29876.25,29877.75,958
1783339200,29879.0,29916.0,29865.5,29909.25,1443
1783339500,29910.5,29929.25,29896.0,29926.5,662
1783339800,29927.0,29936.0,29922.25,29931.5,829
1783340100,29932.25,29936.0,29914.5,29928.0,714
1783340400,29928.0,29929.5,29878.5,29882.25,974
1783340700,29880.5,29896.0,29876.25,29893.25,814
1783341000,29893.5,29909.5,29886.75,29895.5,694
1783341300,29896.25,29924.5,29893.25,29915.5,813
1783341600,29914.75,29916.25,29892.5,29900.5,663
1783341900,29900.5,29910.75,29898.75,29906.5,378
1783342200,29907.75,29932.5,29902.25,29932.5,645
1783342500,29932.5,29935.0,29922.75,29934.0,650
1783342800,29934.75,29938.0,29890.5,29900.75,1813
1783343100,29901.0,29903.75,29889.0,29889.5,799
1783343400,29889.5,29893.25,29855.25,29858.0,1297
1783343700,29859.25,29865.0,29828.5,29841.5,1967
1783344000,29841.5,29850.75,29833.75,29838.0,1580
1783344300,29839.25,29858.5,29820.25,29834.75,2779
1783344600,29835.75,29939.25,29776.25,29926.5,13906
1783344900,29925.75,29928.25,29786.0,29896.75,10792
1783345200,29896.75,29925.0,29845.75,29921.5,8037
1783345500,29917.0,29967.25,29896.0,29952.0,10187
1783345800,29953.0,30009.0,29921.0,29970.5,10344
1783346100,29971.25,29988.25,29915.0,29932.5,5933
1783346400,29935.5,29977.75,29903.25,29930.5,6978
1783346700,29929.25,30004.75,29914.0,29993.0,6197
1783347000,29992.75,30027.75,29972.0,30021.75,6365
1783347300,30021.75,30042.5,29999.0,30007.5,6224
1783347600,30007.75,30041.75,29986.75,30014.0,5475
1783347900,30016.0,30033.25,29992.25,30012.75,3851
1783348200,30013.25,30057.25,30001.25,30044.5,5205
1783348500,30044.5,30052.5,30016.5,30027.25,3966
1783348800,30027.75,30051.25,29988.0,30037.75,5118
1783349100,30037.5,30055.75,30022.25,30042.5,3458
1783349400,30043.5,30067.5,30015.5,30022.0,5022
1783349700,30021.5,30030.0,29986.75,30025.25,4630
1783350000,30025.75,30044.0,29997.5,30026.25,4074
1783350300,30027.25,30035.0,29987.0,30010.0,3468
1783350600,30008.75,30019.5,29959.0,29984.0,4839
1783350900,29984.0,29985.0,29941.25,29977.75,4843
1783351200,29978.0,30008.5,29963.75,30006.5,3692
1783351500,30005.75,30062.75,30001.5,30061.0,4786
1783351800,30061.0,30073.0,30044.75,30049.25,4786
1783352100,30049.75,30066.0,30031.5,30054.75,3291
1783352400,30055.0,30079.0,30045.0,30070.0,3214
1783352700,30070.25,30079.75,30061.25,30075.75,2247
1783353000,30075.75,30083.75,30049.25,30049.75,2821
1783353300,30050.0,30082.75,30049.75,30074.25,2599
1783353600,30074.0,30075.75,30053.5,30057.5,2149
1783353900,30058.0,30090.0,30054.75,30076.5,2649
1783354200,30076.75,30094.0,30069.5,30070.5,3066
1783354500,30071.25,30078.25,30052.25,30067.75,2043
1783354800,30066.5,30075.5,30038.5,30046.75,2895
1783355100,30045.75,30048.0,30024.75,30032.25,2650
1783355400,30033.75,30044.25,30018.25,30032.5,2889
1783355700,30033.25,30034.0,30002.75,30019.25,3001
1783356000,30019.5,30034.0,30014.0,30016.5,2117
1783356300,30017.25,30035.0,30002.25,30034.0,2307
1783356600,30034.25,30038.5,29995.5,29996.5,2667
1783356900,29997.25,30007.25,29981.0,29990.0,3068
1783357200,29989.0,30003.75,29975.25,29994.75,3142
1783357500,29994.5,30032.25,29991.5,30029.5,2845
1783357800,30028.5,30036.75,30009.75,30019.0,2175
1783358100,30019.25,30032.0,29993.0,29999.75,2583
1783358400,29999.75,30002.25,29963.5,29979.5,3013
1783358700,29979.25,29996.75,29948.0,29954.75,3152
1783359000,29955.5,29960.5,29919.75,29933.25,4746
1783359300,29933.75,29939.75,29913.0,29922.25,3647
1783359600,29921.25,29921.25,29882.25,29904.75,4582
1783359900,29904.5,29931.5,29882.75,29919.25,4122
1783360200,29919.5,29936.0,29900.0,29903.25,2991
1783360500,29904.0,29909.5,29886.5,29896.75,2483
1783360800,29896.25,29933.75,29895.5,29924.25,3974
1783361100,29924.25,29967.5,29923.75,29961.25,3740
1783361400,29961.75,29967.5,29945.5,29949.25,2264
1783361700,29950.0,29994.75,29950.0,29983.5,4279
1783362000,29983.75,29991.5,29971.25,29989.25,2190
1783362300,29989.25,30000.0,29967.0,29971.75,2435
1783362600,29971.75,29978.5,29949.25,29949.25,2435
1783362900,29950.0,29977.75,29948.5,29958.25,2528
1783363200,29958.25,29984.25,29957.75,29978.0,2238
1783363500,29978.0,30003.0,29973.75,29987.25,2488
1783363800,29987.0,29995.0,29976.75,29989.5,1612
1783364100,29989.0,30004.0,29980.0,29990.0,1954
1783364400,29990.75,30009.25,29980.75,29989.0,2816
1783364700,29989.0,30008.5,29987.0,30006.0,2064
1783365000,30006.75,30025.0,30003.5,30011.25,2730
1783365300,30011.5,30036.0,30004.5,30033.5,3010
1783365600,30033.5,30052.0,30027.0,30047.75,2293
1783365900,30047.75,30052.0,30032.0,30035.5,2338
1783366200,30035.75,30038.0,30002.25,30026.75,3939
1783366500,30026.5,30033.0,30000.25,30003.0,3028
1783366800,30002.75,30030.0,29996.25,30024.0,2687
1783367100,30023.75,30036.25,30018.75,30024.0,2738
1783367400,30023.25,30028.0,29964.25,29965.0,7510
1783367700,29965.0,29980.75,29931.5,29951.0,16020
1783368000,29950.75,29964.75,29933.0,29948.75,6289
1783368300,29949.75,29972.75,29944.25,29962.5,1724
1783368600,29962.25,29967.75,29951.75,29964.0,1039
1783368900,29963.25,29970.0,29960.75,29962.75,576
1783369200,29962.75,29963.0,29955.0,29957.5,434
1783369500,29957.25,29959.5,29950.5,29959.5,995
1783369800,29960.0,29965.5,29955.5,29960.0,520
1783370100,29958.75,29959.0,29952.5,29957.25,437
1783370400,29956.5,29959.0,29954.5,29955.75,375
1783370700,29955.25,29958.0,29940.25,29940.5,753
1783371000,29940.5,29942.0,29931.25,29941.0,533
1783371300,29941.0,29959.25,29937.75,29947.75,582
1783375200,29960.0,29970.0,29944.75,29964.0,0
1783375500,29963.0,29963.0,29940.25,29948.5,515
1783375800,29950.25,29968.5,29948.5,29964.25,334
1783376100,29966.5,29972.0,29960.5,29969.0,292
1783376400,29969.25,29973.75,29966.5,29967.0,158
1783376700,29966.25,29968.0,29950.75,29951.75,389
1783377000,29951.25,29963.75,29942.75,29954.75,518
1783377300,29955.75,29960.75,29949.5,29957.0,260
1783377600,29958.5,29970.0,29946.25,29950.0,365
1783377900,29949.75,29950.25,29912.25,29920.5,867
1783378200,29920.75,29925.0,29904.75,29907.75,376
1783378500,29909.25,29910.0,29889.0,29894.75,635
1783378800,29893.5,29928.75,29891.75,29920.25,588
1783379100,29921.5,29927.75,29904.75,29911.0,365
1783379400,29910.5,29918.5,29903.75,29907.0,246
1783379700,29906.0,29906.0,29875.5,29877.25,631
1783380000,29877.25,29900.0,29872.75,29896.0,467
1783380300,29895.25,29906.5,29890.5,29898.25,427
1783380600,29897.75,29906.0,29882.5,29883.0,466
1783380900,29884.5,29892.0,29879.0,29881.25,289
1783381200,29880.25,29882.75,29864.75,29874.75,639
1783381500,29874.75,29875.5,29851.0,29857.25,841
1783381800,29855.25,29860.0,29839.25,29854.0,1045
1783382100,29852.75,29855.75,29841.75,29852.25,423
1783382400,29851.0,29869.25,29833.75,29859.5,884
1783382700,29865.0,29881.0,29850.75,29864.25,674
1783383000,29860.0,29863.25,29825.75,29826.5,876
1783383300,29829.0,29862.0,29816.25,29860.75,1037
1783383600,29860.5,29909.5,29857.5,29894.75,1395
1783383900,29893.5,29914.25,29865.75,29878.75,827
1783384200,29879.5,29886.75,29843.75,29847.75,640
1783384500,29846.25,29849.0,29814.0,29824.5,975
1783384800,29823.75,29844.0,29808.25,29831.75,1051
1783385100,29831.25,29848.0,29808.25,29836.5,939
1783385400,29836.0,29855.25,29820.0,29852.75,532
1783385700,29852.75,29856.75,29814.5,29816.75,667
1783386000,29819.75,29835.75,29803.75,29816.5,846
1783386300,29813.5,29827.0,29809.5,29813.75,452
1783386600,29814.5,29827.5,29800.0,29802.5,652
1783386900,29805.75,29814.25,29793.75,29798.0,543
1783387200,29800.0,29800.0,29758.75,29759.5,1567
1783387500,29758.5,29759.0,29726.5,29740.0,1172
1783387800,29739.25,29754.75,29716.5,29753.25,1053
1783388100,29751.5,29774.75,29748.25,29766.75,849
1783388400,29766.75,29789.75,29749.25,29788.5,880
1783388700,29789.25,29809.0,29787.25,29802.75,760
1783389000,29805.0,29822.0,29792.0,29818.25,542
1783389300,29817.25,29818.0,29768.5,29773.0,865
1783389600,29774.25,29796.5,29767.25,29789.0,654
1783389900,29789.5,29816.5,29781.5,29803.5,571
1783390200,29805.5,29813.0,29800.5,29806.5,232
1783390500,29806.25,29819.25,29799.25,29805.25,478
1783390800,29804.25,29806.25,29776.75,29777.75,478
1783391100,29777.0,29780.5,29769.75,29772.75,272
1783391400,29771.5,29771.5,29746.0,29748.5,760
1783391700,29749.0,29777.5,29738.75,29772.75,895
1783392000,29773.5,29780.25,29764.5,29779.5,308
1783392300,29780.0,29780.0,29756.75,29764.25,468
1783392600,29765.5,29768.25,29749.75,29767.75,599
1783392900,29766.0,29772.25,29744.25,29748.0,464
1783393200,29748.0,29773.5,29741.5,29772.0,537
1783393500,29772.75,29784.75,29761.25,29780.0,451
1783393800,29778.0,29779.0,29755.5,29758.0,354
1783394100,29757.5,29761.0,29734.5,29742.75,1027
1783394400,29740.75,29742.25,29712.0,29715.25,1258
1783394700,29715.5,29726.5,29680.0,29684.25,1346
1783395000,29685.25,29707.25,29672.0,29689.0,1179
1783395300,29688.25,29709.0,29686.0,29694.25,590
1783395600,29694.0,29694.5,29662.0,29664.75,958
1783395900,29663.75,29663.75,29630.0,29642.0,1562
1783396200,29641.5,29651.25,29630.5,29637.0,568
1783396500,29637.5,29664.25,29628.25,29661.75,566
1783397100,29666.25,29669.75,29658.0,29661.25,1504
1783397400,29661.25,29662.0,29638.0,29638.5,614
1783397700,29639.0,29646.25,29622.0,29628.5,689
1783398000,29628.5,29634.25,29617.0,29623.5,389
1783398300,29624.5,29642.25,29616.0,29639.0,393
1783398600,29640.0,29656.75,29634.5,29641.0,454
1783398900,29643.5,29649.75,29621.5,29645.0,476
1783399200,29643.25,29649.0,29632.0,29633.75,330
1783399500,29633.75,29639.5,29611.0,29615.25,471
1783399800,29616.25,29626.0,29607.5,29611.75,405
1783400100,29612.5,29625.75,29607.75,29625.5,312
1783400400,29626.25,29627.0,29597.0,29601.25,654
1783400700,29601.75,29605.0,29587.75,29592.0,413
1783401000,29593.0,29603.0,29585.25,29587.5,393
1783401300,29585.5,29597.5,29577.0,29589.5,583
1783401600,29588.5,29607.5,29586.0,29596.75,816
1783401900,29593.0,29593.0,29558.5,29590.0,1081
1783402200,29591.75,29633.75,29591.75,29628.25,1159
1783402500,29627.25,29654.25,29626.25,29652.5,757
1783402800,29653.0,29665.0,29649.0,29660.75,655
1783403100,29659.5,29670.0,29646.0,29652.75,723
1783403400,29654.25,29688.5,29654.25,29688.25,713
1783403700,29687.75,29704.5,29685.0,29689.75,865
1783404000,29688.75,29701.25,29678.0,29685.0,671
1783404300,29686.0,29686.0,29654.0,29656.75,727
1783404600,29657.5,29661.75,29631.25,29641.5,677
1783404900,29643.0,29663.5,29641.5,29650.25,597
1783405200,29651.75,29673.0,29646.5,29665.75,611
1783405500,29665.75,29674.0,29657.75,29663.0,370
1783405800,29662.0,29672.0,29647.0,29672.0,660
1783406100,29671.5,29684.0,29666.5,29672.25,508
1783406400,29673.75,29684.0,29673.75,29684.0,217
1783406700,29683.5,29684.0,29665.25,29669.5,478
1783407000,29670.5,29685.0,29663.25,29684.25,356
1783407300,29685.5,29693.25,29684.0,29688.75,310
1783407600,29689.0,29714.25,29667.75,29709.25,1452
1783407900,29708.25,29720.75,29694.75,29699.5,644
1783408200,29699.0,29724.0,29686.25,29718.0,676
1783408500,29717.5,29736.5,29715.75,29721.25,748
1783408800,29720.25,29744.0,29711.75,29725.25,814
1783409100,29724.75,29731.75,29714.0,29717.0,495
1783409400,29715.5,29723.0,29702.75,29703.5,418
1783409700,29704.75,29707.25,29694.25,29699.0,461
1783410000,29699.0,29705.0,29693.0,29693.25,251
1783410300,29693.25,29700.0,29683.0,29687.5,754
1783410600,29686.0,29691.0,29669.75,29671.25,721
1783410900,29670.25,29672.75,29644.0,29645.5,831
1783411200,29646.75,29666.25,29641.25,29658.75,1075
1783411500,29660.0,29663.5,29646.25,29659.0,453
1783411800,29659.75,29695.75,29657.25,29687.75,658
1783412100,29687.75,29701.75,29683.75,29698.0,584
1783412400,29697.5,29709.25,29687.5,29702.25,305
1783412700,29702.5,29703.25,29682.0,29691.75,351
1783413000,29692.25,29695.25,29672.25,29675.25,384
1783413300,29676.5,29695.0,29671.75,29695.0,326
1783413600,29695.0,29705.0,29682.5,29682.5,359
1783413900,29683.0,29693.5,29683.0,29690.25,260
1783414200,29691.25,29696.25,29666.75,29672.75,358
1783414500,29671.75,29673.75,29658.5,29660.25,377
1783414800,29660.75,29671.0,29642.5,29669.75,976
1783415100,29671.0,29687.5,29666.0,29674.5,424
1783415400,29673.25,29690.5,29668.5,29687.0,249
1783415700,29688.25,29693.5,29678.25,29679.75,166
1783416000,29681.75,29682.25,29665.0,29669.5,165
1783416300,29669.75,29673.0,29655.25,29655.5,238
1783416600,29658.25,29659.5,29636.5,29637.0,753
1783416900,29636.5,29648.75,29628.25,29648.5,1149
1783417200,29649.25,29660.75,29645.5,29650.0,377
1783417500,29649.75,29651.75,29622.5,29634.25,418
1783417800,29634.25,29658.5,29627.5,29655.75,349
1783418100,29656.0,29665.5,29650.0,29662.25,266
1783418400,29663.25,29689.5,29661.25,29665.75,1541
1783418700,29666.75,29679.75,29650.25,29655.0,517
1783419000,29655.25,29664.75,29639.5,29647.75,1269
1783419300,29649.0,29689.25,29646.5,29681.5,1523
1783419600,29684.5,29686.5,29665.75,29679.75,854
1783419900,29678.75,29686.0,29670.75,29673.5,535
1783420200,29673.25,29673.5,29649.25,29653.0,402
1783420500,29651.0,29657.5,29643.75,29654.75,480
1783420800,29653.75,29663.5,29644.0,29647.0,408
1783421100,29648.25,29653.5,29632.5,29634.75,652
1783421400,29633.75,29645.0,29625.25,29645.0,473
1783421700,29643.0,29659.25,29640.75,29659.25,369
1783422000,29660.5,29661.75,29604.25,29619.75,1129
1783422300,29622.25,29629.25,29603.75,29612.0,641
1783422600,29611.0,29624.75,29602.5,29614.25,300
1783422900,29613.0,29640.0,29612.0,29634.0,481
1783423200,29633.25,29646.5,29625.25,29645.25,336
1783423500,29645.0,29651.25,29632.0,29632.0,472
1783423800,29632.5,29632.5,29600.75,29601.5,672
1783424100,29601.75,29613.0,29591.25,29605.0,518
1783424400,29606.5,29624.25,29595.0,29623.0,651
1783424700,29621.25,29636.25,29616.0,29634.0,588
1783425000,29634.0,29638.0,29601.0,29617.5,587
1783425300,29617.25,29645.75,29616.5,29642.5,594
1783425600,29640.75,29663.75,29639.25,29651.0,811
1783425900,29650.75,29698.0,29644.25,29693.5,1997
1783426200,29692.5,29716.0,29691.75,29704.0,1606
1783426500,29702.75,29705.75,29667.5,29676.75,995
1783426800,29676.0,29682.75,29658.5,29673.0,755
1783427100,29673.0,29689.5,29671.25,29688.0,468
1783427400,29686.5,29696.25,29664.0,29670.0,855
1783427700,29669.25,29695.25,29667.25,29692.0,441
1783428000,29692.75,29708.0,29683.0,29686.5,798
1783428300,29685.25,29687.5,29634.75,29644.25,1332
1783428600,29644.0,29651.0,29622.0,29623.75,1135
1783428900,29624.25,29644.5,29623.0,29642.25,941
1783429200,29642.25,29645.75,29619.0,29622.25,1407
1783429500,29621.5,29655.75,29610.5,29639.0,2221
1783429800,29639.0,29651.0,29629.0,29641.5,937
1783430100,29641.25,29652.75,29604.5,29621.0,1551
1783430400,29621.0,29625.25,29596.75,29608.25,1769
1783430700,29608.25,29608.25,29580.0,29592.25,3043
1783431000,29593.0,29685.75,29515.25,29532.0,21408
1783431300,29532.5,29577.5,29491.25,29544.5,12237
1783431600,29544.0,29607.0,29524.75,29595.0,11229
1783431900,29594.0,29596.75,29503.0,29511.25,10962
1783432200,29511.0,29538.25,29444.5,29454.5,10629
1783432500,29455.0,29484.25,29420.25,29469.0,9910
1783432800,29468.75,29505.75,29422.5,29443.25,10173
1783433100,29444.0,29474.0,29414.0,29442.25,7397
1783433400,29443.0,29443.25,29332.0,29343.0,12484
1783433700,29342.0,29369.0,29307.0,29364.25,10276
1783434000,29364.25,29378.25,29290.75,29293.0,8509
1783434300,29293.5,29313.0,29259.75,29303.25,8704
1783434600,29303.5,29327.75,29270.75,29282.75,7054
1783434900,29282.25,29286.25,29240.75,29256.75,7396
1783435200,29256.0,29274.75,29210.0,29239.75,7594
1783435500,29239.5,29292.5,29232.5,29266.25,7877
1783435800,29266.0,29315.75,29254.25,29296.5,6582
1783436100,29295.75,29325.75,29284.0,29302.5,5876
1783436400,29302.25,29325.0,29271.25,29316.25,6097
1783436700,29315.5,29335.5,29297.5,29327.75,4807
1783437000,29325.75,29358.0,29318.0,29318.25,5030
1783437300,29317.0,29319.5,29275.5,29280.5,5025
1783437600,29279.25,29318.25,29271.75,29280.75,4264
1783437900,29281.25,29322.5,29276.0,29314.0,3267
1783438200,29315.0,29323.75,29289.5,29290.75,3530
1783438500,29291.5,29314.25,29257.75,29257.75,4020
1783438800,29258.25,29330.0,29248.25,29329.0,4791
1783439100,29329.25,29376.75,29325.25,29332.25,6720
1783439400,29332.75,29380.0,29332.75,29368.75,3500
1783439700,29368.75,29389.25,29347.0,29386.75,3066
1783440000,29388.0,29432.0,29377.0,29420.5,5095
1783440300,29420.0,29452.0,29398.0,29411.25,5384
1783440600,29411.5,29473.75,29411.5,29466.25,5257
1783440900,29467.25,29474.75,29450.5,29467.75,3533
1783441200,29468.0,29548.0,29467.25,29506.0,8460
1783441500,29506.75,29547.0,29501.5,29532.0,5046
1783441800,29532.25,29558.25,29512.75,29531.25,5499
1783442100,29530.5,29538.5,29486.25,29514.5,4672
1783442400,29514.25,29528.75,29491.75,29527.75,3125
1783442700,29527.25,29548.25,29521.5,29540.0,3809
1783443000,29540.5,29557.75,29529.0,29535.0,3281
1783443300,29535.75,29547.25,29502.5,29540.0,3024
1783443600,29539.5,29559.75,29530.0,29551.0,3336
1783443900,29551.25,29580.75,29547.0,29573.5,4488
1783444200,29573.0,29575.0,29530.25,29534.5,3690
1783444500,29533.25,29536.75,29510.0,29525.5,3407
1783444800,29526.5,29573.5,29523.5,29556.0,3405
1783445100,29554.5,29554.5,29524.25,29533.75,2384
1783445400,29533.5,29561.5,29532.5,29547.25,2841
1783445700,29548.0,29567.0,29535.5,29557.5,2848
1783446000,29556.25,29570.0,29543.5,29561.75,2127
1783446300,29561.25,29565.75,29528.25,29542.75,2392
1783446600,29541.5,29560.0,29529.0,29537.75,2308
1783446900,29538.25,29568.0,29533.0,29567.25,1983
1783447200,29567.5,29574.25,29538.0,29550.75,2634
1783447500,29552.0,29563.75,29531.25,29539.25,2387
1783447800,29540.0,29561.0,29536.5,29547.25,2253
1783448100,29547.5,29555.25,29529.0,29542.75,2303
1783448400,29542.5,29561.0,29532.5,29550.5,2019
1783448700,29549.5,29555.0,29509.75,29517.0,2998
1783449000,29517.5,29531.5,29495.75,29504.75,4221
1783449300,29503.5,29518.5,29489.0,29505.5,2646
1783449600,29505.25,29506.0,29452.75,29472.75,3863
1783449900,29472.25,29485.0,29418.75,29451.25,5040
1783450200,29452.0,29456.75,29398.75,29419.0,5848
1783450500,29421.0,29422.75,29385.25,29391.0,3793
1783450800,29390.25,29402.75,29353.25,29376.0,5055
1783451100,29375.75,29410.0,29333.25,29337.75,5287
1783451400,29338.5,29349.0,29318.5,29334.75,3482
1783451700,29334.5,29335.75,29271.0,29307.25,5888
1783452000,29306.5,29324.5,29292.5,29311.75,3924
1783452300,29311.75,29329.5,29280.75,29321.25,3846
1783452600,29320.75,29371.75,29315.75,29369.25,6299
1783452900,29369.5,29369.75,29316.75,29324.25,3866
1783453200,29323.25,29327.5,29303.75,29310.0,3076
1783453500,29309.75,29341.75,29306.5,29338.75,3326
1783453800,29337.25,29370.25,29318.5,29369.0,5998
1783454100,29369.75,29400.0,29361.75,29395.5,15429
1783454400,29395.75,29420.25,29387.75,29419.5,7526
1783454700,29419.75,29437.25,29411.0,29426.75,2766
1783455000,29426.75,29429.5,29414.0,29417.25,1380
1783455300,29417.75,29421.5,29393.25,29403.0,1717
1783455600,29403.0,29414.5,29402.0,29413.25,615
1783455900,29413.75,29423.75,29407.25,29415.75,521
1783456200,29416.0,29424.75,29413.75,29418.25,433
1783456500,29418.5,29424.0,29414.0,29419.75,436
1783456800,29418.75,29423.0,29415.75,29416.25,345
1783457100,29416.0,29420.0,29412.5,29418.25,382
1783457400,29418.25,29422.0,29414.25,29418.5,497
1783457700,29418.25,29423.25,29416.0,29419.5,561
1783461600,29373.75,29374.5,29319.5,29355.0,0
1783461900,29355.5,29375.25,29350.5,29364.25,535
1783462200,29365.25,29375.75,29361.0,29374.25,470
1783462500,29376.25,29386.75,29374.5,29378.25,441
1783462800,29378.5,29388.0,29371.0,29377.75,369
1783463100,29374.5,29374.5,29364.5,29372.75,300
1783463400,29374.0,29391.5,29363.75,29388.0,498
1783463700,29388.75,29393.75,29385.0,29393.0,348
1783464000,29392.25,29400.0,29376.0,29383.25,490
1783464300,29384.25,29395.0,29371.75,29390.5,409
1783464600,29390.75,29391.0,29386.75,29386.75,13
1783465200,29391.5,29393.25,29364.0,29372.0,760
1783465500,29371.5,29395.0,29369.5,29372.75,707
1783465800,29372.5,29379.75,29356.0,29376.0,476
1783466100,29376.75,29406.0,29373.75,29404.25,562
1783466400,29404.75,29405.5,29389.5,29393.25,324
1783466700,29395.0,29399.5,29391.25,29396.25,163
1783467000,29396.25,29407.0,29381.0,29384.25,379
1783467300,29383.25,29383.25,29346.0,29356.25,747
1783467600,29355.25,29357.5,29339.0,29343.75,495
1783467900,29345.5,29359.75,29325.25,29337.5,716
1783468200,29338.0,29344.5,29311.25,29320.5,581
1783468500,29321.75,29322.75,29292.5,29300.5,774
1783468800,29300.0,29337.0,29266.0,29337.0,2058
1783469100,29334.25,29410.5,29332.5,29400.25,1802
1783469400,29400.0,29426.5,29375.25,29414.5,1512
1783469700,29417.75,29442.0,29391.25,29415.5,1349
1783470000,29416.75,29466.25,29402.0,29464.5,1227
1783470300,29464.0,29477.5,29436.25,29454.5,1591
1783470600,29452.75,29455.0,29416.0,29424.0,1178
1783470900,29425.0,29480.0,29407.25,29478.5,1111
1783471200,29477.25,29515.75,29475.75,29515.25,1590
1783471500,29517.0,29538.5,29512.0,29524.0,1537
1783471800,29523.25,29534.75,29518.25,29530.0,627
1783472100,29529.5,29547.0,29524.75,29543.5,833
1783472400,29543.75,29549.5,29521.0,29522.0,899
1783472700,29522.25,29526.25,29495.0,29510.5,1061
1783473000,29511.25,29558.75,29511.0,29550.0,1208
1783473300,29554.75,29554.75,29519.75,29531.25,812
1783473600,29531.5,29533.0,29498.5,29504.25,995
1783473900,29505.0,29513.0,29481.5,29485.25,719
1783474200,29489.0,29495.25,29452.25,29467.0,983
1783474500,29466.25,29471.0,29427.0,29454.75,1156
1783474800,29454.5,29472.0,29438.0,29457.75,919
1783475100,29459.75,29485.25,29458.0,29470.0,739
1783475400,29471.25,29476.5,29432.75,29434.5,552
1783475700,29436.75,29449.0,29427.5,29438.0,533
1783476000,29437.75,29443.25,29402.0,29409.75,865
1783476300,29407.25,29416.75,29389.25,29406.75,804
1783476600,29407.75,29420.75,29388.0,29397.5,726
1783476900,29397.25,29430.25,29391.5,29424.75,605
1783477200,29425.25,29442.75,29410.0,29440.0,595
1783477500,29439.25,29458.75,29419.25,29421.5,960
1783477800,29422.25,29427.5,29399.75,29411.0,675
1783478100,29411.0,29420.0,29400.0,29418.25,443
1783478400,29419.25,29456.75,29417.5,29456.25,521
1783478700,29457.0,29475.0,29454.0,29462.75,580
1783479000,29461.75,29467.0,29445.25,29462.0,452
1783479300,29463.25,29468.75,29452.0,29461.25,264
1783479600,29461.5,29484.75,29461.25,29481.75,577
1783479900,29481.0,29486.5,29467.5,29484.0,384
1783480200,29483.75,29496.0,29482.25,29487.5,428
1783480500,29488.5,29497.5,29476.75,29478.75,405
1783480800,29480.0,29506.0,29475.5,29500.5,544
1783481100,29500.5,29519.75,29500.5,29517.5,497
1783481400,29517.25,29532.25,29502.5,29510.0,769
1783481700,29509.5,29517.5,29497.75,29504.0,394
1783482000,29506.0,29506.0,29481.25,29487.5,504
1783482300,29487.5,29493.25,29474.5,29482.5,391
1783482600,29483.0,29488.75,29467.75,29472.75,282
1783482900,29471.5,29473.75,29466.25,29470.75,187
1783483500,29465.25,29470.0,29461.0,29464.0,901
1783483800,29464.5,29464.5,29433.25,29442.75,573
1783484100,29443.75,29448.0,29431.0,29433.5,651
1783484400,29433.75,29464.0,29428.0,29459.5,778
1783484700,29459.0,29461.25,29438.75,29442.5,369
1783485000,29442.75,29446.0,29403.25,29412.0,643
1783485300,29413.25,29419.75,29391.25,29404.25,594
1783485600,29404.25,29419.75,29394.0,29413.75,570
1783485900,29408.0,29422.5,29395.0,29397.5,634
1783486200,29398.75,29405.0,29384.25,29385.0,490
1783486500,29384.5,29417.25,29376.75,29415.0,650
1783486800,29417.0,29435.0,29399.25,29414.5,537
1783487100,29415.75,29447.25,29415.0,29428.0,444
1783487400,29429.75,29429.75,29405.5,29407.5,327
1783487700,29409.0,29432.0,29399.0,29416.25,409
1783488000,29416.0,29424.75,29388.0,29389.75,363
1783488300,29388.5,29405.5,29378.75,29384.5,356
1783488600,29384.0,29385.75,29349.5,29369.0,1124
1783488900,29368.0,29380.75,29354.0,29356.0,422
1783489200,29355.25,29377.75,29345.75,29353.0,680
1783489500,29351.75,29353.0,29314.25,29315.75,825
1783489800,29316.75,29339.0,29311.75,29337.5,799
1783490100,29337.75,29363.0,29337.25,29347.5,597
1783490400,29346.75,29360.25,29329.5,29353.75,823
1783490700,29356.0,29363.5,29338.5,29354.25,672
1783491000,29354.5,29360.5,29330.25,29345.0,721
1783491300,29343.25,29353.0,29334.25,29339.25,482
1783491600,29339.0,29356.5,29321.5,29352.25,912
1783491900,29352.25,29358.75,29320.25,29324.75,470
1783492200,29320.25,29332.75,29298.75,29304.5,883
1783492500,29303.25,29309.5,29294.75,29304.0,419
1783492800,29305.0,29314.25,29285.0,29289.75,618
1783493100,29288.25,29317.5,29282.25,29317.5,670
1783493400,29318.5,29352.5,29318.5,29338.75,728
1783493700,29336.5,29341.0,29320.25,29329.25,305
1783494000,29329.25,29335.25,29294.75,29304.75,691
1783494300,29305.25,29310.25,29281.75,29296.75,805
1783494600,29302.25,29323.75,29293.75,29302.5,662
1783494900,29303.0,29315.0,29281.0,29305.5,874
1783495200,29303.25,29342.5,29295.75,29340.5,661
1783495500,29342.0,29355.0,29334.5,29353.0,588
1783495800,29351.0,29360.75,29346.25,29359.0,101
1783496400,29391.5,29394.75,29363.0,29394.75,2377
1783496700,29395.0,29404.25,29386.5,29395.0,714
1783497000,29393.25,29394.75,29369.0,29388.5,487
1783497300,29386.25,29390.5,29375.0,29381.0,354
1783497600,29383.0,29384.75,29348.25,29350.0,668
1783497900,29351.75,29375.0,29341.25,29372.0,579
1783498200,29371.25,29413.0,29368.0,29411.25,854
1783498500,29409.25,29414.75,29252.5,29262.25,3200
1783498800,29261.75,29290.0,29119.75,29129.5,3665
1783499100,29125.5,29136.0,29063.5,29079.75,3427
1783499400,29080.0,29103.5,29035.0,29084.75,2926
1783499700,29090.75,29101.0,28975.5,28980.25,3246
1783500000,28982.0,29029.5,28957.25,29019.5,2650
1783500300,29021.75,29053.5,29003.5,29035.75,1696
1783500600,29038.25,29094.25,29023.0,29066.25,2090
1783500900,29067.75,29099.0,29002.0,29009.5,1789
1783501200,29010.75,29034.0,28981.0,28996.0,2005
1783501500,28997.5,28997.5,28931.0,28947.5,1959
1783501800,28946.5,28975.5,28912.75,28914.75,1937
1783502100,28914.75,28955.0,28909.75,28952.25,1579
1783502400,28951.25,28965.0,28933.25,28936.5,824
1783502700,28937.25,28971.25,28923.75,28961.25,720
1783503000,28959.25,28995.0,28954.5,28986.25,969
1783503300,28987.5,29011.0,28964.25,28982.5,1143
1783503600,28982.0,28989.75,28954.5,28987.25,1038
1783503900,28988.25,29001.25,28958.0,28984.25,813
1783504200,28985.75,29004.5,28970.0,28982.5,543
1783504500,28983.75,28988.0,28947.25,28957.75,724
1783504800,28960.75,28986.5,28943.5,28949.5,974
1783505100,28949.0,28954.5,28927.0,28949.5,647
1783505400,28949.25,28958.5,28922.75,28958.25,1060
1783505700,28958.75,28988.0,28948.0,28988.0,693
1783506000,28987.75,29003.75,28976.75,28988.0,709
1783506300,28985.5,29021.75,28985.5,29020.25,813
1783506600,29018.0,29049.25,28996.0,29030.75,1514
1783506900,29033.5,29055.0,29028.0,29043.75,999
1783507200,29042.25,29054.0,29040.0,29049.5,490
1783507500,29047.5,29063.0,29028.5,29042.25,622
1783507800,29042.0,29052.75,29036.5,29043.75,446
1783508100,29042.25,29056.5,29010.5,29018.75,721
1783508400,29020.75,29028.5,28986.5,28995.75,1672
1783508700,28995.25,29024.75,28990.75,29000.0,923
1783509000,29000.5,29007.5,28977.0,29003.0,600
1783509300,29003.25,29012.75,28987.5,29004.75,485
1783509600,29005.5,29010.0,28975.5,28980.75,551
1783509900,28982.25,29000.0,28977.5,28987.25,318
1783510200,28984.75,29016.75,28973.0,29016.0,543
1783510500,29017.0,29033.0,29001.5,29003.0,627
1783510800,29004.5,29124.75,28993.25,29085.25,3118
1783511100,29084.25,29106.0,29063.5,29079.5,1359
1783511400,29079.25,29096.75,29053.0,29091.5,1096
1783511700,29091.75,29114.75,29076.5,29089.25,1361
1783512000,29088.0,29111.25,29054.25,29107.5,1686
1783512300,29111.0,29181.25,29110.25,29174.25,2641
1783512600,29174.25,29184.25,29146.0,29149.5,1306
1783512900,29150.75,29157.75,29136.5,29152.25,797
1783513200,29151.0,29153.25,29125.5,29131.5,766
1783513500,29128.0,29180.0,29124.75,29177.25,1129
1783513800,29176.75,29192.25,29148.25,29157.25,2004
1783514100,29158.0,29174.0,29145.75,29167.0,488
1783514400,29165.0,29185.0,29156.75,29184.25,772
1783514700,29183.5,29193.5,29169.25,29178.5,1264
1783515000,29179.25,29221.5,29177.75,29217.75,1300
1783515300,29217.25,29239.5,29151.75,29155.0,2940
1783515600,29154.75,29193.0,29148.0,29181.25,1585
1783515900,29181.5,29193.25,29157.5,29187.25,1767
1783516200,29187.75,29221.75,29166.0,29212.5,1700
1783516500,29212.0,29226.0,29196.5,29214.75,1693
1783516800,29214.75,29218.25,29170.5,29180.75,2034
1783517100,29181.25,29230.0,29154.0,29202.25,4335
1783517400,29202.75,29327.5,29201.0,29303.5,16052
1783517700,29303.75,29338.0,29254.5,29320.0,10524
1783518000,29321.5,29385.0,29311.5,29347.75,10439
1783518300,29349.5,29399.0,29301.0,29304.25,8664
1783518600,29302.75,29374.25,29287.75,29321.75,7066
1783518900,29321.5,29394.75,29291.0,29367.5,6822
1783519200,29366.25,29389.25,29297.5,29316.25,7477
1783519500,29316.75,29348.0,29301.5,29321.25,4899
1783519800,29322.0,29335.5,29245.75,29271.25,7002
1783520100,29271.75,29316.0,29235.25,29285.75,6740
1783520400,29285.5,29373.0,29268.25,29313.0,6868
1783520700,29313.75,29358.0,29254.25,29292.5,5456
1783521000,29292.75,29335.25,29264.0,29309.75,5429
1783521300,29311.5,29312.0,29244.0,29253.75,5702
1783521600,29253.5,29282.25,29209.25,29252.5,6964
1783521900,29252.25,29257.5,29171.25,29173.25,6025
1783522200,29173.0,29297.5,29151.0,29246.5,8919
1783522500,29243.75,29289.5,29193.25,29210.25,5888
1783522800,29212.0,29224.25,29180.75,29183.0,3590
1783523100,29183.5,29223.25,29178.75,29193.5,3537
1783523400,29194.25,29210.25,29131.0,29136.75,4795
1783523700,29138.25,29161.75,29093.0,29141.75,6200
1783524000,29141.25,29151.5,29056.0,29062.0,4975
1783524300,29062.0,29074.5,29034.5,29057.75,6014
1783524600,29058.0,29106.75,29034.0,29105.5,5763
1783524900,29105.0,29153.0,29084.0,29106.75,5521
1783525200,29107.5,29144.75,29102.25,29114.0,3748
1783525500,29113.75,29131.0,29080.25,29096.5,3840
1783525800,29095.25,29100.5,29051.25,29078.0,3360
1783526100,29078.5,29108.75,29061.0,29096.25,3651
1783526400,29097.25,29143.25,29092.75,29138.25,4149
1783526700,29138.5,29176.25,29125.75,29170.0,4346
1783527000,29170.25,29222.25,29168.75,29214.5,4545
1783527300,29216.0,29242.75,29194.5,29241.25,4176
1783527600,29242.5,29298.0,29240.0,29257.75,6163
1783527900,29257.5,29303.25,29254.25,29277.0,3666
1783528200,29275.5,29331.75,29269.5,29276.0,5223
1783528500,29274.75,29316.0,29245.5,29295.5,6055
1783528800,29292.5,29350.0,29273.25,29331.0,4947
1783529100,29331.5,29351.0,29309.75,29348.5,2750
1783529400,29348.75,29372.75,29332.5,29356.75,4368
1783529700,29357.25,29377.0,29346.0,29373.25,2796
1783530000,29372.25,29375.5,29343.75,29351.25,3038
1783530300,29352.5,29389.75,29346.5,29361.25,3184
1783530600,29362.25,29365.0,29335.5,29336.25,3352
1783530900,29336.75,29382.75,29334.75,29377.75,2746
1783531200,29378.0,29421.25,29368.25,29420.25,4174
1783531500,29420.5,29445.25,29413.5,29440.25,3833
1783531800,29441.5,29457.75,29433.5,29437.25,3150
1783532100,29436.75,29449.0,29421.25,29423.0,2112
1783532400,29423.75,29427.25,29382.5,29388.5,3250
1783532700,29387.75,29388.75,29346.75,29354.25,3924
1783533000,29354.25,29390.0,29349.5,29354.0,2929
1783533300,29354.5,29356.0,29324.25,29352.5,3184
1783533600,29352.25,29422.75,29330.0,29403.75,4164
1783533900,29405.25,29414.25,29375.75,29412.5,2325
1783534200,29412.5,29429.25,29391.5,29406.0,2640
1783534500,29407.25,29418.0,29383.0,29411.25,2383
1783534800,29411.25,29411.25,29381.25,29382.75,1693
1783535100,29384.75,29406.75,29369.0,29372.75,2034
1783535400,29371.75,29380.5,29347.5,29359.0,2560
1783535700,29359.0,29412.0,29355.25,29409.0,2791
1783536000,29408.25,29417.75,29372.5,29400.75,2411
1783536300,29401.25,29409.25,29380.25,29403.25,1772
1783536600,29403.0,29424.25,29395.0,29404.75,2759
1783536900,29405.0,29408.75,29383.0,29405.75,2050
1783537200,29405.75,29437.25,29392.25,29401.25,2963
1783537500,29400.75,29413.75,29375.75,29409.0,2748
1783537800,29409.0,29411.0,29388.0,29395.75,1812
1783538100,29396.25,29402.25,29380.0,29390.25,2232
1783538400,29391.25,29419.0,29383.75,29407.0,2281
1783538700,29407.75,29438.75,29404.5,29425.25,2143
1783539000,29425.0,29433.25,29388.5,29399.0,2888
1783539300,29398.25,29427.5,29391.25,29416.25,1802
1783539600,29415.5,29420.25,29395.0,29418.25,1996
1783539900,29417.0,29424.0,29381.0,29405.25,3115
1783540200,29403.5,29464.0,29388.0,29460.5,4957
1783540500,29459.75,29500.0,29450.5,29457.75,13925
1783540800,29457.75,29468.5,29424.5,29439.25,5367
1783541100,29439.0,29449.25,29427.5,29437.25,1370
1783541400,29437.75,29437.75,29403.75,29424.0,1631
1783541700,29424.75,29425.0,29386.5,29395.5,1403
1783542000,29396.0,29401.75,29387.25,29397.0,812
1783542300,29397.25,29399.75,29389.75,29394.25,550
1783542600,29394.75,29398.25,29373.0,29377.0,1193
1783542900,29375.25,29379.75,29353.25,29378.0,1204
1783543200,29377.75,29398.0,29374.25,29386.25,768
1783543500,29385.25,29394.75,29380.0,29388.25,514
1783543800,29389.5,29402.75,29385.5,29392.0,467
1783544100,29391.0,29407.25,29374.0,29391.25,900
1783548000,29412.0,29446.0,29402.75,29433.75,0
1783548300,29433.5,29445.5,29404.0,29419.0,606
1783548600,29419.5,29438.0,29412.75,29434.75,350
1783548900,29432.5,29449.25,29420.75,29426.25,540
1783549200,29427.25,29427.25,29410.0,29423.0,254
1783549500,29425.25,29426.5,29404.25,29424.25,181
1783549800,29424.5,29439.5,29407.5,29431.75,434
1783550100,29431.0,29432.75,29411.5,29414.75,167
1783550400,29414.75,29418.5,29408.0,29409.0,163
1783550700,29409.25,29417.25,29408.25,29412.75,140
1783551000,29412.5,29424.25,29405.5,29409.5,186
1783551300,29411.5,29428.75,29406.0,29425.5,112
1783551600,29424.0,29436.0,29422.25,29432.5,280
1783551900,29432.0,29457.5,29427.25,29449.0,439
1783552200,29449.75,29455.0,29440.75,29444.75,256
1783552500,29444.25,29444.25,29408.75,29408.75,455
1783552800,29408.5,29419.5,29395.0,29414.75,364
1783553100,29413.25,29426.0,29397.75,29424.75,433
1783553400,29421.0,29444.25,29400.75,29437.25,514
1783553700,29437.25,29487.0,29430.25,29449.25,1108
1783554000,29449.0,29486.5,29443.25,29479.75,445
1783554300,29479.5,29499.0,29470.75,29485.0,729
1783554600,29486.25,29491.0,29468.25,29482.5,262
1783554900,29482.5,29503.25,29482.5,29491.25,582
1783555200,29491.0,29541.25,29491.0,29527.0,1483
1783555500,29525.25,29552.0,29516.25,29539.75,1183
1783555800,29540.75,29564.5,29530.0,29562.75,1106
1783556100,29562.5,29567.75,29518.25,29524.25,1194
1783556400,29525.0,29552.25,29520.75,29539.5,666
1783556700,29540.75,29566.75,29527.0,29561.75,835
1783557000,29563.25,29583.0,29527.25,29539.75,1150
1783557300,29539.0,29555.0,29525.0,29539.5,560
1783557600,29536.5,29536.5,29512.5,29519.5,572
1783557900,29515.75,29562.75,29513.0,29558.0,750
1783558200,29558.75,29562.75,29497.75,29500.0,999
1783558500,29502.25,29514.75,29486.25,29503.5,773
1783558800,29504.5,29523.25,29462.75,29477.25,1260
1783559100,29476.75,29534.0,29470.0,29532.25,874
1783559400,29531.75,29538.25,29512.0,29513.25,615
1783559700,29514.5,29542.5,29500.5,29540.0,614
1783560000,29540.25,29555.25,29519.25,29527.75,579
1783560300,29528.25,29536.5,29507.0,29529.0,492
1783560600,29531.75,29541.25,29509.0,29519.5,446
1783560900,29517.5,29535.0,29513.25,29519.25,269
1783561200,29520.25,29533.75,29506.75,29531.0,489
1783561500,29531.5,29537.5,29511.0,29528.0,317
1783561800,29528.25,29531.0,29475.5,29478.0,872
1783562100,29476.0,29476.5,29444.5,29449.0,1481
1783562400,29450.5,29466.0,29426.0,29456.75,1241
1783562700,29461.0,29512.25,29455.0,29505.25,1090
1783563000,29504.0,29529.5,29501.75,29527.5,715
1783563300,29525.75,29552.25,29517.25,29550.0,938
1783563600,29549.25,29579.0,29530.0,29530.25,1102
1783563900,29531.5,29548.0,29520.5,29533.75,685
1783564200,29534.0,29544.25,29510.0,29510.75,510
1783564500,29511.25,29515.5,29480.0,29501.5,823
1783564800,29501.75,29504.75,29460.0,29462.5,671
1783565100,29462.25,29467.75,29438.75,29452.0,767
1783565400,29450.5,29455.75,29419.0,29439.0,1224
1783565700,29437.0,29448.75,29422.75,29429.5,620
1783566000,29430.75,29436.5,29405.0,29420.0,814
1783566300,29418.75,29449.75,29416.75,29440.25,489
1783566600,29439.75,29443.5,29408.0,29423.25,629
1783566900,29424.0,29425.0,29396.5,29411.25,466
1783567200,29413.0,29442.25,29407.0,29441.0,454
1783567500,29442.0,29481.5,29441.25,29480.0,651
1783567800,29480.75,29501.75,29474.25,29489.0,665
1783568100,29489.25,29500.0,29485.25,29491.0,377
1783568400,29493.0,29514.5,29481.5,29512.25,398
1783568700,29510.25,29516.75,29497.0,29510.0,394
1783569000,29510.5,29516.5,29503.0,29510.5,218
1783569300,29512.5,29518.0,29502.5,29505.75,125
1783569900,29506.75,29511.0,29504.25,29507.5,505
1783570200,29507.0,29513.0,29495.0,29500.5,294
1783570500,29499.75,29518.5,29491.5,29492.75,333
1783570800,29493.0,29496.5,29474.5,29475.0,325
1783571100,29476.0,29482.25,29462.5,29474.5,398
1783571400,29475.0,29530.5,29475.0,29520.25,687
1783571700,29516.75,29532.0,29510.0,29528.0,283
1783572000,29528.25,29539.0,29519.5,29536.25,712
1783572300,29536.25,29537.5,29521.5,29525.25,192
1783572600,29528.75,29549.25,29527.25,29548.75,277
1783572900,29549.5,29558.5,29543.5,29554.0,495
1783573200,29554.75,29563.0,29527.5,29532.5,419
1783573500,29534.0,29536.0,29508.75,29523.5,488
1783573800,29525.5,29597.0,29524.25,29566.75,1622
1783574100,29567.5,29577.75,29529.5,29535.75,836
1783574400,29536.5,29541.75,29517.0,29520.0,490
1783574700,29521.75,29528.75,29512.5,29515.0,317
1783575000,29513.75,29530.25,29474.75,29530.25,888
1783575300,29530.25,29539.5,29511.75,29523.0,492
1783575600,29523.25,29536.75,29512.5,29536.5,242
1783575900,29537.25,29564.75,29532.5,29564.5,451
1783576200,29564.5,29584.75,29559.5,29582.0,617
1783576500,29580.75,29610.0,29577.0,29607.75,1025
1783576800,29606.5,29616.5,29588.75,29591.5,914
1783577100,29588.5,29608.5,29572.25,29596.0,959
1783577400,29598.5,29613.5,29588.0,29606.25,355
1783577700,29603.5,29637.25,29602.5,29625.25,952
1783578000,29624.5,29640.25,29614.5,29636.5,568
1783578300,29633.25,29644.25,29623.0,29628.5,514
1783578600,29628.5,29629.75,29597.75,29606.0,775
1783578900,29606.5,29628.0,29605.5,29624.75,652
1783579200,29624.75,29637.0,29623.5,29628.5,415
1783579500,29627.0,29630.5,29620.0,29621.25,454
1783579800,29621.0,29632.25,29620.0,29624.5,232
1783580100,29622.0,29622.0,29601.5,29612.0,459
1783580400,29613.25,29640.0,29604.75,29624.75,821
1783580700,29624.5,29637.0,29603.75,29629.25,937
1783581000,29628.75,29655.75,29621.75,29654.5,996
1783581300,29655.75,29660.0,29644.75,29656.0,765
1783581600,29655.5,29662.0,29639.75,29648.5,755
1783581900,29649.5,29667.75,29647.0,29651.75,557
1783582200,29653.25,29660.5,29648.75,29657.0,378
1783582500,29657.0,29670.25,29641.75,29650.0,542
1783582800,29650.25,29683.25,29640.5,29681.5,523
1783583100,29682.5,29695.75,29675.25,29691.0,916
1783583400,29691.5,29706.75,29690.0,29691.0,1074
1783583700,29690.25,29691.5,29671.25,29686.25,606
1783584000,29684.75,29722.5,29664.0,29714.75,946
1783584300,29715.5,29734.25,29710.0,29728.0,962
1783584600,29730.0,29730.0,29702.0,29705.5,551
1783584900,29705.75,29735.75,29694.0,29714.0,872
1783585200,29716.0,29717.0,29702.5,29710.0,281
1783585500,29710.75,29722.25,29695.75,29699.25,443
1783585800,29697.0,29705.25,29668.25,29671.25,753
1783586100,29673.0,29682.0,29667.0,29670.75,507
1783586400,29671.0,29680.5,29660.0,29677.5,518
1783586700,29676.75,29681.5,29643.0,29647.75,422
1783587000,29646.75,29668.5,29645.0,29665.0,382
1783587300,29663.25,29675.75,29648.5,29661.25,558
1783587600,29663.5,29669.0,29640.5,29649.0,355
1783587900,29650.5,29659.25,29629.0,29641.25,380
1783588200,29642.25,29647.0,29629.0,29639.5,241
1783588500,29641.25,29660.0,29635.0,29646.5,425
1783588800,29645.0,29650.5,29635.0,29639.75,253
1783589100,29637.75,29663.25,29633.5,29650.0,345
1783589400,29647.75,29661.0,29638.5,29645.75,343
1783589700,29646.75,29656.0,29632.75,29643.75,201
1783590000,29644.75,29653.0,29613.75,29621.25,725
1783590300,29622.0,29634.25,29618.25,29627.0,225
1783590600,29631.5,29646.5,29625.0,29643.75,454
1783590900,29646.25,29649.0,29638.75,29644.0,209
1783591200,29645.5,29656.5,29636.25,29645.0,301
1783591500,29649.75,29656.25,29633.25,29644.0,299
1783591800,29645.75,29655.5,29638.0,29647.75,175
1783592100,29650.0,29668.5,29645.25,29663.0,418
1783592400,29663.5,29669.0,29649.25,29652.25,274
1783592700,29652.25,29652.5,29632.25,29650.5,342
1783593000,29649.5,29649.5,29629.0,29643.5,374
1783593300,29642.75,29660.75,29638.75,29652.25,273
1783593600,29646.5,29651.0,29633.0,29640.25,315
1783593900,29641.25,29645.0,29604.75,29605.5,740
1783594200,29604.5,29610.0,29566.0,29581.75,1362
1783594500,29582.25,29602.75,29564.5,29600.25,751
1783594800,29601.75,29626.0,29600.25,29617.0,723
1783595100,29618.5,29623.25,29579.0,29587.5,609
1783595400,29589.5,29618.0,29584.0,29610.5,345
1783595700,29611.25,29612.0,29593.75,29600.5,232
1783596000,29602.75,29636.5,29599.5,29621.0,1361
1783596300,29622.75,29643.75,29619.75,29641.0,546
1783596600,29641.0,29670.25,29626.75,29667.75,1118
1783596900,29666.25,29673.75,29650.0,29666.0,619
1783597200,29667.0,29690.0,29654.0,29683.25,651
1783597500,29684.75,29703.75,29674.25,29701.25,1420
1783597800,29701.25,29721.75,29692.25,29703.5,1172
1783598100,29702.5,29710.0,29690.0,29696.0,1008
1783598400,29696.75,29709.0,29684.5,29700.25,1025
1783598700,29700.75,29725.25,29681.0,29722.25,1078
1783599000,29720.5,29732.75,29712.5,29715.75,800
1783599300,29716.25,29724.0,29704.25,29711.25,732
1783599600,29711.5,29739.0,29704.5,29738.5,962
1783599900,29739.0,29755.0,29730.0,29749.25,1214
1783600200,29748.0,29776.25,29740.0,29765.75,1675
1783600500,29767.0,29784.5,29762.75,29783.75,1567
1783600800,29783.75,29786.5,29745.75,29748.5,1579
1783601100,29748.25,29748.5,29715.25,29734.0,1774
1783601400,29733.5,29748.0,29732.25,29744.5,809
1783601700,29745.0,29748.25,29728.0,29736.0,884
1783602000,29735.25,29752.25,29733.0,29744.25,987
1783602300,29744.25,29746.75,29725.25,29743.75,971
1783602600,29743.25,29759.5,29728.75,29757.25,1034
1783602900,29757.25,29758.75,29734.25,29739.75,1381
1783603200,29740.0,29746.0,29726.75,29744.0,1288
1783603500,29744.75,29758.0,29730.0,29747.0,3065
1783603800,29746.25,29781.5,29672.0,29778.75,13902
1783604100,29778.25,29863.0,29767.25,29852.0,10127
1783604400,29852.75,29871.25,29811.75,29858.5,9389
1783604700,29859.25,29891.75,29808.5,29844.5,11310
1783605000,29844.0,29916.75,29817.5,29901.5,9173
1783605300,29901.25,29931.25,29897.5,29909.5,5605
1783605600,29909.75,29922.75,29886.0,29911.25,5768
1783605900,29911.5,29915.25,29850.5,29850.75,6537
1783606200,29850.25,29854.5,29785.25,29802.75,8851
1783606500,29803.5,29803.5,29674.0,29692.0,13412
1783606800,29691.5,29714.25,29614.5,29710.25,11743
1783607100,29710.5,29777.5,29688.75,29763.75,7555
1783607400,29763.25,29772.0,29694.25,29739.25,5899
1783607700,29739.75,29791.75,29726.25,29784.0,4689
1783608000,29784.75,29799.0,29750.5,29759.5,4377
1783608300,29758.5,29811.0,29755.0,29799.25,4104
1783608600,29798.0,29799.75,29723.5,29761.25,5381
1783608900,29761.0,29821.25,29753.25,29787.75,5378
1783609200,29788.25,29823.75,29779.5,29820.75,3123
1783609500,29821.75,29863.5,29819.0,29858.25,5030
1783609800,29858.25,29864.25,29833.25,29854.75,3339
1783610100,29853.5,29879.0,29830.0,29841.75,4351
1783610400,29843.0,29881.5,29838.75,29879.25,3816
1783610700,29879.75,29886.25,29863.75,29873.5,3185
1783611000,29874.25,29883.0,29856.25,29864.25,2872
1783611300,29863.25,29876.0,29858.75,29874.0,1782
1783611600,29875.25,29899.75,29871.25,29882.0,3021
1783611900,29883.0,29899.75,29880.25,29899.0,3035
1783612200,29899.0,29905.25,29887.0,29892.25,3610
1783612500,29892.0,29898.75,29878.5,29886.25,2634
1783612800,29886.5,29913.5,29886.5,29904.5,2876
1783613100,29905.25,29924.25,29904.0,29908.75,2797
1783613400,29909.0,29914.0,29896.75,29900.25,2184
1783613700,29900.25,29917.0,29892.5,29904.25,2358
1783614000,29903.5,29912.5,29892.5,29909.75,2120
1783614300,29909.25,29910.25,29880.75,29890.75,2459
1783614600,29890.5,29912.5,29880.75,29881.5,3102
1783614900,29881.75,29889.0,29864.0,29888.0,3490
1783615200,29889.0,29916.5,29889.0,29909.0,2900
1783615500,29908.5,29913.25,29891.25,29896.5,2015
1783615800,29896.75,29910.0,29895.75,29904.0,1439
1783616100,29903.75,29907.5,29885.25,29897.25,1790
1783616400,29897.0,29923.5,29893.5,29919.0,2288
1783616700,29918.25,29949.0,29911.5,29942.25,5099
1783617000,29941.75,29969.5,29941.5,29954.25,4690
1783617300,29954.25,29983.0,29954.0,29981.25,2557
1783617600,29981.5,29989.25,29970.25,29979.25,2801
1783617900,29978.25,29991.0,29975.0,29988.0,1999
1783618200,29988.75,29993.5,29963.75,29966.0,2896
1783618500,29965.5,29985.75,29962.0,29974.5,1971
1783618800,29975.5,29979.5,29964.75,29974.5,1423
1783619100,29974.75,29992.25,29973.0,29981.5,1784
1783619400,29982.0,29986.25,29975.5,29979.5,1155
1783619700,29979.25,29981.25,29950.75,29973.75,3193
1783620000,29974.75,29982.75,29960.75,29965.5,2377
1783620300,29965.75,29985.0,29965.5,29982.5,1897
1783620600,29981.5,29983.25,29971.75,29975.5,1522
1783620900,29976.5,29981.0,29962.5,29970.75,1840
1783621200,29970.75,29970.75,29945.75,29948.75,2555
1783621500,29949.0,29960.5,29942.0,29956.75,2507
1783621800,29957.25,29968.25,29951.25,29953.5,2088
1783622100,29952.75,29956.75,29944.75,29946.75,1937
1783622400,29946.5,29959.5,29939.5,29958.25,2121
1783622700,29957.25,29965.0,29952.25,29956.75,1775
1783623000,29957.25,29959.75,29945.5,29948.0,1616
1783623300,29948.0,29948.5,29929.5,29939.25,3029
1783623600,29939.75,29941.5,29910.0,29913.5,3755
1783623900,29913.75,29936.75,29905.25,29922.75,2941
1783624200,29923.5,29929.5,29912.0,29916.0,2004
1783624500,29916.5,29958.25,29902.75,29947.75,3927
1783624800,29947.75,29957.75,29940.25,29940.25,2240
1783625100,29941.0,29943.75,29928.0,29932.25,2363
1783625400,29932.0,29932.0,29909.0,29918.25,3746
1783625700,29917.75,29944.25,29916.75,29941.5,2232
1783626000,29941.5,29945.5,29925.75,29943.25,2478
1783626300,29943.5,29952.25,29936.25,29938.25,2485
1783626600,29938.75,29939.0,29896.75,29896.75,6503
1783626900,29897.75,29954.75,29897.25,29948.0,14316
1783627200,29948.5,29962.5,29942.75,29950.0,5345
1783627500,29949.5,29971.0,29947.75,29970.25,1784
1783627800,29969.5,29973.75,29960.5,29966.5,1564
1783628100,29967.0,29970.25,29957.5,29958.0,750
1783628400,29957.75,29967.0,29950.75,29952.0,739
1783628700,29951.75,29954.25,29937.0,29940.0,550
1783629000,29939.5,29949.25,29935.0,29947.25,625
1783629300,29947.0,29949.0,29940.5,29941.5,325
1783629600,29941.5,29944.25,29932.0,29934.75,572
1783629900,29935.0,29939.0,29933.25,29937.5,357
1783630200,29937.0,29938.0,29930.25,29934.5,599
1783630500,29934.25,29939.5,29926.25,29931.25,1151
1783634400,29937.75,29947.75,29923.5,29941.25,0
1783634700,29942.0,29961.0,29926.0,29934.25,770
1783635000,29936.0,29939.5,29929.75,29936.75,338
1783635300,29938.0,29945.25,29911.0,29917.5,758
1783635600,29918.25,29923.5,29906.75,29914.75,342
1783635900,29914.75,29918.0,29904.0,29907.75,304
1783636200,29908.75,29915.25,29905.5,29907.25,206
1783636500,29905.5,29919.0,29905.5,29910.5,275
1783636800,29911.75,29922.5,29909.75,29920.25,149
1783637100,29921.75,29927.5,29913.25,29921.5,300
1783637400,29919.5,29925.5,29915.75,29919.0,159
1783637700,29916.75,29923.75,29915.5,29922.0,105
1783638000,29921.5,29933.75,29907.0,29932.5,559
1783638300,29932.25,29938.75,29929.25,29938.5,343
1783638600,29937.75,29942.0,29933.25,29939.75,226
1783638900,29937.75,29949.0,29929.5,29946.5,322
1783639200,29946.75,29959.75,29938.25,29954.25,563
1783639500,29955.25,29964.25,29954.25,29956.0,360
1783639800,29958.75,29959.0,29944.0,29948.5,442
1783640100,29952.0,29957.0,29948.25,29954.0,128
1783640400,29954.25,29956.25,29938.5,29942.0,220
1783640700,29941.0,29945.0,29926.0,29933.5,477
1783641000,29933.0,29957.0,29932.25,29949.75,429
1783641300,29949.0,29958.0,29930.75,29932.5,433
1783641600,29933.25,29952.0,29889.75,29907.25,1671
1783641900,29910.25,29916.75,29868.0,29893.0,1125
1783642200,29892.75,29899.75,29858.0,29894.0,1159
1783642500,29895.25,29903.5,29862.5,29878.75,986
1783642800,29879.0,29890.5,29833.75,29836.25,1157
1783643100,29837.5,29845.25,29820.75,29837.0,953
1783643400,29838.0,29845.0,29807.75,29812.25,966
1783643700,29812.0,29821.75,29805.0,29805.75,753
1783644000,29805.0,29832.5,29804.25,29828.0,1056
1783644300,29827.5,29833.25,29808.0,29822.25,917
1783644600,29823.75,29836.75,29816.5,29834.75,495
1783644900,29836.25,29870.0,29835.0,29866.5,1930
1783645200,29866.5,29870.75,29828.0,29828.5,902
1783645500,29829.25,29844.75,29819.5,29828.5,894
1783645800,29827.75,29851.5,29817.5,29845.5,791
1783646100,29843.5,29862.0,29836.75,29860.5,512
1783646400,29861.75,29877.25,29849.5,29873.25,618
1783646700,29872.5,29875.0,29850.5,29866.25,443
1783647000,29867.25,29887.75,29854.75,29879.0,568
1783647300,29879.0,29902.5,29870.0,29896.75,917
1783647600,29898.0,29899.75,29883.75,29885.25,368
1783647900,29885.75,29919.0,29881.5,29916.75,762
1783648200,29916.75,29922.75,29899.25,29901.0,521
1783648500,29902.5,29910.75,29889.75,29891.5,440
1783648800,29895.0,29895.25,29865.25,29888.0,805
1783649100,29887.25,29901.25,29875.5,29897.25,387
1783649400,29895.5,29896.25,29871.5,29880.75,376
1783649700,29881.25,29881.25,29860.0,29875.0,678
1783650000,29874.0,29879.0,29854.25,29869.25,561
1783650300,29870.0,29884.75,29867.5,29882.5,637
1783650600,29883.25,29898.0,29874.0,29897.0,574
1783650900,29898.0,29910.25,29890.75,29908.25,502
1783651200,29909.0,29916.25,29905.25,29908.25,431
1783651500,29908.5,29932.0,29902.0,29929.75,740
1783651800,29929.75,29949.0,29928.0,29936.5,705
1783652100,29936.0,29952.5,29936.0,29951.25,351
1783652400,29952.0,29959.5,29942.5,29954.5,356
1783652700,29953.75,29963.5,29948.5,29952.25,343
1783653000,29953.0,29955.25,29940.25,29947.25,350
1783653300,29947.5,29950.5,29940.5,29943.25,191
1783653600,29942.5,29945.5,29926.25,29929.75,381
1783653900,29929.75,29932.25,29922.0,29923.5,293
1783654200,29925.25,29932.75,29918.0,29929.0,284
1783654500,29929.25,29931.0,29917.0,29925.25,206
1783654800,29929.0,29932.0,29919.0,29925.0,205
1783655100,29922.75,29923.75,29913.25,29921.25,226
1783655400,29921.75,29926.0,29912.5,29916.5,227
1783655700,29917.5,29933.75,29913.5,29930.5,239
1783656300,29936.75,29936.75,29931.5,29935.25,721
1783656600,29933.75,29948.75,29933.75,29947.75,261
1783656900,29946.0,29947.5,29935.5,29944.5,165
1783657200,29944.5,29944.75,29918.5,29921.25,373
1783657500,29919.75,29930.75,29917.25,29927.5,201
1783657800,29928.0,29929.25,29906.25,29909.0,484
1783658100,29909.5,29920.0,29906.5,29916.5,333
1783658400,29917.25,29923.0,29913.75,29915.25,265
1783658700,29915.5,29917.5,29903.5,29903.75,378
1783659000,29903.25,29904.0,29884.0,29892.5,576
1783659300,29893.0,29898.5,29875.25,29881.75,592
1783659600,29883.75,29886.5,29868.5,29873.75,454
1783659900,29872.5,29881.0,29865.75,29868.25,411
1783660200,29868.5,29885.25,29867.0,29882.5,376
1783660500,29883.25,29897.0,29879.25,29886.0,545
1783660800,29885.0,29887.0,29870.25,29877.75,381
1783661100,29878.25,29882.0,29871.0,29876.5,224
1783661400,29877.25,29879.5,29863.25,29876.75,318
1783661700,29877.75,29881.25,29862.5,29862.5,366
1783662000,29864.0,29875.25,29852.0,29875.0,869
1783662300,29875.75,29875.75,29858.25,29860.0,363
1783662600,29859.0,29874.0,29853.0,29854.5,360
1783662900,29854.25,29856.0,29840.0,29845.5,462
1783663200,29847.25,29856.75,29839.25,29853.75,801
1783663500,29850.25,29855.0,29830.5,29833.75,791
1783663800,29834.0,29834.25,29820.0,29826.25,748
1783664100,29824.75,29830.75,29811.0,29816.0,870
1783664400,29815.75,29816.25,29781.0,29781.5,1524
1783664700,29782.25,29793.25,29775.25,29789.5,955
1783665000,29788.75,29831.25,29785.5,29811.5,1220
1783665300,29811.25,29815.5,29787.5,29794.5,832
1783665600,29793.0,29820.0,29792.0,29814.75,433
1783665900,29814.0,29822.5,29809.5,29821.5,388
1783666200,29821.0,29832.5,29820.75,29827.0,444
1783666500,29826.0,29830.0,29816.75,29819.5,284
1783666800,29819.25,29822.5,29801.0,29820.75,456
1783667100,29820.75,29827.75,29798.0,29804.0,493
1783667400,29802.5,29814.0,29796.0,29813.25,403
1783667700,29813.0,29825.25,29790.5,29806.0,674
1783668000,29807.0,29816.5,29797.5,29813.25,319
1783668300,29813.0,29820.5,29804.75,29816.0,293
1783668600,29816.0,29819.0,29804.0,29810.0,165
1783668900,29811.0,29811.75,29800.0,29808.75,148
1783669200,29806.5,29807.0,29793.75,29796.75,158
1783669500,29796.5,29799.0,29781.25,29791.0,491
1783669800,29790.25,29795.5,29766.5,29769.0,596
1783670100,29770.0,29777.25,29761.75,29774.0,526
1783670400,29773.75,29783.75,29751.25,29756.25,938
1783670700,29757.75,29781.0,29743.75,29781.0,870
1783671000,29782.0,29799.5,29778.75,29796.75,480
1783671300,29797.0,29803.75,29786.0,29789.5,501
1783671600,29789.25,29789.25,29755.5,29765.75,556
1783671900,29766.0,29780.25,29765.5,29768.75,370
1783672200,29768.25,29773.0,29754.0,29772.5,369
1783672500,29773.25,29785.25,29765.0,29778.75,449
1783672800,29778.25,29785.25,29760.0,29785.25,379
1783673100,29785.25,29795.75,29780.0,29792.75,446
1783673400,29792.75,29799.0,29778.25,29783.75,475
1783673700,29783.25,29788.25,29772.0,29773.25,234
1783674000,29776.75,29782.5,29717.25,29766.25,2014
1783674300,29767.25,29779.0,29763.0,29777.5,297
1783674600,29775.5,29800.75,29773.75,29795.5,551
1783674900,29797.0,29817.5,29796.75,29815.5,558
1783675200,29815.0,29816.25,29798.75,29806.0,320
1783675500,29806.25,29817.0,29804.25,29813.5,312
1783675800,29810.0,29825.0,29806.0,29825.0,368
1783676100,29823.5,29827.75,29810.75,29826.0,360
1783676400,29826.0,29827.5,29810.5,29815.5,261
1783676700,29818.0,29827.25,29808.25,29809.75,413
1783677000,29810.0,29815.5,29803.75,29807.0,399
1783677300,29805.5,29820.75,29800.75,29814.75,294
1783677600,29820.75,29839.25,29818.0,29830.75,484
1783677900,29829.75,29841.75,29828.0,29838.5,255
1783678200,29838.25,29838.25,29827.5,29833.0,129
1783678500,29834.0,29837.0,29823.25,29825.75,129
1783678800,29827.0,29839.75,29805.5,29827.0,988
1783679100,29829.5,29839.5,29819.25,29839.5,253
1783679400,29838.0,29856.0,29838.0,29854.0,690
1783679700,29854.25,29854.75,29844.75,29847.75,293
1783680000,29849.25,29862.0,29843.75,29862.0,412
1783680300,29861.5,29862.25,29841.0,29843.25,320
1783680600,29843.25,29845.25,29834.75,29837.75,331
1783680900,29837.25,29853.0,29834.75,29850.75,317
1783681200,29850.0,29875.25,29849.0,29874.75,846
1783681500,29874.25,29878.0,29862.0,29864.5,520
1783681800,29865.75,29875.0,29862.75,29874.5,430
1783682100,29875.25,29887.75,29875.0,29881.0,547
1783682400,29881.75,29887.75,29876.75,29885.75,250
1783682700,29886.5,29886.75,29850.5,29851.75,758
1783683000,29851.5,29852.0,29820.25,29836.75,909
1783683300,29836.75,29840.25,29811.5,29818.5,562
1783683600,29819.5,29841.0,29817.5,29836.25,542
1783683900,29837.25,29843.0,29823.0,29826.0,515
1783684200,29825.0,29839.0,29818.5,29819.5,371
1783684500,29819.0,29826.75,29806.75,29816.0,765
1783684800,29816.75,29821.0,29781.25,29784.0,945
1783685100,29783.5,29793.75,29771.25,29792.5,928
1783685400,29792.75,29878.75,29780.5,29845.75,3399
1783685700,29843.75,29850.75,29825.0,29834.25,889
1783686000,29834.5,29848.75,29826.75,29843.0,712
1783686300,29842.75,29856.5,29839.0,29851.75,596
1783686600,29852.0,29853.75,29835.25,29843.0,596
1783686900,29842.75,29859.5,29819.5,29856.75,1063
1783687200,29857.5,29860.75,29821.25,29824.5,936
1783687500,29825.75,29841.5,29816.5,29826.25,989
1783687800,29826.25,29835.0,29819.25,29821.0,560
1783688100,29820.25,29834.25,29800.0,29800.0,888
1783688400,29800.5,29819.0,29790.5,29804.0,1321
1783688700,29804.5,29826.5,29801.0,29802.75,1100
1783689000,29803.5,29813.25,29791.5,29811.25,991
1783689300,29811.5,29825.0,29801.5,29819.25,663
1783689600,29819.5,29835.75,29818.75,29828.25,1085
1783689900,29828.75,29851.0,29809.75,29835.0,2723
1783690200,29834.75,29921.25,29812.5,29902.75,11916
1783690500,29903.5,29936.75,29856.75,29864.75,9065
1783690800,29863.75,29874.5,29798.0,29856.0,9451
1783691100,29855.5,29949.75,29852.75,29940.75,8545
1783691400,29940.75,29968.5,29913.5,29937.25,7422
1783691700,29937.25,29955.0,29903.5,29923.0,6681
1783692000,29922.75,29961.25,29912.75,29941.25,5655
1783692300,29941.25,29964.25,29906.5,29961.25,5983
1783692600,29961.25,29966.0,29932.25,29940.25,4608
1783692900,29940.5,29951.5,29888.5,29905.75,6692
1783693200,29905.5,29911.75,29844.75,29896.25,7179
1783693500,29895.25,29942.25,29861.75,29907.0,5993
1783693800,29907.5,29957.25,29675.0,29850.0,11803
1783694100,29851.0,29895.0,29818.25,29881.25,6210
1783694400,29880.5,29901.75,29840.0,29891.25,4731
1783694700,29891.25,29906.75,29860.0,29902.0,3543
1783695000,29902.5,29913.0,29850.25,29853.25,3982
1783695300,29853.0,29864.25,29808.75,29818.25,5609
1783695600,29818.5,29834.0,29789.75,29804.0,6030
1783695900,29805.0,29862.0,29780.0,29861.5,4742
1783696200,29861.25,29884.5,29859.5,29874.0,3619
1783696500,29874.0,29957.0,29872.75,29930.0,6235
1783696800,29928.75,29955.75,29917.5,29948.25,3478
1783697100,29949.0,29987.5,29948.75,29979.0,4547
1783697400,29980.0,29991.5,29962.75,29982.25,5400
1783697700,29981.25,29983.0,29912.5,29917.0,4681
1783698000,29916.25,29919.75,29834.0,29873.75,7344
1783698300,29875.25,29923.0,29847.75,29911.5,6038
1783698600,29912.25,29938.25,29902.5,29930.0,3097
1783698900,29930.75,29948.5,29914.0,29944.25,2335
1783699200,29944.25,29985.0,29943.75,29981.75,3752
1783699500,29981.5,29990.0,29963.0,29971.75,3148
1783699800,29972.25,29988.0,29962.5,29981.25,2769
1783700100,29981.5,30017.25,29981.5,30017.0,6058
1783700400,30016.0,30023.0,29999.0,30013.75,3302
1783700700,30014.0,30029.0,30000.75,30013.5,2794
1783701000,30013.25,30026.0,30010.5,30023.25,1944
1783701300,30023.25,30034.0,30004.0,30010.75,3128
1783701600,30010.0,30024.75,30008.75,30016.5,1746
1783701900,30015.75,30031.75,30015.25,30023.75,1765
1783702200,30024.75,30043.25,30017.0,30027.5,2545
1783702500,30027.75,30035.0,30012.0,30026.75,2156
1783702800,30026.5,30033.5,30000.5,30006.0,2214
1783703100,30006.5,30024.75,29999.25,30006.75,1779
1783703400,30007.0,30019.75,29996.5,30016.0,1506
1783703700,30015.25,30029.75,30008.5,30014.0,1932
1783704000,30013.75,30036.75,30011.25,30035.5,1449
1783704300,30036.0,30051.5,30034.0,30049.75,2193
1783704600,30049.75,30058.25,30038.0,30046.0,2290
1783704900,30046.0,30071.0,30041.25,30063.75,2819
1783705200,30064.5,30069.5,30057.5,30064.75,1685
1783705500,30065.0,30072.25,30060.25,30065.5,1186
1783705800,30065.75,30069.5,30051.25,30052.5,1501
1783706100,30052.25,30054.5,30031.25,30038.0,2150
1783706400,30039.0,30058.25,30034.25,30048.5,2609
1783706700,30047.75,30063.0,30046.0,30054.25,1993
1783707000,30054.25,30071.0,30046.25,30049.75,3074
1783707300,30049.25,30052.25,30026.0,30036.5,2344
1783707600,30036.25,30052.75,30021.5,30046.0,2686
1783707900,30047.5,30065.5,30040.75,30046.0,2717
1783708200,30045.25,30057.75,30039.0,30054.75,1333
1783708500,30054.25,30054.75,30031.25,30039.0,1558
1783708800,30041.25,30049.25,30036.25,30039.5,1383
1783709100,30039.0,30044.0,30030.0,30032.5,1397
1783709400,30032.0,30046.25,30028.25,30036.0,1680
1783709700,30036.0,30047.5,30034.5,30038.25,1601
1783710000,30038.5,30077.75,30033.0,30071.25,2982
1783710300,30070.75,30071.75,30045.5,30048.75,2143
1783710600,30049.0,30060.5,30043.5,30059.0,1708
1783710900,30058.5,30059.75,30037.0,30049.0,1879
1783711200,30048.25,30052.5,30039.0,30039.0,1778
1783711500,30039.25,30054.0,30036.5,30046.0,1290
1783711800,30046.25,30067.25,30044.75,30051.75,2336
1783712100,30052.0,30068.0,30047.25,30057.75,1566
1783712400,30057.0,30067.0,30053.25,30053.25,1614
1783712700,30053.25,30058.5,30046.5,30048.5,2807
1783713000,30048.0,30066.5,30038.25,30042.25,4656
1783713300,30041.5,30052.5,30024.75,30037.25,11696
1783713600,30037.25,30062.0,30031.75,30052.0,4148
1783713900,30052.25,30052.25,30036.0,30046.5,1169
1783714200,30046.0,30053.0,30045.25,30048.5,1113
1783714500,30047.75,30057.25,30046.25,30052.75,537
1783714800,30052.75,30055.0,30049.25,30052.25,285
1783715100,30052.5,30059.5,30052.0,30055.5,462
1783715400,30054.5,30061.5,30051.5,30055.5,347
1783715700,30055.5,30058.75,30053.75,30056.75,213
1783716000,30057.0,30059.25,30055.0,30058.5,377
1783716300,30058.25,30063.0,30056.5,30061.0,708
1783716600,30061.0,30064.25,30059.5,30063.75,546
1783716900,30063.5,30073.75,30032.25,30032.25,622
1783894200,29894.25,29915.0,29855.0,29864.25,1263
1783894500,29866.25,29887.75,29862.25,29870.0,934
1783894800,29868.25,29897.5,29868.0,29882.25,894
1783895100,29882.25,29890.5,29876.75,29887.25,358
1783895400,29887.25,29900.0,29887.25,29894.25,509
1783895700,29890.25,29904.25,29871.75,29891.75,905
1783896000,29891.75,29900.0,29875.0,29893.5,473
1783896300,29894.0,29896.75,29871.75,29878.25,606
1783896600,29880.75,29892.75,29878.25,29888.5,231
1783896900,29888.5,29915.0,29888.0,29910.25,663
1783897200,29909.75,29910.5,29880.5,29894.25,853
1783897500,29896.0,29905.25,29889.5,29890.75,226
1783897800,29892.0,29897.5,29884.5,29891.25,187
1783898100,29890.25,29894.25,29869.5,29891.5,806
1783898400,29890.0,29894.0,29876.0,29881.5,350
1783898700,29881.0,29891.5,29879.0,29890.25,290
1783899000,29888.25,29891.5,29880.75,29886.0,180
1783899300,29886.25,29893.5,29875.5,29890.75,357
1783899600,29892.5,29898.25,29888.75,29888.75,331
1783899900,29889.25,29890.75,29845.0,29863.5,1278
1783900200,29864.0,29895.5,29864.0,29876.5,645
1783900500,29876.5,29895.0,29865.75,29893.25,538
1783900800,29892.0,29986.25,29871.5,29965.5,2868
1783901100,29967.0,30007.75,29953.5,29995.5,1766
1783901400,29996.5,30041.0,29996.5,30019.0,1414
1783901700,30018.0,30032.25,29958.0,29972.0,1560
1783902000,29975.0,30014.25,29970.0,29994.75,1052
1783902300,29989.5,30004.5,29964.0,29967.25,478
1783902600,29968.0,29971.75,29911.75,29912.0,1295
1783902900,29912.0,29928.5,29886.0,29894.0,1053
1783903200,29893.75,29903.5,29850.0,29881.75,1362
1783903500,29883.75,29905.25,29860.25,29862.5,1246
1783903800,29862.25,29869.0,29807.5,29831.75,2101
1783904100,29830.0,29845.5,29821.0,29832.5,1109
1783904400,29836.75,29851.25,29808.0,29818.5,1362
1783904700,29819.75,29826.25,29795.5,29795.5,978
1783905000,29797.0,29819.5,29788.75,29812.25,1044
1783905300,29812.75,29849.0,29810.75,29827.75,857
1783905600,29828.0,29839.75,29808.5,29813.75,662
1783905900,29814.5,29819.25,29789.0,29809.0,902
1783906200,29808.75,29817.5,29789.5,29803.0,575
1783906500,29800.25,29843.25,29794.75,29836.75,827
1783906800,29836.5,29840.25,29803.25,29812.0,722
1783907100,29812.25,29812.75,29776.0,29777.0,1158
1783907400,29777.75,29787.25,29742.5,29757.25,2021
1783907700,29757.0,29770.25,29737.25,29761.25,1560
1783908000,29762.75,29772.0,29727.0,29748.25,1285
1783908300,29750.75,29771.25,29728.5,29743.5,1129
1783908600,29742.25,29766.0,29731.25,29752.75,958
1783908900,29753.0,29775.5,29745.0,29771.25,721
1783909200,29770.75,29802.0,29769.0,29791.25,874
1783909500,29792.75,29808.75,29788.0,29797.25,629
1783909800,29798.5,29800.0,29759.0,29777.25,1066
1783910100,29778.25,29787.0,29754.0,29759.75,501
1783910400,29757.5,29766.75,29746.5,29766.0,551
1783910700,29766.25,29769.25,29744.75,29764.25,387
1783911000,29766.0,29773.75,29736.25,29737.25,579
1783911300,29738.0,29750.0,29714.5,29717.0,697
1783911600,29717.5,29721.25,29705.5,29708.0,895
1783911900,29710.0,29717.25,29690.0,29696.25,735
1783912200,29696.25,29698.75,29684.75,29694.0,655
1783912500,29694.0,29702.5,29682.0,29702.0,639
1783912800,29701.75,29707.75,29687.25,29697.75,445
1783913100,29698.5,29717.75,29698.5,29710.0,589
1783913400,29709.0,29714.25,29687.75,29694.75,752
1783913700,29693.5,29716.25,29683.75,29707.75,688
1783914000,29708.5,29727.25,29691.75,29697.25,706
1783914300,29697.25,29722.25,29694.75,29722.25,506
1783914600,29722.25,29725.25,29701.25,29708.25,316
1783914900,29708.75,29713.0,29690.0,29695.25,405
1783915200,29689.75,29690.0,29654.0,29662.75,1405
1783915500,29662.75,29666.75,29650.75,29658.5,588
1783915800,29659.5,29670.0,29650.0,29666.75,494
1783916100,29666.5,29676.25,29659.0,29673.25,435
1783916400,29672.25,29677.75,29652.5,29659.0,598
1783916700,29660.0,29660.25,29638.75,29651.5,583
1783917000,29651.5,29655.75,29638.25,29641.0,499
1783917300,29641.5,29641.5,29629.0,29636.75,490
1783917600,29636.25,29636.75,29622.75,29626.5,447
1783917900,29624.0,29630.75,29621.5,29624.75,283
1783918200,29623.0,29624.75,29612.75,29618.75,458
1783918500,29618.75,29637.0,29615.0,29627.0,557
1783918800,29627.75,29641.5,29606.5,29641.0,1171
1783919100,29639.75,29674.25,29634.25,29672.0,1106
1783919400,29672.25,29693.75,29668.0,29688.5,706
1783919700,29684.0,29686.25,29645.0,29646.25,748
1783920000,29648.5,29651.0,29595.25,29599.75,977
1783920300,29598.5,29605.0,29577.0,29584.0,916
1783920600,29585.0,29623.0,29542.75,29622.0,1630
1783920900,29621.25,29655.75,29618.25,29653.25,982
1783921200,29652.0,29670.75,29630.0,29637.0,952
1783921500,29637.5,29642.5,29614.75,29633.0,484
1783921800,29632.75,29666.75,29627.5,29627.5,749
1783922100,29628.5,29649.5,29622.0,29649.0,551
1783922400,29650.5,29666.0,29638.5,29654.75,749
1783922700,29656.25,29660.0,29612.5,29612.75,588
1783923000,29613.0,29618.0,29585.5,29593.0,806
1783923300,29592.0,29606.75,29588.75,29602.75,819
1783923600,29601.25,29621.0,29601.25,29615.0,541
1783923900,29617.25,29635.25,29609.25,29630.0,471
1783924200,29630.25,29650.5,29613.75,29619.5,675
1783924500,29620.0,29622.5,29598.5,29612.0,517
1783924800,29614.75,29644.75,29610.5,29643.75,515
1783925100,29641.75,29652.0,29623.75,29642.75,678
1783925400,29642.75,29645.5,29614.0,29622.75,487
1783925700,29622.75,29634.25,29611.25,29632.5,433
1783926000,29631.5,29651.0,29607.0,29641.0,814
1783926300,29640.0,29666.0,29633.0,29662.75,568
1783926600,29661.0,29675.5,29656.5,29670.75,531
1783926900,29671.5,29675.0,29642.25,29648.0,694
1783927200,29648.5,29690.25,29644.0,29685.0,764
1783927500,29685.5,29685.5,29669.5,29674.5,470
1783927800,29670.75,29671.25,29636.0,29644.25,467
1783928100,29645.0,29663.75,29640.5,29659.0,448
1783928400,29661.25,29670.0,29648.25,29660.5,364
1783928700,29660.75,29663.0,29643.75,29648.75,358
1783929000,29646.0,29653.25,29637.0,29651.25,198
1783929300,29652.5,29659.25,29636.75,29652.75,257
1783929600,29654.25,29678.5,29647.5,29670.0,649
1783929900,29668.5,29693.0,29647.5,29681.75,911
1783930200,29681.0,29707.0,29674.75,29703.75,836
1783930500,29705.0,29729.75,29704.25,29717.75,902
1783930800,29717.0,29733.0,29713.0,29722.5,640
1783931100,29721.25,29741.5,29719.25,29725.75,1008
1783931400,29728.0,29735.0,29715.5,29717.0,393
1783931700,29716.0,29721.0,29700.0,29717.0,345
1783932000,29716.75,29734.0,29712.75,29726.5,353
1783932300,29727.25,29739.75,29721.75,29738.75,311
1783932600,29737.75,29754.0,29736.0,29743.75,607
1783932900,29745.0,29751.0,29734.0,29747.5,516
1783933200,29747.5,29751.25,29720.25,29726.5,464
1783933500,29726.25,29732.75,29719.25,29726.5,237
1783933800,29725.5,29734.75,29718.0,29732.75,309
1783934100,29733.75,29756.5,29729.75,29750.25,309
1783934400,29751.5,29760.75,29748.5,29754.75,396
1783934700,29756.25,29766.25,29753.0,29763.25,322
1783935000,29763.0,29767.5,29754.5,29760.25,249
1783935300,29760.0,29774.75,29759.0,29771.0,259
1783935600,29769.25,29776.5,29761.75,29773.75,254
1783935900,29773.25,29773.75,29758.75,29763.0,264
1783936200,29760.5,29769.0,29752.0,29766.0,358
1783936500,29766.25,29772.5,29763.0,29770.75,236
1783936800,29772.0,29778.0,29758.0,29762.0,383
1783937100,29761.5,29762.25,29741.0,29747.25,794
1783937400,29746.5,29748.0,29739.0,29747.0,272
1783937700,29747.0,29765.5,29742.25,29765.5,337
1783938000,29765.25,29765.25,29750.25,29750.75,202
1783938300,29751.5,29751.5,29738.75,29741.25,335
1783938600,29741.0,29753.75,29737.5,29739.5,382
1783938900,29739.5,29755.75,29739.5,29750.5,229
1783939200,29752.0,29757.25,29736.5,29739.25,236
1783939500,29738.5,29764.0,29735.75,29755.25,446
1783939800,29755.0,29760.25,29748.75,29755.0,202
1783940100,29754.75,29757.5,29746.25,29756.75,290
1783940400,29755.75,29792.5,29755.5,29775.0,1067
1783940700,29775.75,29799.75,29766.5,29768.75,791
1783941000,29768.0,29778.0,29751.25,29768.25,547
1783941300,29767.75,29781.25,29754.0,29755.0,524
1783941600,29753.25,29770.0,29741.5,29763.25,512
1783941900,29763.25,29782.75,29761.5,29774.75,395
1783942200,29773.0,29790.0,29768.5,29788.5,454
1783942500,29792.0,29793.5,29775.5,29785.5,345
1783942800,29784.75,29788.75,29765.0,29768.0,328
1783943100,29767.75,29768.0,29749.75,29762.75,502
1783943400,29760.75,29766.0,29741.5,29742.25,421
1783943700,29743.25,29746.5,29728.75,29741.0,584
1783944000,29742.0,29752.0,29716.75,29730.0,1010
1783944300,29728.75,29735.5,29710.25,29728.75,864
1783944600,29730.0,29757.25,29693.75,29728.75,1935
1783944900,29730.0,29735.75,29705.25,29717.75,1111
1783945200,29716.5,29716.5,29694.0,29697.5,658
1783945500,29697.25,29699.25,29682.75,29684.0,780
1783945800,29684.5,29684.5,29658.0,29672.75,1232
1783946100,29672.25,29675.75,29655.5,29674.75,1011
1783946400,29675.25,29694.5,29666.25,29689.5,911
1783946700,29688.75,29715.25,29687.25,29712.5,878
1783947000,29712.5,29721.25,29702.5,29712.0,803
1783947300,29710.75,29725.0,29709.5,29719.0,584
1783947600,29719.25,29748.0,29711.0,29740.75,1036
1783947900,29741.25,29746.75,29719.0,29727.5,897
1783948200,29727.25,29729.5,29715.5,29719.25,632
1783948500,29718.5,29718.5,29697.5,29699.0,829
1783948800,29698.0,29702.25,29687.5,29690.5,1072
1783949100,29692.25,29721.25,29683.25,29710.75,2540
1783949400,29710.0,29737.25,29631.75,29644.75,13644
1783949700,29646.25,29673.5,29610.75,29621.5,9213
1783950000,29622.5,29623.25,29552.25,29596.0,10364
1783950300,29596.25,29600.75,29535.75,29582.0,11822
1783950600,29582.0,29595.0,29518.0,29541.75,9083
1783950900,29541.75,29640.0,29526.75,29630.0,8495
1783951200,29631.0,29662.5,29580.0,29585.5,9994
1783951500,29585.75,29625.5,29560.75,29620.0,5944
1783951800,29620.25,29655.75,29607.25,29650.75,5376
1783952100,29651.75,29659.75,29488.5,29585.25,11650
1783952400,29584.5,29677.25,29568.5,29665.25,6138
1783952700,29666.0,29703.0,29650.0,29701.5,5806
1783953000,29701.25,29724.0,29683.25,29699.75,6154
1783953300,29699.25,29707.25,29655.0,29685.25,4508
1783953600,29687.5,29688.75,29624.25,29637.75,5231
1783953900,29638.25,29698.25,29603.5,29691.5,5961
1783954200,29691.25,29700.5,29628.75,29640.0,4723
1783954500,29639.0,29720.75,29627.75,29717.75,4460
1783954800,29718.0,29752.5,29706.5,29711.0,6201
1783955100,29711.75,29729.5,29682.5,29692.5,3664
1783955400,29693.0,29719.0,29671.0,29682.25,3385
1783955700,29681.75,29705.75,29662.0,29701.0,3282
1783956000,29700.0,29729.5,29689.5,29720.0,2894
1783956300,29721.0,29722.0,29683.0,29707.25,2377
1783956600,29709.0,29724.5,29681.25,29692.25,2780
1783956900,29693.25,29702.0,29665.5,29682.0,2789
1783957200,29682.75,29689.5,29648.25,29654.75,2885
1783957500,29654.75,29656.5,29617.5,29637.5,3004
1783957800,29638.0,29641.75,29599.75,29626.75,3494
1783958100,29626.75,29631.0,29596.75,29612.25,2388
1783958400,29611.25,29618.75,29592.0,29595.25,2971
1783958700,29594.25,29621.25,29584.25,29619.5,2814
1783959000,29618.75,29638.5,29597.5,29613.5,3919
1783959300,29613.25,29616.0,29566.25,29585.5,4366
1783959600,29584.25,29585.75,29556.25,29565.5,2676
1783959900,29565.75,29568.25,29535.0,29558.0,4784
1783960200,29557.75,29557.75,29510.0,29512.0,5823
1783960500,29511.5,29531.5,29460.75,29519.0,8013
1783960800,29517.5,29550.5,29497.0,29537.25,4189
1783961100,29537.0,29556.25,29511.25,29512.25,3776
1783961400,29512.0,29524.25,29463.75,29505.0,3980
1783961700,29504.0,29546.25,29489.25,29525.75,3170
1783962000,29526.5,29554.25,29516.5,29530.5,2824
1783962300,29529.0,29572.0,29524.0,29566.25,2582
1783962600,29566.25,29580.75,29532.0,29541.0,2546
1783962900,29541.5,29551.5,29511.5,29539.75,2763
1783963200,29541.0,29545.0,29510.25,29513.25,1982
1783963500,29514.0,29524.0,29498.25,29518.25,2226
1783963800,29518.75,29533.25,29506.25,29525.75,2211
1783964100,29525.5,29525.5,29487.5,29499.5,2112
1783964400,29499.75,29521.75,29485.25,29513.25,2281
1783964700,29512.75,29526.25,29491.0,29493.25,2200
1783965000,29493.0,29497.25,29468.0,29488.25,3161
1783965300,29488.0,29498.25,29476.25,29479.5,2155
1783965600,29480.0,29521.0,29476.0,29501.25,3182
1783965900,29500.25,29539.5,29500.0,29507.75,2232
1783966200,29508.0,29518.0,29476.75,29515.75,2504
1783966500,29515.25,29521.75,29467.5,29482.5,2672
1783966800,29482.75,29504.75,29473.25,29502.0,2107
1783967100,29501.75,29504.0,29472.25,29474.0,2078
1783967400,29475.0,29497.75,29454.5,29475.25,3152
1783967700,29474.5,29509.0,29471.25,29497.5,2417
1783968000,29497.5,29517.25,29492.25,29500.75,2295
1783968300,29501.75,29513.0,29488.5,29509.25,2296
1783968600,29509.75,29521.5,29492.75,29503.5,1890
1783968900,29504.5,29512.25,29483.5,29493.5,1859
1783969200,29493.5,29522.0,29475.25,29517.5,2685
1783969500,29518.0,29525.75,29478.25,29479.25,2280
1783969800,29478.25,29481.5,29451.0,29464.0,3348
1783970100,29463.75,29468.5,29452.5,29455.75,2126
1783970400,29456.0,29458.5,29416.0,29434.75,7025
1783970700,29434.5,29436.5,29402.5,29418.5,7865
1783971000,29419.75,29446.75,29412.75,29437.25,5592
1783971300,29437.5,29437.5,29393.25,29406.5,4916
1783971600,29406.25,29455.75,29397.25,29451.0,3987
1783971900,29450.75,29465.0,29434.25,29459.75,3349
1783972200,29459.5,29500.25,29452.75,29467.5,8818
1783972500,29467.5,29504.25,29461.25,29466.5,14866
1783972800,29466.5,29474.0,29451.0,29463.25,4613
1783973100,29462.75,29471.0,29449.25,29452.75,1753
1783973400,29453.5,29463.5,29436.25,29454.5,1682
1783973700,29454.5,29454.75,29386.5,29420.0,3242
1783974000,29420.0,29435.25,29416.5,29432.25,865
1783974300,29433.0,29440.5,29427.0,29437.75,403
1783974600,29437.0,29437.25,29424.5,29433.0,513
1783974900,29432.75,29438.0,29430.75,29437.0,299
1783975200,29437.0,29440.0,29425.25,29435.25,736
1783975500,29434.25,29438.25,29425.75,29429.25,543
1783975800,29428.25,29438.0,29420.0,29433.75,696
1783976100,29433.0,29444.25,29426.0,29428.75,624
1783980000,29446.0,29479.5,29437.75,29449.25,0
1783980300,29449.5,29475.75,29449.5,29465.5,472
1783980600,29468.0,29468.75,29451.75,29452.25,315
1783980900,29452.0,29465.0,29451.5,29457.75,161
1783981200,29458.0,29467.75,29438.5,29440.25,367
1783981500,29440.25,29449.5,29432.0,29434.25,325
1783981800,29433.25,29436.75,29427.25,29431.5,233
1783982100,29431.5,29437.25,29426.25,29432.25,212
1783982400,29434.75,29443.75,29433.5,29441.0,215
1783982700,29442.25,29458.75,29438.0,29446.0,401
1783983000,29446.0,29448.75,29412.0,29412.25,753
1783983300,29412.25,29412.25,29393.75,29399.5,658
1783983600,29399.5,29405.0,29372.25,29374.0,714
1783983900,29374.0,29390.25,29372.25,29383.25,373
1783984200,29384.0,29389.75,29366.75,29381.0,433
1783984500,29382.0,29391.25,29375.0,29390.25,278
1783984800,29390.0,29399.25,29382.0,29393.25,354
1783985100,29392.25,29394.25,29361.75,29366.75,709
1783985400,29368.0,29368.5,29348.0,29352.25,753
1783985700,29351.75,29379.5,29350.25,29354.25,771
1783986000,29353.25,29358.25,29329.0,29333.75,740
1783986300,29332.5,29353.75,29327.25,29343.75,640
1783986600,29343.25,29390.25,29335.0,29381.75,924
1783986900,29383.25,29423.75,29366.75,29420.75,1010
1783987200,29422.5,29452.25,29354.0,29363.25,2010
1783987500,29366.0,29376.75,29325.75,29360.5,1449
1783987800,29363.0,29468.75,29363.0,29463.25,2053
1783988100,29465.5,29475.75,29394.5,29394.5,1391
1783988400,29395.25,29451.0,29369.0,29443.0,1474
1783988700,29443.0,29444.5,29379.25,29420.75,1007
1783989000,29420.25,29471.0,29405.5,29458.75,1025
1783989300,29457.5,29488.0,29442.75,29454.5,1165
1783989600,29451.0,29476.25,29399.5,29417.75,981
1783989900,29418.0,29461.75,29412.5,29457.25,921
1783990200,29455.25,29512.5,29455.25,29506.5,1166
1783990500,29505.5,29535.0,29505.0,29521.0,1025
1783990800,29521.0,29541.25,29509.25,29533.25,914
1783991100,29533.0,29540.0,29509.75,29519.5,786
1783991400,29518.5,29523.25,29480.0,29492.25,839
1783991700,29489.5,29523.0,29481.0,29515.25,796
1783992000,29514.0,29521.0,29485.0,29497.5,927
1783992300,29495.5,29528.5,29491.25,29504.75,546
1783992600,29507.0,29516.5,29470.75,29484.25,804
1783992900,29485.5,29490.0,29452.25,29469.75,949
1783993200,29471.25,29483.0,29441.0,29472.75,917
1783993500,29475.5,29504.75,29474.5,29498.75,741
1783993800,29495.25,29502.0,29470.25,29473.5,467
1783994100,29473.0,29474.5,29437.0,29445.0,710
1783994400,29447.25,29474.0,29430.5,29463.75,801
1783994700,29464.75,29489.0,29461.5,29465.0,690
1783995000,29464.75,29469.0,29424.0,29424.0,623
1783995300,29425.0,29435.25,29400.0,29400.0,645
1783995600,29401.0,29411.5,29376.0,29383.5,1059
1783995900,29383.0,29403.5,29373.0,29401.0,658
1783996200,29403.25,29411.25,29370.25,29372.5,705
1783996500,29374.5,29429.0,29365.25,29427.25,874
1783996800,29428.25,29456.0,29420.0,29444.5,794
1783997100,29445.5,29453.25,29428.0,29442.75,440
1783997400,29444.5,29446.0,29388.25,29390.5,644
1783997700,29391.25,29398.75,29384.0,29389.0,309
1783998000,29390.75,29391.5,29354.75,29363.25,842
1783998300,29362.75,29369.0,29351.25,29357.75,412
1783998600,29358.25,29359.5,29328.5,29335.0,771
1783998900,29334.0,29337.0,29307.75,29323.5,943
1783999200,29322.75,29350.0,29303.5,29332.0,1317
1783999500,29329.75,29377.75,29329.75,29376.75,757
1783999800,29376.5,29405.0,29355.75,29362.25,1338
1784000100,29362.75,29380.5,29343.75,29371.5,761
1784000400,29372.75,29377.5,29334.25,29359.25,996
1784000700,29358.5,29405.0,29353.25,29384.25,737
1784001000,29384.0,29426.0,29382.25,29417.25,659
1784001300,29416.0,29425.75,29407.5,29423.5,367
1784001900,29406.5,29406.5,29393.25,29397.25,1186
1784002200,29398.0,29400.25,29371.25,29391.0,593
1784002500,29391.0,29403.75,29381.0,29395.5,298
1784002800,29398.0,29432.0,29397.5,29427.25,471
1784003100,29425.5,29452.75,29421.75,29450.0,425
1784003400,29450.5,29463.5,29442.5,29462.5,473
1784003700,29462.5,29488.0,29459.75,29484.5,438
1784004000,29484.5,29487.25,29468.0,29474.25,394
1784004300,29473.75,29500.0,29472.5,29495.0,365
1784004600,29494.25,29503.25,29478.0,29497.75,351
1784004900,29498.0,29516.5,29494.25,29508.5,487
1784005200,29509.75,29514.25,29490.0,29511.75,448
1784005500,29510.25,29533.5,29507.0,29523.5,468
1784005800,29524.0,29548.5,29520.5,29545.5,647
1784006100,29546.25,29551.75,29534.75,29545.75,584
1784006400,29547.5,29594.25,29547.5,29587.25,1167
1784006700,29586.25,29610.0,29580.75,29604.5,1240
1784007000,29605.0,29631.25,29598.0,29602.5,1134
1784007300,29601.25,29610.0,29585.0,29594.25,632
1784007600,29595.0,29599.0,29577.75,29594.0,509
1784007900,29596.5,29606.0,29582.75,29594.75,353
1784008200,29595.25,29601.0,29587.25,29599.0,434
1784008500,29599.0,29604.25,29589.0,29593.0,385
1784008800,29592.0,29612.0,29586.25,29606.25,642
1784009100,29606.5,29624.0,29605.5,29618.25,485
1784009400,29619.5,29634.75,29609.75,29629.75,555
1784009700,29629.0,29649.75,29621.0,29641.5,829
1784010000,29639.5,29649.0,29615.75,29616.75,636
1784010300,29615.25,29622.75,29595.0,29606.25,915
1784010600,29606.25,29634.25,29601.75,29629.5,552
1784010900,29630.25,29631.25,29609.5,29614.75,476
1784011200,29611.75,29611.75,29593.0,29598.0,426
1784011500,29596.0,29598.0,29575.0,29580.25,457
1784011800,29580.0,29588.5,29571.75,29572.5,200
1784012100,29573.25,29580.25,29562.75,29564.25,331
1784012400,29564.0,29586.75,29545.5,29585.75,744
1784012700,29585.75,29602.25,29581.75,29592.5,728
1784013000,29592.5,29600.5,29578.0,29600.5,520
1784013300,29599.25,29604.5,29583.25,29591.0,346
1784013600,29590.25,29602.0,29576.75,29592.5,352
1784013900,29595.0,29621.25,29595.0,29604.5,604
1784014200,29606.0,29608.25,29577.75,29602.0,450
1784014500,29600.25,29605.0,29585.25,29600.5,177
1784014800,29595.0,29600.0,29567.25,29572.25,258
1784015100,29576.0,29596.0,29557.25,29596.0,468
1784015400,29595.25,29609.75,29591.5,29598.5,447
1784015700,29597.75,29602.75,29568.25,29574.5,302
1784016000,29575.0,29602.0,29561.25,29585.5,918
1784016300,29586.0,29589.5,29547.75,29558.75,628
1784016600,29557.0,29585.0,29555.25,29580.5,523
1784016900,29582.0,29614.25,29582.0,29605.75,697
1784017200,29606.25,29612.0,29591.25,29594.25,369
1784017500,29598.25,29632.0,29598.25,29618.25,492
1784017800,29617.75,29629.25,29606.5,29619.75,439
1784018100,29620.75,29636.25,29614.5,29622.0,450
1784018400,29619.75,29626.0,29609.5,29613.5,303
1784018700,29613.25,29613.25,29580.75,29583.0,272
1784019000,29583.25,29593.5,29572.25,29590.0,314
1784019300,29593.25,29595.0,29570.75,29573.0,217
1784019600,29573.0,29600.5,29557.75,29599.0,409
1784019900,29599.75,29611.0,29584.5,29609.25,369
1784020200,29609.25,29626.5,29600.0,29624.5,421
1784020500,29623.5,29629.5,29592.0,29603.25,478
1784020800,29605.25,29607.5,29585.5,29591.0,296
1784021100,29591.25,29595.75,29572.25,29574.75,322
1784021400,29573.5,29591.0,29573.25,29585.0,248
1784021700,29585.5,29595.5,29584.0,29595.25,133
1784022000,29593.75,29609.75,29592.0,29599.5,408
1784022300,29598.5,29623.5,29598.0,29623.0,253
1784022600,29621.75,29623.75,29601.0,29608.0,280
1784022900,29609.0,29609.75,29596.75,29602.25,134
1784023200,29603.25,29610.5,29594.75,29608.75,151
1784023500,29610.5,29615.5,29599.0,29613.25,150
1784023800,29612.5,29620.25,29597.25,29605.0,197
1784024100,29607.25,29608.5,29592.25,29599.0,170
1784024400,29598.5,29600.0,29590.0,29597.5,104
1784024700,29597.25,29599.25,29585.5,29598.75,145
1784025000,29595.75,29609.0,29578.75,29591.75,402
1784025300,29589.0,29633.0,29588.0,29615.0,563
1784025600,29615.5,29615.5,29595.0,29607.25,362
1784025900,29603.25,29616.0,29601.0,29614.25,186
1784026200,29611.0,29620.5,29600.0,29602.75,292
1784026500,29600.5,29608.5,29589.25,29607.25,222
1784026800,29606.75,29621.25,29561.0,29572.75,1906
1784027100,29571.75,29596.75,29563.75,29573.75,800
1784027400,29573.5,29608.5,29555.0,29608.0,1004
1784027700,29607.25,29635.25,29605.5,29635.25,1173
1784028000,29633.75,29665.0,29627.0,29655.25,1327
1784028300,29655.5,29670.5,29640.5,29640.5,1214
1784028600,29640.75,29668.25,29631.75,29633.75,690
1784028900,29635.25,29641.0,29616.75,29626.75,632
1784029200,29627.5,29633.5,29613.75,29620.5,488
1784029500,29619.0,29656.5,29617.75,29642.25,685
1784029800,29642.25,29658.5,29638.25,29645.5,467
1784030100,29644.75,29654.0,29627.0,29632.0,411
1784030400,29635.0,29637.75,29597.5,29599.75,881
1784030700,29599.75,29601.0,29582.5,29587.75,717
1784031000,29590.0,29594.5,29570.0,29590.25,707
1784031300,29591.75,29618.0,29577.5,29608.75,905
1784031600,29608.5,29652.75,29596.75,29651.0,981
1784031900,29650.5,29694.0,29650.0,29694.0,1937
1784032200,29694.0,29921.75,29677.0,29897.25,9903
1784032500,29896.25,29896.25,29805.0,29831.5,5012
1784032800,29830.0,29849.5,29805.0,29821.5,2477
1784033100,29822.75,29838.75,29786.25,29804.5,2102
1784033400,29803.75,29804.5,29762.0,29773.25,2432
1784033700,29775.0,29788.25,29754.0,29772.5,1809
1784034000,29773.75,29795.75,29764.5,29775.25,1712
1784034300,29777.25,29809.0,29771.5,29790.75,1597
1784034600,29789.75,29800.75,29771.75,29782.25,1202
1784034900,29782.75,29786.25,29755.5,29756.5,1346
1784035200,29756.5,29798.5,29742.5,29795.5,2067
1784035500,29796.25,29832.0,29794.5,29811.75,3571
1784035800,29811.0,29815.75,29689.75,29694.5,11319
1784036100,29693.0,29798.0,29685.0,29770.0,8893
1784036400,29769.75,29781.0,29701.0,29754.25,7558
1784036700,29752.75,29808.5,29725.0,29765.0,7681
1784037000,29765.25,29799.5,29714.0,29757.75,6283
1784037300,29757.25,29795.75,29738.5,29781.25,3705
1784037600,29780.25,29804.75,29688.75,29692.0,8122
1784037900,29693.75,29704.25,29637.0,29665.25,7779
1784038200,29667.25,29690.5,29639.25,29665.25,5696
1784038500,29662.75,29663.75,29567.5,29630.0,10004
1784038800,29630.5,29715.0,29626.5,29659.75,6824
1784039100,29659.0,29733.0,29638.25,29684.5,5615
1784039400,29683.75,29839.75,29658.25,29770.0,9900
1784039700,29769.0,29800.0,29751.0,29784.75,6016
1784040000,29786.0,29801.5,29715.75,29728.0,4559
1784040300,29728.75,29745.5,29676.75,29686.5,4673
1784040600,29686.5,29758.75,29659.5,29758.75,4476
1784040900,29757.75,29784.5,29752.0,29772.5,3667
1784041200,29773.5,29844.0,29753.75,29804.5,8477
1784041500,29805.5,29864.0,29794.5,29855.5,5715
1784041800,29857.5,29865.5,29839.0,29848.75,4178
1784042100,29847.5,29867.25,29825.25,29848.0,4049
1784042400,29847.0,29880.5,29832.5,29875.25,4454
1784042700,29875.0,29889.0,29859.25,29884.5,3892
1784043000,29885.0,29895.75,29836.0,29845.0,5756
1784043300,29845.0,29866.0,29825.75,29859.75,3480
1784043600,29859.25,29859.25,29799.0,29835.75,4351
1784043900,29834.0,29852.0,29827.0,29827.75,2591
1784044200,29828.75,29835.75,29768.75,29775.5,4368
1784044500,29775.5,29798.25,29760.0,29785.5,3599
1784044800,29786.0,29791.25,29716.25,29734.0,4929
1784045100,29734.25,29762.25,29711.0,29746.5,4421
1784045400,29748.25,29756.0,29721.75,29738.0,2691
1784045700,29739.75,29749.5,29704.5,29748.75,3894
1784046000,29748.75,29760.5,29725.0,29755.75,2702
1784046300,29756.5,29784.0,29755.5,29779.25,2420
1784046600,29778.5,29790.75,29750.25,29784.75,3337
1784046900,29785.5,29796.25,29768.0,29787.5,2286
1784047200,29787.0,29824.25,29780.75,29809.5,2582
1784047500,29809.75,29830.0,29783.5,29809.75,3158
1784047800,29809.25,29821.0,29803.0,29807.5,1885
1784048100,29808.5,29826.75,29808.5,29826.75,1828
1784048400,29826.75,29838.0,29818.0,29821.0,2904
1784048700,29821.5,29847.25,29814.5,29844.5,2022
1784049000,29844.0,29851.0,29821.25,29822.5,2199
1784049300,29822.25,29836.25,29807.0,29835.0,2745
1784049600,29835.0,29864.0,29834.75,29858.0,2850
1784049900,29857.75,29867.0,29845.0,29850.0,1846
1784050200,29849.5,29861.5,29830.25,29831.0,1873
1784050500,29831.5,29854.0,29818.75,29851.75,1705
1784050800,29851.5,29858.5,29837.25,29846.0,1419
1784051100,29846.0,29858.5,29829.0,29850.0,1673
1784051400,29849.25,29864.25,29848.5,29860.5,1554
1784051700,29860.5,29865.5,29853.5,29863.25,1448
1784052000,29863.0,29870.0,29842.5,29866.75,2051
1784052300,29865.75,29868.0,29844.5,29863.75,1905
1784052600,29864.0,29871.75,29859.0,29869.25,1415
1784052900,29868.75,29878.25,29860.75,29866.25,1539
1784053200,29866.25,29870.5,29851.25,29855.5,1325
1784053500,29854.75,29866.25,29847.5,29853.75,1474
1784053800,29854.0,29864.25,29844.5,29862.5,1640
1784054100,29862.75,29869.5,29836.0,29848.75,2558
1784054400,29849.0,29849.0,29810.5,29824.75,3694
1784054700,29825.75,29837.75,29814.75,29816.5,1784
1784055000,29817.0,29843.5,29813.0,29836.25,2050
1784055300,29836.0,29836.25,29819.25,29824.0,1462
1784055600,29824.5,29832.5,29793.0,29798.25,2744
1784055900,29798.0,29803.75,29780.0,29788.75,2518
1784056200,29789.25,29824.25,29784.5,29816.0,2822
1784056500,29816.0,29827.75,29808.75,29819.75,2365
1784056800,29820.5,29837.75,29811.25,29835.0,2082
1784057100,29835.0,29835.5,29796.5,29796.75,2202
1784057400,29797.25,29803.75,29771.0,29800.75,4524
1784057700,29799.75,29810.0,29787.0,29791.5,1970
1784058000,29791.25,29817.25,29788.5,29811.5,2075
1784058300,29811.25,29824.0,29807.25,29820.5,2040
1784058600,29820.5,29836.0,29798.25,29803.75,5302
1784058900,29804.75,29818.25,29779.0,29786.75,10760
1784059200,29786.5,29799.5,29772.5,29776.75,5360
1784059500,29776.0,29810.0,29773.75,29789.75,2504
1784059800,29789.25,29792.5,29777.5,29788.25,1321
1784060100,29787.5,29792.25,29784.75,29787.75,491
1784060400,29788.0,29788.0,29768.25,29775.75,620
1784060700,29776.0,29781.25,29767.75,29775.0,482
1784061000,29774.5,29785.0,29772.75,29783.75,668
1784061300,29784.75,29799.25,29784.5,29797.25,591
1784061600,29797.25,29799.0,29793.25,29796.0,316
1784061900,29796.25,29801.5,29795.5,29798.0,176
1784062200,29791.75,29797.5,29791.0,29796.5,537
1784062500,29796.0,29801.25,29791.75,29793.5,395
1784066400,29805.0,29806.25,29779.25,29787.5,0
1784066700,29785.5,29792.5,29768.0,29772.75,414
1784067000,29772.25,29780.0,29745.5,29753.0,658
1784067300,29755.75,29775.5,29752.0,29774.75,405
1784067600,29774.75,29797.25,29771.25,29790.0,477
1784067900,29792.0,29794.5,29785.0,29786.25,201
1784068200,29788.5,29796.0,29783.25,29784.75,259
1784068500,29784.25,29789.25,29782.5,29785.25,126
1784068800,29785.0,29787.0,29774.75,29779.75,316
1784069100,29779.75,29783.25,29775.25,29776.25,169
1784069400,29777.0,29780.5,29765.0,29768.0,407
1784069700,29767.75,29778.5,29764.25,29773.25,278
1784070000,29772.75,29778.0,29758.0,29775.75,457
1784070300,29778.5,29791.75,29777.75,29784.5,386
1784070600,29783.0,29799.75,29782.25,29794.75,269
1784070900,29793.75,29798.75,29785.0,29792.5,258
1784071200,29790.75,29806.0,29787.5,29803.5,357
1784071500,29803.25,29873.0,29800.75,29866.75,1413
1784071800,29866.25,29881.5,29862.0,29866.75,525
1784072100,29866.25,29872.5,29862.0,29864.5,210
1784072400,29865.75,29875.75,29847.5,29849.25,520
1784072700,29848.5,29876.0,29844.5,29875.25,414
1784073000,29872.5,29894.0,29864.0,29890.75,612
1784073300,29890.25,29900.0,29876.0,29889.25,613
1784073600,29889.0,29897.0,29855.0,29863.5,831
1784073900,29863.5,29870.75,29837.5,29868.0,694
1784074200,29867.25,29902.75,29863.75,29893.0,948
1784074500,29888.75,29909.25,29882.0,29898.5,707
1784074800,29898.5,29938.0,29898.5,29911.5,1044
1784075100,29910.25,29921.0,29905.25,29918.0,358
1784075400,29920.25,29928.5,29897.0,29898.25,597
1784075700,29898.75,29900.25,29868.0,29888.75,734
1784076000,29889.0,29898.5,29841.0,29858.25,985
1784076300,29858.25,29891.0,29849.0,29883.0,672
1784076600,29880.75,29911.5,29880.25,29903.5,457
1784076900,29907.0,29929.5,29902.25,29918.0,467
1784077200,29920.0,29927.0,29864.25,29886.0,786
1784077500,29887.75,29893.25,29862.75,29877.0,604
1784077800,29878.75,29889.25,29860.0,29886.25,504
1784078100,29885.0,29918.25,29885.0,29907.0,513
1784078400,29909.0,29922.5,29896.25,29911.25,385
1784078700,29909.75,29942.75,29907.5,29922.75,708
1784079000,29924.25,29933.75,29914.0,29920.0,496
1784079300,29920.25,29944.0,29911.0,29939.25,531
1784079600,29938.25,29938.25,29891.5,29892.75,610
1784079900,29894.25,29923.25,29891.75,29918.5,428
1784080200,29920.5,29937.25,29911.75,29935.0,370
1784080500,29934.75,29959.25,29934.25,29957.25,679
1784080800,29958.75,29961.0,29949.25,29960.0,374
1784081100,29960.0,29974.0,29953.0,29966.0,505
1784081400,29965.75,29981.0,29958.5,29963.5,601
1784081700,29966.5,29981.75,29959.5,29972.5,500
1784082000,29972.25,29979.5,29959.75,29961.5,419
1784082300,29960.75,29973.5,29958.5,29966.75,381
1784082600,29970.0,29981.5,29966.5,29973.5,350
1784082900,29973.75,29985.5,29970.0,29981.5,370
1784083200,29981.75,29985.75,29978.25,29983.0,222
1784083500,29984.0,29987.25,29976.75,29978.0,208
1784083800,29978.5,29979.5,29964.0,29968.25,298
1784084100,29969.0,29978.25,29959.0,29960.75,407
1784084400,29961.0,29967.75,29956.0,29964.0,329
1784084700,29961.5,29964.0,29953.5,29957.5,246
1784085000,29958.75,29960.25,29947.25,29960.0,427
1784085300,29959.5,29981.0,29955.0,29977.5,603
1784085600,29979.25,29980.5,29968.0,29969.25,237
1784085900,29969.5,29985.0,29969.25,29978.5,259
1784086200,29979.0,29997.25,29977.25,29996.25,620
1784086500,29995.0,29998.5,29991.25,29992.75,262
1784086800,29990.75,30002.0,29987.0,29987.25,353
1784087100,29987.75,30008.0,29986.0,30006.75,240
1784087400,30008.5,30018.0,30008.5,30014.25,409
1784087700,30015.5,30019.25,30010.25,30014.0,130
1784088300,30000.25,30002.0,29995.75,29997.75,570
1784088600,29997.75,30006.75,29997.0,30000.25,235
1784088900,30000.25,30009.75,29997.25,30008.5,156
1784089200,30008.0,30013.0,30002.75,30009.5,161
1784089500,30010.25,30010.75,29989.25,29990.25,303
1784089800,29990.75,29998.25,29983.25,29988.5,413
1784090100,29988.25,30007.75,29988.25,30006.0,270
1784090400,30005.0,30011.5,30002.0,30005.0,285
1784090700,30006.0,30013.5,30003.75,30005.5,172
1784091000,30004.5,30018.0,30004.5,30011.75,195
1784091300,30011.0,30025.0,30006.75,30021.75,423
1784091600,30022.5,30058.25,30001.25,30014.5,2523
1784091900,30015.5,30023.75,29992.5,30022.75,775
1784092200,30023.75,30025.75,29995.0,29999.25,725
1784092500,30000.0,30023.25,29995.5,30019.0,274
1784092800,30018.5,30025.0,29997.5,29998.5,335
1784093100,29998.0,29998.0,29976.75,29981.75,678
1784093400,29980.75,29994.25,29967.75,29992.25,615
1784093700,29991.75,30009.5,29988.75,30008.5,582
1784094000,30009.25,30009.25,29988.0,29992.25,368
1784094300,29990.5,30007.0,29984.25,30000.75,329
1784094600,30000.25,30012.0,29990.75,30010.25,316
1784094900,30009.0,30032.0,30009.0,30032.0,538
1784095200,30031.75,30049.25,30031.25,30049.0,862
1784095500,30049.0,30050.0,30033.0,30038.0,691
1784095800,30040.5,30044.75,30027.75,30042.5,318
1784096100,30040.5,30041.0,30026.5,30036.5,302
1784096400,30038.75,30038.75,30023.0,30034.0,166
1784096700,30036.25,30045.25,30031.75,30039.25,271
1784097000,30041.75,30045.25,30009.75,30024.25,698
1784097300,30024.5,30031.0,30018.25,30019.25,165
1784097600,30019.75,30025.75,30014.75,30018.75,214
1784097900,30018.5,30026.5,30017.5,30022.25,277
1784098200,30024.5,30032.0,30015.25,30029.0,251
1784098500,30028.75,30038.0,30012.25,30030.0,751
1784098800,30030.5,30052.25,30007.5,30046.5,770
1784099100,30046.5,30062.5,30036.25,30042.25,774
1784099400,30043.0,30049.25,30033.75,30036.25,533
1784099700,30035.75,30035.75,30015.0,30019.25,706
1784100000,30019.25,30019.25,29987.5,29989.5,476
1784100300,29989.5,29989.5,29928.0,29969.0,1689
1784100600,29968.0,29970.25,29945.25,29960.25,809
1784100900,29960.25,29980.5,29960.25,29977.5,676
1784101200,29976.5,29989.75,29973.0,29979.0,526
1784101500,29979.0,29997.25,29971.0,29992.0,363
1784101800,29991.75,30005.25,29989.25,29991.25,370
1784102100,29991.25,29998.0,29984.75,29996.25,294
1784102400,29997.25,29998.75,29917.0,29931.5,1217
1784102700,29933.0,29940.0,29919.75,29927.25,611
1784103000,29927.25,29932.75,29909.0,29918.25,819
1784103300,29918.25,29924.75,29897.0,29909.5,717
1784103600,29908.5,29914.75,29872.0,29885.75,667
1784103900,29885.5,29913.5,29881.75,29913.5,541
1784104200,29912.75,29920.0,29901.0,29909.75,381
1784104500,29909.25,29918.0,29897.75,29916.75,265
1784104800,29915.75,29926.25,29902.25,29925.5,598
1784105100,29925.0,29943.5,29924.75,29929.0,465
1784105400,29928.0,29930.0,29911.75,29916.25,303
1784105700,29916.75,29940.25,29913.75,29936.5,240
1784106000,29937.75,29951.75,29937.75,29951.5,298
1784106300,29951.0,29954.75,29943.5,29953.75,324
1784106600,29955.25,29958.0,29943.25,29954.0,188
1784106900,29953.25,29958.25,29943.25,29953.75,235
1784107200,29953.25,29963.5,29952.0,29959.0,170
1784107500,29956.75,29959.25,29946.25,29950.25,154
1784107800,29947.75,29950.5,29934.0,29935.75,267
1784108100,29935.75,29949.25,29928.25,29939.0,262
1784108400,29939.0,29959.75,29937.0,29951.0,223
1784108700,29952.0,29952.0,29929.0,29935.25,195
1784109000,29933.0,29946.0,29921.25,29930.5,241
1784109300,29930.5,29931.0,29914.25,29924.75,228
1784109600,29926.0,29932.0,29916.25,29928.0,222
1784109900,29926.5,29933.75,29924.5,29927.0,130
1784110200,29927.75,29944.0,29925.0,29942.25,168
1784110500,29942.25,29947.25,29930.25,29932.25,156
1784110800,29931.5,29940.75,29901.0,29904.75,655
1784111100,29904.25,29909.25,29886.0,29896.0,472
1784111400,29897.75,29907.0,29890.0,29899.25,388
1784111700,29901.0,29921.25,29898.0,29916.5,310
1784112000,29914.75,29915.0,29899.5,29901.75,228
1784112300,29902.0,29918.5,29899.75,29918.0,175
1784112600,29916.5,29923.75,29912.75,29923.75,159
1784112900,29921.75,29934.25,29921.0,29927.25,352
1784113200,29926.0,29953.0,29924.5,29939.5,475
1784113500,29940.75,29942.0,29919.5,29935.75,310
1784113800,29936.0,29940.75,29923.75,29925.0,222
1784114100,29925.25,29942.5,29920.75,29926.0,307
1784114400,29925.0,29936.75,29924.5,29926.5,218
1784114700,29925.5,29932.0,29915.25,29921.5,221
1784115000,29922.75,29932.0,29911.5,29930.25,274
1784115300,29930.25,29938.5,29923.25,29932.0,238
1784115600,29934.0,29942.0,29924.0,29928.25,231
1784115900,29928.0,29928.0,29906.75,29910.75,393
1784116200,29910.75,29925.5,29904.5,29910.5,384
1784116500,29910.5,29926.0,29909.25,29912.5,263
1784116800,29914.5,29919.5,29901.0,29902.75,372
1784117100,29901.5,29901.75,29876.5,29891.0,621
1784117400,29890.25,29892.75,29873.75,29881.0,430
1784117700,29882.25,29892.75,29880.0,29880.0,304
1784118000,29882.0,29882.75,29856.5,29866.5,625
1784118300,29866.5,29884.5,29856.25,29875.5,548
1784118600,29875.25,29951.0,29856.5,29943.25,3136
1784118900,29941.75,29960.5,29932.5,29935.75,1431
1784119200,29937.0,29973.75,29924.5,29951.5,2090
1784119500,29952.0,29978.25,29941.75,29974.75,1104
1784119800,29974.0,29989.75,29971.5,29986.0,1102
1784120100,29984.75,29995.25,29978.25,29980.0,1558
1784120400,29980.0,29991.25,29976.25,29987.25,822
1784120700,29988.25,29999.75,29966.25,29971.25,1053
1784121000,29970.75,29973.0,29939.25,29946.5,1397
1784121300,29948.0,29958.0,29942.75,29956.0,767
1784121600,29955.0,29955.25,29939.75,29949.25,978
1784121900,29949.75,29966.75,29936.25,29954.75,2003
1784122200,29955.25,29977.5,29912.5,29953.0,10316
1784122500,29953.25,29966.5,29852.0,29882.25,10290
1784122800,29883.25,29884.5,29831.0,29833.75,7420
1784123100,29833.25,29847.25,29775.25,29784.75,10406
1784123400,29785.0,29801.75,29754.5,29798.5,8900
1784123700,29798.0,29824.25,29779.5,29822.5,8315
1784124000,29823.5,29871.75,29822.25,29844.25,7002
1784124300,29844.5,29892.5,29826.25,29861.0,5892
1784124600,29860.75,29873.75,29806.0,29806.5,5498
1784124900,29806.5,29830.75,29787.5,29799.0,6160
1784125200,29800.0,29803.25,29655.25,29673.5,12352
1784125500,29672.75,29728.5,29639.25,29724.0,9768
1784125800,29723.75,29736.75,29646.0,29689.5,8282
1784126100,29691.0,29701.75,29587.0,29602.75,8989
1784126400,29602.75,29624.25,29536.75,29600.5,10215
1784126700,29600.5,29644.0,29562.5,29639.25,7248
1784127000,29639.0,29641.75,29578.0,29601.25,6450
1784127300,29602.25,29633.5,29585.25,29630.75,4212
1784127600,29632.0,29642.75,29583.0,29590.0,4068
1784127900,29590.25,29655.0,29579.5,29652.75,3831
1784128200,29653.0,29661.75,29589.0,29592.25,4260
1784128500,29591.0,29611.0,29526.5,29609.5,6887
1784128800,29608.5,29608.75,29540.0,29582.0,4866
1784129100,29583.0,29642.0,29573.0,29641.0,5115
1784129400,29640.75,29656.0,29612.25,29634.5,4556
1784129700,29635.25,29652.75,29586.25,29647.75,3840
1784130000,29648.5,29656.25,29605.0,29615.75,3371
1784130300,29616.5,29618.0,29578.25,29596.75,4231
1784130600,29596.5,29597.75,29560.0,29583.0,3198
1784130900,29584.25,29590.0,29565.75,29582.0,2164
1784131200,29580.25,29599.5,29516.0,29532.75,5247
1784131500,29532.5,29535.75,29479.0,29514.25,5986
1784131800,29513.75,29523.0,29471.25,29476.25,3832
1784132100,29475.5,29496.75,29465.0,29474.75,4080
1784132400,29474.75,29483.0,29431.25,29441.75,4863
1784132700,29440.5,29467.75,29432.25,29462.0,4226
1784133000,29462.0,29483.25,29426.0,29434.0,3987
1784133300,29435.0,29435.25,29408.0,29417.0,4206
1784133600,29416.75,29448.75,29397.0,29445.0,4274
1784133900,29445.75,29540.25,29433.75,29477.75,6647
1784134200,29477.25,29517.75,29475.0,29495.75,4452
1784134500,29495.75,29513.75,29460.75,29512.75,3263
1784134800,29512.75,29540.0,29504.75,29526.0,3627
1784135100,29526.5,29561.75,29518.75,29551.5,3131
1784135400,29551.25,29560.25,29530.0,29532.25,2691
1784135700,29531.25,29586.0,29526.75,29580.75,2923
1784136000,29580.5,29596.75,29567.25,29587.5,3432
1784136300,29588.25,29608.25,29571.75,29604.0,3016
1784136600,29604.75,29626.75,29604.5,29620.0,4478
1784136900,29620.0,29633.25,29608.0,29630.5,2797
1784137200,29631.25,29637.5,29620.0,29634.0,2489
1784137500,29633.25,29681.0,29625.25,29676.5,4537
1784137800,29676.75,29705.75,29668.5,29700.75,5740
1784138100,29701.25,29704.0,29679.0,29686.5,3306
1784138400,29686.5,29715.0,29681.75,29701.5,3878
1784138700,29700.5,29725.0,29697.5,29718.5,3491
1784139000,29719.0,29730.0,29714.75,29716.25,3268
1784139300,29716.25,29717.0,29684.75,29705.25,4324
1784139600,29705.0,29742.75,29703.0,29736.0,3801
1784139900,29736.0,29737.75,29718.75,29724.5,2682
1784140200,29724.5,29735.0,29717.25,29723.75,2248
1784140500,29722.75,29723.25,29687.75,29689.0,3037
1784140800,29688.75,29703.25,29658.0,29662.75,3447
1784141100,29662.25,29665.75,29634.5,29641.75,4119
1784141400,29642.25,29648.75,29604.0,29624.5,4405
1784141700,29625.25,29636.0,29595.0,29613.25,3322
1784142000,29613.0,29661.75,29604.75,29656.25,4081
1784142300,29656.5,29668.75,29631.75,29637.5,3107
1784142600,29637.25,29655.25,29630.75,29643.0,3179
1784142900,29644.0,29649.0,29616.25,29618.0,2088
1784143200,29616.75,29618.25,29591.25,29603.0,3399
1784143500,29602.75,29643.25,29589.0,29643.25,2913
1784143800,29643.25,29668.0,29612.25,29622.25,6603
1784144100,29623.25,29658.5,29608.5,29656.0,2964
1784144400,29656.5,29695.5,29653.5,29683.75,4008
1784144700,29684.25,29687.75,29648.5,29653.75,2883
1784145000,29655.0,29691.25,29653.75,29680.75,4777
1784145300,29679.75,29707.0,29679.75,29700.5,9690
1784145600,29700.75,29737.0,29695.0,29724.75,5945
1784145900,29724.5,29731.75,29664.0,29689.75,2107
1784146200,29689.5,29704.0,29686.25,29702.0,1170
1784146500,29702.5,29712.25,29696.0,29711.75,540
1784146800,29711.0,29720.0,29709.25,29718.75,525
1784147100,29718.5,29720.5,29713.0,29718.75,385
1784147400,29718.5,29719.25,29700.0,29706.75,457
1784147700,29707.5,29716.5,29707.0,29713.5,279
1784148000,29714.5,29717.0,29711.5,29716.25,181
1784148300,29716.5,29720.5,29716.25,29719.0,284
1784148600,29719.25,29720.5,29712.0,29713.25,231
1784148900,29713.25,29718.25,29705.75,29707.5,376
1784152800,29709.0,29741.75,29700.0,29734.25,0
1784153100,29735.5,29749.0,29735.0,29737.25,387
1784153400,29738.0,29739.75,29730.0,29735.75,206
1784153700,29724.25,29730.0,29720.25,29720.75,406
1784154000,29720.5,29725.5,29709.75,29715.25,304
1784154300,29716.25,29721.0,29712.5,29716.25,171
1784154600,29716.5,29724.0,29705.75,29707.5,365
1784154900,29706.25,29709.75,29688.0,29691.0,592
1784155200,29691.5,29697.0,29684.25,29685.0,313
1784155500,29684.25,29700.0,29680.75,29682.25,396
1784155800,29682.0,29716.75,29679.25,29689.25,817
1784156100,29692.5,29722.25,29677.0,29716.25,632
1784156400,29716.0,29730.0,29711.25,29724.75,347
1784156700,29726.75,29727.25,29710.75,29721.25,182
1784157000,29721.25,29736.25,29719.25,29720.0,209
1784157300,29719.25,29719.25,29697.5,29705.0,620
1784157600,29704.0,29717.75,29698.0,29706.25,312
1784157900,29707.5,29725.0,29695.5,29718.5,394
1784158200,29717.25,29734.0,29712.5,29731.0,349
1784158500,29729.25,29730.0,29704.0,29706.0,199
1784158800,29707.75,29710.0,29704.75,29704.75,50
1784159400,29693.25,29705.75,29688.75,29693.5,892
1784159700,29691.75,29705.25,29682.0,29690.0,263
1784160000,29690.0,29746.5,29682.25,29741.5,853
1784160300,29742.75,29744.5,29720.25,29731.5,427
1784160600,29732.5,29758.0,29721.0,29755.25,604
1784160900,29753.0,29763.25,29695.0,29696.25,1075
1784161200,29696.75,29705.75,29683.75,29693.0,786
1784161500,29692.5,29702.5,29662.5,29669.5,940
1784161800,29670.0,29695.75,29653.25,29694.75,1182
1784162100,29693.0,29694.5,29652.5,29654.25,626
1784162400,29654.25,29654.25,29626.75,29626.75,674
1784162700,29626.0,29652.25,29622.25,29649.5,699
1784163000,29651.5,29679.25,29627.25,29654.25,683
1784163300,29656.0,29658.25,29636.0,29651.25,398
1784163600,29653.75,29665.75,29632.25,29662.5,714
1784163900,29659.0,29668.0,29643.0,29656.0,412
1784164200,29657.5,29659.25,29615.5,29626.0,533
1784164500,29625.5,29629.0,29601.75,29603.0,581
1784164800,29603.0,29629.0,29601.5,29613.25,581
1784165100,29611.5,29622.75,29603.0,29605.25,300
1784165400,29604.5,29618.0,29595.75,29598.0,558
1784165700,29628.75,29641.75,29616.75,29635.25,688
1784166000,29635.25,29646.0,29608.25,29615.25,358
1784166300,29614.0,29680.0,29612.5,29675.0,793
1784166600,29676.25,29683.0,29657.25,29671.25,647
1784166900,29671.25,29685.75,29641.75,29651.0,575
1784167200,29651.25,29652.75,29620.0,29625.5,656
1784167500,29625.5,29639.0,29621.5,29622.25,317
1784167800,29621.0,29642.75,29620.25,29640.0,359
1784168100,29640.25,29669.5,29634.0,29669.0,589
1784168400,29667.5,29695.75,29659.0,29693.0,449
1784168700,29693.25,29706.0,29683.25,29696.75,765
1784169000,29695.5,29703.25,29687.0,29698.25,267
1784169300,29699.0,29707.0,29687.25,29697.5,352
1784169600,29698.0,29700.0,29670.0,29680.0,728
1784169900,29680.0,29717.75,29676.5,29701.75,784
1784170200,29702.5,29723.0,29699.5,29720.0,511
1784170500,29720.25,29736.0,29718.0,29727.0,647
1784170800,29728.0,29733.5,29721.25,29728.75,385
1784171100,29729.0,29750.0,29729.0,29749.25,470
1784171400,29749.5,29751.75,29741.25,29748.75,320
1784171700,29749.25,29751.75,29718.5,29721.25,395
1784172000,29722.75,29731.5,29711.75,29715.5,337
1784172300,29717.5,29720.5,29710.5,29716.5,167
1784172600,29716.75,29745.25,29713.5,29740.25,356
1784172900,29740.0,29747.0,29720.0,29721.0,289
1784173200,29720.5,29734.75,29716.75,29719.5,217
1784173500,29720.75,29723.25,29701.75,29709.5,331
1784173800,29707.0,29732.0,29707.0,29727.75,222
1784174100,29725.75,29738.5,29725.0,29737.75,99
1784174700,29727.25,29727.75,29723.25,29723.75,613
1784175000,29723.0,29756.0,29722.25,29754.5,288
1784175300,29754.5,29756.25,29724.0,29726.0,481
1784175600,29726.0,29729.75,29710.0,29722.5,301
1784175900,29724.0,29724.25,29710.5,29716.0,127
1784176200,29715.0,29721.25,29710.75,29714.25,102
1784176500,29712.5,29713.25,29702.0,29704.75,188
1784176800,29704.0,29713.0,29691.25,29706.5,330
1784177100,29703.25,29709.25,29699.25,29707.75,103
1784177400,29706.5,29712.75,29702.0,29711.75,139
1784177700,29711.0,29717.0,29703.0,29708.0,225
1784178000,29709.0,29725.75,29708.5,29719.75,261
1784178300,29721.5,29724.25,29706.25,29709.0,194
1784178600,29706.75,29748.0,29697.0,29748.0,556
1784178900,29747.75,29767.0,29739.25,29749.25,539
1784179200,29749.75,29769.75,29748.0,29765.25,397
1784179500,29763.5,29775.5,29758.0,29765.75,392
1784179800,29765.75,29797.0,29708.25,29711.5,1387
1784180100,29710.25,29710.25,29670.0,29679.5,949
1784180400,29682.5,29715.25,29666.5,29702.5,678
1784180700,29704.5,29711.0,29686.75,29691.75,311
1784181000,29691.75,29694.0,29678.5,29687.25,238
1784181300,29683.75,29706.5,29683.25,29686.5,285
1784181600,29687.75,29729.75,29685.0,29708.5,847
1784181900,29707.5,29739.25,29646.5,29718.5,2424
1784182200,29714.75,29731.75,29699.5,29731.75,937
1784182500,29729.25,29749.75,29723.25,29736.75,565
1784182800,29738.0,29743.0,29689.25,29695.25,643
1784183100,29694.75,29702.5,29684.0,29686.0,406
1784183400,29682.0,29697.25,29663.5,29668.25,507
1784183700,29667.0,29676.25,29641.25,29672.0,580
1784184000,29673.75,29684.5,29669.75,29673.5,294
1784184300,29672.25,29684.0,29657.0,29681.0,175
1784184600,29681.5,29684.25,29666.25,29675.25,183
1784184900,29674.5,29694.0,29672.25,29683.75,323
1784185200,29684.75,29686.5,29637.5,29664.0,584
1784185500,29661.5,29664.25,29643.25,29648.5,380
1784185800,29650.0,29651.5,29620.75,29621.5,469
1784186100,29622.25,29633.75,29611.75,29624.0,569
1784186400,29625.0,29649.5,29623.0,29632.75,736
1784186700,29633.25,29636.0,29615.0,29622.5,342
1784187000,29623.5,29629.25,29590.25,29614.75,516
1784187300,29616.25,29616.25,29577.75,29584.75,588
1784187600,29583.75,29587.25,29568.5,29570.0,555
1784187900,29571.25,29583.75,29556.0,29579.75,565
1784188200,29582.25,29583.25,29555.0,29565.5,493
1784188500,29566.0,29570.25,29548.5,29562.25,470
1784188800,29563.5,29572.75,29521.0,29535.0,923
1784189100,29538.25,29549.75,29523.5,29528.0,481
1784189400,29528.0,29528.0,29488.0,29490.5,1178
1784189700,29493.75,29521.5,29478.75,29517.25,728
1784190000,29518.0,29561.75,29512.75,29524.75,837
1784190300,29523.75,29540.0,29520.25,29538.5,375
1784190600,29539.5,29555.5,29528.25,29543.25,451
1784190900,29543.75,29576.75,29543.5,29568.75,508
1784191200,29569.0,29574.25,29543.25,29551.0,328
1784191500,29550.5,29594.0,29550.5,29586.75,597
1784191800,29586.0,29589.75,29576.5,29584.25,321
1784192100,29582.5,29595.5,29580.25,29591.5,221
1784192400,29593.25,29622.25,29592.0,29616.25,789
1784192700,29615.75,29624.0,29602.0,29606.75,304
1784193000,29608.5,29635.0,29605.0,29625.25,428
1784193300,29626.25,29645.25,29622.75,29627.5,417
1784193600,29628.75,29638.75,29620.5,29623.25,277
1784193900,29624.75,29640.25,29611.0,29613.25,419
1784194200,29614.75,29631.0,29610.0,29610.75,299
1784194500,29613.75,29618.0,29596.0,29597.5,317
1784194800,29597.25,29606.25,29583.75,29585.25,271
1784195100,29584.25,29585.75,29564.25,29566.25,837
1784195400,29565.5,29571.5,29557.75,29568.5,267
1784195700,29570.25,29582.25,29528.0,29531.25,878
1784196000,29530.25,29545.0,29514.5,29540.75,734
1784196300,29540.75,29561.25,29534.0,29558.0,428
1784196600,29557.75,29558.75,29537.5,29550.75,261
1784196900,29550.75,29550.75,29533.0,29537.25,183
1784197200,29537.0,29543.75,29512.25,29522.5,334
1784197500,29521.5,29539.75,29514.75,29537.5,284
1784197800,29537.25,29555.75,29535.0,29550.5,504
1784198100,29553.25,29555.0,29507.75,29513.5,419
1784198400,29512.5,29529.75,29511.5,29521.25,379
1784198700,29521.25,29531.75,29505.0,29510.25,399
1784199000,29510.75,29523.75,29502.5,29521.5,265
1784199300,29518.25,29537.75,29516.5,29531.0,349
1784199600,29528.75,29532.0,29470.5,29484.25,985
1784199900,29485.5,29490.0,29464.25,29472.75,562
1784200200,29474.25,29488.0,29459.75,29488.0,477
1784200500,29488.25,29490.0,29446.25,29455.25,1001
1784200800,29455.0,29499.0,29454.25,29495.75,562
1784201100,29496.5,29502.0,29466.0,29472.0,473
1784201400,29472.75,29472.75,29436.5,29457.75,819
1784201700,29457.75,29471.0,29436.5,29451.75,696
1784202000,29452.0,29462.0,29428.0,29439.5,768
1784202300,29438.75,29456.0,29361.0,29384.25,1665
1784202600,29385.25,29432.5,29382.5,29424.0,1577
1784202900,29422.75,29453.25,29410.5,29446.75,732
1784203200,29445.75,29457.25,29410.5,29413.0,861
1784203500,29412.0,29423.75,29392.75,29411.25,1047
1784203800,29411.25,29424.0,29397.25,29423.5,720
1784204100,29422.25,29439.75,29412.75,29434.75,790
1784204400,29435.25,29440.25,29380.0,29386.0,1670
1784204700,29384.5,29411.75,29378.0,29408.0,779
1784205000,29407.75,29427.75,29386.5,29416.75,1387
1784205300,29418.5,29419.0,29365.5,29381.0,1160
1784205600,29381.75,29390.25,29368.75,29375.0,877
1784205900,29374.75,29401.0,29363.5,29390.0,1097
1784206200,29390.0,29415.0,29383.25,29410.75,885
1784206500,29411.25,29411.25,29391.5,29392.25,640
1784206800,29393.25,29437.0,29387.75,29425.75,2100
1784207100,29426.25,29445.5,29420.75,29441.0,1054
1784207400,29441.75,29457.25,29431.75,29452.0,1156
1784207700,29451.5,29460.0,29441.75,29457.75,1164
1784208000,29457.25,29488.5,29455.75,29484.25,1648
1784208300,29484.0,29484.0,29447.5,29464.75,2478
1784208600,29464.75,29532.0,29429.75,29433.5,11464
1784208900,29435.5,29471.0,29378.5,29386.0,9778
1784209200,29384.75,29434.5,29308.5,29317.75,10913
1784209500,29316.5,29342.75,29264.25,29273.0,9733
1784209800,29272.0,29353.75,29265.25,29289.75,9932
1784210100,29290.75,29363.75,29255.5,29347.5,8427
1784210400,29346.5,29417.75,29315.25,29397.5,8361
1784210700,29398.0,29495.75,29384.5,29480.0,8204
1784211000,29479.75,29491.5,29447.5,29468.5,6026
1784211300,29467.5,29501.0,29441.25,29482.0,5790
1784211600,29483.25,29489.75,29397.75,29439.0,6861
1784211900,29438.25,29488.0,29406.0,29482.5,5901
1784212200,29483.25,29485.5,29440.0,29462.75,3949
1784212500,29463.0,29513.5,29444.0,29457.0,4740
1784212800,29457.75,29470.5,29426.5,29464.5,3434
1784213100,29464.5,29479.0,29438.0,29438.5,3099
1784213400,29439.75,29444.0,29375.5,29390.5,5836
1784213700,29390.5,29437.5,29362.0,29433.75,6585
1784214000,29435.5,29458.75,29403.0,29410.25,5472
1784214300,29409.5,29409.75,29366.0,29392.75,4557
1784214600,29393.0,29401.75,29336.0,29358.5,4402
1784214900,29359.0,29392.0,29336.75,29391.5,4803
1784215200,29392.25,29392.25,29348.5,29387.5,4003
1784215500,29387.5,29451.5,29384.0,29406.75,6492
1784215800,29406.5,29441.75,29370.0,29438.5,4500
1784216100,29438.0,29468.0,29412.75,29455.5,3454
1784216400,29454.5,29461.0,29380.25,29397.75,4023
1784216700,29397.5,29397.5,29354.5,29391.0,3758
1784217000,29390.75,29435.0,29389.75,29419.0,3867
1784217300,29419.0,29419.75,29373.5,29392.0,3098
1784217600,29392.5,29395.25,29336.5,29339.5,4074
1784217900,29339.5,29355.5,29312.75,29338.75,4139
1784218200,29337.75,29339.75,29289.25,29293.25,4116
1784218500,29293.5,29313.75,29279.0,29299.0,3906
1784218800,29298.75,29299.5,29260.75,29279.75,5157
1784219100,29279.75,29315.0,29268.5,29299.25,3803
1784219400,29300.5,29339.5,29294.25,29313.75,3560
1784219700,29313.5,29321.5,29288.75,29292.75,3086
1784220000,29294.0,29323.75,29286.0,29292.75,2182
1784220300,29294.75,29307.0,29270.75,29284.5,2968
1784220600,29284.5,29327.25,29273.25,29322.0,2917
1784220900,29321.25,29352.5,29320.5,29338.25,3180
1784221200,29339.0,29342.0,29285.0,29316.5,3203
1784221500,29315.75,29333.25,29286.25,29324.25,2136
1784221800,29324.5,29334.25,29284.5,29288.0,1944
1784222100,29288.5,29310.5,29277.5,29298.25,2229
1784222400,29298.25,29306.25,29278.5,29278.75,2491
1784222700,29279.5,29343.0,29275.0,29333.0,3439
1784223000,29334.0,29345.0,29280.5,29287.5,3111
1784223300,29288.25,29297.25,29266.5,29270.0,3048
1784223600,29269.75,29271.25,29230.0,29243.75,4780
1784223900,29244.25,29268.0,29219.0,29257.25,4164
1784224200,29257.25,29269.0,29235.0,29250.75,2517
1784224500,29251.75,29253.25,29224.0,29244.5,2637
1784224800,29244.25,29260.5,29231.75,29234.25,2684
1784225100,29235.25,29250.0,29223.5,29236.5,2945
1784225400,29235.75,29279.5,29233.0,29233.0,3745
1784225700,29232.75,29277.0,29217.25,29268.0,3390
1784226000,29268.5,29304.0,29264.25,29289.5,3830
1784226300,29290.5,29303.25,29257.0,29269.75,2908
1784226600,29269.0,29269.25,29238.0,29245.5,2666
1784226900,29245.5,29245.5,29221.75,29226.0,2273
1784227200,29225.75,29249.5,29198.5,29237.75,4013
1784227500,29237.5,29253.25,29222.5,29244.25,1963
1784227800,29244.75,29251.0,29210.0,29212.25,2421
1784228100,29213.0,29223.5,29200.25,29210.5,2790
1784228400,29210.0,29242.0,29202.75,29228.25,3215
1784228700,29227.0,29240.75,29176.25,29184.75,4526
1784229000,29184.5,29197.25,29176.0,29183.75,2975
1784229300,29183.25,29186.25,29145.5,29162.5,4555
1784229600,29162.0,29182.25,29145.25,29148.75,3836
1784229900,29149.75,29160.25,29119.0,29148.5,4317
1784230200,29147.5,29170.25,29118.25,29149.5,5301
1784230500,29149.0,29162.75,29117.25,29152.25,4479
1784230800,29151.5,29160.75,29118.5,29121.5,3477
1784231100,29121.25,29124.75,29078.5,29094.25,5401
1784231400,29094.0,29175.5,29094.0,29174.0,9483
1784231700,29174.25,29238.25,29174.25,29217.0,16702
1784232000,29217.75,29231.25,29191.0,29199.0,8391
1784232300,29198.75,29202.0,29175.75,29183.0,2189
1784232600,29182.0,29186.0,29166.0,29167.75,1523
1784232900,29167.5,29191.75,29162.75,29186.75,1298
1784233200,29187.5,29200.0,29180.5,29191.5,955
1784233500,29191.0,29192.0,29179.0,29181.0,455
1784233800,29180.25,29181.25,29164.0,29173.0,686
1784234100,29173.25,29187.5,29172.25,29182.25,593
1784234400,29182.5,29189.75,29170.0,29174.5,804
1784234700,29172.75,29180.0,29167.5,29171.5,561
1784235000,29171.5,29178.0,29169.0,29175.0,374
1784235300,29175.0,29183.25,29169.0,29179.0,439
1784239200,29191.0,29220.0,29189.0,29214.75,0
1784239500,29213.0,29216.75,29199.75,29202.25,308
1784239800,29204.25,29205.25,29166.25,29185.0,479
1784240100,29186.5,29188.25,29165.0,29165.0,419
1784240400,29166.5,29170.75,29153.75,29160.5,486
1784240700,29160.0,29162.25,29136.5,29139.75,530
1784241000,29139.0,29159.25,29134.25,29142.25,612
1784241300,29143.75,29156.75,29137.75,29153.25,237
1784241600,29153.5,29154.75,29130.75,29149.5,452
1784241900,29149.5,29151.25,29125.0,29128.0,407
1784242200,29128.5,29140.25,29122.25,29124.25,389
1784242500,29124.0,29148.75,29115.25,29136.5,513
1784242800,29134.75,29144.75,29106.25,29135.0,653
1784243100,29135.25,29136.0,29111.0,29114.75,319
1784243400,29115.0,29140.0,29108.25,29130.75,345
1784243700,29133.0,29134.25,29106.75,29110.75,239
1784244000,29110.0,29112.0,29091.0,29091.0,498
1784244300,29092.5,29105.25,29075.75,29093.0,819
1784244600,29092.5,29096.5,29067.0,29080.0,749
1784244900,29080.25,29103.75,29060.0,29103.75,545
1784245200,29104.5,29129.75,29103.25,29109.25,572
1784245500,29110.25,29113.0,29089.25,29098.75,408
1784245800,29097.0,29118.0,29093.5,29108.75,327
1784246100,29109.5,29110.75,29082.75,29096.5,265
1784246400,29095.5,29124.25,29092.75,29096.0,573
1784246700,29093.75,29097.5,29052.5,29060.25,990
1784247000,29063.25,29063.75,29031.5,29043.5,1418
1784247300,29041.25,29076.0,29034.5,29048.5,1067
1784247600,29049.5,29062.25,29030.5,29036.25,723
1784247900,29036.0,29041.75,29011.0,29018.25,997
1784248200,29018.5,29030.5,29006.25,29017.0,976
1784248500,29018.0,29022.25,28993.5,29006.5,1131
1784248800,29009.0,29030.5,28995.0,29024.75,1002
1784249100,29024.5,29036.25,29017.75,29035.75,878
1784249400,29034.25,29068.0,29031.0,29066.75,872
1784249700,29068.0,29082.0,29056.0,29057.0,991
1784250000,29059.75,29105.5,29053.25,29092.5,1115
1784250300,29091.75,29091.75,29042.25,29055.75,1019
1784250600,29054.75,29061.0,29024.25,29029.25,799
1784250900,29031.75,29046.0,29014.0,29022.25,560
1784251200,29022.25,29033.75,29012.25,29020.75,463
1784251500,29021.0,29042.25,29010.5,29039.5,516
1784251800,29040.75,29044.0,28984.25,28986.75,1119
1784252100,28987.5,29011.25,28982.0,28996.25,617
1784252400,28994.25,29003.0,28964.5,28975.0,1464
1784252700,28972.25,28990.75,28951.75,28961.5,1224
1784253000,28963.75,28969.75,28945.75,28956.0,686
1784253300,28953.5,28979.75,28950.0,28972.0,653
1784253600,28970.75,28985.75,28963.25,28979.0,514
1784253900,28980.0,28982.5,28950.75,28952.25,478
1784254200,28951.5,28970.0,28950.0,28956.75,437
1784254500,28957.5,28961.25,28935.0,28948.0,500
1784254800,28948.5,28948.75,28926.0,28931.0,833
1784255100,28928.0,28938.75,28917.25,28928.75,567
1784255400,28927.25,28929.25,28908.5,28912.0,937
1784255700,28912.5,28922.25,28903.25,28913.5,501
1784256000,28914.0,28940.75,28908.5,28932.5,858
1784256300,28934.0,28940.0,28909.5,28913.75,459
1784256600,28914.5,28921.25,28905.25,28906.25,407
1784256900,28907.0,28934.25,28902.25,28925.0,722
1784257200,28926.25,28946.25,28915.0,28942.25,522
1784257500,28942.0,28957.0,28941.0,28951.75,509
1784257800,28950.75,28960.75,28947.25,28953.75,328
1784258100,28954.25,28983.0,28954.25,28981.5,560
1784258400,28980.75,29022.5,28979.5,28999.25,1344
1784258700,28998.5,29026.0,28998.0,29015.25,622
1784259000,29013.5,29016.75,28970.0,28977.0,878
1784259300,28977.5,28995.75,28967.0,28969.0,513
1784259600,28969.75,28970.5,28943.5,28954.5,961
1784259900,28957.0,28960.0,28935.0,28938.75,503
1784260200,28938.25,28941.0,28919.5,28921.25,719
1784260500,28920.25,28925.0,28913.75,28922.25,434
1784261100,28873.5,28879.25,28863.25,28863.25,2714
1784261400,28861.0,28870.75,28840.0,28850.0,1093
1784261700,28851.25,28858.0,28836.0,28841.75,684
1784262000,28842.0,28859.5,28825.75,28828.75,860
1784262300,28829.0,28829.0,28803.0,28809.5,1279
1784262600,28808.0,28826.0,28781.5,28791.0,1173
1784262900,28791.0,28802.75,28774.5,28797.25,1019
1784263200,28798.0,28819.0,28782.0,28809.5,1067
1784263500,28809.5,28837.0,28809.25,28824.75,859
1784263800,28826.0,28840.25,28820.0,28838.75,550
1784264100,28839.5,28841.25,28804.75,28804.75,754
1784264400,28806.0,28820.25,28787.75,28817.0,918
1784264700,28816.25,28818.75,28789.0,28806.0,512
1784265000,28804.75,28814.75,28789.5,28804.75,474
1784265300,28803.5,28823.0,28787.5,28810.5,665
1784265600,28811.75,28812.0,28789.0,28790.75,597
1784265900,28790.25,28802.0,28783.5,28791.0,449
1784266200,28792.5,28811.75,28762.0,28773.5,969
1784266500,28774.5,28784.25,28740.0,28743.5,1284
1784266800,28743.5,28759.75,28725.0,28759.75,964
1784267100,28758.5,28774.0,28739.0,28763.25,668
1784267400,28765.0,28768.0,28741.25,28758.25,652
1784267700,28760.0,28764.75,28733.25,28756.25,629
1784268000,28755.0,28774.0,28743.75,28763.0,1186
1784268300,28765.0,28773.0,28722.5,28732.0,1010
1784268600,28733.5,28768.25,28726.75,28756.75,770
1784268900,28757.5,28774.0,28745.5,28772.5,1001
1784269200,28772.5,28810.25,28771.75,28807.5,1122
1784269500,28810.0,28824.5,28806.25,28815.25,797
1784269800,28814.25,28825.0,28806.25,28816.75,598
1784270100,28816.25,28816.25,28773.5,28775.0,822
1784270400,28776.0,28783.25,28762.0,28776.5,516
1784270700,28774.25,28774.5,28739.0,28752.25,695
1784271000,28751.0,28755.25,28735.0,28745.0,636
1784271300,28746.25,28752.25,28730.5,28743.0,548
1784271600,28744.25,28767.5,28728.5,28765.5,1240
1784271900,28765.75,28766.25,28724.75,28736.0,815
1784272200,28733.25,28752.5,28720.5,28751.5,796
1784272500,28752.25,28765.75,28743.5,28757.0,608
1784272800,28756.75,28756.75,28717.5,28723.5,793
1784273100,28719.75,28755.5,28713.5,28748.0,706
1784273400,28750.0,28759.5,28727.0,28727.0,505
1784273700,28724.0,28725.5,28708.0,28720.75,608
1784274000,28721.0,28730.25,28702.5,28715.75,655
1784274300,28715.25,28716.0,28688.75,28708.0,899
1784274600,28709.25,28713.75,28697.25,28703.0,384
1784274900,28700.75,28722.25,28682.5,28688.0,711
1784275200,28687.5,28731.0,28680.0,28720.5,1242
1784275500,28722.25,28735.0,28694.25,28709.5,973
1784275800,28708.5,28708.5,28667.5,28678.0,995
1784276100,28677.75,28678.5,28580.75,28591.25,3687
1784276400,28592.25,28614.75,28579.0,28600.5,1472
1784276700,28599.0,28634.25,28577.25,28609.75,1277
1784277000,28609.5,28617.75,28577.25,28581.0,966
1784277300,28583.75,28591.0,28562.75,28571.25,990
1784277600,28573.0,28592.0,28550.0,28585.75,1083
1784277900,28584.25,28615.5,28581.25,28594.0,858
1784278200,28593.75,28634.5,28592.0,28625.25,921
1784278500,28625.0,28662.0,28623.75,28630.0,1344
1784278800,28628.75,28641.0,28618.75,28637.75,796
1784279100,28639.75,28651.5,28624.25,28648.75,606
1784279400,28648.5,28675.5,28638.75,28673.5,838
1784279700,28671.5,28673.5,28630.0,28638.75,906
1784280000,28639.75,28668.0,28632.75,28668.0,571
1784280300,28668.5,28690.5,28667.25,28690.0,688
1784280600,28691.0,28694.5,28661.75,28665.5,565
1784280900,28665.25,28716.0,28664.25,28707.0,711
1784281200,28708.0,28708.5,28678.0,28686.0,647
1784281500,28685.0,28711.75,28683.75,28690.75,664
1784281800,28691.75,28728.0,28690.5,28714.75,790
1784282100,28713.75,28714.75,28695.75,28711.5,634
1784282400,28711.75,28730.0,28691.5,28712.25,919
1784282700,28712.25,28743.0,28712.25,28740.0,945
1784283000,28740.0,28772.25,28726.0,28766.25,1668
1784283300,28767.0,28787.25,28754.75,28762.25,1175
1784283600,28758.25,28765.0,28722.0,28744.5,1268
1784283900,28744.5,28782.0,28724.25,28773.5,807
1784284200,28772.25,28791.75,28763.0,28791.5,889
1784284500,28792.25,28822.0,28789.75,28818.5,1411
1784284800,28817.75,28825.5,28793.75,28801.25,1245
1784285100,28799.25,28815.0,28790.0,28800.0,810
1784285400,28799.0,28804.0,28788.0,28794.0,457
1784285700,28793.75,28803.75,28777.0,28785.0,772
1784286000,28786.75,28808.25,28752.0,28762.75,1360
1784286300,28761.5,28781.75,28750.0,28755.0,1247
1784286600,28753.75,28780.25,28750.75,28757.25,727
1784286900,28759.25,28760.75,28740.5,28742.5,702
1784287200,28742.5,28751.25,28728.25,28743.5,861
1784287500,28745.25,28775.0,28745.0,28761.75,1031
1784287800,28763.0,28765.0,28738.5,28749.0,511
1784288100,28749.0,28762.25,28748.5,28748.5,454
1784288400,28750.25,28755.75,28713.5,28729.75,734
1784288700,28727.5,28749.0,28718.0,28744.75,632
1784289000,28744.25,28764.25,28725.5,28757.5,690
1784289300,28756.5,28762.0,28736.0,28741.5,438
1784289600,28740.0,28744.75,28694.0,28699.75,1114
1784289900,28697.75,28701.25,28682.25,28685.0,1151
1784290200,28686.0,28695.75,28675.0,28683.75,955
1784290500,28683.25,28689.5,28670.75,28675.25,661
1784290800,28676.0,28696.75,28671.0,28688.0,732
1784291100,28688.75,28693.25,28662.0,28675.75,1044
1784291400,28674.75,28679.75,28661.0,28669.0,873
1784291700,28669.0,28682.75,28662.5,28673.0,818
1784292000,28672.5,28683.75,28650.75,28674.5,1245
1784292300,28675.25,28690.75,28651.5,28652.25,1255
1784292600,28651.5,28673.25,28645.5,28671.5,889
1784292900,28670.5,28686.5,28660.0,28664.5,1100
1784293200,28664.75,28665.75,28635.0,28644.75,1591
1784293500,28644.5,28651.25,28625.0,28628.25,1544
1784293800,28627.25,28635.25,28619.75,28621.5,1090
1784294100,28621.0,28635.75,28611.5,28615.0,1493
1784294400,28614.25,28630.25,28596.75,28599.0,1806
1784294700,28599.5,28648.25,28581.0,28607.75,6215
1784295000,28607.0,28686.0,28539.75,28553.25,16788
1784295300,28554.75,28571.25,28457.75,28463.5,12169
1784295600,28463.0,28512.0,28408.25,28420.0,12845
1784295900,28419.5,28519.0,28412.0,28499.25,10817
1784296200,28498.5,28614.5,28486.25,28601.5,10630
1784296500,28601.25,28681.75,28578.25,28676.0,9562
1784296800,28676.0,28783.75,28665.25,28718.25,14333
1784297100,28718.0,28817.0,28718.0,28810.0,9949
1784297400,28810.0,28862.25,28783.0,28803.5,10733
1784297700,28804.0,28885.5,28779.75,28848.75,9882
1784298000,28850.0,28879.0,28815.5,28866.0,8098
1784298300,28865.5,28887.5,28816.5,28832.0,6574
1784298600,28832.0,28850.25,28760.25,28790.5,9270
1784298900,28791.5,28894.75,28788.0,28894.0,9648
1784299200,28892.75,28896.0,28806.0,28825.5,6695
1784299500,28824.5,28857.75,28768.25,28788.25,6888
1784299800,28789.5,28814.0,28748.25,28762.5,5677
1784300100,28762.5,28808.75,28721.0,28727.0,6002
1784300400,28727.0,28742.25,28685.0,28690.0,5924
1784300700,28689.75,28733.0,28676.75,28730.75,5373
1784301000,28729.75,28755.75,28688.0,28706.5,4992
1784301300,28707.25,28747.25,28686.0,28725.25,4450
1784301600,28726.0,28742.75,28672.25,28691.5,5446
1784301900,28692.25,28760.0,28688.25,28753.5,4745
1784302200,28753.25,28790.75,28718.0,28753.5,7102
1784302500,28753.75,28832.5,28725.0,28822.5,5575
1784302800,28823.0,28843.5,28766.25,28799.0,5230
1784303100,28797.0,28828.0,28781.5,28826.0,3859
1784303400,28824.5,28885.25,28800.75,28884.0,4919
1784303700,28884.0,28948.5,28879.25,28933.5,7051
1784304000,28934.0,28955.75,28856.75,28885.75,8907
1784304300,28885.25,28918.0,28846.0,28918.0,4426
1784304600,28916.75,28944.5,28897.5,28939.0,4969
1784304900,28939.75,28956.0,28925.25,28941.25,4841
1784305200,28941.25,28949.5,28864.75,28868.75,4646
1784305500,28867.75,28942.75,28858.0,28913.5,4612
1784305800,28914.25,28930.25,28885.75,28903.75,3035
1784306100,28904.75,28941.0,28903.25,28927.0,2934
1784306400,28926.75,28972.25,28902.0,28971.0,4150
1784306700,28971.0,29002.75,28962.5,28997.25,5079
1784307000,28998.0,29028.0,28983.25,29010.25,4891
1784307300,29010.75,29019.5,28960.5,28974.25,4139
1784307600,28974.75,29033.5,28966.25,29010.75,4739
1784307900,29010.25,29039.5,29001.0,29034.25,3268
1784308200,29034.0,29050.25,28994.75,28995.75,3593
1784308500,28995.5,29042.75,28987.0,29003.25,3405
1784308800,29000.5,29005.0,28979.25,28989.5,3833
1784309100,28990.5,29041.0,28988.25,29035.5,3866
1784309400,29035.75,29042.25,29014.0,29017.5,2986
1784309700,29019.0,29023.75,28972.0,28980.5,3390
1784310000,28981.25,28983.5,28943.0,28950.25,3723
1784310300,28949.75,28969.75,28940.0,28961.25,2420
1784310600,28961.5,28967.25,28914.5,28919.75,3148
1784310900,28920.0,28925.5,28883.75,28895.75,3456
1784311200,28896.25,28937.0,28882.0,28906.75,3662
1784311500,28906.25,28906.25,28870.25,28873.5,3582
1784311800,28873.75,28881.75,28856.25,28862.25,2479
1784312100,28863.25,28870.75,28831.25,28848.0,3936
1784312400,28847.75,28862.5,28825.25,28838.25,3665
1784312700,28837.5,28856.25,28822.5,28851.75,2643
1784313000,28852.0,28891.75,28825.0,28841.5,4415
1784313300,28842.0,28855.0,28830.75,28837.75,2124
1784313600,28839.0,28843.25,28797.0,28808.75,5165
1784313900,28808.25,28869.75,28797.0,28847.75,4086
1784314200,28846.75,28881.25,28832.0,28880.25,3404
1784314500,28880.75,28886.0,28852.25,28861.25,2801
1784314800,28861.0,28869.25,28830.5,28850.5,3465
1784315100,28850.75,28858.25,28809.75,28816.25,2458
1784315400,28815.0,28820.5,28757.75,28760.0,3918
1784315700,28759.25,28775.25,28734.5,28767.25,4617
1784316000,28767.25,28767.75,28734.0,28734.75,2647
1784316300,28735.25,28807.0,28718.5,28795.5,4405
1784316600,28795.75,28846.5,28791.75,28801.5,6757
1784316900,28801.75,28825.25,28766.5,28767.25,3508
1784317200,28767.75,28809.0,28753.75,28795.5,3898
1784317500,28795.5,28830.75,28788.0,28827.25,4369
1784317800,28827.25,28853.5,28806.75,28838.0,6624
1784318100,28836.75,28848.5,28756.0,28764.25,12635
1784318400,28764.5,28768.0,28712.5,28728.5,7817
1784318700,28727.0,28741.75,28717.0,28736.0,2406
1784319000,28736.25,28748.5,28716.5,28738.5,2247
1784319300,28738.75,28747.25,28733.5,28744.5,910
1784319600,28744.75,28753.0,28741.5,28748.75,942
1784319900,28749.5,28754.5,28746.75,28749.75,753
1784320200,28749.5,28768.75,28749.25,28762.25,1321
1784320500,28761.5,28761.5,28750.5,28756.25,882
1784320800,28755.75,28768.25,28754.75,28767.25,609
1784321100,28767.5,28771.25,28757.5,28758.5,427
1784321400,28758.25,28767.75,28754.5,28765.25,579
1784321700,28766.25,28779.75,28761.0,28773.25,684
1784499000,28733.75,28737.75,28709.75,28715.75,628
1784499300,28715.25,28790.0,28714.25,28781.5,1216
1784499600,28781.75,28818.75,28781.0,28784.0,1121
1784499900,28781.0,28788.5,28761.5,28766.5,839
1784500200,28763.75,28830.0,28757.75,28827.5,1217
1784500500,28827.5,28837.75,28801.75,28811.25,532
1784500800,28813.5,28851.0,28813.5,28838.25,599
1784501100,28839.0,28848.25,28817.0,28831.0,527
1784501400,28831.0,28834.75,28811.25,28817.75,470
1784501700,28820.0,28823.75,28810.0,28814.5,320
1784502000,28818.0,28825.5,28785.0,28793.75,668
1784502300,28793.5,28824.0,28787.25,28821.5,447
1784502600,28824.5,28836.25,28807.0,28812.5,398
1784502900,28814.0,28818.25,28789.0,28800.5,309
1784503200,28800.25,28817.5,28781.0,28814.75,375
1784503500,28814.25,28824.75,28790.75,28805.25,374
1784503800,28805.5,28819.75,28793.75,28816.75,293
1784504100,28820.0,28838.0,28810.0,28835.25,577
1784504400,28831.75,28868.5,28825.0,28864.5,808
1784504700,28866.75,28868.0,28815.0,28827.5,847
1784505000,28828.25,28862.0,28826.75,28842.75,387
1784505300,28844.75,28880.25,28841.0,28868.25,719
1784505600,28870.0,28873.25,28806.0,28870.5,1437
1784505900,28868.0,28938.0,28867.5,28925.0,1879
1784506200,28924.5,28956.5,28918.5,28940.25,1191
1784506500,28940.25,28963.5,28937.5,28957.5,1166
1784506800,28957.5,28962.5,28937.5,28947.5,605
1784507100,28947.25,28948.75,28926.5,28935.0,776
1784507400,28935.75,28938.25,28875.0,28876.25,993
1784507700,28875.75,28923.75,28873.0,28897.25,955
1784508000,28896.0,28935.5,28885.5,28886.25,724
1784508300,28888.0,28900.25,28858.25,28884.25,1115
1784508600,28884.75,28887.25,28861.5,28864.75,348
1784508900,28864.5,28890.0,28850.0,28859.25,549
1784509200,28861.75,28888.25,28846.5,28862.5,712
1784509500,28862.25,28906.5,28858.0,28905.0,672
1784509800,28903.75,28917.5,28846.5,28853.0,734
1784510100,28853.0,28869.5,28830.0,28834.25,1050
1784510400,28833.75,28879.0,28820.5,28864.25,874
1784510700,28864.5,28885.0,28811.5,28815.5,938
1784511000,28815.0,28829.5,28803.75,28810.0,808
1784511300,28807.75,28834.0,28802.0,28824.25,586
1784511600,28822.5,28834.75,28776.5,28796.5,1094
1784511900,28796.25,28819.5,28786.5,28811.25,535
1784512200,28814.0,28814.25,28767.0,28771.25,780
1784512500,28769.5,28806.0,28762.75,28795.75,722
1784512800,28798.5,28885.0,28795.75,28874.25,1452
1784513100,28873.5,28889.0,28866.0,28870.5,594
1784513400,28869.75,28869.75,28833.0,28838.25,567
1784513700,28839.5,28846.5,28808.25,28810.0,646
1784514000,28813.0,28814.5,28793.0,28801.5,591
1784514300,28804.75,28823.5,28793.0,28811.25,397
1784514600,28811.0,28877.0,28809.5,28863.25,928
1784514900,28863.0,28888.75,28855.25,28860.25,454
1784515200,28861.25,28917.75,28856.5,28899.25,706
1784515500,28901.25,28938.25,28892.75,28931.5,894
1784515800,28932.5,28948.0,28901.75,28906.75,622
1784516100,28906.75,28912.0,28883.75,28886.0,439
1784516400,28888.0,28913.0,28881.25,28887.75,353
1784516700,28884.0,28885.5,28856.0,28872.75,488
1784517000,28872.5,28892.0,28866.75,28884.75,335
1784517300,28883.75,28913.75,28877.5,28888.5,589
1784517600,28888.75,28899.0,28863.0,28895.0,432
1784517900,28894.0,28895.5,28870.0,28876.5,232
1784518200,28876.5,28902.75,28864.5,28868.0,472
1784518500,28866.5,28890.5,28851.0,28887.0,490
1784518800,28887.0,28903.25,28869.75,28898.5,341
1784519100,28900.0,28905.5,28884.75,28901.25,251
1784519400,28900.0,28937.75,28900.0,28932.25,754
1784519700,28935.5,28935.5,28881.0,28894.5,519
1784520000,28900.0,28918.75,28886.0,28895.25,604
1784520300,28894.0,28897.75,28871.25,28881.25,293
1784520600,28883.0,28887.5,28863.0,28867.25,398
1784520900,28867.25,28867.25,28844.5,28852.75,436
1784521200,28853.0,28866.75,28844.75,28861.75,283
1784521500,28862.5,28902.75,28861.5,28900.5,429
1784521800,28900.25,28936.5,28888.25,28905.75,581
1784522100,28906.75,28935.25,28899.25,28925.25,390
1784522400,28924.25,28940.25,28905.75,28933.5,742
1784522700,28934.75,28941.75,28925.5,28937.25,238
1784523000,28938.5,28942.0,28913.75,28913.75,404
1784523300,28915.25,28920.0,28892.75,28897.75,334
1784523600,28898.0,28901.75,28873.25,28876.0,478
1784523900,28875.25,28876.25,28844.75,28850.0,680
1784524200,28850.75,28869.0,28812.75,28862.25,1116
1784524500,28862.5,28862.5,28838.5,28852.75,317
1784524800,28851.5,28856.0,28826.25,28837.75,244
1784525100,28840.5,28849.75,28829.0,28832.75,271
1784525400,28831.25,28839.0,28817.5,28826.0,395
1784525700,28825.25,28836.75,28814.0,28816.5,432
1784526000,28817.0,28832.0,28809.0,28813.0,410
1784526300,28813.25,28832.25,28805.25,28819.5,435
1784526600,28819.5,28819.75,28790.0,28794.5,405
1784526900,28793.25,28828.0,28789.0,28807.25,437
1784527200,28808.0,28823.75,28798.5,28819.25,542
1784527500,28818.0,28821.0,28795.75,28802.0,284
1784527800,28801.75,28801.75,28781.75,28785.5,430
1784528100,28783.5,28809.0,28777.75,28800.5,529
1784528400,28804.0,28815.25,28770.25,28772.0,463
1784528700,28771.5,28795.5,28768.75,28785.0,289
1784529000,28786.5,28797.25,28775.75,28778.0,243
1784529300,28775.75,28785.75,28766.0,28776.25,349
1784529600,28773.0,28813.5,28772.25,28804.25,602
1784529900,28802.5,28804.0,28778.5,28788.5,349
1784530200,28790.0,28808.0,28790.0,28799.25,212
1784530500,28801.25,28811.5,28781.5,28803.5,467
1784530800,28805.75,28833.75,28804.5,28820.75,757
1784531100,28822.25,28829.5,28805.75,28817.0,450
1784531400,28820.0,28829.5,28810.0,28819.25,376
1784531700,28820.75,28823.75,28797.75,28809.75,422
1784532000,28810.0,28851.25,28800.0,28843.5,710
1784532300,28842.25,28885.75,28840.0,28880.25,650
1784532600,28880.0,28921.25,28878.25,28911.0,896
1784532900,28911.75,28921.0,28897.0,28909.5,777
1784533200,28912.25,28926.0,28890.75,28905.5,636
1784533500,28905.5,28918.0,28882.25,28886.25,480
1784533800,28884.5,28898.75,28879.0,28891.5,273
1784534100,28891.5,28923.0,28890.5,28911.0,617
1784534400,28908.25,28934.25,28905.5,28921.5,707
1784534700,28920.75,28928.0,28889.5,28899.0,580
1784535000,28900.5,28928.5,28893.75,28926.75,381
1784535300,28928.25,28939.75,28913.75,28915.25,617
1784535600,28915.25,28918.5,28900.5,28909.5,385
1784535900,28908.75,28911.75,28895.5,28902.5,377
1784536200,28902.25,28907.25,28869.75,28884.5,468
1784536500,28883.0,28883.5,28862.0,28874.25,329
1784536800,28875.0,28887.25,28860.0,28863.25,364
1784537100,28864.75,28886.75,28860.75,28886.75,269
1784537400,28885.5,28890.0,28863.75,28866.0,273
1784537700,28867.5,28885.75,28865.0,28882.0,170
1784538000,28879.25,28888.5,28869.25,28877.0,213
1784538300,28876.75,28884.0,28854.0,28874.0,374
1784538600,28874.0,28883.25,28869.25,28878.0,225
1784538900,28878.0,28902.75,28878.0,28882.0,297
1784539200,28883.0,28915.75,28883.0,28905.5,365
1784539500,28905.5,28914.5,28901.0,28904.75,215
1784539800,28904.25,28919.0,28898.0,28907.5,336
1784540100,28907.25,28923.75,28907.0,28922.75,258
1784540400,28923.25,28941.5,28921.25,28940.75,488
1784540700,28941.0,28967.0,28940.0,28966.25,897
1784541000,28965.75,28998.25,28963.5,28970.5,1457
1784541300,28969.75,28969.75,28948.5,28952.5,703
1784541600,28952.75,28957.5,28937.25,28944.0,446
1784541900,28943.25,28943.5,28926.5,28935.5,290
1784542200,28934.5,28944.5,28929.0,28933.25,318
1784542500,28932.75,28937.75,28920.5,28933.5,478
1784542800,28934.25,28954.0,28931.5,28945.75,450
1784543100,28945.25,28962.25,28933.0,28956.75,657
1784543400,28955.0,28976.0,28950.0,28965.75,702
1784543700,28964.0,28966.0,28947.25,28954.5,295
1784544000,28955.0,28971.25,28949.25,28967.25,402
1784544300,28967.5,28979.25,28965.0,28967.75,304
1784544600,28968.0,28980.0,28961.5,28979.75,321
1784544900,28979.5,28980.0,28965.75,28969.0,176
1784545200,28970.75,28994.25,28963.75,28991.75,801
1784545500,28992.0,29004.75,28989.0,29003.0,767
1784545800,29002.25,29026.5,28998.25,29012.5,803
1784546100,29012.25,29018.0,28999.25,29002.75,784
1784546400,29001.5,29008.25,28991.5,28993.5,375
1784546700,28992.25,28999.5,28987.75,28998.75,468
1784547000,28997.75,29106.0,28995.5,29099.0,4357
1784547300,29099.5,29109.5,29084.25,29087.5,1196
1784547600,29086.5,29108.75,29075.0,29087.25,1258
1784547900,29088.75,29096.75,29062.0,29062.25,1251
1784548200,29062.25,29085.0,29048.25,29081.0,1316
1784548500,29082.0,29082.0,29068.0,29072.5,384
1784548800,29072.5,29075.5,28981.75,29009.25,2579
1784549100,29009.0,29025.75,29001.25,29018.75,973
1784549400,29017.25,29025.0,28991.0,29004.75,863
1784549700,29003.0,29019.75,28991.5,29013.5,593
1784550000,29014.5,29017.0,28999.0,29008.75,382
1784550300,29008.25,29036.75,29000.5,29034.75,717
1784550600,29036.0,29043.0,29016.25,29035.75,884
1784550900,29037.25,29046.0,29032.5,29035.75,448
1784551200,29034.5,29039.0,29001.0,29005.5,760
1784551500,29005.25,29044.0,29004.25,29040.75,1005
1784551800,29040.25,29040.5,29012.25,29014.25,864
1784552100,29013.25,29026.0,29004.0,29025.0,741
1784552400,29025.0,29058.25,29016.75,29049.75,1739
1784552700,29049.5,29055.5,29041.0,29043.75,844
1784553000,29044.25,29057.0,29022.75,29024.0,1018
1784553300,29025.0,29040.75,29021.25,29038.5,682
1784553600,29040.5,29051.0,29038.25,29044.5,803
1784553900,29044.25,29060.0,29021.25,29045.0,2746
1784554200,29045.0,29137.75,29025.75,29136.5,12471
1784554500,29136.75,29167.25,29119.5,29125.0,10271
1784554800,29127.0,29181.75,29121.25,29178.25,7428
1784555100,29177.75,29192.5,29115.75,29117.75,9849
1784555400,29117.5,29131.25,29027.5,29064.5,11071
1784555700,29065.25,29066.75,28979.75,28994.75,9462
1784556000,28996.0,29049.0,28961.0,29019.0,10436
1784556300,29020.0,29027.75,28983.5,29008.5,6379
1784556600,29007.0,29007.5,28938.0,28973.5,7636
1784556900,28971.75,29005.5,28938.5,28959.75,6567
1784557200,28959.75,28985.75,28908.0,28968.0,6742
1784557500,28967.5,29032.75,28963.0,29030.75,5423
1784557800,29030.75,29053.75,28980.75,29002.25,5632
1784558100,29002.0,29025.75,28972.5,28992.0,4248
1784558400,28992.25,29016.0,28952.75,28964.5,4211
1784558700,28965.5,29004.25,28925.25,28927.25,6418
1784559000,28928.5,28946.75,28895.75,28912.5,5513
1784559300,28909.5,28929.0,28874.0,28891.5,6250
1784559600,28891.75,28957.0,28873.25,28927.0,6456
1784559900,28927.0,28988.25,28883.5,28987.5,7044
1784560200,28985.5,28989.5,28933.25,28945.0,4725
1784560500,28946.0,28997.5,28928.75,28972.25,3794
1784560800,28973.0,29024.5,28957.75,29001.5,3936
1784561100,29001.5,29020.75,28969.75,29015.5,3899
1784561400,29015.75,29031.0,29010.0,29020.5,3760
1784561700,29021.0,29028.0,28998.75,29000.25,2824
1784562000,29000.25,29034.75,28986.25,29027.5,3534
1784562300,29028.5,29031.5,28978.0,28985.0,3226
1784562600,28984.5,29055.25,28974.0,29043.75,4253
1784562900,29044.25,29066.75,29043.0,29050.75,3209
1784563200,29050.75,29069.0,29028.75,29063.0,4335
1784563500,29063.75,29105.75,29062.75,29103.25,4220
1784563800,29103.75,29119.0,29095.0,29107.0,3642
1784564100,29107.0,29109.5,29084.0,29104.25,3285
1784564400,29104.75,29112.75,29094.25,29101.0,2162
1784564700,29101.25,29105.5,29069.75,29084.5,2789
1784565000,29085.0,29101.25,29043.5,29045.75,3374
1784565300,29046.25,29075.75,29042.75,29074.75,2908
1784565600,29074.0,29083.25,28962.0,29004.25,6744
1784565900,29005.0,29051.75,28991.75,29049.75,3579
1784566200,29050.5,29051.0,28975.0,28977.0,5046
1784566500,28976.5,28989.0,28956.0,28983.75,4052
1784566800,28983.0,28999.75,28954.75,28961.0,3863
1784567100,28961.75,28970.25,28937.5,28967.5,2685
1784567400,28967.5,28970.5,28922.0,28926.5,2890
1784567700,28926.25,28960.25,28910.25,28956.75,3462
1784568000,28955.0,28975.75,28941.5,28958.25,2911
1784568300,28957.5,28974.5,28944.75,28957.25,2083
1784568600,28958.25,28968.25,28945.75,28957.75,2183
1784568900,28956.5,28973.25,28940.5,28945.0,1999
1784569200,28946.0,28947.25,28900.75,28910.0,3352
1784569500,28910.75,28956.5,28908.75,28946.25,2752
1784569800,28945.25,28982.75,28943.0,28969.5,2344
1784570100,28970.0,28971.25,28941.0,28956.5,2164
1784570400,28957.0,28992.25,28956.5,28970.75,3047
1784570700,28970.0,28989.0,28956.75,28988.5,1623
1784571000,28989.0,29002.0,28975.0,28992.5,2070
1784571300,28993.0,29009.75,28979.0,28993.75,2299
1784571600,28993.25,28996.25,28938.25,28940.75,3542
1784571900,28941.5,28971.75,28932.0,28949.0,2544
1784572200,28949.0,28949.0,28895.0,28907.5,3103
1784572500,28906.25,28945.75,28897.25,28906.25,2846
1784572800,28905.75,28913.75,28858.75,28859.25,4225
1784573100,28860.5,28891.25,28855.75,28872.0,3705
1784573400,28870.5,28901.25,28861.5,28893.25,3393
1784573700,28892.0,28897.5,28855.75,28870.0,2715
1784574000,28871.0,28896.0,28836.75,28845.5,3743
1784574300,28845.75,28858.5,28832.25,28849.0,3496
1784574600,28848.5,28878.0,28807.75,28807.75,4819
1784574900,28808.5,28836.0,28796.5,28814.75,4212
1784575200,28814.25,28832.5,28797.25,28825.5,2948
1784575500,28825.25,28869.0,28799.0,28855.5,4203
1784575800,28855.75,28883.0,28834.25,28867.5,4660
1784576100,28866.0,28873.75,28837.25,28862.75,2851
1784576400,28862.0,28894.25,28854.0,28866.5,4049
1784576700,28866.5,28880.0,28841.75,28868.0,3598
1784577000,28866.25,28866.25,28793.0,28804.75,6079
1784577300,28805.25,28809.0,28767.75,28785.75,13584
1784577600,28785.25,28831.5,28782.25,28794.25,5885
1784577900,28794.25,28803.0,28767.0,28772.0,1453
1784578200,28772.0,28783.75,28768.25,28773.0,1058
1784578500,28772.75,28774.75,28754.5,28757.25,1212
1784578800,28757.25,28762.0,28753.25,28756.25,559
1784579100,28757.0,28762.75,28750.5,28759.25,748
1784579400,28759.0,28773.75,28757.75,28773.75,680
1784579700,28773.0,28780.75,28770.25,28775.25,484
1784580000,28775.0,28777.25,28763.75,28771.25,363
1784580300,28771.75,28782.25,28769.25,28781.25,324
1784580600,28780.5,28782.0,28767.75,28779.75,394
1784580900,28779.0,28785.75,28772.75,28777.0,315
1784584800,28778.25,28803.5,28726.5,28730.75,0
1784585100,28732.25,28736.5,28705.0,28731.75,1007
1784585400,28728.75,28736.75,28719.25,28720.25,252
1784585700,28720.0,28732.0,28711.5,28721.25,351
1784586000,28723.0,28730.0,28715.75,28724.5,170
1784586300,28724.25,28728.0,28710.0,28719.75,306
1784586600,28721.5,28734.25,28701.0,28706.5,486
1784586900,28707.5,28728.0,28704.0,28717.0,477
1784587200,28716.5,28725.0,28712.25,28720.75,174
1784587500,28725.0,28734.25,28705.75,28712.5,399
1784587800,28711.5,28720.75,28706.25,28715.25,137
1784588100,28716.25,28720.75,28714.5,28717.75,73
1784588400,28717.75,28734.0,28711.25,28733.75,396
1784588700,28734.0,28775.75,28734.0,28772.5,621
1784589000,28772.5,28778.5,28756.5,28768.25,509
1784589300,28769.0,28802.25,28765.5,28799.25,780
1784589600,28799.5,28820.25,28794.5,28811.75,744
1784589900,28813.5,28822.0,28805.75,28819.0,342
1784590200,28818.75,28824.5,28811.0,28814.5,389
1784590500,28814.75,28816.0,28807.0,28811.0,220
1784590800,28809.75,28817.0,28805.75,28811.75,268
1784591100,28810.5,28832.5,28799.0,28802.5,867
1784591400,28803.0,28803.0,28757.75,28783.5,1074
1784591700,28781.5,28801.75,28774.0,28779.25,622
1784592000,28777.5,28777.75,28722.0,28744.5,1429
1784592300,28738.75,28751.25,28707.25,28726.75,801
1784592600,28727.5,28765.0,28709.25,28736.0,1322
1784592900,28740.0,28804.75,28709.0,28800.75,1570
1784593200,28800.0,28807.5,28771.0,28797.25,944
1784593500,28797.0,28834.5,28781.75,28816.5,953
1784593800,28818.25,28864.75,28813.75,28859.75,939
1784594100,28859.75,28868.5,28842.0,28862.5,625
1784594400,28862.75,28880.0,28852.5,28866.25,577
1784594700,28866.75,28897.0,28853.5,28889.0,1059
1784595000,28889.0,28897.0,28876.0,28881.25,929
1784595300,28881.0,28883.0,28856.25,28856.25,756
1784595600,28859.75,28878.75,28837.5,28877.25,848
1784595900,28877.5,28908.75,28872.25,28897.75,1066
1784596200,28899.5,28910.75,28894.25,28903.25,617
1784596500,28904.5,28912.5,28872.75,28899.5,857
1784596800,28899.25,28905.75,28880.75,28892.25,507
1784597100,28890.0,28900.25,28880.5,28891.0,332
1784597400,28891.75,28916.75,28886.0,28912.25,418
1784597700,28911.25,28920.5,28888.25,28889.75,573
1784598000,28890.0,28897.25,28866.5,28873.25,587
1784598300,28875.5,28911.75,28870.0,28903.0,524
1784598600,28904.75,28907.25,28884.75,28896.25,510
1784598900,28896.5,28896.5,28871.75,28885.25,560
1784599200,28885.25,28913.25,28877.75,28909.0,513
1784599500,28908.25,28937.75,28895.5,28897.0,767
1784599800,28896.25,28900.0,28880.0,28885.5,453
1784600100,28885.25,28890.25,28859.0,28863.25,435
1784600400,28862.75,28913.25,28859.25,28912.75,610
1784600700,28913.0,28920.25,28892.5,28894.5,434
1784601000,28894.5,28926.75,28894.25,28920.25,455
1784601300,28922.5,28950.0,28921.5,28946.25,900
1784601600,28946.5,28955.25,28940.25,28949.0,376
1784601900,28948.75,28950.0,28934.0,28935.0,277
1784602200,28934.75,28941.0,28928.25,28935.75,215
1784602500,28935.5,28956.75,28934.75,28955.0,336
1784602800,28954.0,28974.75,28951.25,28968.0,606
1784603100,28969.25,28972.0,28964.25,28966.5,195
1784603400,28967.0,28981.75,28967.0,28976.0,309
1784603700,28973.75,28993.75,28971.0,28990.75,432
1784604000,28990.25,28995.0,28985.25,28992.75,353
1784604300,28991.75,28997.5,28985.0,28996.25,384
1784604600,28996.25,29017.0,28992.0,29013.75,773
1784604900,29014.25,29039.75,29012.0,29039.5,1110
1784605200,29038.5,29049.25,29033.75,29034.5,693
1784605500,29034.0,29073.0,29033.75,29067.5,1111
1784605800,29068.25,29077.5,29063.0,29075.0,818
1784606100,29074.25,29078.0,29055.25,29058.25,587
1784606700,29075.75,29075.75,29068.25,29068.5,1803
1784607000,29068.0,29077.0,29065.0,29066.5,348
1784607300,29066.5,29072.25,29059.75,29060.75,345
1784607600,29059.5,29077.25,29055.75,29061.5,477
1784607900,29062.75,29074.5,29061.25,29064.0,409
1784608200,29065.25,29068.5,29058.0,29060.0,284
1784608500,29060.75,29076.75,29059.5,29071.25,386
1784608800,29071.5,29073.25,29056.25,29064.25,368
1784609100,29061.5,29076.75,29059.0,29072.25,262
1784609400,29072.0,29072.75,29051.25,29055.25,420
1784609700,29054.5,29063.25,29048.0,29054.0,265
1784610000,29055.75,29061.0,29052.25,29055.75,157
1784610300,29057.25,29058.5,29048.25,29052.25,278
1784610600,29051.75,29051.75,29033.75,29036.0,525
1784610900,29035.75,29036.75,29016.5,29019.0,587
1784611200,29018.25,29049.25,29017.5,29045.25,383
1784611500,29043.5,29071.25,29040.25,29066.75,639
1784611800,29066.0,29071.25,29039.75,29057.75,607
1784612100,29056.75,29072.5,29055.5,29060.75,384
1784612400,29062.75,29093.5,29062.5,29086.5,675
1784612700,29086.25,29091.0,29071.5,29086.25,340
1784613000,29086.25,29100.75,29086.0,29097.25,612
1784613300,29098.0,29105.0,29092.5,29098.25,470
1784613600,29096.25,29119.5,29096.25,29118.75,779
1784613900,29118.5,29125.0,29107.0,29115.0,755
1784614200,29114.75,29143.5,29110.0,29132.5,926
1784614500,29133.0,29141.5,29125.5,29128.25,665
1784614800,29129.0,29129.5,29109.0,29117.0,726
1784615100,29116.5,29127.75,29110.0,29112.25,500
1784615400,29113.25,29135.5,29113.25,29131.25,614
1784615700,29133.0,29153.0,29128.0,29137.5,747
1784616000,29136.5,29155.0,29135.75,29153.0,386
1784616300,29153.5,29155.5,29130.25,29149.25,329
1784616600,29150.25,29151.0,29136.75,29141.25,205
1784616900,29141.25,29148.75,29138.75,29146.5,282
1784617200,29147.75,29162.0,29140.0,29148.5,771
1784617500,29149.25,29155.5,29134.75,29136.5,335
1784617800,29136.75,29145.75,29118.0,29131.5,551
1784618100,29130.75,29130.75,29114.0,29125.0,547
1784618400,29124.75,29124.75,29100.5,29104.75,618
1784618700,29105.5,29112.75,29092.5,29103.0,642
1784619000,29102.0,29120.0,29088.0,29118.75,675
1784619300,29120.0,29127.0,29114.0,29118.5,447
1784619600,29118.5,29123.25,29108.5,29112.0,246
1784619900,29112.75,29115.0,29091.0,29096.75,393
1784620200,29096.25,29111.25,29091.25,29108.75,406
1784620500,29107.5,29120.75,29104.5,29117.25,372
1784620800,29118.0,29134.25,29104.0,29132.0,847
1784621100,29132.75,29140.0,29126.75,29136.5,404
1784621400,29135.25,29154.0,29122.5,29151.5,686
1784621700,29151.0,29156.25,29140.25,29146.0,350
1784622000,29146.0,29163.25,29141.75,29161.5,611
1784622300,29161.75,29168.0,29153.25,29168.0,609
1784622600,29167.5,29175.0,29160.0,29161.0,694
1784622900,29161.0,29173.75,29157.75,29162.0,505
1784623200,29160.25,29176.75,29156.0,29167.5,515
1784623500,29166.75,29169.0,29149.75,29160.5,423
1784623800,29160.25,29165.5,29154.75,29159.5,337
1784624100,29159.25,29175.0,29156.25,29167.0,325
1784624400,29168.0,29181.0,29162.5,29171.0,491
1784624700,29171.25,29179.0,29167.0,29174.25,253
1784625000,29175.5,29179.25,29167.25,29172.0,218
1784625300,29172.25,29195.25,29172.0,29187.75,935
1784625600,29188.0,29195.0,29178.75,29182.0,454
1784625900,29182.75,29188.75,29163.5,29166.75,429
1784626200,29165.5,29179.25,29156.0,29171.5,368
1784626500,29170.75,29172.25,29151.25,29162.0,538
1784626800,29161.5,29170.25,29155.5,29164.75,347
1784627100,29164.5,29183.75,29161.25,29181.25,339
1784627400,29182.25,29185.5,29170.5,29177.0,344
1784627700,29176.5,29176.5,29153.5,29155.0,377
1784628000,29155.25,29183.0,29154.75,29163.25,541
1784628300,29163.0,29166.5,29155.25,29159.75,177
1784628600,29158.25,29198.5,29156.25,29172.75,935
1784628900,29171.25,29180.0,29167.75,29174.25,276
1784629200,29174.5,29187.25,29173.5,29180.0,310
1784629500,29181.0,29181.75,29164.75,29173.25,313
1784629800,29174.25,29186.5,29169.5,29181.75,254
1784630100,29181.25,29207.0,29175.0,29178.25,1125
1784630400,29176.75,29179.0,29164.0,29173.0,544
1784630700,29172.0,29186.25,29155.5,29181.25,544
1784631000,29180.0,29180.5,29165.0,29166.0,287
1784631300,29166.25,29177.25,29162.5,29166.25,380
1784631600,29167.75,29184.0,29142.0,29142.25,787
1784631900,29143.0,29147.5,29133.75,29136.5,712
1784632200,29136.25,29162.75,29133.25,29158.0,507
1784632500,29158.25,29158.5,29128.0,29132.5,812
1784632800,29133.5,29142.0,29121.0,29140.25,683
1784633100,29140.25,29142.75,29119.5,29129.75,965
1784633400,29129.0,29144.0,29126.0,29144.0,360
1784633700,29142.75,29173.25,29139.75,29158.25,1285
1784634000,29158.25,29170.5,29155.5,29166.0,1001
1784634300,29167.5,29181.5,29163.25,29179.5,595
1784634600,29179.25,29182.0,29153.0,29155.25,581
1784634900,29156.5,29160.75,29145.25,29154.25,392
1784635200,29153.5,29172.75,29146.0,29163.0,834
1784635500,29163.5,29190.25,29158.0,29184.0,869
1784635800,29182.75,29195.25,29173.5,29179.0,1020
1784636100,29178.75,29179.25,29138.0,29150.75,1292
1784636400,29152.5,29154.25,29134.75,29150.5,691
1784636700,29152.25,29153.0,29133.25,29134.25,429
1784637000,29133.0,29142.25,29127.5,29132.75,578
1784637300,29134.0,29138.0,29118.5,29135.0,703
1784637600,29134.0,29143.0,29111.5,29135.0,1651
1784637900,29135.25,29177.5,29134.5,29169.75,1613
1784638200,29168.5,29186.75,29165.25,29176.75,1275
1784638500,29176.5,29181.0,29171.0,29171.5,581
1784638800,29173.5,29183.0,29162.75,29164.25,1065
1784639100,29164.25,29172.5,29156.5,29162.0,704
1784639400,29160.75,29167.25,29156.25,29162.25,538
1784639700,29163.0,29172.0,29155.75,29169.0,824
1784640000,29169.75,29181.25,29167.5,29178.25,953
1784640300,29179.0,29225.0,29179.0,29221.5,3609
1784640600,29222.5,29246.25,29133.0,29147.25,17332
1784640900,29147.0,29226.0,29138.0,29191.0,10729
1784641200,29189.75,29193.25,29129.5,29144.5,8992
1784641500,29144.5,29153.5,29095.5,29143.25,8913
1784641800,29143.0,29178.0,29118.25,29140.5,7851
1784642100,29142.25,29163.75,29092.5,29152.75,6741
1784642400,29153.5,29188.5,29087.25,29113.25,8590
1784642700,29113.0,29138.5,29073.5,29080.0,7348
1784643000,29080.25,29137.25,29064.25,29131.5,6420
1784643300,29129.5,29162.5,29067.0,29157.0,7343
1784643600,29157.0,29173.0,29112.5,29147.75,5969
1784643900,29148.0,29218.25,29141.0,29207.25,6483
1784644200,29207.25,29230.0,29202.0,29218.5,5058
1784644500,29218.5,29236.0,29185.5,29202.75,4942
1784644800,29203.75,29225.75,29162.0,29224.5,5830
1784645100,29224.75,29256.5,29212.25,29227.5,6928
1784645400,29227.75,29236.0,29209.75,29230.25,3645
1784645700,29230.0,29242.0,29211.5,29237.5,3361
1784646000,29237.25,29245.25,29191.0,29199.25,5790
1784646300,29198.75,29282.0,29181.0,29273.5,5887
1784646600,29274.25,29297.5,29269.25,29291.75,4390
1784646900,29292.0,29298.25,29280.0,29284.25,3475
1784647200,29283.75,29310.25,29271.75,29301.0,4984
1784647500,29300.25,29320.0,29297.0,29307.5,3966
1784647800,29307.0,29308.5,29268.25,29296.5,4430
1784648100,29296.5,29306.25,29274.75,29276.25,4529
1784648400,29275.25,29283.5,29257.0,29261.5,3235
1784648700,29260.5,29292.0,29258.5,29288.5,2812
1784649000,29289.5,29301.25,29273.5,29275.5,2591
1784649300,29275.75,29284.0,29256.25,29259.25,2540
1784649600,29259.25,29304.25,29254.25,29302.5,3340
1784649900,29302.5,29324.75,29298.5,29309.0,3673
1784650200,29309.5,29314.25,29296.0,29301.75,2332
1784650500,29302.0,29319.75,29301.25,29315.5,2944
1784650800,29315.0,29337.75,29313.0,29326.0,3438
1784651100,29325.5,29330.25,29304.75,29312.5,2465
1784651400,29313.0,29325.25,29302.0,29314.5,2482
1784651700,29314.0,29331.5,29308.25,29330.75,2291
1784652000,29330.25,29336.0,29312.25,29318.75,2256
1784652300,29318.5,29328.5,29311.25,29323.5,2013
1784652600,29323.25,29347.75,29322.0,29347.5,2800
1784652900,29347.0,29352.5,29330.75,29331.75,2884
1784653200,29331.5,29350.25,29330.75,29348.75,2233
1784653500,29349.0,29355.5,29343.75,29347.0,2060
1784653800,29347.0,29350.25,29333.0,29334.75,2408
1784654100,29335.0,29345.75,29328.5,29330.5,1987
1784654400,29330.25,29340.5,29325.0,29328.75,1954
1784654700,29329.25,29336.0,29323.0,29333.0,1427
1784655000,29333.25,29351.5,29327.25,29337.5,2718
1784655300,29336.5,29350.75,29332.5,29346.5,1840
1784655600,29347.0,29347.5,29334.0,29341.5,1613
1784655900,29341.75,29357.75,29333.25,29357.0,2162
1784656200,29357.25,29364.75,29342.75,29344.0,2279
1784656500,29344.25,29347.75,29332.25,29341.25,1732
1784656800,29341.5,29355.75,29338.25,29344.0,2534
1784657100,29342.75,29361.75,29341.5,29350.75,1669
1784657400,29350.25,29353.0,29337.5,29337.75,1770
1784657700,29338.0,29342.75,29334.25,29339.25,1530
1784658000,29339.5,29344.75,29330.25,29340.0,1830
1784658300,29339.5,29340.5,29318.5,29325.0,1916
1784658600,29325.25,29329.25,29310.5,29316.25,2336
1784658900,29316.25,29335.75,29316.0,29327.0,1666
1784659200,29327.25,29349.0,29319.25,29347.25,2578
1784659500,29347.75,29355.75,29333.75,29339.5,2548
1784659800,29339.75,29342.25,29323.5,29324.0,1662
1784660100,29323.25,29333.25,29316.75,29328.5,2106
1784660400,29328.25,29335.5,29311.5,29318.5,2723
1784660700,29317.75,29327.25,29305.25,29310.25,2758
1784661000,29311.0,29319.75,29304.25,29309.25,1995
1784661300,29308.5,29320.5,29305.0,29317.0,2031
1784661600,29316.75,29320.0,29306.75,29310.5,2027
1784661900,29310.25,29313.0,29290.75,29293.75,3320
1784662200,29293.25,29311.0,29290.75,29305.75,3300
1784662500,29305.75,29331.5,29304.5,29324.75,3127
1784662800,29325.0,29340.5,29320.5,29337.75,2904
1784663100,29337.75,29343.25,29325.25,29339.5,2701
1784663400,29339.25,29352.0,29314.75,29338.5,6307
1784663700,29337.75,29348.0,29300.25,29310.75,18776
1784664000,29312.0,29316.75,29285.25,29291.5,6809
1784664300,29291.25,29305.5,29289.25,29303.75,1787
1784664600,29303.0,29309.0,29292.5,29306.5,1147
1784664900,29306.0,29306.0,29283.75,29289.75,974
1784665200,29290.5,29292.25,29286.75,29289.0,616
1784665500,29289.25,29294.25,29287.25,29292.5,532
1784665800,29292.5,29301.75,29292.5,29299.5,430
1784666100,29299.0,29304.25,29295.25,29300.0,668
1784666400,29299.5,29300.5,29290.0,29292.5,461
1784666700,29293.25,29294.5,29279.0,29283.0,930
1784667000,29283.25,29289.25,29280.25,29285.0,545
1784667300,29284.75,29290.5,29280.0,29289.75,579
1784671200,29310.75,29310.75,29285.0,29293.0,0
1784671500,29293.0,29296.25,29280.5,29289.0,366
1784671800,29285.75,29298.25,29283.0,29296.5,222
1784672100,29297.0,29302.25,29293.25,29296.5,209
1784672400,29299.0,29302.25,29273.75,29274.0,304
1784672700,29274.0,29281.75,29265.0,29271.0,433
1784673000,29270.0,29279.5,29257.25,29278.0,401
1784673300,29276.75,29284.0,29272.75,29276.5,196
1784673600,29275.5,29280.75,29268.25,29270.25,147
1784673900,29269.25,29269.25,29253.0,29258.0,374
1784674200,29259.5,29265.0,29256.0,29264.75,135
1784674500,29264.75,29276.0,29258.0,29273.75,278
1784674800,29273.5,29275.5,29261.0,29272.5,270
1784675100,29270.5,29272.0,29263.25,29270.5,120
1784675400,29271.5,29289.25,29268.5,29281.75,439
1784675700,29283.0,29304.75,29272.0,29301.25,465
1784676000,29300.5,29300.5,29283.75,29286.75,250
1784676300,29286.75,29299.75,29285.5,29297.25,199
1784676600,29296.25,29304.5,29291.5,29296.25,285
1784676900,29295.5,29296.25,29282.5,29285.75,242
1784677200,29287.0,29289.25,29270.25,29281.5,346
1784677500,29279.5,29294.0,29275.75,29292.0,325
1784677800,29292.0,29302.0,29268.0,29280.0,504
1784678100,29280.25,29303.0,29279.25,29298.5,435
1784678400,29298.5,29325.25,29286.0,29322.25,1190
1784678700,29322.25,29335.75,29312.5,29328.5,956
1784679000,29327.5,29337.0,29308.5,29327.75,562
1784679300,29329.5,29330.5,29305.75,29323.0,569
1784679600,29325.25,29328.25,29301.25,29309.75,515
1784679900,29308.75,29316.5,29290.25,29299.0,597
1784680200,29300.25,29305.5,29272.5,29286.5,637
1784680500,29285.0,29293.75,29272.5,29291.75,409
1784680800,29289.75,29298.25,29279.5,29285.5,396
1784681100,29282.75,29286.0,29258.25,29279.75,877
1784681400,29280.25,29283.75,29264.5,29266.25,396
1784681700,29265.75,29293.0,29259.25,29288.0,586
1784682000,29289.75,29293.75,29234.5,29242.5,1199
1784682300,29241.5,29251.75,29234.5,29242.0,453
1784682600,29244.0,29262.0,29237.5,29257.0,395
1784682900,29259.0,29272.0,29256.0,29267.5,399
1784683200,29263.25,29266.0,29239.5,29242.0,520
1784683500,29242.75,29263.5,29240.5,29246.0,421
1784683800,29243.0,29249.75,29232.0,29242.75,520
1784684100,29244.5,29257.25,29239.75,29251.0,286
1784684400,29252.75,29260.75,29240.5,29255.25,434
1784684700,29253.0,29288.0,29251.25,29286.25,641
1784685000,29288.5,29307.0,29282.25,29300.75,727
1784685300,29301.5,29302.5,29275.25,29277.25,552
1784685600,29277.25,29284.0,29248.0,29262.5,776
1784685900,29264.5,29269.75,29238.25,29245.75,511
1784686200,29244.5,29264.0,29244.5,29260.75,403
1784686500,29260.0,29268.5,29255.0,29258.5,340
1784686800,29262.75,29267.0,29254.0,29263.75,223
1784687100,29264.25,29284.5,29250.5,29276.0,412
1784687400,29275.5,29277.25,29250.75,29254.5,476
1784687700,29255.0,29257.75,29243.0,29245.0,269
1784688000,29244.0,29264.5,29243.25,29253.75,371
1784688300,29252.25,29263.75,29246.25,29261.25,304
1784688600,29260.75,29262.0,29245.5,29252.5,266
1784688900,29252.5,29254.25,29228.0,29238.25,573
1784689200,29239.25,29241.75,29227.0,29235.25,426
1784689500,29234.25,29245.0,29215.25,29217.0,525
1784689800,29216.5,29220.5,29210.0,29214.25,544
1784690100,29213.25,29228.5,29212.0,29217.25,491
1784690400,29220.0,29251.5,29218.5,29248.5,557
1784690700,29249.75,29262.0,29246.75,29262.0,439
1784691000,29260.25,29267.25,29219.5,29226.25,603
1784691300,29226.25,29233.0,29218.5,29229.75,293
1784691600,29228.75,29236.25,29217.0,29222.5,271
1784691900,29224.25,29241.5,29223.75,29234.5,257
1784692200,29234.5,29234.75,29192.0,29197.0,932
1784692500,29198.0,29204.25,29190.25,29197.0,466
1784693100,29223.0,29223.5,29217.75,29220.25,1041
1784693400,29219.0,29224.25,29209.0,29213.25,343
1784693700,29216.0,29227.5,29216.0,29223.25,228
1784694000,29223.5,29236.0,29221.0,29231.5,213
1784694300,29232.25,29238.5,29223.0,29234.0,351
1784694600,29231.75,29232.5,29214.75,29216.75,475
1784694900,29218.75,29222.5,29211.0,29211.5,267
1784695200,29212.25,29222.75,29208.75,29217.5,290
1784695500,29216.75,29219.5,29205.0,29208.5,253
1784695800,29207.75,29211.0,29202.75,29203.0,213
1784696100,29202.75,29222.75,29193.75,29221.5,361
1784696400,29222.25,29225.25,29199.75,29201.75,272
1784696700,29202.5,29205.0,29184.25,29185.75,427
1784697000,29184.25,29194.75,29179.5,29186.5,445
1784697300,29187.75,29196.25,29177.25,29187.75,376
1784697600,29187.0,29187.0,29166.25,29170.25,503
1784697900,29171.0,29186.75,29166.0,29166.0,336
1784698200,29165.5,29183.75,29162.0,29182.0,446
1784698500,29180.5,29182.75,29151.0,29167.75,645
1784698800,29168.5,29170.5,29145.5,29146.0,544
1784699100,29148.0,29151.0,29146.75,29147.0,50
1784699400,29173.75,29177.75,29156.0,29157.0,1086
1784699700,29155.25,29173.0,29155.25,29172.75,296
1784700000,29171.25,29173.0,29149.5,29152.0,644
1784700300,29150.75,29152.75,29127.0,29129.5,927
1784700600,29129.0,29143.5,29126.0,29133.25,434
1784700900,29131.75,29131.75,29093.25,29098.5,988
1784701200,29098.5,29099.75,29060.0,29081.75,1350
1784701500,29081.0,29087.5,29067.25,29079.5,647
1784701800,29077.75,29094.0,29068.0,29094.0,857
1784702100,29095.0,29115.25,29094.25,29111.0,632
1784702400,29110.75,29115.5,29102.0,29102.75,346
1784702700,29101.75,29101.75,29068.75,29070.0,855
1784703000,29069.0,29103.0,29062.25,29093.0,631
1784703300,29092.25,29099.0,29083.25,29092.75,437
1784703600,29091.75,29102.25,29073.75,29082.0,892
1784703900,29082.0,29084.25,29051.0,29066.25,848
1784704200,29068.0,29099.0,29066.5,29097.0,600
1784704500,29098.0,29115.0,29090.75,29106.75,528
1784704800,29106.0,29114.25,29088.0,29093.5,451
1784705100,29092.0,29124.5,29084.25,29119.25,826
1784705400,29117.5,29123.75,29071.25,29071.25,834
1784705700,29070.5,29075.75,29048.0,29048.0,732
1784706000,29049.25,29065.0,29025.75,29065.0,1091
1784706300,29064.25,29077.0,29045.25,29046.5,814
1784706600,29045.75,29067.75,29040.0,29060.75,689
1784706900,29061.0,29068.75,29049.0,29056.0,436
1784707200,29059.75,29087.0,29038.75,29084.5,1095
1784707500,29084.0,29107.0,29068.0,29095.25,810
1784707800,29095.25,29097.0,29063.0,29067.0,582
1784708100,29066.0,29082.25,29061.5,29072.75,345
1784708400,29074.0,29104.25,29069.0,29101.0,442
1784708700,29099.0,29105.0,29087.5,29100.25,793
1784709000,29101.25,29115.5,29097.0,29111.75,410
1784709300,29113.0,29113.0,29087.0,29089.25,299
1784709600,29090.0,29100.0,29079.0,29086.75,278
1784709900,29086.75,29108.0,29086.75,29097.25,295
1784710200,29094.5,29108.25,29086.0,29106.0,194
1784710500,29106.0,29117.75,29096.0,29110.0,340
1784710800,29110.25,29139.75,29106.25,29131.75,662
1784711100,29131.25,29150.0,29123.75,29136.5,703
1784711400,29136.75,29145.25,29127.0,29132.0,455
1784711700,29132.25,29136.25,29128.0,29134.5,182
1784712000,29132.5,29146.75,29129.0,29137.75,316
1784712300,29142.0,29142.0,29123.5,29126.25,345
1784712600,29125.0,29126.5,29096.0,29097.5,606
1784712900,29097.25,29114.5,29096.75,29110.5,335
1784713200,29109.75,29119.5,29102.0,29116.25,316
1784713500,29115.0,29125.0,29111.0,29118.25,292
1784713800,29114.0,29114.5,29089.25,29098.75,421
1784714100,29099.0,29128.5,29097.25,29127.0,393
1784714400,29128.25,29159.75,29128.0,29142.5,748
1784714700,29144.0,29146.5,29130.75,29133.5,271
1784715000,29132.0,29141.75,29119.25,29121.0,448
1784715300,29120.0,29139.5,29113.0,29129.75,389
1784715600,29130.0,29168.5,29130.0,29162.75,1184
1784715900,29163.25,29167.0,29154.0,29161.25,455
1784716200,29162.25,29169.75,29144.5,29146.0,511
1784716500,29147.0,29154.75,29135.5,29140.5,315
1784716800,29139.5,29143.5,29134.75,29136.25,205
1784717100,29133.75,29170.75,29133.0,29170.75,711
1784717400,29171.5,29173.0,29156.25,29158.25,339
1784717700,29157.75,29162.5,29151.0,29153.0,394
1784718000,29154.0,29164.75,29135.0,29135.0,738
1784718300,29135.75,29145.75,29130.0,29137.75,559
1784718600,29137.25,29138.0,29122.5,29124.25,381
1784718900,29123.0,29124.0,29111.5,29114.25,720
1784719200,29116.5,29135.75,29116.25,29120.5,573
1784719500,29119.5,29120.75,29099.25,29101.75,777
1784719800,29102.0,29111.0,29095.25,29103.75,455
1784720100,29103.25,29114.5,29084.75,29089.5,595
1784720400,29089.0,29089.0,29017.5,29041.75,2752
1784720700,29041.75,29079.0,29035.75,29072.0,1152
1784721000,29072.5,29073.5,29057.25,29065.75,454
1784721300,29066.75,29070.0,29044.75,29054.0,757
1784721600,29056.5,29071.0,29028.5,29037.5,1242
1784721900,29038.25,29056.0,29026.0,29035.5,1067
1784722200,29034.75,29051.0,29026.0,29045.25,1110
1784722500,29045.25,29048.25,29020.0,29025.5,853
1784722800,29025.75,29030.5,28997.25,28998.5,1323
1784723100,28998.5,29028.0,28995.0,29027.0,1215
1784723400,29028.0,29067.0,29028.0,29059.0,2409
1784723700,29060.5,29068.75,29043.0,29065.0,1310
1784724000,29063.5,29068.5,29055.0,29056.5,702
1784724300,29056.0,29056.5,29011.0,29020.0,1815
1784724600,29020.0,29047.0,29016.5,29045.5,703
1784724900,29046.25,29046.25,28952.0,29017.25,4243
1784725200,29017.5,29048.5,29017.5,29045.5,1013
1784725500,29046.0,29061.5,29037.25,29059.75,948
1784725800,29060.0,29063.5,29050.25,29056.75,693
1784726100,29057.0,29082.5,29054.25,29079.25,1704
1784726400,29079.25,29090.0,29068.75,29089.25,1266
1784726700,29089.75,29099.0,29073.75,29089.75,2433
1784727000,29090.5,29162.25,29090.0,29151.0,13565
1784727300,29152.0,29166.25,29113.0,29155.75,9744
1784727600,29156.0,29186.0,29132.5,29178.75,7734
1784727900,29178.5,29218.25,29157.25,29172.25,9726
1784728200,29172.25,29239.5,29153.0,29236.25,8576
1784728500,29236.5,29277.25,29229.25,29276.75,6941
1784728800,29277.0,29283.75,29238.25,29258.75,7827
1784729100,29258.25,29277.75,29221.25,29223.25,5707
1784729400,29223.25,29263.5,29216.75,29236.25,6311
1784729700,29236.5,29253.25,29196.0,29251.5,6812
1784730000,29252.0,29273.75,29198.75,29217.75,7277
1784730300,29218.25,29232.5,29201.5,29220.0,4697
1784730600,29219.25,29260.25,29214.0,29217.25,5494
1784730900,29219.0,29246.25,29207.25,29220.0,3899
1784731200,29220.0,29232.75,29172.75,29185.25,5821
1784731500,29186.25,29231.25,29173.5,29224.5,6169
1784731800,29224.75,29226.5,29187.0,29200.25,3878
1784732100,29199.0,29245.0,29183.0,29241.0,4217
1784732400,29241.25,29274.75,29240.25,29269.5,4966
1784732700,29270.5,29303.25,29262.5,29293.0,4586
1784733000,29292.5,29314.0,29288.75,29306.5,4312
1784733300,29306.5,29314.0,29291.75,29309.75,3135
1784733600,29310.0,29328.25,29297.0,29322.5,4711
1784733900,29322.75,29342.25,29320.75,29324.5,3469
1784734200,29324.25,29335.5,29288.5,29292.25,4155
1784734500,29291.0,29310.5,29278.25,29282.5,3554
1784734800,29282.0,29302.75,29274.25,29289.0,3121
1784735100,29289.0,29309.5,29289.0,29307.25,2525
1784735400,29307.25,29332.75,29303.5,29307.25,3221
1784735700,29307.75,29332.0,29298.5,29329.5,2627
1784736000,29330.25,29333.5,29312.75,29320.0,2179
1784736300,29320.0,29333.75,29313.5,29328.75,1657
1784736600,29328.25,29333.25,29315.5,29328.5,2121
1784736900,29328.25,29335.0,29318.0,29330.0,2269
1784737200,29329.0,29329.0,29308.0,29314.75,2135
1784737500,29315.0,29317.0,29300.25,29311.0,1909
1784737800,29311.0,29328.25,29307.75,29323.0,1976
1784738100,29322.75,29323.0,29301.5,29305.0,1589
1784738400,29305.5,29306.25,29283.75,29290.5,2227
1784738700,29290.75,29296.75,29276.75,29288.5,2479
1784739000,29288.5,29298.0,29280.25,29290.75,2128
1784739300,29290.75,29321.75,29289.5,29310.5,2460
1784739600,29310.5,29326.75,29303.0,29308.5,2532
1784739900,29308.25,29331.25,29307.25,29326.0,2000
1784740200,29326.0,29328.25,29306.25,29309.75,1671
1784740500,29310.25,29318.0,29301.25,29310.0,2034
1784740800,29309.75,29316.5,29295.0,29313.5,2401
1784741100,29313.0,29319.25,29298.75,29306.0,1931
1784741400,29304.0,29320.0,29281.5,29283.5,2545
1784741700,29283.75,29315.75,29280.75,29314.0,2471
1784742000,29314.0,29314.25,29289.0,29293.75,1803
1784742300,29294.75,29298.25,29281.0,29282.0,1495
1784742600,29281.75,29287.75,29250.0,29250.75,3297
1784742900,29251.0,29261.5,29234.25,29244.25,3509
1784743200,29244.0,29261.75,29231.75,29252.0,3999
1784743500,29252.75,29271.25,29245.25,29246.25,2618
1784743800,29246.25,29254.25,29223.75,29224.5,2800
1784744100,29224.5,29241.25,29222.25,29231.75,2511
1784744400,29231.75,29255.75,29224.0,29229.75,2942
1784744700,29229.75,29248.0,29225.25,29239.0,2083
1784745000,29239.0,29240.0,29207.75,29215.0,3762
1784745300,29213.5,29239.5,29211.5,29233.25,2463
1784745600,29233.5,29236.0,29223.0,29228.5,1697
1784745900,29228.5,29250.0,29226.25,29233.0,2166
1784746200,29232.25,29254.5,29224.25,29253.5,2255
1784746500,29253.0,29259.0,29242.5,29245.25,2040
1784746800,29245.75,29258.0,29234.25,29249.0,2485
1784747100,29249.25,29254.25,29240.25,29246.0,1786
1784747400,29245.75,29245.75,29215.5,29225.0,2938
1784747700,29224.75,29246.25,29217.25,29239.75,2018
1784748000,29239.75,29247.75,29224.75,29237.0,2195
1784748300,29237.0,29260.0,29227.25,29253.0,2519
1784748600,29253.5,29254.25,29225.5,29229.0,3228
1784748900,29229.0,29235.75,29192.5,29199.75,3195
1784749200,29200.0,29223.5,29195.25,29212.25,2995
1784749500,29212.5,29228.0,29208.25,29223.75,2764
1784749800,29224.5,29246.0,29198.75,29203.75,5834
1784750100,29203.5,29206.75,29158.25,29160.5,12336
1784750400,29161.0,29235.5,29140.0,29150.75,10771
1784750700,29150.75,29176.5,29119.0,29155.5,4002
1784751000,29156.25,29251.0,29141.25,29249.0,3252
1784751300,29249.0,29260.0,29221.0,29248.25,2635
1784751600,29249.25,29249.75,29210.75,29234.5,1468
1784751900,29234.75,29239.75,29203.25,29217.5,1287
1784752200,29216.25,29225.75,29198.5,29216.0,748
1784752500,29212.75,29220.0,29184.75,29196.75,1274
1784752800,29195.75,29200.0,29182.5,29185.0,442
1784753100,29183.5,29198.5,29178.5,29188.25,525
1784753400,29188.0,29212.5,29188.0,29203.0,468
1784753700,29202.25,29202.25,29165.0,29165.0,831
1784757600,29100.0,29142.5,29075.75,29079.0,0
1784757900,29077.5,29082.5,29060.5,29067.5,949
1784758200,29066.5,29093.0,29065.25,29085.5,624
1784758500,29086.0,29094.25,29070.0,29083.0,546
1784758800,29082.25,29096.0,29078.25,29089.25,530
1784759100,29090.0,29107.0,29076.0,29080.5,835
1784759400,29081.25,29091.25,29077.0,29078.0,322
1784759700,29077.5,29085.5,29044.5,29048.25,763
1784760000,29047.25,29056.0,29041.0,29046.25,700
1784760300,29047.25,29065.0,29039.25,29061.75,570
1784760600,29061.25,29079.5,29055.25,29078.25,449
1784760900,29079.25,29086.5,29069.25,29072.75,396
1784761200,29073.5,29081.25,29021.75,29039.75,990
1784761500,29038.75,29043.75,29031.5,29033.25,366
1784761800,29033.0,29068.0,29027.75,29064.5,614
1784762100,29062.25,29066.75,29035.5,29043.0,466
1784762400,29043.75,29056.25,29042.0,29054.5,172
1784762700,29058.75,29064.25,29046.0,29058.75,291
1784763000,29059.0,29077.25,29058.75,29072.0,434
1784763300,29071.0,29084.75,29070.25,29079.75,251
1784763600,29081.75,29098.25,29081.0,29097.75,570
1784763900,29095.75,29141.25,29089.75,29127.75,1214
1784764200,29129.5,29136.0,29120.0,29126.75,568
1784764500,29127.0,29145.5,29119.25,29142.25,691
1784764800,29143.75,29163.0,29132.5,29155.5,1351
1784765100,29156.75,29173.0,29156.5,29164.25,677
1784765400,29163.0,29170.25,29143.5,29166.75,671
1784765700,29166.5,29211.0,29157.25,29199.0,1356
1784766000,29200.5,29234.0,29200.5,29233.5,1082
1784766300,29233.25,29255.5,29225.0,29226.5,1347
1784766600,29226.75,29242.75,29218.25,29239.5,796
1784766900,29239.5,29249.5,29232.0,29240.0,507
1784767200,29240.5,29247.5,29231.0,29234.0,659
1784767500,29233.75,29246.25,29228.75,29243.75,385
1784767800,29245.5,29282.5,29232.5,29268.75,1409
1784768100,29268.0,29279.75,29255.0,29255.0,729
1784768400,29256.25,29270.5,29236.0,29262.5,949
1784768700,29261.25,29271.0,29250.25,29258.0,447
1784769000,29259.75,29272.0,29258.5,29267.75,455
1784769300,29270.0,29273.5,29236.5,29242.25,527
1784769600,29241.5,29255.5,29232.5,29240.5,667
1784769900,29242.25,29253.5,29234.75,29240.25,378
1784770200,29242.0,29249.75,29207.25,29247.25,1110
1784770500,29246.25,29260.5,29208.25,29209.25,857
1784770800,29210.0,29212.0,29181.0,29182.0,1065
1784771100,29183.0,29199.0,29178.0,29184.0,696
1784771400,29180.25,29211.0,29175.5,29210.25,699
1784771700,29210.75,29218.0,29175.75,29176.0,681
1784772000,29176.0,29196.25,29165.5,29193.25,733
1784772300,29194.5,29201.0,29176.75,29178.25,430
1784772600,29177.5,29177.75,29147.75,29148.5,793
1784772900,29148.0,29155.5,29125.25,29131.0,608
1784773200,29131.0,29133.75,29104.75,29108.25,832
1784773500,29107.5,29109.75,29092.0,29105.0,733
1784773800,29104.5,29126.75,29100.75,29123.0,789
1784774100,29123.25,29124.25,29071.0,29075.25,1041
1784774400,29075.25,29077.75,29057.0,29069.5,852
1784774700,29069.5,29093.5,29067.25,29068.25,706
1784775000,29067.0,29095.5,29063.0,29092.5,728
1784775300,29091.75,29096.75,29084.75,29089.0,327
1784775600,29093.5,29096.75,29069.0,29074.0,527
1784775900,29073.0,29079.75,29043.75,29050.0,896
1784776200,29051.0,29060.5,29029.5,29053.5,887
1784776500,29054.25,29059.25,29039.0,29054.75,494
1784776800,29055.75,29080.25,29049.25,29066.5,866
1784777100,29067.0,29084.25,29045.25,29084.25,696
1784777400,29083.25,29114.5,29072.25,29085.25,1044
1784777700,29081.5,29099.0,29076.25,29095.5,359
1784778000,29099.25,29116.5,29092.5,29116.25,526
1784778300,29116.0,29124.0,29102.75,29122.25,522
1784778600,29121.5,29128.0,29112.25,29125.5,271
1784778900,29125.0,29126.0,29112.75,29125.0,227
1784779500,29097.75,29101.75,29088.25,29088.25,1305
1784779800,29085.75,29136.75,29084.5,29136.75,624
1784780100,29135.25,29140.0,29111.75,29114.0,618
1784780400,29114.0,29142.25,29114.0,29140.5,461
1784780700,29141.5,29163.0,29125.5,29151.5,911
1784781000,29153.5,29165.0,29142.25,29164.75,504
1784781300,29162.75,29165.25,29142.0,29160.0,392
1784781600,29162.0,29163.0,29137.75,29141.5,321
1784781900,29141.25,29158.25,29129.25,29129.25,475
1784782200,29127.75,29129.25,29112.5,29118.5,455
1784782500,29118.5,29129.0,29112.75,29125.25,280
1784782800,29126.0,29129.0,29106.5,29112.5,485
1784783100,29113.25,29120.25,29106.75,29113.75,212
1784783400,29114.5,29118.75,29100.0,29118.75,345
1784783700,29116.5,29119.75,29103.0,29111.75,237
1784784000,29110.25,29134.5,29098.5,29119.75,607
1784784300,29120.25,29170.75,29119.5,29170.75,858
1784784600,29170.25,29183.25,29167.25,29173.25,623
1784784900,29173.5,29174.75,29141.25,29142.25,417
1784785200,29145.0,29157.0,29137.5,29148.75,364
1784785500,29148.75,29148.75,29106.5,29106.5,439
1784785800,29105.5,29119.0,29079.25,29079.25,636
1784786100,29079.5,29109.25,29079.5,29088.0,554
1784786400,29088.0,29116.5,29085.0,29099.5,539
1784786700,29104.25,29110.5,29077.25,29082.0,418
1784787000,29082.25,29103.0,29078.75,29097.5,400
1784787300,29099.75,29105.75,29085.75,29103.0,424
1784787600,29103.0,29112.25,29079.25,29091.75,442
1784787900,29090.25,29111.25,29087.0,29108.75,403
1784788200,29108.0,29114.0,29090.25,29096.75,369
1784788500,29099.75,29101.0,29083.25,29089.5,434
1784788800,29089.25,29099.5,29081.5,29081.75,289
1784789100,29082.75,29119.25,29081.25,29105.25,561
1784789400,29104.0,29108.5,29078.5,29086.25,383
1784789700,29086.0,29089.0,29074.0,29084.0,524
1784790000,29083.75,29086.75,29045.5,29061.75,1247
1784790300,29062.0,29062.75,29018.5,29020.25,1459
1784790600,29020.25,29021.5,28954.0,28996.25,2187
1784790900,28996.75,29015.25,28993.5,29012.0,944
1784791200,29013.0,29034.25,29009.0,29009.25,955
1784791500,29010.0,29038.75,29009.25,29015.5,675
1784791800,29015.75,29019.75,28976.75,28982.5,859
1784792100,28982.25,28990.0,28973.25,28976.0,634
1784792400,28975.0,28975.5,28937.5,28940.5,1128
1784792700,28940.0,28952.0,28922.25,28943.5,985
1784793000,28943.75,28965.25,28935.25,28959.5,729
1784793300,28959.5,28989.25,28959.5,28987.5,748
1784793600,28988.75,29001.25,28958.25,28996.5,1193
1784793900,28995.0,29035.75,28990.0,29034.5,852
1784794200,29034.25,29042.0,29020.0,29034.75,576
1784794500,29035.5,29061.25,29025.75,29050.75,935
1784794800,29050.5,29058.0,29018.25,29024.5,1007
1784795100,29024.0,29052.5,29017.0,29051.0,661
1784795400,29049.25,29061.5,29037.25,29056.75,516
1784795700,29057.75,29060.75,29040.5,29044.25,346
1784796000,29043.5,29054.25,29030.75,29037.75,432
1784796300,29036.5,29056.5,29033.75,29050.5,220
1784796600,29052.0,29078.5,29045.5,29076.0,610
1784796900,29075.0,29111.0,29074.25,29103.0,928
1784797200,29103.5,29137.75,29087.25,29125.75,1204
1784797500,29127.5,29127.5,29106.0,29107.25,483
1784797800,29107.75,29110.0,29079.75,29082.25,723
1784798100,29080.75,29097.75,29078.0,29089.25,451
1784798400,29088.25,29103.0,29080.25,29096.0,332
1784798700,29096.75,29099.5,29085.5,29091.0,270
1784799000,29092.0,29092.0,29067.25,29072.75,419
1784799300,29074.75,29081.0,29069.75,29075.75,373
1784799600,29073.5,29081.5,29068.25,29074.25,272
1784799900,29076.75,29087.25,29071.75,29071.75,231
1784800200,29073.25,29078.25,29059.0,29064.0,486
1784800500,29064.75,29071.0,29045.0,29055.25,588
1784800800,29054.25,29065.0,29046.5,29060.25,386
1784801100,29058.5,29067.0,29045.25,29048.5,541
1784801400,29048.0,29050.75,29038.0,29043.0,340
1784801700,29042.25,29054.25,29036.0,29041.25,372
1784802000,29040.0,29056.25,29036.5,29049.0,498
1784802300,29050.0,29063.5,29046.25,29053.0,328
1784802600,29051.75,29106.5,29045.25,29091.5,1454
1784802900,29092.25,29116.75,29092.25,29109.5,652
1784803200,29110.5,29122.25,29094.25,29101.25,463
1784803500,29100.5,29108.0,29095.25,29107.75,254
1784803800,29106.75,29107.0,29096.5,29097.75,239
1784804100,29097.75,29108.0,29094.0,29103.0,444
1784804400,29103.0,29106.5,29055.25,29056.5,841
1784804700,29056.5,29058.25,29035.75,29041.5,666
1784805000,29043.0,29059.0,29033.75,29058.75,423
1784805300,29056.0,29072.5,29047.75,29050.0,684
1784805600,29048.5,29050.0,29010.0,29012.25,1085
1784805900,29012.25,29020.5,28992.5,28993.75,1126
1784806200,28994.75,29002.25,28970.0,28980.0,1180
1784806500,28980.25,28980.25,28915.5,28929.0,2362
1784806800,28929.0,28937.75,28913.0,28925.25,1215
1784807100,28927.0,28941.0,28913.5,28939.0,1110
1784807400,28939.0,28985.0,28935.25,28953.25,2088
1784807700,28952.25,28973.5,28941.75,28965.0,708
1784808000,28964.0,28967.75,28946.75,28951.0,974
1784808300,28950.75,28953.75,28915.25,28923.5,938
1784808600,28923.75,28941.0,28914.75,28916.75,712
1784808900,28915.25,28938.5,28884.5,28893.75,2618
1784809200,28893.0,28898.75,28861.0,28874.5,1644
1784809500,28872.75,28878.75,28854.5,28864.5,1395
1784809800,28864.5,28875.0,28825.75,28838.25,2118
1784810100,28837.75,28838.75,28791.0,28796.0,3320
1784810400,28795.25,28807.5,28768.0,28789.25,3150
1784810700,28790.0,28797.75,28754.75,28786.5,2713
1784811000,28786.0,28806.5,28777.0,28784.0,2356
1784811300,28783.75,28795.75,28773.25,28787.5,1609
1784811600,28786.5,28804.5,28764.5,28769.75,2824
1784811900,28769.5,28774.0,28725.5,28727.75,4781
1784812200,28728.0,28739.75,28715.75,28727.0,3433
1784812500,28726.5,28731.5,28703.0,28716.5,3563
1784812800,28716.5,28721.25,28699.25,28703.0,2766
1784813100,28702.75,28725.0,28697.0,28719.25,4652
1784813400,28718.25,28764.5,28657.0,28759.75,18336
1784813700,28759.5,28817.5,28736.75,28797.5,12932
1784814000,28797.0,28883.0,28797.0,28857.0,11692
1784814300,28855.25,28868.0,28747.75,28760.0,12519
1784814600,28759.5,28819.5,28717.5,28815.75,12638
1784814900,28815.25,28834.5,28696.0,28707.75,10599
1784815200,28709.25,28769.75,28706.25,28749.25,9249
1784815500,28748.5,28801.25,28678.25,28716.75,10534
1784815800,28717.75,28770.75,28694.5,28704.75,10658
1784816100,28704.75,28743.0,28686.5,28704.0,7417
1784816400,28704.5,28780.25,28690.5,28709.0,7745
1784816700,28708.0,28745.0,28693.75,28731.5,5760
1784817000,28731.0,28751.5,28640.0,28669.75,8619
1784817300,28670.5,28764.5,28646.0,28755.5,9082
1784817600,28754.5,28773.25,28625.5,28645.0,8671
1784817900,28644.5,28670.5,28620.25,28630.0,7322
1784818200,28630.75,28646.25,28578.75,28582.5,7852
1784818500,28582.75,28618.5,28577.25,28596.75,6612
1784818800,28597.25,28604.5,28558.5,28567.75,7097
1784819100,28567.75,28572.25,28525.0,28529.0,8634
1784819400,28529.0,28544.25,28483.0,28494.25,9215
1784819700,28494.0,28538.25,28492.0,28536.5,7647
1784820000,28538.0,28569.0,28459.0,28503.0,11540
1784820300,28503.0,28507.5,28447.75,28467.25,6391
1784820600,28467.75,28492.0,28432.5,28488.75,7069
1784820900,28488.5,28536.75,28488.0,28526.75,6585
1784821200,28526.75,28551.0,28493.75,28494.5,5743
1784821500,28493.5,28528.75,28478.25,28522.0,4756
1784821800,28522.0,28557.5,28504.5,28556.25,4402
1784822100,28556.5,28590.0,28550.5,28588.5,5214
1784822400,28588.5,28628.75,28573.25,28616.5,6555
1784822700,28616.0,28623.5,28576.75,28622.75,4806
1784823000,28622.25,28644.25,28617.25,28629.75,3587
1784823300,28630.0,28645.0,28609.5,28629.5,3368
1784823600,28629.75,28696.25,28629.75,28687.25,5304
1784823900,28687.0,28715.0,28673.25,28707.25,4622
1784824200,28707.5,28708.25,28685.75,28690.5,4127
1784824500,28691.0,28738.25,28682.25,28731.75,5194
1784824800,28731.25,28734.25,28685.0,28687.75,4372
1784825100,28687.5,28687.5,28635.25,28636.75,5729
1784825400,28638.0,28647.0,28609.5,28611.75,4816
1784825700,28612.0,28646.5,28610.75,28640.75,4315
1784826000,28641.25,28663.25,28614.75,28615.0,4548
1784826300,28615.5,28630.25,28588.0,28626.5,4802
1784826600,28625.5,28658.25,28624.75,28642.5,3721
1784826900,28642.0,28657.0,28614.75,28640.75,3701
1784827200,28640.5,28674.25,28628.25,28664.75,4154
1784827500,28664.75,28676.75,28651.5,28652.5,2992
1784827800,28653.0,28657.0,28606.0,28620.75,3733
1784828100,28620.5,28624.5,28585.75,28590.5,2929
1784828400,28589.25,28604.75,28570.5,28594.5,3199
1784828700,28594.25,28629.25,28582.25,28621.5,3315
1784829000,28621.0,28628.5,28597.0,28597.0,2597
1784829300,28596.0,28597.25,28565.5,28568.0,2959
1784829600,28568.25,28582.25,28551.0,28561.0,3379
1784829900,28561.0,28571.25,28542.5,28547.0,2760
1784830200,28547.25,28578.25,28542.75,28560.0,2964
1784830500,28560.25,28578.0,28545.25,28556.25,3581
1784830800,28556.25,28582.0,28549.0,28580.25,2906
1784831100,28579.5,28584.25,28555.0,28575.0,2624
1784831400,28574.75,28597.5,28568.0,28596.25,3019
1784831700,28596.0,28603.5,28554.25,28568.0,3191
1784832000,28567.75,28576.5,28545.0,28550.5,2720
1784832300,28549.75,28578.5,28549.25,28564.25,2658
1784832600,28565.0,28569.25,28530.5,28533.5,2795
1784832900,28533.0,28552.0,28525.25,28550.0,3223
1784833200,28550.0,28566.75,28513.25,28515.5,3510
1784833500,28516.0,28528.25,28508.0,28509.75,2786
1784833800,28508.25,28523.75,28501.0,28505.75,2390
1784834100,28506.5,28542.0,28504.5,28525.0,3646
1784834400,28524.75,28573.5,28523.5,28573.5,3697
1784834700,28573.0,28595.25,28561.5,28583.0,4773
1784835000,28583.5,28595.5,28530.75,28560.25,5139
1784835300,28559.25,28565.75,28539.25,28539.5,2734
1784835600,28538.5,28544.75,28501.5,28502.25,3445
1784835900,28502.0,28512.0,28486.25,28499.5,4110
1784836200,28498.25,28546.0,28498.25,28536.0,9215
1784836500,28536.5,28633.5,28536.5,28615.0,18498
1784836800,28615.25,28726.75,28610.5,28708.25,12156
1784837100,28708.75,28727.0,28697.5,28714.25,3274
1784837400,28714.75,28747.5,28713.25,28726.75,2693
1784837700,28727.5,28756.75,28718.5,28754.25,1585
1784838000,28754.25,28771.5,28748.75,28769.75,1529
1784838300,28769.5,28777.25,28758.5,28769.5,1326
1784838600,28768.5,28782.0,28756.0,28766.75,1216
1784838900,28767.75,28773.75,28763.0,28767.75,612
1784839200,28767.5,28767.5,28728.0,28736.0,1367
1784839500,28735.5,28739.25,28725.25,28729.25,676
1784839800,28729.75,28736.5,28726.25,28731.0,874
1784840100,28732.75,28747.0,28729.0,28739.25,738
1784844000,28700.25,28709.25,28655.0,28658.5,0
1784844300,28659.0,28665.75,28650.0,28662.5,454
1784844600,28660.75,28660.75,28632.0,28642.0,593
1784844900,28641.25,28644.0,28624.0,28630.0,492
1784845200,28631.0,28676.75,28628.25,28670.5,767
1784845500,28669.25,28674.0,28653.25,28662.25,510
1784845800,28662.5,28692.25,28662.5,28679.75,749
1784846100,28676.75,28688.0,28667.0,28675.5,331
1784846400,28673.0,28685.0,28667.75,28684.75,289
1784846700,28683.75,28707.5,28683.0,28698.75,628
1784847000,28696.0,28709.0,28693.75,28706.75,412
1784847300,28707.0,28732.75,28707.0,28731.25,586
1784847600,28729.5,28736.0,28699.5,28702.0,731
1784847900,28704.75,28711.5,28690.25,28700.75,692
1784848200,28702.0,28704.75,28687.5,28696.75,330
1784848500,28698.0,28707.75,28689.0,28695.0,332
1784848800,28694.25,28708.5,28692.5,28702.75,369
1784849100,28701.75,28706.0,28695.0,28698.5,313
1784849400,28698.0,28700.75,28682.0,28695.25,390
1784849700,28696.0,28697.25,28674.75,28677.5,320
1784850000,28677.5,28696.5,28661.25,28687.0,803
1784850300,28687.25,28708.25,28674.5,28679.25,848
1784850600,28679.75,28687.0,28658.25,28663.75,585
1784850900,28664.75,28693.5,28662.0,28679.0,525
1784851200,28680.25,28724.0,28651.75,28656.75,1874
1784851500,28655.25,28670.0,28628.0,28636.25,1397
1784851800,28637.25,28650.5,28619.0,28643.25,987
1784852100,28643.75,28659.25,28615.75,28629.25,1050
1784852400,28630.25,28684.25,28622.25,28666.75,1053
1784852700,28669.5,28676.0,28636.75,28643.0,639
1784853000,28646.0,28648.5,28622.0,28630.5,653
1784853300,28629.25,28665.75,28618.0,28649.75,769
1784853600,28652.0,28677.5,28644.75,28655.75,734
1784853900,28656.75,28680.0,28650.25,28667.25,709
1784854200,28668.5,28675.5,28635.75,28638.25,534
1784854500,28637.75,28674.5,28627.0,28672.0,764
1784854800,28672.25,28691.25,28656.5,28690.5,690
1784855100,28691.0,28701.5,28683.25,28687.25,656
1784855400,28687.0,28691.0,28658.75,28661.25,482
1784855700,28662.5,28683.0,28649.5,28666.0,678
1784856000,28664.5,28671.5,28641.25,28655.75,568
1784856300,28654.25,28693.0,28652.75,28656.25,668
1784856600,28655.5,28685.5,28647.0,28678.75,517
1784856900,28679.25,28684.75,28655.75,28657.25,628
1784857200,28657.0,28685.0,28646.25,28664.0,551
1784857500,28663.0,28673.25,28643.75,28644.0,348
1784857800,28643.25,28650.0,28629.0,28645.0,536
1784858100,28644.0,28651.0,28607.0,28614.25,686
1784858400,28612.75,28623.5,28602.75,28603.75,522
1784858700,28603.5,28617.25,28593.75,28617.25,525
1784859000,28617.75,28632.0,28609.0,28616.75,427
1784859300,28617.5,28625.0,28599.75,28605.5,417
1784859600,28605.5,28611.25,28587.0,28609.0,638
1784859900,28609.25,28623.25,28592.0,28594.75,550
1784860200,28595.25,28598.25,28570.25,28572.75,723
1784860500,28571.5,28572.0,28552.25,28554.5,1042
1784860800,28556.25,28561.75,28547.75,28548.0,515
1784861100,28548.0,28552.5,28530.75,28537.5,723
1784861400,28537.75,28548.75,28528.75,28531.0,389
1784861700,28530.75,28544.5,28515.0,28519.25,974
1784862000,28520.0,28541.5,28517.75,28536.25,685
1784862300,28534.25,28546.0,28523.5,28525.75,348
1784862600,28526.5,28546.5,28521.5,28539.5,461
1784862900,28539.5,28560.75,28530.0,28532.25,907
1784863200,28532.25,28543.0,28521.25,28528.75,643
1784863500,28530.5,28556.75,28528.0,28545.5,516
1784863800,28544.25,28555.75,28508.0,28521.0,805
1784864100,28522.0,28537.0,28508.25,28522.25,825
1784864400,28524.0,28529.5,28499.75,28505.0,585
1784864700,28503.5,28520.0,28493.5,28510.75,801
1784865000,28510.0,28511.25,28493.5,28498.0,635
1784865300,28498.25,28499.5,28482.0,28486.0,565
1784865900,28513.75,28515.75,28507.5,28515.75,1534
1784866200,28514.0,28515.5,28481.25,28485.0,567
1784866500,28485.25,28513.5,28483.0,28512.0,321
1784866800,28511.25,28534.75,28494.5,28532.25,498
1784867100,28533.0,28556.75,28520.5,28551.75,894
1784867400,28550.5,28558.0,28538.0,28546.25,426
1784867700,28546.5,28552.25,28527.5,28529.75,258
1784868000,28530.0,28535.75,28512.25,28529.25,450
1784868300,28528.75,28537.0,28520.0,28528.75,364
1784868600,28527.75,28554.5,28526.5,28545.0,413
1784868900,28544.5,28571.5,28541.5,28565.25,751
1784869200,28564.5,28575.25,28548.25,28562.5,395
1784869500,28563.5,28600.25,28563.5,28584.5,713
1784869800,28585.0,28595.75,28579.0,28593.25,292
1784870100,28590.75,28594.25,28569.5,28586.0,554
1784870400,28586.0,28600.0,28578.25,28591.5,345
1784870700,28592.0,28602.0,28579.75,28582.25,509
1784871000,28583.0,28590.0,28570.25,28582.25,396
1784871300,28584.75,28588.25,28566.5,28580.75,413
1784871600,28581.75,28595.0,28567.5,28590.25,485
1784871900,28589.75,28607.0,28586.0,28588.0,515
1784872200,28588.5,28592.25,28554.5,28556.0,518
1784872500,28556.5,28557.75,28544.0,28545.0,497
1784872800,28546.75,28550.0,28521.0,28523.5,632
1784873100,28524.5,28528.25,28513.75,28517.0,515
1784873400,28518.75,28526.5,28503.0,28508.75,547
1784873700,28512.0,28548.75,28507.75,28548.5,749
1784874000,28547.25,28566.25,28546.5,28558.0,690
1784874300,28558.0,28576.25,28522.5,28534.5,875
1784874600,28536.5,28543.5,28526.0,28541.25,428
1784874900,28543.0,28561.5,28536.0,28541.75,510
1784875200,28542.25,28545.25,28505.0,28507.0,449
1784875500,28507.75,28508.0,28481.0,28485.5,892
1784875800,28485.5,28516.25,28485.5,28514.0,533
1784876100,28512.75,28548.0,28506.25,28543.75,558
1784876400,28544.0,28586.75,28539.25,28574.0,1090
1784876700,28572.0,28598.75,28560.0,28597.0,695
1784877000,28597.25,28637.75,28597.25,28636.5,1819
1784877300,28637.0,28656.0,28623.5,28645.5,1264
1784877600,28647.25,28654.0,28633.0,28638.25,492
1784877900,28637.75,28663.0,28635.25,28654.0,477
1784878200,28653.75,28658.0,28635.5,28645.0,529
1784878500,28643.5,28648.0,28630.25,28632.5,216
1784878800,28631.75,28634.25,28609.0,28626.25,750
1784879100,28625.5,28632.0,28616.5,28629.25,453
1784879400,28629.5,28633.0,28614.75,28623.0,288
1784879700,28625.5,28630.75,28611.25,28614.25,260
1784880000,28615.75,28619.0,28590.0,28591.75,909
1784880300,28590.75,28596.75,28574.5,28578.5,736
1784880600,28579.0,28584.25,28556.5,28573.5,756
1784880900,28573.5,28601.0,28571.25,28594.0,690
1784881200,28593.25,28602.25,28586.0,28587.25,321
1784881500,28587.25,28622.25,28582.25,28621.75,576
1784881800,28621.75,28640.5,28614.75,28635.0,709
1784882100,28637.5,28649.5,28629.0,28633.25,540
1784882400,28632.5,28637.5,28619.75,28631.0,363
1784882700,28630.0,28635.0,28609.0,28621.75,366
1784883000,28622.0,28626.5,28613.25,28626.5,220
1784883300,28622.75,28632.5,28612.5,28622.0,247
1784883600,28623.5,28637.75,28612.0,28621.5,417
1784883900,28620.0,28681.25,28615.25,28676.5,1009
1784884200,28676.75,28681.25,28638.0,28643.25,546
1784884500,28642.0,28653.0,28632.0,28648.25,469
1784884800,28649.0,28663.0,28643.25,28661.5,466
1784885100,28660.75,28677.0,28659.25,28672.75,619
1784885400,28674.75,28690.0,28663.25,28682.5,870
1784885700,28684.75,28695.25,28671.25,28692.0,522
1784886000,28692.25,28702.0,28684.75,28695.25,528
1784886300,28695.5,28703.25,28683.0,28684.25,328
1784886600,28684.75,28693.5,28680.25,28682.5,241
1784886900,28682.75,28704.25,28682.5,28700.5,430
1784887200,28700.25,28706.25,28677.0,28680.5,573
1784887500,28678.25,28684.75,28663.0,28671.25,507
1784887800,28672.25,28675.25,28658.5,28664.0,409
1784888100,28663.5,28670.25,28655.5,28660.5,431
1784888400,28661.25,28672.0,28654.25,28669.0,420
1784888700,28667.0,28679.25,28654.5,28667.5,556
1784889000,28668.25,28686.5,28662.75,28665.25,516
1784889300,28664.75,28665.5,28643.5,28647.0,578
1784889600,28647.25,28651.75,28637.75,28646.5,312
1784889900,28646.5,28657.25,28642.75,28651.0,293
1784890200,28650.75,28651.0,28633.25,28638.5,559
1784890500,28638.0,28649.5,28635.5,28640.5,382
1784890800,28640.0,28660.75,28632.0,28652.5,829
1784891100,28653.5,28666.75,28641.25,28642.75,597
1784891400,28643.75,28656.25,28637.75,28656.0,259
1784891700,28656.75,28661.75,28647.75,28653.25,389
1784892000,28653.75,28663.75,28640.75,28654.25,466
1784892300,28654.5,28655.25,28637.0,28644.25,373
1784892600,28641.0,28649.0,28623.25,28624.5,593
1784892900,28624.5,28647.25,28618.25,28622.0,690
1784893200,28623.25,28635.0,28616.25,28616.25,572
1784893500,28618.5,28627.5,28603.5,28615.0,643
1784893800,28615.25,28628.75,28612.0,28618.0,436
1784894100,28616.5,28700.0,28601.5,28680.5,2881
1784894400,28678.5,28684.0,28631.0,28652.0,1599
1784894700,28652.0,28677.5,28624.25,28675.5,1240
1784895000,28675.0,28695.5,28666.0,28690.0,874
1784895300,28689.25,28698.5,28677.0,28682.25,960
1784895600,28682.25,28689.75,28666.75,28685.5,707
1784895900,28686.0,28692.75,28650.0,28686.5,1285
1784896200,28686.0,28689.0,28641.25,28642.75,939
1784896500,28643.5,28664.5,28641.5,28650.25,755
1784896800,28650.75,28652.25,28624.25,28629.75,1032
1784897100,28628.75,28635.75,28616.5,28623.75,1107
1784897400,28624.75,28629.25,28607.0,28610.0,1063
1784897700,28611.0,28613.25,28587.25,28592.0,1300
1784898000,28591.25,28601.5,28581.75,28597.0,1341
1784898300,28596.75,28602.5,28571.75,28584.0,1280
1784898600,28584.0,28596.75,28577.25,28591.75,1178
1784898900,28590.75,28609.75,28584.75,28605.0,1216
1784899200,28604.5,28608.5,28579.0,28601.5,1229
1784899500,28600.75,28616.0,28538.0,28540.25,3572
1784899800,28540.0,28606.75,28499.5,28603.25,14623
1784900100,28603.25,28622.0,28501.0,28528.25,11545
1784900400,28527.75,28532.25,28458.25,28485.0,9632
1784900700,28483.25,28511.75,28445.0,28501.25,9488
1784901000,28500.0,28502.0,28335.75,28344.75,12906
1784901300,28344.0,28368.5,28313.5,28322.25,10123
1784901600,28323.0,28394.75,28304.25,28338.5,11764
1784901900,28339.25,28440.25,28333.75,28429.25,9135
1784902200,28427.75,28436.25,28406.25,28421.25,2009
1784902500,28393.5,28395.25,28299.0,28333.75,17479
1784902800,28333.25,28423.5,28306.25,28392.75,7637
1784903100,28393.25,28407.5,28363.5,28391.0,6142
1784903400,28391.75,28396.0,28304.0,28305.25,6651
1784903700,28306.25,28344.25,28274.75,28284.0,6563
1784904000,28283.75,28307.5,28262.75,28287.25,7068
1784904300,28287.0,28325.0,28254.5,28321.5,8360
1784904600,28320.0,28365.5,28311.25,28350.25,6702
1784904900,28350.5,28461.5,28350.0,28449.25,8428
1784905200,28449.0,28478.5,28403.75,28405.5,8604
1784905500,28405.25,28423.75,28361.25,28364.5,6629
1784905800,28364.0,28510.0,28355.0,28493.25,10429
1784906100,28494.25,28557.25,28453.5,28463.75,9811
1784906400,28466.25,28525.0,28459.25,28501.25,5639
1784906700,28502.0,28551.75,28492.0,28499.75,6442
1784907000,28500.75,28542.25,28484.5,28487.75,6466
1784907300,28488.75,28566.5,28485.0,28562.0,5493
1784907600,28562.0,28577.5,28490.0,28506.0,5594
1784907900,28507.0,28530.75,28491.75,28503.25,3919
1784908200,28503.25,28550.0,28503.25,28537.0,5151
1784908500,28536.0,28583.75,28534.0,28576.0,4781
1784908800,28576.75,28594.75,28549.5,28590.5,3845
1784909100,28590.5,28618.0,28579.5,28604.5,4344
1784909400,28603.5,28630.75,28572.25,28574.25,6265
1784909700,28574.5,28576.5,28552.5,28566.25,3592
1784910000,28566.75,28592.5,28563.5,28585.25,3037
1784910300,28585.5,28594.0,28565.25,28565.75,2733
1784910600,28566.0,28569.0,28527.0,28542.25,5765
1784910900,28541.0,28555.75,28516.25,28525.5,3386
1784911200,28524.0,28524.25,28495.0,28499.75,3457
1784911500,28499.25,28510.5,28466.0,28481.75,3700
1784911800,28482.25,28488.0,28460.25,28473.5,3096
1784912100,28473.25,28511.0,28462.5,28495.75,2763
1784912400,28494.75,28502.5,28468.0,28478.0,4147
1784912700,28477.5,28487.5,28433.75,28435.5,5499
1784913000,28435.75,28471.0,28427.0,28459.25,3769
1784913300,28458.0,28490.75,28441.0,28487.25,3333
1784913600,28487.0,28494.5,28461.75,28489.0,2981
1784913900,28489.75,28521.75,28472.0,28514.5,3307
1784914200,28515.25,28544.0,28504.5,28540.75,3181
1784914500,28541.25,28542.5,28486.5,28487.5,3023
1784914800,28488.5,28489.25,28463.0,28464.75,3033
1784915100,28464.75,28485.0,28452.0,28483.75,2783
1784915400,28484.5,28501.75,28468.0,28483.5,2307
1784915700,28484.0,28492.0,28465.5,28466.0,2056
1784916000,28467.0,28486.0,28451.0,28455.75,2526
1784916300,28455.5,28467.25,28443.5,28450.75,2431
1784916600,28450.5,28455.0,28420.25,28428.25,2235
1784916900,28428.25,28431.0,28396.25,28399.5,3124
1784917200,28399.5,28399.5,28373.75,28376.5,3145
1784917500,28376.5,28380.0,28333.0,28336.25,4840
1784917800,28337.75,28346.75,28291.25,28298.0,5137
1784918100,28298.0,28321.75,28278.75,28294.75,6592
1784918400,28294.5,28294.5,28259.0,28276.5,4883
1784918700,28275.25,28325.5,28269.75,28304.25,4224
1784919000,28305.25,28320.0,28288.5,28299.25,3326
1784919300,28297.5,28328.5,28292.5,28302.5,2842
1784919600,28301.75,28328.5,28280.5,28284.5,3773
1784919900,28283.25,28312.0,28226.5,28230.75,5698
1784920200,28230.25,28259.5,28219.75,28221.75,4243
1784920500,28220.75,28244.0,28212.5,28242.75,3851
1784920800,28242.5,28257.0,28219.0,28229.75,3342
1784921100,28230.5,28266.5,28220.75,28253.5,3105
1784921400,28253.0,28298.25,28250.75,28281.25,5375
1784921700,28282.25,28304.75,28268.5,28274.0,4941
1784922000,28273.0,28283.25,28238.75,28274.0,5004
1784922300,28274.25,28283.25,28242.75,28275.5,4042
1784922600,28277.0,28291.0,28224.5,28272.0,8171
1784922900,28271.25,28295.0,28247.5,28283.25,14448
1784923200,28283.5,28303.25,28263.5,28275.25,6425
1784923500,28274.5,28278.0,28259.25,28273.5,1625
1784923800,28274.75,28295.0,28267.0,28291.25,1497
1784924100,28292.25,28316.0,28292.25,28305.25,952
1784924400,28306.0,28329.5,28305.25,28312.0,755
1784924700,28312.0,28321.5,28303.25,28305.0,746
1784925000,28303.5,28307.25,28283.75,28291.5,1016
1784925300,28292.0,28303.0,28286.25,28291.25,537
1784925600,28290.25,28305.5,28285.0,28305.5,359
1784925900,28305.75,28311.5,28293.75,28296.25,434
1784926200,28297.5,28311.25,28289.25,28309.25,487
1784926500,28310.25,28313.5,28282.25,28282.25,486
1785103800,28594.5,28615.0,28585.5,28614.0,529
1785104100,28614.5,28640.5,28594.5,28640.5,1081
1785104400,28639.25,28647.0,28625.0,28626.75,559
1785104700,28625.0,28632.75,28611.5,28623.25,591
1785105000,28623.5,28636.25,28618.75,28630.75,377
1785105300,28632.5,28641.5,28625.0,28632.5,449
1785105600,28634.0,28634.75,28625.5,28626.0,266
1785105900,28625.25,28625.75,28616.0,28620.0,193
1785106200,28620.75,28636.25,28615.0,28615.0,404
1785106500,28615.25,28620.75,28604.0,28609.5,466
1785106800,28612.25,28620.75,28597.75,28605.0,573
1785107100,28604.25,28638.75,28602.25,28635.0,450
1785107400,28634.75,28638.5,28625.75,28630.75,246
1785107700,28631.5,28637.0,28610.5,28613.25,389
1785108000,28614.0,28620.5,28610.25,28614.25,202
1785108300,28614.25,28629.75,28614.25,28616.75,280
1785108600,28617.0,28633.5,28610.5,28632.0,400
1785108900,28630.5,28633.5,28625.0,28626.75,186
1785109200,28627.25,28669.75,28627.25,28653.75,768
1785109500,28654.75,28693.5,28638.0,28691.5,1180
1785109800,28690.25,28719.5,28684.5,28700.25,1033
1785110100,28699.75,28731.0,28684.75,28727.5,1175
1785110400,28728.25,28733.75,28622.75,28624.25,2368
1785110700,28622.75,28655.75,28615.0,28631.0,1458
1785111000,28632.25,28665.5,28620.0,28663.5,1126
1785111300,28661.75,28662.5,28581.75,28595.75,1527
1785111600,28595.0,28615.5,28583.75,28605.5,975
1785111900,28605.0,28644.0,28596.75,28619.25,974
1785112200,28618.25,28656.0,28616.0,28638.5,830
1785112500,28638.25,28641.75,28602.75,28605.5,772
1785112800,28605.25,28618.25,28597.25,28598.25,514
1785113100,28600.0,28628.75,28599.25,28621.75,515
1785113400,28624.25,28655.25,28614.5,28627.5,764
1785113700,28627.0,28629.5,28595.25,28598.25,637
1785114000,28599.75,28634.5,28595.0,28597.75,773
1785114300,28596.75,28627.5,28589.75,28607.5,598
1785114600,28606.5,28608.0,28565.75,28572.75,907
1785114900,28572.25,28582.0,28548.5,28548.5,1643
1785115200,28549.5,28567.25,28539.25,28554.5,715
1785115500,28554.5,28558.0,28525.0,28538.0,826
1785115800,28542.75,28592.75,28536.0,28576.25,987
1785116100,28575.5,28614.25,28551.5,28608.0,1131
1785116400,28606.25,28621.25,28577.0,28590.25,810
1785116700,28589.5,28612.25,28571.75,28603.75,642
1785117000,28604.0,28604.0,28575.5,28593.25,505
1785117300,28592.75,28614.0,28587.0,28614.0,428
1785117600,28614.75,28627.75,28590.75,28594.0,726
1785117900,28594.0,28619.75,28587.0,28614.0,509
1785118200,28616.0,28619.5,28597.25,28608.5,359
1785118500,28606.75,28630.0,28606.75,28621.0,514
1785118800,28624.5,28634.0,28605.5,28625.75,503
1785119100,28625.5,28652.75,28624.5,28638.5,616
1785119400,28639.0,28639.25,28606.25,28615.75,447
1785119700,28616.75,28651.0,28608.5,28650.5,472
1785120000,28649.5,28657.25,28643.5,28648.25,406
1785120300,28650.25,28658.5,28619.25,28622.0,440
1785120600,28621.75,28627.0,28611.5,28615.75,284
1785120900,28616.75,28623.5,28611.75,28615.5,186
1785121200,28615.5,28642.25,28607.0,28610.0,641
1785121500,28612.75,28627.25,28606.5,28610.75,355
1785121800,28608.0,28646.0,28606.0,28644.25,390
1785122100,28644.0,28648.5,28639.0,28646.75,293
1785122400,28648.25,28650.75,28625.75,28627.0,326
1785122700,28627.5,28641.5,28618.25,28619.25,214
1785123000,28620.5,28622.0,28599.75,28612.0,506
1785123300,28614.0,28616.5,28605.5,28609.75,120
1785123600,28609.0,28637.0,28607.0,28619.75,367
1785123900,28619.0,28627.0,28600.25,28605.5,302
1785124200,28603.5,28613.0,28600.0,28609.25,149
1785124500,28609.75,28624.5,28592.75,28613.5,355
1785124800,28614.0,28626.5,28608.75,28614.0,276
1785125100,28612.5,28622.75,28597.75,28607.25,212
1785125400,28607.0,28622.25,28602.0,28621.0,219
1785125700,28621.25,28640.25,28611.25,28639.25,335
1785126000,28639.5,28647.0,28625.25,28626.75,316
1785126300,28627.75,28634.75,28606.75,28620.75,338
1785126600,28620.75,28644.5,28609.25,28639.75,267
1785126900,28640.75,28644.0,28633.0,28640.5,175
1785127200,28639.75,28653.75,28637.5,28648.75,372
1785127500,28648.75,28651.25,28637.75,28644.0,242
1785127800,28643.5,28661.75,28642.0,28660.5,454
1785128100,28659.5,28663.0,28642.0,28644.0,372
1785128400,28646.25,28656.5,28638.0,28644.75,315
1785128700,28644.25,28660.25,28641.5,28658.0,180
1785129000,28657.75,28674.75,28657.75,28671.5,411
1785129300,28669.0,28682.75,28665.25,28676.0,429
1785129600,28675.25,28684.0,28675.25,28677.75,285
1785129900,28677.25,28679.75,28672.0,28679.75,259
1785130200,28680.0,28688.25,28673.75,28685.75,564
1785130500,28687.25,28703.75,28685.25,28700.25,531
1785130800,28699.25,28700.75,28683.5,28686.5,484
1785131100,28685.75,28693.0,28681.25,28688.25,212
1785131400,28692.0,28700.0,28686.0,28697.0,252
1785131700,28698.25,28704.25,28692.5,28694.5,403
1785132000,28694.5,28716.25,28693.75,28706.0,770
1785132300,28707.25,28725.0,28702.0,28722.75,508
1785132600,28723.0,28728.5,28711.5,28717.25,470
1785132900,28716.75,28723.0,28713.5,28721.25,400
1785133200,28722.0,28722.0,28697.75,28702.0,516
1785133500,28702.75,28704.75,28693.75,28697.75,309
1785133800,28697.25,28712.5,28694.0,28708.0,526
1785134100,28708.0,28715.5,28702.25,28703.5,347
1785134400,28704.0,28706.5,28694.25,28696.0,462
1785134700,28697.25,28700.0,28688.5,28694.25,513
1785135000,28694.0,28700.0,28680.0,28688.75,478
1785135300,28688.0,28702.75,28687.5,28695.0,312
1785135600,28692.75,28725.25,28689.0,28723.0,921
1785135900,28722.0,28723.25,28695.5,28704.5,495
1785136200,28706.5,28729.0,28704.75,28727.5,363
1785136500,28728.25,28732.0,28716.25,28717.5,395
1785136800,28719.25,28723.5,28712.25,28715.75,215
1785137100,28716.5,28717.0,28702.5,28705.25,387
1785137400,28703.25,28704.0,28690.0,28695.0,430
1785137700,28695.5,28697.5,28672.0,28680.5,702
1785138000,28677.25,28698.25,28675.25,28695.5,573
1785138300,28695.5,28701.75,28684.0,28699.0,381
1785138600,28698.5,28698.75,28675.0,28680.5,318
1785138900,28679.0,28687.0,28661.25,28661.75,480
1785139200,28661.0,28701.25,28658.5,28681.0,829
1785139500,28680.25,28696.5,28674.75,28690.25,488
1785139800,28685.5,28693.5,28673.0,28693.25,380
1785140100,28692.0,28705.0,28677.0,28697.25,317
1785140400,28698.0,28705.75,28693.75,28699.0,292
1785140700,28699.25,28724.25,28699.25,28719.0,378
1785141000,28720.75,28724.25,28708.0,28708.75,482
1785141300,28706.75,28722.25,28703.25,28720.75,301
1785141600,28721.5,28744.0,28718.75,28733.75,763
1785141900,28736.5,28740.0,28726.5,28726.5,303
1785142200,28727.75,28744.75,28724.5,28744.25,386
1785142500,28742.5,28749.5,28735.25,28736.0,367
1785142800,28737.0,28738.75,28719.75,28729.25,490
1785143100,28729.0,28731.0,28721.0,28723.25,253
1785143400,28722.75,28733.25,28721.75,28725.5,277
1785143700,28725.25,28732.5,28723.25,28728.0,197
1785144000,28727.75,28738.75,28726.0,28731.5,253
1785144300,28732.0,28737.0,28724.0,28726.25,428
1785144600,28727.0,28733.5,28718.25,28733.25,409
1785144900,28732.5,28745.25,28728.25,28737.75,770
1785145200,28738.0,28748.25,28733.5,28746.75,345
1785145500,28746.0,28763.25,28742.5,28758.5,809
1785145800,28758.75,28762.25,28755.25,28758.0,377
1785146100,28758.0,28759.25,28744.75,28744.75,294
1785146400,28744.0,28753.5,28744.0,28746.25,290
1785146700,28746.75,28749.0,28741.5,28743.75,284
1785147000,28743.5,28743.5,28726.25,28737.75,821
1785147300,28738.75,28748.0,28730.25,28736.0,343
1785147600,28737.25,28744.5,28735.0,28735.0,227
1785147900,28734.75,28745.0,28734.0,28738.0,262
1785148200,28740.0,28746.0,28735.75,28738.5,264
1785148500,28738.25,28742.25,28734.0,28742.25,213
1785148800,28740.5,28750.5,28733.75,28748.0,267
1785149100,28746.0,28749.75,28740.25,28748.5,250
1785149400,28747.5,28751.0,28742.25,28745.0,177
1785149700,28745.0,28758.0,28739.75,28740.75,411
1785150000,28742.0,28743.5,28712.25,28722.0,758
1785150300,28721.25,28724.5,28712.5,28714.0,385
1785150600,28714.0,28723.0,28708.25,28712.5,429
1785150900,28711.5,28720.0,28701.0,28701.5,508
1785151200,28702.0,28706.25,28693.5,28693.75,542
1785151500,28693.5,28700.25,28648.5,28652.75,1192
1785151800,28653.25,28685.0,28645.5,28662.0,1804
1785152100,28662.0,28680.5,28660.5,28678.75,490
1785152400,28679.25,28681.5,28654.0,28667.75,862
1785152700,28667.25,28677.0,28665.0,28673.75,367
1785153000,28673.75,28677.0,28659.25,28659.25,436
1785153300,28660.0,28675.0,28660.0,28673.0,507
1785153600,28673.25,28697.75,28671.5,28690.25,980
1785153900,28691.5,28697.5,28681.0,28683.5,587
1785154200,28683.25,28684.25,28633.25,28635.0,1387
1785154500,28637.0,28651.5,28636.0,28640.0,582
1785154800,28640.0,28646.75,28629.25,28638.0,721
1785155100,28637.25,28653.25,28634.0,28650.75,594
1785155400,28650.5,28659.5,28631.75,28650.75,824
1785155700,28652.0,28669.25,28651.5,28665.5,762
1785156000,28664.0,28671.0,28656.0,28669.0,506
1785156300,28669.25,28692.5,28666.25,28683.5,1092
1785156600,28683.75,28691.0,28666.25,28691.0,1164
1785156900,28689.75,28692.0,28675.0,28690.25,660
1785157200,28692.0,28700.0,28663.0,28680.0,1395
1785157500,28678.25,28678.75,28647.75,28656.5,1174
1785157800,28657.25,28675.0,28655.0,28662.25,1011
1785158100,28662.75,28676.0,28637.0,28641.0,1227
1785158400,28640.5,28642.75,28633.0,28637.0,1025
1785158700,28636.75,28645.0,28588.0,28590.5,3829
1785159000,28590.5,28615.75,28487.0,28538.0,15407
1785159300,28536.5,28613.75,28525.75,28545.25,12446
1785159600,28545.25,28553.75,28428.0,28455.0,11780
1785159900,28455.0,28489.0,28422.75,28461.0,10057
1785160200,28462.5,28504.0,28446.5,28459.5,8843
1785160500,28458.25,28464.25,28341.25,28347.75,10059
1785160800,28347.75,28372.75,28287.5,28319.5,12696
1785161100,28319.75,28347.75,28277.0,28322.0,9407
1785161400,28323.0,28324.75,28230.75,28252.0,10901
1785161700,28253.25,28299.0,28224.25,28258.25,8280
1785162000,28258.25,28261.0,28167.0,28182.0,9173
1785162300,28183.0,28185.0,28075.25,28086.25,10576
1785162600,28086.5,28105.25,28041.0,28050.75,10661
1785162900,28048.75,28066.5,27995.5,28031.0,11669
1785163200,28032.25,28045.0,27939.0,27959.0,12228
1785163500,27958.5,28071.25,27957.25,28064.0,10737
1785163800,28063.25,28127.5,28062.25,28102.0,11897
1785164100,28102.0,28180.25,28086.75,28169.25,8867
1785164400,28171.0,28186.75,28138.0,28161.0,8869
1785164700,28160.75,28198.5,28138.25,28150.5,7024
1785165000,28150.75,28181.0,28121.75,28124.75,7005
1785165300,28125.25,28133.75,28048.0,28106.25,8111
1785165600,28105.5,28151.5,28062.25,28076.75,7304
1785165900,28077.0,28094.0,28046.0,28072.25,5377
1785166200,28074.25,28085.75,28011.5,28028.0,5560
1785166500,28028.5,28033.25,27980.25,28015.75,5689
1785166800,28016.0,28048.5,27994.0,28039.25,5466
1785167100,28039.75,28048.75,27995.25,28013.5,4077
1785167400,28013.0,28036.75,27996.5,28021.25,3677
1785167700,28019.75,28074.0,28014.25,28062.5,5030
1785168000,28062.75,28120.5,28057.75,28119.0,4484
1785168300,28119.0,28134.25,28090.75,28124.25,4278
1785168600,28124.5,28154.25,28072.0,28078.75,5577
1785168900,28078.75,28085.25,28043.5,28064.0,4851
1785169200,28063.75,28096.75,28045.75,28096.0,3946
1785169500,28094.75,28204.5,28092.5,28154.5,10463
1785169800,28154.0,28196.75,28132.0,28149.25,5274
1785170100,28150.75,28180.5,28112.5,28170.5,4215
1785170400,28169.75,28178.75,28118.5,28132.75,3381
1785170700,28134.25,28156.0,28115.5,28117.5,3140
1785171000,28117.0,28117.0,28050.0,28059.75,5073
1785171300,28058.75,28059.5,28027.75,28048.5,4345
1785171600,28047.0,28056.25,27995.5,28007.0,5053
1785171900,28006.5,28030.0,27993.75,28016.25,3745
1785172200,28015.25,28044.25,28004.0,28033.75,3158
1785172500,28034.0,28043.25,27986.0,28001.75,3495
1785172800,28001.5,28034.25,27995.25,28011.25,2663
1785173100,28012.0,28022.75,27993.5,27998.75,2317
1785173400,27998.5,28062.0,27997.5,28059.5,3521
1785173700,28058.75,28065.0,28026.5,28030.5,2911
1785174000,28031.0,28043.0,28015.5,28036.25,2332
1785174300,28036.0,28059.0,28013.75,28032.75,2521
1785174600,28032.5,28088.0,28026.25,28084.25,3090
1785174900,28085.0,28106.25,28072.0,28104.75,2994
1785175200,28104.75,28121.25,28090.0,28092.5,3663
1785175500,28092.75,28115.25,28085.5,28098.75,2467
1785175800,28097.25,28112.75,28092.5,28100.5,2351
1785176100,28100.5,28105.25,28049.75,28063.0,3584
1785176400,28062.5,28086.25,28052.75,28079.25,2370
1785176700,28080.0,28091.5,28069.0,28082.0,2131
1785177000,28082.25,28082.75,28037.0,28041.5,2389
1785177300,28039.5,28055.0,28027.25,28032.75,2545
1785177600,28032.0,28088.25,28019.25,28082.75,5766
1785177900,28083.0,28100.5,28069.5,28073.75,2495
1785178200,28073.25,28160.5,28070.0,28151.5,4659
1785178500,28151.5,28191.0,28151.5,28188.25,5246
1785178800,28188.75,28197.0,28170.0,28173.0,3569
1785179100,28172.75,28224.0,28165.25,28214.25,4151
1785179400,28214.0,28232.25,28192.75,28201.25,3801
1785179700,28200.75,28217.75,28195.5,28215.0,2383
1785180000,28214.25,28236.0,28201.25,28225.0,3432
1785180300,28225.25,28247.5,28203.75,28243.5,3272
1785180600,28243.0,28255.75,28232.5,28233.0,3715
1785180900,28232.25,28242.5,28180.0,28185.25,3719
1785181200,28185.5,28204.5,28172.5,28175.75,3021
1785181500,28176.0,28187.5,28155.25,28185.25,3565
1785181800,28185.75,28200.0,28164.0,28178.75,5179
1785182100,28177.75,28205.0,28159.25,28192.75,12937
1785182400,28193.25,28219.5,28182.0,28197.0,5283
1785182700,28196.0,28199.75,28175.75,28196.75,1924
1785183000,28195.75,28196.75,28169.25,28190.75,1532
1785183300,28190.5,28193.75,28181.5,28187.25,677
1785183600,28186.25,28188.0,28174.25,28183.25,398
1785183900,28184.25,28194.5,28184.25,28194.5,482
1785184200,28194.5,28220.25,28186.75,28218.0,679
1785184500,28218.0,28230.0,28213.25,28219.25,578
1785184800,28218.5,28220.0,28204.75,28207.5,453
1785185100,28208.25,28209.5,28193.75,28194.75,559
1785185400,28195.0,28203.5,28186.75,28194.0,540
1785185700,28192.75,28212.0,28192.25,28210.0,583
1785189600,28210.5,28228.0,28188.5,28189.5,0
1785189900,28189.25,28194.0,28172.75,28178.0,463
1785190200,28177.5,28178.5,28156.0,28158.5,354
1785190500,28159.0,28167.75,28154.0,28157.75,381
1785190800,28158.75,28166.0,28146.25,28148.5,476
1785191100,28149.75,28153.75,28125.5,28129.5,847
1785191400,28128.25,28148.25,28128.0,28146.5,448
1785191700,28148.5,28156.5,28137.5,28144.5,416
1785192000,28143.5,28144.0,28124.5,28133.5,330
1785192300,28134.75,28143.0,28126.0,28137.5,417
1785192600,28138.5,28149.0,28133.0,28135.75,290
1785192900,28136.5,28138.0,28123.5,28132.5,332
1785193200,28131.75,28134.25,28105.25,28110.5,562
1785193500,28112.0,28151.75,28108.5,28128.75,702
1785193800,28130.75,28137.25,28123.25,28129.0,234
1785194100,28129.25,28148.5,28118.0,28143.75,416
1785194400,28145.75,28158.5,28138.0,28147.5,446
1785194700,28144.75,28163.25,28143.0,28162.25,362
1785195000,28160.75,28161.5,28150.75,28155.0,253
1785195300,28154.0,28154.75,28138.0,28144.5,240
1785195600,28144.75,28145.0,28130.0,28132.0,294
1785195900,28134.5,28142.75,28121.25,28130.0,687
1785196200,28130.5,28179.25,28124.25,28173.0,976
1785196500,28172.75,28178.0,28155.25,28163.5,485
1785196800,28164.75,28195.0,28152.75,28185.25,1057
1785197100,28185.25,28187.75,28127.0,28141.25,981
1785197400,28143.75,28152.75,28094.75,28111.0,1288
1785197700,28111.0,28132.0,28102.0,28115.0,864
1785198000,28116.5,28124.0,28081.5,28088.75,795
1785198300,28093.25,28104.5,28068.25,28104.5,989
1785198600,28103.75,28127.75,28059.75,28118.5,1191
1785198900,28119.25,28139.75,28114.75,28122.25,621
1785199200,28120.5,28138.0,28108.25,28121.0,472
1785199500,28118.75,28119.5,28071.5,28077.25,928
1785199800,28077.0,28081.0,28062.0,28071.5,509
1785200100,28068.0,28084.0,28052.75,28072.0,636
1785200400,28072.0,28078.0,28041.25,28042.0,1256
1785200700,28042.25,28048.5,27988.75,28005.5,1481
1785201000,28005.5,28011.5,27969.0,27992.75,1519
1785201300,27993.25,28010.0,27986.0,28002.75,845
1785201600,28003.5,28021.5,27990.5,28004.75,954
1785201900,28005.25,28078.25,27995.0,28062.25,1463
1785202500,28093.5,28095.5,28057.5,28064.25,1381
1785202800,28065.75,28082.25,28046.75,28080.75,606
1785203100,28078.75,28094.75,28065.25,28081.25,493
1785203400,28080.0,28083.5,28020.0,28023.5,873
1785203700,28023.75,28028.0,28008.75,28022.0,470
1785204000,28021.75,28024.25,27986.25,27987.75,853
1785204300,27987.5,28004.5,27984.25,27995.75,579
1785204600,27995.25,28010.5,27985.75,27996.25,520
1785204900,27992.75,28014.0,27972.25,28012.25,895
1785205200,28011.75,28030.25,28005.25,28022.75,695
1785205500,28019.75,28022.25,27981.25,27987.75,591
1785205800,27987.0,27987.75,27951.5,27970.75,1215
1785206100,27970.75,27989.5,27957.0,27978.5,657
1785206400,27978.0,27982.0,27962.0,27972.0,412
1785206700,27972.5,27978.5,27962.5,27976.0,507
1785207000,27972.25,28006.75,27955.0,27992.5,1000
1785207300,27991.75,27997.25,27977.75,27993.0,424
1785207600,27993.0,27998.0,27953.25,27965.25,639
1785207900,27963.0,27965.5,27941.75,27944.75,763
1785208200,27943.0,27972.5,27932.5,27968.75,928
1785208500,27967.5,28024.0,27964.0,28023.25,1004
1785208800,28022.25,28046.0,28018.5,28033.0,987
1785209100,28034.5,28047.25,27982.5,27987.5,1032
1785209400,27984.5,28016.5,27951.5,28013.25,1463
1785209700,28012.5,28045.25,28005.0,28040.75,769
1785210000,28043.0,28063.25,28034.0,28056.75,820
1785210300,28057.25,28070.5,28040.0,28059.75,680
1785210600,28058.75,28062.5,28030.0,28047.0,450
1785210900,28045.5,28052.5,28026.5,28050.75,257
1785211500,28013.5,28016.25,28007.5,28008.25,892
1785211800,28006.75,28012.75,27978.0,27986.75,519
1785212100,27986.0,28013.5,27976.5,28013.25,668
1785212400,28012.0,28017.0,27970.0,27973.5,573
1785212700,27975.75,27984.25,27971.0,27972.75,316
1785213000,27972.75,27980.5,27962.0,27970.0,526
1785213300,27971.75,27983.0,27960.0,27979.0,285
1785213600,27975.25,27984.0,27964.5,27974.25,272
1785213900,27974.25,28003.0,27971.0,27975.0,668
1785214200,27977.5,27977.5,27953.75,27963.75,342
1785214500,27962.25,27970.0,27951.0,27954.75,274
1785214800,27957.0,27983.0,27949.0,27971.75,471
1785215100,27972.0,27973.5,27949.25,27963.0,349
1785215700,28190.0,28190.0,27939.0,27939.0,815
1785216000,27939.0,27947.0,27924.5,27933.25,549
1785216300,27931.5,27932.25,27914.0,27919.5,742
1785216600,27921.0,27923.5,27887.0,27889.5,1429
1785216900,27888.75,27914.0,27876.0,27899.75,1162
1785217200,27899.5,27900.0,27880.5,27897.25,543
1785217500,27896.5,27912.75,27894.25,27911.0,420
1785217800,27910.0,27924.0,27893.25,27898.5,547
1785218100,27898.75,27907.0,27870.75,27880.0,865
1785218400,27882.25,27902.25,27860.75,27862.25,1351
1785218700,27862.25,27869.75,27853.75,27856.75,865
1785219000,27858.25,27860.75,27839.5,27844.25,1272
1785219300,27847.25,27869.75,27845.5,27858.0,1083
1785219600,27859.25,27882.25,27849.75,27866.0,1133
1785219900,27866.75,27907.0,27860.5,27902.5,1142
1785220200,27902.75,27912.0,27892.0,27906.5,776
1785220500,27906.75,27931.5,27905.25,27924.75,859
1785220800,27923.5,27936.0,27919.0,27919.25,479
1785221100,27917.0,27918.5,27902.5,27909.25,706
1785221400,27909.0,27924.75,27906.5,27923.5,330
1785221700,27926.75,27958.25,27924.25,27947.25,1023
1785222000,27945.5,27967.75,27939.5,27948.25,955
1785222300,27947.75,27979.75,27934.0,27972.25,994
1785222600,27973.5,27980.75,27960.0,27972.25,609
1785222900,27973.0,27989.0,27968.5,27969.0,637
1785223200,27968.75,27976.5,27954.75,27957.0,545
1785223500,27955.75,27962.75,27939.0,27943.25,643
1785223800,27944.0,27949.5,27933.75,27941.75,597
1785224100,27943.25,27954.75,27927.0,27951.5,691
1785224400,27951.25,27962.5,27936.0,27939.75,529
1785224700,27939.0,27943.0,27908.0,27920.25,693
1785225000,27921.25,27954.75,27910.0,27945.0,920
1785225300,27947.75,27951.5,27927.75,27933.5,426
1785225600,27934.25,27945.0,27899.0,27926.75,1147
1785225900,27928.5,27947.75,27895.75,27899.75,789
1785226200,27899.5,27899.5,27880.0,27888.75,775
1785226500,27890.75,27976.25,27884.75,27961.75,1334
1785226800,27961.75,28007.25,27955.0,28002.25,1396
1785227100,28001.75,28004.5,27985.5,27999.5,748
1785227400,28003.0,28010.75,27975.0,28008.25,936
1785227700,28008.75,28024.25,27984.25,28014.75,1025
1785228000,28013.75,28046.5,28012.75,28037.0,1124
1785228300,28037.5,28052.0,28017.0,28020.75,1131
1785228600,28020.75,28033.75,28001.75,28008.5,463
1785228900,28007.25,28009.75,27986.75,27994.25,745
1785229200,27992.25,28006.5,27986.75,27995.0,519
1785229500,27993.25,28011.25,27991.0,28004.5,398
1785229800,28004.0,28015.25,27982.5,27988.75,608
1785230100,27990.25,28003.25,27985.25,28001.75,337
1785230400,28003.5,28008.5,27998.0,28003.75,445
1785230700,28001.0,28016.5,27995.5,28012.0,359
1785231000,28009.75,28010.25,27982.0,27984.0,457
1785231300,27984.25,27987.0,27968.5,27977.75,553
1785231600,27978.5,27992.0,27967.25,27972.5,471
1785231900,27973.75,27981.25,27967.0,27971.75,334
1785232200,27974.0,27980.5,27960.0,27962.75,401
1785232500,27963.25,27965.0,27941.5,27956.0,669
1785232800,27956.0,27964.25,27948.75,27961.25,348
1785233100,27963.5,27966.0,27950.0,27961.5,343
1785233400,27960.75,27965.25,27947.5,27952.0,339
1785233700,27951.5,27969.5,27948.5,27968.75,347
1785234000,27967.25,27967.75,27938.0,27946.0,561
1785234300,27946.75,27967.25,27933.5,27967.25,466
1785234600,27968.5,27980.5,27944.25,27948.25,1321
1785234900,27948.5,27953.75,27922.0,27923.0,1210
1785235200,27922.5,27933.25,27904.25,27933.0,899
1785235500,27932.0,27950.0,27927.5,27931.75,537
1785235800,27932.0,27951.0,27926.5,27950.75,442
1785236100,27951.25,27951.5,27932.25,27942.75,914
1785236400,27945.75,27952.25,27890.5,27894.0,1482
1785236700,27892.25,27910.5,27881.25,27890.0,981
1785237000,27889.5,27895.25,27864.75,27869.5,1157
1785237300,27869.25,27949.0,27869.25,27946.25,2417
1785237600,27946.25,27958.0,27916.5,27916.75,994
1785237900,27916.5,27917.25,27882.25,27883.0,1021
1785238200,27882.0,27895.5,27868.0,27876.25,915
1785238500,27875.0,27929.25,27871.25,27872.0,1190
1785238800,27872.75,27877.75,27848.25,27863.75,1508
1785239100,27862.5,27920.25,27859.75,27910.5,1286
1785239400,27910.25,27927.75,27898.75,27919.0,974
1785239700,27919.0,27975.0,27918.75,27963.75,1343
1785240000,27962.5,27993.75,27954.0,27983.0,1309
1785240300,27984.25,28001.75,27970.0,27978.75,1045
1785240600,27978.25,27982.75,27949.25,27963.0,779
1785240900,27967.0,27973.25,27949.5,27968.25,789
1785241200,27970.0,27980.0,27954.25,27975.0,689
1785241500,27975.25,28018.5,27970.0,28010.0,1592
1785241800,28010.75,28027.75,27967.5,27979.0,2069
1785242100,27979.0,27998.5,27964.75,27966.0,1311
1785242400,27966.0,28018.0,27956.25,28009.5,2257
1785242700,28010.5,28032.75,28001.25,28006.5,1774
1785243000,28007.5,28013.25,27977.5,28007.75,1697
1785243300,28009.25,28017.5,27992.0,27993.25,816
1785243600,27993.75,28004.5,27974.5,27980.0,1637
1785243900,27977.5,28027.75,27974.0,28018.0,1287
1785244200,28017.0,28023.0,27996.25,28001.25,1580
1785244500,28003.0,28028.5,27994.75,28013.5,1214
1785244800,28013.5,28021.0,27986.0,27998.5,1329
1785245100,27998.0,27998.0,27938.0,27950.25,3656
1785245400,27950.25,27992.0,27871.25,27877.0,18140
1785245700,27876.0,27926.25,27788.75,27791.25,14532
1785246000,27792.0,27841.5,27728.5,27749.75,15137
1785246300,27749.25,27764.5,27658.75,27755.5,17226
1785246600,27755.5,27799.0,27682.25,27696.0,14886
1785246900,27698.0,27720.5,27641.75,27665.25,12113
1785247200,27665.5,27749.5,27652.0,27715.25,10492
1785247500,27714.0,27793.5,27666.75,27673.75,11278
1785247800,27674.5,27731.0,27608.75,27630.25,12179
1785248100,27631.75,27655.25,27603.5,27615.25,11692
1785248400,27614.25,27717.5,27606.0,27677.75,12416
1785248700,27676.0,27713.5,27660.0,27706.5,6714
1785249000,27706.5,27728.5,27669.0,27679.75,7217
1785249300,27679.0,27763.0,27672.25,27723.5,8901
1785249600,27722.5,27793.0,27713.5,27772.25,8389
1785249900,27770.75,27856.5,27745.5,27851.25,9903
1785250200,27850.25,27890.0,27847.75,27853.25,10269
1785250500,27853.25,27876.0,27797.25,27801.75,8505
1785250800,27803.0,27838.0,27779.5,27780.25,7495
1785251100,27781.0,27837.25,27768.0,27825.75,7219
1785251400,27826.0,27882.0,27801.25,27854.25,8913
1785251700,27853.75,27917.75,27836.5,27915.25,7170
1785252000,27915.5,27975.0,27914.25,27974.5,8745
1785252300,27974.0,28010.0,27956.5,27965.0,8863
1785252600,27965.75,27995.0,27948.75,27979.75,6643
1785252900,27980.25,28019.25,27976.5,28006.25,5429
1785253200,28005.5,28036.0,27989.25,28031.5,4579
1785253500,28032.0,28062.5,28029.25,28044.75,5214
1785253800,28044.5,28057.75,28010.5,28033.5,5862
1785254100,28033.0,28062.5,28015.5,28048.0,4883
1785254400,28047.75,28068.75,28033.5,28051.25,5737
1785254700,28050.75,28065.0,28007.25,28007.75,5827
1785255000,28007.5,28028.5,27996.75,28007.5,4289
1785255300,28007.75,28032.5,27992.25,28030.5,4009
1785255600,28029.75,28045.25,27988.75,27999.0,4724
1785255900,27999.25,28009.0,27984.75,27995.25,2923
1785256200,27995.5,27996.5,27953.5,27975.75,5097
1785256500,27976.25,28024.5,27967.5,28023.5,3736
1785256800,28023.5,28043.75,28013.0,28032.75,4047
1785257100,28032.0,28040.0,27993.0,28016.25,3974
1785257400,28015.75,28080.0,28015.25,28068.75,4761
1785257700,28067.25,28078.0,28052.75,28057.5,3048
1785258000,28057.5,28066.5,28017.0,28021.0,3826
1785258300,28021.75,28031.25,27982.5,27986.25,5304
1785258600,27986.25,28008.5,27969.0,27988.0,4714
1785258900,27988.0,27996.75,27973.5,27993.25,3275
1785259200,27993.25,28045.75,27985.25,27987.0,4466
1785259500,27987.0,28020.5,27975.0,27996.5,3255
1785259800,27996.0,28032.5,27989.0,28021.75,3007
1785260100,28021.5,28043.5,27992.0,27994.5,2499
1785260400,27993.0,28010.0,27949.0,27954.5,3972
1785260700,27954.25,27987.0,27939.0,27980.0,4687
1785261000,27979.25,27979.25,27935.75,27941.25,2615
1785261300,27940.75,27974.25,27925.0,27972.5,2894
1785261600,27974.0,27999.5,27953.0,27969.0,4087
1785261900,27968.5,27974.0,27938.5,27944.5,2508
1785262200,27945.0,27949.0,27915.0,27917.0,4061
1785262500,27917.25,27937.75,27912.5,27929.25,2953
1785262800,27929.25,27947.75,27922.0,27925.75,2800
1785263100,27926.25,27936.0,27914.75,27925.25,2402
1785263400,27926.75,27963.75,27920.5,27947.0,3501
1785263700,27947.75,27957.25,27930.25,27933.5,2428
1785264000,27932.75,27945.75,27921.5,27937.75,2236
1785264300,27937.5,27975.0,27929.0,27955.0,2849
1785264600,27954.75,27978.0,27944.25,27951.75,2644
1785264900,27951.75,27979.5,27938.75,27972.75,2552
1785265200,27972.25,28020.0,27972.25,28015.25,4028
1785265500,28015.25,28021.75,27975.0,27978.5,3655
1785265800,27978.5,27993.5,27972.0,27987.25,2664
1785266100,27986.5,27995.25,27965.25,27990.0,2909
1785266400,27989.0,28018.5,27982.75,28017.25,3106
1785266700,28017.5,28021.25,27985.0,28017.75,3549
1785267000,28018.0,28023.75,27994.75,28000.5,4050
1785267300,28000.0,28001.25,27941.5,27948.0,4243
1785267600,27947.0,27962.0,27941.75,27954.25,3646
1785267900,27954.25,27956.5,27929.0,27954.5,3390
1785268200,27954.0,27988.25,27934.75,27982.25,5890
1785268500,27982.0,27982.25,27911.0,27919.5,13713
1785268800,27919.25,27955.0,27912.5,27916.75,5942
1785269100,27916.25,27967.75,27884.25,27906.25,4347
1785269400,27905.25,27937.25,27898.5,27918.5,2052
1785269700,27920.5,27951.5,27910.75,27948.0,1456
1785270000,27948.0,27963.25,27937.75,27960.0,1154
1785270300,27959.75,27991.25,27958.5,27977.75,1288
1785270600,27977.0,27981.25,27962.25,27966.75,1119
1785270900,27966.75,27983.25,27941.75,27948.25,1123
1785271200,27949.0,27952.0,27937.5,27947.75,790
1785271500,27947.75,27960.0,27946.0,27953.75,364
1785271800,27954.0,27955.5,27935.75,27950.75,719
1785272100,27950.5,27962.75,27948.0,27960.5,493
1785276000,27962.0,27999.75,27955.75,27995.75,0
1785276300,27994.25,28011.5,27994.25,28000.75,636
1785276600,28000.0,28013.25,27962.0,27972.0,729
1785276900,27973.0,27979.0,27921.0,27935.25,983
1785277200,27935.25,27944.5,27913.75,27918.5,548
1785277500,27918.5,27943.5,27906.5,27939.25,902
1785277800,27939.0,27943.25,27883.25,27892.25,1067
1785278100,27894.0,27910.75,27855.25,27860.25,868
1785278400,27861.5,27889.75,27860.0,27861.0,689
1785278700,27863.25,27863.5,27811.5,27824.0,1781
1785279000,27825.0,27836.5,27783.5,27790.5,1716
1785279300,27791.5,27810.25,27756.25,27756.75,1593
1785279600,27758.25,27787.25,27728.5,27785.25,2065
1785279900,27783.75,27807.0,27745.25,27747.75,1603
1785280200,27747.0,27857.75,27740.0,27842.75,1910
1785280500,27842.5,27845.25,27814.5,27824.0,985
1785280800,27826.5,27885.25,27809.25,27874.0,1476
1785281100,27875.25,27890.5,27864.0,27889.25,697
1785281400,27888.5,27921.5,27884.5,27903.0,1005
1785281700,27901.0,27910.5,27889.75,27895.25,666
1785282000,27895.0,28025.0,27890.0,28014.0,1878
1785282300,28012.25,28072.25,27989.75,28061.25,2388
1785282600,28061.25,28096.5,28046.0,28081.25,2286
1785282900,28079.0,28104.5,28067.75,28102.5,1638
1785283200,28102.75,28178.25,28077.25,28143.75,3014
1785283500,28143.75,28168.5,28130.25,28140.25,1324
1785283800,28140.0,28161.25,28129.5,28141.25,1022
1785284100,28139.75,28152.25,28109.75,28144.0,1008
1785284400,28142.0,28161.5,28091.25,28099.0,1602
1785284700,28098.75,28098.75,28052.0,28077.75,1510
1785285000,28073.75,28080.0,28018.0,28038.75,1284
1785285300,28036.75,28079.0,28032.0,28060.75,1055
1785285600,28059.25,28075.0,28031.75,28068.75,740
1785285900,28068.0,28085.0,28037.25,28046.5,703
1785286200,28042.5,28062.25,28029.5,28058.0,525
1785286500,28059.25,28059.25,28000.25,28013.25,807
1785286800,28011.75,28041.25,28003.25,28022.75,752
1785287100,28020.75,28025.25,27973.25,27976.25,713
1785287400,27976.75,27980.0,27911.5,27922.0,1637
1785287700,27920.25,27942.75,27896.25,27928.5,1478
1785288000,27929.5,27988.5,27929.5,27980.5,1257
1785288300,27981.25,28007.0,27970.5,27971.75,1007
1785288600,27972.0,27982.25,27945.25,27964.5,969
1785288900,27963.5,27969.25,27932.25,27942.75,605
1785289200,27943.75,27943.75,27878.0,27880.0,1285
1785289500,27879.5,27892.0,27851.75,27860.5,1213
1785289800,27860.5,27870.0,27809.0,27816.75,1577
1785290100,27817.5,27824.5,27784.0,27785.25,1395
1785290400,27785.0,27824.5,27770.25,27808.5,1699
1785290700,27809.5,27849.0,27794.5,27843.25,1867
1785291000,27836.25,27868.0,27834.75,27845.25,998
1785291300,27842.75,27847.0,27796.0,27810.5,942
1785291600,27812.0,27869.75,27811.75,27846.0,1113
1785291900,27842.75,27896.5,27837.5,27896.5,721
1785292200,27894.5,27912.75,27870.0,27884.0,963
1785292500,27881.25,27893.0,27858.25,27892.5,805
1785292800,27893.0,27905.75,27878.75,27887.75,498
1785293100,27887.75,27891.0,27850.5,27852.5,475
1785293400,27854.0,27869.25,27832.75,27845.5,849
1785293700,27846.5,27849.75,27823.0,27839.5,473
1785294000,27839.0,27840.0,27788.0,27796.25,1159
1785294300,27796.75,27872.25,27794.0,27867.5,950
1785294600,27868.0,27882.5,27825.0,27828.5,878
1785294900,27831.0,27835.5,27807.0,27814.5,452
1785295200,27814.25,27839.75,27795.0,27801.25,551
1785295500,27801.0,27804.25,27775.5,27777.75,630
1785295800,27776.75,27784.0,27746.0,27782.5,1315
1785296100,27783.0,27792.5,27752.75,27755.5,596
1785296400,27756.75,27773.25,27742.25,27772.75,686
1785296700,27773.5,27786.0,27751.0,27752.0,591
1785297000,27750.25,27756.5,27704.25,27717.25,1330
1785297300,27717.25,27720.0,27702.0,27718.0,548
1785297900,27700.0,27715.25,27699.75,27714.5,1809
1785298200,27712.0,27715.25,27676.75,27691.5,805
1785298500,27691.5,27694.75,27648.0,27674.25,1244
1785298800,27676.75,27705.25,27654.25,27698.5,987
1785299100,27699.0,27715.75,27671.5,27684.75,676
1785299400,27682.25,27697.0,27661.75,27678.5,639
1785299700,27677.0,27720.0,27675.75,27695.25,625
1785300000,27697.5,27697.5,27648.75,27649.75,788
1785300300,27651.25,27681.75,27640.0,27667.0,818
1785300600,27668.5,27732.75,27667.25,27730.5,1040
1785300900,27728.0,27759.0,27725.5,27756.0,902
1785301200,27758.75,27788.75,27735.75,27772.75,944
1785301500,27772.5,27822.0,27748.75,27812.0,1465
1785301800,27813.25,27834.75,27804.75,27832.5,739
1785302100,27833.75,27834.25,27775.0,27784.5,1044
1785302400,27786.0,27810.0,27773.25,27810.0,666
1785302700,27810.25,27828.75,27804.5,27815.25,669
1785303000,27815.25,27826.5,27787.0,27823.5,786
1785303300,27823.0,27847.5,27818.75,27845.75,854
1785303600,27843.0,27852.75,27813.5,27826.75,1037
1785303900,27828.0,27841.75,27815.0,27824.5,554
1785304200,27821.5,27837.5,27804.75,27830.25,595
1785304500,27829.25,27833.5,27790.0,27794.0,570
1785304800,27794.0,27797.25,27745.0,27747.0,955
1785305100,27747.5,27756.25,27738.0,27745.0,551
1785305400,27745.0,27768.25,27736.25,27764.5,661
1785305700,27766.5,27791.75,27756.25,27774.75,760
1785306000,27773.5,27790.5,27755.25,27781.0,518
1785306300,27780.5,27811.25,27778.5,27811.0,986
1785306600,27811.5,27871.5,27811.5,27867.0,1359
1785306900,27868.75,27901.5,27865.0,27887.0,968
1785307200,27889.25,27913.5,27888.25,27910.25,743
1785307500,27907.5,27923.0,27895.0,27918.0,798
1785307800,27916.25,27935.0,27915.25,27928.0,589
1785308100,27928.5,27942.25,27926.75,27928.75,908
1785308400,27928.75,27945.5,27895.75,27907.5,1149
1785308700,27907.75,27928.5,27900.0,27927.75,552
1785309000,27928.25,27943.5,27919.75,27923.0,747
1785309300,27923.0,27953.0,27919.5,27931.25,883
1785309600,27931.0,27944.25,27905.75,27914.75,591
1785309900,27912.5,27949.75,27910.0,27946.25,682
1785310200,27945.75,27962.0,27936.0,27940.75,829
1785310500,27940.75,27962.75,27934.0,27941.0,470
1785310800,27938.0,27948.75,27920.25,27920.25,527
1785311100,27922.0,27923.25,27906.25,27906.75,528
1785311400,27906.0,27910.0,27892.75,27894.75,501
1785311700,27894.0,27922.0,27891.25,27906.0,489
1785312000,27906.25,27924.75,27893.25,27906.75,1030
1785312300,27904.25,27911.25,27881.75,27891.75,686
1785312600,27893.25,27902.5,27857.5,27861.0,752
1785313200,27864.5,27870.0,27828.5,27831.75,1276
1785313500,27830.5,27842.5,27820.0,27841.5,769
1785313800,27842.0,27908.25,27830.75,27898.25,1001
1785314100,27897.0,27907.75,27884.75,27886.5,482
1785314400,27887.5,27930.5,27879.75,27923.25,549
1785314700,27924.5,27939.25,27913.0,27931.75,815
1785315000,27930.5,27938.5,27899.0,27905.5,437
1785315300,27908.25,27913.0,27896.0,27904.0,186
1785315600,27904.5,27946.0,27901.0,27936.0,489
1785315900,27937.5,27967.5,27931.5,27960.75,848
1785316200,27959.75,27978.5,27951.0,27978.0,774
1785316500,27977.25,27979.5,27951.5,27962.25,657
1785316800,27964.5,27986.0,27955.75,27972.0,705
1785317100,27971.75,27985.0,27965.25,27977.5,438
1785317400,27976.5,27980.25,27957.75,27972.25,432
1785317700,27971.75,27998.0,27963.5,27978.0,571
1785318000,27979.25,28012.5,27979.0,27999.75,521
1785318300,28002.25,28038.25,27999.0,28036.0,913
1785318600,28035.75,28060.0,28033.5,28034.0,1288
1785318900,28032.0,28032.0,28007.5,28019.75,900
1785319200,28018.25,28031.75,28007.75,28025.0,493
1785319500,28024.25,28046.0,28006.0,28022.75,880
1785319800,28021.5,28030.0,28003.75,28010.25,473
1785320100,28010.75,28024.5,28001.75,28013.5,579
1785320400,28013.5,28020.0,28005.0,28008.75,530
1785320700,28007.0,28018.25,27986.25,28017.25,840
1785321000,28017.5,28023.0,27977.75,27980.75,695
1785321300,27979.25,27981.25,27953.25,27962.5,664
1785321600,27963.25,27983.5,27956.75,27968.25,494
1785321900,27968.0,27968.5,27949.5,27958.5,691
1785322200,27959.25,27970.25,27931.5,27942.5,771
1785322500,27941.25,27958.25,27936.75,27948.0,715
1785322800,27950.25,27982.25,27942.0,27963.75,999
1785323100,27963.5,27991.5,27934.5,27988.5,734
1785323400,27989.25,28003.75,27986.25,27992.25,706
1785323700,27991.25,28018.25,27983.25,28007.5,897
1785324000,28006.25,28023.75,28002.5,28002.5,657
1785324300,28003.25,28022.25,27996.0,28000.75,552
1785324600,27999.25,28008.0,27976.25,27982.5,749
1785324900,27980.5,27983.5,27959.5,27967.0,512
1785325200,27966.0,27979.75,27963.0,27965.75,491
1785325500,27965.25,27995.75,27957.5,27988.0,891
1785325800,27986.75,27987.75,27959.0,27960.5,570
1785326100,27958.5,28004.25,27956.75,28002.75,629
1785326400,28002.0,28004.25,27977.5,27984.0,602
1785326700,27984.0,28007.75,27953.25,27960.0,787
1785327000,27960.5,27978.5,27933.75,27940.0,1044
1785327300,27940.0,27947.5,27868.25,27886.5,2980
1785327600,27888.75,27901.25,27852.75,27868.75,1618
1785327900,27868.75,27903.75,27867.25,27867.25,828
1785328200,27867.0,27888.25,27844.25,27888.25,1276
1785328500,27887.0,27892.25,27870.25,27888.75,836
1785328800,27886.75,27918.5,27880.0,27911.75,885
1785329100,27912.0,27928.0,27905.5,27925.25,893
1785329400,27924.25,27931.0,27910.5,27926.5,1005
1785329700,27926.5,27933.25,27903.5,27907.75,777
1785330000,27909.0,27917.0,27878.5,27881.5,1444
1785330300,27880.5,27895.75,27870.75,27893.75,1164
1785330600,27892.5,27895.0,27869.5,27872.75,991
1785330900,27872.0,27886.5,27861.75,27869.25,1182
1785331200,27868.5,27896.75,27856.0,27894.25,1982
1785331500,27895.25,27942.5,27881.5,27914.0,3329
1785331800,27914.5,27983.75,27836.5,27957.25,16474
1785332100,27956.75,27996.0,27863.0,27886.75,10998
1785332400,27887.0,27919.25,27858.0,27916.5,7990
1785332700,27916.25,27948.0,27816.0,27850.5,9535
1785333000,27849.75,27855.75,27721.75,27753.5,10876
1785333300,27752.75,27752.75,27667.75,27733.75,10691
1785333600,27735.25,27790.0,27733.5,27786.75,11928
1785333900,27787.75,27826.5,27717.25,27726.5,9714
1785334200,27726.5,27747.5,27635.75,27648.0,10663
1785334500,27648.75,27690.0,27643.5,27663.25,9323
1785334800,27663.5,27695.75,27605.5,27620.0,7963
1785335100,27620.0,27623.0,27538.75,27573.25,11028
1785335400,27571.0,27652.25,27567.0,27622.0,8868
1785335700,27622.25,27624.5,27554.5,27564.0,7286
1785336000,27562.75,27572.25,27510.0,27537.75,9022
1785336300,27537.0,27575.25,27518.25,27565.75,7420
1785336600,27566.0,27615.75,27557.25,27599.25,7655
1785336900,27599.0,27614.75,27551.25,27600.0,6586
1785337200,27600.5,27647.25,27581.0,27638.25,8414
1785337500,27638.25,27657.5,27590.5,27644.25,8115
1785337800,27644.25,27650.25,27565.75,27577.75,6610
1785338100,27577.5,27625.0,27558.0,27562.25,6235
1785338400,27563.5,27605.0,27547.0,27602.75,5520
1785338700,27601.5,27617.5,27550.25,27555.75,4732
1785339000,27556.25,27584.5,27540.0,27559.25,4802
1785339300,27559.5,27596.75,27534.0,27535.25,4353
1785339600,27534.5,27558.25,27518.0,27535.25,3912
1785339900,27533.75,27565.75,27519.0,27558.5,3788
1785340200,27557.75,27566.5,27487.5,27492.25,5394
1785340500,27493.5,27521.5,27464.5,27517.0,5886
1785340800,27518.25,27542.0,27454.75,27459.25,6151
1785341100,27459.5,27463.75,27426.0,27462.0,5919
1785341400,27461.75,27466.75,27419.5,27419.75,3230
1785341700,27420.25,27451.5,27409.25,27446.25,4638
1785342000,27446.25,27528.0,27437.25,27515.5,5680
1785342300,27516.25,27556.5,27513.5,27551.0,4617
1785342600,27551.25,27586.0,27525.0,27525.75,5598
1785342900,27525.25,27533.0,27495.5,27527.75,4842
1785343200,27527.25,27539.25,27485.25,27504.0,3704
1785343500,27502.5,27554.5,27489.5,27553.0,4086
1785343800,27552.0,27575.5,27533.5,27563.0,4059
1785344100,27561.5,27603.5,27556.0,27603.25,4342
1785344400,27603.75,27665.0,27595.25,27661.0,5432
1785344700,27659.75,27662.0,27634.25,27652.75,4254
1785345000,27652.25,27737.25,27648.25,27736.5,5825
1785345300,27736.5,27739.75,27709.0,27715.5,4699
1785345600,27714.25,27750.0,27691.75,27694.25,5000
1785345900,27693.75,27702.5,27651.0,27651.0,4071
1785346200,27650.75,27695.0,27629.5,27673.5,4495
1785346500,27673.75,27679.75,27638.5,27658.75,2545
1785346800,27658.25,27690.5,27651.25,27681.0,3595
1785347100,27681.25,27698.0,27656.0,27695.0,2200
1785347400,27696.0,27727.75,27694.5,27711.75,2864
1785347700,27711.5,27726.75,27677.75,27721.75,3422
1785348000,27723.0,27888.5,27714.75,27802.0,14811
1785348300,27801.25,27886.25,27789.0,27855.25,9798
1785348600,27853.5,27872.25,27775.0,27798.5,7234
1785348900,27800.0,27843.5,27748.75,27764.5,6749
1785349200,27764.5,27775.0,27728.5,27749.0,5983
1785349500,27747.75,27777.25,27727.5,27776.5,4304
1785349800,27777.0,27820.0,27709.0,27756.0,8015
1785350100,27755.75,27888.5,27726.0,27867.75,7961
1785350400,27868.75,27987.5,27865.0,27975.5,10603
1785350700,27974.5,28053.25,27961.25,28043.25,9506
1785351000,28044.0,28087.5,28000.5,28086.0,6817
1785351300,28086.0,28096.75,28021.0,28056.75,7795
1785351600,28057.5,28099.5,27967.0,27993.75,9456
1785351900,27992.5,27999.25,27877.0,27879.0,9240
1785352200,27878.0,27928.5,27839.5,27905.0,9378
1785352500,27905.0,27938.0,27805.75,27821.75,8276
1785352800,27821.5,27828.25,27680.0,27712.25,11404
1785353100,27710.5,27724.25,27640.75,27712.25,9854
1785353400,27711.25,27744.0,27572.0,27610.25,10010
1785353700,27610.5,27630.75,27503.5,27509.25,10034
1785354000,27507.75,27542.0,27458.75,27473.5,11302
1785354300,27473.25,27512.25,27421.0,27500.75,11247
1785354600,27499.75,27500.5,27394.0,27435.25,11609
1785354900,27434.0,27434.0,27317.5,27336.75,21867
1785355200,27338.25,27362.25,27201.5,27253.75,16300
1785355500,27254.0,27364.0,27254.0,27255.0,6918
1785355800,27257.5,27331.75,27231.75,27300.5,4890
1785356100,27300.0,27338.75,27270.0,27282.25,3001
1785356400,27278.5,27306.0,27257.0,27265.75,1331
1785356700,27266.0,27283.25,27209.5,27242.25,2280
1785357000,27244.0,27278.75,27207.0,27274.25,1598
1785357300,27271.25,27331.25,27266.25,27327.25,1843
1785357600,27328.5,27330.0,27285.75,27312.0,1421
1785357900,27312.25,27322.25,27273.75,27275.0,991
1785358200,27273.0,27308.75,27267.0,27308.0,976
1785358500,27309.0,27312.0,27256.5,27259.25,860
1785362400,27202.0,27354.75,27202.0,27352.25,0
1785362700,27352.5,27449.0,27349.5,27439.5,2644
1785363000,27440.5,27489.5,27429.75,27434.75,3066
1785363300,27437.25,27484.0,27430.25,27477.0,1693
1785363600,27476.5,27478.5,27433.0,27435.25,980
1785363900,27438.25,27446.0,27395.5,27435.0,1559
1785364200,27435.75,27443.0,27412.0,27432.25,899
1785364500,27433.0,27465.5,27428.75,27446.5,896
1785364800,27445.5,27462.0,27433.25,27459.75,649
1785365100,27460.0,27479.5,27440.0,27443.0,827
1785365400,27441.5,27461.75,27418.75,27436.5,1005
1785365700,27432.75,27453.0,27425.0,27451.5,476
1785366000,27449.5,27485.0,27446.25,27479.0,828
1785366300,27477.75,27524.25,27468.75,27506.25,1439
1785366600,27507.25,27507.75,27456.5,27476.5,1376
1785366900,27482.25,27513.75,27469.25,27511.25,1034
1785367200,27510.5,27526.25,27497.25,27513.0,875
1785367500,27513.0,27541.0,27509.75,27532.75,864
1785367800,27534.25,27559.25,27534.25,27540.5,936
1785368100,27540.75,27556.25,27528.5,27535.75,760
1785368400,27535.5,27535.75,27500.0,27523.75,916
1785368700,27520.0,27555.5,27508.75,27513.5,1555
1785369000,27514.25,27541.0,27495.25,27538.0,1230
1785369300,27538.25,27550.0,27519.25,27520.75,783
1785369600,27521.75,27543.0,27472.25,27504.5,1934
1785369900,27507.0,27591.75,27497.5,27583.5,2245
1785370200,27582.0,27608.0,27569.25,27578.75,1286
1785370500,27579.0,27602.5,27559.0,27572.0,1569
1785370800,27572.5,27591.5,27550.5,27571.0,1077
1785371100,27569.25,27602.75,27566.5,27593.5,1074
1785371400,27594.75,27611.0,27554.75,27560.25,1141
1785371700,27555.75,27559.5,27527.0,27534.0,1162
1785372000,27534.5,27544.75,27489.75,27506.25,1399
1785372300,27505.75,27545.25,27490.25,27526.75,1544
1785372600,27527.25,27548.75,27504.25,27538.5,1054
1785372900,27537.75,27548.5,27510.25,27547.25,843
1785373200,27547.25,27590.5,27535.25,27590.5,1591
1785373500,27590.5,27664.25,27579.25,27600.0,2333
1785373800,27600.0,27615.5,27565.75,27570.75,1252
1785374100,27569.5,27605.75,27565.0,27591.75,891
1785374400,27593.0,27619.25,27582.0,27617.75,739
1785374700,27614.5,27648.0,27613.5,27637.75,798
1785375000,27637.75,27682.25,27635.25,27670.5,1180
1785375300,27669.25,27690.5,27661.75,27681.5,1088
1785375600,27680.75,27694.5,27667.5,27678.0,921
1785375900,27677.5,27696.75,27663.75,27681.5,1102
1785376200,27682.25,27687.75,27652.5,27670.5,708
1785376500,27670.25,27688.0,27648.25,27653.0,750
1785376800,27652.0,27687.5,27639.25,27641.75,1060
1785377100,27640.5,27661.0,27633.0,27647.25,770
1785377400,27650.0,27673.25,27629.25,27636.0,917
1785377700,27636.0,27637.5,27618.0,27623.75,659
1785378000,27623.5,27649.75,27619.5,27635.75,594
1785378300,27635.5,27653.25,27603.25,27610.5,692
1785378600,27613.25,27613.25,27585.25,27587.25,834
1785378900,27586.5,27586.5,27565.5,27569.75,944
1785379200,27568.5,27612.5,27559.5,27610.0,881
1785379500,27610.75,27631.0,27583.75,27596.0,865
1785379800,27596.5,27611.5,27578.5,27591.75,552
1785380100,27590.5,27604.75,27539.0,27541.75,978
1785380400,27542.0,27576.25,27536.25,27559.0,871
1785380700,27560.0,27568.25,27517.25,27519.5,637
1785381000,27518.75,27521.75,27485.0,27497.0,1092
1785381300,27498.75,27506.25,27471.25,27485.25,818
1785381600,27485.5,27494.0,27474.0,27494.0,660
1785381900,27493.0,27523.25,27487.5,27515.5,894
1785382200,27516.5,27549.0,27480.25,27547.0,1149
1785382500,27546.75,27556.75,27491.5,27493.5,834
1785382800,27492.75,27532.5,27486.75,27532.5,628
1785383100,27529.5,27563.5,27517.75,27550.5,591
1785383400,27549.75,27562.75,27531.5,27549.25,430
1785383700,27551.0,27562.5,27518.25,27521.5,402
1785384300,27507.5,27508.5,27488.25,27488.25,1217
1785384600,27488.25,27497.5,27481.75,27485.25,414
1785384900,27485.0,27487.25,27459.5,27468.0,640
1785385200,27472.25,27500.0,27461.75,27490.75,569
1785385500,27490.5,27541.75,27488.75,27535.0,744
1785385800,27534.0,27543.75,27523.0,27529.75,401
1785386100,27528.75,27542.0,27483.5,27492.5,641
1785386400,27492.5,27503.5,27461.75,27471.0,594
1785386700,27469.25,27512.0,27465.25,27481.0,619
1785387000,27483.25,27486.0,27445.0,27458.25,598
1785387300,27459.0,27460.25,27434.75,27447.75,463
1785387600,27446.25,27452.75,27421.25,27441.5,660
1785387900,27441.25,27452.75,27421.5,27432.75,489
1785388200,27433.25,27457.25,27421.0,27456.5,437
1785388500,27458.25,27492.5,27453.25,27491.0,775
1785388800,27492.0,27499.5,27456.75,27481.75,572
1785389100,27485.0,27498.5,27462.0,27478.25,458
1785389400,27476.5,27510.75,27465.0,27491.75,621
1785389700,27493.0,27502.0,27473.0,27486.5,342
1785390000,27492.75,27526.5,27486.0,27521.0,567
1785390300,27521.75,27546.25,27487.0,27497.0,1094
1785390600,27496.0,27500.5,27476.25,27482.25,535
1785390900,27481.25,27493.5,27463.5,27487.75,526
1785391200,27487.0,27493.0,27470.75,27484.0,509
1785391500,27490.0,27507.0,27469.0,27470.5,441
1785391800,27471.75,27487.0,27457.0,27468.5,499
1785392100,27467.75,27467.75,27447.5,27462.0,548
1785392400,27455.5,27481.5,27447.75,27479.75,365
1785392700,27480.0,27498.0,27474.0,27479.5,495
1785393000,27481.5,27484.5,27448.5,27461.5,479
1785393300,27461.0,27473.0,27451.0,27457.25,376
1785393600,27457.75,27458.75,27434.75,27436.75,574
1785393900,27435.25,27463.0,27431.25,27445.25,578
1785394200,27446.25,27451.0,27436.0,27449.0,262
1785394500,27451.5,27458.0,27415.0,27434.25,650
1785394800,27433.75,27521.75,27416.25,27487.25,2624
1785395100,27487.75,27521.0,27450.5,27471.5,1114
1785395400,27472.25,27502.0,27456.75,27475.75,737
1785395700,27478.75,27482.25,27425.75,27427.5,696
1785396000,27428.75,27430.0,27392.75,27429.5,1193
1785396300,27429.75,27438.5,27396.5,27408.0,828
1785396600,27413.0,27413.0,27376.5,27380.5,866
1785396900,27382.75,27420.5,27351.25,27418.75,1318
1785397200,27419.75,27447.5,27413.75,27434.0,706
1785397500,27431.5,27441.75,27417.0,27423.0,680
1785397800,27422.75,27439.75,27408.25,27412.5,652
1785398100,27411.5,27419.0,27389.5,27395.25,619
1785398400,27394.5,27396.25,27337.5,27372.0,1692
1785398700,27372.0,27447.0,27346.75,27444.25,1171
1785399000,27444.25,27456.0,27433.0,27437.75,1120
1785399300,27437.75,27455.75,27425.75,27444.0,852
1785399600,27443.75,27501.25,27443.25,27495.75,1050
1785399900,27497.25,27522.5,27485.25,27506.5,1177
1785400200,27510.5,27524.75,27502.25,27507.5,607
1785400500,27507.5,27527.25,27489.25,27493.5,460
1785400800,27492.25,27502.5,27489.0,27493.75,375
1785401100,27493.25,27508.75,27478.5,27484.25,424
1785401400,27485.0,27487.75,27470.0,27472.75,342
1785401700,27474.25,27485.25,27460.5,27485.25,334
1785402000,27486.0,27512.5,27469.75,27501.75,454
1785402300,27501.5,27511.75,27491.5,27503.75,375
1785402600,27503.25,27555.0,27496.75,27534.5,992
1785402900,27536.75,27550.5,27525.25,27541.5,941
1785403200,27540.25,27574.75,27538.0,27564.25,1009
1785403500,27565.75,27570.5,27548.75,27554.5,595
1785403800,27553.5,27577.0,27538.5,27576.75,617
1785404100,27574.0,27586.0,27552.5,27555.0,625
1785404400,27555.75,27558.0,27538.25,27543.5,407
1785404700,27544.25,27555.5,27538.5,27552.75,309
1785405000,27552.25,27555.75,27540.0,27554.5,396
1785405300,27554.5,27554.5,27508.0,27514.75,727
1785405600,27515.5,27523.75,27488.25,27506.25,1051
1785405900,27506.0,27561.25,27505.5,27554.25,748
1785406200,27556.25,27564.5,27534.75,27541.5,724
1785406500,27543.25,27600.0,27541.25,27596.0,1003
1785406800,27597.25,27616.5,27595.0,27603.25,1012
1785407100,27604.0,27627.25,27602.75,27617.75,654
1785407400,27616.5,27637.5,27606.5,27611.75,860
1785407700,27612.0,27632.5,27610.5,27621.5,779
1785408000,27621.5,27648.0,27616.25,27631.0,960
1785408300,27631.0,27647.75,27626.5,27631.75,577
1785408600,27634.25,27647.25,27614.25,27614.75,764
1785408900,27614.75,27626.0,27611.0,27618.5,558
1785409200,27619.0,27660.0,27613.0,27658.0,1356
1785409500,27658.25,27685.0,27655.25,27679.5,1131
1785409800,27678.5,27686.5,27655.25,27665.75,939
1785410100,27666.0,27702.5,27661.5,27682.25,1145
1785410400,27683.25,27703.5,27671.75,27701.75,718
1785410700,27702.0,27730.0,27697.5,27715.0,1247
1785411000,27715.5,27717.5,27673.0,27675.75,1524
1785411300,27680.25,27727.25,27680.25,27700.0,1253
1785411600,27700.0,27723.25,27688.75,27699.75,805
1785411900,27700.75,27735.0,27700.5,27729.0,849
1785412200,27729.0,27744.0,27720.25,27740.0,928
1785412500,27739.5,27745.25,27720.5,27725.0,790
1785412800,27723.5,27751.5,27695.75,27745.5,1776
1785413100,27746.25,27758.25,27739.5,27755.5,1152
1785413400,27756.25,27765.5,27736.0,27763.0,1080
1785413700,27763.0,27766.25,27738.25,27742.25,1094
1785414000,27742.0,27752.0,27714.0,27746.25,1359
1785414300,27747.75,27758.25,27721.75,27740.25,1102
1785414600,27740.25,27787.75,27715.25,27743.5,3340
1785414900,27743.75,27786.0,27734.25,27783.0,1942
1785415200,27783.5,27808.75,27763.75,27777.0,2389
1785415500,27777.0,27797.5,27763.0,27791.5,1570
1785415800,27793.25,27805.0,27780.5,27799.0,1331
1785416100,27798.75,27821.75,27785.0,27805.5,1717
1785416400,27807.0,27859.0,27793.0,27848.75,6064
1785416700,27849.0,27876.25,27838.75,27841.5,4304
1785417000,27841.0,27864.0,27827.25,27840.0,2313
1785417300,27840.0,27860.0,27831.25,27851.25,1354
1785417600,27851.25,27852.0,27834.75,27842.25,1482
1785417900,27843.5,27883.25,27837.0,27874.25,4972
1785418200,27875.75,27892.0,27813.25,27871.25,18744
1785418500,27871.25,27919.5,27847.5,27889.25,15165
1785418800,27887.5,27996.5,27849.75,27976.25,13083
1785419100,27976.75,28067.5,27973.25,28064.5,12653
1785419400,28064.75,28125.5,28043.25,28102.5,15534
1785419700,28103.0,28162.25,28082.25,28151.75,11387
1785420000,28150.5,28183.75,28127.75,28160.25,13250
1785420300,28159.75,28166.0,28073.25,28086.25,13494
1785420600,28085.75,28116.75,28066.75,28107.5,10408
1785420900,28107.25,28140.0,28080.25,28113.25,9793
1785421200,28113.75,28174.0,28103.0,28163.5,9036
1785421500,28164.0,28240.0,28149.75,28226.0,11144
1785421800,28226.5,28246.5,28188.5,28234.5,9104
1785422100,28234.75,28244.5,28202.5,28219.75,7593
1785422400,28221.0,28241.0,28160.25,28175.5,6990
1785422700,28175.5,28196.0,28130.5,28165.75,8911
1785423000,28166.0,28176.25,28063.0,28068.5,8517
1785423300,28068.75,28094.75,28022.5,28070.75,10203
1785423600,28071.5,28113.5,28012.75,28104.25,11378
1785423900,28105.0,28137.75,28054.75,28134.0,7874
1785424200,28134.0,28136.5,28019.0,28023.75,7126
1785424500,28024.5,28076.25,28006.25,28047.0,7653
1785424800,28047.0,28099.5,28031.5,28050.5,6086
1785425100,28050.5,28078.75,27996.25,28010.5,6448
1785425400,28010.5,28073.5,28001.0,28072.0,6011
1785425700,28074.0,28089.25,28036.5,28071.0,5412
1785426000,28072.0,28108.5,28055.0,28089.5,5733
1785426300,28090.0,28133.75,28090.0,28113.0,5039
1785426600,28113.5,28122.25,28049.25,28107.75,6200
1785426900,28108.5,28131.25,28072.0,28079.5,4442
1785427200,28078.75,28159.0,28059.0,28150.25,8065
1785427500,28150.0,28165.75,28135.75,28145.75,3594
1785427800,28144.5,28190.0,28141.25,28186.0,4449
1785428100,28185.25,28192.75,28168.5,28171.5,4115
1785428400,28171.75,28186.25,28147.5,28156.75,4017
1785428700,28156.25,28163.5,28140.5,28144.25,2928
1785429000,28144.25,28150.5,28111.75,28119.75,3771
1785429300,28120.0,28141.5,28113.75,28117.5,3204
1785429600,28118.0,28118.25,28054.5,28068.75,5417
1785429900,28068.25,28107.75,28066.25,28098.0,4764
1785430200,28099.25,28136.5,28078.25,28113.25,4197
1785430500,28113.5,28135.75,28110.0,28126.75,2801
1785430800,28127.0,28174.0,28126.0,28166.75,5057
1785431100,28167.75,28183.75,28160.0,28168.25,3238
1785431400,28168.75,28182.75,28153.25,28159.25,2890
1785431700,28158.25,28207.25,28156.25,28203.0,3522
1785432000,28202.75,28207.75,28178.5,28189.75,2758
1785432300,28188.75,28191.0,28164.25,28169.0,2476
1785432600,28169.5,28184.0,28153.25,28163.75,2815
1785432900,28163.25,28180.75,28139.5,28147.5,3620
1785433200,28147.5,28197.75,28147.0,28188.25,3563
1785433500,28188.5,28201.5,28183.5,28183.5,2347
1785433800,28183.25,28208.5,28174.0,28175.75,3542
1785434100,28176.0,28188.5,28165.5,28177.5,1961
1785434400,28177.5,28202.25,28168.5,28169.75,2140
1785434700,28169.25,28196.5,28167.0,28192.0,2232
1785435000,28192.25,28205.0,28182.75,28200.5,2336
1785435300,28200.5,28203.75,28162.25,28167.5,2804
1785435600,28167.75,28192.75,28162.25,28184.75,2360
1785435900,28185.0,28191.25,28173.5,28183.0,1624
1785436200,28183.0,28199.0,28170.25,28174.75,2575
1785436500,28174.5,28176.0,28148.5,28158.25,3059
1785436800,28158.25,28171.5,28149.25,28167.5,2233
1785437100,28167.0,28189.5,28165.5,28178.75,2752
1785437400,28178.25,28186.0,28163.75,28164.0,2279
1785437700,28164.25,28186.25,28154.75,28180.5,2455
1785438000,28180.75,28211.5,28179.75,28198.75,5263
1785438300,28199.25,28255.5,28194.75,28253.75,5446
1785438600,28254.0,28296.5,28252.25,28274.75,7708
1785438900,28274.25,28297.75,28262.0,28285.75,4848
1785439200,28286.25,28287.75,28257.25,28264.0,3913
1785439500,28263.5,28271.0,28242.0,28244.5,3560
1785439800,28243.75,28257.25,28235.0,28242.75,4318
1785440100,28243.0,28247.5,28219.75,28238.5,4067
1785440400,28238.75,28241.75,28221.75,28232.25,3531
1785440700,28232.75,28244.75,28217.0,28235.5,4645
1785441000,28236.0,28241.75,28207.0,28224.25,8654
1785441300,28223.75,28262.5,28202.5,28230.75,22612
1785441600,28230.75,28367.0,28205.5,28336.25,11475
1785441900,28335.0,28335.25,28297.25,28300.0,2996
1785442200,28301.0,28332.0,28284.0,28324.75,2743
1785442500,28324.25,28357.25,28322.75,28354.5,2561
1785442800,28354.5,28370.5,28339.0,28360.0,1328
1785443100,28361.5,28372.25,28346.5,28366.25,1392
1785443400,28366.5,28414.5,28311.0,28357.25,4419
1785443700,28357.75,28358.75,28325.0,28344.5,1315
1785444000,28343.5,28364.5,28323.5,28361.25,1472
1785444300,28360.0,28363.0,28337.75,28342.75,607
1785444600,28343.25,28347.0,28325.5,28334.0,974
1785444900,28335.0,28341.75,28322.5,28333.5,874
1785448800,28317.0,28413.75,28300.0,28402.75,0
1785449100,28403.25,28406.5,28374.25,28396.75,818
1785449400,28400.0,28409.75,28377.0,28384.75,727
1785449700,28382.5,28407.0,28381.75,28387.75,547
1785450000,28387.75,28391.75,28356.0,28356.75,806
1785450300,28358.25,28378.25,28350.5,28354.0,839
1785450600,28352.0,28367.75,28331.0,28363.5,834
1785450900,28363.75,28389.0,28356.75,28384.75,643
1785451200,28384.25,28406.0,28379.75,28403.0,572
1785451500,28402.75,28405.5,28393.0,28399.75,373
1785451800,28398.75,28409.75,28390.0,28402.75,627
1785452100,28402.5,28409.0,28393.0,28395.0,336
1785452400,28394.25,28426.5,28391.0,28416.0,799
1785452700,28416.0,28421.75,28393.25,28393.25,462
1785453000,28394.75,28397.75,28377.0,28384.75,575
1785453300,28386.0,28387.0,28373.5,28377.0,395
1785453600,28375.0,28378.0,28364.0,28369.5,376
1785453900,28369.25,28392.5,28369.25,28378.0,461
1785454200,28378.25,28390.5,28362.25,28384.5,439
1785454500,28384.75,28399.0,28376.75,28392.75,280
1785454800,28395.25,28416.5,28393.25,28406.75,660
1785455100,28406.75,28425.0,28397.5,28420.0,496
1785455400,28417.5,28439.5,28391.5,28433.75,970
1785455700,28434.75,28445.0,28422.25,28422.75,777
1785456000,28424.0,28443.0,28397.25,28433.0,1372
1785456300,28434.0,28456.25,28426.0,28442.0,1248
1785456600,28442.5,28476.5,28432.0,28466.75,1322
1785456900,28467.0,28480.0,28447.25,28477.5,1266
1785457200,28477.25,28488.0,28454.0,28470.5,983
1785457500,28472.5,28483.5,28463.25,28483.25,482
1785457800,28481.0,28509.75,28480.5,28505.5,1066
1785458100,28506.5,28509.0,28490.0,28495.25,691
1785458400,28495.0,28498.75,28482.5,28497.25,527
1785458700,28500.0,28501.75,28468.75,28473.0,760
1785459000,28473.0,28493.25,28473.0,28483.75,374
1785459300,28481.0,28524.5,28480.0,28521.75,933
1785459600,28523.0,28552.0,28522.75,28548.5,1353
1785459900,28549.5,28569.5,28545.5,28566.5,900
1785460200,28566.5,28569.0,28555.75,28561.25,635
1785460500,28560.0,28572.0,28557.0,28561.25,693
1785460800,28559.25,28572.0,28547.5,28555.0,571
1785461100,28554.5,28571.5,28543.75,28551.0,731
1785461400,28549.0,28558.25,28522.25,28536.0,1026
1785461700,28536.0,28537.75,28499.5,28509.0,896
1785462000,28510.0,28511.75,28489.0,28497.0,749
1785462300,28496.5,28500.0,28464.25,28466.5,859
1785462600,28467.75,28485.75,28455.5,28465.5,978
1785462900,28467.0,28484.5,28459.25,28478.0,423
1785463200,28478.0,28499.5,28444.5,28445.75,1020
1785463500,28445.5,28475.75,28441.0,28473.25,679
1785463800,28470.5,28471.75,28433.25,28438.0,740
1785464100,28438.25,28438.75,28401.0,28405.0,1419
1785464400,28406.75,28428.5,28402.0,28408.0,672
1785464700,28410.25,28426.25,28404.25,28423.5,376
1785465000,28422.5,28432.0,28408.0,28421.5,433
1785465300,28421.5,28421.5,28389.5,28410.5,615
1785465600,28411.5,28422.25,28401.25,28421.25,437
1785465900,28421.0,28438.0,28402.0,28406.25,851
1785466200,28405.25,28422.5,28397.75,28415.5,437
1785466500,28412.25,28436.5,28412.0,28431.25,544
1785466800,28431.5,28432.5,28410.0,28426.75,536
1785467100,28427.25,28434.25,28422.25,28427.0,319
1785467400,28426.0,28436.0,28398.0,28418.25,658
1785467700,28417.75,28456.0,28417.0,28455.75,672
1785468000,28455.0,28472.0,28451.5,28461.5,756
1785468300,28461.5,28476.5,28458.0,28462.75,474
1785468600,28464.5,28478.25,28454.0,28454.0,660
1785468900,28454.25,28470.0,28452.25,28464.75,292
1785469200,28467.0,28467.0,28453.5,28463.75,184
1785469500,28461.25,28466.5,28428.25,28432.5,519
1785469800,28430.75,28468.75,28428.75,28464.75,495
1785470100,28465.5,28470.5,28460.0,28461.75,265
1785470700,28459.5,28465.0,28457.5,28461.25,867
1785471000,28461.5,28468.0,28452.5,28463.5,334
1785471300,28463.5,28495.5,28451.5,28495.0,555
1785471600,28492.75,28501.0,28485.0,28500.0,381
1785471900,28500.25,28512.0,28493.0,28511.25,448
1785472200,28512.0,28534.5,28507.75,28531.0,544
1785472500,28532.25,28542.5,28520.75,28542.0,544
1785472800,28541.5,28552.5,28536.75,28551.5,391
1785473100,28551.25,28557.0,28545.0,28547.0,449
1785473400,28547.5,28552.25,28534.5,28548.0,440
1785473700,28546.5,28554.25,28546.25,28549.0,228
1785474000,28548.75,28558.0,28543.75,28545.25,387
1785474300,28545.0,28565.0,28538.5,28563.25,604
1785474600,28563.75,28570.0,28545.0,28557.75,517
1785474900,28558.5,28561.5,28552.5,28557.75,225
1785475200,28556.25,28572.0,28556.0,28565.5,405
1785475500,28563.5,28581.0,28560.0,28573.0,595
1785475800,28573.5,28580.0,28544.0,28547.5,580
1785476100,28548.5,28561.5,28541.0,28559.5,529
1785476400,28559.75,28585.75,28552.0,28552.75,625
1785476700,28551.75,28575.75,28548.75,28573.5,489
1785477000,28573.5,28590.75,28570.5,28586.5,528
1785477300,28586.75,28590.5,28565.25,28585.0,651
1785477600,28585.5,28599.0,28577.0,28584.5,751
1785477900,28584.25,28600.0,28584.25,28596.25,596
1785478200,28595.25,28611.75,28594.25,28606.75,736
1785478500,28605.75,28611.0,28601.75,28606.0,373
1785478800,28604.5,28604.5,28584.5,28587.75,484
1785479100,28587.75,28593.5,28580.75,28590.25,524
1785479400,28589.5,28593.0,28520.5,28523.0,1520
1785479700,28524.0,28525.0,28485.5,28509.0,1716
1785480000,28506.75,28506.75,28457.5,28484.0,969
1785480300,28484.75,28484.75,28450.0,28473.5,1075
1785480600,28476.0,28502.25,28454.0,28502.25,939
1785480900,28503.0,28509.75,28481.0,28488.25,886
1785481200,28484.25,28485.75,28455.0,28479.25,1929
1785481500,28480.75,28512.0,28480.0,28510.5,801
1785481800,28512.0,28543.25,28509.75,28535.75,866
1785482100,28535.0,28550.0,28507.0,28548.5,727
1785482400,28550.0,28551.5,28518.0,28536.5,632
1785482700,28536.75,28574.5,28536.0,28546.0,1021
1785483000,28547.25,28555.0,28534.5,28540.25,609
1785483300,28541.0,28570.25,28541.0,28556.0,827
1785483600,28557.75,28574.0,28553.0,28566.5,407
1785483900,28566.25,28584.25,28554.5,28554.5,610
1785484200,28556.0,28581.75,28542.5,28580.0,656
1785484500,28578.25,28579.5,28563.25,28575.0,523
1785484800,28572.75,28590.75,28533.5,28539.25,1295
1785485100,28538.0,28573.5,28529.5,28533.5,924
1785485400,28534.5,28579.0,28524.75,28576.75,698
1785485700,28576.75,28597.0,28569.5,28593.5,584
1785486000,28592.25,28596.5,28564.25,28576.75,741
1785486300,28578.25,28610.0,28573.75,28600.0,854
1785486600,28595.25,28611.0,28588.0,28597.25,437
1785486900,28598.5,28598.5,28576.0,28577.5,415
1785487200,28576.0,28580.25,28561.5,28567.25,640
1785487500,28568.75,28601.25,28564.25,28593.25,567
1785487800,28595.75,28602.5,28582.0,28583.5,290
1785488100,28582.75,28607.25,28582.0,28602.75,484
1785488400,28603.25,28620.0,28598.25,28618.0,952
1785488700,28617.0,28627.0,28598.75,28625.25,779
1785489000,28625.25,28640.75,28623.25,28629.25,830
1785489300,28627.5,28631.25,28609.75,28610.25,393
1785489600,28611.25,28624.0,28601.0,28608.25,696
1785489900,28611.0,28615.75,28584.75,28589.25,530
1785490200,28588.75,28591.5,28562.75,28564.5,770
1785490500,28565.25,28568.0,28530.0,28545.5,1466
1785490800,28545.5,28559.5,28542.25,28552.5,527
1785491100,28552.25,28567.0,28551.25,28565.0,458
1785491400,28561.5,28569.75,28545.25,28551.0,355
1785491700,28548.25,28556.0,28528.5,28533.0,445
1785492000,28531.75,28546.25,28519.5,28531.0,776
1785492300,28530.5,28545.0,28520.0,28540.0,609
1785492600,28539.5,28564.75,28532.5,28555.75,657
1785492900,28555.0,28567.0,28546.5,28567.0,328
1785493200,28566.0,28575.5,28554.5,28556.75,455
1785493500,28557.5,28579.25,28556.25,28572.0,405
1785493800,28572.25,28577.5,28564.25,28567.5,414
1785494100,28570.5,28576.75,28561.75,28576.0,346
1785494400,28576.75,28583.0,28570.25,28578.25,374
1785494700,28579.25,28591.25,28552.0,28556.75,506
1785495000,28555.5,28580.5,28553.25,28580.25,541
1785495300,28581.5,28585.0,28557.25,28565.5,388
1785495600,28565.5,28618.0,28563.0,28614.5,920
1785495900,28614.25,28626.0,28605.75,28611.5,595
1785496200,28612.75,28613.25,28589.75,28594.75,481
1785496500,28596.25,28599.5,28555.0,28561.25,1157
1785496800,28562.25,28570.5,28554.0,28567.5,538
1785497100,28567.25,28584.0,28548.5,28553.25,607
1785497400,28555.75,28555.75,28525.0,28535.25,925
1785497700,28535.75,28560.75,28526.5,28532.0,664
1785498000,28530.25,28544.0,28523.0,28538.25,561
1785498300,28540.0,28549.25,28532.0,28545.25,599
1785498600,28544.75,28560.75,28544.5,28553.25,534
1785498900,28553.5,28560.25,28545.75,28553.5,388
1785499200,28554.75,28555.25,28506.0,28512.75,1041
1785499500,28512.75,28515.75,28496.0,28500.75,946
1785499800,28499.5,28501.0,28477.0,28481.0,1174
1785500100,28480.25,28483.0,28449.5,28455.5,1629
1785500400,28455.75,28484.75,28448.0,28484.75,1281
1785500700,28484.0,28506.0,28478.25,28496.5,1255
1785501000,28496.75,28502.75,28452.0,28462.25,2037
1785501300,28462.5,28474.5,28445.5,28452.25,1269
1785501600,28452.75,28469.0,28432.25,28453.0,1324
1785501900,28452.75,28460.75,28437.75,28451.0,1079
1785502200,28452.25,28489.25,28442.75,28486.0,1299
1785502500,28487.25,28490.5,28463.25,28468.25,1163
1785502800,28468.5,28497.0,28457.75,28490.0,1938
1785503100,28490.0,28514.0,28486.25,28508.5,1305
1785503400,28509.0,28531.0,28508.75,28530.0,1741
1785503700,28529.25,28546.0,28529.25,28539.0,1795
1785504000,28539.25,28554.0,28529.0,28549.0,1867
1785504300,28549.75,28584.0,28546.5,28577.5,3625
1785504600,28576.5,28709.5,28542.5,28681.5,19513
1785504900,28682.25,28725.75,28556.0,28561.0,16897
1785505200,28562.5,28578.25,28415.75,28419.0,15897
1785505500,28420.0,28472.75,28319.75,28360.5,18165
1785505800,28361.0,28407.5,28295.5,28333.0,15624
1785506100,28333.0,28414.5,28311.25,28360.5,12855
1785506400,28356.75,28393.0,28239.75,28241.75,12786
1785506700,28242.75,28272.0,28122.75,28152.75,16241
1785507000,28154.0,28192.0,28100.5,28137.5,15340
1785507300,28137.0,28214.5,28079.75,28177.5,15426
1785507600,28177.0,28248.0,28157.0,28196.0,12626
1785507900,28194.0,28258.75,28162.5,28249.75,9548
1785508200,28249.5,28281.75,28211.75,28237.0,9331
1785508500,28236.75,28292.75,28234.75,28270.25,6442
1785508800,28270.0,28296.0,28211.75,28268.75,7197
1785509100,28268.25,28338.75,28237.0,28332.5,9824
1785509400,28333.5,28345.5,28289.75,28298.25,6856
1785509700,28298.75,28333.75,28255.25,28307.5,7967
1785510000,28308.75,28328.0,28273.75,28321.75,5997
1785510300,28322.0,28342.25,28256.75,28277.0,6227
1785510600,28277.0,28299.75,28214.75,28269.0,7514
1785510900,28269.25,28339.25,28236.25,28261.25,6493
1785511200,28260.5,28270.5,28193.25,28195.25,5892
1785511500,28196.25,28207.25,28122.25,28151.0,8830
1785511800,28151.25,28179.25,28115.5,28175.0,8190
1785512100,28175.0,28261.0,28171.75,28234.75,7441
1785512400,28235.25,28249.0,28164.0,28215.0,6446
1785512700,28215.25,28225.75,28164.0,28194.5,5322
1785513000,28194.5,28288.0,28189.0,28280.5,6277
1785513300,28280.25,28295.0,28251.25,28274.0,5574
1785513600,28274.0,28308.5,28257.0,28290.5,5702
1785513900,28291.0,28298.0,28243.75,28274.75,4254
1785514200,28273.75,28308.25,28269.0,28300.5,4135
1785514500,28301.5,28310.25,28256.0,28292.25,3890
1785514800,28292.5,28342.5,28286.75,28332.0,4345
1785515100,28332.75,28364.25,28305.25,28363.75,4544
1785515400,28363.75,28388.0,28352.5,28376.75,4527
1785515700,28375.75,28388.75,28355.75,28362.75,3709
1785516000,28363.5,28371.5,28313.75,28321.5,4297
1785516300,28321.5,28349.75,28308.5,28348.0,3655
1785516600,28348.5,28383.75,28344.5,28354.25,3507
1785516900,28353.0,28390.0,28352.0,28367.5,3454
1785517200,28366.75,28409.5,28360.0,28394.75,3764
1785517500,28394.5,28405.0,28364.75,28379.0,3111
1785517800,28379.5,28411.25,28367.75,28402.0,2666
1785518100,28403.0,28422.0,28396.0,28417.75,2706
1785518400,28417.5,28456.0,28397.0,28453.75,3565
1785518700,28454.0,28477.5,28449.75,28461.5,4938
1785519000,28462.5,28485.5,28449.0,28482.0,4025
1785519300,28481.0,28503.0,28454.75,28455.75,4880
1785519600,28454.75,28471.75,28443.25,28457.5,3541
1785519900,28456.25,28475.75,28417.75,28421.0,4164
1785520200,28421.0,28466.25,28415.75,28443.25,3857
1785520500,28444.0,28458.75,28424.5,28429.0,2538
1785520800,28429.0,28459.75,28418.25,28426.0,3127
1785521100,28426.25,28452.25,28414.75,28429.0,2920
1785521400,28428.75,28437.25,28395.25,28403.75,4059
1785521700,28402.75,28446.0,28398.5,28427.25,3056
1785522000,28428.0,28445.5,28420.5,28437.25,2485
1785522300,28437.75,28439.25,28413.0,28422.0,2132
1785522600,28422.0,28448.0,28422.0,28434.75,1930
1785522900,28434.75,28436.75,28415.75,28426.25,2020
1785523200,28426.25,28442.5,28415.5,28432.5,2041
1785523500,28432.5,28449.25,28422.0,28448.0,2009
1785523800,28448.0,28462.0,28443.25,28446.25,2375
1785524100,28446.25,28453.0,28416.5,28433.75,2667
1785524400,28433.5,28458.75,28418.25,28420.5,2932
1785524700,28421.5,28432.5,28405.5,28427.75,2756
1785525000,28427.25,28442.25,28419.0,28433.0,2293
1785525300,28433.5,28487.5,28426.25,28485.5,3803
1785525600,28485.5,28498.0,28467.75,28470.0,4413
1785525900,28469.75,28480.5,28461.0,28475.25,2461
1785526200,28474.5,28480.5,28441.75,28459.75,3876
1785526500,28460.0,28473.5,28451.75,28458.5,3192
1785526800,28458.75,28483.5,28434.5,28476.75,3732
1785527100,28477.0,28510.0,28477.0,28509.25,5468
1785527400,28508.5,28524.0,28473.75,28507.5,8807
1785527700,28507.0,28517.5,28380.0,28402.75,19753
1785528000,28402.75,28434.25,28340.5,28362.5,10016
1785528300,28363.25,28400.25,28347.5,28391.25,3067
1785528600,28391.0,28404.0,28387.75,28393.75,1933
1785528900,28394.0,28395.25,28364.5,28382.0,1766
1785529200,28381.0,28390.25,28375.0,28375.25,712
1785529500,28374.25,28380.0,28362.25,28372.5,816
1785529800,28369.75,28395.0,28356.0,28394.5,1263
1785530100,28394.5,28395.5,28384.5,28392.25,547
1785530400,28391.5,28394.5,28378.25,28382.0,765
1785530700,28381.0,28386.25,28378.25,28381.75,648
1785531000,28382.5,28386.0,28313.75,28342.0,2151
1785531300,28344.25,28404.25,28258.25,28404.25,2140
1785708600,28601.0,28641.25,28599.25,28623.0,920
1785708900,28624.0,28631.5,28582.0,28595.75,938
1785709200,28596.75,28632.5,28596.75,28612.5,1101
1785709500,28612.25,28629.25,28600.25,28613.5,654
1785709800,28615.25,28623.75,28607.5,28613.5,365
1785710100,28612.75,28622.5,28609.75,28614.5,341
1785710400,28613.0,28622.0,28594.25,28600.25,619
1785710700,28599.5,28605.0,28587.25,28587.25,376
1785711000,28589.25,28592.75,28581.5,28585.0,331
1785711300,28585.75,28592.0,28560.25,28570.25,571
1785711600,28568.75,28591.0,28567.5,28576.25,617
1785711900,28578.0,28589.0,28552.75,28553.5,663
1785712200,28553.5,28565.75,28545.0,28556.75,579
1785712500,28556.25,28565.75,28553.0,28561.0,285
1785712800,28562.75,28596.0,28555.0,28589.5,1023
1785713100,28591.0,28594.25,28577.75,28585.25,356
1785713400,28585.5,28605.75,28579.25,28590.0,729
1785713700,28588.25,28591.0,28579.0,28580.75,219
1785714000,28580.0,28610.0,28574.5,28606.0,703
1785714300,28603.5,28612.5,28571.25,28602.5,871
1785714600,28604.0,28637.5,28580.0,28588.75,1495
1785714900,28587.75,28622.0,28576.75,28614.0,978
1785715200,28611.0,28611.0,28562.5,28571.25,1488
1785715500,28571.5,28596.5,28554.5,28595.5,1042
1785715800,28597.75,28615.25,28573.25,28610.5,902
1785716100,28610.75,28630.5,28595.25,28600.0,1095
1785716400,28600.0,28613.5,28579.0,28581.25,691
1785716700,28579.5,28586.5,28537.5,28556.75,1458
1785717000,28554.25,28587.0,28542.5,28583.5,1412
1785717300,28583.75,28611.0,28576.75,28597.25,1011
1785717600,28598.75,28610.25,28575.0,28583.75,941
1785717900,28582.25,28618.25,28572.5,28616.25,977
1785718200,28616.0,28623.5,28582.25,28614.5,856
1785718500,28614.25,28626.0,28605.0,28622.0,561
1785718800,28622.25,28629.0,28601.75,28624.25,931
1785719100,28625.0,28635.0,28604.0,28617.0,1266
1785719400,28616.75,28628.5,28584.75,28592.0,617
1785719700,28590.75,28593.75,28564.25,28569.75,900
1785720000,28569.0,28594.75,28566.25,28589.5,628
1785720300,28591.5,28614.75,28591.0,28609.0,600
1785720600,28607.5,28616.75,28596.0,28598.75,457
1785720900,28596.0,28601.75,28578.0,28599.25,779
1785721200,28602.25,28630.0,28598.0,28630.0,613
1785721500,28630.0,28632.0,28618.5,28622.25,575
1785721800,28621.25,28640.75,28619.25,28632.25,584
1785722100,28631.25,28650.0,28625.5,28644.0,825
1785722400,28644.75,28664.0,28631.0,28654.0,827
1785722700,28655.25,28660.0,28634.25,28639.25,510
1785723000,28640.75,28668.75,28639.0,28662.75,469
1785723300,28661.5,28676.0,28654.75,28674.5,397
1785723600,28676.0,28681.5,28659.5,28662.0,719
1785723900,28662.0,28663.0,28634.5,28640.25,808
1785724200,28640.5,28662.75,28633.75,28661.5,743
1785724500,28663.0,28669.75,28653.5,28657.25,408
1785724800,28656.0,28664.25,28644.5,28644.5,323
1785725100,28646.5,28650.25,28639.25,28646.0,208
1785725400,28646.0,28660.75,28644.5,28657.5,299
1785725700,28657.5,28666.5,28652.5,28660.5,278
1785726000,28662.5,28675.75,28658.75,28661.5,407
1785726300,28662.0,28675.5,28657.5,28667.25,379
1785726600,28667.5,28670.0,28661.75,28664.0,244
1785726900,28665.0,28671.5,28657.5,28671.5,263
1785727200,28672.0,28676.5,28641.25,28645.0,472
1785727500,28644.75,28659.0,28641.5,28645.75,267
1785727800,28647.0,28658.5,28640.0,28653.5,315
1785728100,28654.0,28667.75,28650.0,28664.0,238
1785728400,28665.0,28674.0,28662.5,28671.75,296
1785728700,28672.75,28675.75,28665.25,28675.5,207
1785729000,28675.5,28698.25,28674.0,28692.75,725
1785729300,28692.25,28692.75,28672.25,28674.5,291
1785729600,28669.0,28672.0,28660.0,28661.75,312
1785729900,28661.25,28667.25,28655.0,28659.5,258
1785730200,28658.5,28662.5,28652.5,28661.75,212
1785730500,28662.75,28672.75,28662.75,28671.0,220
1785730800,28670.5,28685.25,28667.75,28682.75,265
1785731100,28683.25,28688.5,28677.5,28683.25,257
1785731400,28682.75,28686.0,28673.5,28675.0,250
1785731700,28675.0,28681.5,28673.5,28673.5,138
1785732000,28672.5,28675.25,28666.5,28674.25,242
1785732300,28673.75,28688.25,28668.25,28680.75,278
1785732600,28681.0,28682.0,28658.0,28660.25,266
1785732900,28662.25,28663.25,28648.5,28651.0,281
1785733200,28650.75,28666.25,28645.75,28651.0,367
1785733500,28650.0,28650.0,28634.0,28641.75,480
1785733800,28641.0,28659.0,28636.5,28638.5,380
1785734100,28638.75,28638.75,28622.5,28625.25,498
1785734400,28625.75,28637.5,28625.75,28636.25,229
1785734700,28635.25,28648.75,28632.5,28638.25,410
1785735000,28636.75,28648.0,28634.0,28635.0,211
1785735300,28634.75,28646.75,28628.25,28642.5,206
1785735600,28641.5,28649.75,28632.5,28634.5,304
1785735900,28634.5,28645.25,28633.25,28639.75,212
1785736200,28639.75,28639.75,28617.0,28621.75,383
1785736500,28622.0,28641.75,28621.75,28641.25,328
1785736800,28642.0,28655.5,28631.5,28649.5,680
1785737100,28651.25,28656.5,28632.25,28640.25,550
1785737400,28641.75,28661.0,28640.0,28642.25,445
1785737700,28641.0,28645.75,28633.5,28640.75,299
1785738000,28639.25,28652.0,28631.5,28631.5,434
1785738300,28632.5,28632.5,28618.5,28625.75,522
1785738600,28627.0,28645.0,28624.25,28638.0,403
1785738900,28635.75,28641.75,28610.0,28620.0,389
1785739200,28620.75,28622.75,28609.0,28609.0,444
1785739500,28609.75,28618.75,28595.75,28597.5,670
1785739800,28598.0,28601.0,28585.25,28596.5,571
1785740100,28596.0,28596.5,28575.75,28593.25,560
1785740400,28594.25,28605.75,28563.75,28599.0,1062
1785740700,28599.0,28628.75,28599.0,28612.0,758
1785741000,28613.0,28634.5,28609.5,28617.5,620
1785741300,28618.75,28631.0,28569.25,28583.5,1497
1785741600,28583.0,28609.5,28576.75,28601.25,639
1785741900,28601.25,28609.25,28584.0,28604.0,457
1785742200,28604.5,28609.75,28595.75,28605.5,322
1785742500,28605.0,28615.5,28580.0,28582.25,482
1785742800,28581.75,28582.75,28560.25,28564.25,532
1785743100,28563.0,28587.5,28561.0,28576.0,342
1785743400,28576.75,28577.5,28558.5,28570.25,329
1785743700,28572.5,28589.5,28567.0,28588.25,435
1785744000,28588.0,28591.0,28526.5,28533.5,1202
1785744300,28535.25,28548.75,28518.5,28540.0,860
1785744600,28541.25,28564.0,28537.75,28561.25,580
1785744900,28560.0,28564.25,28511.75,28512.5,825
1785745200,28514.0,28521.25,28488.75,28495.0,852
1785745500,28492.5,28497.0,28473.25,28488.0,754
1785745800,28487.25,28495.5,28471.75,28483.25,560
1785746100,28484.0,28539.75,28483.75,28537.5,828
1785746400,28537.0,28555.0,28527.25,28537.25,675
1785746700,28536.25,28553.5,28527.0,28546.0,591
1785747000,28544.25,28566.0,28541.5,28559.5,611
1785747300,28561.25,28595.0,28561.25,28594.0,1208
1785747600,28594.75,28601.0,28568.25,28570.25,950
1785747900,28570.75,28595.25,28568.0,28573.25,372
1785748200,28571.75,28575.25,28543.0,28558.75,607
1785748500,28559.0,28582.25,28556.0,28573.5,441
1785748800,28573.75,28575.75,28552.25,28552.25,330
1785749100,28553.0,28560.0,28547.25,28556.75,393
1785749400,28556.75,28566.0,28547.25,28555.75,338
1785749700,28557.0,28576.5,28547.0,28552.0,473
1785750000,28552.5,28562.5,28543.5,28545.75,412
1785750300,28546.25,28560.25,28538.5,28545.25,362
1785750600,28545.25,28547.25,28521.0,28542.5,634
1785750900,28542.75,28563.25,28536.0,28559.0,465
1785751200,28559.25,28565.25,28536.5,28549.25,525
1785751500,28548.0,28550.5,28536.5,28541.25,326
1785751800,28543.0,28544.5,28526.0,28527.25,444
1785752100,28525.5,28540.0,28520.0,28525.25,509
1785752400,28526.75,28527.75,28491.25,28493.5,825
1785752700,28494.0,28511.5,28488.5,28508.0,626
1785753000,28508.0,28523.25,28490.0,28522.5,442
1785753300,28523.25,28531.5,28511.75,28526.5,508
1785753600,28526.0,28528.75,28514.0,28527.75,232
1785753900,28526.75,28536.25,28519.5,28520.25,378
1785754200,28521.0,28532.5,28514.25,28528.75,377
1785754500,28528.25,28546.5,28527.75,28541.0,455
1785754800,28541.25,28547.0,28481.25,28500.0,1362
1785755100,28497.75,28503.25,28465.25,28479.0,778
1785755400,28477.75,28489.5,28474.0,28487.25,460
1785755700,28487.5,28513.0,28481.0,28503.5,627
1785756000,28503.25,28510.5,28486.75,28489.5,436
1785756300,28489.25,28493.25,28468.75,28468.75,621
1785756600,28468.75,28511.25,28466.0,28506.25,652
1785756900,28505.75,28512.5,28457.25,28460.75,908
1785757200,28459.25,28476.5,28450.5,28474.5,888
1785757500,28475.25,28477.0,28442.5,28458.25,1055
1785757800,28457.0,28457.0,28409.5,28412.0,1419
1785758100,28411.5,28422.0,28403.5,28420.25,961
1785758400,28420.25,28420.25,28389.5,28395.5,1555
1785758700,28395.25,28419.5,28383.5,28416.75,1306
1785759000,28416.0,28435.75,28406.75,28434.75,1182
1785759300,28435.5,28447.0,28424.25,28441.25,1374
1785759600,28440.5,28458.75,28432.75,28436.0,1225
1785759900,28434.5,28461.75,28421.75,28449.0,1063
1785760200,28450.0,28462.25,28440.0,28454.5,1024
1785760500,28453.5,28456.5,28440.0,28447.0,1009
1785760800,28446.75,28487.75,28437.75,28487.25,1490
1785761100,28487.5,28491.5,28455.0,28458.25,1014
1785761400,28458.25,28475.0,28442.0,28471.0,843
1785761700,28469.0,28479.25,28453.5,28459.25,689
1785762000,28459.25,28472.0,28440.0,28465.75,1113
1785762300,28466.0,28477.5,28456.5,28459.5,1070
1785762600,28459.25,28468.0,28444.0,28460.0,1267
1785762900,28460.25,28494.25,28459.5,28486.75,1666
1785763200,28487.5,28489.5,28461.75,28472.0,1270
1785763500,28470.5,28470.5,28396.5,28418.5,4452
1785763800,28418.5,28435.25,28313.5,28380.75,19776
1785764100,28380.5,28540.0,28374.0,28502.25,16115
1785764400,28502.5,28522.5,28416.75,28494.0,11440
1785764700,28495.0,28539.0,28443.25,28474.25,11790
1785765000,28474.5,28525.5,28456.5,28523.5,7691
1785765300,28524.5,28628.0,28513.25,28626.25,10156
1785765600,28623.75,28626.5,28534.5,28552.75,11190
1785765900,28553.5,28597.5,28529.5,28572.0,7234
1785766200,28571.75,28616.25,28557.5,28572.25,8598
1785766500,28571.25,28638.5,28558.75,28613.5,7505
1785766800,28614.25,28666.0,28605.75,28661.5,6975
1785767100,28662.0,28684.0,28638.75,28678.5,7323
1785767400,28677.5,28692.0,28661.5,28684.75,6046
1785767700,28685.25,28733.0,28683.0,28716.0,7363
1785768000,28717.0,28735.0,28702.5,28708.0,5078
1785768300,28708.0,28744.5,28699.75,28738.75,5861
1785768600,28738.25,28798.25,28731.5,28779.5,9768
1785768900,28779.5,28803.75,28779.5,28801.75,6729
1785769200,28801.0,28802.25,28781.0,28791.25,4342
1785769500,28791.25,28796.0,28760.0,28766.75,4821
1785769800,28766.5,28781.0,28747.5,28758.25,5029
1785770100,28757.0,28787.25,28755.0,28780.5,3925
1785770400,28781.25,28798.75,28769.5,28780.75,3897
1785770700,28780.0,28793.0,28722.0,28734.25,6661
1785771000,28734.25,28780.0,28731.75,28764.5,5760
1785771300,28764.75,28778.25,28746.25,28767.0,3399
1785771600,28766.25,28788.5,28764.75,28782.5,3520
1785771900,28781.75,28796.0,28776.75,28785.0,3389
1785772200,28785.25,28814.5,28775.0,28805.0,3682
1785772500,28804.25,28805.75,28779.5,28792.5,3342
1785772800,28792.5,28815.75,28790.0,28806.5,4236
1785773100,28806.75,28821.25,28799.5,28812.75,3785
1785773400,28812.75,28818.5,28800.75,28815.5,2534
1785773700,28814.25,28847.25,28812.5,28844.75,3595
1785774000,28845.25,28846.5,28827.0,28833.5,3370
1785774300,28833.5,28839.75,28825.25,28837.0,3233
1785774600,28837.0,28844.75,28823.5,28835.0,2653
1785774900,28835.25,28838.25,28816.0,28822.5,2577
1785775200,28822.0,28835.5,28811.75,28833.75,2896
1785775500,28834.25,28843.0,28830.5,28832.75,2216
1785775800,28832.75,28843.75,28819.0,28823.0,2318
1785776100,28823.25,28833.75,28820.0,28822.5,1706
1785776400,28822.75,28832.25,28813.0,28827.75,2441
1785776700,28827.0,28841.75,28823.75,28837.25,2001
1785777000,28836.25,28863.75,28836.25,28857.5,3439
1785777300,28857.75,28870.75,28855.75,28870.5,2952
1785777600,28870.0,28881.75,28860.25,28878.75,3341
1785777900,28879.25,28890.5,28872.5,28885.75,2638
1785778200,28885.5,28894.0,28875.0,28891.5,3029
1785778500,28891.5,28894.0,28877.75,28878.75,2312
1785778800,28879.0,28888.0,28874.5,28885.5,2159
1785779100,28885.75,28897.25,28884.75,28892.0,2705
1785779400,28892.25,28899.75,28890.25,28899.25,2179
1785779700,28899.0,28921.75,28898.5,28917.5,4599
1785780000,28917.5,28946.75,28917.5,28945.5,5381
1785780300,28946.25,28958.0,28941.0,28954.25,4191
1785780600,28954.75,28964.25,28934.5,28940.0,4230
1785780900,28940.5,28958.75,28925.5,28928.75,3371
1785781200,28928.75,28934.75,28919.0,28921.5,3334
1785781500,28920.25,28926.75,28890.25,28892.75,3970
1785781800,28892.0,28907.0,28884.75,28893.0,3845
1785782100,28893.0,28902.25,28882.75,28889.75,2687
1785782400,28890.5,28914.25,28886.0,28913.0,2422
1785782700,28913.25,28923.25,28892.25,28921.5,3340
1785783000,28921.5,28926.0,28909.75,28915.25,2559
1785783300,28915.25,28918.5,28904.25,28907.0,2170
1785783600,28907.5,28943.75,28906.25,28934.0,4169
1785783900,28934.0,28936.75,28903.5,28909.0,3144
1785784200,28908.75,28920.0,28895.0,28900.0,2684
1785784500,28899.5,28924.75,28898.5,28923.25,3442
1785784800,28923.25,28926.5,28910.75,28916.5,2511
1785785100,28916.0,28924.0,28908.0,28912.75,2781
1785785400,28912.75,28926.0,28904.0,28911.75,3223
1785785700,28912.0,28923.5,28901.75,28905.25,3007
1785786000,28905.25,28919.5,28899.5,28914.75,3276
1785786300,28915.25,28921.5,28902.0,28916.0,3289
1785786600,28915.25,28935.5,28888.75,28899.5,8196
1785786900,28899.25,28904.75,28865.25,28900.25,16823
1785787200,28900.75,28902.25,28878.25,28884.75,4680
1785787500,28883.75,28912.75,28883.5,28908.5,2357
1785787800,28908.5,28917.25,28904.75,28911.0,1149
1785788100,28910.75,28930.0,28910.5,28928.25,1039
1785788400,28929.75,28945.0,28920.75,28921.0,1014
1785788700,28921.75,28926.25,28912.0,28913.75,705
1785789000,28913.25,28921.5,28909.75,28914.5,783
1785789300,28914.25,28928.5,28914.25,28923.75,506
1785789600,28923.25,28931.75,28922.25,28929.5,482
1785789900,28929.75,28931.5,28918.5,28921.0,479
1785790200,28921.25,28922.25,28914.5,28919.75,415
1785790500,28919.5,28929.5,28919.0,28929.25,376
1785794400,28930.0,28943.5,28919.0,28929.0,0
1785794700,28929.0,28945.0,28927.0,28941.0,380
1785795000,28940.25,28950.75,28922.25,28927.75,685
1785795300,28927.75,28948.5,28927.75,28945.0,418
1785795600,28945.0,28947.5,28937.25,28945.5,151
1785795900,28944.5,28946.5,28938.0,28944.0,123
1785796200,28941.5,28958.75,28932.25,28951.5,429
1785796500,28949.75,28955.25,28938.0,28950.0,412
1785796800,28952.5,28962.25,28951.75,28957.75,518
1785797100,28956.5,28956.75,28941.25,28946.25,503
1785797400,28946.25,28952.75,28941.25,28951.25,316
1785797700,28950.75,28952.5,28944.5,28945.75,142
1785798000,28944.0,28947.75,28935.75,28940.75,446
1785798300,28939.5,28942.75,28930.25,28936.75,296
1785798600,28938.0,28941.5,28934.75,28938.5,205
1785798900,28938.25,28956.75,28938.25,28952.0,377
1785799200,28952.0,28958.75,28947.25,28947.25,283
1785799500,28947.25,28951.25,28941.5,28948.75,235
1785799800,28947.75,28959.75,28941.25,28955.25,242
1785800100,28956.5,28957.0,28934.0,28936.5,382
1785800400,28937.25,28946.5,28937.0,28941.75,245
1785800700,28941.75,28964.0,28939.5,28955.25,592
1785801000,28957.5,28963.0,28947.0,28951.5,475
1785801300,28952.5,28972.25,28949.0,28971.0,487
1785801600,28971.25,28976.25,28940.75,28968.75,1288
1785801900,28967.25,28973.75,28948.25,28961.25,839
1785802200,28961.5,28961.75,28927.25,28930.75,924
1785802500,28932.25,28932.75,28903.25,28914.25,1028
1785802800,28912.25,28926.5,28900.5,28913.0,718
1785803100,28912.75,28922.75,28902.5,28905.75,736
1785803400,28905.5,28907.75,28881.25,28884.5,1036
1785803700,28882.75,28889.75,28871.75,28882.25,1183
1785804000,28881.75,28896.0,28864.25,28891.25,1050
1785804300,28892.25,28900.0,28870.25,28891.0,829
1785804600,28892.0,28908.25,28883.25,28893.0,787
1785804900,28894.0,28899.0,28868.0,28876.75,1044
1785805200,28876.0,28877.25,28831.75,28849.75,1971
1785805500,28847.25,28863.5,28838.5,28852.0,865
1785805800,28856.75,28872.0,28851.25,28858.5,648
1785806100,28859.75,28880.0,28851.5,28877.0,755
1785806400,28876.75,28893.75,28875.25,28884.5,893
1785806700,28884.5,28902.5,28873.5,28901.5,721
1785807000,28901.0,28925.0,28899.25,28923.5,897
1785807300,28924.75,28933.5,28904.5,28906.75,1012
1785807600,28907.25,28943.5,28905.5,28942.75,710
1785807900,28943.0,28971.0,28941.75,28965.5,1093
1785808200,28964.75,29048.0,28964.75,29039.0,2855
1785808500,29038.75,29045.0,29025.5,29041.25,854
1785808800,29041.75,29044.75,29011.5,29012.5,1026
1785809100,29012.25,29013.75,28980.75,28995.5,1243
1785809400,29000.0,29000.25,28967.5,28971.0,1192
1785809700,28970.0,28976.75,28959.0,28970.25,908
1785810000,28970.0,28978.0,28942.5,28965.5,979
1785810300,28963.25,28969.75,28947.0,28949.5,395
1785810600,28948.5,28982.0,28948.5,28970.5,751
1785810900,28973.5,28994.5,28968.0,28985.0,880
1785811200,28984.25,28993.5,28975.25,28985.75,564
1785811500,28985.75,28987.5,28960.0,28971.5,687
1785811800,28971.0,28992.0,28965.25,28987.5,453
1785812100,28986.75,28988.0,28970.25,28972.75,314
1785812400,28972.5,28992.0,28963.75,28966.25,563
1785812700,28969.5,28971.75,28950.0,28959.25,559
1785813000,28958.5,28960.0,28932.75,28941.25,671
1785813300,28942.75,28952.25,28931.75,28944.0,699
1785813600,28943.25,28976.0,28939.25,28971.75,734
1785813900,28971.75,28986.0,28967.5,28976.75,448
1785814200,28977.25,29004.5,28977.0,28996.5,729
1785814500,28995.25,28999.25,28984.5,28988.5,314
1785814800,28989.5,28989.5,28958.25,28968.75,534
1785815100,28967.0,28985.75,28957.75,28983.0,531
1785815400,28982.5,28990.75,28979.75,28984.0,277
1785815700,28989.0,29005.5,28982.5,29003.5,340
1785816300,28990.75,28995.25,28987.75,28990.25,726
1785816600,28989.25,28989.25,28968.5,28974.5,378
1785816900,28977.25,29009.75,28976.25,29006.0,423
1785817200,29006.5,29008.75,28998.75,29007.5,211
1785817500,29007.5,29015.25,29004.5,29007.5,251
1785817800,29009.25,29014.5,29005.5,29008.25,126
1785818100,29004.25,29008.25,28997.5,28998.25,222
1785818400,28998.0,29004.25,28995.75,28999.5,208
1785818700,28997.5,29010.5,28994.75,29009.75,167
1785819000,29010.5,29023.0,29004.75,29018.75,243
1785819300,29018.0,29023.25,29002.75,29015.5,189
1785819600,29016.25,29022.25,28993.25,29002.0,420
1785819900,29003.5,29008.75,28994.75,29005.5,162
1785820200,29005.25,29005.5,28978.25,28987.75,652
1785820500,28987.75,29004.25,28983.0,29004.25,412
1785820800,29004.25,29019.25,29001.0,29019.25,382
1785821100,29019.75,29032.25,29006.0,29026.5,507
1785821400,29025.25,29044.75,29025.0,29041.0,554
1785821700,29041.0,29074.75,29040.75,29049.75,1089
1785822000,29048.75,29062.75,29046.0,29058.5,325
1785822300,29056.25,29058.0,29043.5,29050.25,300
1785822600,29049.25,29065.0,29042.5,29058.5,358
1785822900,29058.5,29074.25,29054.25,29072.25,279
1785823200,29073.5,29081.75,29067.25,29076.75,726
1785823500,29075.5,29089.25,29068.5,29082.25,531
1785823800,29080.75,29092.5,29079.75,29089.0,499
1785824100,29089.0,29093.5,29076.5,29082.25,575
1785824400,29082.25,29095.25,29079.0,29086.25,441
1785824700,29085.5,29098.75,29079.75,29081.5,488
1785825000,29081.25,29090.0,29070.0,29071.0,596
1785825300,29071.5,29071.5,29049.25,29058.25,547
1785825600,29055.75,29060.0,29042.5,29054.75,303
1785825900,29055.0,29063.5,29051.75,29057.75,324
1785826200,29057.25,29064.25,29054.0,29062.5,234
1785826500,29062.5,29074.0,29053.0,29073.75,316
1785826800,29072.0,29100.25,29070.25,29094.75,1401
1785827100,29094.75,29096.5,29053.75,29055.0,899
1785827400,29053.75,29070.5,29036.5,29069.0,1324
1785827700,29069.75,29087.0,29062.25,29069.0,949
1785828000,29073.0,29091.75,29066.25,29091.75,519
1785828300,29091.5,29109.0,29089.5,29099.0,724
1785828600,29099.75,29119.25,29097.5,29104.25,955
1785828900,29104.25,29104.25,29080.0,29087.5,415
1785829200,29087.5,29093.0,29074.25,29081.5,515
1785829500,29080.25,29109.75,29079.25,29105.0,431
1785829800,29104.0,29105.75,29074.5,29077.0,579
1785830100,29077.0,29079.25,29065.25,29071.25,384
1785830400,29072.0,29117.5,29068.0,29108.5,946
1785830700,29109.75,29124.0,29105.5,29119.75,747
1785831000,29116.75,29118.0,29099.5,29108.0,522
1785831300,29106.0,29125.0,29106.0,29118.0,570
1785831600,29120.0,29131.5,29100.0,29103.25,631
1785831900,29104.5,29112.0,29096.75,29112.0,432
1785832200,29111.5,29111.5,29064.0,29076.25,762
1785832500,29077.0,29081.0,29060.5,29075.75,601
1785832800,29074.5,29077.0,29060.0,29069.5,378
1785833100,29067.5,29067.5,29039.0,29060.0,1178
1785833400,29061.0,29067.0,29056.75,29064.25,379
1785833700,29065.25,29077.5,29061.0,29068.75,661
1785834000,29069.0,29069.0,29039.75,29047.0,468
1785834300,29045.5,29049.5,29016.75,29022.5,726
1785834600,29022.5,29037.25,29011.75,29032.75,645
1785834900,29033.0,29035.5,29007.5,29022.75,530
1785835200,29022.5,29030.5,29014.75,29027.75,502
1785835500,29027.5,29045.25,29020.75,29044.0,606
1785835800,29046.0,29056.75,29042.0,29053.5,422
1785836100,29053.5,29066.25,29050.25,29066.25,552
1785836400,29066.0,29080.75,29066.0,29076.75,461
1785836700,29076.75,29089.25,29061.0,29081.5,936
1785837000,29080.75,29081.0,29057.5,29062.75,300
1785837300,29062.5,29077.75,29059.25,29077.75,202
1785837600,29078.5,29087.0,29067.25,29075.75,328
1785837900,29075.5,29096.75,29072.5,29094.75,372
1785838200,29095.5,29111.75,29090.5,29106.75,584
1785838500,29106.5,29106.5,29085.75,29097.0,832
1785838800,29096.25,29115.25,29090.5,29110.25,490
1785839100,29111.0,29114.25,29094.0,29096.75,350
1785839400,29096.25,29110.25,29093.25,29094.5,1014
1785839700,29092.75,29095.5,29074.0,29086.25,586
1785840000,29086.25,29130.75,29083.5,29120.75,932
1785840300,29120.25,29145.0,29113.5,29132.25,1830
1785840600,29132.5,29133.75,29111.0,29120.25,731
1785840900,29118.75,29124.0,29103.25,29115.5,455
1785841200,29116.75,29147.0,29114.25,29142.25,1026
1785841500,29142.25,29146.25,29125.75,29129.0,533
1785841800,29128.5,29149.75,29119.75,29144.5,690
1785842100,29144.5,29154.0,29139.5,29150.75,797
1785842400,29150.75,29166.75,29149.0,29149.5,841
1785842700,29150.0,29171.5,29148.25,29170.5,698
1785843000,29170.75,29174.5,29160.25,29169.0,586
1785843300,29169.25,29174.75,29159.5,29167.25,757
1785843600,29166.25,29212.5,29150.25,29204.75,2237
1785843900,29203.0,29217.5,29189.75,29216.0,1468
1785844200,29215.25,29245.75,29214.75,29239.5,2436
1785844500,29239.5,29243.25,29222.0,29237.5,1103
1785844800,29238.0,29238.0,29214.0,29224.0,989
1785845100,29222.5,29225.5,29203.25,29217.0,1078
1785845400,29216.5,29218.0,29202.5,29206.25,691
1785845700,29205.5,29227.5,29204.0,29225.25,794
1785846000,29225.75,29234.25,29218.0,29220.0,1107
1785846300,29219.75,29226.0,29216.0,29221.5,534
1785846600,29223.0,29225.75,29199.0,29213.25,1335
1785846900,29212.5,29222.0,29206.0,29215.25,675
1785847200,29215.0,29222.75,29211.25,29219.5,474
1785847500,29219.0,29221.5,29195.5,29199.25,906
1785847800,29198.5,29205.75,29191.0,29194.75,932
1785848100,29194.25,29212.75,29188.0,29202.75,811
1785848400,29203.25,29226.75,29191.25,29218.0,1459
1785848700,29219.0,29231.5,29218.0,29227.75,949
1785849000,29228.25,29235.25,29225.0,29231.0,870
1785849300,29232.0,29236.5,29223.0,29225.25,857
1785849600,29224.5,29282.25,29221.5,29240.75,4390
1785849900,29240.0,29254.25,29218.5,29234.75,3263
1785850200,29234.25,29384.25,29208.25,29382.75,19429
1785850500,29382.0,29413.0,29353.5,29392.5,15446
1785850800,29392.75,29452.75,29383.75,29411.5,13239
1785851100,29410.75,29461.25,29409.75,29459.75,11672
1785851400,29460.0,29503.75,29455.5,29501.5,10388
1785851700,29501.5,29502.5,29425.0,29466.0,9605
1785852000,29465.25,29497.75,29432.0,29486.75,10316
1785852300,29486.5,29533.0,29485.0,29518.5,9239
1785852600,29518.5,29544.25,29506.75,29541.0,6838
1785852900,29540.25,29548.25,29501.75,29523.5,8542
1785853200,29523.25,29524.5,29484.0,29508.5,8071
1785853500,29507.75,29568.5,29505.5,29559.0,8244
1785853800,29558.5,29567.25,29524.75,29543.75,8445
1785854100,29543.75,29572.75,29517.25,29527.25,8559
1785854400,29526.75,29559.0,29521.75,29556.75,5179
1785854700,29557.0,29561.5,29542.25,29545.75,4403
1785855000,29545.75,29556.0,29528.25,29545.25,4037
1785855300,29544.5,29552.0,29523.5,29549.75,5386
1785855600,29549.75,29589.5,29544.0,29585.0,6450
1785855900,29585.0,29595.75,29566.5,29594.25,5039
1785856200,29594.5,29624.75,29587.5,29618.75,6661
1785856500,29619.0,29635.25,29613.25,29632.25,5619
1785856800,29633.0,29661.75,29630.5,29659.0,6539
1785857100,29658.25,29663.5,29634.25,29639.5,5113
1785857400,29639.0,29645.5,29622.0,29629.25,3800
1785857700,29629.25,29682.5,29628.0,29668.25,7150
1785858000,29667.0,29679.0,29655.75,29677.0,4090
1785858300,29677.75,29690.5,29676.25,29682.75,4409
1785858600,29682.75,29696.75,29673.25,29676.25,4859
1785858900,29676.75,29685.5,29667.5,29671.0,2896
1785859200,29671.0,29700.0,29669.5,29687.5,4124
1785859500,29688.0,29697.5,29675.25,29676.0,2960
1785859800,29676.25,29685.0,29661.25,29674.5,3242
1785860100,29674.5,29708.25,29673.75,29705.25,3585
1785860400,29705.5,29719.75,29702.75,29715.5,3784
1785860700,29715.25,29716.25,29703.75,29706.5,2585
1785861000,29706.5,29726.0,29695.0,29721.25,3687
1785861300,29721.25,29731.75,29708.25,29715.25,3564
1785861600,29714.5,29730.25,29705.25,29726.25,3860
1785861900,29726.75,29743.0,29726.25,29743.0,4231
1785862200,29742.75,29744.5,29734.25,29736.5,2892
1785862500,29736.5,29744.5,29732.0,29742.75,2373
1785862800,29742.75,29782.75,29739.25,29781.0,6420
1785863100,29781.5,29794.75,29770.0,29785.5,4495
1785863400,29786.25,29799.75,29782.25,29797.25,3164
1785863700,29797.0,29805.25,29784.75,29790.25,3864
1785864000,29790.5,29806.0,29780.5,29803.0,3446
1785864300,29803.0,29825.75,29801.25,29819.0,4214
1785864600,29819.25,29823.0,29803.5,29820.0,3306
1785864900,29819.0,29848.0,29815.25,29846.75,4257
1785865200,29846.75,29865.5,29845.0,29865.0,4068
1785865500,29865.25,29898.75,29865.25,29880.5,5820
1785865800,29880.25,29880.25,29840.75,29845.75,5279
1785866100,29846.75,29865.0,29833.5,29834.75,4038
1785866400,29835.25,29854.75,29808.0,29818.25,6344
1785866700,29817.75,29847.5,29810.0,29839.0,3693
1785867000,29838.25,29860.25,29823.75,29859.0,3523
1785867300,29859.5,29874.0,29855.0,29868.75,2914
1785867600,29868.25,29884.25,29858.75,29869.75,3996
1785867900,29868.25,29880.0,29860.0,29879.75,1877
1785868200,29880.0,29893.0,29869.0,29872.75,2863
1785868500,29872.75,29877.75,29853.0,29859.5,2697
1785868800,29859.25,29863.5,29839.75,29854.5,3383
1785869100,29855.0,29895.5,29855.0,29882.5,3742
1785869400,29881.75,29895.5,29875.0,29880.75,2631
1785869700,29880.5,29886.75,29874.75,29881.5,2406
1785870000,29881.75,29925.75,29878.25,29913.5,5770
1785870300,29914.5,29931.75,29903.5,29929.25,4058
1785870600,29929.75,29939.25,29921.5,29926.5,3896
1785870900,29926.25,29945.25,29922.5,29940.5,3567
1785871200,29940.0,29943.25,29916.75,29922.75,3413
1785871500,29922.25,29927.25,29888.75,29900.5,4605
1785871800,29901.0,29916.5,29889.0,29913.0,4240
1785872100,29912.5,29931.5,29902.5,29921.75,3585
1785872400,29921.0,29951.0,29919.75,29949.75,4224
1785872700,29949.5,29956.5,29918.75,29921.25,5439
1785873000,29921.5,29932.5,29870.75,29871.0,11452
1785873300,29871.5,29894.5,29847.5,29876.75,23571
1785873600,29875.25,29902.25,29851.5,29877.5,8670
1785873900,29879.25,29949.75,29879.25,29914.5,3711
1785874200,29913.25,29923.5,29893.0,29915.75,2592
1785874500,29913.75,29913.75,29761.25,29780.25,6668
1785874800,29780.75,29836.0,29776.25,29801.5,2832
1785875100,29800.25,29829.0,29785.5,29791.75,1551
1785875400,29790.5,29813.0,29773.75,29778.0,1352
1785875700,29779.75,29789.25,29764.5,29786.75,1408
1785876000,29787.0,29817.25,29781.25,29797.5,1520
1785876300,29797.0,29823.25,29791.5,29819.75,1069
1785876600,29819.25,29820.0,29786.0,29793.75,743
1785876900,29793.25,29826.0,29792.0,29818.25,792
1785880800,29777.25,29813.75,29776.5,29796.0,0
1785881100,29797.75,29838.5,29797.75,29827.0,1049
1785881400,29825.5,29838.0,29824.25,29834.75,380
1785881700,29834.75,29839.75,29826.75,29834.75,416
1785882000,29836.25,29844.25,29819.25,29822.0,508
1785882300,29821.0,29840.0,29810.25,29833.0,531
1785882600,29835.0,29841.0,29824.0,29835.0,457
1785882900,29836.25,29841.75,29822.0,29826.0,750
1785883200,29825.75,29826.25,29794.75,29799.5,781
1785883500,29800.75,29811.5,29792.25,29803.0,426
1785883800,29802.75,29811.25,29800.0,29805.75,233
1785884100,29805.5,29828.0,29803.75,29827.5,460
1785884400,29825.75,29846.75,29809.75,29838.25,772
1785884700,29838.5,29846.75,29834.0,29839.5,373
1785885000,29837.5,29844.75,29833.25,29838.5,280
1785885300,29838.75,29845.5,29838.75,29844.25,161
1785885600,29844.0,29844.0,29826.25,29829.5,272
1785885900,29828.75,29831.0,29817.75,29825.0,456
1785886200,29824.0,29834.75,29802.0,29805.0,566
1785886500,29803.75,29819.0,29803.0,29815.25,273
1785886800,29815.25,29844.25,29811.25,29843.0,902
1785887100,29843.25,29857.25,29826.0,29838.25,1075
1785887400,29840.25,29849.5,29830.0,29839.5,461
1785887700,29838.25,29856.5,29834.75,29834.75,463
1785888000,29835.5,29853.75,29818.75,29845.75,1157
1785888300,29846.5,29865.0,29830.0,29837.0,964
1785888600,29835.0,29858.5,29830.0,29858.5,554
1785888900,29858.0,29858.75,29836.5,29852.0,628
1785889200,29852.5,29857.75,29833.5,29852.0,688
1785889500,29853.25,29864.5,29847.5,29863.0,570
1785889800,29862.75,29877.0,29861.75,29871.25,867
1785890100,29871.25,29874.0,29835.5,29852.25,759
1785890400,29853.75,29857.25,29838.0,29838.75,634
1785890700,29838.0,29845.25,29810.0,29832.25,923
1785891000,29832.5,29862.5,29820.5,29841.0,1188
1785891300,29841.0,29850.0,29831.75,29848.75,488
1785891600,29849.25,29850.0,29817.0,29831.0,733
1785891900,29831.75,29849.5,29830.5,29846.25,449
1785892200,29846.5,29861.5,29837.25,29840.0,769
1785892500,29840.75,29842.75,29803.25,29818.0,909
1785892800,29817.0,29833.0,29809.75,29812.0,494
1785893100,29811.5,29820.5,29797.0,29817.75,715
1785893400,29819.0,29839.75,29813.0,29818.75,780
1785893700,29818.25,29843.75,29814.25,29839.25,579
1785894000,29842.0,29844.75,29818.0,29834.0,580
1785894300,29834.5,29875.5,29833.75,29869.5,1491
1785894600,29870.0,29873.0,29862.0,29868.75,428
1785894900,29870.25,29887.5,29863.5,29869.0,795
1785895200,29870.0,29889.25,29869.75,29871.5,1002
1785895500,29872.5,29882.5,29864.0,29872.0,427
1785895800,29872.25,29877.75,29865.75,29871.0,289
1785896100,29871.75,29874.25,29862.25,29874.25,276
1785896400,29873.25,29876.25,29865.0,29866.0,295
1785896700,29865.0,29868.75,29850.25,29853.0,477
1785897000,29854.5,29861.25,29842.25,29859.5,600
1785897300,29859.5,29863.0,29845.0,29845.75,388
1785897600,29846.5,29860.25,29843.0,29858.75,266
1785897900,29857.75,29874.25,29855.25,29856.25,447
1785898200,29855.75,29875.0,29855.5,29870.25,327
1785898500,29870.25,29870.75,29859.0,29860.75,190
1785898800,29859.0,29876.25,29855.75,29875.5,408
1785899100,29875.5,29881.75,29873.0,29875.75,277
1785899400,29876.75,29890.0,29874.0,29884.25,375
1785899700,29883.5,29892.0,29881.0,29882.0,388
1785900000,29881.25,29890.75,29874.5,29874.75,405
1785900300,29875.25,29877.0,29863.25,29863.25,337
1785900600,29864.75,29869.75,29858.25,29868.75,295
1785900900,29867.5,29878.25,29864.5,29878.25,265
1785901200,29876.5,29892.0,29875.5,29885.5,476
1785901500,29886.5,29891.5,29867.5,29877.5,401
1785901800,29878.0,29892.0,29875.25,29886.75,467
1785902100,29888.0,29893.75,29885.25,29890.0,232
1785902700,29896.75,29897.0,29892.5,29894.0,581
1785903000,29894.0,29898.25,29883.25,29884.25,430
1785903300,29883.5,29883.75,29869.75,29872.0,308
1785903600,29873.0,29873.5,29859.75,29866.0,331
1785903900,29866.75,29872.25,29863.0,29871.25,204
1785904200,29872.0,29890.75,29869.25,29888.0,380
1785904500,29888.75,29897.0,29887.75,29895.75,335
1785904800,29895.5,29909.25,29895.0,29905.75,693
1785905100,29904.5,29907.5,29899.0,29904.25,230
1785905400,29901.75,29904.0,29883.5,29896.75,413
1785905700,29896.75,29917.0,29896.75,29902.75,590
1785906000,29902.5,29924.0,29895.0,29917.75,632
1785906300,29916.5,29935.5,29914.0,29926.25,585
1785906600,29926.75,29939.75,29926.75,29937.25,304
1785906900,29937.5,29944.0,29934.0,29941.5,318
1785907200,29941.0,29946.75,29938.0,29942.75,296
1785907500,29943.25,29949.0,29935.75,29937.0,395
1785907800,29936.75,29944.5,29922.75,29925.0,859
1785908100,29925.5,29932.25,29919.75,29928.5,344
1785908400,29929.5,29942.0,29927.0,29941.5,472
1785908700,29942.0,29952.5,29940.75,29951.0,661
1785909000,29950.25,29977.25,29950.0,29977.0,1312
1785909300,29976.75,29985.25,29974.75,29980.5,759
1785909600,29980.0,29983.25,29964.0,29965.0,717
1785909900,29965.5,29980.5,29961.0,29979.5,528
1785910200,29979.25,29990.0,29978.75,29981.0,385
1785910500,29980.25,29982.75,29963.0,29971.5,449
1785910800,29973.75,29974.75,29931.5,29937.5,978
1785911100,29938.0,29941.5,29925.5,29929.25,592
1785911400,29929.5,29965.0,29925.75,29956.75,891
1785911700,29955.5,29963.0,29944.0,29945.75,332
1785912000,29946.25,29949.25,29934.5,29938.25,260
1785912300,29941.0,29961.0,29936.75,29957.25,310
1785912600,29956.75,29959.75,29949.25,29952.25,303
1785912900,29952.5,29970.75,29952.0,29969.75,350
1785913200,29969.0,29987.0,29962.5,29967.75,979
1785913500,29968.25,29983.5,29954.5,29961.75,758
1785913800,29961.5,29962.25,29936.25,29950.75,540
1785914100,29950.25,29953.25,29932.75,29940.75,642
1785914400,29938.25,29944.5,29926.25,29928.75,388
1785914700,29929.75,29931.5,29900.25,29907.5,1075
1785915000,29908.25,29919.5,29894.75,29900.5,658
1785915300,29900.25,29911.25,29885.5,29906.0,665
1785915600,29907.5,29911.75,29885.25,29886.25,390
1785915900,29887.75,29909.25,29885.0,29896.75,477
1785916200,29896.25,29903.5,29886.25,29894.5,215
1785916500,29894.75,29913.5,29891.25,29903.25,409
1785916800,29905.0,29926.0,29897.75,29923.25,818
1785917100,29922.5,29925.25,29884.75,29889.75,866
1785917400,29888.75,29890.75,29853.75,29863.75,1372
1785917700,29865.0,29873.75,29851.0,29854.25,757
1785918000,29857.5,29858.75,29825.0,29826.25,986
1785918300,29826.75,29842.0,29819.5,29833.75,772
1785918600,29836.5,29836.5,29807.0,29818.75,903
1785918900,29821.25,29844.25,29804.75,29807.25,828
1785919200,29806.75,29819.5,29798.5,29811.75,1071
1785919500,29812.25,29831.75,29797.75,29830.0,637
1785919800,29831.25,29840.75,29822.0,29824.75,774
1785920100,29825.25,29843.0,29824.75,29836.5,462
1785920400,29837.75,29848.75,29822.0,29844.0,592
1785920700,29844.5,29853.75,29839.25,29846.5,669
1785921000,29846.5,29849.0,29831.75,29833.75,355
1785921300,29833.5,29835.5,29814.25,29830.25,782
1785921600,29830.75,29854.0,29829.0,29851.25,830
1785921900,29850.0,29864.25,29844.75,29861.25,904
1785922200,29862.25,29873.75,29860.0,29872.5,512
1785922500,29872.0,29888.75,29871.25,29881.0,1108
1785922800,29882.0,29885.25,29872.0,29883.25,515
1785923100,29883.0,29893.5,29856.0,29856.75,818
1785923400,29858.0,29867.25,29853.25,29862.75,462
1785923700,29864.25,29872.5,29857.5,29857.5,266
1785924000,29857.25,29871.75,29851.75,29866.25,503
1785924300,29866.75,29867.5,29851.0,29854.25,299
1785924600,29853.5,29853.5,29833.75,29840.5,878
1785924900,29839.5,29857.5,29836.25,29850.25,468
1785925200,29850.25,29859.25,29845.0,29859.0,210
1785925500,29857.5,29866.0,29853.75,29858.75,298
1785925800,29857.5,29871.0,29850.0,29867.75,374
1785926100,29866.75,29871.25,29858.0,29861.0,180
1785926400,29858.25,29864.25,29850.75,29857.25,306
1785926700,29857.75,29871.0,29834.5,29845.75,728
1785927000,29845.25,29868.75,29839.25,29857.75,504
1785927300,29861.75,29869.75,29857.75,29862.25,411
1785927600,29865.5,29905.5,29865.5,29897.75,1692
1785927900,29898.75,29919.0,29883.0,29919.0,1045
1785928200,29915.5,29921.0,29897.5,29904.5,720
1785928500,29904.5,29911.25,29897.5,29907.5,360
1785928800,29908.5,29915.75,29899.75,29915.75,504
1785929100,29916.0,29923.0,29900.5,29900.5,580
1785929400,29900.5,29930.0,29890.5,29926.0,1046
1785929700,29925.5,29931.25,29917.0,29925.0,510
1785930000,29925.25,29931.0,29916.0,29916.0,644
1785930300,29914.5,29943.5,29903.5,29939.75,981
1785930600,29939.25,29943.5,29907.75,29914.25,955
1785930900,29914.75,29923.25,29907.75,29919.5,656
1785931200,29919.5,29925.75,29902.25,29902.25,960
1785931500,29902.25,29907.75,29891.25,29905.5,1000
1785931800,29905.0,29923.0,29900.5,29920.0,826
1785932100,29920.0,29928.75,29897.5,29916.0,956
1785932400,29915.75,29934.5,29908.75,29924.25,967
1785932700,29925.5,29939.75,29910.25,29935.25,1107
1785933000,29935.5,29942.0,29892.75,29919.0,1680
1785933300,29920.0,29950.0,29918.5,29935.25,1338
1785933600,29936.0,29943.5,29930.25,29941.0,612
1785933900,29941.5,29946.5,29930.0,29939.0,615
1785934200,29939.5,29942.0,29914.25,29918.75,769
1785934500,29919.5,29928.0,29908.25,29915.0,792
1785934800,29917.25,29944.0,29916.75,29937.5,925
1785935100,29938.25,29949.5,29936.5,29937.75,965
1785935400,29938.5,29946.25,29923.75,29929.5,804
1785935700,29928.75,29929.0,29910.25,29917.25,1117
1785936000,29917.25,29921.5,29894.75,29910.25,1662
1785936300,29908.75,29978.5,29908.75,29974.0,4018
1785936600,29975.25,30013.25,29935.5,30013.0,19565
1785936900,30011.5,30032.5,29910.25,30005.25,15865
1785937200,30006.25,30059.0,29981.25,30052.0,10643
1785937500,30053.5,30074.0,30017.25,30055.5,10631
1785937800,30055.75,30065.0,29967.75,30026.0,11817
1785938100,30025.75,30058.5,29978.5,30048.75,7784
1785938400,30048.5,30048.5,29918.5,29965.75,12213
1785938700,29964.75,30029.5,29959.25,30003.5,8952
1785939000,30003.5,30020.25,29969.0,29998.5,5849
1785939300,29997.5,30026.0,29971.5,29973.75,5218
1785939600,29973.5,29977.75,29901.25,29960.0,9482
1785939900,29959.75,29989.25,29910.75,29915.0,8450
1785940200,29915.0,29918.75,29853.25,29885.25,11319
1785940500,29884.5,29914.0,29840.5,29840.75,8756
1785940800,29841.5,29873.0,29824.75,29862.25,9945
1785941100,29862.25,29905.25,29838.25,29892.0,7747
1785941400,29890.5,29905.5,29788.0,29822.0,11763
1785941700,29823.0,29863.25,29801.75,29848.25,7220
1785942000,29849.0,29881.25,29826.0,29846.25,6419
1785942300,29846.25,29886.25,29827.75,29872.75,6079
1785942600,29871.0,29890.75,29833.0,29839.5,5536
1785942900,29839.0,29849.5,29763.5,29833.0,10698
1785943200,29832.25,29847.5,29814.0,29817.5,5425
1785943500,29818.0,29832.5,29794.25,29809.5,5742
1785943800,29808.5,29860.75,29805.5,29819.5,4525
1785944100,29820.0,29855.75,29818.0,29843.25,3438
1785944400,29843.0,29853.0,29811.75,29819.25,3175
1785944700,29820.0,29820.75,29788.0,29792.0,4435
1785945000,29792.5,29807.0,29771.75,29778.0,4662
1785945300,29777.25,29777.25,29713.25,29739.0,7732
1785945600,29738.25,29766.0,29711.0,29757.0,6111
1785945900,29757.5,29763.0,29703.25,29721.0,4487
1785946200,29721.0,29734.25,29702.0,29731.25,3994
1785946500,29730.75,29761.5,29720.0,29739.25,3738
1785946800,29739.25,29795.25,29735.75,29768.75,6706
1785947100,29769.25,29835.25,29769.0,29829.25,4889
1785947400,29829.75,29839.75,29770.0,29795.25,5508
1785947700,29796.5,29811.25,29773.5,29796.75,2731
1785948000,29798.5,29821.0,29785.0,29788.5,2911
1785948300,29789.25,29801.75,29778.5,29791.5,2461
1785948600,29790.5,29826.25,29786.0,29815.25,3105
1785948900,29815.25,29822.5,29802.25,29808.25,1974
1785949200,29809.75,29819.75,29770.75,29776.5,2968
1785949500,29776.0,29786.25,29753.75,29760.0,2995
1785949800,29760.75,29784.25,29744.25,29767.25,3036
1785950100,29766.75,29781.5,29748.25,29760.0,2520
1785950400,29759.75,29766.0,29740.5,29765.25,2455
1785950700,29764.25,29782.0,29751.5,29754.5,2475
1785951000,29754.25,29770.25,29738.75,29757.25,2560
1785951300,29757.25,29769.0,29749.75,29760.25,1715
1785951600,29760.0,29779.25,29752.5,29757.5,2154
1785951900,29756.5,29773.75,29734.25,29765.75,2864
1785952200,29766.75,29774.75,29748.75,29752.25,1713
1785952500,29752.75,29769.5,29745.0,29757.0,1770
1785952800,29756.75,29788.5,29752.25,29782.25,2562
1785953100,29781.0,29783.5,29754.5,29768.5,3046
1785953400,29769.5,29784.5,29761.5,29762.5,1918
1785953700,29763.0,29781.75,29755.25,29772.25,2102
1785954000,29772.25,29777.5,29758.75,29765.5,1445
1785954300,29765.5,29780.5,29764.25,29776.0,1788
1785954600,29776.25,29776.5,29727.25,29739.75,3698
1785954900,29739.75,29758.25,29736.5,29741.75,2076
1785955200,29742.25,29750.75,29733.75,29741.75,1887
1785955500,29742.0,29765.0,29737.5,29753.5,2280
1785955800,29752.25,29762.25,29742.5,29744.25,1542
1785956100,29745.5,29746.75,29722.75,29725.75,2538
1785956400,29726.75,29762.0,29718.5,29760.0,3200
1785956700,29760.25,29778.25,29754.25,29768.0,2885
1785957000,29768.0,29776.5,29760.75,29774.25,2401
1785957300,29774.25,29779.25,29764.0,29766.5,2189
1785957600,29766.75,29776.25,29753.75,29765.5,2219
1785957900,29765.75,29776.5,29755.5,29756.5,2179
1785958200,29757.0,29763.25,29725.0,29730.75,3598
1785958500,29729.5,29737.0,29711.75,29715.5,3121
1785958800,29714.75,29734.25,29706.0,29711.0,2770
1785959100,29711.5,29719.25,29689.75,29714.25,4692
1785959400,29714.75,29735.0,29700.5,29711.0,5240
1785959700,29710.5,29716.25,29592.75,29607.5,17879
1785960000,29607.0,29615.5,29547.75,29601.75,10988
1785960300,29602.25,29605.25,29530.75,29563.75,6241
1785960600,29564.25,29618.25,29561.75,29604.75,3678
1785960900,29605.5,29618.0,29571.0,29571.75,2355
1785961200,29571.0,29585.25,29561.75,29573.75,1544
1785961500,29573.75,29576.75,29562.0,29569.75,745
1785961800,29571.25,29595.0,29566.25,29590.5,837
1785962100,29590.5,29594.5,29573.25,29584.0,725
1785962400,29585.25,29603.0,29582.0,29598.5,816
1785962700,29598.0,29602.5,29579.5,29589.25,566
1785963000,29589.5,29599.25,29576.0,29597.0,566
1785963300,29596.75,29607.75,29587.5,29600.25,807
1785967200,29569.5,29596.5,29563.5,29575.0,0
1785967500,29574.25,29595.0,29568.25,29578.25,577
1785967800,29577.25,29579.5,29566.5,29573.5,341
1785968100,29573.0,29597.25,29571.75,29595.0,336
1785968400,29595.5,29638.0,29594.0,29637.0,902
1785968700,29636.25,29637.5,29621.5,29627.75,508
1785969000,29628.0,29670.25,29623.5,29668.25,1390
1785969300,29666.25,29670.5,29659.0,29662.5,375
1785969600,29663.25,29666.5,29651.0,29654.75,334
1785969900,29655.0,29679.5,29643.25,29643.5,1109
1785970200,29642.5,29647.25,29615.75,29629.0,1065
1785970500,29627.75,29632.25,29619.5,29623.25,290
1785970800,29622.75,29624.0,29612.25,29617.0,309
1785971100,29616.25,29624.25,29615.0,29621.5,178
1785971400,29619.5,29636.0,29619.5,29631.0,379
1785971700,29631.0,29631.0,29618.5,29625.0,264
1785972000,29627.75,29640.0,29625.5,29638.5,430
1785972300,29637.5,29649.5,29626.5,29629.25,405
1785972600,29629.25,29636.75,29592.25,29593.5,885
1785972900,29592.0,29610.0,29575.25,29593.75,1242
1785973200,29592.75,29608.25,29581.5,29589.5,354
1785973500,29586.0,29589.0,29566.0,29573.0,904
1785973800,29573.5,29586.75,29572.75,29579.25,360
1785974100,29577.75,29584.0,29569.5,29583.5,424
1785974400,29584.25,29588.5,29546.75,29570.5,1197
1785974700,29570.25,29601.75,29570.0,29595.75,1089
1785975000,29596.5,29596.5,29554.0,29581.0,899
1785975300,29580.5,29589.5,29556.0,29588.0,667
1785975600,29588.5,29607.75,29578.0,29604.25,735
1785975900,29604.0,29608.0,29553.0,29560.5,958
1785976200,29561.5,29567.25,29548.75,29555.75,737
1785976500,29556.25,29573.75,29547.75,29559.25,660
1785976800,29558.5,29588.0,29554.75,29560.5,725
1785977100,29560.25,29579.25,29551.0,29565.0,588
1785977400,29564.0,29564.0,29536.5,29541.0,770
1785977700,29541.25,29547.5,29535.25,29537.5,449
1785978000,29539.25,29540.75,29507.25,29511.5,1246
1785978300,29511.75,29529.75,29503.0,29518.25,825
1785978600,29516.5,29531.25,29501.25,29521.5,663
1785978900,29523.25,29523.25,29492.5,29496.75,835
1785979200,29497.25,29497.25,29472.5,29487.0,1056
1785979500,29486.5,29489.75,29454.25,29473.25,1364
1785979800,29472.75,29508.75,29469.5,29486.75,1187
1785980100,29486.25,29501.5,29473.0,29500.25,590
1785980400,29500.0,29505.25,29475.0,29475.0,917
1785980700,29475.5,29519.0,29473.25,29515.5,875
1785981000,29514.5,29517.0,29496.75,29512.5,622
1785981300,29512.0,29514.75,29492.0,29498.0,329
1785981600,29497.75,29518.5,29490.75,29506.25,750
1785981900,29506.75,29530.0,29506.0,29528.0,616
1785982200,29528.0,29557.25,29521.25,29541.75,1261
1785982500,29543.0,29555.5,29537.25,29551.0,451
1785982800,29550.25,29578.75,29547.75,29568.0,837
1785983100,29567.0,29569.25,29546.75,29548.75,519
1785983400,29546.5,29586.75,29529.25,29579.5,916
1785983700,29578.0,29582.75,29565.75,29577.0,411
1785984000,29573.5,29618.5,29572.75,29617.25,1138
1785984300,29616.25,29621.0,29592.5,29604.5,923
1785984600,29605.5,29611.0,29594.75,29600.0,400
1785984900,29599.0,29599.0,29585.75,29593.0,486
1785985200,29593.75,29608.5,29584.75,29605.75,469
1785985500,29606.0,29607.75,29577.0,29580.75,654
1785985800,29581.0,29587.0,29574.5,29579.25,335
1785986100,29579.0,29585.75,29554.25,29555.25,578
1785986400,29555.0,29561.25,29541.5,29542.25,559
1785986700,29542.5,29546.25,29535.0,29543.0,465
1785987000,29543.5,29554.75,29525.0,29540.0,593
1785987300,29540.25,29563.25,29536.0,29557.25,577
1785987600,29558.25,29563.25,29546.25,29552.75,400
1785987900,29553.0,29570.5,29546.5,29568.75,481
1785988200,29569.25,29576.0,29541.25,29553.25,534
1785988500,29551.25,29566.0,29547.0,29564.0,312
1785989100,29571.5,29572.75,29566.5,29568.75,1280
1785989400,29566.5,29575.5,29554.25,29560.25,227
1785989700,29556.75,29581.25,29556.5,29569.75,393
1785990000,29569.75,29590.75,29569.5,29590.0,237
1785990300,29589.5,29599.75,29581.5,29585.0,442
1785990600,29585.75,29600.0,29563.5,29571.5,399
1785990900,29570.25,29580.0,29541.75,29550.75,456
1785991200,29550.0,29561.25,29547.5,29555.0,323
1785991500,29555.25,29563.5,29545.0,29552.25,239
1785991800,29550.5,29574.5,29550.25,29571.75,340
1785992100,29573.75,29575.5,29560.0,29574.75,222
1785992400,29575.25,29594.0,29558.0,29582.0,560
1785992700,29581.75,29596.25,29576.25,29582.25,236
1785993000,29580.25,29582.5,29567.5,29580.5,341
1785993300,29582.5,29593.75,29565.5,29577.5,330
1785993600,29579.0,29589.5,29574.0,29585.0,201
1785993900,29583.75,29588.5,29574.75,29580.0,172
1785994200,29579.75,29583.0,29554.5,29563.25,350
1785994500,29563.5,29574.75,29550.0,29558.5,414
1785994800,29558.75,29582.75,29557.25,29581.75,349
1785995100,29583.25,29583.75,29545.25,29548.0,467
1785995400,29548.75,29570.75,29544.25,29564.25,440
1785995700,29565.25,29581.5,29556.0,29580.75,314
1785996000,29580.0,29581.75,29539.75,29550.0,681
1785996300,29549.75,29551.75,29528.75,29531.75,496
1785996600,29532.25,29536.5,29499.0,29506.75,984
1785996900,29505.75,29509.75,29485.0,29494.75,988
1785997200,29492.75,29531.25,29486.75,29525.0,908
1785997500,29527.0,29548.75,29526.0,29547.25,619
1785997800,29546.5,29548.75,29515.25,29527.25,597
1785998100,29529.25,29532.0,29508.5,29508.5,387
1785998400,29509.0,29509.0,29495.75,29504.5,572
1785998700,29505.5,29507.75,29486.25,29493.0,396
1785999000,29492.0,29511.75,29489.75,29511.75,416
1785999300,29510.75,29527.75,29508.25,29523.0,442
1785999600,29520.25,29527.75,29506.75,29518.0,747
1785999900,29517.0,29550.5,29511.75,29537.5,531
1786000200,29536.5,29563.0,29536.0,29552.0,636
1786000500,29551.0,29562.5,29544.75,29557.75,370
1786000800,29557.25,29561.0,29540.0,29540.75,450
1786001100,29539.75,29552.5,29523.5,29536.5,564
1786001400,29536.5,29541.0,29527.0,29530.5,244
1786001700,29533.5,29535.5,29501.25,29510.75,523
1786002000,29510.75,29519.25,29507.0,29517.75,370
1786002300,29516.75,29538.25,29511.25,29532.25,496
1786002600,29532.25,29532.25,29500.75,29506.25,481
1786002900,29507.0,29515.0,29502.5,29507.25,253
1786003200,29507.25,29525.75,29458.5,29481.0,1089
1786003500,29480.25,29511.25,29457.0,29463.0,921
1786003800,29462.75,29467.5,29443.75,29460.0,1048
1786004100,29460.75,29480.0,29447.75,29469.0,766
1786004400,29471.25,29491.0,29467.0,29485.25,598
1786004700,29485.75,29511.5,29484.25,29508.25,609
1786005000,29509.5,29532.5,29505.25,29524.0,629
1786005300,29523.5,29531.25,29502.25,29512.25,626
1786005600,29513.5,29519.0,29500.5,29502.75,324
1786005900,29504.75,29511.75,29490.25,29500.0,540
1786006200,29500.0,29524.5,29493.75,29522.5,464
1786006500,29522.75,29523.75,29509.0,29517.25,391
1786006800,29517.25,29517.25,29470.25,29474.5,573
1786007100,29474.75,29479.75,29450.0,29453.75,584
1786007400,29454.5,29455.25,29437.5,29447.75,643
1786007700,29448.25,29482.5,29446.5,29473.75,673
1786008000,29473.25,29487.5,29472.0,29479.25,245
1786008300,29479.0,29493.75,29474.75,29482.5,305
1786008600,29482.0,29491.0,29475.75,29481.25,244
1786008900,29483.75,29488.5,29475.75,29485.0,254
1786009200,29483.25,29498.75,29482.25,29489.25,218
1786009500,29489.75,29509.25,29489.5,29509.0,346
1786009800,29509.0,29511.75,29495.5,29511.75,250
1786010100,29511.5,29531.0,29508.25,29526.75,667
1786010400,29526.75,29533.75,29513.0,29518.0,537
1786010700,29517.25,29519.5,29506.5,29508.0,286
1786011000,29508.5,29508.5,29496.25,29503.25,236
1786011300,29503.25,29514.25,29494.25,29509.0,334
1786011600,29510.5,29518.0,29500.0,29515.75,319
1786011900,29515.25,29525.75,29514.25,29517.0,308
1786012200,29517.5,29519.5,29503.5,29507.5,309
1786012500,29508.25,29512.0,29488.75,29490.5,377
1786012800,29491.0,29493.75,29473.5,29480.25,532
1786013100,29479.75,29492.75,29468.5,29489.25,591
1786013400,29488.0,29491.75,29472.0,29472.5,524
1786013700,29475.0,29485.0,29468.0,29484.5,379
1786014000,29484.5,29488.5,29378.0,29397.5,2990
1786014300,29395.75,29414.0,29364.75,29411.5,2059
1786014600,29412.5,29422.75,29404.25,29417.25,750
1786014900,29419.75,29459.75,29417.25,29457.0,1088
1786015200,29457.75,29461.5,29444.0,29453.25,640
1786015500,29453.25,29474.75,29447.75,29469.25,879
1786015800,29469.5,29503.75,29469.25,29492.75,1808
1786016100,29492.75,29509.25,29488.25,29499.25,778
1786016400,29500.25,29516.5,29491.0,29495.5,936
1786016700,29494.25,29512.0,29449.0,29457.5,1807
1786017000,29455.25,29459.5,29438.0,29452.0,973
1786017300,29452.0,29476.5,29449.25,29467.25,974
1786017600,29466.0,29476.5,29423.25,29438.75,1545
1786017900,29438.0,29446.5,29416.75,29423.5,996
1786018200,29424.5,29430.0,29406.25,29411.25,993
1786018500,29413.5,29419.25,29387.5,29394.5,1604
1786018800,29394.75,29443.5,29393.75,29433.25,1414
1786019100,29433.25,29450.75,29430.0,29432.5,942
1786019400,29430.0,29448.0,29413.75,29437.25,1176
1786019700,29437.5,29463.5,29434.5,29452.75,1111
1786020000,29451.5,29452.5,29423.5,29432.25,849
1786020300,29432.0,29439.5,29418.75,29432.25,744
1786020600,29432.5,29439.25,29416.0,29418.25,757
1786020900,29419.25,29422.0,29389.5,29399.5,1630
1786021200,29400.25,29404.5,29374.0,29380.25,1733
1786021500,29380.25,29381.5,29351.0,29362.0,1766
1786021800,29361.75,29369.0,29350.25,29351.5,1312
1786022100,29351.0,29362.0,29336.75,29349.0,2464
1786022400,29349.0,29367.0,29343.25,29357.0,1974
1786022700,29357.75,29363.25,29326.25,29334.5,3865
1786023000,29335.0,29373.75,29241.25,29340.0,19497
1786023300,29341.25,29448.5,29323.25,29385.5,17015
1786023600,29386.0,29474.25,29376.0,29458.75,12580
1786023900,29458.0,29534.5,29447.5,29525.75,11637
1786024200,29526.75,29551.0,29491.0,29500.25,9565
1786024500,29501.5,29538.75,29486.5,29527.25,9743
1786024800,29528.25,29558.5,29488.0,29517.75,10222
1786025100,29518.25,29584.25,29506.25,29579.25,8378
1786025400,29580.0,29619.0,29578.25,29608.5,7724
1786025700,29608.75,29652.5,29586.75,29640.75,8207
1786026000,29641.25,29667.0,29629.75,29634.25,6070
1786026300,29634.5,29640.25,29564.75,29587.0,9803
1786026600,29589.0,29638.75,29576.0,29632.5,7728
1786026900,29632.5,29650.75,29550.5,29553.0,7905
1786027200,29552.5,29622.25,29545.25,29583.5,7164
1786027500,29582.5,29585.5,29533.75,29558.25,6493
1786027800,29557.5,29615.0,29548.5,29614.75,5874
1786028100,29614.5,29659.25,29599.75,29656.75,5864
1786028400,29656.5,29677.5,29598.75,29612.0,6662
1786028700,29612.75,29674.75,29612.5,29671.75,5954
1786029000,29671.25,29686.25,29640.75,29646.5,5707
1786029300,29646.25,29663.25,29579.5,29579.75,6300
1786029600,29580.5,29605.75,29564.25,29577.75,5686
1786029900,29577.25,29611.25,29565.0,29608.5,4453
1786030200,29608.25,29628.0,29552.5,29553.0,5669
1786030500,29553.25,29580.5,29540.25,29565.25,5307
1786030800,29566.5,29585.0,29533.0,29534.0,4015
1786031100,29535.0,29613.25,29530.75,29589.25,5624
1786031400,29589.75,29624.5,29522.0,29526.5,7676
1786031700,29525.75,29556.0,29506.0,29516.25,6613
1786032000,29516.25,29523.5,29478.25,29502.0,7048
1786032300,29502.25,29542.75,29494.25,29525.5,4833
1786032600,29524.75,29542.0,29483.5,29488.25,4121
1786032900,29488.5,29504.5,29452.75,29494.0,5609
1786033200,29494.0,29499.0,29448.5,29487.5,4907
1786033500,29488.0,29493.5,29463.5,29471.5,3737
1786033800,29472.25,29507.0,29462.25,29478.75,4091
1786034100,29480.0,29523.0,29467.25,29522.25,3459
1786034400,29523.0,29527.25,29476.5,29478.25,3747
1786034700,29478.5,29514.25,29468.5,29513.25,3027
1786035000,29514.0,29533.5,29504.25,29510.0,3646
1786035300,29510.5,29558.5,29509.0,29556.5,3169
1786035600,29557.25,29574.25,29541.5,29547.0,4008
1786035900,29546.0,29574.25,29531.5,29538.25,2958
1786036200,29538.25,29549.75,29518.0,29523.75,2603
1786036500,29524.0,29551.5,29512.25,29542.5,2900
1786036800,29542.75,29550.75,29518.75,29523.5,2400
1786037100,29523.0,29550.25,29523.0,29527.75,2040
1786037400,29526.75,29543.0,29521.25,29531.25,1893
1786037700,29532.25,29542.5,29510.0,29513.0,2115
1786038000,29513.5,29520.75,29493.75,29510.0,2732
1786038300,29510.25,29521.75,29497.0,29497.0,2102
1786038600,29497.75,29529.0,29494.25,29522.0,2622
1786038900,29521.5,29533.5,29509.0,29529.0,2275
1786039200,29529.0,29538.0,29507.25,29531.25,2410
1786039500,29531.0,29539.5,29518.0,29533.75,2234
1786039800,29534.75,29546.75,29519.0,29542.75,1958
1786040100,29542.75,29572.0,29498.5,29552.75,5905
1786040400,29553.5,29575.5,29549.75,29568.0,2339
1786040700,29568.5,29572.5,29547.25,29556.5,2024
1786041000,29556.5,29561.0,29531.25,29534.0,2153
1786041300,29534.0,29547.0,29514.25,29518.75,2360
1786041600,29518.75,29524.5,29500.5,29520.0,2088
1786041900,29521.25,29537.0,29509.75,29511.75,2368
1786042200,29512.75,29522.0,29506.0,29513.5,1812
1786042500,29513.0,29530.25,29508.25,29515.5,2142
1786042800,29515.75,29565.25,29510.25,29562.5,3112
1786043100,29562.5,29568.75,29535.0,29565.0,2886
1786043400,29566.0,29570.25,29532.75,29536.25,2517
1786043700,29535.5,29539.25,29524.25,29527.5,1939
1786044000,29529.0,29551.25,29506.75,29509.25,2682
1786044300,29509.0,29526.0,29496.5,29509.0,3572
1786044600,29508.0,29545.5,29489.25,29538.5,3639
1786044900,29538.0,29538.5,29509.0,29509.5,1839
1786045200,29509.75,29514.25,29492.5,29504.0,2559
1786045500,29504.0,29511.5,29487.0,29507.75,3296
1786045800,29508.0,29536.25,29475.0,29530.75,6392
1786046100,29531.25,29531.25,29478.0,29497.25,13189
1786046400,29497.25,29550.0,29496.0,29538.75,5790
1786046700,29539.75,29552.0,29534.5,29548.0,1391
1786047000,29547.25,29550.75,29532.25,29537.0,1292
1786047300,29536.75,29548.75,29514.5,29523.5,1582
1786047600,29523.5,29532.25,29494.25,29497.0,1490
1786047900,29495.75,29508.0,29482.75,29492.5,946
1786048200,29492.5,29504.75,29480.75,29501.75,757
1786048500,29502.0,29503.5,29480.25,29490.75,536
1786048800,29490.5,29499.25,29489.5,29494.0,381
1786049100,29494.75,29498.25,29489.0,29496.0,344
1786049400,29496.0,29499.75,29492.75,29495.5,427
1786049700,29496.5,29506.25,29494.25,29504.25,457
1786053600,29514.25,29528.25,29494.5,29520.0,0
1786053900,29521.25,29550.0,29520.25,29547.0,528
1786054200,29549.75,29552.75,29541.0,29551.0,166
1786054500,29571.0,29574.75,29566.0,29567.25,884
1786054800,29567.0,29571.25,29547.5,29554.0,414
1786055100,29556.0,29570.0,29543.25,29550.0,585
1786055400,29549.0,29551.0,29529.25,29539.75,426
1786055700,29538.5,29543.25,29536.0,29539.25,109
1786056000,29540.75,29562.0,29539.0,29553.75,431
1786056300,29554.25,29559.0,29547.25,29549.5,207
1786056600,29549.5,29560.0,29549.0,29555.5,111
1786056900,29556.0,29568.25,29553.0,29566.0,242
1786057200,29564.75,29572.25,29561.5,29565.75,310
1786057500,29564.75,29566.0,29554.25,29559.75,238
1786057800,29561.0,29562.0,29556.25,29558.0,105
1786058100,29559.25,29596.5,29559.25,29573.25,473
1786058400,29573.5,29590.75,29572.0,29590.75,365
1786058700,29590.5,29597.0,29570.5,29573.0,486
1786059000,29572.5,29586.0,29570.5,29586.0,296
1786059300,29588.0,29589.25,29570.75,29579.0,289
1786059600,29579.5,29584.0,29563.25,29583.0,309
1786059900,29583.0,29597.75,29575.0,29596.25,378
1786060200,29595.25,29603.5,29587.5,29592.25,549
1786060500,29592.0,29596.0,29586.5,29593.25,216
1786060800,29595.25,29615.5,29578.75,29610.0,993
1786061100,29611.75,29618.75,29578.5,29580.0,686
1786061400,29581.0,29586.75,29562.0,29575.5,602
1786061700,29575.25,29575.25,29518.0,29528.75,1564
1786062000,29528.0,29528.5,29497.25,29510.0,1195
1786062300,29509.75,29527.0,29503.0,29513.5,708
1786062600,29513.0,29574.0,29500.75,29570.25,1380
1786062900,29572.25,29575.0,29518.0,29544.75,1064
1786063200,29543.5,29551.5,29505.0,29539.75,861
1786063500,29541.75,29557.25,29503.75,29513.75,805
1786063800,29512.0,29562.0,29506.25,29550.0,889
1786064100,29549.25,29573.0,29529.75,29561.25,948
1786064400,29561.75,29582.0,29557.0,29570.0,757
1786064700,29568.0,29577.75,29553.25,29557.75,731
1786065000,29562.0,29564.5,29515.0,29524.0,891
1786065300,29526.0,29532.0,29503.0,29507.25,789
1786065600,29508.25,29510.25,29482.5,29496.25,831
1786065900,29495.5,29536.0,29486.25,29531.25,1013
1786066200,29529.5,29581.25,29527.0,29551.25,1275
1786066500,29551.25,29553.75,29498.75,29500.75,1113
1786066800,29499.75,29522.0,29493.75,29521.75,743
1786067100,29522.0,29540.0,29502.25,29533.25,817
1786067400,29532.5,29534.5,29505.25,29521.5,391
1786067700,29524.5,29536.75,29515.5,29526.25,439
1786068000,29527.0,29547.0,29519.75,29543.75,1153
1786068300,29544.0,29548.0,29508.0,29510.75,750
1786068600,29511.25,29539.0,29489.5,29530.75,807
1786068900,29530.0,29539.5,29528.5,29537.25,249
1786069200,29537.25,29542.0,29514.5,29538.5,359
1786069500,29538.75,29538.75,29519.5,29525.5,236
1786069800,29526.5,29527.25,29503.25,29503.25,418
1786070100,29506.5,29517.75,29476.75,29486.75,708
1786070400,29486.0,29504.75,29475.5,29500.25,839
1786070700,29498.75,29534.25,29494.0,29534.25,548
1786071000,29534.5,29535.5,29526.5,29530.75,231
1786071300,29529.75,29533.0,29523.25,29527.0,186
1786071600,29526.0,29548.0,29526.0,29538.0,389
1786071900,29539.5,29547.25,29533.5,29542.0,456
1786072200,29543.0,29543.5,29529.25,29529.5,196
1786072500,29531.5,29535.0,29497.5,29498.75,564
1786072800,29498.75,29507.75,29491.25,29507.0,427
1786073100,29508.0,29513.5,29493.75,29505.0,337
1786073400,29503.0,29522.25,29498.5,29502.0,355
1786073700,29500.5,29520.0,29499.25,29504.0,168
1786074000,29502.0,29509.25,29496.25,29505.25,207
1786074300,29507.0,29510.25,29491.75,29506.5,210
1786074600,29507.0,29512.75,29490.5,29494.25,203
1786074900,29494.0,29494.0,29486.25,29489.25,184
1786075500,29496.25,29497.75,29490.75,29490.75,625
1786075800,29495.0,29500.75,29475.0,29479.0,576
1786076100,29478.5,29485.0,29453.5,29484.0,980
1786076400,29485.0,29516.75,29483.5,29510.5,1120
1786076700,29511.5,29512.5,29492.25,29508.25,522
1786077000,29508.25,29526.0,29501.25,29513.0,570
1786077300,29514.25,29516.25,29494.25,29500.25,372
1786077600,29501.25,29502.0,29492.0,29495.5,292
1786077900,29494.5,29504.75,29490.75,29501.5,225
1786078200,29501.75,29508.25,29489.25,29507.75,363
1786078500,29507.0,29513.5,29502.75,29511.5,241
1786078800,29510.75,29531.5,29507.5,29527.5,444
1786079100,29529.5,29556.75,29526.75,29541.75,1552
1786079400,29541.5,29548.75,29533.75,29539.5,314
1786079700,29539.5,29549.5,29538.0,29543.0,174
1786080000,29543.5,29554.25,29538.0,29543.75,291
1786080300,29544.25,29554.75,29542.0,29549.25,146
1786080600,29547.75,29550.0,29534.5,29535.25,236
1786080900,29534.25,29538.5,29528.0,29528.75,213
1786081200,29527.0,29539.25,29519.75,29534.0,318
1786081500,29534.0,29534.75,29525.0,29532.25,142
1786081800,29532.5,29538.75,29527.0,29536.0,221
1786082100,29536.25,29537.25,29522.75,29523.5,150
1786082400,29523.5,29547.25,29520.0,29541.5,461
1786082700,29540.75,29560.5,29538.75,29552.5,575
1786083000,29554.0,29564.5,29553.0,29559.75,515
1786083300,29557.5,29562.5,29547.5,29552.75,558
1786083600,29553.0,29569.5,29543.25,29569.5,801
1786083900,29569.75,29583.5,29560.0,29580.5,960
1786084200,29580.25,29583.5,29565.5,29570.75,473
1786084500,29573.5,29575.5,29563.25,29565.5,192
1786084800,29565.5,29566.0,29539.0,29546.5,558
1786085100,29544.25,29548.25,29537.75,29542.75,414
1786085400,29542.5,29545.0,29538.5,29542.75,276
1786085700,29542.5,29555.0,29540.0,29553.0,385
1786086000,29552.0,29558.0,29533.0,29536.0,840
1786086300,29536.75,29578.25,29536.25,29577.0,500
1786086600,29576.0,29591.75,29573.25,29591.5,869
1786086900,29591.5,29592.5,29580.0,29587.75,292
1786087200,29586.25,29586.25,29574.0,29580.5,400
1786087500,29580.0,29591.0,29576.0,29587.75,332
1786087800,29588.75,29588.75,29570.25,29576.0,301
1786088100,29575.75,29583.75,29572.75,29575.25,231
1786088400,29575.0,29591.0,29574.75,29583.0,343
1786088700,29582.5,29586.75,29571.0,29580.0,333
1786089000,29580.0,29580.25,29561.25,29580.25,350
1786089300,29581.75,29589.25,29579.75,29583.75,298
1786089600,29584.25,29613.0,29584.0,29599.0,1037
1786089900,29599.5,29614.25,29596.75,29608.5,694
1786090200,29608.5,29626.5,29607.5,29624.0,613
1786090500,29625.0,29628.25,29601.5,29602.25,530
1786090800,29602.75,29621.0,29599.25,29613.75,455
1786091100,29615.5,29629.75,29615.5,29623.75,383
1786091400,29623.5,29647.25,29620.25,29635.75,823
1786091700,29637.0,29639.75,29609.25,29619.25,565
1786092000,29619.25,29632.5,29611.5,29625.75,485
1786092300,29625.75,29635.75,29616.0,29623.75,1057
1786092600,29622.75,29624.0,29615.0,29618.25,409
1786092900,29617.25,29637.75,29616.75,29632.5,473
1786093200,29633.5,29649.0,29627.25,29637.25,521
1786093500,29638.25,29642.25,29625.25,29634.75,301
1786093800,29633.5,29644.25,29628.75,29641.75,325
1786094100,29642.0,29646.75,29625.5,29626.0,333
1786094400,29627.5,29646.0,29624.75,29644.0,351
1786094700,29644.0,29649.0,29630.75,29634.5,220
1786095000,29634.5,29647.0,29630.0,29635.25,252
1786095300,29633.5,29644.5,29633.5,29636.75,147
1786095600,29635.5,29635.5,29621.25,29629.0,321
1786095900,29629.5,29636.0,29622.5,29627.0,203
1786096200,29627.0,29632.25,29623.0,29627.5,232
1786096500,29627.75,29627.75,29616.0,29616.5,280
1786096800,29618.25,29628.0,29614.5,29623.75,331
1786097100,29623.75,29626.75,29613.0,29616.0,309
1786097400,29615.0,29622.25,29609.25,29609.75,235
1786097700,29609.25,29613.5,29600.25,29607.0,326
1786098000,29605.75,29608.0,29591.25,29604.25,385
1786098300,29604.5,29621.5,29602.75,29621.25,370
1786098600,29621.5,29622.0,29609.25,29615.5,223
1786098900,29615.25,29621.5,29611.25,29620.0,189
1786099200,29620.75,29625.25,29617.0,29623.5,201
1786099500,29621.25,29624.0,29608.25,29615.75,246
1786099800,29617.25,29622.0,29603.75,29605.0,359
1786100100,29605.25,29608.0,29602.25,29607.25,194
1786100400,29606.5,29641.25,29606.25,29634.75,729
1786100700,29634.5,29647.0,29630.0,29639.75,383
1786101000,29639.5,29648.25,29635.5,29637.0,472
1786101300,29637.25,29647.0,29636.75,29640.0,351
1786101600,29640.25,29652.5,29638.25,29645.25,436
1786101900,29645.0,29666.25,29645.0,29654.0,684
1786102200,29652.25,29656.5,29647.25,29656.25,337
1786102500,29655.5,29673.25,29649.25,29661.25,536
1786102800,29659.75,29672.0,29659.0,29666.0,359
1786103100,29664.5,29666.25,29659.0,29662.25,278
1786103400,29663.25,29663.5,29636.75,29638.75,1141
1786103700,29638.5,29643.75,29604.25,29614.0,1620
1786104000,29614.5,29675.75,29604.75,29649.75,1450
1786104300,29649.5,29652.75,29633.5,29644.25,592
1786104600,29645.25,29664.75,29640.5,29658.5,680
1786104900,29658.75,29671.25,29654.75,29654.75,826
1786105200,29656.25,29660.0,29639.25,29655.0,630
1786105500,29655.0,29686.0,29618.5,29683.5,1709
1786105800,29676.25,29772.25,29643.75,29753.5,5369
1786106100,29752.75,29799.75,29738.75,29797.5,3608
1786106400,29797.5,29814.0,29785.0,29801.75,3861
1786106700,29801.5,29855.25,29801.5,29846.5,3941
1786107000,29847.0,29867.75,29844.25,29848.25,2802
1786107300,29849.25,29849.75,29833.25,29843.25,2576
1786107600,29843.75,29850.5,29784.75,29786.25,3709
1786107900,29785.25,29805.0,29763.25,29780.0,2883
1786108200,29779.75,29783.25,29734.25,29741.0,3094
1786108500,29741.25,29745.25,29714.5,29731.5,2709
1786108800,29731.5,29736.5,29720.0,29729.0,1644
1786109100,29729.75,29740.5,29685.0,29714.75,4682
1786109400,29714.25,29813.25,29681.0,29806.0,18763
1786109700,29804.75,29809.25,29696.5,29731.25,13792
1786110000,29733.0,29796.0,29704.25,29788.5,11303
1786110300,29786.75,29820.0,29709.0,29773.0,11293
1786110600,29773.75,29800.0,29745.75,29753.5,7446
1786110900,29754.5,29761.75,29643.75,29677.25,11677
1786111200,29679.5,29713.25,29616.75,29619.25,12135
1786111500,29619.25,29684.75,29613.5,29632.0,8690
1786111800,29630.75,29649.0,29564.5,29585.0,11712
1786112100,29585.0,29720.0,29568.5,29718.0,12821
1786112400,29718.5,29744.75,29687.0,29702.75,8739
1786112700,29703.0,29779.5,29701.25,29761.25,7101
1786113000,29761.0,29775.0,29714.25,29731.0,7468
1786113300,29731.0,29743.75,29669.5,29677.5,9237
1786113600,29678.75,29720.5,29660.0,29676.0,7108
1786113900,29676.75,29732.0,29667.75,29708.0,7068
1786114200,29708.25,29726.75,29667.75,29682.25,5823
1786114500,29682.0,29734.0,29675.0,29721.0,5094
1786114800,29720.25,29748.0,29709.0,29744.75,5101
1786115100,29745.0,29769.0,29740.5,29756.0,3936
1786115400,29756.5,29782.5,29738.25,29759.75,5206
1786115700,29760.25,29767.5,29746.5,29758.25,3615
1786116000,29757.75,29798.25,29752.75,29795.5,4960
1786116300,29795.5,29828.75,29794.0,29826.75,5680
1786116600,29826.0,29855.25,29826.0,29839.5,6089
1786116900,29840.5,29843.0,29818.75,29824.25,4219
1786117200,29825.0,29837.5,29794.25,29811.75,4570
1786117500,29812.0,29834.0,29802.25,29829.5,2755
1786117800,29829.75,29843.25,29796.5,29815.5,4047
1786118100,29816.25,29822.0,29796.5,29814.0,2939
1786118400,29814.75,29820.5,29795.0,29812.0,2937
1786118700,29812.0,29830.0,29809.0,29824.5,2774
1786119000,29825.25,29829.25,29798.25,29800.75,2126
1786119300,29800.5,29818.5,29787.0,29794.25,2862
1786119600,29794.25,29819.0,29746.25,29747.25,5482
1786119900,29748.0,29753.5,29688.75,29714.0,6744
1786120200,29714.0,29738.75,29668.75,29736.0,7626
1786120500,29735.75,29757.0,29719.25,29752.5,4199
1786120800,29752.0,29761.25,29735.0,29754.25,3188
1786121100,29754.5,29772.75,29754.5,29767.5,3504
1786121400,29768.25,29780.75,29740.0,29745.75,3524
1786121700,29746.0,29765.0,29738.75,29739.5,2672
1786122000,29739.75,29757.25,29726.75,29745.0,3282
1786122300,29745.0,29768.0,29742.0,29765.0,2248
1786122600,29764.0,29767.0,29734.0,29736.0,1933
1786122900,29735.25,29759.5,29731.75,29756.0,2202
1786123200,29756.5,29764.5,29731.5,29732.5,2091
1786123500,29732.0,29756.75,29726.25,29747.5,1956
1786123800,29747.5,29754.5,29727.0,29735.75,2320
1786124100,29736.25,29764.25,29734.5,29761.5,1759
1786124400,29762.5,29763.0,29739.25,29745.25,1717
1786124700,29746.0,29755.25,29740.75,29746.75,1242
1786125000,29746.0,29759.25,29735.5,29751.0,1683
1786125300,29751.5,29757.5,29743.25,29743.25,1354
1786125600,29743.5,29754.75,29741.0,29746.5,1439
1786125900,29746.75,29753.25,29734.5,29743.25,1786
1786126200,29743.5,29747.25,29712.5,29721.5,2304
1786126500,29722.0,29734.25,29716.0,29727.5,2062
1786126800,29727.0,29731.5,29711.75,29718.25,1433
1786127100,29717.75,29722.5,29702.75,29705.75,1898
1786127400,29705.5,29724.25,29700.0,29704.0,2541
1786127700,29704.5,29710.75,29691.0,29699.0,1967
1786128000,29698.25,29701.5,29678.75,29681.25,1656
1786128300,29681.5,29701.5,29676.5,29699.25,2140
1786128600,29699.0,29711.5,29695.0,29697.5,1794
1786128900,29698.25,29729.0,29690.0,29725.0,2416
1786129200,29725.25,29771.75,29723.0,29746.0,4752
1786129500,29745.5,29793.75,29744.5,29792.5,3576
1786129800,29793.0,29810.75,29792.75,29800.0,3585
1786130100,29800.25,29823.0,29791.75,29793.25,4026
1786130400,29793.25,29815.0,29793.0,29798.5,2625
1786130700,29799.0,29811.75,29794.5,29811.0,1987
1786131000,29811.25,29812.0,29776.5,29779.25,3176
1786131300,29778.75,29801.5,29773.0,29795.0,2629
1786131600,29795.0,29797.25,29772.25,29779.25,2674
1786131900,29778.75,29797.25,29778.0,29789.25,3223
1786132200,29789.75,29834.25,29786.0,29827.75,5506
1786132500,29827.5,29860.25,29817.75,29834.25,16315
1786132800,29833.75,29850.75,29813.75,29815.0,5775
1786133100,29815.25,29822.25,29807.25,29808.75,1929
1786133400,29809.0,29822.75,29805.25,29820.25,1238
1786133700,29820.5,29829.0,29816.5,29817.25,555
1786134000,29818.0,29818.5,29805.25,29811.0,510
1786134300,29811.0,29813.5,29803.75,29805.0,425
1786134600,29805.5,29818.0,29802.5,29816.75,450
1786134900,29817.0,29823.25,29815.75,29820.0,469
1786135200,29820.25,29823.75,29813.25,29814.25,765
1786135500,29814.25,29818.75,29813.0,29816.0,585
1786135800,29815.0,29825.25,29814.75,29821.5,486
1786136100,29821.5,29845.0,29819.0,29834.75,720
1786313400,29851.75,29860.25,29820.0,29826.25,1016
1786313700,29828.5,29829.0,29805.25,29820.75,794
1786314000,29820.0,29839.75,29819.5,29834.5,546
1786314300,29834.5,29854.5,29824.25,29838.0,752
1786314600,29838.5,29853.5,29815.25,29820.0,553
1786314900,29820.25,29834.75,29814.5,29828.25,341
1786315200,29829.25,29844.75,29829.25,29837.5,380
1786315500,29837.5,29846.0,29831.5,29836.5,349
1786315800,29838.25,29851.0,29838.25,29850.25,297
1786316100,29848.5,29849.25,29842.5,29844.25,98
1786316400,29845.25,29853.5,29833.5,29851.25,349
1786316700,29848.5,29877.0,29847.0,29863.25,618
1786317000,29861.25,29868.0,29858.5,29862.75,225
1786317300,29860.5,29865.0,29856.25,29862.0,210
1786317600,29862.25,29882.25,29860.0,29870.0,535
1786317900,29870.25,29875.0,29859.0,29864.25,331
1786318200,29865.25,29865.75,29834.75,29841.0,767
1786318500,29842.25,29858.0,29837.25,29854.25,311
1786318800,29855.75,29865.25,29850.5,29862.25,234
1786319100,29862.0,29872.0,29861.25,29870.25,267
1786319400,29868.25,29869.0,29855.0,29861.25,252
1786319700,29859.5,29860.25,29828.25,29829.5,581
1786320000,29830.25,29839.75,29796.25,29825.25,1436
1786320300,29822.5,29883.25,29822.5,29872.0,1082
1786320600,29872.0,29906.5,29869.0,29893.0,1050
1786320900,29891.5,29899.5,29873.75,29874.25,681
1786321200,29875.0,29888.0,29843.5,29849.25,782
1786321500,29850.75,29861.5,29840.0,29845.75,585
1786321800,29847.0,29865.25,29843.0,29856.0,414
1786322100,29856.0,29859.25,29810.75,29810.75,991
1786322400,29811.25,29823.0,29799.75,29804.5,680
1786322700,29806.25,29826.25,29805.25,29826.25,551
1786323000,29825.75,29830.5,29808.25,29812.75,510
1786323300,29812.0,29818.25,29788.5,29802.0,857
1786323600,29803.25,29835.0,29791.0,29826.0,897
1786323900,29824.25,29837.0,29808.25,29830.0,533
1786324200,29829.0,29855.0,29823.25,29853.0,542
1786324500,29851.75,29866.0,29845.75,29865.0,642
1786324800,29864.5,29881.25,29858.5,29879.5,772
1786325100,29879.75,29882.5,29864.25,29865.25,378
1786325400,29864.0,29869.0,29840.75,29850.0,551
1786325700,29852.0,29881.5,29846.0,29877.25,644
1786326000,29877.0,29878.75,29861.75,29875.5,309
1786326300,29876.5,29890.25,29871.75,29889.25,447
1786326600,29889.5,29895.0,29886.5,29888.0,270
1786326900,29888.25,29889.25,29882.5,29885.0,166
1786327200,29886.0,29889.25,29874.5,29887.25,383
1786327500,29885.25,29892.25,29875.5,29876.75,244
1786327800,29876.75,29885.5,29869.25,29871.25,288
1786328100,29873.25,29874.5,29852.75,29862.75,697
1786328400,29864.0,29869.0,29858.5,29858.75,203
1786328700,29859.5,29872.0,29859.0,29870.0,196
1786329000,29870.0,29873.25,29854.5,29856.0,210
1786329300,29854.75,29883.0,29848.25,29882.75,375
1786329600,29883.25,29890.75,29880.75,29890.25,270
1786329900,29889.0,29893.0,29886.5,29887.5,208
1786330200,29887.0,29899.5,29887.0,29892.0,260
1786330500,29893.0,29899.25,29880.25,29880.25,279
1786330800,29881.25,29892.0,29878.0,29879.0,250
1786331100,29879.25,29881.25,29872.0,29876.0,149
1786331400,29875.75,29880.0,29869.25,29876.25,197
1786331700,29876.0,29891.25,29871.75,29889.0,217
1786332000,29888.25,29891.25,29879.5,29881.5,171
1786332300,29879.5,29884.75,29871.25,29882.5,241
1786332600,29880.0,29888.5,29872.75,29888.5,233
1786332900,29888.75,29898.0,29883.0,29894.0,224
1786333200,29894.0,29897.25,29889.0,29896.5,248
1786333500,29896.5,29898.5,29889.0,29892.75,206
1786333800,29893.25,29899.0,29881.25,29883.0,235
1786334100,29883.0,29883.0,29871.25,29880.0,232
1786334400,29878.25,29887.75,29873.0,29880.5,266
1786334700,29881.0,29896.0,29873.25,29895.75,201
1786335000,29897.0,29897.75,29885.25,29895.5,186
1786335300,29894.25,29901.5,29892.5,29897.0,237
1786335600,29897.0,29899.5,29894.5,29897.5,103
1786335900,29896.75,29904.0,29891.0,29899.25,239
1786336200,29898.25,29899.75,29886.75,29889.0,189
1786336500,29889.0,29892.5,29882.5,29883.75,186
1786336800,29883.5,29889.5,29863.0,29887.25,514
1786337100,29887.25,29897.75,29882.25,29889.75,219
1786337400,29889.75,29902.25,29885.75,29886.25,220
1786337700,29884.5,29884.75,29873.75,29882.75,303
1786338000,29882.25,29900.0,29881.0,29898.75,336
1786338300,29898.75,29913.75,29897.5,29909.0,490
1786338600,29909.25,29918.25,29906.5,29916.25,353
1786338900,29916.75,29920.5,29910.75,29914.25,365
1786339200,29916.0,29923.5,29913.0,29923.0,265
1786339500,29922.25,29924.5,29909.0,29910.75,217
1786339800,29912.0,29916.75,29907.5,29914.0,242
1786340100,29914.0,29919.0,29906.0,29908.0,361
1786340400,29907.25,29910.0,29903.5,29905.5,158
1786340700,29905.25,29910.0,29899.5,29904.5,259
1786341000,29904.25,29926.5,29902.75,29924.5,348
1786341300,29925.25,29930.5,29924.75,29930.5,321
1786341600,29930.0,29942.0,29927.5,29938.0,843
1786341900,29937.5,29946.0,29934.5,29943.75,434
1786342200,29943.25,29962.0,29943.0,29956.25,606
1786342500,29956.0,29962.75,29947.25,29959.25,490
1786342800,29959.0,29960.0,29923.0,29928.25,931
1786343100,29928.0,29928.0,29907.5,29914.25,486
1786343400,29914.25,29925.25,29907.0,29918.25,502
1786343700,29917.75,29919.0,29907.75,29915.75,235
1786344000,29915.75,29921.5,29912.75,29917.25,229
1786344300,29917.5,29920.0,29911.25,29913.5,216
1786344600,29914.5,29923.5,29911.0,29914.5,189
1786344900,29913.0,29916.75,29906.0,29908.5,382
1786345200,29909.25,29923.0,29902.5,29917.0,589
1786345500,29916.75,29921.75,29905.0,29911.25,284
1786345800,29908.75,29914.5,29886.25,29914.0,595
1786346100,29914.0,29931.0,29911.25,29931.0,517
1786346400,29932.25,29952.0,29931.0,29947.0,833
1786346700,29948.0,29952.5,29937.25,29952.25,301
1786347000,29950.75,29957.5,29948.0,29953.5,361
1786347300,29953.75,29967.5,29952.75,29964.25,427
1786347600,29964.0,29970.0,29958.75,29965.5,380
1786347900,29965.75,29984.0,29935.75,29938.75,878
1786348200,29939.5,29949.25,29937.5,29944.25,202
1786348500,29944.75,29959.75,29944.75,29951.5,225
1786348800,29952.5,29981.0,29948.5,29976.5,638
1786349100,29978.0,29980.75,29953.75,29962.5,462
1786349400,29958.5,29964.25,29947.0,29963.0,321
1786349700,29961.75,29973.0,29958.0,29967.5,314
1786350000,29966.5,29966.5,29939.5,29953.25,356
1786350300,29956.0,29959.0,29946.5,29953.5,255
1786350600,29952.0,29959.0,29944.0,29958.0,244
1786350900,29957.25,29972.0,29956.75,29969.5,293
1786351200,29969.25,29971.75,29952.75,29955.5,198
1786351500,29954.75,29956.0,29949.0,29954.25,149
1786351800,29952.25,29963.25,29949.75,29962.75,204
1786352100,29962.25,29975.0,29960.25,29971.5,365
1786352400,29971.5,29976.25,29966.0,29976.25,292
1786352700,29976.5,29979.0,29970.0,29977.0,293
1786353000,29977.0,29983.75,29972.5,29976.0,288
1786353300,29974.75,29981.75,29963.5,29966.0,231
1786353600,29965.0,29976.5,29965.0,29976.5,153
1786353900,29977.0,29978.0,29965.0,29967.75,200
1786354200,29968.5,29972.0,29958.0,29970.25,306
1786354500,29969.75,29969.75,29942.0,29946.0,391
1786354800,29946.5,29948.75,29936.5,29945.0,281
1786355100,29943.75,29946.5,29936.0,29944.5,154
1786355400,29943.75,29952.0,29943.75,29945.5,214
1786355700,29946.0,29949.0,29937.5,29938.75,143
1786356000,29939.25,29958.5,29932.75,29957.5,438
1786356300,29958.5,29959.0,29940.5,29940.5,302
1786356600,29942.0,29944.25,29916.0,29917.25,368
1786356900,29917.75,29928.75,29916.5,29927.5,238
1786357200,29928.0,29952.25,29928.0,29951.75,498
1786357500,29950.75,29950.75,29939.25,29946.75,217
1786357800,29943.5,29945.5,29929.25,29937.25,256
1786358100,29937.5,29937.5,29917.0,29918.75,360
1786358400,29916.75,29920.25,29910.0,29919.5,325
1786358700,29918.75,29924.5,29917.5,29918.75,137
1786359000,29919.5,29938.25,29919.5,29926.25,350
1786359300,29929.0,29932.5,29909.25,29912.25,530
1786359600,29912.75,29926.0,29883.25,29889.25,961
1786359900,29888.5,29889.0,29874.0,29876.0,494
1786360200,29876.5,29882.75,29851.5,29876.5,899
1786360500,29877.25,29882.5,29864.25,29870.25,551
1786360800,29869.0,29892.0,29868.75,29881.5,600
1786361100,29879.75,29913.0,29874.0,29909.0,654
1786361400,29909.25,29919.75,29904.75,29910.75,708
1786361700,29910.75,29912.0,29890.25,29895.0,553
1786362000,29893.0,29908.5,29872.0,29874.75,699
1786362300,29874.25,29884.25,29846.0,29848.25,1009
1786362600,29847.25,29874.0,29846.0,29864.0,947
1786362900,29862.75,29876.25,29859.25,29871.0,357
1786363200,29870.25,29880.75,29854.0,29877.25,521
1786363500,29877.5,29882.25,29864.25,29879.5,393
1786363800,29880.0,29883.75,29843.75,29845.0,531
1786364100,29845.75,29846.5,29826.5,29830.25,729
1786364400,29829.25,29834.75,29810.25,29820.5,685
1786364700,29819.0,29827.5,29816.25,29821.0,539
1786365000,29823.25,29827.5,29794.5,29794.5,1121
1786365300,29794.25,29812.25,29782.25,29792.0,1628
1786365600,29793.25,29808.75,29790.0,29804.0,649
1786365900,29803.75,29810.0,29791.25,29798.0,649
1786366200,29796.75,29796.75,29773.0,29778.0,1035
1786366500,29777.75,29782.5,29771.75,29777.0,698
1786366800,29778.5,29797.0,29772.25,29795.5,1458
1786367100,29795.0,29808.75,29791.0,29808.75,892
1786367400,29807.25,29816.0,29797.0,29805.0,1051
1786367700,29804.5,29818.5,29793.0,29815.25,912
1786368000,29815.25,29819.5,29794.25,29813.25,1234
1786368300,29812.75,29823.75,29789.5,29805.5,2442
1786368600,29805.5,29841.75,29737.0,29740.75,13766
1786368900,29741.25,29811.25,29727.75,29764.25,13353
1786369200,29763.0,29788.0,29718.75,29776.0,10243
1786369500,29775.75,29828.0,29767.5,29817.75,7939
1786369800,29817.25,29832.75,29754.5,29776.5,9501
1786370100,29777.5,29819.0,29756.25,29806.75,6546
1786370400,29807.0,29831.5,29788.25,29819.0,6670
1786370700,29819.25,29875.75,29817.0,29874.25,7348
1786371000,29874.75,29892.0,29870.0,29881.5,5193
1786371300,29882.0,29900.0,29855.25,29862.25,6004
1786371600,29863.0,29884.5,29827.0,29837.75,5637
1786371900,29838.75,29869.5,29814.75,29857.75,6391
1786372200,29858.25,29882.0,29850.0,29861.5,4603
1786372500,29861.25,29892.25,29846.75,29860.0,5126
1786372800,29859.75,29883.0,29855.0,29866.75,3371
1786373100,29866.5,29886.0,29862.5,29870.25,3079
1786373400,29870.25,29877.25,29794.75,29795.75,5634
1786373700,29795.0,29816.0,29777.75,29779.25,5843
1786374000,29779.75,29815.5,29771.25,29800.0,6158
1786374300,29800.0,29822.5,29782.75,29782.75,4078
1786374600,29782.5,29807.0,29766.0,29793.25,4335
1786374900,29793.25,29817.25,29790.0,29799.75,3708
1786375200,29799.75,29809.0,29773.5,29783.75,3192
1786375500,29783.75,29788.0,29753.5,29777.75,3902
1786375800,29777.0,29787.75,29747.75,29750.75,3309
1786376100,29751.25,29770.0,29740.75,29761.75,2966
1786376400,29762.0,29809.0,29753.0,29808.25,3898
1786376700,29808.25,29818.0,29786.25,29796.0,3513
1786377000,29795.5,29848.5,29793.5,29846.5,3932
1786377300,29846.25,29854.5,29837.5,29844.0,2607
1786377600,29844.5,29858.75,29841.25,29848.0,2447
1786377900,29848.5,29850.0,29816.5,29826.25,2840
1786378200,29826.0,29833.0,29811.75,29822.0,2121
1786378500,29822.0,29835.0,29804.75,29821.25,2736
1786378800,29821.5,29841.0,29816.0,29839.25,1957
1786379100,29839.75,29843.5,29807.5,29809.75,2529
1786379400,29809.5,29817.0,29744.0,29778.25,5326
1786379700,29778.75,29796.0,29760.75,29769.5,3301
1786380000,29769.25,29774.25,29729.5,29742.25,4262
1786380300,29742.75,29768.5,29733.0,29767.0,3525
1786380600,29766.5,29768.0,29741.75,29755.25,2430
1786380900,29756.0,29781.0,29756.0,29780.0,2524
1786381200,29780.25,29783.75,29760.75,29774.0,2507
1786381500,29773.75,29802.0,29769.75,29800.5,2848
1786381800,29800.75,29809.0,29793.0,29800.75,2252
1786382100,29800.75,29811.25,29789.5,29796.0,1869
1786382400,29796.5,29804.5,29792.0,29796.75,1322
1786382700,29797.0,29799.75,29776.25,29787.5,2066
1786383000,29786.75,29796.5,29784.75,29787.75,1444
1786383300,29788.0,29790.75,29763.75,29769.5,2198
1786383600,29770.0,29778.5,29756.0,29759.5,1660
1786383900,29760.0,29763.5,29752.75,29753.0,1708
1786384200,29754.0,29761.75,29744.25,29752.25,2088
1786384500,29753.0,29765.25,29745.75,29759.75,1644
1786384800,29759.0,29768.25,29750.0,29754.5,1567
1786385100,29754.5,29770.0,29748.5,29766.25,1323
1786385400,29765.0,29772.75,29750.0,29751.25,1452
1786385700,29751.75,29756.5,29742.75,29747.25,1724
1786386000,29747.0,29755.75,29742.5,29750.0,1324
1786386300,29750.75,29756.0,29743.5,29747.75,1036
1786386600,29747.5,29765.0,29741.5,29763.0,2132
1786386900,29763.25,29771.0,29746.25,29755.25,1772
1786387200,29755.5,29773.5,29753.75,29771.75,1779
1786387500,29772.0,29774.0,29759.75,29765.5,1345
1786387800,29765.25,29780.0,29765.25,29775.0,1438
1786388100,29775.25,29784.5,29767.5,29782.0,1726
1786388400,29782.75,29793.25,29778.75,29782.25,2236
1786388700,29783.0,29789.25,29775.5,29787.5,1575
1786389000,29787.25,29795.0,29782.5,29789.5,1357
1786389300,29789.75,29796.0,29781.75,29785.5,1652
1786389600,29785.0,29794.0,29780.75,29793.5,1508
1786389900,29793.75,29796.0,29779.75,29781.75,1711
1786390200,29782.25,29788.25,29775.0,29777.0,2000
1786390500,29777.25,29793.0,29773.0,29788.0,1684
1786390800,29788.25,29789.25,29770.25,29776.25,2112
1786391100,29776.0,29784.25,29766.25,29781.75,2696
1786391400,29782.25,29782.25,29732.5,29734.0,6350
1786391700,29736.75,29756.25,29722.5,29744.25,14347
1786392000,29744.5,29754.75,29740.0,29745.75,4307
1786392300,29745.25,29754.75,29741.5,29753.5,1241
1786392600,29753.25,29753.75,29740.25,29745.0,906
1786392900,29745.0,29753.0,29742.25,29743.5,660
1786393200,29743.25,29750.5,29737.0,29744.0,499
1786393500,29743.0,29754.5,29742.5,29751.75,467
1786393800,29751.75,29754.0,29743.5,29747.25,397
1786394100,29747.25,29753.5,29743.25,29750.0,330
1786394400,29750.25,29760.0,29748.0,29757.5,510
1786394700,29758.0,29765.25,29757.5,29760.75,609
1786395000,29761.0,29770.0,29755.75,29769.0,299
1786395300,29768.5,29769.75,29762.0,29764.25,336
1786399200,29764.5,29788.5,29755.75,29773.25,0
1786399500,29773.5,29774.5,29757.75,29761.25,405
1786399800,29760.75,29764.0,29752.0,29761.5,388
1786400100,29761.75,29762.75,29746.75,29746.75,309
1786400400,29746.0,29751.0,29733.0,29739.25,445
1786400700,29738.5,29750.0,29738.5,29746.25,302
1786401000,29746.0,29746.25,29724.25,29727.75,600
1786401300,29727.75,29732.25,29723.5,29727.0,225
1786401600,29726.75,29731.75,29722.25,29725.25,214
1786401900,29724.5,29732.0,29724.5,29728.0,117
1786402200,29728.75,29735.5,29724.75,29729.75,196
1786402500,29729.25,29736.75,29729.0,29732.5,70
1786402800,29732.5,29735.5,29720.75,29730.5,309
1786403100,29730.25,29732.5,29727.25,29729.25,110
1786403400,29729.0,29733.0,29728.75,29731.25,100
1786403700,29731.5,29732.0,29723.0,29723.5,130
1786404000,29724.0,29725.0,29701.25,29710.25,893
1786404300,29710.25,29717.0,29704.25,29708.5,283
1786404600,29708.5,29710.5,29702.5,29708.25,185
1786404900,29707.5,29715.0,29706.75,29709.0,235
1786405200,29709.5,29715.5,29707.0,29714.25,150
1786405500,29713.75,29726.75,29705.5,29718.0,488
1786405800,29717.75,29719.0,29692.25,29698.0,544
1786406100,29695.25,29707.25,29677.5,29704.5,980
1786406400,29703.75,29703.75,29666.0,29688.25,1276
1786406700,29686.75,29718.5,29681.0,29704.5,1043
1786407000,29702.75,29753.5,29700.5,29748.75,1703
1786407300,29746.75,29750.25,29728.25,29736.75,909
1786407600,29737.0,29755.25,29725.0,29742.5,793
1786407900,29743.75,29765.0,29741.0,29762.75,774
1786408200,29764.0,29770.0,29756.0,29758.0,567
1786408500,29759.0,29771.25,29756.0,29760.25,540
1786408800,29762.0,29784.0,29761.0,29778.25,550
1786409100,29779.25,29791.75,29777.0,29778.25,604
1786409400,29778.0,29793.75,29778.0,29791.5,447
1786409700,29790.75,29792.5,29783.0,29785.0,265
1786410000,29784.75,29797.0,29765.0,29773.25,1267
1786410300,29771.5,29789.75,29764.5,29788.0,547
1786410600,29789.25,29826.0,29787.75,29826.0,1291
1786410900,29825.25,29827.75,29808.75,29813.75,586
1786411200,29815.0,29839.5,29812.25,29833.5,660
1786411500,29832.25,29832.75,29812.5,29821.75,503
1786411800,29819.25,29827.5,29813.0,29815.75,437
1786412100,29816.0,29820.0,29810.0,29814.0,247
1786412400,29813.75,29826.25,29811.75,29822.5,286
1786412700,29820.75,29842.5,29817.0,29841.5,681
1786413000,29842.0,29842.0,29831.75,29836.5,305
1786413300,29836.25,29837.25,29818.25,29818.25,366
1786413600,29818.0,29829.0,29813.75,29828.75,291
1786413900,29827.75,29830.5,29812.0,29815.0,368
1786414200,29816.0,29823.75,29813.75,29819.5,210
1786414500,29821.25,29827.25,29814.5,29823.0,221
1786414800,29823.25,29824.0,29813.0,29819.75,196
1786415100,29819.0,29826.75,29814.5,29825.0,182
1786415400,29824.0,29838.25,29824.0,29834.0,530
1786415700,29833.25,29833.25,29825.25,29827.25,166
1786416000,29826.75,29839.0,29826.75,29838.75,200
1786416300,29839.5,29844.5,29832.75,29833.75,316
1786416600,29833.25,29834.25,29820.25,29826.25,346
1786416900,29827.0,29827.0,29815.0,29818.25,242
1786417200,29817.75,29832.75,29815.0,29829.0,325
1786417500,29830.25,29830.25,29815.75,29824.75,233
1786417800,29826.75,29828.75,29818.5,29821.5,133
1786418100,29822.5,29825.75,29817.5,29822.75,135
1786418400,29822.5,29842.0,29819.75,29841.25,482
1786418700,29841.0,29847.5,29835.75,29840.75,326
1786419000,29842.25,29843.0,29826.0,29828.75,256
1786419300,29829.25,29842.0,29827.75,29838.75,233
1786419600,29838.5,29842.5,29831.75,29831.75,149
1786419900,29833.5,29836.0,29828.25,29834.75,177
1786420200,29835.0,29842.75,29833.0,29841.25,149
1786420500,29840.5,29840.75,29829.75,29834.0,105
1786421100,29838.25,29841.0,29836.0,29836.25,299
1786421400,29837.5,29851.25,29837.25,29847.75,415
1786421700,29848.5,29849.25,29843.5,29845.5,149
1786422000,29844.25,29846.0,29838.25,29840.75,244
1786422300,29841.0,29854.5,29839.25,29852.75,365
1786422600,29852.5,29861.75,29847.25,29847.25,461
1786422900,29847.5,29851.5,29843.0,29849.75,170
1786423200,29849.0,29849.0,29835.5,29838.25,194
1786423500,29839.25,29846.0,29838.0,29841.0,125
1786423800,29841.75,29842.75,29834.5,29837.75,134
1786424100,29835.75,29840.0,29835.5,29838.75,109
1786424400,29838.75,29844.5,29834.5,29836.0,176
1786424700,29834.5,29848.0,29830.25,29844.75,208
1786425000,29845.75,29854.25,29842.75,29852.0,154
1786425300,29852.25,29853.5,29826.75,29827.75,230
1786425600,29828.0,29828.5,29815.0,29815.75,377
1786425900,29815.25,29820.75,29813.25,29813.75,281
1786426200,29813.25,29818.0,29798.25,29817.0,818
1786426500,29817.25,29829.5,29815.5,29820.5,456
1786426800,29821.5,29824.75,29810.5,29815.5,244
1786427100,29814.5,29817.0,29797.0,29798.25,314
1786427400,29799.5,29801.0,29786.75,29793.25,463
1786427700,29791.5,29802.0,29789.0,29793.25,309
1786428000,29792.5,29817.25,29787.25,29812.25,613
1786428300,29812.25,29818.0,29805.5,29816.0,258
1786428600,29814.25,29827.75,29814.25,29819.5,246
1786428900,29820.0,29822.0,29792.0,29792.25,376
1786429200,29791.75,29794.25,29778.0,29778.5,788
1786429500,29778.0,29780.0,29766.25,29771.25,722
1786429800,29770.5,29780.0,29732.5,29745.5,1217
1786430100,29745.0,29776.5,29738.0,29775.25,862
1786430400,29775.75,29789.25,29775.0,29782.0,757
1786430700,29785.25,29786.75,29762.5,29766.0,371
1786431000,29765.75,29770.0,29740.0,29741.0,740
1786431300,29741.5,29755.75,29738.5,29754.25,335
1786431600,29755.75,29769.75,29745.0,29760.25,520
1786431900,29761.75,29762.75,29733.25,29748.25,523
1786432200,29749.5,29766.5,29744.75,29759.75,357
1786432500,29758.25,29765.0,29739.25,29743.0,392
1786432800,29743.25,29746.25,29728.0,29735.0,508
1786433100,29735.25,29759.75,29735.0,29743.25,471
1786433400,29744.25,29775.0,29743.25,29771.0,505
1786433700,29772.5,29780.25,29770.0,29770.5,260
1786434000,29771.5,29776.5,29761.0,29769.0,293
1786434300,29767.5,29774.25,29758.0,29761.75,223
1786434600,29764.5,29775.25,29756.0,29759.5,342
1786434900,29759.25,29779.5,29756.75,29774.75,299
1786435200,29776.0,29804.25,29768.0,29779.25,1093
1786435500,29779.25,29782.0,29747.75,29748.25,671
1786435800,29750.25,29759.75,29730.5,29731.25,554
1786436100,29730.75,29738.0,29724.0,29726.75,453
1786436400,29727.25,29736.25,29718.0,29734.25,414
1786436700,29735.0,29747.25,29732.75,29733.0,442
1786437000,29733.5,29745.25,29719.0,29722.25,410
1786437300,29723.0,29735.25,29717.75,29734.25,324
1786437600,29733.5,29754.75,29731.5,29753.75,468
1786437900,29752.5,29763.5,29749.5,29757.0,277
1786438200,29757.0,29762.5,29750.75,29758.25,191
1786438500,29757.75,29758.0,29741.75,29749.5,326
1786438800,29748.0,29753.25,29723.75,29738.25,537
1786439100,29738.75,29756.25,29719.5,29720.5,467
1786439400,29720.75,29734.5,29718.75,29733.0,377
1786439700,29732.25,29759.5,29731.25,29758.25,473
1786440000,29757.25,29765.75,29747.5,29753.5,354
1786440300,29753.25,29762.0,29743.25,29759.0,306
1786440600,29759.25,29774.25,29754.5,29768.25,525
1786440900,29768.75,29776.0,29763.5,29773.0,297
1786441200,29773.0,29784.0,29767.5,29767.5,327
1786441500,29768.25,29781.5,29768.25,29776.25,166
1786441800,29772.0,29772.0,29764.5,29766.75,135
1786442100,29769.0,29773.25,29764.25,29768.75,160
1786442400,29770.25,29773.0,29760.75,29761.25,181
1786442700,29759.25,29766.0,29754.75,29764.0,253
1786443000,29764.75,29764.75,29755.0,29756.25,225
1786443300,29756.25,29774.25,29750.25,29773.25,244
1786443600,29773.25,29807.75,29771.5,29798.5,852
1786443900,29800.0,29832.75,29796.25,29821.25,955
1786444200,29821.75,29823.75,29805.25,29810.0,508
1786444500,29811.5,29814.5,29803.25,29804.0,241
1786444800,29803.0,29817.5,29801.75,29815.0,271
1786445100,29814.25,29827.5,29812.25,29826.5,214
1786445400,29826.0,29826.25,29816.0,29817.0,176
1786445700,29817.0,29818.25,29813.0,29818.0,180
1786446000,29818.75,29886.75,29818.25,29877.75,3366
1786446300,29879.0,29886.0,29869.0,29877.5,1228
1786446600,29877.75,29883.0,29867.75,29872.0,606
1786446900,29871.0,29873.0,29837.0,29837.25,843
1786447200,29839.0,29845.75,29830.75,29831.25,525
1786447500,29831.75,29840.75,29828.5,29834.25,444
1786447800,29833.75,29837.0,29817.0,29820.0,536
1786448100,29820.0,29828.5,29811.0,29817.75,388
1786448400,29817.75,29836.25,29812.75,29824.5,633
1786448700,29825.25,29827.5,29812.75,29823.5,416
1786449000,29823.5,29835.25,29823.5,29834.5,262
1786449300,29833.25,29834.25,29825.5,29832.0,255
1786449600,29832.75,29834.75,29819.5,29830.0,414
1786449900,29830.0,29854.0,29830.0,29853.5,732
1786450200,29853.5,29864.25,29853.25,29862.25,679
1786450500,29861.25,29871.5,29855.25,29862.5,842
1786450800,29863.5,29871.25,29821.5,29823.5,1815
1786451100,29823.25,29835.0,29822.75,29828.5,483
1786451400,29829.75,29837.0,29819.0,29831.5,696
1786451700,29832.0,29857.25,29831.5,29853.0,551
1786452000,29853.25,29856.75,29842.0,29846.0,421
1786452300,29847.0,29854.0,29839.25,29841.5,426
1786452600,29841.0,29842.5,29827.0,29839.0,506
1786452900,29839.5,29846.5,29832.25,29833.75,602
1786453200,29832.5,29851.25,29830.25,29836.0,1040
1786453500,29836.0,29848.75,29836.0,29846.0,435
1786453800,29845.5,29847.75,29820.25,29827.5,849
1786454100,29827.75,29839.25,29813.0,29829.5,1470
1786454400,29828.5,29837.75,29822.5,29830.5,1003
1786454700,29831.25,29845.75,29816.0,29839.0,2801
1786455000,29839.25,29842.5,29726.5,29737.5,16230
1786455300,29736.75,29743.0,29679.0,29702.25,12250
1786455600,29701.75,29756.25,29700.25,29723.25,10524
1786455900,29723.75,29725.0,29631.75,29660.75,13433
1786456200,29659.75,29696.0,29643.5,29663.75,8606
1786456500,29664.0,29735.0,29657.0,29732.75,8148
1786456800,29732.5,29770.75,29718.25,29756.75,8117
1786457100,29756.5,29792.5,29752.0,29778.0,6944
1786457400,29778.5,29790.5,29757.0,29763.0,5053
1786457700,29762.0,29791.75,29740.0,29749.0,8146
1786458000,29749.25,29773.5,29737.5,29748.0,5987
1786458300,29748.25,29782.0,29742.25,29777.25,4515
1786458600,29777.75,29785.25,29732.5,29772.75,5979
1786458900,29772.5,29778.25,29741.75,29744.0,4535
1786459200,29744.75,29758.75,29728.25,29742.75,4809
1786459500,29741.75,29783.25,29740.5,29780.0,4672
1786459800,29780.0,29804.75,29765.25,29794.5,5625
1786460100,29793.75,29804.0,29772.5,29777.0,3489
1786460400,29776.5,29792.25,29771.5,29776.75,3884
1786460700,29776.75,29777.25,29712.5,29713.5,6759
1786461000,29713.75,29728.0,29703.25,29712.25,4895
1786461300,29711.0,29718.75,29697.5,29708.75,4446
1786461600,29709.0,29735.25,29702.0,29707.25,4156
1786461900,29706.25,29722.25,29701.75,29702.75,3159
1786462200,29702.5,29719.5,29666.25,29674.25,5276
1786462500,29673.75,29693.0,29666.75,29670.75,4128
1786462800,29670.0,29695.5,29663.75,29693.0,3473
1786463100,29693.25,29693.75,29667.5,29667.5,3124
1786463400,29667.5,29685.75,29661.25,29666.5,3637
1786463700,29666.5,29676.0,29658.75,29663.25,3174
1786464000,29663.75,29674.5,29647.75,29652.25,3340
1786464300,29652.25,29681.0,29651.25,29679.0,3178
1786464600,29679.0,29681.75,29649.5,29652.5,2805
1786464900,29652.5,29669.75,29643.0,29648.75,2376
1786465200,29648.5,29661.25,29640.0,29643.0,3413
1786465500,29642.75,29647.25,29622.0,29645.75,4475
1786465800,29645.75,29650.5,29630.75,29633.25,2216
1786466100,29634.0,29666.75,29632.25,29661.5,2928
1786466400,29662.0,29662.0,29634.0,29637.0,2640
1786466700,29637.0,29638.5,29614.75,29632.5,3412
1786467000,29632.75,29643.0,29630.0,29641.5,3060
1786467300,29642.0,29642.5,29622.25,29626.0,3189
1786467600,29626.75,29634.75,29604.75,29605.5,3424
1786467900,29605.5,29623.5,29602.75,29613.25,2259
1786468200,29612.0,29612.25,29577.0,29578.25,3484
1786468500,29578.25,29608.0,29573.0,29601.25,3738
1786468800,29600.75,29617.5,29592.25,29607.75,3323
1786469100,29607.25,29618.0,29598.25,29606.0,3057
1786469400,29606.5,29615.0,29598.75,29614.0,2119
1786469700,29614.5,29629.0,29604.75,29611.0,2904
1786470000,29611.75,29638.0,29609.25,29634.25,2449
1786470300,29634.5,29640.75,29624.5,29629.75,2223
1786470600,29630.0,29639.5,29630.0,29638.75,1398
1786470900,29638.75,29639.75,29622.25,29628.75,2036
1786471200,29629.25,29635.75,29618.0,29630.0,2770
1786471500,29630.25,29634.25,29602.0,29605.0,3040
1786471800,29604.75,29614.75,29602.5,29607.75,1852
1786472100,29608.0,29614.0,29601.25,29604.25,1763
1786472400,29604.25,29604.25,29574.0,29583.5,3411
1786472700,29583.75,29587.25,29533.5,29544.25,5214
1786473000,29545.0,29570.25,29540.0,29568.75,4169
1786473300,29568.75,29576.75,29556.0,29563.25,2048
1786473600,29562.75,29563.25,29543.5,29548.75,2394
1786473900,29548.75,29588.75,29548.25,29585.0,2297
1786474200,29585.75,29599.5,29580.5,29595.0,2620
1786474500,29595.25,29597.0,29582.75,29582.75,2236
1786474800,29582.25,29595.25,29575.25,29593.5,2594
1786475100,29593.25,29594.0,29571.5,29582.75,2058
1786475400,29582.75,29614.5,29580.25,29607.75,3376
1786475700,29608.0,29615.75,29602.0,29605.75,2093
1786476000,29605.25,29617.0,29602.25,29613.25,1829
1786476300,29613.25,29627.0,29606.25,29624.0,2330
1786476600,29624.5,29639.0,29620.0,29636.75,3328
1786476900,29637.0,29660.0,29631.75,29659.5,3342
1786477200,29659.5,29660.25,29637.25,29640.25,3645
1786477500,29639.75,29643.0,29620.0,29628.5,3979
1786477800,29628.75,29648.75,29607.0,29645.75,6501
1786478100,29645.25,29650.0,29612.5,29635.25,11576
1786478400,29635.75,29651.75,29617.75,29621.25,4781
1786478700,29621.5,29635.75,29619.75,29632.0,2361
1786479000,29632.0,29641.5,29614.75,29640.25,1573
1786479300,29640.5,29652.5,29639.0,29649.5,1059
1786479600,29649.5,29669.5,29649.5,29665.0,930
1786479900,29666.25,29676.5,29663.5,29674.75,626
1786480200,29674.5,29676.0,29668.25,29669.5,588
1786480500,29670.25,29673.0,29666.0,29669.0,403
1786480800,29669.25,29671.25,29664.5,29670.0,290
1786481100,29670.75,29671.25,29660.75,29661.5,444
1786481400,29662.25,29662.75,29650.75,29656.5,436
1786481700,29656.25,29659.75,29643.5,29646.75,605
1786485600,29657.75,29661.0,29626.75,29643.5,0
1786485900,29642.25,29647.0,29632.25,29640.25,321
1786486200,29639.5,29660.0,29631.5,29658.25,325
1786486500,29658.75,29662.0,29652.25,29654.0,214
1786486800,29654.75,29657.0,29653.75,29655.25,115
1786487100,29655.75,29656.0,29650.5,29655.0,91
1786487400,29653.25,29666.0,29642.25,29651.0,444
1786487700,29652.25,29655.25,29649.0,29649.25,111
1786488000,29650.75,29653.75,29637.0,29639.25,241
1786488300,29639.75,29647.75,29634.0,29644.25,249
1786488600,29644.0,29649.25,29639.75,29647.0,126
1786488900,29648.0,29653.75,29647.0,29650.25,228
1786489200,29649.5,29654.25,29645.75,29648.0,128
1786489500,29648.0,29652.25,29639.5,29649.75,140
1786489800,29649.75,29650.5,29640.25,29641.75,163
1786490100,29641.5,29646.0,29640.75,29642.75,68
1786490400,29642.75,29646.5,29641.5,29644.5,87
1786490700,29644.5,29654.25,29644.0,29652.5,192
1786491000,29652.75,29653.25,29637.5,29641.0,256
1786491300,29640.5,29644.0,29635.75,29638.0,100
1786491600,29638.75,29642.0,29637.5,29640.75,69
1786491900,29640.75,29641.5,29634.25,29635.0,187
1786492200,29636.0,29661.5,29636.0,29656.25,460
1786492500,29655.5,29663.0,29654.25,29662.25,203
1786492800,29661.75,29669.75,29626.0,29637.75,1275
1786493100,29638.5,29647.25,29624.5,29633.75,438
1786493400,29633.75,29651.5,29626.5,29650.5,309
1786493700,29649.25,29668.75,29638.5,29667.75,697
1786494000,29667.75,29676.0,29658.75,29673.25,550
1786494300,29673.75,29675.75,29660.25,29665.5,443
1786494600,29666.0,29673.5,29657.0,29667.5,375
1786494900,29669.0,29680.0,29653.75,29655.75,455
1786495200,29656.5,29665.75,29652.0,29662.0,336
1786495500,29662.0,29672.0,29655.5,29664.0,334
1786495800,29665.25,29666.75,29657.0,29660.25,165
1786496100,29660.5,29670.75,29660.5,29665.75,111
1786496400,29662.75,29675.75,29660.0,29675.25,275
1786496700,29675.25,29681.0,29662.5,29680.0,494
1786497000,29678.5,29680.75,29671.75,29674.75,251
1786497300,29675.0,29675.75,29653.5,29662.5,458
1786497600,29663.0,29663.75,29639.5,29646.75,421
1786497900,29646.25,29666.5,29642.25,29661.75,382
1786498200,29660.0,29662.5,29647.5,29647.5,267
1786498500,29647.75,29659.25,29646.75,29648.0,280
1786498800,29648.0,29678.0,29648.0,29678.0,403
1786499100,29678.25,29680.5,29667.25,29678.25,326
1786499400,29678.0,29683.5,29664.5,29671.0,387
1786499700,29671.25,29671.25,29646.75,29658.25,444
1786500000,29659.0,29670.75,29656.5,29661.5,379
1786500300,29660.75,29663.25,29650.0,29658.5,246
1786500600,29658.5,29661.5,29651.0,29658.0,262
1786500900,29658.5,29664.25,29654.25,29664.0,216
1786501200,29664.5,29665.5,29657.75,29658.0,136
1786501500,29658.0,29678.0,29658.0,29678.0,283
1786501800,29677.25,29693.25,29675.25,29687.75,429
1786502100,29689.25,29693.0,29687.75,29687.75,202
1786502400,29688.0,29694.5,29686.25,29688.25,162
1786502700,29688.0,29698.75,29688.0,29698.5,289
1786503000,29698.25,29701.25,29694.5,29700.0,234
1786503300,29699.75,29703.0,29696.5,29702.5,237
1786503600,29702.75,29710.0,29701.5,29703.25,454
1786503900,29705.0,29708.5,29695.25,29699.25,270
1786504200,29699.75,29707.5,29698.25,29705.25,189
1786504500,29705.25,29708.75,29696.5,29700.0,309
1786504800,29700.0,29704.0,29695.25,29695.25,208
1786505100,29696.5,29704.75,29696.0,29702.5,123
1786505400,29701.75,29704.75,29698.0,29698.75,162
1786505700,29699.0,29704.0,29693.0,29695.75,166
1786506000,29696.5,29697.75,29688.75,29691.25,174
1786506300,29692.75,29701.25,29692.0,29701.25,108
1786506600,29700.25,29700.5,29684.5,29687.75,220
1786506900,29687.25,29696.25,29686.75,29695.0,112
1786507500,29694.0,29695.0,29691.75,29694.5,458
1786507800,29693.5,29697.5,29692.0,29697.5,62
1786508100,29697.0,29698.5,29691.5,29692.25,112
1786508400,29691.75,29702.0,29691.75,29701.0,92
1786508700,29701.0,29703.0,29695.75,29698.25,131
1786509000,29697.0,29699.75,29683.5,29687.0,296
1786509300,29688.25,29699.0,29688.25,29696.25,133
1786509600,29696.0,29698.0,29692.25,29696.5,128
1786509900,29696.5,29712.5,29692.25,29712.25,330
1786510200,29712.25,29714.5,29709.25,29711.75,270
1786510500,29711.5,29715.5,29710.75,29713.0,178
1786510800,29714.0,29714.5,29700.5,29701.0,258
1786511100,29701.5,29704.75,29688.5,29696.25,233
1786511400,29696.5,29696.5,29685.0,29685.0,154
1786511700,29684.25,29690.0,29680.25,29685.0,230
1786512000,29684.25,29686.25,29668.25,29681.0,446
1786512300,29681.25,29689.5,29680.75,29688.0,193
1786512600,29688.75,29705.25,29687.25,29704.0,291
1786512900,29704.75,29707.0,29701.0,29705.0,146
1786513200,29705.5,29708.5,29699.0,29699.75,137
1786513500,29699.75,29704.0,29697.0,29702.5,130
1786513800,29702.75,29713.5,29700.5,29713.5,185
1786514100,29713.75,29718.0,29710.5,29715.5,376
1786514400,29715.0,29724.25,29713.75,29723.0,431
1786514700,29723.0,29724.0,29718.0,29721.25,193
1786515000,29721.25,29723.25,29707.25,29713.75,358
1786515300,29713.75,29721.25,29704.75,29717.5,316
1786515600,29718.5,29720.0,29698.25,29703.25,282
1786515900,29703.0,29713.0,29698.25,29711.75,235
1786516200,29709.5,29718.25,29706.0,29715.25,192
1786516500,29714.0,29730.25,29712.25,29724.0,269
1786516800,29725.5,29725.75,29709.5,29718.0,231
1786517100,29719.0,29730.25,29718.25,29727.25,270
1786517400,29727.25,29730.75,29724.0,29725.25,188
1786517700,29724.5,29737.25,29723.75,29736.75,512
1786518000,29737.25,29750.0,29735.5,29746.5,1602
1786518300,29746.25,29753.75,29742.0,29743.5,410
1786518600,29743.25,29748.5,29738.25,29741.25,344
1786518900,29741.5,29748.75,29737.75,29738.0,149
1786519200,29737.25,29738.75,29732.0,29734.0,222
1786519500,29734.25,29741.5,29727.5,29739.25,305
1786519800,29738.0,29739.25,29729.75,29732.25,153
1786520100,29733.25,29744.0,29732.5,29739.5,265
1786520400,29739.25,29742.75,29733.25,29742.75,116
1786520700,29741.25,29741.25,29730.5,29731.25,133
1786521000,29731.5,29738.25,29730.5,29736.75,105
1786521300,29734.25,29751.5,29733.5,29751.5,205
1786521600,29752.25,29781.25,29748.25,29773.0,1175
1786521900,29773.5,29776.0,29762.75,29767.75,356
1786522200,29768.0,29773.5,29765.5,29771.0,239
1786522500,29772.0,29781.25,29764.25,29779.25,317
1786522800,29780.5,29792.25,29778.75,29792.25,551
1786523100,29791.25,29792.25,29783.0,29786.0,241
1786523400,29785.75,29787.25,29762.75,29765.25,409
1786523700,29764.75,29775.75,29764.0,29775.75,249
1786524000,29775.0,29778.75,29770.0,29773.25,160
1786524300,29773.0,29791.5,29771.75,29791.5,286
1786524600,29791.0,29797.75,29791.0,29797.5,345
1786524900,29797.5,29799.5,29793.25,29793.75,267
1786525200,29794.5,29808.5,29793.5,29804.25,554
1786525500,29805.0,29812.0,29798.0,29809.5,269
1786525800,29809.75,29812.0,29806.25,29808.25,160
1786526100,29808.0,29815.0,29804.5,29808.5,277
1786526400,29808.25,29847.25,29803.75,29846.25,980
1786526700,29844.75,29848.25,29817.0,29824.0,708
1786527000,29823.5,29838.5,29822.5,29831.75,462
1786527300,29831.75,29838.75,29828.75,29834.0,253
1786527600,29835.25,29837.25,29828.25,29829.75,253
1786527900,29830.0,29830.5,29815.25,29819.25,474
1786528200,29820.0,29834.5,29804.0,29804.25,609
1786528500,29805.0,29816.25,29802.75,29815.25,427
1786528800,29815.5,29828.5,29814.75,29824.5,404
1786529100,29824.25,29828.5,29818.75,29825.0,357
1786529400,29825.5,29842.75,29824.25,29839.0,477
1786529700,29839.5,29840.0,29833.75,29838.0,212
1786530000,29838.5,29845.25,29837.75,29842.75,312
1786530300,29843.5,29844.0,29834.25,29839.5,236
1786530600,29839.75,29841.0,29834.25,29839.5,214
1786530900,29839.0,29839.75,29832.25,29836.75,214
1786531200,29836.0,29844.25,29834.75,29841.5,239
1786531500,29840.75,29841.5,29785.0,29815.5,1491
1786531800,29815.5,29822.5,29802.75,29817.0,862
1786532100,29818.0,29818.5,29803.25,29814.5,341
1786532400,29816.0,29832.0,29814.0,29822.5,687
1786532700,29822.25,29838.0,29818.25,29836.0,385
1786533000,29836.0,29836.75,29822.5,29823.5,338
1786533300,29821.25,29821.75,29807.25,29808.0,374
1786533600,29808.75,29818.0,29805.5,29805.75,294
1786533900,29805.75,29819.0,29805.5,29810.25,381
1786534200,29810.0,29824.75,29806.0,29820.5,435
1786534500,29820.5,29827.75,29806.5,29827.25,355
1786534800,29827.5,29831.75,29823.75,29825.5,339
1786535100,29825.75,29827.75,29819.5,29823.5,249
1786535400,29822.25,29836.75,29819.5,29832.25,377
1786535700,29832.75,29846.5,29832.75,29845.5,464
1786536000,29846.0,29858.25,29837.25,29850.0,972
1786536300,29849.75,29849.75,29831.75,29832.5,406
1786536600,29832.0,29838.75,29829.25,29830.0,366
1786536900,29830.5,29842.25,29820.75,29829.0,850
1786537200,29830.25,29846.75,29825.25,29842.75,861
1786537500,29842.5,29932.25,29836.75,29905.5,2485
1786537800,29905.25,29960.0,29750.25,29898.0,6921
1786538100,29898.25,29924.25,29873.75,29923.0,2697
1786538400,29923.25,29935.0,29914.0,29917.25,2435
1786538700,29918.25,29922.0,29901.0,29908.5,1729
1786539000,29908.5,29922.5,29899.75,29917.25,924
1786539300,29918.0,29921.75,29907.25,29919.25,701
1786539600,29920.0,29933.25,29916.0,29925.5,1490
1786539900,29925.5,29941.5,29923.0,29928.25,1310
1786540200,29929.0,29940.0,29926.25,29939.0,853
1786540500,29939.75,29963.0,29935.75,29961.5,1863
1786540800,29961.5,29981.75,29960.75,29970.0,2263
1786541100,29969.75,29992.75,29959.75,29991.0,4456
1786541400,29991.25,30001.75,29877.75,29878.25,18685
1786541700,29878.5,29946.25,29867.25,29889.25,12486
1786542000,29889.75,29904.5,29853.25,29899.5,7929
1786542300,29899.5,29970.75,29871.0,29962.0,10034
1786542600,29961.25,29962.75,29885.75,29896.0,9456
1786542900,29896.0,29921.5,29860.75,29907.5,8359
1786543200,29907.25,29913.75,29856.5,29857.25,7817
1786543500,29857.25,29922.75,29847.75,29920.25,7588
1786543800,29921.25,29936.0,29884.25,29892.5,8232
1786544100,29893.25,29918.5,29876.25,29877.75,4822
1786544400,29878.25,29924.5,29864.0,29921.75,5872
1786544700,29921.75,29945.75,29904.75,29916.25,6062
1786545000,29916.0,29924.75,29828.25,29878.25,9163
1786545300,29878.25,29929.0,29862.0,29921.25,5397
1786545600,29921.0,29927.75,29894.25,29925.0,4347
1786545900,29924.75,29931.5,29891.0,29903.75,3971
1786546200,29904.0,29904.5,29856.0,29861.75,5749
1786546500,29861.5,29879.25,29848.5,29868.0,4543
1786546800,29868.0,29879.0,29839.0,29851.5,4449
1786547100,29851.25,29878.5,29841.25,29871.25,3958
1786547400,29871.25,29892.0,29848.75,29879.75,3934
1786547700,29879.75,29887.0,29862.5,29871.5,2817
1786548000,29871.25,29877.75,29845.0,29849.5,3067
1786548300,29849.75,29874.75,29843.5,29874.5,2860
1786548600,29874.25,29879.0,29819.0,29832.25,4583
1786548900,29831.75,29858.25,29830.0,29832.75,3118
1786549200,29832.25,29842.5,29818.5,29828.25,2881
1786549500,29829.0,29847.5,29819.0,29847.5,2514
1786549800,29847.25,29854.0,29834.25,29837.25,2273
1786550100,29836.75,29843.25,29829.75,29831.75,2025
1786550400,29832.75,29861.25,29829.0,29851.0,3056
1786550700,29851.0,29871.75,29844.75,29871.5,1905
1786551000,29871.75,29877.75,29860.0,29873.25,2758
1786551300,29873.5,29876.75,29857.75,29861.5,3028
1786551600,29862.0,29883.75,29857.5,29881.5,2344
1786551900,29881.25,29887.75,29869.5,29873.5,1880
1786552200,29874.0,29880.5,29851.25,29852.0,3020
1786552500,29852.25,29886.0,29851.0,29885.0,2746
1786552800,29885.25,29894.75,29881.25,29885.0,3069
1786553100,29885.5,29899.0,29879.0,29896.75,1947
1786553400,29896.5,29918.0,29896.25,29911.25,3507
1786553700,29911.5,29914.0,29903.0,29905.5,2076
1786554000,29906.25,29924.25,29902.5,29919.5,2265
1786554300,29919.0,29924.5,29908.0,29909.25,2015
1786554600,29909.0,29913.25,29898.0,29911.25,2518
1786554900,29911.5,29911.75,29889.25,29899.5,2700
1786555200,29899.5,29909.5,29898.25,29904.5,2098
1786555500,29904.75,29920.0,29903.75,29909.25,2037
1786555800,29910.0,29919.5,29901.25,29909.5,2074
1786556100,29909.0,29917.75,29906.75,29913.75,1328
1786556400,29914.25,29922.25,29908.0,29915.0,2198
1786556700,29915.75,29920.5,29910.25,29912.5,1357
1786557000,29912.5,29924.0,29904.5,29907.75,2095
1786557300,29907.0,29913.0,29901.5,29910.25,1252
1786557600,29910.0,29915.0,29899.25,29901.25,1455
1786557900,29900.5,29904.25,29890.25,29899.25,1570
1786558200,29899.25,29918.5,29899.0,29907.25,1714
1786558500,29907.0,29909.25,29893.0,29901.0,1832
1786558800,29901.25,29909.75,29890.5,29908.75,1882
1786559100,29909.0,29913.75,29892.25,29894.0,1543
1786559400,29893.75,29912.5,29893.75,29903.5,1654
1786559700,29903.0,29913.0,29901.75,29910.75,1088
1786560000,29910.75,29932.0,29910.25,29919.5,2710
1786560300,29919.5,29920.25,29909.0,29918.0,1539
1786560600,29918.5,29923.25,29908.75,29909.25,1207
1786560900,29909.0,29909.25,29885.0,29889.75,2789
1786561200,29890.25,29902.75,29889.5,29891.0,1783
1786561500,29891.25,29905.0,29890.0,29891.75,1278
1786561800,29891.5,29893.75,29879.0,29884.25,1925
1786562100,29884.0,29898.5,29881.75,29889.5,1657
1786562400,29889.25,29890.25,29863.5,29865.5,2742
1786562700,29864.75,29873.5,29856.0,29868.25,2204
1786563000,29867.0,29868.0,29852.5,29858.75,2584
1786563300,29858.25,29864.0,29850.5,29853.75,2031
1786563600,29854.0,29855.0,29831.75,29849.25,4142
1786563900,29849.25,29868.75,29840.75,29865.5,3856
1786564200,29865.75,29870.0,29839.5,29856.5,5370
1786564500,29856.5,29862.0,29825.75,29852.75,13153
1786564800,29853.0,29880.75,29846.5,29869.5,4373
1786565100,29868.5,29906.0,29854.75,29863.5,3441
1786565400,29864.0,29865.25,29831.5,29846.75,1726
1786565700,29846.5,29851.25,29828.25,29830.25,1112
1786566000,29831.0,29835.75,29824.0,29826.75,775
1786566300,29826.5,29827.0,29814.75,29820.0,927
1786566600,29820.0,29822.0,29809.5,29817.75,1193
1786566900,29817.75,29823.25,29813.5,29819.75,594
1786567200,29820.0,29822.5,29817.25,29820.25,391
1786567500,29821.25,29821.5,29812.75,29814.25,440
1786567800,29814.25,29823.0,29813.0,29813.75,290
1786568100,29814.25,29815.0,29804.5,29805.75,294
1786572000,29825.0,29831.75,29807.25,29810.25,0
1786572300,29810.25,29825.0,29806.0,29819.25,511
1786572600,29820.5,29822.5,29800.25,29804.75,403
1786572900,29805.0,29809.75,29792.5,29794.0,327
1786573200,29794.25,29802.5,29789.0,29798.75,331
1786573500,29798.25,29800.0,29784.0,29794.0,324
1786573800,29792.25,29792.75,29780.5,29786.0,545
1786574100,29786.25,29788.5,29781.5,29788.0,269
1786574400,29788.0,29795.5,29786.0,29793.0,286
1786574700,29792.25,29803.5,29788.5,29797.0,341
1786575000,29797.75,29800.75,29795.25,29800.5,92
1786575300,29800.75,29801.25,29795.0,29797.75,107
1786575600,29797.25,29808.5,29797.0,29803.0,269
1786575900,29803.0,29807.5,29801.75,29806.25,194
1786576200,29806.25,29812.0,29806.0,29808.75,329
1786576500,29808.5,29809.75,29804.25,29808.25,115
1786576800,29810.0,29812.5,29807.25,29808.25,146
1786577100,29808.25,29809.0,29802.0,29807.25,253
1786577400,29805.25,29805.25,29793.5,29799.25,237
1786577700,29798.75,29813.5,29798.0,29812.5,225
1786578000,29812.5,29815.0,29804.0,29810.25,259
1786578300,29811.75,29812.25,29792.0,29795.5,429
1786578600,29795.0,29809.25,29794.5,29806.5,289
1786578900,29807.25,29808.0,29797.75,29804.5,259
1786579200,29805.25,29857.0,29796.75,29840.75,1437
1786579500,29840.75,29863.5,29838.75,29855.0,899
1786579800,29855.25,29861.5,29847.0,29847.75,508
1786580100,29848.25,29862.25,29838.0,29861.0,710
1786580400,29860.0,29866.75,29850.25,29860.75,490
1786580700,29861.0,29865.0,29838.75,29840.25,542
1786581000,29839.75,29853.75,29828.5,29840.25,837
1786581300,29836.5,29842.25,29829.5,29839.0,288
1786581600,29840.0,29844.5,29831.75,29840.75,312
1786581900,29840.5,29849.5,29831.25,29848.0,379
1786582200,29849.0,29850.0,29829.75,29834.25,309
1786582500,29834.0,29849.75,29829.0,29846.0,377
1786582800,29845.75,29849.25,29821.5,29830.0,655
1786583100,29831.5,29843.75,29830.75,29841.25,359
1786583400,29842.5,29853.0,29826.5,29829.25,527
1786583700,29831.5,29838.5,29823.5,29833.25,393
1786584000,29833.25,29835.5,29821.75,29827.5,285
1786584300,29828.0,29828.0,29808.25,29818.25,727
1786584600,29816.75,29836.0,29814.5,29835.25,548
1786584900,29836.25,29844.0,29835.0,29840.0,326
1786585200,29840.0,29843.75,29828.5,29837.75,389
1786585500,29836.75,29841.0,29828.0,29829.75,246
1786585800,29831.0,29856.25,29830.25,29856.25,597
1786586100,29855.0,29866.0,29853.25,29857.25,619
1786586400,29858.0,29869.25,29853.75,29860.75,440
1786586700,29861.0,29871.25,29857.5,29860.0,360
1786587000,29862.0,29865.75,29859.5,29862.25,155
1786587300,29861.75,29867.0,29859.0,29861.75,227
1786587600,29861.5,29869.5,29856.75,29864.25,342
1786587900,29863.75,29869.25,29859.0,29863.0,301
1786588200,29861.75,29863.0,29833.5,29833.5,786
1786588500,29834.25,29857.0,29834.0,29854.25,531
1786588800,29855.0,29877.75,29854.5,29873.75,724
1786589100,29873.75,29874.0,29866.0,29869.25,234
1786589400,29870.75,29872.0,29866.25,29869.5,127
1786589700,29870.25,29874.5,29866.25,29868.5,146
1786590000,29868.5,29873.5,29865.5,29869.5,184
1786590300,29868.75,29875.75,29867.75,29870.25,183
1786590600,29871.25,29875.25,29868.5,29874.5,116
1786590900,29873.75,29879.5,29871.25,29877.25,231
1786591200,29876.75,29877.75,29871.25,29874.0,138
1786591500,29873.75,29877.25,29872.0,29874.0,95
1786591800,29876.25,29877.0,29867.25,29870.75,159
1786592100,29869.0,29880.0,29868.75,29876.0,230
1786592400,29875.5,29876.5,29873.0,29876.0,94
1786592700,29876.0,29880.0,29875.75,29876.75,140
1786593000,29877.25,29880.0,29876.5,29878.25,262
1786593300,29878.0,29879.75,29874.0,29878.0,125
1786593900,29886.75,29888.75,29886.0,29888.75,561
1786594200,29889.5,29891.75,29869.25,29869.25,454
1786594500,29869.25,29873.5,29867.75,29871.75,215
1786594800,29870.75,29870.75,29853.75,29868.25,644
1786595100,29867.5,29884.5,29867.0,29877.0,424
1786595400,29876.5,29888.75,29876.5,29887.25,149
1786595700,29886.25,29896.0,29881.0,29881.25,321
1786596000,29881.25,29886.0,29877.0,29879.0,199
1786596300,29878.75,29891.75,29873.5,29890.0,299
1786596600,29889.25,29895.0,29888.25,29890.5,163
1786596900,29890.5,29891.75,29878.0,29879.25,185
1786597200,29878.5,29897.25,29874.0,29894.25,279
1786597500,29893.75,29902.0,29892.5,29901.25,354
1786597800,29901.5,29916.5,29899.5,29915.0,681
1786598100,29915.0,29921.25,29909.25,29910.0,458
1786598400,29910.75,29920.0,29907.75,29910.0,288
1786598700,29911.0,29922.75,29910.75,29920.5,304
1786599000,29921.5,29924.0,29902.0,29911.75,512
1786599300,29912.5,29915.75,29897.0,29907.5,450
1786599600,29907.5,29912.5,29898.75,29902.75,388
1786599900,29901.75,29908.5,29899.25,29904.75,196
1786600200,29904.5,29908.25,29895.75,29897.75,193
1786600500,29897.75,29903.0,29882.0,29884.5,386
1786600800,29884.5,29887.5,29869.25,29881.5,827
1786601100,29880.5,29888.0,29877.75,29887.0,274
1786601400,29888.0,29897.0,29880.75,29892.75,402
1786601700,29894.0,29897.5,29885.0,29894.0,228
1786602000,29893.25,29905.25,29892.0,29905.25,218
1786602300,29905.5,29905.5,29892.25,29898.0,255
1786602600,29896.75,29905.25,29885.75,29890.25,485
1786602900,29888.5,29891.75,29875.0,29875.0,320
1786603200,29876.75,29877.25,29859.75,29862.25,449
1786603500,29862.0,29867.25,29858.25,29861.75,334
1786603800,29863.0,29873.0,29861.0,29868.0,266
1786604100,29868.75,29890.25,29867.75,29888.5,355
1786604400,29888.0,29893.25,29852.0,29856.25,864
1786604700,29857.0,29858.25,29847.0,29851.5,631
1786605000,29852.0,29854.75,29845.0,29854.0,434
1786605300,29853.75,29863.25,29848.0,29853.5,391
1786605600,29855.5,29872.75,29851.25,29870.5,318
1786605900,29870.5,29872.5,29866.0,29872.5,274
1786606200,29869.75,29871.75,29863.25,29863.25,225
1786606500,29863.25,29876.0,29861.25,29874.75,330
1786606800,29875.25,29882.25,29869.5,29880.5,411
1786607100,29880.5,29881.5,29866.75,29872.75,497
1786607400,29875.0,29875.25,29863.25,29864.5,293
1786607700,29865.25,29868.0,29859.25,29860.0,146
1786608000,29859.75,29872.5,29829.0,29834.25,1026
1786608300,29833.5,29866.25,29832.5,29847.5,662
1786608600,29848.0,29848.0,29829.5,29838.5,477
1786608900,29838.25,29846.25,29827.0,29846.25,448
1786609200,29847.5,29853.75,29839.25,29853.25,491
1786609500,29853.5,29865.0,29852.75,29858.75,319
1786609800,29859.5,29861.25,29851.25,29859.0,259
1786610100,29858.5,29859.5,29845.5,29858.5,312
1786610400,29857.75,29866.0,29850.75,29862.5,269
1786610700,29861.75,29865.5,29854.25,29857.0,277
1786611000,29855.75,29875.75,29855.75,29862.0,412
1786611300,29863.5,29872.0,29860.25,29860.75,159
1786611600,29861.5,29868.75,29851.75,29856.0,338
1786611900,29857.0,29857.75,29845.75,29847.0,315
1786612200,29847.0,29853.5,29833.0,29833.0,436
1786612500,29832.25,29839.5,29821.0,29839.5,412
1786612800,29839.75,29848.75,29837.5,29847.0,223
1786613100,29848.25,29848.5,29835.75,29838.75,151
1786613400,29837.5,29855.75,29836.5,29854.25,231
1786613700,29854.75,29857.0,29849.0,29851.75,139
1786614000,29852.0,29861.25,29850.75,29860.75,134
1786614300,29860.5,29865.5,29857.5,29862.5,181
1786614600,29863.5,29874.5,29863.0,29871.25,322
1786614900,29871.75,29879.25,29871.0,29876.5,214
1786615200,29876.25,29877.25,29864.25,29866.25,371
1786615500,29866.75,29877.0,29863.25,29870.75,278
1786615800,29873.0,29878.25,29868.5,29874.25,148
1786616100,29875.5,29881.0,29873.5,29878.25,213
1786616400,29878.5,29884.5,29872.0,29873.0,301
1786616700,29872.25,29878.5,29864.5,29873.0,274
1786617000,29874.0,29880.75,29869.5,29870.5,245
1786617300,29870.0,29878.0,29868.5,29874.0,208
1786617600,29874.75,29877.75,29872.0,29877.75,121
1786617900,29877.75,29885.25,29875.0,29882.75,155
1786618200,29883.75,29886.5,29876.0,29884.5,182
1786618500,29884.5,29885.0,29880.25,29881.25,159
1786618800,29881.5,29892.25,29877.75,29879.5,509
1786619100,29880.0,29887.25,29875.25,29878.0,196
1786619400,29877.75,29879.25,29870.75,29871.75,159
1786619700,29872.25,29875.5,29857.5,29861.25,520
1786620000,29862.5,29866.0,29859.0,29863.25,224
1786620300,29863.25,29864.75,29855.5,29863.0,273
1786620600,29860.25,29872.25,29857.5,29871.75,356
1786620900,29871.75,29885.75,29868.5,29883.75,392
1786621200,29882.75,29888.75,29875.5,29887.75,401
1786621500,29888.25,29895.0,29885.25,29888.0,438
1786621800,29888.25,29888.25,29867.5,29883.0,317
1786622100,29883.0,29886.5,29868.0,29869.0,253
1786622400,29869.5,29872.0,29840.0,29840.5,974
1786622700,29840.0,29853.25,29837.0,29848.75,546
1786623000,29847.0,29850.25,29832.75,29842.25,572
1786623300,29840.25,29840.25,29812.25,29816.75,651
1786623600,29818.75,29830.5,29818.0,29825.75,377
1786623900,29825.0,29860.0,29819.25,29844.5,851
1786624200,29849.75,29890.5,29820.0,29847.0,2886
1786624500,29847.0,29856.0,29839.75,29854.5,1171
1786624800,29851.0,29870.25,29837.0,29846.75,2172
1786625100,29845.75,29864.25,29841.0,29858.25,1030
1786625400,29858.25,29876.5,29854.5,29872.25,918
1786625700,29873.25,29881.25,29869.25,29880.25,539
1786626000,29880.75,29910.75,29878.75,29908.75,2580
1786626300,29909.0,29921.0,29905.75,29917.5,1323
1786626600,29917.5,29917.75,29903.0,29908.25,745
1786626900,29908.5,29912.0,29900.25,29906.5,942
1786627200,29906.5,29915.25,29903.75,29907.0,1139
1786627500,29906.75,29920.0,29903.0,29910.75,2674
1786627800,29911.0,29947.25,29863.5,29945.5,14525
1786628100,29945.25,30039.75,29940.0,30038.25,13265
1786628400,30038.0,30053.5,29995.5,30012.25,9886
1786628700,30013.5,30146.0,30005.25,30135.0,12534
1786629000,30135.25,30155.0,30119.25,30146.0,10979
1786629300,30146.25,30182.25,30122.75,30176.0,8866
1786629600,30175.75,30188.0,30155.75,30177.0,9239
1786629900,30177.0,30189.75,30160.75,30178.75,6646
1786630200,30178.75,30214.75,30178.75,30204.75,7117
1786630500,30206.25,30217.5,30193.75,30198.0,6194
1786630800,30197.75,30216.75,30185.25,30206.0,6224
1786631100,30206.0,30239.5,30198.0,30234.25,6054
1786631400,30233.25,30266.25,30227.5,30262.75,7624
1786631700,30263.0,30267.5,30240.25,30251.75,5389
1786632000,30252.0,30260.25,30232.5,30236.5,5051
1786632300,30236.0,30241.5,30212.25,30219.0,6889
1786632600,30218.75,30228.5,30208.0,30226.75,5234
1786632900,30226.25,30227.5,30198.25,30199.5,5979
1786633200,30199.25,30231.5,30193.75,30199.0,6497
1786633500,30199.25,30224.25,30197.0,30215.0,5055
1786633800,30214.75,30228.25,30206.25,30217.5,3837
1786634100,30217.5,30226.75,30202.0,30226.0,4064
1786634400,30226.5,30238.75,30220.75,30231.0,3675
1786634700,30231.0,30236.0,30179.5,30188.25,7374
1786635000,30188.75,30198.5,30143.25,30145.75,6508
1786635300,30146.25,30165.5,30128.25,30151.75,6956
1786635600,30151.0,30176.75,30131.5,30157.0,4817
1786635900,30156.25,30156.75,30126.0,30139.75,3967
1786636200,30140.0,30142.0,30104.5,30120.0,5119
1786636500,30119.25,30137.0,30104.0,30115.5,4218
1786636800,30117.25,30165.0,30114.25,30149.5,4633
1786637100,30150.5,30172.5,30150.5,30164.5,2893
1786637400,30164.5,30172.25,30138.5,30140.75,2727
1786637700,30140.75,30151.5,30133.75,30144.25,2476
1786638000,30144.0,30168.5,30137.0,30165.25,2582
1786638300,30166.0,30189.0,30164.0,30186.5,3247
1786638600,30186.75,30200.0,30184.25,30187.75,3009
1786638900,30187.0,30194.75,30168.0,30176.25,2681
1786639200,30176.75,30187.75,30170.0,30183.0,2016
1786639500,30183.25,30196.0,30182.5,30193.0,1584
1786639800,30192.25,30203.25,30181.5,30181.5,2370
1786640100,30181.75,30193.75,30176.5,30193.75,2399
1786640400,30193.75,30220.0,30193.25,30217.75,3780
1786640700,30217.75,30231.75,30216.25,30226.75,2838
1786641000,30227.25,30232.75,30224.25,30226.25,2071
1786641300,30226.25,30244.0,30224.75,30244.0,2983
1786641600,30243.5,30250.0,30235.25,30241.25,3047
1786641900,30241.5,30245.75,30235.75,30237.5,2023
1786642200,30237.75,30244.75,30230.25,30233.75,2323
1786642500,30233.75,30236.5,30221.5,30225.25,2315
1786642800,30225.0,30231.25,30214.25,30214.5,2053
1786643100,30214.5,30228.0,30214.0,30217.25,1803
1786643400,30217.5,30222.25,30205.25,30207.0,2015
1786643700,30207.25,30219.5,30203.75,30204.5,2095
1786644000,30205.0,30211.75,30201.5,30207.25,2100
1786644300,30208.0,30215.5,30194.5,30197.75,2657
1786644600,30197.5,30204.5,30189.5,30201.5,2133
1786644900,30201.5,30207.75,30193.75,30195.25,2013
1786645200,30194.75,30200.75,30181.0,30184.0,2856
1786645500,30184.0,30196.0,30183.0,30192.0,2443
1786645800,30192.0,30220.0,30191.5,30215.75,3532
1786646100,30215.75,30222.75,30212.25,30221.0,1982
1786646400,30220.75,30237.25,30216.25,30229.0,3059
1786646700,30228.5,30242.75,30228.25,30240.0,2378
1786647000,30240.5,30244.0,30232.25,30239.0,2115
1786647300,30239.25,30246.0,30236.25,30244.25,1859
1786647600,30244.25,30255.0,30242.0,30246.25,2819
1786647900,30246.5,30272.75,30240.0,30266.5,4523
1786648200,30266.75,30267.5,30232.0,30238.75,3783
1786648500,30238.25,30241.5,30221.75,30240.5,3645
1786648800,30240.75,30246.0,30232.5,30233.25,2102
1786649100,30233.0,30235.25,30215.25,30223.25,3271
1786649400,30222.75,30227.75,30211.0,30216.25,3163
1786649700,30216.25,30223.75,30212.75,30220.0,2109
1786650000,30220.25,30223.5,30202.75,30204.5,2727
1786650300,30204.5,30207.0,30195.25,30202.25,3403
1786650600,30201.25,30206.0,30183.25,30192.75,6574
1786650900,30192.75,30197.75,30173.0,30194.0,14178
1786651200,30194.25,30217.75,30144.5,30204.0,8724
1786651500,30204.25,30220.0,30193.75,30200.0,1921
1786651800,30200.5,30212.75,30195.75,30208.0,1017
1786652100,30208.25,30214.25,30202.0,30204.5,853
1786652400,30204.75,30204.75,30192.5,30197.0,665
1786652700,30197.25,30206.5,30194.25,30197.75,644
1786653000,30198.25,30207.5,30195.5,30202.5,596
1786653300,30202.75,30212.75,30200.25,30211.75,504
1786653600,30212.0,30213.25,30208.25,30209.5,346
1786653900,30209.25,30213.5,30208.75,30210.25,374
1786654200,30209.75,30214.0,30208.75,30212.75,270
1786654500,30212.5,30219.75,30208.75,30214.25,536
1786658400,30210.75,30214.5,30186.0,30200.5,0
1786658700,30199.75,30216.75,30195.0,30200.75,467
1786659000,30198.5,30203.5,30191.5,30197.25,240
1786659300,30196.25,30205.5,30190.0,30203.0,291
1786659600,30203.75,30204.25,30190.75,30198.0,260
1786659900,30196.5,30200.0,30196.0,30197.0,102
1786660200,30198.5,30207.0,30198.25,30205.5,239
1786660500,30206.0,30209.25,30201.5,30202.0,180
1786660800,30203.0,30210.25,30201.75,30206.75,131
1786661100,30206.25,30207.5,30200.0,30201.0,131
1786661400,30202.0,30207.75,30200.0,30203.75,182
1786661700,30202.25,30204.75,30200.25,30203.25,86
1786662000,30204.0,30205.25,30199.0,30204.0,96
1786662300,30205.25,30215.0,30204.0,30213.0,266
1786662600,30213.25,30224.75,30212.75,30224.75,301
1786662900,30225.0,30226.0,30207.25,30214.0,390
1786663200,30212.25,30213.5,30192.25,30198.75,455
1786663500,30198.5,30203.0,30197.25,30199.5,151
1786663800,30198.5,30203.5,30195.5,30201.0,176
1786664100,30201.75,30203.5,30195.25,30196.25,109
1786664400,30197.0,30201.75,30193.5,30196.25,269
1786664700,30196.75,30203.25,30189.5,30196.5,671
1786665000,30196.25,30199.5,30193.5,30197.0,125
1786665300,30198.0,30204.0,30195.0,30203.25,223
1786665600,30203.75,30232.0,30200.0,30228.0,1274
1786665900,30229.0,30232.0,30195.75,30211.25,874
1786666200,30212.25,30212.5,30198.25,30201.0,353
1786666500,30201.25,30204.0,30178.25,30183.75,1042
1786666800,30184.25,30190.0,30179.75,30181.5,353
1786667100,30182.0,30190.75,30176.75,30185.5,401
1786667400,30184.5,30191.75,30174.5,30182.75,521
1786667700,30183.5,30188.5,30180.25,30186.25,235
1786668000,30186.0,30190.0,30176.25,30178.5,528
1786668300,30180.0,30186.75,30172.0,30173.0,578
1786668600,30173.5,30180.5,30169.0,30171.5,647
1786668900,30172.0,30174.75,30166.25,30170.0,355
1786669200,30169.25,30169.75,30128.75,30135.75,1526
1786669500,30136.5,30152.75,30135.75,30144.5,744
1786669800,30144.75,30145.75,30124.25,30129.0,821
1786670100,30128.75,30138.25,30124.5,30134.0,674
1786670400,30131.75,30155.5,30128.75,30143.75,729
1786670700,30144.0,30154.5,30133.25,30152.5,601
1786671000,30153.25,30155.25,30140.25,30148.75,341
1786671300,30148.5,30160.25,30146.25,30157.0,446
1786671600,30157.75,30163.0,30153.0,30160.0,409
1786671900,30160.5,30168.0,30159.5,30166.25,285
1786672200,30166.0,30167.0,30152.75,30153.5,470
1786672500,30155.5,30157.75,30149.25,30151.5,242
1786672800,30151.5,30170.5,30149.75,30167.5,462
1786673100,30168.25,30170.0,30160.5,30165.0,408
1786673400,30164.25,30171.75,30162.25,30166.5,300
1786673700,30167.0,30170.25,30155.75,30158.0,342
1786674000,30157.75,30168.75,30157.0,30164.0,191
1786674300,30164.5,30168.5,30160.0,30167.25,229
1786674600,30168.0,30176.0,30167.25,30175.5,257
1786674900,30175.0,30181.5,30173.75,30174.75,314
1786675200,30173.5,30178.75,30168.75,30173.5,220
1786675500,30174.5,30178.5,30159.75,30162.75,354
1786675800,30162.25,30165.5,30158.5,30160.0,130
1786676100,30159.25,30160.25,30150.0,30154.75,364
1786676400,30153.75,30157.0,30150.5,30151.25,256
1786676700,30151.5,30160.75,30150.0,30158.75,318
1786677000,30159.0,30165.0,30156.75,30162.75,195
1786677300,30162.75,30169.5,30161.5,30167.25,187
1786677600,30167.25,30175.25,30166.0,30175.25,271
1786677900,30176.0,30180.0,30173.75,30180.0,183
1786678200,30180.75,30182.5,30165.75,30167.0,401
1786678500,30167.25,30167.25,30160.5,30162.25,238
1786678800,30162.75,30163.25,30155.25,30157.75,241
1786679100,30157.5,30163.0,30154.25,30156.0,225
1786679400,30159.0,30161.5,30154.75,30156.75,175
1786679700,30156.25,30160.0,30152.75,30153.75,137
1786680300,30158.25,30161.0,30152.5,30154.75,897
1786680600,30154.0,30161.5,30148.0,30156.75,227
1786680900,30155.0,30164.0,30154.5,30159.0,242
1786681200,30159.0,30160.5,30150.5,30156.75,228
1786681500,30156.25,30165.0,30155.5,30157.5,285
1786681800,30158.75,30159.25,30146.5,30148.25,290
1786682100,30148.0,30155.0,30137.5,30153.5,517
1786682400,30153.5,30163.75,30148.5,30154.75,379
1786682700,30154.0,30154.25,30147.0,30150.25,237
1786683000,30149.75,30149.75,30145.25,30147.0,148
1786683300,30147.75,30150.5,30145.5,30147.0,123
1786683600,30148.25,30152.5,30136.25,30136.5,385
1786683900,30136.0,30139.75,30129.0,30133.5,366
1786684200,30133.5,30145.25,30127.75,30143.0,341
1786684500,30144.0,30151.25,30138.25,30144.25,297
1786684800,30142.5,30151.5,30141.5,30150.25,191
1786685100,30150.25,30152.0,30142.75,30150.5,193
1786685400,30149.25,30154.5,30140.75,30153.0,163
1786685700,30152.25,30164.5,30152.25,30161.75,250
1786686000,30161.25,30167.0,30152.5,30166.5,272
1786686300,30167.0,30175.0,30164.5,30172.75,291
1786686600,30173.0,30178.0,30170.5,30178.0,224
1786686900,30177.5,30182.0,30173.0,30174.0,350
1786687200,30174.75,30177.75,30149.5,30152.75,485
1786687500,30151.75,30163.0,30151.75,30157.0,269
1786687800,30157.75,30159.75,30151.5,30152.5,163
1786688100,30153.0,30161.25,30147.5,30160.0,238
1786688400,30159.0,30160.25,30150.25,30157.0,198
1786688700,30159.25,30164.0,30153.75,30163.25,117
1786689000,30162.25,30165.5,30154.5,30154.75,221
1786689300,30154.5,30160.0,30149.5,30154.5,266
1786689600,30155.5,30159.75,30152.5,30159.75,121
1786689900,30160.25,30168.75,30160.0,30167.5,189
1786690200,30167.75,30176.0,30167.5,30171.75,254
1786690500,30171.25,30178.0,30169.0,30172.5,151
1786690800,30173.5,30193.5,30171.5,30190.25,724
1786691100,30190.75,30194.25,30179.25,30190.75,442
1786691400,30190.75,30191.5,30171.5,30175.25,355
1786691700,30175.5,30181.0,30175.25,30180.25,138
1786692000,30179.5,30181.25,30172.25,30177.75,183
1786692300,30177.0,30180.0,30172.5,30177.0,162
1786692600,30177.75,30187.75,30173.0,30185.5,177
1786692900,30185.0,30191.25,30183.75,30190.25,158
1786693200,30191.0,30203.75,30188.75,30202.75,350
1786693500,30202.75,30202.75,30192.5,30197.25,235
1786693800,30196.75,30201.5,30194.25,30197.5,177
1786694100,30197.5,30201.75,30190.75,30194.75,398
1786694400,30194.5,30214.5,30187.75,30206.25,806
1786694700,30205.75,30235.75,30204.25,30227.0,893
1786695000,30227.75,30232.0,30208.0,30213.25,537
1786695300,30215.0,30231.5,30207.0,30210.75,463
1786695600,30210.75,30215.5,30206.0,30211.5,184
1786695900,30211.25,30225.5,30206.75,30225.5,241
1786696200,30224.5,30236.0,30222.0,30231.75,372
1786696500,30231.25,30239.0,30231.0,30237.75,370
1786696800,30236.75,30240.25,30227.25,30227.75,298
1786697100,30228.25,30240.0,30228.25,30235.5,195
1786697400,30235.0,30236.75,30227.75,30228.0,201
1786697700,30227.75,30228.5,30220.5,30220.75,144
1786698000,30220.0,30222.25,30210.25,30216.5,337
1786698300,30217.0,30221.5,30212.0,30214.75,182
1786698600,30215.0,30220.0,30211.0,30218.5,258
1786698900,30218.5,30224.25,30214.75,30223.0,248
1786699200,30222.75,30232.0,30216.75,30231.25,212
1786699500,30231.75,30232.0,30224.0,30226.75,147
1786699800,30225.5,30226.25,30211.5,30214.5,289
1786700100,30214.5,30220.5,30207.5,30217.25,320
1786700400,30216.25,30216.25,30207.0,30209.75,254
1786700700,30210.5,30225.75,30207.25,30222.5,315
1786701000,30223.0,30231.0,30220.5,30226.5,280
1786701300,30226.75,30236.0,30224.0,30235.0,266
1786701600,30234.25,30245.25,30233.5,30244.5,451
1786701900,30245.5,30249.0,30240.5,30242.25,297
1786702200,30243.75,30249.75,30239.5,30241.5,313
1786702500,30239.75,30240.75,30233.5,30234.5,311
1786702800,30234.75,30238.75,30228.5,30238.25,288
1786703100,30238.0,30238.0,30223.0,30228.75,204
1786703400,30230.0,30237.5,30225.75,30234.5,206
1786703700,30234.75,30235.25,30225.75,30232.0,277
1786704000,30230.75,30237.75,30223.5,30237.0,243
1786704300,30236.25,30241.0,30232.75,30233.0,310
1786704600,30234.0,30248.5,30233.75,30246.75,383
1786704900,30246.5,30252.5,30238.75,30252.0,534
1786705200,30251.75,30260.75,30247.0,30248.0,682
1786705500,30248.5,30262.0,30248.5,30256.25,307
1786705800,30255.75,30259.0,30251.0,30253.75,287
1786706100,30254.0,30254.25,30245.0,30248.0,359
1786706400,30248.75,30254.5,30242.0,30249.75,283
1786706700,30249.0,30254.75,30245.25,30247.25,282
1786707000,30247.0,30255.0,30239.5,30252.0,437
1786707300,30251.25,30258.5,30247.75,30249.25,430
1786707600,30248.0,30252.75,30237.25,30251.5,451
1786707900,30252.0,30264.75,30250.0,30263.25,571
1786708200,30262.75,30268.0,30258.75,30259.25,363
1786708500,30259.25,30267.75,30256.25,30263.75,341
1786708800,30265.25,30280.25,30260.75,30262.75,1055
1786709100,30262.75,30267.75,30256.5,30265.0,596
1786709400,30265.25,30265.75,30208.5,30237.5,1732
1786709700,30237.0,30238.75,30226.5,30235.0,891
1786710000,30235.5,30243.75,30230.75,30232.75,541
1786710300,30232.75,30256.25,30230.0,30251.5,664
1786710600,30252.75,30279.75,30247.0,30272.25,1597
1786710900,30272.0,30278.25,30257.5,30264.0,1119
1786711200,30263.5,30266.75,30258.5,30266.0,560
1786711500,30265.75,30274.0,30254.0,30270.5,1060
1786711800,30271.0,30278.0,30265.0,30275.5,540
1786712100,30276.75,30279.75,30266.25,30268.25,665
1786712400,30268.5,30276.5,30262.25,30270.25,639
1786712700,30271.0,30283.0,30264.75,30265.25,1025
1786713000,30265.25,30266.5,30252.5,30253.0,691
1786713300,30253.25,30260.0,30245.25,30246.75,1064
1786713600,30248.0,30257.5,30245.25,30253.25,851
1786713900,30252.75,30261.5,30236.25,30241.5,2240
1786714200,30241.5,30269.5,30206.25,30206.25,14627
1786714500,30206.5,30222.0,30169.75,30220.5,11678
1786714800,30221.0,30262.25,30195.0,30261.0,11372
1786715100,30260.75,30280.5,30226.0,30238.0,11385
1786715400,30239.0,30265.5,30218.5,30238.75,8711
1786715700,30239.75,30250.75,30208.75,30228.25,6114
1786716000,30226.0,30257.5,30204.75,30254.25,6764
1786716300,30255.0,30272.25,30226.0,30233.75,6546
1786716600,30233.0,30245.25,30215.75,30221.25,5104
1786716900,30221.75,30228.5,30167.75,30172.5,7512
1786717200,30173.0,30193.5,30148.75,30160.0,6682
1786717500,30160.25,30169.5,30134.25,30160.25,7038
1786717800,30159.75,30163.25,30129.0,30138.75,7887
1786718100,30138.75,30176.5,30135.5,30169.0,5232
1786718400,30168.25,30168.25,30142.0,30155.5,4293
1786718700,30155.5,30165.75,30143.0,30150.25,3170
1786719000,30150.25,30166.0,30142.5,30144.25,3074
1786719300,30144.0,30150.25,30123.0,30123.0,3477
1786719600,30124.0,30143.0,30109.5,30123.25,5345
1786719900,30122.75,30131.0,30101.75,30106.5,4444
1786720200,30106.75,30116.5,30088.0,30090.5,4435
1786720500,30090.75,30110.75,30089.75,30104.25,3995
1786720800,30103.75,30110.0,30044.5,30047.25,6489
1786721100,30047.5,30074.5,30033.5,30072.5,6661
1786721400,30073.25,30075.0,30042.0,30048.25,5127
1786721700,30049.25,30065.5,30039.25,30042.25,4459
1786722000,30041.5,30049.75,30029.5,30049.0,3588
1786722300,30049.25,30066.25,30031.0,30037.75,4502
1786722600,30038.0,30063.5,30028.5,30056.75,3489
1786722900,30056.5,30072.75,30052.0,30065.75,3415
1786723200,30066.5,30084.25,30066.25,30074.5,4026
1786723500,30073.75,30077.25,30050.5,30059.75,3247
1786723800,30060.0,30082.5,30057.25,30080.25,3069
1786724100,30080.25,30088.0,30077.5,30081.75,2674
1786724400,30081.5,30094.75,30075.5,30093.25,2907
1786724700,30093.25,30107.75,30091.5,30101.0,2637
1786725000,30100.5,30102.0,30065.75,30071.5,4393
1786725300,30072.75,30097.5,30071.0,30081.75,3287
1786725600,30080.75,30082.5,30064.5,30067.25,2256
1786725900,30067.0,30076.75,30061.5,30074.5,2237
1786726200,30073.75,30073.75,30055.75,30061.75,2348
1786726500,30062.25,30069.75,30052.75,30059.0,1995
1786726800,30059.25,30066.5,30053.0,30060.5,2130
1786727100,30060.75,30074.0,30058.0,30067.0,1973
1786727400,30066.75,30079.75,30063.75,30069.25,2625
1786727700,30069.25,30073.5,30057.5,30068.75,1962
1786728000,30068.0,30076.5,30050.5,30054.0,2044
1786728300,30053.75,30066.25,30046.5,30059.25,2489
1786728600,30059.5,30072.0,30056.75,30068.5,1802
1786728900,30068.75,30072.25,30050.25,30057.25,2125
1786729200,30057.0,30065.75,30052.0,30058.0,1569
1786729500,30058.25,30064.5,30054.5,30058.0,1586
1786729800,30057.75,30077.25,30049.75,30073.75,2126
1786730100,30073.5,30084.5,30065.75,30081.5,2377
1786730400,30081.25,30091.25,30073.5,30089.25,2120
1786730700,30088.75,30091.0,30079.0,30088.5,1539
1786731000,30088.5,30090.75,30076.75,30078.75,1626
1786731300,30078.75,30090.5,30078.5,30084.75,1906
1786731600,30084.75,30092.5,30078.25,30081.0,1570
1786731900,30080.5,30087.25,30064.75,30068.0,2251
1786732200,30067.5,30075.75,30062.5,30072.0,2083
1786732500,30072.25,30078.25,30066.25,30076.25,1448
1786732800,30075.5,30090.25,30073.5,30087.25,2005
1786733100,30087.0,30088.75,30078.0,30087.0,1529
1786733400,30087.5,30104.0,30087.5,30096.75,2539
1786733700,30096.75,30097.5,30086.5,30088.5,1421
1786734000,30088.5,30091.25,30077.25,30082.75,2281
1786734300,30082.75,30094.5,30077.0,30092.25,1951
1786734600,30092.25,30093.0,30081.25,30083.0,1686
1786734900,30083.25,30092.25,30076.0,30088.25,2438
1786735200,30088.25,30089.75,30080.5,30087.0,1585
1786735500,30087.25,30104.0,30085.25,30096.75,2240
1786735800,30096.25,30103.75,30091.25,30101.25,2325
1786736100,30101.75,30109.0,30096.0,30105.75,3048
1786736400,30105.25,30115.25,30103.0,30108.5,2744
1786736700,30108.5,30120.5,30101.5,30119.5,3862
1786737000,30119.25,30130.0,30114.75,30126.25,6920
1786737300,30126.0,30148.0,30112.25,30145.0,11576
1786737600,30144.25,30153.25,30136.0,30145.75,5748
1786737900,30146.25,30146.25,30131.25,30133.25,1414
1786738200,30133.75,30141.75,30131.0,30132.75,1445
1786738500,30133.25,30135.5,30128.5,30131.5,504
1786738800,30131.5,30133.5,30127.25,30129.5,294
1786739100,30129.25,30132.0,30128.0,30131.0,396
1786739400,30131.0,30145.75,30128.25,30140.5,867
1786739700,30140.5,30143.0,30136.75,30137.0,402
1786740000,30138.0,30143.5,30138.0,30142.0,325
1786740300,30142.25,30143.0,30138.0,30141.5,440
1786740600,30142.75,30147.5,30142.75,30144.0,356
1786740900,30145.0,30154.75,30141.75,30141.75,477
1786918200,30192.25,30202.5,30188.75,30196.5,299
1786918500,30197.75,30200.75,30191.5,30193.5,174
1786918800,30193.5,30199.25,30190.5,30192.0,175
1786919100,30192.5,30196.0,30192.5,30192.75,98
1786919400,30193.0,30196.5,30188.5,30193.75,222
1786919700,30194.25,30195.25,30189.25,30193.5,90
1786920000,30194.0,30195.0,30191.0,30192.25,65
1786920300,30192.75,30205.75,30187.25,30203.75,502
1786920600,30204.0,30211.75,30202.5,30208.75,352
1786920900,30208.75,30209.0,30199.25,30205.0,282
1786921200,30205.25,30207.25,30199.25,30202.75,158
1786921500,30203.75,30206.75,30203.0,30205.0,98
1786921800,30204.25,30205.75,30195.25,30197.0,276
1786922100,30197.25,30198.5,30194.0,30194.5,177
1786922400,30194.75,30204.25,30191.5,30200.25,341
1786922700,30200.75,30201.0,30194.0,30197.0,111
1786923000,30197.75,30199.0,30192.75,30193.0,162
1786923300,30193.0,30202.0,30193.0,30199.5,135
1786923600,30199.75,30206.25,30198.75,30206.25,172
1786923900,30204.75,30221.75,30204.5,30218.5,552
1786924200,30219.25,30228.0,30217.5,30218.25,551
1786924500,30218.0,30219.25,30212.5,30214.25,209
1786924800,30215.0,30227.25,30209.0,30215.25,850
1786925100,30214.75,30225.0,30211.5,30211.75,454
1786925400,30212.25,30223.0,30211.5,30219.5,278
1786925700,30218.5,30218.75,30189.0,30192.5,694
1786926000,30192.0,30200.0,30192.0,30198.5,362
1786926300,30198.5,30204.25,30195.0,30195.5,401
1786926600,30195.5,30198.25,30186.5,30190.75,376
1786926900,30191.25,30193.75,30185.5,30187.25,272
1786927200,30187.25,30196.0,30186.5,30188.75,402
1786927500,30189.25,30198.0,30185.5,30193.75,284
1786927800,30195.25,30198.0,30190.0,30196.0,160
1786928100,30195.5,30202.0,30191.5,30201.75,258
1786928400,30201.0,30227.5,30199.75,30227.0,915
1786928700,30227.25,30233.25,30223.5,30226.5,634
1786929000,30225.25,30226.75,30213.75,30214.25,428
1786929300,30214.5,30221.75,30203.75,30220.0,793
1786929600,30220.5,30239.0,30219.25,30230.0,603
1786929900,30229.0,30234.75,30227.75,30229.75,166
1786930200,30230.25,30232.5,30199.0,30204.25,587
1786930500,30204.5,30211.5,30196.75,30211.25,489
1786930800,30211.75,30213.75,30191.0,30199.0,704
1786931100,30198.5,30203.25,30192.75,30199.5,262
1786931400,30198.75,30199.5,30187.0,30192.5,350
1786931700,30192.75,30195.25,30189.0,30192.0,176
1786932000,30192.0,30194.5,30187.25,30189.5,203
1786932300,30189.25,30198.5,30185.25,30196.0,482
1786932600,30196.75,30200.5,30192.25,30200.25,215
1786932900,30200.75,30204.5,30197.75,30201.75,182
1786933200,30201.25,30222.25,30200.75,30214.25,1114
1786933500,30215.25,30218.0,30211.75,30217.25,176
1786933800,30216.75,30223.5,30211.75,30218.0,308
1786934100,30218.25,30219.5,30212.25,30217.75,170
1786934400,30217.0,30225.0,30216.5,30222.25,148
1786934700,30220.5,30227.25,30220.25,30225.25,252
1786935000,30225.0,30231.25,30222.25,30224.5,317
1786935300,30224.0,30224.0,30220.0,30222.25,199
1786935600,30223.0,30229.0,30220.75,30229.0,298
1786935900,30228.5,30233.5,30223.25,30232.5,262
1786936200,30232.25,30235.0,30222.5,30226.0,302
1786936500,30227.5,30235.5,30226.75,30231.5,178
1786936800,30231.5,30234.75,30230.5,30233.0,103
1786937100,30232.75,30234.25,30229.25,30234.25,109
1786937400,30234.75,30236.25,30226.0,30235.5,164
1786937700,30235.0,30240.0,30233.75,30239.5,234
1786938000,30239.25,30247.25,30238.0,30241.5,385
1786938300,30241.25,30245.25,30238.75,30243.0,180
1786938600,30244.25,30245.0,30239.75,30244.5,114
1786938900,30243.5,30246.25,30243.5,30245.75,107
1786939200,30246.75,30249.25,30243.5,30246.75,320
1786939500,30247.5,30251.0,30245.75,30246.75,235
1786939800,30247.25,30255.0,30246.25,30251.25,329
1786940100,30250.5,30251.0,30246.0,30250.5,165
1786940400,30250.25,30252.25,30243.5,30243.75,222
1786940700,30244.25,30246.25,30240.5,30241.0,170
1786941000,30241.0,30241.0,30233.25,30236.5,292
1786941300,30236.75,30239.75,30235.0,30238.75,105
1786941600,30239.5,30244.75,30239.0,30243.5,189
1786941900,30244.0,30248.5,30239.75,30240.0,178
1786942200,30240.75,30242.25,30233.0,30235.25,264
1786942500,30235.5,30238.25,30234.0,30234.75,110
1786942800,30234.5,30245.5,30234.5,30241.5,257
1786943100,30241.5,30247.0,30237.25,30247.0,144
1786943400,30246.0,30246.5,30238.5,30241.25,146
1786943700,30243.0,30246.75,30241.5,30244.0,111
1786944000,30243.75,30245.5,30236.0,30236.25,145
1786944300,30235.25,30244.5,30230.5,30243.75,191
1786944600,30244.5,30258.5,30237.25,30257.25,656
1786944900,30256.0,30258.5,30249.75,30258.5,180
1786945200,30258.75,30263.0,30257.75,30263.0,240
1786945500,30263.0,30274.0,30261.25,30272.25,257
1786945800,30271.25,30273.5,30266.0,30270.25,286
1786946100,30269.5,30274.0,30268.0,30272.0,169
1786946400,30273.25,30292.0,30266.75,30290.5,1112
1786946700,30291.0,30295.0,30289.25,30290.25,542
1786947000,30290.5,30291.75,30285.5,30287.5,249
1786947300,30287.75,30287.75,30272.0,30276.75,414
1786947600,30277.0,30287.75,30272.75,30286.5,372
1786947900,30286.0,30299.0,30285.0,30296.75,583
1786948200,30297.25,30310.25,30294.0,30306.5,1399
1786948500,30307.25,30323.25,30307.25,30322.0,742
1786948800,30322.25,30327.0,30311.5,30314.5,666
1786949100,30315.0,30325.5,30311.0,30324.25,310
1786949400,30325.25,30326.0,30316.25,30316.25,104
1786949700,30317.0,30325.0,30314.5,30324.5,175
1786950000,30324.75,30331.5,30306.0,30311.25,895
1786950300,30311.25,30313.0,30298.5,30301.0,522
1786950600,30301.25,30301.5,30273.25,30275.0,664
1786950900,30276.0,30276.75,30261.0,30267.0,792
1786951200,30270.0,30274.5,30264.5,30271.0,366
1786951500,30269.25,30280.5,30263.0,30279.75,464
1786951800,30279.75,30300.0,30276.75,30297.0,593
1786952100,30297.0,30322.0,30296.5,30318.25,675
1786952400,30318.25,30324.25,30316.0,30318.25,351
1786952700,30317.75,30322.5,30312.75,30313.75,301
1786953000,30314.0,30318.75,30307.5,30310.0,388
1786953300,30309.25,30314.0,30306.75,30313.0,421
1786953600,30312.0,30318.0,30297.0,30313.75,670
1786953900,30314.25,30320.0,30300.5,30319.0,574
1786954200,30320.0,30328.0,30304.5,30307.25,512
1786954500,30307.25,30319.5,30303.0,30303.75,243
1786954800,30304.75,30317.5,30303.5,30314.75,226
1786955100,30315.0,30319.25,30310.5,30315.25,219
1786955400,30314.0,30319.0,30308.5,30308.5,258
1786955700,30309.0,30318.0,30305.0,30306.0,248
1786956000,30306.25,30306.25,30287.5,30288.25,399
1786956300,30288.25,30297.25,30287.5,30295.0,177
1786956600,30294.0,30296.5,30283.75,30293.75,283
1786956900,30293.0,30305.25,30290.25,30298.25,319
1786957200,30298.25,30301.5,30288.0,30292.0,318
1786957500,30291.0,30295.0,30288.5,30295.0,173
1786957800,30295.75,30298.75,30289.75,30297.0,130
1786958100,30297.25,30297.25,30278.0,30283.0,294
1786958400,30284.25,30285.25,30271.5,30273.75,296
1786958700,30273.5,30276.75,30267.75,30274.5,259
1786959000,30274.25,30280.0,30269.5,30273.75,183
1786959300,30274.75,30283.0,30267.75,30270.25,261
1786959600,30269.75,30283.25,30269.0,30282.75,214
1786959900,30281.75,30291.5,30279.25,30286.0,241
1786960200,30285.25,30288.25,30276.25,30286.25,255
1786960500,30286.0,30289.5,30280.75,30282.0,141
1786960800,30282.0,30285.25,30279.0,30285.25,176
1786961100,30282.75,30293.0,30276.0,30279.75,479
1786961400,30280.25,30296.5,30278.5,30295.5,251
1786961700,30295.5,30303.25,30285.0,30293.0,364
1786962000,30294.0,30294.5,30285.0,30287.0,169
1786962300,30286.75,30343.0,30279.0,30338.0,1280
1786962600,30334.25,30338.5,30294.0,30297.75,931
1786962900,30296.75,30305.0,30292.75,30302.75,429
1786963200,30303.25,30311.25,30298.75,30310.5,226
1786963500,30310.25,30311.5,30305.0,30306.5,183
1786963800,30306.75,30313.25,30306.25,30309.5,241
1786964100,30309.75,30316.5,30308.0,30315.0,238
1786964400,30313.75,30322.0,30296.25,30311.25,863
1786964700,30311.5,30325.0,30310.0,30320.5,690
1786965000,30320.25,30320.25,30298.0,30300.25,420
1786965300,30300.25,30301.0,30286.75,30288.25,530
1786965600,30289.0,30301.75,30287.75,30301.25,414
1786965900,30301.5,30306.75,30294.5,30299.5,327
1786966200,30300.25,30306.0,30295.0,30302.25,269
1786966500,30302.25,30302.25,30292.5,30299.25,313
1786966800,30297.75,30305.75,30295.5,30304.5,240
1786967100,30304.25,30310.0,30304.0,30309.0,267
1786967400,30308.25,30308.25,30291.25,30295.5,410
1786967700,30294.25,30298.75,30286.0,30286.75,418
1786968000,30286.75,30288.75,30249.5,30249.5,1118
1786968300,30249.75,30272.0,30246.75,30271.25,913
1786968600,30271.25,30283.0,30266.25,30278.25,687
1786968900,30278.5,30280.75,30269.25,30275.75,442
1786969200,30276.25,30281.0,30270.5,30272.0,388
1786969500,30272.25,30277.75,30220.75,30236.0,2403
1786969800,30238.25,30250.5,30221.25,30229.5,1149
1786970100,30230.0,30232.25,30194.0,30195.75,1375
1786970400,30196.25,30212.75,30182.75,30189.5,1592
1786970700,30189.25,30198.0,30180.0,30193.5,1184
1786971000,30194.25,30210.5,30185.25,30198.0,1125
1786971300,30198.5,30213.0,30192.25,30202.5,955
1786971600,30202.5,30214.5,30199.25,30205.75,975
1786971900,30206.5,30223.0,30206.25,30221.25,1119
1786972200,30220.25,30225.75,30215.25,30218.5,758
1786972500,30219.5,30219.75,30210.75,30211.0,909
1786972800,30211.25,30213.5,30205.25,30209.75,1723
1786973100,30210.0,30238.0,30208.0,30219.5,3506
1786973400,30218.5,30266.0,30191.0,30196.5,16723
1786973700,30197.25,30239.25,30165.5,30178.5,10959
1786974000,30179.0,30230.5,30167.5,30196.5,8438
1786974300,30196.5,30229.0,30174.25,30226.25,7238
1786974600,30226.75,30254.25,30210.75,30249.0,7074
1786974900,30249.5,30251.25,30215.0,30235.0,5583
1786975200,30234.75,30243.25,30186.25,30206.75,8269
1786975500,30207.5,30214.0,30161.0,30196.5,7166
1786975800,30196.75,30226.25,30192.0,30224.25,6049
1786976100,30224.75,30226.0,30174.75,30181.0,5520
1786976400,30181.25,30185.0,30155.25,30176.75,5144
1786976700,30176.25,30198.75,30165.75,30197.75,4762
1786977000,30198.0,30207.0,30186.0,30203.75,3580
1786977300,30204.0,30206.5,30186.5,30194.25,2986
1786977600,30194.5,30217.25,30192.5,30204.25,3447
1786977900,30205.0,30223.25,30199.25,30215.75,3452
1786978200,30216.0,30231.5,30203.0,30209.5,4177
1786978500,30209.75,30246.0,30208.5,30244.0,4038
1786978800,30244.0,30277.0,30233.25,30269.5,6153
1786979100,30269.0,30287.5,30257.25,30259.25,5884
1786979400,30259.0,30276.75,30255.75,30257.75,3546
1786979700,30258.0,30276.25,30255.0,30271.75,3517
1786980000,30271.75,30278.0,30265.0,30269.75,3112
1786980300,30269.75,30277.5,30255.5,30269.0,3032
1786980600,30269.75,30273.5,30241.75,30243.75,4047
1786980900,30244.25,30252.25,30222.75,30224.5,4820
1786981200,30223.5,30233.0,30207.75,30227.5,5619
1786981500,30227.0,30233.25,30214.0,30218.5,2653
1786981800,30218.5,30249.75,30214.75,30242.75,3678
1786982100,30242.75,30247.0,30238.25,30239.5,1964
1786982400,30239.75,30243.25,30216.0,30217.75,2892
1786982700,30216.75,30221.75,30200.5,30208.0,3285
1786983000,30207.25,30216.0,30200.0,30204.0,2443
1786983300,30204.0,30218.0,30200.25,30212.5,2032
1786983600,30212.75,30217.5,30197.0,30199.0,2071
1786983900,30198.75,30210.5,30196.5,30207.25,2128
1786984200,30207.5,30212.75,30193.25,30197.25,2275
1786984500,30197.5,30202.5,30192.75,30201.0,1685
1786984800,30201.75,30202.0,30182.0,30183.5,2333
1786985100,30183.5,30191.25,30178.5,30189.75,2419
1786985400,30189.25,30192.5,30175.25,30190.0,2012
1786985700,30190.0,30192.75,30177.5,30183.5,1654
1786986000,30183.5,30187.25,30171.75,30173.5,2031
1786986300,30173.5,30174.25,30154.0,30161.0,3852
1786986600,30161.25,30164.0,30128.25,30129.75,4400
1786986900,30129.5,30143.75,30114.0,30129.25,6145
1786987200,30129.0,30129.5,30095.25,30109.0,6081
1786987500,30109.0,30116.0,30092.5,30096.75,4321
1786987800,30097.0,30113.5,30090.5,30094.25,4690
1786988100,30094.5,30116.75,30091.0,30092.0,3334
1786988400,30092.25,30128.0,30086.5,30123.0,4200
1786988700,30123.0,30127.25,30108.5,30111.0,2161
1786989000,30111.25,30117.25,30105.75,30112.0,1795
1786989300,30112.0,30113.5,30097.0,30102.25,2194
1786989600,30102.0,30114.0,30089.75,30093.25,3470
1786989900,30093.0,30097.0,30079.25,30087.25,3351
1786990200,30087.25,30107.75,30084.0,30100.25,2407
1786990500,30100.25,30105.0,30092.5,30097.75,2117
1786990800,30097.5,30107.75,30089.5,30106.75,2462
1786991100,30106.25,30113.75,30095.0,30103.0,2580
1786991400,30103.75,30109.25,30092.5,30100.75,2226
1786991700,30101.0,30110.0,30101.0,30107.0,1389
1786992000,30107.0,30120.0,30103.75,30117.25,1863
1786992300,30117.75,30125.0,30115.5,30123.5,1722
1786992600,30123.0,30136.5,30120.0,30122.0,2505
1786992900,30122.75,30125.0,30116.5,30122.25,1768
1786993200,30122.5,30124.75,30106.25,30107.5,2229
1786993500,30106.5,30115.0,30098.25,30102.5,2130
1786993800,30101.75,30104.25,30083.25,30084.75,2209
1786994100,30084.75,30107.25,30082.25,30091.5,3278
1786994400,30092.25,30098.25,30082.75,30096.0,2320
1786994700,30096.75,30114.0,30092.5,30093.5,2910
1786995000,30093.75,30105.5,30088.75,30097.25,3082
1786995300,30097.5,30106.0,30094.25,30105.75,2065
1786995600,30105.25,30111.75,30096.5,30102.25,2722
1786995900,30102.75,30119.75,30102.75,30119.75,2534
1786996200,30119.75,30123.0,30089.0,30093.5,5150
1786996500,30094.0,30105.0,30066.5,30090.5,11725
1786996800,30091.0,30098.0,30078.0,30080.25,4553
1786997100,30079.75,30082.0,30070.25,30080.5,1948
1786997400,30081.25,30085.0,30076.75,30078.25,927
1786997700,30078.25,30081.25,30068.5,30080.75,762
1786998000,30081.25,30082.25,30077.5,30077.75,171
1786998300,30077.25,30079.75,30075.0,30078.5,349
1786998600,30077.75,30080.0,30071.0,30073.25,419
1786998900,30073.25,30073.75,30059.0,30065.0,531
1786999200,30065.5,30075.5,30063.5,30064.75,473
1786999500,30063.75,30066.0,30054.5,30058.75,559
1786999800,30059.25,30073.75,30056.5,30073.75,341
1787000100,30074.0,30079.75,30067.75,30078.25,534
1787004000,30077.0,30091.75,30072.0,30082.5,0
1787004300,30083.0,30088.0,30071.25,30085.0,431
1787004600,30085.75,30085.75,30070.25,30073.5,334
1787004900,30073.0,30080.25,30062.25,30078.75,635
1787005200,30079.75,30084.75,30071.5,30080.75,338
1787005500,30082.25,30083.5,30076.0,30076.0,160
1787005800,30075.0,30076.75,30068.0,30069.25,222
1787006100,30070.75,30073.75,30068.0,30069.0,113
1787006400,30068.5,30075.5,30067.0,30070.75,178
1787006700,30071.75,30076.75,30070.75,30075.5,147
1787007000,30074.5,30080.0,30072.25,30079.25,214
1787007300,30079.5,30083.5,30076.75,30079.75,201
1787007600,30079.25,30080.25,30070.0,30072.25,266
1787007900,30073.5,30087.25,30072.25,30083.75,246
1787008200,30084.0,30087.0,30080.25,30081.25,127
1787008500,30082.0,30088.75,30071.75,30081.0,310
1787008800,30082.75,30083.0,30077.0,30080.25,115
1787009100,30079.25,30087.5,30077.0,30084.0,228
1787009400,30083.0,30103.0,30082.75,30094.0,704
1787009700,30093.75,30100.5,30092.75,30099.25,159
1787010000,30099.25,30099.25,30093.5,30096.75,107
1787010300,30095.75,30100.0,30080.5,30086.5,790
1787010600,30086.0,30098.75,30083.5,30098.25,345
1787010900,30097.0,30100.75,30093.5,30094.5,243
1787011200,30094.25,30104.0,30083.75,30098.25,903
1787011500,30098.25,30102.5,30093.0,30095.25,289
1787011800,30095.75,30102.0,30090.0,30100.0,289
1787012100,30101.0,30113.0,30091.5,30109.5,559
1787012400,30108.25,30114.75,30106.75,30108.75,531
1787012700,30108.25,30110.5,30098.25,30100.0,368
1787013000,30101.0,30110.0,30097.75,30109.75,297
1787013300,30109.25,30113.25,30106.0,30109.5,296
1787013600,30108.75,30113.0,30100.5,30112.0,285
1787013900,30112.0,30113.5,30107.25,30111.75,313
1787014200,30112.25,30121.25,30100.75,30104.0,639
1787014500,30104.0,30107.25,30095.0,30098.0,469
1787014800,30099.25,30103.25,30093.0,30094.25,427
1787015100,30093.25,30104.0,30090.0,30095.75,406
1787015400,30095.0,30110.0,30094.75,30109.25,397
1787015700,30109.5,30109.75,30090.25,30094.75,463
1787016000,30095.5,30102.75,30086.75,30102.5,388
1787016300,30102.25,30102.25,30075.0,30087.5,682
1787016600,30086.25,30090.5,30068.75,30078.75,958
1787016900,30078.5,30089.75,30073.75,30074.0,565
1787017200,30073.5,30074.25,30037.0,30049.75,1417
1787017500,30049.0,30055.5,30016.75,30021.5,1871
1787017800,30021.25,30021.5,29968.25,29992.0,3409
1787018100,29993.25,30012.75,29986.0,30012.5,1231
1787018400,30012.0,30022.0,30007.0,30012.75,1132
1787018700,30012.0,30012.75,29991.5,30004.0,914
1787019000,30004.25,30007.5,29963.0,29966.25,997
1787019300,29965.25,29971.0,29930.5,29955.75,2318
1787019600,29955.75,29967.75,29932.5,29937.5,935
1787019900,29937.75,29940.5,29923.25,29931.0,954
1787020200,29932.5,29937.75,29918.75,29928.75,1116
1787020500,29929.0,29959.75,29926.5,29949.5,759
1787020800,29950.0,29957.0,29906.75,29909.5,1664
1787021100,29909.75,29917.5,29880.25,29916.0,2522
1787021400,29916.75,29920.75,29899.25,29899.5,780
1787021700,29899.25,29912.0,29887.25,29908.25,1079
1787022000,29909.0,29915.5,29906.25,29908.5,397
1787022300,29909.75,29915.25,29899.25,29902.0,525
1787022600,29901.75,29904.0,29888.75,29895.0,562
1787022900,29894.5,29897.25,29874.25,29881.25,1204
1787023200,29879.25,29886.75,29859.25,29868.25,1073
1787023500,29867.0,29885.75,29865.0,29879.25,684
1787023800,29879.0,29879.0,29853.0,29863.0,1129
1787024100,29862.5,29894.25,29858.25,29888.25,1012
1787024400,29887.5,29897.5,29885.25,29895.5,650
1787024700,29893.75,29905.75,29883.75,29884.75,861
1787025000,29884.5,29909.75,29881.25,29903.75,720
1787025300,29902.75,29905.0,29885.5,29900.0,450
1787025900,29888.75,29897.0,29888.75,29895.25,1590
1787026200,29895.5,29898.5,29890.0,29897.75,290
1787026500,29898.25,29905.75,29893.0,29900.75,439
1787026800,29900.0,29901.25,29882.5,29884.5,553
1787027100,29883.75,29920.25,29879.25,29911.0,1034
1787027400,29912.25,29918.75,29903.0,29910.25,664
1787027700,29911.0,29921.0,29891.0,29895.0,709
1787028000,29896.25,29903.5,29893.75,29900.5,234
1787028300,29899.0,29911.75,29895.75,29911.25,571
1787028600,29911.25,29925.5,29910.25,29922.0,378
1787028900,29921.5,29927.25,29915.5,29918.0,269
1787029200,29917.75,29918.5,29881.25,29887.75,1196
1787029500,29888.5,29905.75,29885.5,29897.25,341
1787029800,29897.0,29897.0,29876.0,29879.25,605
1787030100,29878.75,29884.25,29875.5,29881.0,290
1787030400,29881.75,29886.0,29874.25,29879.25,308
1787030700,29878.75,29888.0,29873.25,29876.0,309
1787031000,29876.5,29877.0,29863.5,29867.0,701
1787031300,29866.75,29875.5,29862.25,29868.5,435
1787031600,29867.25,29871.0,29862.25,29866.0,269
1787031900,29865.25,29877.75,29863.0,29876.0,239
1787032200,29877.75,29880.75,29860.25,29861.0,542
1787032500,29861.75,29869.25,29835.25,29842.0,1112
1787032800,29841.5,29841.75,29799.25,29806.0,2131
1787033100,29806.5,29812.0,29786.0,29806.0,1209
1787033400,29806.0,29846.5,29805.75,29836.25,1309
1787033700,29835.0,29841.0,29820.5,29836.25,755
1787034000,29837.25,29860.0,29836.75,29852.25,902
1787034300,29851.25,29866.5,29845.25,29860.0,508
1787034600,29859.5,29872.25,29852.75,29864.0,560
1787034900,29865.5,29876.5,29858.75,29873.25,411
1787035200,29874.25,29874.25,29862.0,29865.5,174
1787035500,29866.25,29877.5,29862.75,29872.75,362
1787035800,29872.75,29877.75,29867.0,29868.5,294
1787036100,29869.0,29896.0,29869.0,29893.0,563
1787036400,29892.0,29894.75,29874.75,29880.0,675
1787036700,29881.5,29896.5,29872.0,29878.5,520
1787037000,29876.75,29879.0,29861.25,29863.0,558
1787037300,29862.75,29871.75,29852.75,29862.5,535
1787037600,29862.25,29870.75,29857.0,29860.25,289
1787037900,29860.75,29864.25,29845.5,29847.25,356
1787038200,29848.0,29854.75,29824.0,29825.75,613
1787038500,29824.75,29846.0,29822.0,29843.5,712
1787038800,29844.25,29849.25,29824.5,29825.25,373
1787039100,29825.25,29834.25,29822.75,29832.0,497
1787039400,29833.25,29841.0,29815.75,29824.25,490
1787039700,29823.75,29827.0,29808.0,29810.75,578
1787040000,29811.0,29814.25,29762.0,29763.5,2272
1787040300,29761.5,29766.25,29736.5,29758.0,1911
1787040600,29758.5,29780.5,29740.0,29766.75,1574
1787040900,29767.75,29786.25,29767.25,29767.5,800
1787041200,29769.0,29772.75,29735.75,29740.5,752
1787041500,29741.0,29765.25,29735.75,29759.75,746
1787041800,29759.5,29781.0,29748.25,29778.0,579
1787042100,29778.25,29792.25,29774.5,29784.5,586
1787042400,29785.0,29789.25,29769.75,29780.5,527
1787042700,29782.0,29782.5,29745.5,29746.0,564
1787043000,29745.75,29764.25,29742.5,29755.5,620
1787043300,29756.25,29772.25,29747.25,29765.5,607
1787043600,29765.0,29778.0,29744.5,29763.75,910
1787043900,29762.75,29762.75,29743.75,29752.0,566
1787044200,29752.0,29775.0,29751.5,29764.5,459
1787044500,29764.25,29770.75,29735.0,29739.0,773
1787044800,29739.5,29746.75,29727.25,29727.25,555
1787045100,29728.5,29749.0,29723.5,29735.0,552
1787045400,29736.5,29742.0,29718.0,29732.5,1114
1787045700,29733.0,29741.0,29723.25,29727.25,536
1787046000,29726.5,29727.5,29698.25,29712.75,936
1787046300,29711.75,29723.0,29695.0,29699.0,1029
1787046600,29699.75,29714.0,29687.25,29714.0,885
1787046900,29713.5,29737.0,29713.5,29733.0,881
1787047200,29732.25,29743.75,29715.75,29733.25,779
1787047500,29732.0,29739.0,29724.0,29737.25,465
1787047800,29737.25,29739.0,29717.75,29722.0,338
1787048100,29722.25,29742.25,29712.0,29713.0,629
1787048400,29713.75,29718.0,29706.0,29708.0,508
1787048700,29708.0,29729.0,29703.75,29727.5,389
1787049000,29726.75,29744.75,29722.5,29737.5,625
1787049300,29737.0,29746.0,29732.5,29733.25,334
1787049600,29733.0,29735.75,29720.5,29728.5,424
1787049900,29727.75,29751.75,29721.0,29750.0,497
1787050200,29749.75,29752.75,29744.0,29748.5,300
1787050500,29748.75,29750.75,29737.0,29739.0,272
1787050800,29739.0,29765.0,29730.25,29761.25,1389
1787051100,29760.5,29767.25,29755.5,29757.0,605
1787051400,29757.25,29772.75,29757.0,29768.0,631
1787051700,29767.25,29773.5,29763.0,29771.25,430
1787052000,29770.25,29773.75,29753.25,29756.75,561
1787052300,29755.5,29769.5,29753.5,29756.75,439
1787052600,29758.0,29758.0,29739.0,29742.75,730
1787052900,29743.0,29750.75,29730.0,29730.5,541
1787053200,29731.25,29760.5,29727.0,29756.25,708
1787053500,29756.0,29775.75,29755.5,29768.75,727
1787053800,29768.75,29773.5,29745.5,29750.25,590
1787054100,29750.5,29763.25,29747.25,29747.25,316
1787054400,29748.5,29782.25,29742.5,29780.25,687
1787054700,29781.5,29786.0,29743.25,29746.0,1000
1787055000,29746.0,29748.25,29726.25,29733.5,1378
1787055300,29734.0,29740.25,29726.0,29733.0,670
1787055600,29733.25,29760.0,29723.75,29728.5,1664
1787055900,29729.25,29729.5,29711.5,29714.5,1275
1787056200,29714.25,29723.0,29696.5,29708.5,1184
1787056500,29707.75,29710.75,29685.25,29696.0,1184
1787056800,29696.0,29697.5,29687.0,29688.75,522
1787057100,29688.25,29709.75,29680.5,29709.5,1140
1787057400,29709.25,29721.25,29706.0,29707.75,1322
1787057700,29708.0,29717.0,29706.25,29713.0,526
1787058000,29713.0,29726.5,29701.5,29701.5,1621
1787058300,29702.0,29709.5,29692.75,29693.5,1084
1787058600,29693.75,29703.5,29691.0,29696.25,948
1787058900,29695.75,29703.5,29690.75,29699.5,830
1787059200,29699.5,29708.5,29684.5,29689.75,1334
1787059500,29690.0,29701.0,29678.0,29690.25,4236
1787059800,29690.75,29755.25,29631.25,29686.25,24756
1787060100,29685.25,29741.75,29673.25,29733.5,15096
1787060400,29734.25,29769.75,29685.5,29687.5,11228
1787060700,29687.25,29700.5,29645.0,29657.25,11079
1787061000,29657.0,29683.75,29633.0,29636.75,8680
1787061300,29637.5,29665.25,29604.75,29646.25,10461
1787061600,29647.5,29705.75,29621.25,29673.75,11055
1787061900,29674.25,29679.5,29617.0,29618.25,8737
1787062200,29618.0,29621.25,29568.5,29587.25,11464
1787062500,29587.0,29636.0,29578.0,29619.0,9213
1787062800,29619.75,29661.5,29593.25,29641.5,9073
1787063100,29641.5,29684.75,29637.0,29669.25,7656
1787063400,29668.75,29691.25,29649.0,29651.0,7427
1787063700,29651.25,29684.75,29649.25,29665.25,6622
1787064000,29666.0,29673.0,29612.5,29614.0,6176
1787064300,29614.0,29625.0,29595.75,29604.75,5599
1787064600,29604.75,29620.0,29557.0,29558.5,10330
1787064900,29557.75,29567.0,29536.25,29547.75,7776
1787065200,29547.5,29569.0,29526.0,29561.25,10356
1787065500,29561.25,29571.0,29527.0,29530.75,6317
1787065800,29530.25,29547.0,29514.0,29547.0,6064
1787066100,29546.25,29560.75,29534.0,29536.0,4669
1787066400,29535.75,29577.0,29532.0,29567.75,5620
1787066700,29568.25,29600.0,29564.75,29591.25,5902
1787067000,29591.0,29610.0,29582.0,29591.5,5789
1787067300,29592.25,29592.5,29567.0,29572.0,3782
1787067600,29571.75,29606.75,29566.5,29598.0,4149
1787067900,29598.75,29630.0,29598.25,29622.0,4756
1787068200,29622.0,29636.25,29598.75,29634.0,4770
1787068500,29634.25,29641.0,29617.25,29637.0,4091
1787068800,29636.75,29653.75,29632.0,29639.75,4937
1787069100,29638.75,29650.5,29625.0,29635.25,4044
1787069400,29635.5,29663.25,29634.0,29646.0,3638
1787069700,29647.0,29650.25,29621.0,29625.0,3425
1787070000,29626.0,29657.25,29624.25,29644.5,3916
1787070300,29644.75,29645.75,29609.5,29609.75,3691
1787070600,29609.75,29628.75,29603.25,29624.25,3815
1787070900,29624.5,29640.75,29613.25,29633.75,3404
1787071200,29634.0,29650.0,29617.0,29629.5,3544
1787071500,29629.75,29669.25,29618.5,29664.5,4162
1787071800,29665.0,29670.75,29655.25,29668.25,2551
1787072100,29668.5,29668.75,29647.25,29649.75,2465
1787072400,29649.75,29660.75,29633.0,29645.0,3648
1787072700,29645.25,29647.5,29626.25,29635.25,2683
1787073000,29635.25,29641.75,29618.5,29635.25,2338
1787073300,29635.5,29635.75,29605.5,29605.75,2394
1787073600,29605.75,29620.0,29597.25,29600.0,2304
1787073900,29600.25,29618.25,29593.0,29616.0,3363
1787074200,29615.25,29622.0,29605.75,29609.25,2483
1787074500,29608.75,29621.25,29591.5,29610.0,3185
1787074800,29610.0,29616.25,29602.5,29603.5,2427
1787075100,29604.0,29615.0,29594.5,29596.25,1661
1787075400,29595.5,29600.5,29590.75,29593.25,1726
1787075700,29593.5,29594.25,29565.0,29565.75,3541
1787076000,29566.0,29576.75,29561.5,29569.25,3134
1787076300,29569.5,29578.0,29550.5,29555.0,2943
1787076600,29555.5,29579.0,29547.25,29575.25,3322
1787076900,29574.75,29605.75,29571.25,29605.25,4050
1787077200,29605.25,29615.0,29592.5,29600.0,4010
1787077500,29600.25,29603.5,29588.0,29603.25,2260
1787077800,29603.5,29609.0,29587.5,29599.75,2077
1787078100,29599.75,29614.0,29599.75,29605.75,2113
1787078400,29605.25,29607.0,29584.25,29586.0,2585
1787078700,29586.5,29597.75,29583.5,29585.75,2039
1787079000,29585.75,29587.0,29568.5,29571.25,2036
1787079300,29571.0,29580.25,29565.25,29571.25,2570
1787079600,29571.0,29582.5,29564.5,29570.75,2392
1787079900,29571.25,29584.5,29566.0,29581.5,1832
1787080200,29580.75,29586.0,29567.5,29572.25,2202
1787080500,29572.25,29578.25,29564.75,29574.0,2345
1787080800,29574.25,29595.5,29566.25,29595.5,2592
1787081100,29595.25,29606.75,29588.75,29600.0,3520
1787081400,29600.0,29606.0,29589.25,29592.25,3793
1787081700,29591.75,29600.25,29584.25,29594.0,2267
1787082000,29593.75,29605.0,29582.75,29600.25,2946
1787082300,29600.25,29607.0,29588.0,29597.75,3489
1787082600,29597.75,29610.0,29559.25,29569.0,6732
1787082900,29569.5,29601.75,29568.0,29586.5,18754
1787083200,29586.75,29596.75,29576.25,29588.25,4172
1787083500,29588.75,29592.25,29572.25,29575.5,1358
1787083800,29575.5,29580.5,29566.0,29573.25,1297
1787084100,29573.5,29577.5,29566.5,29570.25,686
1787084400,29570.25,29573.5,29561.5,29565.25,491
1787084700,29564.75,29583.0,29564.0,29578.25,600
1787085000,29578.5,29585.0,29574.5,29584.25,368
1787085300,29584.0,29586.0,29581.5,29585.5,285
1787085600,29585.25,29585.25,29577.25,29577.25,302
1787085900,29577.25,29578.5,29551.5,29551.75,1010
1787086200,29552.25,29560.75,29550.25,29557.0,527
1787086500,29556.75,29568.5,29554.75,29559.5,583
1787090400,29566.5,29582.5,29549.0,29568.25,0
1787090700,29568.0,29578.0,29557.25,29576.5,549
1787091000,29575.0,29576.5,29568.75,29574.75,253
1787091300,29574.75,29583.75,29569.5,29583.0,341
1787091600,29582.5,29593.5,29574.5,29577.0,585
1787091900,29577.5,29577.75,29544.75,29546.75,1031
1787092200,29547.5,29552.75,29538.0,29544.75,967
1787092500,29544.0,29546.0,29523.5,29524.25,463
1787092800,29525.25,29534.0,29521.0,29531.75,630
1787093100,29532.5,29534.0,29520.0,29528.0,320
1787093400,29529.0,29536.75,29518.75,29521.0,521
1787093700,29523.25,29525.0,29516.75,29519.5,416
1787094000,29520.0,29532.25,29514.25,29529.5,560
1787094300,29527.0,29547.75,29519.25,29532.0,872
1787094600,29532.0,29534.25,29526.25,29533.25,140
1787094900,29532.5,29536.0,29521.0,29525.25,399
1787095200,29526.25,29567.25,29525.0,29553.0,973
1787095500,29552.75,29557.0,29543.5,29546.0,426
1787095800,29545.75,29549.75,29536.0,29542.5,298
1787096100,29541.5,29544.25,29523.0,29536.75,542
1787096400,29536.5,29540.75,29531.0,29536.75,457
1787096700,29534.0,29538.5,29524.5,29529.25,444
1787097000,29528.5,29552.75,29526.5,29542.25,801
1787097300,29542.25,29543.0,29527.5,29528.5,467
1787097600,29527.5,29529.25,29442.0,29472.75,4115
1787097900,29472.75,29499.0,29463.0,29476.0,1181
1787098200,29477.75,29480.25,29450.75,29460.25,1093
1787098500,29461.0,29493.25,29450.0,29490.5,1145
1787098800,29491.25,29524.5,29484.5,29504.0,1269
1787099100,29505.5,29530.75,29499.0,29530.75,942
1787099400,29530.75,29556.5,29529.75,29545.25,1463
1787099700,29543.75,29572.75,29543.75,29568.0,870
1787100000,29569.0,29575.75,29559.5,29569.5,586
1787100300,29569.25,29586.0,29565.75,29567.5,1002
1787100600,29568.0,29571.25,29552.75,29553.75,951
1787100900,29556.25,29565.25,29533.75,29539.25,1196
1787101200,29538.25,29574.75,29530.25,29573.0,1477
1787101500,29573.0,29598.25,29570.5,29595.0,1794
1787101800,29594.5,29596.5,29581.25,29586.5,1026
1787102100,29586.0,29602.75,29568.5,29602.75,1245
1787102400,29603.0,29609.5,29588.75,29588.75,1236
1787102700,29590.0,29608.0,29579.25,29602.0,713
1787103000,29600.75,29604.5,29563.25,29565.75,952
1787103300,29564.5,29590.5,29564.25,29589.0,777
1787103600,29589.0,29591.25,29564.5,29577.75,581
1787103900,29575.0,29578.0,29563.0,29573.5,466
1787104200,29573.25,29578.0,29567.5,29573.5,357
1787104500,29574.0,29584.25,29566.5,29577.75,594
1787104800,29579.0,29583.25,29561.25,29561.25,398
1787105100,29561.75,29563.75,29543.25,29546.25,731
1787105400,29546.5,29547.75,29526.25,29533.25,873
1787105700,29533.0,29551.5,29521.0,29526.75,999
1787106000,29525.25,29562.5,29525.25,29556.25,861
1787106300,29555.75,29563.25,29540.0,29542.0,547
1787106600,29541.75,29545.0,29518.25,29521.5,587
1787106900,29521.5,29527.0,29516.25,29524.5,468
1787107200,29523.5,29528.75,29514.0,29523.0,372
1787107500,29523.25,29544.0,29518.25,29539.0,700
1787107800,29538.0,29542.0,29518.75,29521.5,407
1787108100,29521.5,29535.0,29519.25,29532.0,225
1787108400,29532.0,29555.0,29531.5,29548.5,457
1787108700,29548.5,29553.75,29520.75,29525.75,580
1787109000,29525.25,29535.0,29520.75,29532.25,336
1787109300,29532.0,29551.5,29532.0,29538.25,578
1787109600,29538.25,29541.0,29519.75,29534.5,538
1787109900,29534.0,29535.5,29526.25,29535.25,223
1787110200,29533.5,29551.0,29528.5,29548.75,500
1787110500,29550.0,29567.0,29535.5,29542.0,904
1787110800,29543.25,29543.5,29529.75,29531.75,319
1787111100,29530.0,29530.0,29516.25,29528.5,455
1787111400,29528.25,29546.0,29527.75,29528.75,423
1787111700,29527.25,29533.75,29525.0,29527.75,173
1787112300,29517.0,29518.25,29514.0,29516.25,1007
1787112600,29515.0,29522.25,29505.0,29516.25,508
1787112900,29516.25,29518.75,29507.5,29514.25,309
1787113200,29514.5,29543.5,29513.0,29532.5,644
1787113500,29532.5,29542.25,29530.0,29533.75,303
1787113800,29533.75,29540.5,29500.5,29509.75,616
1787114100,29509.25,29521.5,29504.25,29504.5,297
1787114400,29503.75,29510.5,29498.0,29498.75,527
1787114700,29499.75,29504.0,29472.25,29476.5,623
1787115000,29477.0,29477.25,29463.75,29474.75,687
1787115300,29474.25,29507.25,29465.75,29506.0,694
1787115600,29506.75,29535.0,29499.0,29530.5,998
1787115900,29530.0,29534.5,29505.5,29518.25,443
1787116200,29518.25,29518.5,29482.75,29487.5,526
1787116500,29489.0,29491.75,29466.25,29471.5,528
1787116800,29470.75,29490.75,29467.0,29485.75,533
1787117100,29484.5,29510.0,29479.25,29509.25,410
1787117400,29507.5,29512.25,29483.25,29483.75,304
1787117700,29484.75,29493.0,29466.25,29473.0,446
1787118000,29473.0,29478.0,29459.0,29472.75,714
1787118300,29471.5,29477.0,29460.75,29469.0,339
1787118600,29468.75,29469.0,29453.0,29456.25,385
1787118900,29456.0,29463.25,29446.0,29457.5,826
1787119200,29456.5,29466.0,29444.25,29447.5,656
1787119500,29448.25,29452.5,29431.25,29433.75,931
1787119800,29433.0,29447.75,29430.5,29436.0,612
1787120100,29435.5,29487.0,29435.0,29477.0,897
1787120400,29477.75,29499.25,29477.25,29498.5,658
1787120700,29500.0,29504.75,29472.0,29482.0,603
1787121000,29481.5,29494.5,29472.5,29481.75,285
1787121300,29482.25,29489.75,29475.75,29477.25,252
1787121600,29475.75,29492.0,29460.0,29490.25,693
1787121900,29491.75,29532.25,29491.25,29521.0,1362
1787122200,29521.0,29544.75,29518.5,29541.5,962
1787122500,29542.75,29561.5,29538.75,29559.75,987
1787122800,29558.75,29559.25,29526.0,29531.5,1249
1787123100,29532.0,29551.25,29520.25,29547.75,739
1787123400,29547.75,29563.5,29541.5,29559.0,776
1787123700,29559.0,29561.25,29533.5,29546.0,474
1787124000,29547.25,29575.0,29546.0,29573.75,625
1787124300,29574.5,29578.25,29564.75,29578.25,555
1787124600,29578.5,29589.25,29567.25,29578.25,876
1787124900,29578.0,29587.25,29565.5,29567.5,463
1787125200,29567.75,29574.0,29547.25,29571.0,781
1787125500,29571.5,29589.0,29569.5,29581.75,733
1787125800,29581.5,29585.5,29570.0,29578.75,470
1787126100,29575.5,29606.5,29575.0,29601.25,1148
1787126400,29600.25,29634.5,29593.0,29632.75,1612
1787126700,29632.5,29637.0,29619.5,29629.0,1446
1787127000,29629.0,29640.75,29620.75,29624.75,886
1787127300,29625.0,29633.75,29607.5,29628.75,892
1787127600,29628.75,29639.0,29611.25,29626.0,1409
1787127900,29626.5,29629.5,29610.25,29622.5,624
1787128200,29620.5,29623.0,29600.25,29608.5,679
1787128500,29608.0,29619.75,29607.75,29617.25,349
1787128800,29617.75,29632.0,29613.5,29626.25,597
1787129100,29626.5,29633.25,29624.75,29625.75,384
1787129400,29625.25,29630.0,29610.75,29617.25,530
1787129700,29617.75,29618.5,29607.0,29609.5,468
1787130000,29606.25,29626.0,29605.0,29625.5,457
1787130300,29625.0,29630.0,29599.0,29599.0,693
1787130600,29600.0,29605.25,29592.75,29593.5,554
1787130900,29594.5,29598.25,29584.75,29592.5,685
1787131200,29593.0,29595.0,29584.0,29584.5,423
1787131500,29584.0,29586.75,29566.25,29571.0,649
1787131800,29571.0,29587.0,29565.0,29578.0,438
1787132100,29581.75,29583.75,29570.0,29573.25,309
1787132400,29572.25,29574.5,29549.5,29552.0,592
1787132700,29552.0,29563.0,29548.25,29559.5,346
1787133000,29559.75,29560.0,29544.75,29553.0,434
1787133300,29553.25,29556.75,29536.5,29553.75,476
1787133600,29553.25,29557.75,29522.25,29522.25,859
1787133900,29523.0,29530.5,29514.0,29521.25,686
1787134200,29520.25,29543.5,29510.75,29540.75,611
1787134500,29539.5,29540.0,29523.0,29531.0,422
1787134800,29529.5,29534.75,29517.25,29522.5,372
1787135100,29522.0,29541.25,29512.25,29536.25,558
1787135400,29536.0,29542.5,29528.5,29537.75,382
1787135700,29538.25,29557.75,29534.25,29554.25,836
1787136000,29554.25,29557.0,29546.5,29555.0,300
1787136300,29555.25,29558.75,29539.5,29540.5,248
1787136600,29539.25,29543.25,29530.0,29531.5,315
1787136900,29531.5,29532.5,29517.75,29521.0,494
1787137200,29522.5,29563.25,29509.5,29561.25,1171
1787137500,29560.25,29578.0,29545.0,29545.5,799
1787137800,29545.0,29555.0,29541.25,29545.75,566
1787138100,29549.0,29551.75,29535.0,29547.5,401
1787138400,29547.75,29559.5,29531.25,29553.5,567
1787138700,29553.25,29560.25,29533.5,29538.5,467
1787139000,29536.25,29540.25,29513.0,29519.75,534
1787139300,29518.0,29530.0,29516.25,29524.25,380
1787139600,29525.25,29527.5,29508.0,29515.0,527
1787139900,29513.75,29527.0,29506.75,29516.0,470
1787140200,29516.0,29525.25,29510.25,29518.75,455
1787140500,29521.75,29537.5,29517.5,29536.0,470
1787140800,29535.0,29551.0,29511.5,29525.25,917
1787141100,29524.5,29558.5,29522.0,29546.5,803
1787141400,29545.75,29555.75,29533.5,29553.0,1099
1787141700,29553.0,29573.75,29549.75,29570.25,951
1787142000,29570.0,29572.0,29557.75,29565.5,943
1787142300,29566.0,29583.0,29551.5,29573.25,1749
1787142600,29574.0,29623.0,29549.25,29617.25,2932
1787142900,29616.75,29668.25,29578.0,29661.25,5597
1787143200,29661.5,29685.0,29654.75,29683.25,4022
1787143500,29683.5,29721.75,29683.5,29721.0,4768
1787143800,29721.5,29757.25,29721.5,29743.5,4692
1787144100,29743.5,29747.25,29724.25,29742.75,3408
1787144400,29743.0,29743.0,29679.75,29683.75,3993
1787144700,29683.5,29717.5,29682.25,29707.75,2779
1787145000,29707.75,29735.5,29706.75,29723.75,1841
1787145300,29723.25,29726.75,29707.75,29719.5,1879
1787145600,29719.75,29747.75,29714.75,29742.5,1920
1787145900,29742.5,29748.25,29695.75,29697.0,3769
1787146200,29696.0,29742.75,29648.5,29673.0,20184
1787146500,29673.5,29688.25,29587.75,29589.75,14590
1787146800,29589.5,29628.75,29560.5,29610.75,15439
1787147100,29609.75,29635.5,29458.25,29470.5,17081
1787147400,29470.0,29493.0,29406.5,29471.25,18544
1787147700,29471.0,29525.5,29460.5,29496.5,11619
1787148000,29496.25,29514.25,29456.0,29472.25,10937
1787148300,29472.25,29504.25,29433.5,29452.25,9182
1787148600,29451.75,29462.0,29377.25,29382.5,11621
1787148900,29382.25,29469.0,29375.75,29418.5,12908
1787149200,29419.25,29456.75,29385.25,29415.5,9558
1787149500,29413.5,29485.0,29395.0,29482.5,8193
1787149800,29482.5,29517.0,29468.25,29494.25,7787
1787150100,29495.0,29567.0,29483.75,29565.75,7819
1787150400,29565.75,29575.0,29535.0,29564.0,7039
1787150700,29564.5,29566.75,29527.0,29531.25,5357
1787151000,29531.5,29596.75,29527.0,29595.75,6552
1787151300,29596.0,29624.5,29582.25,29623.25,6150
1787151600,29623.0,29629.75,29593.0,29596.25,6186
1787151900,29596.5,29609.5,29581.0,29586.5,4491
1787152200,29586.75,29624.0,29584.75,29617.25,3498
1787152500,29616.25,29629.0,29595.0,29624.0,4144
1787152800,29623.0,29631.25,29602.0,29602.5,3477
1787153100,29602.5,29620.0,29588.0,29613.5,4077
1787153400,29613.25,29616.5,29587.0,29592.25,2943
1787153700,29591.75,29598.0,29570.5,29572.75,3694
1787154000,29572.5,29597.75,29550.25,29596.75,4822
1787154300,29596.25,29616.25,29586.25,29586.75,3604
1787154600,29587.0,29596.0,29569.75,29574.5,3482
1787154900,29574.5,29608.25,29571.25,29606.25,3044
1787155200,29607.25,29639.5,29587.5,29638.25,4719
1787155500,29638.5,29653.75,29629.25,29650.75,3206
1787155800,29651.25,29653.25,29636.5,29637.0,2154
1787156100,29637.25,29667.25,29628.25,29659.5,3378
1787156400,29659.75,29665.25,29633.75,29638.25,2560
1787156700,29638.25,29639.25,29602.25,29609.0,3365
1787157000,29609.0,29617.25,29596.0,29611.25,2731
1787157300,29611.75,29621.5,29594.0,29609.75,2230
1787157600,29609.25,29620.75,29602.5,29610.25,1799
1787157900,29610.25,29611.25,29587.25,29589.25,2237
1787158200,29588.5,29588.5,29564.0,29571.5,2928
1787158500,29571.75,29572.0,29553.0,29559.5,2350
1787158800,29560.0,29569.25,29545.0,29556.0,3045
1787159100,29557.0,29573.25,29539.5,29541.25,2950
1787159400,29542.0,29562.75,29542.0,29548.0,2317
1787159700,29547.75,29556.5,29526.25,29526.25,2623
1787160000,29527.0,29528.5,29510.5,29518.5,3477
1787160300,29518.25,29543.5,29512.75,29539.5,2475
1787160600,29540.0,29543.25,29519.25,29519.25,2218
1787160900,29519.0,29538.0,29513.75,29523.0,1910
1787161200,29522.5,29544.25,29522.25,29537.0,1966
1787161500,29536.25,29550.25,29534.25,29541.0,1889
1787161800,29541.5,29561.0,29538.0,29551.5,1909
1787162100,29551.5,29553.75,29537.75,29544.25,1390
1787162400,29544.0,29592.5,29535.75,29562.75,4542
1787162700,29563.0,29571.75,29498.5,29501.75,5266
1787163000,29501.5,29541.25,29500.0,29520.0,3460
1787163300,29519.75,29523.5,29492.0,29511.25,3134
1787163600,29511.5,29524.0,29506.5,29512.75,1996
1787163900,29511.5,29540.5,29509.5,29538.75,2491
1787164200,29538.5,29578.75,29537.75,29567.0,4336
1787164500,29567.25,29567.75,29536.25,29542.5,2244
1787164800,29542.75,29563.75,29542.25,29560.0,1955
1787165100,29560.5,29561.25,29541.25,29555.0,1702
1787165400,29555.5,29557.75,29536.0,29548.0,1815
1787165700,29547.75,29549.0,29527.5,29535.0,2128
1787166000,29535.25,29553.0,29529.5,29540.0,2425
1787166300,29541.5,29558.5,29532.5,29556.75,1650
1787166600,29556.25,29559.5,29544.75,29547.25,1684
1787166900,29547.5,29566.75,29543.75,29566.0,2037
1787167200,29565.5,29574.0,29550.25,29564.0,2373
1787167500,29564.0,29579.75,29553.25,29555.75,2243
1787167800,29556.75,29590.0,29551.5,29582.0,3006
1787168100,29582.0,29582.0,29536.25,29537.75,3460
1787168400,29537.75,29547.0,29527.25,29530.75,2427
1787168700,29530.5,29532.75,29501.25,29511.0,4303
1787169000,29511.75,29521.75,29485.25,29511.25,7246
1787169300,29511.25,29525.75,29488.5,29521.5,13780
1787169600,29522.0,29542.75,29520.0,29533.75,4573
1787169900,29534.25,29536.5,29517.75,29533.5,1592
1787170200,29532.75,29534.25,29518.25,29518.25,1053
1787170500,29518.75,29522.25,29514.25,29519.0,600
1787170800,29520.0,29520.5,29516.75,29518.75,290
1787171100,29519.75,29529.0,29519.0,29525.25,480
1787171400,29524.75,29532.0,29522.5,29527.75,296
1787171700,29528.0,29530.5,29523.0,29523.25,304
1787172000,29523.0,29531.5,29520.0,29529.25,443
1787172300,29529.0,29541.25,29527.25,29541.0,499
1787172600,29541.25,29557.25,29539.5,29553.75,645
1787172900,29554.0,29562.5,29552.75,29561.0,522
1787176800,29561.5,29615.0,29556.5,29605.5,0
1787177100,29604.25,29612.0,29590.75,29610.5,690
1787177400,29608.75,29639.0,29590.75,29627.25,970
1787177700,29627.25,29628.5,29613.25,29613.25,278
1787178000,29614.5,29632.25,29606.5,29632.25,525
1787178300,29631.0,29632.25,29616.0,29621.5,506
1787178600,29622.0,29622.0,29613.0,29617.75,249
1787178900,29617.25,29638.0,29615.25,29635.0,324
1787179200,29635.0,29638.0,29629.5,29630.0,296
1787179500,29631.25,29636.25,29628.5,29632.25,208
1787179800,29632.25,29639.5,29632.0,29636.75,495
1787180100,29636.25,29654.25,29630.75,29649.5,1474
1787180400,29650.75,29689.75,29632.75,29647.25,1970
1787180700,29646.25,29666.0,29645.0,29662.5,286
1787181000,29663.0,29664.0,29649.5,29651.75,274
1787181300,29651.0,29660.0,29650.75,29655.0,166
1787181600,29654.75,29655.5,29641.75,29648.0,317
1787181900,29648.75,29652.0,29647.0,29651.25,147
1787182200,29652.0,29659.0,29644.25,29648.5,354
1787182500,29650.25,29656.25,29645.75,29650.0,119
1787182800,29650.5,29666.75,29649.75,29659.75,216
1787183100,29658.75,29660.25,29649.5,29651.25,305
1787183400,29652.5,29662.25,29639.75,29646.0,441
1787183700,29644.5,29646.75,29626.0,29628.5,864
1787184000,29629.0,29629.0,29595.0,29618.0,1410
1787184300,29618.0,29625.25,29581.5,29598.5,1056
1787184600,29597.25,29631.75,29590.5,29629.5,736
1787184900,29630.0,29660.25,29628.5,29653.75,1043
1787185200,29654.5,29665.5,29628.0,29648.25,932
1787185500,29647.25,29647.25,29625.0,29630.5,506
1787185800,29630.75,29642.0,29617.0,29641.25,595
1787186100,29642.0,29660.5,29627.25,29660.5,503
1787186400,29659.0,29666.0,29652.0,29654.25,562
1787186700,29655.0,29668.0,29642.25,29644.5,480
1787187000,29646.5,29670.0,29646.0,29668.75,418
1787187300,29670.0,29675.75,29664.5,29669.75,496
1787187600,29670.5,29684.25,29665.5,29672.25,720
1787187900,29675.0,29682.5,29655.0,29658.0,480
1787188200,29657.0,29660.0,29640.5,29644.25,677
1787188500,29645.25,29667.0,29633.25,29661.25,860
1787188800,29661.0,29664.5,29630.5,29633.25,569
1787189100,29634.0,29646.25,29624.75,29634.5,523
1787189400,29633.75,29647.0,29623.75,29643.0,500
1787189700,29643.25,29655.75,29638.5,29655.0,475
1787190000,29652.75,29671.5,29651.5,29668.75,516
1787190300,29668.75,29674.0,29656.0,29665.5,430
1787190600,29666.0,29674.75,29645.5,29662.75,590
1787190900,29662.5,29663.25,29630.0,29642.25,621
1787191200,29641.75,29683.0,29640.0,29673.5,767
1787191500,29673.75,29683.25,29670.5,29670.5,237
1787191800,29670.75,29674.75,29654.25,29669.25,407
1787192100,29668.25,29670.0,29644.0,29648.5,381
1787192400,29647.25,29647.25,29612.75,29626.75,1233
1787192700,29628.0,29636.5,29620.0,29633.25,428
1787193000,29631.25,29658.75,29610.0,29658.75,836
1787193300,29658.75,29662.25,29636.5,29648.25,345
1787193600,29649.0,29652.25,29639.5,29646.25,206
1787193900,29645.5,29648.0,29621.0,29621.5,284
1787194200,29623.5,29626.75,29611.25,29618.75,457
1787194500,29617.25,29632.5,29614.25,29630.25,358
1787194800,29632.0,29640.5,29620.75,29636.25,261
1787195100,29637.5,29655.75,29631.75,29634.0,474
1787195400,29634.5,29634.5,29606.0,29623.0,645
1787195700,29624.25,29643.75,29621.25,29640.5,247
1787196000,29640.5,29657.25,29640.25,29644.0,287
1787196300,29643.25,29644.75,29625.25,29626.0,300
1787196600,29625.0,29628.75,29601.25,29603.0,905
1787196900,29602.75,29611.25,29593.5,29611.25,462
1787197200,29610.25,29627.0,29605.75,29618.75,399
1787197500,29618.75,29628.0,29615.0,29626.25,222
1787197800,29626.25,29631.25,29617.25,29619.25,275
1787198100,29621.0,29631.25,29609.25,29613.0,358
1787198700,29646.25,29652.5,29645.0,29652.0,750
1787199000,29652.25,29656.0,29648.25,29655.25,205
1787199300,29655.25,29656.0,29648.25,29653.75,152
1787199600,29652.5,29652.5,29637.0,29638.75,288
1787199900,29639.25,29646.0,29636.0,29639.25,149
1787200200,29640.25,29640.25,29610.0,29612.75,459
1787200500,29612.25,29621.75,29608.5,29619.75,361
1787200800,29619.75,29629.5,29618.5,29628.5,219
1787201100,29627.75,29631.75,29624.75,29628.75,130
1787201400,29629.5,29642.0,29621.25,29621.5,217
1787201700,29622.0,29622.25,29612.25,29615.0,257
1787202000,29617.0,29623.75,29610.0,29619.0,265
1787202300,29619.0,29619.0,29606.25,29608.25,190
1787202600,29608.5,29608.5,29587.75,29597.0,452
1787202900,29597.75,29629.5,29594.5,29626.25,610
1787203200,29626.75,29633.5,29608.75,29632.75,425
1787203500,29631.5,29641.0,29615.25,29616.0,330
1787203800,29617.25,29634.25,29608.0,29613.25,287
1787204100,29612.0,29615.0,29604.75,29613.0,422
1787204400,29612.75,29627.25,29606.75,29615.5,227
1787204700,29613.75,29618.0,29602.25,29613.0,330
1787205000,29612.5,29615.5,29599.75,29601.75,210
1787205300,29601.0,29610.25,29600.25,29605.5,171
1787205600,29607.0,29632.75,29602.25,29631.0,528
1787205900,29632.0,29657.5,29630.5,29657.25,632
1787206200,29657.0,29666.25,29651.0,29660.0,543
1787206500,29659.25,29661.75,29639.0,29652.75,566
1787206800,29652.5,29656.0,29645.0,29655.5,285
1787207100,29655.0,29655.75,29640.5,29654.5,303
1787207400,29653.5,29677.0,29647.0,29676.25,469
1787207700,29675.5,29677.25,29657.0,29658.5,382
1787208000,29658.0,29677.25,29656.5,29671.25,369
1787208300,29673.0,29685.0,29670.0,29673.0,548
1787208600,29673.75,29686.5,29666.25,29675.5,486
1787208900,29674.0,29679.0,29666.5,29672.5,248
1787209200,29672.75,29672.75,29632.5,29652.25,1129
1787209500,29653.0,29668.25,29644.75,29666.25,541
1787209800,29666.75,29670.5,29637.25,29637.25,436
1787210100,29638.0,29643.25,29633.75,29638.5,319
1787210400,29639.0,29648.0,29613.75,29618.5,788
1787210700,29618.25,29626.5,29604.75,29615.75,509
1787211000,29615.5,29629.75,29595.0,29624.75,801
1787211300,29626.75,29635.0,29613.5,29620.25,470
1787211600,29622.0,29625.25,29604.0,29606.25,410
1787211900,29606.25,29637.0,29603.5,29633.25,453
1787212200,29632.5,29632.5,29605.0,29609.25,326
1787212500,29610.25,29613.75,29592.75,29594.5,358
1787212800,29595.75,29605.5,29556.5,29559.75,1617
1787213100,29559.5,29577.5,29549.75,29560.0,1051
1787213400,29558.75,29558.75,29520.0,29537.25,1407
1787213700,29538.0,29548.5,29515.5,29535.0,880
1787214000,29535.25,29542.0,29504.5,29507.75,710
1787214300,29509.75,29515.75,29496.0,29501.25,964
1787214600,29502.0,29502.25,29467.0,29467.0,1253
1787214900,29467.25,29517.0,29464.0,29517.0,1259
1787215200,29517.25,29529.5,29499.25,29500.5,796
1787215500,29499.0,29504.75,29452.75,29474.0,1503
1787215800,29473.5,29493.75,29472.75,29485.75,383
1787216100,29485.5,29485.5,29464.0,29475.75,713
1787216400,29477.25,29515.5,29468.0,29513.0,727
1787216700,29512.5,29542.5,29497.25,29539.25,1048
1787217000,29539.25,29543.75,29510.75,29518.75,521
1787217300,29523.0,29535.0,29512.5,29524.25,398
1787217600,29523.0,29536.0,29518.5,29532.75,193
1787217900,29533.0,29542.25,29528.0,29530.75,272
1787218200,29527.0,29530.75,29512.25,29514.0,331
1787218500,29514.0,29524.0,29507.5,29522.5,277
1787218800,29521.75,29536.5,29510.5,29536.0,328
1787219100,29535.25,29546.75,29530.75,29533.75,235
1787219400,29532.25,29537.75,29512.75,29530.5,272
1787219700,29531.75,29535.75,29527.75,29528.25,164
1787220000,29527.25,29540.0,29511.75,29532.75,410
1787220300,29535.0,29547.75,29527.5,29547.75,281
1787220600,29548.0,29564.0,29542.25,29556.5,548
1787220900,29557.5,29559.25,29539.5,29546.5,366
1787221200,29546.75,29552.75,29541.75,29551.5,324
1787221500,29551.5,29554.5,29526.5,29537.75,776
1787221800,29535.75,29547.75,29530.0,29530.25,286
1787222100,29530.0,29547.75,29516.25,29525.0,854
1787222400,29524.75,29532.25,29517.25,29524.25,226
1787222700,29526.0,29560.25,29525.25,29555.0,299
1787223000,29554.75,29559.75,29542.25,29543.5,328
1787223300,29544.5,29567.0,29538.5,29566.0,342
1787223600,29566.0,29582.25,29498.0,29498.75,2049
1787223900,29498.75,29500.25,29479.0,29491.25,834
1787224200,29490.25,29494.5,29464.0,29487.0,918
1787224500,29488.5,29498.25,29468.75,29473.5,565
1787224800,29472.0,29472.75,29441.5,29448.0,1922
1787225100,29449.25,29458.0,29422.0,29425.0,1035
1787225400,29424.5,29444.5,29419.0,29431.75,1237
1787225700,29431.5,29449.5,29419.0,29447.5,825
1787226000,29449.25,29453.5,29418.0,29423.75,907
1787226300,29423.25,29425.0,29372.25,29384.0,2657
1787226600,29384.0,29397.5,29373.25,29373.25,1369
1787226900,29373.75,29378.5,29348.75,29362.0,1784
1787227200,29361.25,29375.0,29286.75,29316.0,3565
1787227500,29318.25,29325.0,29291.0,29298.75,2685
1787227800,29297.75,29300.0,29262.5,29272.0,3150
1787228100,29272.0,29294.25,29264.0,29271.5,2008
1787228400,29272.25,29306.5,29270.0,29300.75,2041
1787228700,29300.0,29300.5,29275.0,29276.5,1107
1787229000,29278.0,29282.25,29252.25,29268.0,2465
1787229300,29267.75,29269.5,29240.0,29267.25,2299
1787229600,29267.0,29292.5,29260.25,29290.25,1790
1787229900,29289.25,29314.0,29283.75,29313.0,1716
1787230200,29312.0,29347.5,29312.0,29346.25,2334
1787230500,29346.5,29351.0,29335.5,29346.0,1174
1787230800,29346.75,29373.25,29343.75,29364.75,2187
1787231100,29365.0,29372.5,29344.25,29345.5,1818
1787231400,29345.25,29351.5,29332.75,29338.0,1421
1787231700,29338.25,29348.25,29329.5,29338.75,1352
1787232000,29338.25,29348.0,29324.0,29348.0,1480
1787232300,29347.25,29369.0,29336.25,29350.75,3184
1787232600,29350.5,29434.0,29338.75,29403.25,17756
1787232900,29404.25,29470.25,29372.0,29438.5,14820
1787233200,29439.25,29457.0,29390.0,29442.5,12200
1787233500,29442.5,29460.0,29350.0,29384.25,13058
1787233800,29383.75,29391.75,29308.75,29367.5,13509
1787234100,29368.75,29409.0,29324.0,29354.0,11963
1787234400,29354.0,29395.0,29319.25,29328.0,10202
1787234700,29328.0,29392.0,29316.5,29391.5,8921
1787235000,29390.75,29409.0,29362.75,29368.0,9011
1787235300,29369.0,29381.75,29313.75,29316.0,8216
1787235600,29315.25,29414.0,29305.0,29396.75,10899
1787235900,29396.75,29401.0,29334.25,29349.75,7526
1787236200,29350.75,29386.75,29336.0,29337.25,6555
1787236500,29337.0,29418.5,29329.0,29411.5,6804
1787236800,29412.25,29430.0,29393.5,29421.75,5400
1787237100,29421.5,29433.5,29372.5,29376.25,5530
1787237400,29376.0,29398.25,29352.5,29360.5,4840
1787237700,29360.25,29395.75,29349.0,29392.75,4990
1787238000,29392.5,29457.5,29388.5,29430.25,9297
1787238300,29430.75,29431.75,29343.5,29358.25,7670
1787238600,29357.5,29383.0,29324.5,29365.25,6516
1787238900,29364.5,29369.5,29342.0,29354.5,4289
1787239200,29353.75,29359.5,29308.5,29321.5,5061
1787239500,29320.5,29346.0,29301.0,29345.0,5748
1787239800,29344.0,29350.5,29292.0,29301.25,5221
1787240100,29301.0,29315.75,29277.25,29279.0,4914
1787240400,29279.0,29302.5,29276.5,29278.5,3683
1787240700,29278.75,29308.25,29269.25,29295.5,4452
1787241000,29295.5,29332.5,29291.0,29322.75,3893
1787241300,29322.75,29332.75,29314.25,29329.75,3222
1787241600,29329.75,29346.0,29312.5,29316.5,4065
1787241900,29315.75,29335.0,29302.75,29332.75,3086
1787242200,29333.75,29342.0,29306.5,29307.25,2799
1787242500,29307.0,29323.5,29305.0,29322.5,2017
1787242800,29323.0,29355.25,29311.5,29348.25,3471
1787243100,29348.5,29356.5,29334.5,29340.75,2328
1787243400,29340.25,29349.5,29310.0,29347.75,3409
1787243700,29348.0,29360.5,29341.25,29359.0,2522
1787244000,29358.25,29378.0,29355.0,29377.25,3119
1787244300,29377.0,29389.0,29364.75,29369.0,3542
1787244600,29368.75,29380.25,29356.25,29370.0,2456
1787244900,29369.75,29385.75,29361.25,29380.0,2805
1787245200,29380.0,29382.0,29352.25,29358.75,2278
1787245500,29359.0,29361.5,29334.75,29343.0,2574
1787245800,29343.25,29354.25,29335.0,29337.0,1781
1787246100,29337.0,29338.5,29304.0,29305.5,3633
1787246400,29305.75,29324.75,29298.0,29310.25,2892
1787246700,29310.0,29317.0,29292.5,29294.5,3346
1787247000,29294.25,29304.25,29285.75,29288.25,2685
1787247300,29288.25,29300.5,29282.75,29289.75,2461
1787247600,29289.25,29293.25,29282.75,29289.75,1937
1787247900,29290.0,29313.25,29287.25,29305.25,3094
1787248200,29305.0,29325.75,29299.75,29301.5,2849
1787248500,29301.75,29310.0,29290.5,29292.75,2386
1787248800,29292.5,29293.0,29251.75,29260.75,5083
1787249100,29260.5,29265.75,29228.0,29234.5,5733
1787249400,29234.5,29239.25,29215.0,29230.5,4214
1787249700,29230.25,29236.25,29202.75,29233.75,4310
1787250000,29234.25,29248.25,29228.75,29230.0,3375
1787250300,29230.0,29239.75,29220.5,29232.75,3136
1787250600,29233.0,29237.5,29212.0,29216.5,3087
1787250900,29216.75,29232.0,29213.0,29222.5,2779
1787251200,29222.75,29235.75,29212.5,29234.0,2751
1787251500,29234.5,29253.75,29227.0,29251.25,3221
1787251800,29250.75,29255.0,29240.25,29249.0,2665
1787252100,29249.75,29259.0,29243.25,29243.75,2303
1787252400,29243.75,29275.25,29242.25,29272.0,3726
1787252700,29272.25,29293.0,29264.5,29289.75,3829
1787253000,29290.0,29293.5,29273.5,29281.25,2677
1787253300,29281.0,29294.25,29267.75,29271.25,2444
1787253600,29271.5,29305.0,29268.25,29296.25,3490
1787253900,29296.75,29307.5,29295.5,29304.5,2645
1787254200,29304.25,29310.5,29290.25,29304.0,3513
1787254500,29304.0,29335.25,29299.0,29329.0,4385
1787254800,29328.25,29333.5,29302.0,29310.75,3817
1787255100,29310.75,29321.5,29293.0,29320.0,4261
1787255400,29319.75,29331.25,29299.25,29304.5,6430
1787255700,29304.25,29319.25,29286.5,29305.75,15404
1787256000,29306.0,29320.5,29304.0,29314.0,4176
1787256300,29313.5,29314.0,29277.25,29288.25,1704
1787256600,29288.75,29300.25,29277.0,29281.25,1635
1787256900,29281.5,29285.0,29262.5,29274.5,1094
1787257200,29274.25,29289.0,29274.0,29288.75,554
1787257500,29288.5,29293.5,29284.5,29288.25,540
1787257800,29287.75,29296.75,29285.25,29296.0,423
1787258100,29295.75,29311.5,29295.75,29303.25,612
1787258400,29302.5,29307.25,29297.75,29302.25,402
1787258700,29302.0,29305.25,29300.5,29305.0,380
1787259000,29305.25,29305.75,29296.25,29304.0,395
1787259300,29304.5,29319.5,29304.25,29317.25,563
1787263200,29327.0,29345.75,29280.0,29281.0,0
1787263500,29280.75,29292.5,29274.25,29287.75,800
1787263800,29287.5,29290.0,29276.5,29278.25,241
1787264100,29277.5,29291.25,29277.0,29285.5,226
1787264400,29284.0,29288.75,29281.5,29283.0,197
1787264700,29284.0,29288.25,29278.75,29285.75,154
1787265000,29286.5,29304.5,29281.75,29304.0,345
1787265300,29304.25,29309.0,29296.75,29298.25,353
1787265600,29299.5,29304.25,29286.0,29300.75,306
1787265900,29300.75,29312.0,29296.0,29310.0,266
1787266200,29309.5,29325.5,29308.0,29322.0,577
1787266500,29322.0,29324.25,29320.0,29323.0,123
1787266800,29321.5,29323.25,29317.5,29318.75,258
1787267100,29318.75,29324.25,29315.5,29318.75,210
1787267400,29319.5,29319.75,29313.25,29318.75,96
1787267700,29318.75,29328.5,29314.5,29321.0,280
1787268000,29320.75,29322.75,29317.75,29319.25,131
1787268300,29319.25,29322.0,29312.5,29315.5,162
1787268600,29316.5,29319.75,29311.75,29313.25,127
1787268900,29312.25,29312.75,29295.5,29302.25,517
1787269200,29302.0,29323.75,29302.0,29316.5,613
1787269500,29317.0,29318.0,29286.75,29308.0,696
1787269800,29308.25,29315.25,29294.5,29305.75,512
1787270100,29304.0,29304.75,29292.25,29293.0,280
1787270400,29292.5,29331.25,29289.75,29317.5,944
1787270700,29316.25,29345.25,29314.25,29325.75,782
1787271000,29326.0,29365.5,29317.25,29360.75,1260
1787271300,29360.5,29360.5,29321.5,29327.0,947
1787271600,29327.0,29345.25,29320.75,29325.75,491
1787271900,29326.5,29331.0,29315.0,29325.5,405
1787272200,29326.75,29338.25,29311.75,29335.75,597
1787272500,29335.0,29351.75,29325.5,29350.0,496
1787272800,29349.5,29357.25,29330.25,29354.5,555
1787273100,29353.0,29362.0,29348.75,29355.0,566
1787273400,29355.0,29360.0,29327.0,29327.25,423
1787273700,29328.25,29332.25,29319.5,29320.5,327
1787274000,29320.5,29335.25,29317.25,29321.0,486
1787274300,29320.25,29323.0,29291.75,29305.5,1069
1787274600,29305.5,29331.75,29300.25,29331.25,710
1787274900,29330.0,29353.5,29313.25,29352.0,629
1787275200,29352.75,29353.25,29317.75,29332.75,508
1787275500,29332.75,29357.0,29329.75,29341.5,546
1787275800,29340.5,29357.0,29333.0,29340.0,403
1787276100,29339.75,29341.0,29320.25,29325.75,450
1787276400,29326.0,29356.5,29324.0,29350.5,618
1787276700,29350.25,29370.0,29340.5,29366.75,521
1787277000,29368.0,29372.5,29342.25,29343.25,538
1787277300,29342.0,29355.75,29333.5,29354.25,353
1787277600,29353.75,29362.0,29346.0,29347.0,313
1787277900,29345.0,29365.75,29343.25,29365.25,285
1787278200,29364.25,29375.75,29354.0,29373.5,385
1787278500,29372.75,29375.5,29366.75,29370.0,359
1787278800,29369.75,29395.0,29368.5,29382.75,728
1787279100,29383.25,29390.0,29378.75,29390.0,304
1787279400,29390.0,29395.75,29387.0,29392.5,387
1787279700,29391.0,29396.25,29381.75,29383.75,255
1787280000,29383.25,29390.0,29376.0,29380.5,473
1787280300,29380.25,29396.0,29377.0,29390.5,335
1787280600,29391.0,29399.25,29386.0,29386.0,384
1787280900,29387.25,29392.0,29383.5,29384.0,165
1787281200,29384.0,29388.25,29380.5,29380.5,184
1787281500,29380.5,29381.25,29362.5,29367.5,573
1787281800,29368.0,29368.0,29355.0,29356.5,415
1787282100,29356.0,29368.25,29349.0,29353.25,486
1787282400,29352.75,29371.25,29352.25,29366.5,271
1787282700,29365.75,29366.75,29358.5,29363.0,198
1787283000,29364.75,29376.75,29363.0,29374.75,345
1787283300,29374.0,29375.0,29357.5,29364.25,246
1787283600,29363.0,29363.5,29354.25,29357.25,215
1787283900,29356.0,29356.5,29345.0,29353.0,267
1787284200,29353.0,29357.5,29345.5,29348.25,261
1787284500,29348.5,29360.75,29342.75,29360.25,393
1787285100,29362.0,29367.0,29358.5,29358.5,769
1787285400,29359.75,29370.0,29352.5,29367.75,259
1787285700,29366.5,29371.75,29349.0,29352.0,378
1787286000,29352.25,29352.25,29332.25,29337.75,482
1787286300,29336.5,29339.0,29330.5,29330.5,213
1787286600,29330.0,29338.75,29323.0,29332.25,389
1787286900,29332.5,29334.0,29321.25,29326.25,220
1787287200,29326.75,29338.5,29326.0,29334.75,245
1787287500,29334.5,29360.0,29333.25,29359.75,398
1787287800,29360.25,29364.5,29354.75,29361.5,268
1787288100,29362.0,29362.5,29351.0,29356.25,200
1787288400,29358.25,29369.75,29352.0,29369.0,342
1787288700,29369.25,29371.0,29354.75,29355.5,214
1787289000,29356.5,29370.0,29354.5,29367.0,130
1787289300,29366.25,29380.75,29364.25,29378.0,204
1787289600,29377.25,29377.25,29360.75,29360.75,242
1787289900,29361.25,29365.25,29351.5,29353.25,305
1787290200,29352.25,29371.0,29348.25,29371.0,241
1787290500,29370.0,29377.5,29365.0,29366.75,256
1787290800,29366.75,29368.0,29350.75,29360.75,282
1787291100,29360.5,29361.5,29344.5,29345.5,286
1787291400,29344.0,29353.75,29340.25,29350.5,269
1787291700,29350.25,29367.25,29348.5,29366.25,292
1787292000,29365.5,29367.75,29354.5,29359.75,430
1787292300,29359.25,29370.5,29355.75,29363.25,269
1787292600,29362.75,29375.75,29362.5,29374.0,300
1787292900,29374.25,29379.0,29366.75,29370.75,293
1787293200,29369.5,29377.75,29367.0,29368.0,173
1787293500,29369.0,29381.0,29368.5,29376.25,254
1787293800,29375.5,29393.75,29368.5,29393.75,500
1787294100,29393.75,29401.5,29386.0,29390.0,502
1787294400,29390.5,29391.0,29372.75,29372.75,294
1787294700,29372.75,29386.25,29365.5,29384.5,528
1787295000,29383.75,29384.5,29374.25,29381.0,292
1787295300,29380.25,29391.5,29377.5,29386.5,300
1787295600,29386.0,29404.75,29380.5,29403.75,715
1787295900,29404.0,29419.5,29402.5,29412.25,776
1787296200,29412.0,29429.0,29406.5,29429.0,506
1787296500,29427.25,29435.75,29414.25,29434.25,875
1787296800,29434.25,29458.75,29430.0,29454.5,826
1787297100,29453.5,29455.0,29425.25,29427.5,762
1787297400,29426.0,29453.5,29420.5,29443.0,894
1787297700,29443.0,29446.5,29433.0,29438.5,624
1787298000,29438.5,29445.25,29421.25,29424.0,578
1787298300,29424.25,29445.5,29422.5,29437.5,545
1787298600,29437.5,29437.75,29429.5,29431.0,213
1787298900,29431.0,29446.75,29425.25,29446.0,316
1787299200,29447.25,29464.25,29440.75,29457.0,1093
1787299500,29455.5,29455.5,29409.25,29421.5,1072
1787299800,29421.75,29429.25,29407.75,29417.5,679
1787300100,29419.25,29424.5,29405.0,29418.75,395
1787300400,29417.25,29421.0,29390.5,29403.0,885
1787300700,29403.75,29423.0,29402.75,29421.5,470
1787301000,29421.25,29433.5,29418.0,29428.0,792
1787301300,29427.75,29445.25,29427.75,29444.0,636
1787301600,29444.0,29456.75,29441.0,29454.75,743
1787301900,29455.0,29456.0,29448.25,29448.25,487
1787302200,29448.75,29467.5,29447.25,29457.25,770
1787302500,29457.75,29463.0,29451.0,29453.0,247
1787302800,29454.0,29455.0,29429.75,29433.25,685
1787303100,29433.75,29434.5,29414.25,29420.0,716
1787303400,29419.25,29439.75,29411.5,29438.0,827
1787303700,29438.5,29444.75,29430.0,29439.25,589
1787304000,29440.25,29444.0,29436.0,29437.25,271
1787304300,29437.75,29444.5,29434.0,29435.5,196
1787304600,29435.5,29445.5,29429.75,29442.0,249
1787304900,29441.75,29468.75,29441.25,29467.75,1176
1787305200,29467.75,29482.75,29461.75,29474.75,1552
1787305500,29474.75,29480.75,29464.5,29480.75,569
1787305800,29481.75,29495.0,29472.75,29487.5,591
1787306100,29487.25,29491.25,29484.25,29485.0,487
1787306400,29485.75,29512.5,29485.75,29508.0,1123
1787306700,29508.75,29518.5,29485.5,29492.0,1336
1787307000,29491.25,29496.25,29476.5,29485.0,550
1787307300,29485.5,29487.0,29476.0,29476.25,454
1787307600,29477.75,29478.75,29470.25,29475.75,365
1787307900,29476.5,29491.0,29476.25,29490.0,367
1787308200,29489.5,29495.0,29475.75,29478.75,385
1787308500,29478.75,29482.75,29473.0,29480.25,224
1787308800,29480.75,29484.25,29474.0,29477.0,116
1787309100,29478.5,29483.25,29478.25,29479.25,186
1787309400,29480.0,29486.75,29475.5,29479.25,343
1787309700,29479.5,29488.75,29471.25,29479.5,606
1787310000,29480.0,29486.0,29452.75,29467.0,1027
1787310300,29467.5,29486.0,29465.25,29478.0,776
1787310600,29477.25,29480.0,29460.5,29467.75,324
1787310900,29468.25,29482.5,29466.5,29476.75,335
1787311200,29476.5,29524.0,29476.5,29519.0,1611
1787311500,29516.75,29525.0,29504.25,29519.25,1101
1787311800,29518.5,29523.25,29500.0,29510.75,992
1787312100,29511.25,29539.0,29511.25,29518.25,1742
1787312400,29517.0,29533.0,29507.0,29530.75,1010
1787312700,29530.75,29531.0,29504.75,29512.25,663
1787313000,29511.5,29511.5,29501.25,29507.5,548
1787313300,29506.75,29511.5,29498.5,29500.0,354
1787313600,29499.5,29503.75,29479.75,29484.5,1229
1787313900,29483.75,29500.75,29480.0,29496.5,762
1787314200,29496.75,29497.75,29486.25,29487.25,405
1787314500,29487.5,29503.0,29484.75,29489.5,643
1787314800,29489.25,29504.0,29477.75,29502.5,871
1787315100,29501.5,29516.75,29499.75,29516.25,625
1787315400,29515.5,29523.25,29508.25,29514.0,835
1787315700,29514.25,29523.5,29509.0,29515.0,783
1787316000,29514.5,29529.75,29511.25,29528.25,1091
1787316300,29529.0,29539.0,29520.0,29531.5,1004
1787316600,29531.25,29531.5,29506.0,29510.25,1264
1787316900,29509.5,29513.5,29503.5,29511.5,722
1787317200,29511.75,29516.0,29502.5,29506.75,858
1787317500,29506.75,29507.75,29486.5,29487.75,1104
1787317800,29487.5,29489.0,29467.0,29469.0,1814
1787318100,29469.5,29472.75,29448.75,29449.75,2165
1787318400,29449.75,29452.75,29441.25,29447.0,1720
1787318700,29447.0,29485.25,29418.0,29469.25,6636
1787319000,29469.25,29476.0,29357.75,29362.25,17199
1787319300,29363.0,29373.5,29319.0,29350.0,12659
1787319600,29349.25,29360.25,29312.25,29322.5,9699
1787319900,29320.25,29359.25,29307.0,29340.25,10507
1787320200,29340.0,29345.5,29255.75,29292.0,11470
1787320500,29292.25,29320.25,29271.75,29303.5,10934
1787320800,29303.25,29320.25,29262.25,29291.0,10193
1787321100,29291.75,29335.5,29289.75,29311.25,9175
1787321400,29313.0,29328.5,29246.25,29253.25,9296
1787321700,29253.0,29283.0,29228.0,29229.75,8985
1787322000,29230.5,29288.5,29220.0,29255.25,8860
1787322300,29255.5,29311.75,29251.75,29278.75,7773
1787322600,29280.25,29306.75,29274.25,29275.25,6126
1787322900,29276.0,29298.0,29264.75,29279.0,5921
1787323200,29279.0,29310.0,29258.0,29296.5,5974
1787323500,29296.25,29320.75,29289.25,29310.25,6108
1787323800,29310.75,29323.25,29288.5,29295.75,5196
1787324100,29295.0,29333.75,29288.75,29331.75,5893
1787324400,29332.0,29366.25,29326.75,29359.75,7661
1787324700,29360.5,29368.75,29342.5,29350.25,5204
1787325000,29350.0,29362.5,29344.25,29353.0,3598
1787325300,29352.5,29367.0,29335.25,29341.75,3659
1787325600,29342.0,29359.5,29331.5,29337.5,3912
1787325900,29336.25,29371.25,29334.5,29368.25,3727
1787326200,29367.75,29405.25,29364.0,29403.5,5698
1787326500,29403.25,29444.5,29399.5,29442.75,6597
1787326800,29442.0,29471.75,29437.75,29451.5,8179
1787327100,29452.25,29457.75,29425.5,29431.25,5450
1787327400,29431.25,29488.75,29431.25,29472.5,7298
1787327700,29472.75,29473.5,29436.25,29443.0,5521
1787328000,29443.5,29447.25,29416.0,29419.75,4592
1787328300,29419.75,29428.25,29392.0,29394.5,4768
1787328600,29394.75,29408.25,29390.0,29394.5,3725
1787328900,29393.75,29419.75,29390.25,29399.0,3815
1787329200,29398.5,29452.75,29388.75,29405.0,7066
1787329500,29404.0,29414.0,29397.0,29409.5,2397
1787329800,29410.0,29413.25,29394.75,29394.75,1933
1787330100,29395.25,29418.25,29393.5,29416.5,1935
1787330400,29416.0,29425.5,29411.5,29417.5,2061
1787330700,29417.0,29417.5,29399.75,29400.25,1779
1787331000,29400.25,29401.0,29380.75,29390.25,2854
1787331300,29390.5,29414.25,29382.5,29412.25,2557
1787331600,29412.0,29424.0,29408.0,29410.75,2674
1787331900,29410.0,29423.0,29403.0,29411.5,2468
1787332200,29411.5,29411.5,29398.75,29408.0,2210
1787332500,29408.0,29410.25,29398.25,29401.75,2018
1787332800,29401.25,29402.0,29376.25,29388.75,3290
1787333100,29388.5,29406.25,29378.5,29395.25,2310
1787333400,29396.0,29401.25,29385.25,29386.25,1906
1787333700,29385.5,29404.75,29382.75,29394.5,1968
1787334000,29394.5,29404.75,29386.0,29404.75,1445
1787334300,29404.75,29410.5,29395.25,29399.5,1935
1787334600,29399.0,29402.5,29388.0,29394.5,1691
1787334900,29393.25,29393.5,29381.5,29383.75,1618
1787335200,29383.25,29405.25,29378.75,29400.75,2941
1787335500,29400.5,29400.75,29373.5,29376.25,2461
1787335800,29376.5,29387.25,29372.25,29374.75,2045
1787336100,29374.25,29383.5,29367.25,29380.0,1749
1787336400,29380.0,29392.0,29377.75,29384.75,1982
1787336700,29384.5,29387.5,29362.75,29363.0,1946
1787337000,29363.0,29367.5,29353.75,29357.5,2241
1787337300,29357.5,29367.75,29357.5,29361.25,1416
1787337600,29361.25,29372.25,29360.75,29366.5,1509
1787337900,29366.5,29384.0,29363.5,29382.25,1491
1787338200,29382.5,29396.0,29382.25,29391.25,2066
1787338500,29391.25,29403.5,29385.25,29400.25,2016
1787338800,29400.0,29415.0,29391.25,29392.0,3642
1787339100,29392.25,29406.25,29388.75,29398.0,2300
1787339400,29397.75,29398.25,29384.25,29388.5,2163
1787339700,29388.25,29397.5,29380.25,29388.25,2515
1787340000,29387.5,29400.0,29383.75,29398.5,1877
1787340300,29398.75,29404.5,29393.75,29394.5,2344
1787340600,29393.5,29409.5,29393.5,29404.0,2536
1787340900,29403.75,29412.5,29399.0,29410.0,1898
1787341200,29409.5,29411.25,29397.0,29410.75,2381
1787341500,29410.75,29432.25,29408.25,29427.75,4070
1787341800,29427.25,29432.0,29391.5,29395.5,6292
1787342100,29395.75,29413.25,29375.25,29395.25,14632
1787342400,29395.75,29398.0,29377.5,29387.75,3409
1787342700,29387.5,29388.0,29370.25,29383.0,2017
1787343000,29382.75,29386.75,29376.0,29381.75,1340
1787343300,29382.0,29388.5,29376.75,29376.75,846
1787343600,29377.5,29380.75,29368.0,29371.5,743
1787343900,29371.25,29374.75,29367.75,29370.0,623
1787344200,29370.5,29379.25,29370.0,29378.25,378
1787344500,29378.25,29382.5,29376.5,29380.5,419
1787344800,29381.25,29388.0,29379.75,29385.25,664
1787345100,29384.75,29385.0,29372.0,29374.25,923
1787345400,29374.25,29379.25,29372.0,29377.0,449
1787345700,29376.75,29387.75,29373.0,29387.75,494
1787523000,29321.0,29332.0,29317.0,29331.75,191
1787523300,29330.25,29335.5,29313.0,29324.5,544
1787523600,29323.25,29341.75,29322.5,29336.0,482
1787523900,29336.75,29343.0,29335.75,29338.75,237
1787524200,29337.75,29346.0,29335.0,29340.25,290
1787524500,29340.25,29361.75,29337.25,29355.5,542
1787524800,29354.5,29384.75,29351.0,29382.25,656
1787525100,29381.25,29400.0,29380.75,29391.5,592
1787525400,29392.0,29393.75,29383.5,29385.0,307
1787525700,29385.0,29391.75,29384.75,29390.5,150
1787526000,29390.5,29391.5,29384.0,29388.5,163
1787526300,29388.25,29394.0,29386.0,29390.25,135
1787526600,29390.5,29393.25,29385.25,29387.0,108
1787526900,29387.25,29408.5,29386.5,29400.25,367
1787527200,29401.25,29418.0,29400.5,29417.5,361
1787527500,29415.5,29429.5,29415.25,29429.0,407
1787527800,29427.0,29448.0,29423.5,29438.5,614
1787528100,29437.75,29443.75,29433.75,29435.0,332
1787528400,29435.0,29436.75,29418.0,29420.0,585
1787528700,29419.75,29472.75,29419.5,29470.75,1034
1787529000,29469.0,29480.5,29453.75,29457.25,717
1787529300,29456.75,29475.75,29456.0,29467.75,455
1787529600,29466.5,29472.5,29431.0,29433.0,1352
1787529900,29437.5,29454.5,29423.5,29448.25,1197
1787530200,29450.5,29458.75,29428.75,29437.25,731
1787530500,29435.75,29437.75,29362.5,29366.75,2089
1787530800,29367.75,29382.0,29352.5,29376.25,1411
1787531100,29376.5,29376.5,29335.0,29356.5,1563
1787531400,29357.25,29359.0,29337.25,29352.75,766
1787531700,29351.5,29376.0,29340.0,29363.25,892
1787532000,29363.75,29377.5,29354.5,29354.75,473
1787532300,29355.5,29388.0,29351.5,29386.75,648
1787532600,29387.5,29388.0,29372.0,29383.25,600
1787532900,29383.5,29428.25,29381.75,29427.25,1342
1787533200,29425.75,29436.0,29393.25,29411.75,1101
1787533500,29415.0,29433.5,29406.0,29418.0,594
1787533800,29418.75,29443.5,29418.75,29435.0,548
1787534100,29436.25,29449.0,29431.25,29441.25,474
1787534400,29441.5,29442.5,29414.0,29421.25,515
1787534700,29420.25,29433.0,29407.75,29410.25,616
1787535000,29409.5,29410.75,29387.75,29404.5,709
1787535300,29404.25,29407.0,29383.5,29400.25,574
1787535600,29396.25,29408.5,29389.75,29394.25,418
1787535900,29392.0,29395.0,29369.25,29381.0,891
1787536200,29381.5,29404.75,29366.0,29367.75,628
1787536500,29366.5,29368.0,29321.0,29323.25,1168
1787536800,29321.5,29337.0,29303.5,29332.75,1636
1787537100,29330.25,29334.5,29301.25,29323.5,1172
1787537400,29321.75,29357.5,29301.5,29353.25,1107
1787537700,29353.25,29371.5,29350.75,29363.25,810
1787538000,29363.5,29368.5,29347.5,29354.0,466
1787538300,29352.0,29373.25,29350.0,29363.0,550
1787538600,29363.0,29371.0,29356.25,29368.75,313
1787538900,29367.75,29373.25,29359.75,29367.5,258
1787539200,29367.5,29372.0,29359.25,29370.25,450
1787539500,29370.5,29375.75,29351.0,29358.5,435
1787539800,29360.0,29364.0,29341.75,29349.5,576
1787540100,29349.5,29377.25,29342.75,29370.5,1034
1787540400,29371.25,29372.5,29338.5,29342.75,518
1787540700,29342.5,29344.5,29320.25,29322.75,535
1787541000,29321.75,29325.5,29303.25,29304.5,554
1787541300,29304.0,29314.0,29291.0,29294.5,1031
1787541600,29295.75,29310.5,29289.75,29301.25,692
1787541900,29302.25,29303.5,29290.25,29295.5,336
1787542200,29295.0,29298.0,29283.0,29297.5,527
1787542500,29296.5,29304.5,29284.5,29290.75,575
1787542800,29292.25,29305.0,29281.75,29284.5,465
1787543100,29284.0,29302.0,29278.75,29298.75,652
1787543400,29299.75,29305.0,29265.25,29271.75,780
1787543700,29270.75,29274.75,29261.25,29271.0,305
1787544000,29272.25,29281.25,29268.25,29279.25,428
1787544300,29278.75,29281.5,29271.0,29272.75,155
1787544600,29276.0,29299.0,29274.5,29299.0,508
1787544900,29299.0,29300.75,29284.25,29290.0,333
1787545200,29291.5,29300.0,29274.5,29277.25,434
1787545500,29276.75,29293.25,29271.25,29292.0,590
1787545800,29292.25,29299.25,29279.25,29287.0,306
1787546100,29287.0,29293.0,29276.5,29286.75,383
1787546400,29286.25,29299.5,29282.0,29299.25,260
1787546700,29299.25,29304.0,29285.75,29287.0,412
1787547000,29291.75,29292.75,29272.25,29274.75,298
1787547300,29275.25,29276.75,29263.0,29265.75,346
1787547600,29265.5,29275.75,29261.25,29267.75,383
1787547900,29266.75,29297.25,29266.75,29288.5,624
1787548200,29288.5,29295.5,29282.5,29293.5,262
1787548500,29293.25,29293.25,29265.0,29267.5,304
1787548800,29266.0,29270.0,29258.0,29258.25,493
1787549100,29258.5,29260.75,29247.0,29250.0,485
1787549400,29248.0,29249.75,29207.5,29217.5,1177
1787549700,29218.25,29255.5,29210.75,29233.0,1118
1787550000,29234.0,29266.5,29234.0,29238.75,751
1787550300,29238.0,29246.0,29220.0,29225.75,524
1787550600,29225.0,29235.0,29214.5,29214.75,778
1787550900,29216.75,29218.25,29188.0,29200.75,1648
1787551200,29200.25,29219.25,29164.0,29164.5,1514
1787551500,29165.75,29171.25,29143.0,29158.75,1823
1787551800,29159.25,29160.5,29142.5,29152.5,871
1787552100,29152.5,29178.5,29137.5,29140.0,1324
1787552400,29139.0,29168.0,29120.5,29167.75,958
1787552700,29168.75,29179.0,29163.0,29166.5,491
1787553000,29164.75,29170.5,29151.0,29167.75,471
1787553300,29167.0,29180.5,29163.0,29174.25,472
1787553600,29176.25,29178.0,29144.0,29149.5,504
1787553900,29151.0,29156.75,29142.0,29154.0,404
1787554200,29153.25,29175.75,29152.25,29174.75,439
1787554500,29176.75,29177.25,29161.0,29164.5,412
1787554800,29164.5,29180.75,29146.5,29167.5,746
1787555100,29165.75,29197.5,29161.25,29193.25,812
1787555400,29193.0,29205.0,29182.0,29200.25,498
1787555700,29200.5,29208.75,29185.25,29197.5,589
1787556000,29196.0,29196.25,29180.25,29187.5,359
1787556300,29188.75,29204.5,29178.5,29183.5,416
1787556600,29182.25,29207.5,29173.5,29206.0,588
1787556900,29207.25,29212.5,29190.5,29192.0,388
1787557200,29191.25,29191.75,29161.25,29162.75,645
1787557500,29163.25,29175.25,29156.25,29158.5,464
1787557800,29157.5,29161.5,29130.75,29146.75,874
1787558100,29146.0,29152.25,29134.25,29143.75,470
1787558400,29146.25,29156.0,29116.75,29127.75,1235
1787558700,29129.5,29209.0,29126.75,29163.5,1657
1787559000,29164.5,29188.25,29164.5,29184.5,397
1787559300,29183.5,29210.5,29171.75,29205.5,666
1787559600,29205.75,29208.25,29184.5,29192.5,546
1787559900,29193.75,29201.5,29174.75,29191.75,430
1787560200,29191.5,29203.5,29179.75,29197.0,322
1787560500,29196.25,29225.75,29192.0,29223.25,655
1787560800,29222.75,29225.25,29209.5,29224.5,400
1787561100,29224.25,29224.5,29214.75,29216.0,296
1787561400,29216.25,29240.0,29216.25,29232.75,530
1787561700,29233.25,29233.25,29213.5,29215.0,341
1787562000,29215.75,29245.5,29201.0,29242.75,865
1787562300,29242.5,29246.5,29230.0,29244.25,405
1787562600,29242.0,29247.75,29233.0,29234.0,296
1787562900,29233.0,29235.5,29219.25,29220.75,285
1787563200,29221.0,29224.5,29212.5,29217.75,327
1787563500,29216.75,29217.0,29208.25,29210.5,238
1787563800,29209.5,29226.0,29209.0,29225.25,452
1787564100,29224.5,29242.25,29221.75,29238.75,438
1787564400,29237.5,29238.75,29223.75,29236.5,289
1787564700,29236.0,29249.75,29231.25,29244.25,474
1787565000,29244.5,29245.75,29229.5,29232.25,229
1787565300,29232.5,29238.0,29227.0,29231.5,205
1787565600,29231.75,29244.75,29227.5,29244.25,395
1787565900,29244.75,29247.0,29232.0,29232.0,352
1787566200,29233.0,29236.0,29214.75,29214.75,453
1787566500,29216.0,29220.0,29212.0,29212.0,203
1787566800,29212.75,29236.0,29204.25,29232.0,617
1787567100,29232.5,29232.5,29208.0,29209.25,388
1787567400,29208.5,29240.0,29205.0,29236.75,556
1787567700,29238.0,29238.0,29220.5,29221.5,300
1787568000,29222.0,29222.25,29197.25,29210.0,531
1787568300,29208.25,29210.0,29195.25,29198.0,329
1787568600,29198.5,29199.25,29179.5,29186.5,441
1787568900,29187.0,29193.0,29183.25,29184.75,253
1787569200,29185.25,29192.5,29152.75,29155.5,1032
1787569500,29155.5,29166.5,29145.75,29163.5,698
1787569800,29164.75,29172.5,29150.5,29167.75,780
1787570100,29167.75,29179.75,29164.5,29177.75,475
1787570400,29179.0,29190.0,29175.0,29187.75,459
1787570700,29188.0,29203.0,29179.75,29183.0,620
1787571000,29183.5,29230.0,29183.0,29221.5,1038
1787571300,29225.5,29283.0,29223.25,29260.75,2774
1787571600,29261.75,29277.75,29250.25,29260.0,804
1787571900,29260.25,29260.5,29231.0,29239.75,1275
1787572200,29239.0,29249.5,29232.75,29249.5,398
1787572500,29248.75,29256.0,29239.5,29245.5,723
1787572800,29245.5,29245.75,29221.25,29222.0,644
1787573100,29221.25,29235.75,29217.75,29222.75,620
1787573400,29222.5,29225.0,29207.5,29211.5,784
1787573700,29212.25,29223.0,29203.5,29213.0,544
1787574000,29212.75,29231.25,29211.25,29225.25,669
1787574300,29225.5,29231.25,29213.75,29230.0,476
1787574600,29229.5,29232.0,29171.5,29198.0,2149
1787574900,29197.5,29226.5,29196.0,29212.25,914
1787575200,29211.5,29240.75,29194.5,29203.5,1340
1787575500,29206.0,29225.5,29199.75,29224.25,514
1787575800,29224.25,29232.75,29214.25,29218.25,506
1787576100,29219.25,29225.5,29204.75,29206.0,495
1787576400,29205.75,29217.5,29203.75,29214.0,776
1787576700,29214.75,29218.75,29196.75,29204.0,697
1787577000,29204.0,29220.25,29202.5,29208.25,762
1787577300,29208.75,29224.25,29201.0,29201.75,1038
1787577600,29201.75,29214.25,29196.5,29197.0,853
1787577900,29197.75,29236.75,29195.75,29235.0,3021
1787578200,29235.5,29243.0,29083.25,29112.75,21770
1787578500,29111.75,29145.75,29066.0,29080.0,14718
1787578800,29079.5,29091.25,28975.5,28978.75,15243
1787579100,28978.5,29030.75,28953.5,28990.75,14158
1787579400,28991.25,29013.75,28946.75,29009.0,11900
1787579700,29010.0,29038.0,28999.25,29021.75,8213
1787580000,29022.25,29036.75,28962.75,28975.0,10886
1787580300,28975.75,28998.75,28960.5,28977.5,7193
1787580600,28977.0,28996.0,28953.5,28993.25,6298
1787580900,28993.0,29008.75,28967.5,28977.5,6450
1787581200,28977.0,29033.25,28975.25,29001.75,6991
1787581500,29001.5,29019.5,28979.25,29012.25,5478
1787581800,29011.75,29081.5,29001.5,29076.5,8219
1787582100,29077.0,29095.75,29064.75,29081.25,6670
1787582400,29081.75,29110.75,29071.0,29085.5,6357
1787582700,29086.0,29110.0,29078.5,29106.75,4898
1787583000,29107.25,29110.25,29081.25,29096.25,4527
1787583300,29096.75,29107.0,29077.5,29082.75,4856
1787583600,29083.25,29096.75,29055.5,29059.0,4883
1787583900,29058.75,29069.5,29042.25,29060.5,4859
1787584200,29059.75,29079.5,29045.75,29048.5,4032
1787584500,29049.25,29064.5,29046.75,29058.75,2710
1787584800,29057.75,29084.75,29038.75,29081.25,4537
1787585100,29081.75,29137.0,29079.0,29121.25,8387
1787585400,29122.0,29139.0,29111.5,29135.25,6831
1787585700,29134.5,29164.0,29127.75,29158.0,5258
1787586000,29158.5,29182.0,29154.5,29175.75,6362
1787586300,29176.25,29205.5,29176.0,29186.25,5730
1787586600,29186.5,29197.5,29177.5,29181.75,3809
1787586900,29182.0,29182.75,29150.0,29168.75,4750
1787587200,29169.0,29189.25,29156.75,29172.75,5888
1787587500,29172.75,29180.0,29158.75,29159.0,2897
1787587800,29160.75,29181.25,29157.0,29180.75,2302
1787588100,29181.0,29210.25,29178.75,29198.5,4419
1787588400,29198.25,29224.75,29194.5,29204.5,3767
1787588700,29205.75,29208.0,29197.25,29203.75,1931
1787589000,29204.25,29212.25,29182.25,29188.25,3142
1787589300,29188.75,29203.25,29184.0,29186.75,2279
1787589600,29186.25,29189.5,29174.0,29185.25,2201
1787589900,29185.0,29189.0,29173.0,29188.25,2165
1787590200,29188.75,29192.75,29172.0,29181.75,2036
1787590500,29181.5,29183.25,29170.5,29171.0,1962
1787590800,29171.25,29172.25,29154.75,29158.75,3032
1787591100,29159.0,29198.25,29157.25,29190.75,3656
1787591400,29191.25,29210.5,29182.5,29194.25,3864
1787591700,29194.0,29195.25,29166.25,29167.0,3064
1787592000,29167.25,29169.75,29137.5,29144.25,3943
1787592300,29145.25,29158.0,29132.0,29140.0,3189
1787592600,29139.5,29142.5,29127.25,29129.25,2699
1787592900,29129.0,29135.0,29120.25,29131.75,2680
1787593200,29132.75,29137.0,29118.75,29119.25,2492
1787593500,29119.0,29137.5,29117.75,29131.75,2281
1787593800,29131.5,29143.0,29118.5,29121.75,3298
1787594100,29121.75,29126.0,29116.5,29123.0,1698
1787594400,29123.75,29156.5,29123.0,29148.75,3204
1787594700,29148.25,29184.5,29146.0,29180.0,3160
1787595000,29179.25,29188.75,29167.75,29187.0,2768
1787595300,29187.25,29200.25,29172.75,29176.5,2957
1787595600,29176.25,29221.25,29174.5,29217.0,4643
1787595900,29217.25,29224.0,29212.75,29218.25,2671
1787596200,29218.0,29233.25,29212.0,29220.0,4683
1787596500,29220.25,29224.75,29180.25,29186.75,3463
1787596800,29187.0,29196.75,29183.0,29190.0,2011
1787597100,29190.25,29193.5,29174.25,29178.75,1768
1787597400,29179.0,29187.25,29164.75,29168.0,2394
1787597700,29168.0,29174.5,29153.0,29154.0,2361
1787598000,29153.75,29162.25,29148.75,29154.5,2367
1787598300,29154.75,29162.0,29143.5,29147.0,2047
1787598600,29146.75,29161.5,29143.0,29155.25,2288
1787598900,29154.75,29160.5,29142.75,29157.5,2265
1787599200,29157.5,29167.0,29149.5,29155.75,2648
1787599500,29155.5,29163.25,29153.25,29158.75,1722
1787599800,29158.0,29173.0,29140.5,29142.25,3393
1787600100,29142.5,29144.0,29127.5,29132.0,2975
1787600400,29131.75,29137.5,29130.75,29134.25,417
1787600700,29124.5,29134.25,29120.75,29132.25,5590
1787601000,29132.75,29142.0,29101.5,29125.0,7554
1787601300,29125.25,29125.25,29095.5,29099.5,15326
1787601600,29099.25,29117.0,29097.25,29108.75,4363
1787601900,29108.75,29124.75,29106.75,29112.25,1473
1787602200,29112.25,29113.5,29107.25,29109.25,761
1787602500,29109.5,29113.0,29106.25,29112.5,925
1787602800,29111.75,29112.25,29086.5,29087.5,1033
1787603100,29087.5,29087.75,29080.75,29084.0,623
1787603400,29083.75,29092.5,29083.5,29089.75,436
1787603700,29089.5,29101.25,29087.5,29099.5,410
1787604000,29099.0,29101.75,29096.0,29100.25,342
1787604300,29100.5,29104.75,29095.25,29096.5,606
1787604600,29097.25,29099.25,29089.25,29097.75,557
1787604900,29098.5,29136.5,29098.5,29131.25,992
1787608800,29140.5,29152.75,29121.75,29126.25,0
1787609100,29127.5,29151.0,29125.25,29126.25,520
1787609400,29126.25,29128.25,29120.0,29123.75,325
1787609700,29124.5,29129.5,29120.25,29124.75,216
1787610000,29123.5,29130.0,29120.0,29130.0,270
1787610300,29128.75,29129.25,29121.0,29126.75,95
1787610600,29123.75,29130.0,29113.5,29122.75,373
1787610900,29123.5,29128.75,29123.0,29125.75,61
1787611200,29125.5,29126.0,29115.0,29117.75,217
1787611500,29119.0,29120.25,29115.25,29116.75,128
1787611800,29117.0,29121.5,29111.5,29119.0,154
1787612100,29119.0,29121.25,29111.75,29121.0,252
1787612400,29121.0,29125.5,29116.5,29121.0,116
1787612700,29119.0,29124.75,29118.0,29124.25,111
1787613000,29124.0,29124.5,29120.5,29124.0,81
1787613300,29124.75,29128.25,29112.75,29118.0,362
1787613600,29118.5,29127.5,29116.25,29119.25,232
1787613900,29118.75,29121.0,29105.75,29106.75,344
1787614200,29107.25,29110.0,29097.0,29103.75,687
1787614500,29104.5,29104.75,29091.25,29093.5,399
1787614800,29092.25,29116.0,29072.0,29084.25,1435
1787615100,29086.25,29091.0,29081.75,29084.5,344
1787615400,29086.5,29100.0,29082.75,29083.75,493
1787615700,29083.0,29097.0,29081.5,29096.25,270
1787616000,29095.75,29102.25,29065.0,29065.25,1196
1787616300,29065.75,29084.0,29060.0,29062.25,836
1787616600,29062.75,29063.25,29038.25,29042.0,1094
1787616900,29041.5,29044.5,29017.0,29021.0,1367
1787617200,29021.0,29076.25,29021.0,29050.0,1530
1787617500,29050.5,29084.25,29040.0,29079.5,1263
1787617800,29079.25,29091.0,29070.75,29086.5,724
1787618100,29085.75,29102.0,29083.0,29086.25,698
1787618400,29086.75,29131.25,29082.25,29124.5,1139
1787618700,29123.75,29146.0,29106.0,29117.0,1101
1787619000,29117.75,29144.0,29116.5,29136.0,440
1787619300,29137.75,29141.0,29125.5,29126.5,381
1787619600,29128.0,29134.5,29115.75,29134.5,518
1787619900,29134.5,29141.5,29114.0,29137.25,669
1787620200,29138.0,29143.25,29121.25,29130.0,544
1787620500,29129.5,29136.75,29115.25,29129.5,512
1787620800,29128.75,29130.0,29097.75,29099.0,659
1787621100,29098.25,29123.5,29095.5,29115.0,585
1787621400,29114.25,29149.0,29108.5,29118.25,1479
1787621700,29116.75,29155.5,29115.0,29150.5,691
1787622000,29149.25,29152.5,29122.0,29134.0,557
1787622300,29135.5,29152.25,29132.75,29147.5,432
1787622600,29142.75,29148.25,29127.25,29145.5,417
1787622900,29145.25,29146.75,29125.5,29128.25,292
1787623200,29127.0,29145.5,29124.75,29139.75,648
1787623500,29137.5,29140.75,29106.0,29110.25,536
1787623800,29111.0,29117.25,29104.0,29117.0,641
1787624100,29117.0,29140.0,29104.0,29138.0,586
1787624400,29137.5,29144.5,29116.5,29144.5,447
1787624700,29143.75,29149.0,29119.25,29146.0,785
1787625000,29145.25,29168.25,29138.5,29155.25,875
1787625300,29157.25,29160.75,29134.25,29148.0,376
1787625600,29147.75,29166.5,29135.75,29138.75,607
1787625900,29137.0,29138.0,29118.25,29120.0,509
1787626200,29120.75,29121.25,29105.0,29113.0,563
1787626500,29111.5,29113.25,29093.5,29101.75,488
1787626800,29102.5,29128.25,29100.25,29120.5,616
1787627100,29121.75,29166.5,29121.5,29152.25,1059
1787627400,29151.5,29165.0,29146.75,29151.25,598
1787627700,29151.5,29176.25,29151.0,29169.5,827
1787628000,29170.25,29170.25,29153.75,29155.25,382
1787628300,29154.75,29175.25,29151.25,29175.0,391
1787628600,29174.5,29190.0,29168.25,29186.75,741
1787628900,29186.5,29188.75,29165.5,29171.5,575
1787629200,29171.5,29176.5,29163.5,29167.75,344
1787629500,29168.25,29168.25,29153.75,29155.0,282
1787629800,29155.25,29167.0,29151.75,29157.5,443
1787630100,29158.0,29165.0,29154.25,29157.75,218
1787630700,29190.0,29195.5,29183.75,29194.5,1197
1787631000,29193.5,29197.0,29183.25,29196.25,231
1787631300,29196.75,29200.0,29188.0,29191.25,377
1787631600,29192.5,29202.0,29191.0,29202.0,235
1787631900,29201.5,29207.25,29194.25,29201.0,409
1787632200,29201.75,29217.25,29198.0,29205.75,414
1787632500,29206.25,29207.75,29190.75,29202.0,286
1787632800,29200.75,29213.75,29197.0,29211.5,347
1787633100,29211.25,29216.5,29202.25,29211.0,354
1787633400,29209.75,29209.75,29185.0,29196.0,336
1787633700,29196.75,29201.5,29189.75,29198.75,349
1787634000,29200.25,29216.0,29190.0,29208.75,611
1787634300,29207.25,29211.0,29200.0,29202.5,329
1787634600,29203.5,29225.0,29199.75,29204.75,614
1787634900,29206.0,29223.5,29206.0,29212.5,484
1787635200,29212.75,29227.0,29206.75,29221.75,450
1787635500,29221.25,29225.75,29214.0,29220.25,261
1787635800,29219.25,29230.5,29215.0,29227.75,542
1787636100,29228.0,29234.75,29219.5,29224.0,437
1787636400,29224.0,29233.25,29201.25,29204.25,826
1787636700,29204.25,29221.25,29201.0,29214.5,436
1787637000,29213.75,29229.25,29210.0,29225.75,528
1787637300,29224.75,29241.0,29224.75,29232.0,938
1787637600,29231.75,29251.75,29230.0,29236.25,723
1787638200,29105.75,29259.0,29105.75,29248.0,1498
1787638500,29248.25,29266.0,29242.5,29262.25,623
1787638800,29263.0,29288.5,29254.75,29274.75,925
1787639100,29274.5,29282.25,29263.5,29266.25,462
1787639400,29265.25,29267.5,29254.0,29262.75,448
1787639700,29261.25,29263.75,29243.5,29248.0,347
1787640000,29247.75,29263.25,29247.25,29263.25,304
1787640300,29262.75,29262.75,29240.75,29242.25,349
1787640600,29242.5,29248.0,29236.25,29247.0,389
1787640900,29247.75,29263.25,29242.75,29263.25,566
1787641200,29263.5,29290.75,29262.5,29288.5,834
1787641500,29288.5,29289.0,29266.5,29270.5,435
1787641800,29269.5,29273.25,29250.0,29252.75,547
1787642100,29252.75,29263.5,29226.5,29230.5,688
1787642400,29230.25,29257.75,29226.75,29246.25,693
1787642700,29247.5,29252.75,29233.0,29248.25,561
1787643000,29246.25,29257.75,29242.5,29244.5,597
1787643300,29248.0,29248.5,29232.0,29238.0,492
1787643600,29237.75,29261.5,29232.75,29255.75,398
1787643900,29258.0,29259.0,29234.75,29240.25,329
1787644200,29239.75,29239.75,29226.25,29229.75,271
1787644500,29229.25,29240.75,29228.0,29231.75,215
1787644800,29233.5,29254.75,29214.5,29219.75,926
1787645100,29220.25,29239.75,29215.0,29233.5,505
1787645400,29233.5,29233.5,29212.25,29216.75,504
1787645700,29218.5,29254.0,29218.5,29238.75,583
1787646000,29237.0,29326.0,29233.5,29316.5,2323
1787646300,29312.25,29314.75,29271.25,29276.5,883
1787646600,29278.25,29298.25,29264.75,29285.0,613
1787646900,29286.0,29290.0,29257.0,29263.0,479
1787647200,29265.25,29282.0,29262.0,29282.0,356
1787647500,29282.25,29300.75,29282.0,29292.75,536
1787647800,29292.75,29305.5,29289.25,29291.25,396
1787648100,29290.0,29306.25,29283.5,29301.75,498
1787648400,29302.0,29310.25,29286.0,29309.5,538
1787648700,29308.5,29337.0,29299.0,29318.75,1147
1787649000,29320.0,29333.75,29313.75,29323.0,460
1787649300,29324.25,29334.75,29322.5,29330.0,334
1787649600,29330.5,29333.5,29321.25,29322.25,521
1787649900,29321.5,29321.75,29305.75,29318.0,455
1787650200,29317.0,29366.75,29315.0,29361.75,1329
1787650500,29361.5,29363.0,29341.5,29343.5,1020
1787650800,29344.25,29374.0,29341.75,29361.25,887
1787651100,29360.5,29389.5,29356.0,29389.0,1300
1787651400,29389.25,29403.75,29384.0,29400.0,1247
1787651700,29400.5,29425.75,29389.0,29392.5,1159
1787652000,29389.25,29392.5,29370.0,29379.0,638
1787652300,29379.0,29407.75,29377.75,29405.5,725
1787652600,29404.75,29410.25,29384.25,29389.75,696
1787652900,29391.25,29392.75,29379.5,29383.5,571
1787653200,29384.25,29385.0,29376.0,29379.5,399
1787653500,29378.75,29382.0,29367.25,29370.0,401
1787653800,29370.75,29379.75,29360.5,29368.5,519
1787654100,29369.0,29370.5,29362.25,29365.25,496
1787654400,29364.5,29369.25,29346.5,29347.5,510
1787654700,29347.0,29363.0,29346.25,29360.25,346
1787655000,29360.0,29369.5,29357.25,29362.75,436
1787655300,29362.5,29365.25,29350.0,29358.5,491
1787655600,29358.0,29362.25,29333.5,29335.25,929
1787655900,29335.25,29336.5,29304.0,29329.75,979
1787656200,29328.75,29344.5,29325.75,29340.25,604
1787656500,29340.25,29344.5,29320.0,29329.25,663
1787656800,29332.25,29355.0,29330.5,29350.25,734
1787657100,29349.5,29351.5,29326.0,29340.5,663
1787657400,29340.75,29357.0,29339.5,29345.75,548
1787657700,29345.75,29360.25,29344.25,29358.5,748
1787658000,29360.0,29362.25,29353.5,29358.25,431
1787658300,29357.25,29380.75,29355.25,29380.0,698
1787658600,29380.75,29390.5,29370.5,29372.75,722
1787658900,29372.0,29378.25,29365.0,29373.0,570
1787659200,29372.75,29382.75,29355.25,29378.0,753
1787659500,29378.25,29381.0,29368.0,29378.0,512
1787659800,29377.75,29382.0,29357.75,29380.75,709
1787660100,29380.5,29409.5,29378.0,29399.5,1729
1787660400,29399.5,29400.5,29363.75,29377.75,1244
1787660700,29378.25,29382.5,29371.25,29374.25,514
1787661000,29373.25,29373.25,29333.25,29339.0,1334
1787661300,29338.0,29339.0,29315.0,29320.0,1187
1787661600,29319.75,29337.25,29312.5,29328.0,1256
1787661900,29328.0,29331.25,29320.0,29327.75,658
1787662200,29327.75,29347.0,29326.25,29334.75,1265
1787662500,29334.75,29342.5,29332.75,29334.0,462
1787662800,29334.0,29341.75,29316.0,29324.5,1801
1787663100,29324.5,29332.25,29311.5,29324.75,1113
1787663400,29323.5,29344.75,29323.25,29329.25,1614
1787663700,29327.25,29342.0,29321.5,29333.75,1239
1787664000,29333.75,29338.0,29317.5,29319.25,1346
1787664300,29319.75,29340.75,29294.5,29296.25,2748
1787664600,29297.0,29376.25,29279.25,29375.25,17789
1787664900,29374.75,29376.0,29301.5,29316.0,13681
1787665200,29316.0,29374.25,29315.0,29349.75,11983
1787665500,29348.75,29414.75,29342.75,29393.0,13598
1787665800,29393.0,29396.25,29341.0,29343.25,10078
1787666100,29342.25,29345.5,29289.25,29312.75,9901
1787666400,29313.25,29315.0,29246.5,29261.25,12016
1787666700,29261.75,29279.75,29244.0,29259.0,7595
1787667000,29258.75,29285.25,29239.75,29246.0,6691
1787667300,29245.0,29269.5,29233.75,29242.75,7307
1787667600,29242.75,29255.25,29209.25,29229.25,8138
1787667900,29229.25,29252.25,29213.25,29215.25,6577
1787668200,29214.75,29249.5,29138.0,29206.75,13452
1787668500,29207.0,29268.75,29205.0,29258.75,6603
1787668800,29258.5,29261.25,29191.0,29219.25,6956
1787669100,29218.25,29230.5,29206.0,29218.5,4459
1787669400,29219.25,29260.25,29208.25,29244.75,4730
1787669700,29244.75,29250.0,29218.75,29232.5,4712
1787670000,29233.0,29235.75,29197.5,29204.75,4865
1787670300,29204.5,29226.5,29197.0,29214.5,3588
1787670600,29213.25,29231.25,29207.75,29223.0,2747
1787670900,29223.75,29245.0,29219.0,29236.5,3523
1787671200,29237.0,29261.25,29225.75,29236.75,4609
1787671500,29237.0,29282.0,29230.0,29276.75,3662
1787671800,29277.25,29309.75,29264.25,29268.0,6157
1787672100,29267.5,29301.75,29265.0,29271.5,4694
1787672400,29271.0,29276.0,29255.25,29267.25,3040
1787672700,29266.75,29266.75,29222.75,29228.5,3948
1787673000,29228.75,29264.0,29222.75,29257.25,3417
1787673300,29258.0,29274.25,29254.75,29262.0,3786
1787673600,29263.25,29289.5,29260.75,29274.0,3181
1787673900,29273.25,29287.25,29266.75,29268.0,2506
1787674200,29268.5,29280.25,29263.25,29277.75,2242
1787674500,29278.0,29290.0,29274.5,29286.25,2376
1787674800,29286.0,29294.0,29276.25,29286.5,2315
1787675100,29286.75,29298.5,29284.75,29293.75,2793
1787675400,29294.75,29299.75,29286.0,29287.75,1769
1787675700,29287.75,29294.0,29271.75,29291.75,2718
1787676000,29291.75,29292.25,29259.0,29265.25,3145
1787676300,29265.75,29283.25,29262.5,29270.5,2826
1787676600,29271.0,29272.25,29255.0,29259.0,2667
1787676900,29258.5,29282.0,29252.75,29274.75,3124
1787677200,29275.5,29279.0,29242.5,29243.0,3208
1787677500,29242.75,29248.0,29224.0,29234.25,3475
1787677800,29234.5,29245.25,29224.0,29243.0,2413
1787678100,29242.5,29258.5,29237.25,29256.75,3057
1787678400,29256.75,29257.5,29236.5,29236.5,2138
1787678700,29236.25,29236.5,29214.5,29224.5,3156
1787679000,29224.75,29232.25,29216.0,29228.25,2205
1787679300,29227.75,29234.5,29222.0,29229.0,1575
1787679600,29229.25,29230.25,29219.0,29222.25,1726
1787679900,29222.5,29231.5,29218.25,29225.75,1614
1787680200,29226.0,29231.0,29216.75,29227.75,1508
1787680500,29228.0,29232.25,29218.75,29227.25,1355
1787680800,29226.75,29227.5,29203.0,29204.0,3074
1787681100,29204.0,29217.5,29202.0,29210.5,2374
1787681400,29211.0,29221.0,29204.25,29206.0,2020
1787681700,29205.75,29214.25,29202.5,29213.75,1701
1787682000,29213.75,29227.5,29212.75,29221.5,2272
1787682300,29221.75,29222.75,29208.0,29219.75,1684
1787682600,29219.75,29244.5,29219.0,29242.5,3078
1787682900,29242.25,29252.25,29237.0,29246.25,2191
1787683200,29246.25,29259.25,29241.75,29257.75,2503
1787683500,29257.75,29275.0,29257.75,29269.75,3700
1787683800,29269.75,29270.75,29257.5,29259.75,2573
1787684100,29260.0,29264.75,29253.0,29255.5,2163
1787684400,29256.0,29266.5,29245.5,29246.5,2815
1787684700,29246.75,29252.25,29241.75,29247.75,1969
1787685000,29247.75,29249.0,29230.25,29234.75,2151
1787685300,29234.25,29238.75,29221.75,29225.5,2736
1787685600,29225.0,29226.75,29212.75,29223.75,2428
1787685900,29223.5,29227.75,29216.75,29226.0,1553
1787686200,29225.75,29227.5,29211.5,29227.0,2469
1787686500,29226.5,29241.25,29224.5,29234.5,2591
1787686800,29234.25,29257.75,29233.5,29239.0,3181
1787687100,29238.25,29247.25,29229.5,29243.0,2447
1787687400,29242.75,29286.75,29233.0,29283.25,7570
1787687700,29283.25,29289.5,29264.0,29270.25,11918
1787688000,29270.5,29284.75,29262.0,29274.5,5311
1787688300,29274.25,29294.75,29270.5,29288.75,1611
1787688600,29287.75,29293.5,29285.5,29288.75,1127
1787688900,29288.5,29295.0,29283.25,29294.0,795
1787689200,29294.5,29312.5,29291.75,29308.75,1446
1787689500,29308.5,29313.5,29300.0,29302.5,967
1787689800,29302.0,29308.75,29302.0,29305.0,527
1787690100,29304.5,29305.25,29292.5,29293.0,519
1787690400,29293.25,29293.25,29281.5,29282.25,476
1787690700,29282.25,29285.25,29268.75,29270.5,911
1787691000,29270.0,29287.75,29269.75,29284.75,602
1787691300,29284.75,29287.75,29280.5,29287.5,379
1787695200,29288.0,29309.75,29286.5,29302.5,0
1787695500,29302.0,29305.5,29290.75,29297.75,397
1787695800,29298.75,29299.75,29291.0,29293.25,195
1787696100,29293.5,29294.25,29289.5,29292.25,185
1787696400,29290.5,29293.25,29280.0,29290.75,383
1787696700,29290.25,29293.0,29285.5,29291.25,205
1787697000,29291.5,29293.0,29287.25,29290.25,121
1787697300,29290.25,29291.0,29282.0,29284.75,150
1787697600,29285.5,29289.25,29280.75,29288.25,194
1787697900,29287.25,29287.75,29280.75,29281.0,154
1787698200,29281.5,29283.25,29281.0,29283.0,58
1787698500,29283.25,29288.0,29281.75,29284.5,81
1787698800,29284.25,29288.5,29284.25,29286.75,106
1787699100,29286.25,29286.75,29273.75,29279.0,399
1787699400,29278.75,29278.75,29274.5,29275.75,96
1787699700,29276.25,29278.75,29273.25,29273.75,145
1787700000,29274.25,29274.25,29254.0,29262.0,701
1787700300,29261.0,29262.25,29245.25,29246.0,410
1787700600,29246.0,29248.5,29231.0,29239.75,710
1787700900,29238.25,29245.0,29237.0,29239.25,214
1787701200,29238.25,29242.75,29228.0,29234.75,323
1787701500,29233.0,29235.0,29218.5,29219.0,568
1787701800,29218.75,29224.75,29207.0,29219.5,915
1787702100,29220.5,29226.25,29209.0,29211.5,437
1787702400,29210.25,29223.0,29185.0,29212.25,1887
1787702700,29213.0,29221.75,29191.25,29220.0,976
1787703000,29220.75,29227.75,29208.0,29208.5,810
1787703300,29209.5,29238.5,29208.5,29223.25,928
1787703600,29221.25,29224.75,29199.25,29204.0,576
1787703900,29204.5,29205.75,29165.25,29184.25,1408
1787704200,29183.75,29188.0,29165.25,29166.25,947
1787704500,29167.25,29172.5,29146.75,29153.25,1651
1787704800,29154.25,29157.5,29138.0,29151.25,988
1787705100,29150.75,29160.0,29143.75,29150.0,694
1787705400,29150.75,29152.0,29126.5,29131.75,1114
1787705700,29131.25,29132.5,29110.5,29112.25,885
1787706000,29113.0,29142.25,29106.75,29141.25,1378
1787706300,29142.25,29147.0,29117.25,29126.0,964
1787706600,29126.25,29138.75,29120.5,29123.75,663
1787706900,29123.5,29134.0,29115.0,29117.0,697
1787707200,29118.25,29133.0,29100.0,29106.0,880
1787707500,29106.25,29111.25,29099.0,29109.75,549
1787707800,29110.5,29117.5,29096.75,29104.25,1105
1787708100,29104.75,29129.0,29096.0,29125.5,722
1787708400,29126.0,29128.0,29110.25,29116.25,565
1787708700,29117.5,29122.25,29104.75,29110.5,462
1787709000,29110.25,29126.75,29105.75,29123.5,391
1787709300,29123.75,29135.0,29122.0,29133.5,594
1787709600,29133.5,29143.75,29122.75,29133.0,610
1787709900,29134.25,29137.0,29119.25,29128.0,444
1787710200,29129.0,29144.5,29128.0,29143.25,637
1787710500,29143.0,29158.75,29140.5,29153.75,890
1787710800,29153.75,29170.0,29151.75,29161.75,646
1787711100,29162.0,29174.75,29161.25,29172.25,577
1787711400,29172.75,29187.0,29171.0,29181.25,801
1787711700,29182.5,29198.75,29177.75,29197.25,688
1787712000,29196.75,29217.75,29195.5,29217.0,1116
1787712300,29217.25,29228.25,29211.25,29220.5,841
1787712600,29221.0,29229.75,29215.75,29217.0,633
1787712900,29216.5,29227.25,29215.5,29220.25,245
1787713200,29221.5,29230.0,29212.0,29228.75,515
1787713500,29228.75,29230.5,29214.75,29217.5,305
1787713800,29217.25,29235.75,29216.0,29231.5,482
1787714100,29231.0,29232.0,29221.5,29225.5,319
1787714400,29226.25,29231.75,29221.25,29223.25,193
1787714700,29223.25,29223.5,29213.25,29214.75,295
1787715000,29215.5,29226.75,29205.0,29226.0,654
1787715300,29226.5,29244.0,29226.0,29239.5,800
1787715600,29238.5,29238.75,29231.25,29237.0,400
1787715900,29237.5,29263.5,29235.75,29263.25,974
1787716200,29263.75,29275.25,29262.0,29266.25,780
1787716500,29267.25,29272.5,29262.25,29267.0,513
1787717100,29265.25,29269.0,29263.5,29269.0,966
1787717400,29269.25,29279.75,29260.5,29273.0,483
1787717700,29273.25,29274.25,29262.0,29272.75,516
1787718000,29273.5,29277.5,29267.75,29269.5,322
1787718300,29269.75,29283.25,29266.75,29272.25,362
1787718600,29272.0,29275.25,29261.5,29265.0,376
1787718900,29265.5,29268.75,29253.5,29256.0,321
1787719200,29256.0,29260.5,29247.75,29250.75,534
1787719500,29251.0,29251.75,29217.25,29224.75,823
1787719800,29223.75,29236.75,29220.75,29232.5,549
1787720100,29232.0,29236.25,29223.0,29226.75,228
1787720400,29227.75,29258.75,29226.5,29250.25,712
1787720700,29251.25,29259.75,29235.0,29258.0,537
1787721000,29257.25,29257.25,29236.0,29239.25,351
1787721300,29238.5,29248.75,29229.0,29240.0,467
1787721600,29239.25,29245.5,29235.0,29243.0,166
1787721900,29243.5,29247.5,29233.75,29245.0,255
1787722200,29246.0,29262.75,29246.0,29254.5,406
1787722500,29252.0,29252.0,29241.25,29245.25,211
1787722800,29246.0,29251.5,29242.25,29248.25,102
1787723100,29247.25,29247.75,29231.75,29234.5,275
1787723400,29236.0,29239.5,29226.0,29227.0,216
1787723700,29227.75,29244.25,29226.0,29243.0,427
1787724000,29242.25,29248.75,29216.0,29219.5,574
1787724300,29217.25,29221.0,29212.0,29218.25,360
1787724600,29218.5,29231.5,29215.0,29217.0,421
1787724900,29215.0,29219.0,29203.5,29213.0,506
1787725200,29212.5,29213.75,29204.75,29211.75,231
1787725500,29212.5,29226.5,29203.75,29218.75,422
1787725800,29218.25,29234.5,29209.75,29232.0,285
1787726100,29232.25,29242.0,29229.0,29236.25,503
1787726400,29235.75,29256.75,29235.75,29255.25,374
1787726700,29255.75,29277.25,29254.75,29261.5,894
1787727000,29261.75,29262.25,29236.5,29239.25,384
1787727300,29238.25,29256.75,29232.25,29252.75,394
1787727600,29252.25,29256.25,29232.75,29251.5,763
1787727900,29252.0,29257.75,29213.25,29216.5,496
1787728200,29216.75,29237.0,29201.25,29236.75,917
1787728500,29237.0,29244.5,29225.25,29230.0,469
1787728800,29230.25,29230.25,29210.25,29214.75,433
1787729100,29215.0,29216.25,29192.25,29199.0,885
1787729400,29201.25,29205.5,29185.75,29196.5,516
1787729700,29194.25,29211.0,29194.25,29200.0,433
1787730000,29199.5,29204.75,29193.25,29199.25,276
1787730300,29199.5,29219.25,29194.25,29197.0,431
1787730600,29198.25,29205.5,29187.25,29204.0,351
1787730900,29201.25,29215.25,29200.0,29212.25,241
1787731200,29213.0,29235.75,29198.25,29231.0,893
1787731500,29228.25,29241.5,29213.75,29237.75,603
1787731800,29238.0,29245.25,29202.0,29205.75,578
1787732100,29205.5,29228.0,29194.25,29198.75,515
1787732400,29199.0,29201.0,29185.0,29196.25,657
1787732700,29197.5,29235.5,29195.5,29235.5,510
1787733000,29234.75,29242.75,29211.75,29230.5,522
1787733300,29230.25,29239.75,29228.0,29238.5,204
1787733600,29239.5,29251.0,29234.5,29242.5,294
1787733900,29241.0,29241.25,29230.0,29231.25,165
1787734200,29232.75,29235.75,29223.75,29225.75,172
1787734500,29225.0,29228.0,29209.75,29228.0,336
1787734800,29227.75,29234.75,29217.0,29221.25,341
1787735100,29220.75,29223.5,29213.5,29214.0,125
1787735400,29213.75,29223.75,29213.75,29218.75,127
1787735700,29218.25,29221.5,29204.5,29210.0,291
1787736000,29210.25,29219.75,29196.0,29196.0,392
1787736300,29197.0,29206.5,29191.25,29198.0,436
1787736600,29200.0,29219.25,29198.5,29205.75,352
1787736900,29207.5,29211.0,29204.0,29209.5,216
1787737200,29211.5,29218.5,29208.25,29214.75,89
1787737500,29214.0,29225.25,29213.75,29224.5,278
1787737800,29225.5,29235.5,29221.25,29231.25,311
1787738100,29232.0,29236.5,29229.0,29234.5,169
1787738400,29234.25,29235.0,29212.25,29216.75,310
1787738700,29216.0,29222.0,29210.5,29214.0,219
1787739000,29213.5,29213.5,29196.0,29198.0,327
1787739300,29197.25,29212.0,29196.5,29210.25,302
1787739600,29211.25,29217.0,29196.25,29216.25,387
1787739900,29215.75,29217.0,29200.0,29200.25,212
1787740200,29201.0,29229.75,29188.75,29227.5,714
1787740500,29228.0,29240.5,29225.0,29235.75,452
1787740800,29236.25,29242.25,29225.75,29228.5,243
1787741100,29228.5,29240.25,29224.0,29238.25,235
1787741400,29237.75,29239.5,29224.5,29229.5,448
1787741700,29230.0,29239.5,29227.25,29237.5,214
1787742000,29237.5,29264.5,29235.0,29259.75,836
1787742300,29259.25,29259.25,29235.75,29239.5,367
1787742600,29240.0,29257.0,29238.75,29254.0,331
1787742900,29253.0,29278.75,29252.25,29257.5,1116
1787743200,29257.75,29260.0,29247.75,29248.75,421
1787743500,29247.75,29253.5,29234.75,29253.0,435
1787743800,29252.25,29261.75,29240.5,29242.75,506
1787744100,29242.25,29243.5,29202.5,29205.0,955
1787744400,29205.0,29214.75,29193.0,29209.5,830
1787744700,29210.25,29212.75,29186.0,29192.0,896
1787745000,29194.5,29227.5,29194.0,29218.25,1013
1787745300,29217.0,29222.75,29214.0,29219.5,396
1787745600,29220.75,29223.5,29202.5,29219.75,715
1787745900,29219.25,29222.25,29203.5,29212.0,476
1787746200,29212.25,29221.25,29200.0,29215.75,724
1787746500,29215.5,29216.5,29190.0,29203.25,827
1787746800,29203.25,29235.75,29199.5,29230.25,1053
1787747100,29231.0,29259.5,29227.25,29257.25,1142
1787747400,29256.75,29263.25,29163.0,29177.0,4566
1787747700,29177.0,29181.0,29149.75,29172.75,2268
1787748000,29172.0,29188.5,29161.0,29164.75,1813
1787748300,29165.0,29181.0,29149.5,29175.25,1878
1787748600,29174.5,29181.5,29133.25,29145.25,2802
1787748900,29145.25,29162.75,29139.25,29150.75,2546
1787749200,29151.75,29164.75,29144.0,29153.25,1823
1787749500,29154.0,29166.5,29133.5,29138.25,1519
1787749800,29138.5,29173.0,29134.75,29171.75,1330
1787750100,29172.25,29174.0,29159.75,29164.75,1332
1787750400,29164.25,29164.75,29153.5,29162.0,1020
1787750700,29163.5,29175.0,29155.5,29173.75,2295
1787751000,29174.5,29283.0,29174.25,29256.0,17330
1787751300,29256.0,29275.5,29206.75,29236.75,13878
1787751600,29236.0,29313.25,29223.75,29291.0,12440
1787751900,29290.75,29316.0,29267.5,29268.5,9202
1787752200,29269.25,29309.0,29252.5,29307.5,7704
1787752500,29307.75,29332.75,29294.0,29331.25,6814
1787752800,29331.5,29332.5,29296.75,29305.25,5739
1787753100,29305.25,29311.0,29273.5,29281.25,4828
1787753400,29281.75,29283.75,29235.5,29246.0,6115
1787753700,29246.25,29262.75,29230.5,29238.25,5041
1787754000,29238.75,29244.25,29200.0,29202.75,6112
1787754300,29202.75,29208.75,29156.75,29178.25,8651
1787754600,29178.25,29204.0,29176.0,29197.25,5201
1787754900,29196.25,29231.75,29183.25,29214.0,5002
1787755200,29213.5,29238.5,29212.5,29221.0,4171
1787755500,29221.5,29244.5,29206.25,29238.5,4098
1787755800,29238.0,29268.0,29238.0,29241.25,4398
1787756100,29241.25,29259.0,29234.5,29252.25,3248
1787756400,29251.75,29272.75,29246.0,29261.5,3777
1787756700,29261.0,29283.0,29259.75,29269.75,3218
1787757000,29270.0,29276.0,29250.0,29257.5,3184
1787757300,29257.25,29257.75,29222.5,29244.0,3985
1787757600,29242.75,29261.25,29233.5,29241.0,2964
1787757900,29240.0,29267.0,29236.5,29256.5,3217
1787758200,29256.75,29260.0,29220.75,29230.25,3406
1787758500,29230.25,29257.25,29228.5,29251.0,2937
1787758800,29251.0,29289.75,29248.0,29283.0,4052
1787759100,29282.25,29291.0,29274.75,29288.75,2454
1787759400,29289.0,29291.5,29231.75,29235.75,6353
1787759700,29235.0,29245.75,29215.5,29217.75,3268
1787760000,29217.75,29219.25,29189.0,29214.0,5012
1787760300,29213.25,29224.25,29201.0,29207.0,2982
1787760600,29207.5,29213.75,29198.5,29200.0,1995
1787760900,29201.25,29205.75,29192.5,29202.75,2098
1787761200,29203.0,29215.75,29199.75,29211.25,1932
1787761500,29211.5,29212.75,29199.5,29207.0,1207
1787761800,29207.25,29220.0,29205.25,29213.75,1562
1787762100,29213.75,29219.0,29181.0,29182.75,2583
1787762400,29182.25,29194.0,29170.0,29174.5,2867
1787762700,29174.75,29198.5,29171.75,29183.25,2569
1787763000,29183.0,29193.0,29175.5,29185.5,1595
1787763300,29185.0,29224.75,29184.75,29216.75,4276
1787763600,29216.0,29232.5,29210.5,29228.5,2679
1787763900,29227.75,29238.0,29217.75,29234.25,1691
1787764200,29234.0,29242.25,29230.25,29238.0,2038
1787764500,29238.25,29262.0,29238.0,29253.0,3530
1787764800,29253.5,29270.0,29253.0,29268.75,2444
1787765100,29268.5,29270.75,29256.5,29267.25,2132
1787765400,29268.0,29281.5,29262.75,29278.25,3190
1787765700,29278.5,29287.75,29274.5,29280.5,2280
1787766000,29280.75,29291.75,29272.75,29281.5,2228
1787766300,29281.5,29286.25,29267.5,29270.0,2077
1787766600,29270.25,29288.5,29269.75,29287.0,2635
1787766900,29287.0,29293.75,29283.0,29284.25,2019
1787767200,29284.5,29285.0,29271.5,29277.5,1752
1787767500,29278.25,29296.0,29277.25,29290.75,1993
1787767800,29290.75,29292.0,29266.0,29270.0,2122
1787768100,29270.75,29286.75,29264.75,29281.5,2535
1787768400,29282.5,29292.25,29276.0,29277.5,1556
1787768700,29276.5,29285.0,29271.25,29280.0,1768
1787769000,29279.75,29303.5,29275.75,29297.25,2774
1787769300,29297.25,29299.75,29290.0,29292.0,1471
1787769600,29292.0,29298.0,29288.0,29295.0,1474
1787769900,29295.0,29328.75,29294.75,29319.75,4327
1787770200,29319.5,29327.0,29310.0,29318.75,2303
1787770500,29318.25,29329.75,29315.75,29321.75,2524
1787770800,29321.25,29368.25,29317.75,29367.0,5599
1787771100,29366.25,29368.25,29347.25,29347.5,2948
1787771400,29348.0,29352.25,29330.25,29340.5,2803
1787771700,29340.5,29357.25,29339.0,29354.5,2113
1787772000,29354.25,29354.75,29332.25,29346.0,2730
1787772300,29345.75,29355.25,29335.75,29338.0,2295
1787772600,29338.0,29345.5,29329.5,29343.25,2850
1787772900,29343.25,29344.5,29322.0,29322.75,3076
1787773200,29322.75,29329.0,29307.5,29309.5,3016
1787773500,29309.25,29337.0,29305.5,29335.25,4005
1787773800,29335.5,29341.5,29281.25,29291.25,5997
1787774100,29290.75,29310.75,29280.25,29297.25,12963
1787774400,29297.0,29348.25,29283.25,29336.25,5378
1787774700,29335.25,29375.0,29335.0,29353.25,2502
1787775000,29354.25,29367.0,29349.0,29362.25,818
1787775300,29360.75,29383.75,29354.5,29381.5,1425
1787775600,29379.75,29382.0,29291.0,29345.5,6657
1787775900,29344.75,29362.75,29319.0,29342.25,2458
1787776200,29342.0,29346.25,29317.0,29328.0,1476
1787776500,29327.5,29355.0,29325.0,29343.0,976
1787776800,29343.0,29356.0,29333.75,29340.0,828
1787777100,29339.0,29382.0,29336.75,29382.0,1155
1787777400,29382.0,29398.25,29377.0,29391.0,1502
1787777700,29390.75,29437.75,29386.25,29432.5,1255
1787781600,29499.5,29582.25,29499.25,29572.75,0
1787781900,29573.75,29576.25,29550.5,29562.0,1516
1787782200,29560.75,29575.0,29551.25,29566.0,1173
1787782500,29565.5,29596.75,29554.25,29584.0,1552
1787782800,29583.75,29602.0,29579.0,29590.0,908
1787783100,29589.75,29594.75,29578.5,29583.75,473
1787783400,29583.5,29600.0,29581.0,29598.75,522
1787783700,29600.0,29618.0,29600.0,29603.0,1153
1787784000,29602.5,29617.25,29597.25,29617.25,800
1787784300,29615.75,29616.75,29607.5,29612.25,437
1787784600,29612.0,29628.5,29605.25,29606.5,1052
1787784900,29606.25,29611.0,29599.25,29606.5,318
1787785200,29605.0,29615.5,29602.5,29605.0,708
1787785500,29605.25,29608.75,29591.75,29597.5,562
1787785800,29598.0,29602.5,29591.0,29592.25,372
1787786100,29593.25,29593.25,29585.0,29589.0,280
1787786400,29588.0,29606.75,29587.0,29606.25,537
1787786700,29605.25,29612.5,29589.5,29602.5,547
1787787000,29602.75,29606.0,29594.5,29604.25,201
1787787300,29604.75,29611.75,29599.5,29606.5,221
1787787600,29605.25,29608.75,29603.75,29606.5,97
1787787900,29606.25,29626.5,29605.0,29622.0,563
1787788200,29622.75,29626.5,29610.0,29616.75,461
1787788500,29617.5,29653.0,29614.75,29646.5,1289
1787788800,29648.25,29654.75,29614.0,29615.25,1366
1787789100,29615.5,29634.5,29605.0,29608.0,964
1787789400,29609.0,29611.25,29578.0,29590.0,1260
1787789700,29590.0,29590.5,29558.0,29565.0,1197
1787790000,29564.75,29585.0,29564.0,29580.75,831
1787790300,29581.0,29583.25,29562.25,29581.0,641
1787790600,29580.5,29581.25,29533.5,29535.75,1384
1787790900,29535.0,29539.5,29504.0,29514.5,1841
1787791200,29515.25,29521.5,29476.25,29478.0,1770
1787791500,29478.0,29479.5,29446.0,29461.0,2310
1787791800,29460.75,29466.0,29440.0,29444.25,1199
1787792100,29444.0,29456.0,29438.25,29445.75,1061
1787792400,29443.75,29469.75,29432.5,29463.25,1961
1787792700,29467.25,29486.5,29461.75,29484.25,1065
1787793000,29485.25,29490.0,29445.5,29452.75,1214
1787793300,29452.0,29484.0,29447.75,29481.25,888
1787793600,29481.75,29498.25,29478.75,29497.25,768
1787793900,29495.75,29509.25,29490.75,29503.25,695
1787794200,29503.0,29523.5,29497.0,29517.0,943
1787794500,29518.25,29535.0,29514.25,29529.5,746
1787794800,29530.0,29531.5,29491.75,29492.75,1125
1787795100,29493.75,29542.0,29493.75,29538.75,909
1787795400,29537.5,29554.0,29533.75,29553.75,680
1787795700,29553.0,29554.25,29525.75,29529.75,820
1787796000,29531.75,29541.0,29525.75,29540.75,734
1787796300,29538.0,29540.0,29516.75,29539.5,586
1787796600,29540.0,29544.25,29530.75,29539.75,492
1787796900,29540.75,29542.25,29528.75,29536.0,214
1787797200,29535.25,29541.75,29528.5,29533.5,228
1787797500,29533.0,29543.25,29525.75,29539.0,286
1787797800,29538.75,29555.0,29536.75,29552.5,468
1787798100,29552.75,29553.25,29543.0,29552.5,373
1787798400,29552.25,29553.0,29530.5,29541.25,476
1787798700,29541.75,29547.75,29536.75,29540.5,312
1787799000,29539.75,29560.5,29539.75,29551.0,513
1787799300,29551.75,29555.5,29544.5,29548.75,444
1787799600,29550.5,29563.0,29543.25,29554.25,537
1787799900,29554.5,29554.5,29536.0,29538.25,522
1787800200,29540.25,29541.25,29530.0,29540.25,343
1787800500,29541.0,29556.25,29540.75,29556.25,271
1787800800,29556.0,29573.5,29551.25,29572.5,614
1787801100,29572.5,29575.75,29561.25,29564.25,312
1787801400,29566.0,29572.25,29551.25,29561.0,494
1787801700,29561.25,29561.25,29547.75,29551.0,173
1787802000,29551.0,29555.25,29541.75,29541.75,282
1787802300,29543.5,29552.5,29535.5,29539.25,292
1787802600,29539.5,29547.0,29526.5,29537.5,434
1787802900,29538.75,29550.25,29533.5,29534.25,379
1787803500,29533.75,29537.5,29532.75,29536.25,396
1787803800,29534.75,29536.0,29529.25,29534.0,131
1787804100,29534.75,29550.25,29532.75,29544.5,327
1787804400,29544.0,29549.75,29537.5,29547.0,193
1787804700,29547.25,29551.75,29528.5,29528.5,268
1787805000,29528.5,29530.25,29518.0,29521.75,386
1787805300,29521.0,29522.5,29505.25,29505.25,373
1787805600,29505.25,29513.0,29498.25,29504.25,481
1787805900,29503.5,29520.75,29495.25,29502.5,651
1787806200,29504.75,29511.0,29494.5,29497.0,275
1787806500,29496.0,29502.75,29493.0,29497.25,327
1787806800,29501.5,29504.25,29474.75,29481.25,793
1787807100,29480.25,29493.25,29475.0,29476.5,554
1787807400,29475.75,29491.0,29472.75,29484.5,459
1787807700,29482.25,29482.25,29448.0,29452.0,737
1787808000,29452.25,29474.75,29449.75,29473.0,621
1787808300,29473.0,29478.75,29461.0,29468.0,638
1787808600,29466.25,29467.75,29451.0,29457.5,484
1787808900,29455.25,29461.25,29445.25,29460.0,513
1787809200,29458.75,29472.75,29438.5,29442.5,799
1787809500,29441.5,29462.25,29437.75,29460.5,458
1787809800,29461.75,29465.0,29438.0,29442.25,666
1787810100,29443.0,29443.0,29428.5,29438.75,696
1787810400,29437.5,29437.5,29419.25,29421.5,1211
1787810700,29420.25,29428.0,29403.5,29406.0,959
1787811000,29406.5,29434.75,29401.75,29432.5,1065
1787811300,29433.0,29449.25,29432.5,29442.0,713
1787811600,29443.75,29448.0,29436.0,29443.75,340
1787811900,29444.0,29451.0,29432.0,29450.75,611
1787812200,29451.5,29464.75,29449.0,29462.25,548
1787812500,29462.0,29472.0,29457.5,29471.5,508
1787812800,29471.5,29490.5,29471.25,29489.25,622
1787813100,29489.0,29497.0,29482.25,29483.25,570
1787813400,29484.5,29487.0,29478.0,29480.75,404
1787813700,29480.5,29500.0,29480.5,29499.5,559
1787814000,29498.75,29507.5,29477.25,29507.5,1122
1787814300,29507.5,29525.5,29504.25,29521.0,1134
1787814600,29522.25,29538.5,29518.5,29536.0,743
1787814900,29537.0,29542.25,29527.75,29537.75,667
1787815200,29537.0,29540.75,29524.25,29528.75,644
1787815500,29528.5,29548.75,29524.0,29548.25,718
1787815800,29547.75,29549.75,29533.0,29542.0,880
1787816100,29541.75,29544.75,29506.0,29507.0,838
1787816400,29506.5,29515.0,29499.0,29504.0,652
1787816700,29504.75,29519.0,29500.75,29512.75,350
1787817000,29513.5,29535.75,29507.25,29533.25,556
1787817300,29534.0,29548.25,29533.25,29539.5,514
1787817600,29538.75,29572.0,29537.0,29570.25,1227
1787817900,29570.5,29600.0,29570.5,29598.5,1171
1787818200,29598.5,29624.0,29595.25,29622.0,1242
1787818500,29622.5,29624.0,29596.75,29608.75,1006
1787818800,29609.0,29620.0,29599.75,29617.75,808
1787819100,29618.75,29659.75,29615.25,29656.5,1815
1787819400,29656.75,29658.0,29627.0,29627.5,919
1787819700,29629.25,29634.75,29617.75,29626.5,812
1787820000,29627.0,29640.5,29610.25,29629.5,1034
1787820300,29632.5,29659.75,29630.5,29652.25,983
1787820600,29652.25,29662.0,29628.75,29632.5,983
1787820900,29629.75,29635.25,29622.0,29623.75,656
1787821200,29624.75,29634.25,29590.25,29591.75,1603
1787821500,29590.5,29612.5,29581.25,29605.75,1112
1787821800,29606.25,29610.0,29582.75,29584.0,458
1787822100,29584.25,29590.0,29568.0,29587.25,838
1787822400,29588.25,29608.5,29579.0,29608.0,532
1787822700,29608.0,29615.0,29594.5,29598.0,730
1787823000,29597.75,29625.5,29596.75,29620.0,1121
1787823300,29619.5,29620.5,29609.25,29614.5,601
1787823600,29616.25,29619.75,29611.25,29615.0,776
1787823900,29614.5,29634.5,29613.5,29619.25,910
1787824200,29620.0,29630.75,29605.75,29619.25,615
1787824500,29618.5,29619.0,29599.5,29602.0,564
1787824800,29602.25,29602.75,29582.25,29596.25,562
1787825100,29596.0,29604.0,29594.5,29597.5,350
1787825400,29598.0,29606.25,29586.5,29598.75,350
1787825700,29598.75,29603.75,29583.75,29583.75,332
1787826000,29583.5,29592.0,29579.0,29586.5,374
1787826300,29583.75,29588.0,29577.0,29579.75,358
1787826600,29580.75,29585.75,29575.5,29582.75,341
1787826900,29583.0,29583.75,29570.0,29572.0,514
1787827200,29572.0,29602.75,29570.75,29600.0,519
1787827500,29599.75,29601.0,29584.5,29584.5,381
1787827800,29583.5,29595.75,29568.25,29595.5,535
1787828100,29596.5,29602.25,29591.0,29597.5,327
1787828400,29599.0,29607.0,29577.0,29605.25,835
1787828700,29606.75,29615.75,29588.25,29609.0,798
1787829000,29607.75,29630.0,29604.25,29616.25,698
1787829300,29616.25,29621.25,29592.75,29593.75,658
1787829600,29593.5,29599.5,29585.75,29592.0,588
1787829900,29591.5,29596.5,29569.5,29569.5,632
1787830200,29570.25,29588.0,29551.0,29571.25,1372
1787830500,29571.75,29574.25,29546.25,29553.0,785
1787830800,29551.0,29567.0,29549.0,29565.5,529
1787831100,29563.5,29563.5,29516.75,29518.25,1090
1787831400,29517.75,29535.75,29514.75,29534.0,746
1787831700,29533.75,29560.25,29533.75,29558.5,601
1787832000,29557.75,29568.25,29551.0,29562.25,908
1787832300,29563.25,29573.5,29556.0,29572.25,1033
1787832600,29573.25,29589.0,29570.0,29584.0,785
1787832900,29584.25,29586.0,29567.75,29579.25,532
1787833200,29579.0,29585.25,29565.75,29583.75,616
1787833500,29584.25,29590.5,29572.25,29579.25,787
1787833800,29579.0,29581.25,29562.0,29568.75,1161
1787834100,29568.5,29573.25,29549.0,29557.5,1203
1787834400,29555.5,29565.0,29534.5,29537.5,898
1787834700,29536.25,29541.0,29526.5,29532.5,1022
1787835000,29531.75,29539.75,29515.5,29531.0,1382
1787835300,29531.5,29538.0,29519.0,29522.5,838
1787835600,29522.0,29548.0,29518.5,29545.0,1551
1787835900,29545.0,29559.5,29540.25,29550.75,925
1787836200,29551.25,29561.75,29546.5,29555.75,969
1787836500,29554.5,29570.25,29544.0,29550.25,1507
1787836800,29550.25,29554.0,29536.25,29537.5,1651
1787837100,29538.0,29562.5,29523.25,29524.75,3421
1787837400,29524.5,29588.75,29452.75,29463.5,23552
1787837700,29464.5,29490.75,29443.0,29489.75,13957
1787838000,29490.0,29586.0,29486.5,29575.0,15030
1787838300,29576.0,29605.0,29451.75,29476.5,19055
1787838600,29477.0,29567.25,29477.0,29543.25,11469
1787838900,29542.25,29544.75,29423.75,29483.0,13797
1787839200,29484.0,29549.0,29478.5,29535.5,11148
1787839500,29536.25,29557.5,29502.0,29530.25,8176
1787839800,29529.75,29588.5,29527.25,29559.0,7190
1787840100,29558.0,29593.25,29558.0,29577.25,5971
1787840400,29577.5,29601.5,29571.0,29593.0,6598
1787840700,29593.25,29623.5,29576.5,29606.75,6465
1787841000,29606.5,29610.25,29563.5,29573.25,7466
1787841300,29574.0,29605.0,29543.5,29544.0,5211
1787841600,29544.75,29566.5,29538.0,29557.75,5021
1787841900,29557.25,29599.75,29532.0,29593.75,5808
1787842200,29593.25,29605.25,29560.25,29579.0,6101
1787842500,29578.5,29602.25,29552.25,29601.5,4820
1787842800,29601.75,29615.5,29588.25,29611.25,4422
1787843100,29610.75,29625.75,29604.75,29623.25,3754
1787843400,29623.0,29628.0,29608.0,29625.5,3592
1787843700,29625.75,29635.0,29618.5,29624.0,3234
1787844000,29625.0,29627.5,29595.75,29597.5,3703
1787844300,29597.25,29599.75,29573.0,29578.5,3812
1787844600,29578.25,29597.25,29564.5,29578.0,4643
1787844900,29578.25,29583.25,29547.75,29557.0,3976
1787845200,29557.25,29574.0,29528.5,29534.5,5424
1787845500,29534.75,29534.75,29511.5,29524.25,5007
1787845800,29523.75,29610.0,29523.5,29609.0,7732
1787846100,29609.0,29609.25,29592.75,29598.0,4053
1787846400,29597.25,29623.75,29594.75,29615.0,3646
1787846700,29615.25,29621.25,29590.25,29594.0,3412
1787847000,29594.0,29605.0,29581.75,29590.5,2694
1787847300,29589.75,29603.0,29577.0,29589.0,2764
1787847600,29588.25,29589.75,29570.0,29576.25,2394
1787847900,29577.0,29608.0,29572.25,29603.0,3016
1787848200,29603.5,29614.5,29599.0,29613.5,1872
1787848500,29613.75,29642.0,29609.5,29639.25,3293
1787848800,29639.0,29651.0,29636.75,29645.75,3061
1787849100,29645.75,29659.5,29643.0,29646.75,3664
1787849400,29647.25,29656.0,29637.0,29654.25,3086
1787849700,29654.25,29654.25,29642.25,29651.75,2507
1787850000,29652.0,29667.25,29650.25,29665.25,3330
1787850300,29665.0,29668.5,29648.0,29667.75,3361
1787850600,29667.75,29676.0,29664.5,29669.75,2815
1787850900,29670.5,29673.75,29659.5,29664.75,2049
1787851200,29664.75,29678.5,29660.75,29673.0,2411
1787851500,29673.0,29673.0,29638.0,29641.5,3641
1787851800,29641.25,29658.5,29634.25,29638.25,3895
1787852100,29638.75,29646.5,29631.25,29631.75,2121
1787852400,29632.0,29648.0,29627.0,29628.75,2340
1787852700,29628.5,29632.25,29612.75,29618.0,3055
1787853000,29618.25,29629.25,29610.0,29625.25,2846
1787853300,29625.5,29627.25,29607.0,29611.5,2498
1787853600,29612.0,29622.0,29574.0,29574.5,5230
1787853900,29574.5,29591.75,29573.25,29581.0,2877
1787854200,29581.0,29585.75,29561.75,29577.0,4049
1787854500,29576.5,29589.75,29564.75,29578.0,3286
1787854800,29577.75,29582.5,29563.75,29567.25,2961
1787855100,29567.75,29569.0,29526.5,29538.25,5419
1787855400,29538.25,29571.5,29537.0,29549.25,5033
1787855700,29550.5,29579.25,29543.0,29579.0,3434
1787856000,29579.25,29581.25,29567.0,29572.5,2583
1787856300,29572.5,29582.25,29552.0,29552.5,3200
1787856600,29553.25,29566.25,29546.75,29555.0,2470
1787856900,29554.75,29577.5,29544.75,29571.25,3012
1787857200,29571.5,29592.5,29567.0,29588.75,2934
1787857500,29588.5,29604.0,29572.25,29591.0,4306
1787857800,29591.75,29606.75,29590.0,29592.5,2748
1787858100,29592.75,29610.25,29592.75,29605.75,2799
1787858400,29605.75,29612.25,29602.25,29603.75,2311
1787858700,29603.75,29613.0,29595.0,29602.25,2766
1787859000,29602.75,29629.0,29595.0,29624.0,3329
1787859300,29624.5,29631.75,29619.75,29628.75,2626
1787859600,29628.5,29633.5,29622.25,29633.25,2577
1787859900,29632.75,29650.0,29629.5,29647.5,3766
1787860200,29647.75,29685.25,29629.0,29682.5,8110
1787860500,29682.0,29704.5,29672.5,29691.75,19229
1787860800,29691.75,29708.0,29672.25,29674.75,6772
1787861100,29675.25,29691.25,29655.25,29657.0,3458
1787861400,29657.75,29668.0,29647.25,29648.0,1254
1787861700,29648.25,29656.5,29646.75,29650.0,730
1787862000,29650.25,29651.0,29636.0,29640.0,663
1787862300,29639.75,29642.25,29634.25,29638.5,549
1787862600,29639.25,29644.75,29638.75,29641.25,376
1787862900,29642.0,29643.0,29634.75,29636.75,380
1787863200,29636.75,29643.75,29635.75,29639.75,634
1787863500,29640.25,29642.0,29627.75,29630.75,849
1787863800,29630.25,29633.5,29620.5,29624.75,724
1787864100,29625.5,29639.0,29623.75,29635.25,509
1787868000,29635.5,29644.75,29600.0,29617.0,0
1787868300,29617.25,29627.5,29612.5,29624.25,281
1787868600,29624.25,29627.0,29611.5,29620.5,196
1787868900,29622.25,29629.5,29619.75,29626.25,247
1787869200,29628.5,29637.5,29622.5,29636.5,354
1787869500,29635.25,29639.5,29622.0,29637.25,347
1787869800,29637.0,29640.75,29630.75,29636.25,260
1787870100,29636.0,29639.0,29632.25,29635.0,216
1787870400,29634.0,29638.0,29630.0,29635.5,168
1787870700,29635.25,29636.75,29632.75,29635.5,92
1787871000,29636.75,29637.0,29630.75,29631.5,93
1787871300,29631.75,29639.5,29631.25,29634.75,157
1787871600,29633.5,29637.25,29625.5,29627.5,212
1787871900,29627.25,29637.5,29623.75,29631.5,287
1787872200,29631.0,29631.0,29605.0,29616.5,659
1787872500,29616.0,29617.25,29604.0,29610.0,213
1787872800,29610.75,29613.0,29608.75,29611.75,95
1787873100,29609.75,29614.0,29604.5,29608.25,205
1787873400,29610.0,29612.75,29602.5,29605.5,219
1787873700,29606.0,29611.75,29604.75,29611.0,109
1787874000,29610.0,29611.5,29604.25,29604.5,105
1787874300,29604.5,29605.25,29592.25,29594.25,782
1787874600,29594.5,29597.75,29592.25,29593.75,320
1787874900,29594.25,29604.0,29592.0,29600.75,641
1787875200,29601.75,29625.25,29594.25,29608.0,1387
1787875500,29609.0,29632.0,29595.75,29623.5,1182
1787875800,29623.25,29656.0,29622.0,29653.0,1254
1787876100,29652.75,29655.75,29625.5,29648.75,1321
1787876400,29647.5,29652.5,29643.0,29645.5,465
1787876700,29647.0,29654.5,29637.5,29653.0,518
1787877000,29651.25,29654.0,29642.0,29648.5,357
1787877300,29647.25,29647.5,29635.5,29640.5,300
1787877600,29640.5,29658.0,29633.5,29654.5,608
1787877900,29653.25,29660.0,29644.25,29658.5,308
1787878200,29659.0,29667.25,29646.5,29647.0,721
1787878500,29647.5,29652.25,29642.0,29645.0,276
1787878800,29645.75,29662.75,29642.75,29659.75,567
1787879100,29659.5,29665.5,29651.25,29665.5,437
1787879400,29665.25,29670.25,29658.5,29661.0,484
1787879700,29661.0,29672.75,29659.5,29666.25,337
1787880000,29666.25,29668.5,29653.75,29656.75,408
1787880300,29659.5,29659.5,29643.5,29648.75,418
1787880600,29648.5,29665.0,29643.75,29664.75,650
1787880900,29664.75,29672.25,29641.75,29647.0,893
1787881200,29646.5,29657.5,29642.0,29654.75,442
1787881500,29654.5,29661.25,29644.0,29659.5,424
1787881800,29659.75,29674.75,29659.0,29673.0,561
1787882100,29673.75,29679.75,29669.75,29677.75,423
1787882400,29678.75,29691.5,29678.75,29689.75,725
1787882700,29689.75,29697.25,29688.0,29694.0,405
1787883000,29696.25,29699.5,29689.0,29692.75,273
1787883300,29694.75,29700.25,29692.0,29698.0,290
1787883600,29699.0,29703.0,29686.25,29697.75,601
1787883900,29697.5,29697.5,29689.0,29692.75,222
1787884200,29691.0,29691.0,29674.0,29675.75,576
1787884500,29674.5,29675.0,29666.0,29669.0,542
1787884800,29667.5,29668.75,29644.75,29647.25,528
1787885100,29647.0,29651.25,29645.0,29650.25,333
1787885400,29650.25,29668.5,29649.25,29662.5,558
1787885700,29663.25,29670.25,29663.0,29663.75,184
1787886000,29664.75,29683.0,29660.5,29682.0,444
1787886300,29682.75,29687.25,29676.75,29684.5,371
1787886600,29685.25,29702.0,29683.5,29694.5,514
1787886900,29693.75,29701.0,29689.5,29697.25,265
1787887200,29697.75,29701.75,29694.0,29699.5,236
1787887500,29700.0,29707.0,29697.5,29700.25,439
1787887800,29700.5,29704.25,29683.0,29685.0,529
1787888100,29684.5,29685.5,29672.75,29675.75,479
1787888400,29674.75,29675.0,29648.75,29651.75,780
1787888700,29651.5,29668.25,29640.25,29664.25,853
1787889000,29663.5,29674.0,29663.25,29671.75,355
1787889300,29671.5,29676.5,29666.5,29671.5,243
1787889900,29646.0,29648.75,29644.25,29647.25,844
1787890200,29648.0,29666.5,29647.25,29661.5,400
1787890500,29660.75,29669.75,29657.25,29662.0,297
1787890800,29662.5,29665.75,29658.75,29660.75,123
1787891100,29660.5,29664.25,29657.0,29659.5,161
1787891400,29658.5,29660.75,29645.25,29646.25,251
1787891700,29645.5,29652.0,29641.0,29646.75,346
1787892000,29647.5,29649.75,29639.0,29644.25,203
1787892300,29643.5,29650.0,29641.25,29644.0,241
1787892600,29643.5,29647.0,29640.75,29643.0,142
1787892900,29643.25,29646.0,29636.25,29641.75,226
1787893200,29642.0,29643.75,29629.5,29636.25,509
1787893500,29635.0,29637.0,29625.25,29627.25,326
1787893800,29628.75,29629.75,29620.75,29623.75,448
1787894100,29624.75,29627.5,29617.0,29617.75,198
1787894400,29618.0,29623.75,29611.5,29621.0,414
1787894700,29621.0,29628.25,29614.0,29622.75,452
1787895000,29623.0,29624.5,29616.0,29617.5,225
1787895300,29616.5,29619.25,29603.5,29607.5,694
1787895600,29606.75,29613.75,29605.5,29613.75,236
1787895900,29612.5,29613.0,29602.75,29606.0,209
1787896200,29605.75,29612.25,29598.25,29608.5,521
1787896500,29608.5,29609.5,29597.25,29598.25,268
1787896800,29599.0,29613.25,29594.5,29611.25,665
1787897100,29611.25,29613.25,29600.75,29607.5,340
1787897400,29607.75,29618.5,29602.25,29603.25,426
1787897700,29602.25,29617.75,29601.5,29612.25,261
1787898000,29612.5,29623.75,29610.25,29614.75,405
1787898300,29615.75,29617.0,29594.5,29596.0,483
1787898600,29597.5,29620.75,29596.0,29616.25,829
1787898900,29616.25,29620.75,29610.0,29610.75,288
1787899200,29610.0,29623.0,29597.0,29620.75,569
1787899500,29619.5,29627.75,29616.0,29625.0,406
1787899800,29625.5,29628.25,29620.0,29625.75,228
1787900100,29626.25,29645.25,29626.25,29645.25,461
1787900400,29645.25,29653.5,29625.5,29629.0,953
1787900700,29629.0,29632.0,29605.0,29612.0,951
1787901000,29610.5,29619.0,29606.0,29612.5,543
1787901300,29612.0,29617.0,29599.75,29612.25,527
1787901600,29611.5,29617.5,29602.75,29612.5,441
1787901900,29615.25,29624.0,29612.25,29613.75,343
1787902200,29613.5,29620.0,29607.25,29608.25,267
1787902500,29612.0,29620.25,29606.5,29609.0,289
1787902800,29609.25,29610.5,29593.0,29597.5,699
1787903100,29597.0,29624.75,29595.0,29624.5,412
1787903400,29624.75,29625.75,29599.5,29612.75,434
1787903700,29612.5,29614.25,29600.0,29607.0,194
1787904000,29607.0,29620.5,29586.75,29591.0,1500
1787904300,29592.5,29592.75,29578.25,29589.25,851
1787904600,29588.5,29606.0,29581.75,29584.75,673
1787904900,29586.0,29594.0,29581.75,29586.75,345
1787905200,29585.0,29600.0,29582.5,29596.25,434
1787905500,29596.0,29605.5,29591.0,29598.25,354
1787905800,29598.5,29631.75,29596.25,29631.5,618
1787906100,29632.0,29633.5,29623.0,29625.25,354
1787906400,29626.25,29629.0,29616.25,29623.5,344
1787906700,29623.5,29624.25,29607.0,29611.75,449
1787907000,29611.25,29621.75,29603.0,29608.75,395
1787907300,29609.5,29624.0,29607.0,29619.75,368
1787907600,29619.0,29620.0,29605.0,29607.5,395
1787907900,29606.5,29614.5,29604.0,29608.0,226
1787908200,29608.75,29617.5,29603.5,29606.0,291
1787908500,29605.75,29611.25,29601.25,29604.0,251
1787908800,29603.25,29614.5,29595.75,29611.75,350
1787909100,29611.75,29620.5,29607.0,29615.75,309
1787909400,29615.5,29618.5,29606.0,29617.5,167
1787909700,29617.0,29617.5,29603.0,29608.25,215
1787910000,29607.5,29610.0,29602.25,29607.5,179
1787910300,29605.0,29611.75,29599.0,29606.0,205
1787910600,29606.5,29620.25,29605.75,29614.0,272
1787910900,29613.75,29614.75,29604.5,29605.5,177
1787911200,29606.0,29606.5,29597.0,29599.5,275
1787911500,29600.5,29609.0,29593.25,29599.0,370
1787911800,29599.5,29610.0,29593.5,29603.75,425
1787912100,29604.0,29609.0,29598.5,29598.5,134
1787912400,29598.75,29617.25,29597.5,29616.25,263
1787912700,29613.75,29615.0,29606.25,29611.5,199
1787913000,29611.25,29623.0,29611.25,29613.0,256
1787913300,29613.75,29621.0,29606.0,29619.5,224
1787913600,29619.75,29620.25,29600.0,29602.5,314
1787913900,29601.5,29611.0,29599.5,29605.75,373
1787914200,29603.75,29604.75,29598.0,29603.0,227
1787914500,29604.0,29625.0,29603.5,29622.0,368
1787914800,29622.25,29634.75,29603.75,29627.25,853
1787915100,29626.5,29626.5,29599.5,29599.75,464
1787915400,29601.5,29616.25,29598.25,29614.5,406
1787915700,29614.5,29624.25,29614.0,29623.75,342
1787916000,29624.5,29636.5,29624.5,29636.5,549
1787916300,29636.0,29636.5,29629.25,29633.5,251
1787916600,29635.0,29640.0,29620.0,29620.5,324
1787916900,29619.75,29622.25,29613.5,29618.25,290
1787917200,29617.5,29623.75,29607.0,29610.25,307
1787917500,29609.5,29615.0,29607.5,29611.75,205
1787917800,29612.0,29614.25,29604.0,29611.25,304
1787918100,29611.75,29611.75,29597.5,29603.5,391
1787918400,29601.5,29615.5,29597.5,29613.5,536
1787918700,29613.5,29629.5,29611.75,29628.25,659
1787919000,29627.5,29632.5,29614.75,29630.25,759
1787919300,29631.0,29645.25,29627.75,29638.0,731
1787919600,29640.5,29660.75,29640.25,29657.75,1002
1787919900,29657.5,29663.0,29648.75,29661.5,769
1787920200,29661.25,29661.75,29628.5,29628.5,880
1787920500,29628.75,29637.75,29615.0,29632.75,871
1787920800,29633.5,29660.75,29630.5,29658.25,760
1787921100,29658.25,29662.75,29649.25,29659.75,1010
1787921400,29659.0,29664.0,29655.25,29659.25,619
1787921700,29659.75,29665.0,29652.75,29659.0,610
1787922000,29659.0,29681.75,29650.25,29664.0,2267
1787922300,29664.25,29667.75,29651.0,29654.25,1224
1787922600,29655.0,29661.75,29654.75,29661.0,603
1787922900,29661.0,29662.75,29651.0,29652.25,669
1787923200,29652.25,29658.25,29643.5,29647.0,998
1787923500,29647.0,29647.25,29622.0,29628.0,3087
1787923800,29628.0,29637.0,29562.75,29605.75,17602
1787924100,29605.0,29659.75,29585.75,29651.25,11849
1787924400,29651.75,29701.75,29648.75,29687.75,9041
1787924700,29687.25,29703.25,29654.0,29657.75,9808
1787925000,29658.5,29669.5,29625.0,29633.5,7547
1787925300,29634.75,29668.0,29625.75,29629.0,5591
1787925600,29632.0,29706.0,29597.75,29629.5,14084
1787925900,29629.0,29631.75,29559.0,29581.5,14022
1787926200,29582.25,29602.0,29505.0,29535.0,13207
1787926500,29534.75,29628.5,29532.25,29605.0,11283
1787926800,29604.5,29675.75,29603.5,29643.5,11308
1787927100,29643.5,29654.0,29604.0,29653.5,9800
1787927400,29653.75,29688.5,29632.0,29683.25,9607
1787927700,29684.5,29713.0,29671.0,29680.0,8524
1787928000,29681.0,29744.0,29674.5,29734.25,8775
1787928300,29734.75,29755.0,29725.25,29750.0,7772
1787928600,29750.0,29778.5,29744.0,29769.5,7280
1787928900,29769.5,29799.0,29767.25,29796.5,8020
1787929200,29796.5,29811.5,29778.5,29797.0,8675
1787929500,29797.0,29803.75,29755.25,29763.25,5886
1787929800,29762.5,29772.0,29735.25,29748.75,6212
1787930100,29748.75,29775.0,29746.0,29748.25,4679
1787930400,29748.0,29773.25,29738.0,29768.5,4490
1787930700,29768.5,29791.25,29764.25,29782.75,4184
1787931000,29783.25,29785.5,29762.25,29763.25,3452
1787931300,29763.25,29769.0,29716.5,29721.75,5042
1787931600,29721.5,29722.5,29663.0,29671.25,10048
1787931900,29671.25,29682.75,29627.5,29634.0,7966
1787932200,29633.75,29647.0,29585.5,29618.25,10113
1787932500,29618.5,29620.25,29544.25,29552.5,10455
1787932800,29553.0,29566.5,29509.75,29531.75,10828
1787933100,29531.75,29593.0,29528.75,29587.0,7152
1787933400,29585.5,29591.5,29554.0,29558.5,5843
1787933700,29558.25,29570.75,29492.75,29510.25,8385
1787934000,29511.25,29523.75,29464.5,29486.0,8962
1787934300,29485.5,29504.5,29476.75,29489.0,5501
1787934600,29488.5,29526.0,29476.0,29476.75,6277
1787934900,29476.75,29529.25,29475.75,29512.0,5068
1787935200,29511.5,29512.25,29475.0,29483.75,4341
1787935500,29483.75,29545.5,29483.0,29537.5,5219
1787935800,29536.5,29549.0,29507.5,29513.0,4482
1787936100,29513.0,29524.0,29499.75,29501.25,3467
1787936400,29502.0,29503.0,29446.0,29469.25,8563
1787936700,29469.0,29469.0,29436.25,29450.25,4894
1787937000,29449.25,29485.5,29438.75,29484.25,4274
1787937300,29483.5,29489.75,29464.25,29478.25,3081
1787937600,29478.5,29487.0,29452.25,29475.25,3389
1787937900,29475.75,29495.25,29461.75,29470.0,3141
1787938200,29470.0,29503.5,29464.75,29496.25,2944
1787938500,29496.5,29504.5,29461.25,29464.5,3236
1787938800,29464.25,29491.75,29461.5,29484.0,2307
1787939100,29482.75,29528.5,29475.75,29523.75,3616
1787939400,29524.5,29529.25,29512.5,29517.0,2337
1787939700,29517.75,29520.0,29494.25,29514.75,3379
1787940000,29515.75,29521.5,29496.0,29503.5,2758
1787940300,29502.5,29517.5,29495.0,29505.5,2309
1787940600,29505.5,29518.75,29488.25,29489.25,2705
1787940900,29489.25,29504.75,29482.75,29494.75,2554
1787941200,29494.5,29505.0,29471.25,29481.25,2402
1787941500,29481.5,29496.5,29473.0,29483.75,2502
1787941800,29483.25,29502.75,29479.0,29497.5,2397
1787942100,29497.5,29507.0,29479.25,29479.75,2294
1787942400,29479.75,29499.0,29476.0,29491.25,2366
1787942700,29491.0,29493.5,29463.75,29465.75,1996
1787943000,29465.75,29466.0,29441.0,29454.0,3946
1787943300,29453.75,29462.5,29443.25,29455.5,2490
1787943600,29456.0,29470.75,29443.5,29462.75,3153
1787943900,29462.5,29491.25,29454.5,29490.75,4381
1787944200,29489.75,29492.25,29465.0,29479.5,2630
1787944500,29479.0,29484.0,29464.5,29478.75,2063
1787944800,29479.25,29496.75,29476.5,29485.75,2805
1787945100,29485.25,29502.0,29483.25,29498.25,2147
1787945400,29498.5,29503.75,29484.75,29498.0,2991
1787945700,29497.25,29502.0,29482.25,29501.25,2504
1787946000,29501.75,29513.75,29500.0,29503.0,3408
1787946300,29502.25,29506.25,29473.5,29490.5,4830
1787946600,29491.0,29521.5,29482.5,29491.25,8238
1787946900,29491.25,29513.75,29482.5,29496.0,15165
1787947200,29496.5,29507.75,29487.75,29493.75,3930
1787947500,29493.25,29493.25,29478.25,29482.25,1456
1787947800,29483.0,29492.25,29480.75,29487.5,948
1787948100,29488.5,29492.0,29485.25,29489.5,480
1787948400,29490.0,29492.0,29486.5,29490.5,469
1787948700,29490.25,29493.25,29486.5,29492.0,428
1787949000,29492.0,29493.25,29485.0,29487.75,554
1787949300,29487.5,29498.75,29485.0,29491.5,962
1787949600,29492.0,29508.0,29491.0,29507.25,636
1787949900,29507.5,29519.25,29506.75,29515.0,685
1787950200,29514.75,29517.5,29506.75,29517.25,829
1787950500,29517.0,29517.0,29491.75,29491.75,543
1788127800,29457.25,29471.25,29446.75,29471.0,451
1788128100,29471.25,29489.5,29467.25,29484.0,680
1788128400,29485.75,29495.0,29480.0,29480.0,414
1788128700,29481.75,29483.5,29470.5,29473.0,362
1788129000,29474.75,29476.5,29451.5,29455.5,516
1788129300,29456.25,29463.25,29432.5,29446.75,1160
1788129600,29446.25,29454.0,29428.0,29436.75,859
1788129900,29436.0,29453.5,29435.0,29443.0,505
1788130200,29443.25,29447.5,29438.0,29446.0,223
1788130500,29445.75,29447.5,29437.0,29442.5,198
1788130800,29442.5,29443.75,29428.75,29433.0,458
1788131100,29432.5,29449.25,29431.5,29435.25,440
1788131400,29434.25,29436.0,29405.75,29409.75,1381
1788131700,29410.0,29416.0,29408.75,29412.25,397
1788132000,29413.75,29413.75,29371.25,29380.25,1859
1788132300,29382.5,29385.0,29369.0,29371.75,683
1788132600,29372.0,29372.75,29348.0,29360.0,1309
1788132900,29361.75,29375.5,29355.25,29358.75,783
1788133200,29355.75,29365.75,29321.25,29355.5,1217
1788133500,29354.0,29354.0,29301.25,29309.5,1587
1788133800,29311.5,29330.5,29308.5,29324.75,895
1788134100,29323.5,29324.5,29289.0,29289.75,1416
1788134400,29291.0,29302.0,29273.5,29292.0,1514
1788134700,29290.75,29307.5,29274.25,29302.25,1359
1788135000,29300.0,29346.75,29297.75,29339.75,1529
1788135300,29341.0,29367.0,29334.5,29345.0,1326
1788135600,29345.0,29376.0,29341.5,29375.75,852
1788135900,29375.0,29378.25,29354.0,29372.0,686
1788136200,29370.25,29398.0,29366.75,29390.5,1074
1788136500,29391.75,29398.5,29387.75,29393.75,629
1788136800,29393.0,29398.5,29378.75,29388.75,610
1788137100,29390.25,29391.75,29369.0,29372.25,811
1788137400,29371.5,29393.0,29368.0,29384.5,670
1788137700,29385.5,29386.5,29350.5,29357.0,922
1788138000,29358.25,29358.25,29304.75,29345.75,2051
1788138300,29343.75,29344.75,29309.25,29316.25,915
1788138600,29316.0,29330.0,29292.5,29324.75,1194
1788138900,29324.25,29335.5,29305.5,29329.0,1069
1788139200,29327.5,29340.25,29304.0,29325.0,966
1788139500,29326.0,29339.5,29308.0,29331.75,549
1788139800,29330.25,29336.75,29308.5,29311.25,865
1788140100,29312.5,29332.5,29306.5,29326.75,715
1788140400,29327.5,29338.0,29310.25,29313.5,618
1788140700,29313.25,29328.25,29302.75,29313.5,713
1788141000,29313.5,29321.25,29302.25,29310.0,707
1788141300,29309.5,29331.5,29306.0,29327.0,527
1788141600,29325.75,29336.25,29308.5,29335.5,822
1788141900,29337.0,29359.0,29331.5,29353.75,880
1788142200,29355.0,29362.75,29338.25,29355.75,618
1788142500,29357.0,29357.0,29315.0,29340.75,1261
1788142800,29339.25,29340.25,29321.0,29323.75,685
1788143100,29324.25,29336.75,29304.5,29331.5,796
1788143400,29327.0,29335.25,29297.5,29299.0,782
1788143700,29299.0,29308.0,29288.75,29295.25,797
1788144000,29295.25,29301.0,29287.0,29296.5,528
1788144300,29297.5,29326.0,29287.75,29296.0,992
1788144600,29300.25,29321.25,29291.0,29317.5,612
1788144900,29316.0,29346.5,29315.5,29344.25,599
1788145200,29346.0,29359.75,29336.75,29350.25,676
1788145500,29351.25,29362.25,29345.25,29361.5,402
1788145800,29361.75,29367.25,29353.0,29355.5,494
1788146100,29355.5,29356.25,29346.25,29348.25,334
1788146400,29348.25,29356.0,29346.0,29353.75,274
1788146700,29354.25,29358.0,29343.0,29344.0,396
1788147000,29345.75,29350.5,29339.25,29345.5,365
1788147300,29346.75,29351.0,29337.75,29343.5,274
1788147600,29342.0,29351.0,29339.0,29345.0,188
1788147900,29346.0,29349.0,29338.75,29344.0,177
1788148200,29345.0,29348.75,29339.25,29345.75,152
1788148500,29346.25,29353.5,29345.75,29348.75,169
1788148800,29352.5,29354.75,29343.5,29348.0,262
1788149100,29347.0,29351.0,29341.5,29349.0,115
1788149400,29349.75,29354.75,29342.25,29354.75,175
1788149700,29353.25,29357.0,29342.75,29350.75,301
1788150000,29352.5,29354.0,29343.5,29348.75,167
1788150300,29349.5,29353.75,29345.0,29347.25,78
1788150600,29348.0,29351.25,29333.75,29338.75,339
1788150900,29337.75,29383.75,29337.75,29382.0,912
1788151200,29380.5,29384.75,29369.75,29383.0,320
1788151500,29380.75,29381.0,29365.5,29368.75,290
1788151800,29368.5,29397.0,29368.5,29395.25,542
1788152100,29395.5,29423.75,29394.0,29414.75,1104
1788152400,29415.0,29430.0,29407.75,29427.75,629
1788152700,29426.0,29437.75,29418.0,29419.0,543
1788153000,29419.5,29445.0,29417.75,29443.75,426
1788153300,29442.75,29477.0,29442.25,29471.75,1133
1788153600,29471.5,29472.25,29455.5,29466.75,585
1788153900,29467.75,29477.25,29463.0,29470.0,369
1788154200,29470.0,29474.25,29443.75,29451.75,781
1788154500,29450.5,29452.0,29439.25,29442.5,407
1788154800,29442.0,29456.25,29426.25,29442.0,765
1788155100,29442.25,29452.0,29437.25,29439.0,407
1788155400,29439.5,29448.0,29432.0,29448.0,350
1788155700,29447.75,29462.5,29444.5,29462.25,472
1788156000,29462.0,29468.0,29448.75,29468.0,574
1788156300,29468.25,29489.5,29466.75,29486.25,813
1788156600,29485.5,29503.5,29485.25,29500.5,927
1788156900,29501.25,29515.0,29501.25,29511.75,846
1788157200,29511.5,29518.5,29505.25,29513.75,752
1788157500,29513.5,29513.5,29501.25,29512.5,564
1788157800,29512.5,29514.25,29495.75,29499.5,651
1788158100,29500.25,29518.75,29498.0,29518.75,361
1788158400,29517.75,29517.75,29505.0,29508.0,367
1788158700,29507.5,29528.5,29505.0,29512.0,653
1788159000,29511.75,29517.25,29503.5,29516.5,253
1788159300,29517.25,29520.0,29512.5,29517.75,233
1788159600,29516.25,29518.75,29503.75,29509.75,478
1788159900,29508.25,29521.0,29500.75,29507.5,351
1788160200,29508.5,29514.25,29502.0,29513.75,311
1788160500,29513.25,29514.5,29500.0,29503.75,219
1788160800,29505.5,29521.25,29503.5,29517.75,247
1788161100,29517.25,29519.0,29503.5,29509.75,239
1788161400,29508.25,29517.25,29503.75,29512.5,207
1788161700,29512.5,29522.75,29502.75,29506.5,342
1788162000,29508.25,29509.5,29501.0,29506.0,218
1788162300,29505.5,29508.25,29499.5,29505.25,253
1788162600,29504.75,29505.5,29493.5,29501.75,241
1788162900,29502.75,29510.75,29501.0,29508.25,227
1788163200,29508.5,29534.75,29487.25,29491.0,1546
1788163500,29492.25,29532.5,29485.0,29530.25,774
1788163800,29530.5,29535.0,29503.75,29505.0,751
1788164100,29504.75,29511.0,29498.5,29498.75,272
1788164400,29498.25,29505.75,29485.5,29496.0,632
1788164700,29494.5,29505.5,29492.5,29501.0,232
1788165000,29500.75,29502.25,29490.25,29495.75,256
1788165300,29495.5,29500.25,29487.0,29490.0,364
1788165600,29490.25,29491.5,29475.0,29484.5,614
1788165900,29484.75,29494.0,29482.75,29490.5,328
1788166200,29490.25,29498.5,29486.25,29487.5,301
1788166500,29488.75,29492.5,29480.25,29485.0,214
1788166800,29485.25,29489.0,29470.75,29472.25,301
1788167100,29472.75,29493.0,29471.25,29492.5,419
1788167400,29492.0,29500.75,29488.75,29492.5,458
1788167700,29492.25,29509.25,29492.25,29506.75,408
1788168000,29504.25,29509.0,29490.0,29497.5,449
1788168300,29497.5,29498.0,29490.75,29491.25,78
1788168600,29491.75,29492.5,29481.25,29483.5,298
1788168900,29483.0,29484.0,29473.5,29474.5,246
1788169200,29473.5,29473.5,29467.0,29468.0,254
1788169500,29468.0,29469.25,29447.5,29449.0,510
1788169800,29448.0,29456.0,29447.25,29452.25,359
1788170100,29452.0,29452.0,29445.5,29450.5,241
1788170400,29451.5,29453.0,29440.5,29449.25,599
1788170700,29448.5,29460.0,29448.0,29450.0,473
1788171000,29449.0,29460.0,29447.5,29458.0,490
1788171300,29457.25,29458.25,29445.75,29451.0,432
1788171600,29452.75,29467.75,29450.5,29464.5,462
1788171900,29463.5,29467.75,29450.0,29461.0,341
1788172200,29460.75,29461.0,29450.0,29452.25,208
1788172500,29453.75,29460.25,29452.0,29457.75,142
1788172800,29458.25,29459.0,29452.25,29455.25,129
1788173100,29454.0,29459.5,29450.0,29456.0,120
1788173400,29455.75,29471.5,29450.5,29462.25,351
1788173700,29463.0,29465.25,29456.75,29458.75,291
1788174000,29458.25,29463.5,29441.75,29446.25,740
1788174300,29447.5,29460.25,29436.75,29455.25,459
1788174600,29456.0,29459.25,29439.0,29439.5,282
1788174900,29439.25,29461.5,29435.5,29457.75,597
1788175200,29457.25,29461.75,29446.75,29459.5,361
1788175500,29460.0,29471.0,29455.75,29465.0,396
1788175800,29465.5,29466.75,29438.0,29438.0,638
1788176100,29438.0,29441.25,29434.0,29436.5,337
1788176400,29437.75,29459.75,29432.75,29433.5,648
1788176700,29434.0,29440.0,29425.75,29431.0,568
1788177000,29431.0,29439.75,29425.25,29429.0,392
1788177300,29431.75,29435.25,29427.25,29429.75,205
1788177600,29429.75,29449.0,29427.75,29440.75,695
1788177900,29440.75,29470.0,29398.5,29447.75,1997
1788178200,29447.0,29456.25,29433.5,29449.75,511
1788178500,29449.75,29473.25,29449.75,29470.75,539
1788178800,29472.25,29486.0,29438.75,29439.75,873
1788179100,29441.25,29441.75,29397.0,29415.75,1905
1788179400,29415.75,29426.0,29403.25,29424.75,927
1788179700,29424.25,29442.25,29403.75,29406.0,1469
1788180000,29405.75,29407.5,29389.75,29399.25,1236
1788180300,29398.5,29407.5,29390.75,29397.5,710
1788180600,29398.75,29404.0,29381.25,29382.75,800
1788180900,29383.25,29393.5,29380.0,29389.0,1110
1788181200,29389.5,29398.0,29377.5,29386.25,1677
1788181500,29386.5,29396.25,29384.5,29393.5,874
1788181800,29393.25,29411.25,29390.75,29408.5,1024
1788182100,29409.5,29423.0,29408.25,29418.25,1075
1788182400,29418.25,29425.0,29415.0,29416.0,821
1788182700,29415.25,29445.25,29411.0,29438.75,3165
1788183000,29438.5,29516.75,29417.5,29465.25,16534
1788183300,29465.25,29465.75,29390.25,29398.75,12263
1788183600,29400.0,29442.25,29391.75,29407.25,10067
1788183900,29407.75,29475.5,29387.75,29439.5,12296
1788184200,29439.25,29468.75,29412.75,29465.25,8822
1788184500,29465.0,29479.0,29431.25,29438.75,6549
1788184800,29439.25,29447.75,29396.5,29403.25,6518
1788185100,29403.0,29423.5,29376.75,29377.75,7360
1788185400,29377.75,29405.5,29371.0,29394.5,5648
1788185700,29393.25,29431.5,29381.25,29418.25,6709
1788186000,29419.0,29425.25,29365.75,29366.5,5514
1788186300,29367.0,29386.75,29355.0,29376.25,5526
1788186600,29374.25,29388.0,29364.5,29376.25,3777
1788186900,29377.0,29429.5,29371.0,29407.0,5587
1788187200,29406.75,29434.75,29403.5,29425.25,5069
1788187500,29425.25,29428.25,29384.25,29390.5,4280
1788187800,29389.5,29414.0,29385.25,29411.0,3275
1788188100,29410.75,29444.25,29407.0,29416.0,5829
1788188400,29415.25,29442.5,29395.5,29410.5,6082
1788188700,29410.25,29436.25,29403.0,29408.25,3852
1788189000,29408.5,29431.0,29404.75,29417.25,3373
1788189300,29416.75,29427.75,29396.5,29420.25,3429
1788189600,29420.25,29442.5,29407.75,29437.0,4421
1788189900,29437.0,29445.75,29415.75,29421.0,3594
1788190200,29420.5,29424.75,29386.25,29397.25,4723
1788190500,29397.25,29404.5,29384.0,29397.25,2905
1788190800,29397.25,29409.5,29383.0,29409.0,2905
1788191100,29408.5,29418.5,29395.25,29411.0,2901
1788191400,29410.5,29432.75,29410.5,29418.75,3511
1788191700,29418.5,29423.25,29384.5,29388.75,3984
1788192000,29389.25,29390.5,29365.0,29370.0,4060
1788192300,29369.0,29378.0,29362.5,29373.25,3075
1788192600,29373.75,29412.75,29370.5,29407.25,4153
1788192900,29407.75,29410.75,29381.5,29399.0,2910
1788193200,29400.0,29407.25,29389.75,29400.25,2455
1788193500,29400.5,29426.5,29399.75,29425.0,3089
1788193800,29425.0,29426.75,29408.0,29416.0,3479
1788194100,29416.25,29426.25,29395.25,29395.25,2332
1788194400,29396.25,29430.75,29394.25,29413.5,3053
1788194700,29413.25,29433.75,29409.5,29426.25,1858
1788195000,29426.25,29439.75,29421.75,29431.5,2599
1788195300,29431.5,29443.25,29431.0,29440.5,2000
1788195600,29440.0,29441.0,29423.0,29430.25,1903
1788195900,29429.25,29438.25,29417.75,29419.5,1684
1788196200,29419.25,29427.0,29415.25,29423.5,1696
1788196500,29423.75,29434.0,29411.25,29420.0,2066
1788196800,29419.0,29425.5,29413.75,29418.5,1336
1788197100,29418.5,29420.25,29393.25,29396.75,2230
1788197400,29396.75,29405.0,29388.25,29388.25,2751
1788197700,29388.5,29417.0,29388.0,29416.75,2343
1788198000,29416.25,29439.75,29414.75,29439.5,2867
1788198300,29439.75,29445.0,29430.75,29437.0,2223
1788198600,29437.0,29457.5,29436.0,29453.75,2708
1788198900,29453.0,29456.25,29432.5,29442.0,2252
1788199200,29442.0,29453.75,29422.25,29452.0,3591
1788199500,29451.0,29458.75,29442.5,29454.75,1868
1788199800,29455.5,29456.0,29442.25,29446.75,1504
1788200100,29446.75,29457.75,29444.75,29454.25,1337
1788200400,29454.25,29464.25,29444.5,29454.5,2076
1788200700,29453.5,29455.25,29437.25,29438.25,2047
1788201000,29438.0,29443.25,29422.25,29424.0,2043
1788201300,29423.75,29429.25,29391.5,29397.5,3973
1788201600,29397.25,29404.0,29382.5,29399.0,3384
1788201900,29399.75,29406.0,29390.5,29404.5,2303
1788202200,29404.5,29415.0,29396.0,29409.25,2075
1788202500,29408.75,29420.25,29400.25,29403.75,2212
1788202800,29404.5,29425.5,29404.5,29411.75,2267
1788203100,29412.0,29424.0,29403.5,29422.0,1789
1788203400,29421.5,29429.75,29414.75,29425.5,2306
1788203700,29425.5,29428.75,29417.25,29421.75,1616
1788204000,29421.75,29441.75,29419.0,29432.75,2629
1788204300,29432.75,29453.5,29427.75,29448.25,2836
1788204600,29447.75,29449.5,29430.5,29444.5,2540
1788204900,29444.5,29456.5,29439.75,29451.5,1997
1788205200,29451.5,29483.25,29447.25,29477.0,4930
1788205500,29476.75,29485.75,29458.5,29474.5,4324
1788205800,29474.5,29534.5,29474.5,29524.5,11071
1788206100,29524.0,29538.25,29498.0,29506.0,19334
1788206400,29506.5,29527.5,29503.75,29516.5,5359
1788206700,29516.75,29527.25,29514.0,29519.5,1376
1788207000,29520.75,29524.25,29508.0,29511.5,1098
1788207300,29511.5,29515.5,29509.0,29513.0,598
1788207600,29512.25,29512.25,29507.0,29510.5,418
1788207900,29510.75,29516.75,29509.5,29513.75,380
1788208200,29513.0,29516.0,29510.0,29514.75,334
1788208500,29515.0,29517.5,29513.25,29516.0,219
1788208800,29516.5,29520.5,29515.75,29516.75,420
1788209100,29516.75,29517.75,29507.5,29507.5,331
1788209400,29507.0,29517.5,29507.0,29517.0,344
1788209700,29516.75,29521.25,29513.75,29521.0,456
1788213600,29518.25,29522.5,29501.5,29506.25,0
1788213900,29507.75,29513.25,29501.25,29507.75,285
1788214200,29509.0,29510.75,29503.0,29507.75,283
1788214500,29507.0,29508.5,29498.5,29501.5,216
1788214800,29502.0,29503.75,29500.0,29503.75,77
1788215100,29504.5,29505.75,29500.75,29501.75,120
1788215400,29502.5,29506.5,29501.75,29505.5,188
1788215700,29503.5,29508.25,29502.5,29505.5,112
1788216000,29505.5,29506.25,29503.25,29505.0,50
1788216300,29505.0,29506.75,29492.0,29494.0,298
1788216600,29494.75,29496.25,29491.0,29491.75,223
1788216900,29492.0,29497.0,29492.0,29493.5,170
1788217200,29493.25,29505.0,29490.0,29492.25,339
1788217500,29493.0,29499.5,29492.0,29496.0,217
1788217800,29496.0,29498.75,29491.0,29496.0,184
1788218100,29495.75,29497.5,29490.0,29494.5,82
1788218400,29494.0,29495.75,29486.0,29489.5,237
1788218700,29489.75,29499.5,29488.25,29497.0,209
1788219000,29495.5,29513.5,29494.5,29507.75,492
1788219300,29507.5,29515.0,29493.5,29501.25,517
1788219600,29501.75,29512.25,29500.25,29510.25,287
1788219900,29509.75,29519.5,29501.5,29506.25,440
1788220200,29506.75,29511.0,29502.75,29503.75,153
1788220500,29503.75,29505.0,29496.5,29501.25,303
1788220800,29503.25,29516.25,29480.5,29501.0,1268
1788221100,29500.75,29521.75,29497.75,29517.75,855
1788221400,29516.5,29517.25,29486.75,29489.25,572
1788221700,29489.0,29513.0,29478.25,29513.0,1019
1788222000,29513.25,29518.75,29502.25,29504.0,557
1788222300,29504.0,29514.5,29495.75,29501.0,565
1788222600,29501.0,29520.5,29484.25,29491.75,883
1788222900,29491.5,29493.0,29486.0,29487.5,256
1788223200,29488.25,29507.75,29485.75,29501.75,566
1788223500,29503.5,29508.5,29492.5,29504.0,398
1788223800,29504.75,29506.5,29494.25,29498.25,234
1788224100,29498.25,29508.0,29491.75,29506.0,238
1788224400,29506.0,29514.25,29501.5,29510.75,629
1788224700,29510.25,29512.75,29491.5,29505.75,524
1788225000,29504.5,29514.0,29498.75,29512.25,397
1788225300,29512.0,29516.25,29508.0,29513.25,324
1788225600,29513.75,29516.25,29504.0,29508.25,351
1788225900,29507.0,29507.25,29477.0,29484.0,1187
1788226200,29483.0,29506.0,29475.0,29505.75,783
1788226500,29505.75,29515.5,29491.75,29499.75,1017
1788226800,29499.5,29508.5,29494.75,29508.25,329
1788227100,29508.75,29511.0,29502.0,29505.75,399
1788227400,29505.5,29506.5,29491.5,29491.5,256
1788227700,29492.5,29505.0,29490.5,29499.75,292
1788228000,29498.0,29502.75,29492.5,29496.75,223
1788228300,29496.0,29497.0,29482.25,29485.0,557
1788228600,29484.25,29484.25,29475.0,29481.0,497
1788228900,29480.5,29485.0,29476.5,29483.5,286
1788229200,29483.75,29486.5,29473.0,29476.5,349
1788229500,29475.5,29475.75,29452.75,29459.75,890
1788229800,29460.0,29472.5,29459.0,29462.75,647
1788230100,29461.75,29462.0,29440.0,29443.0,694
1788230400,29441.5,29444.75,29434.75,29439.0,557
1788230700,29438.75,29454.5,29436.25,29450.75,591
1788231000,29451.25,29458.25,29450.0,29456.25,304
1788231300,29456.5,29493.25,29455.25,29492.0,1086
1788231600,29491.5,29493.75,29471.25,29473.0,750
1788231900,29472.0,29480.0,29468.0,29472.5,312
1788232200,29471.5,29478.0,29467.5,29471.5,254
1788232500,29471.5,29476.5,29466.75,29471.25,156
1788232800,29470.5,29472.0,29464.5,29468.0,266
1788233100,29468.25,29474.0,29459.25,29464.25,500
1788233400,29465.5,29475.0,29461.25,29470.25,205
1788233700,29469.0,29481.5,29466.5,29477.0,206
1788234000,29476.5,29483.25,29473.75,29477.75,359
1788234300,29477.0,29486.75,29474.75,29485.0,212
1788234600,29485.5,29488.5,29479.75,29481.5,269
1788234900,29480.5,29483.5,29479.25,29482.75,86
1788235500,29485.0,29485.25,29481.0,29485.25,661
1788235800,29485.75,29492.75,29483.75,29489.0,174
1788236100,29488.25,29499.0,29487.5,29496.0,266
1788236400,29495.75,29500.5,29492.75,29496.25,264
1788236700,29496.5,29501.5,29485.5,29492.75,556
1788237000,29493.75,29503.0,29489.5,29494.5,324
1788237300,29494.5,29499.75,29487.75,29489.5,182
1788237600,29488.75,29491.5,29470.25,29471.25,412
1788237900,29471.25,29494.0,29467.0,29490.75,609
1788238200,29491.0,29493.0,29474.0,29476.25,396
1788238500,29476.0,29477.75,29466.0,29473.75,580
1788238800,29473.25,29474.5,29460.0,29470.75,461
1788239100,29472.75,29475.5,29470.25,29474.0,137
1788239400,29473.25,29475.75,29463.75,29464.25,194
1788239700,29464.5,29467.75,29452.0,29454.0,360
1788240000,29454.5,29464.5,29447.25,29463.25,414
1788240300,29463.25,29487.75,29462.0,29486.0,705
1788240600,29485.0,29503.25,29482.25,29496.5,882
1788240900,29496.0,29521.0,29492.0,29515.0,1445
1788241200,29515.75,29535.75,29515.75,29534.0,1132
1788241500,29534.25,29537.5,29525.25,29526.5,537
1788241800,29526.0,29543.5,29521.75,29542.25,734
1788242100,29542.0,29571.25,29542.0,29561.5,1274
1788242400,29561.75,29568.0,29540.5,29541.5,730
1788242700,29541.25,29558.0,29531.0,29545.75,977
1788243000,29545.25,29552.25,29541.0,29545.25,395
1788243300,29544.5,29547.0,29529.25,29538.0,533
1788243600,29539.0,29545.0,29525.75,29528.25,551
1788243900,29528.75,29536.75,29514.75,29517.5,574
1788244200,29516.5,29535.0,29513.75,29522.0,487
1788244500,29521.5,29537.5,29514.5,29537.25,395
1788244800,29537.0,29545.0,29532.5,29539.25,433
1788245100,29539.75,29540.25,29524.25,29528.5,288
1788245400,29529.0,29531.5,29523.75,29529.25,209
1788245700,29530.0,29531.75,29514.5,29515.75,440
1788246000,29515.5,29549.25,29512.25,29547.75,1004
1788246300,29547.75,29554.5,29534.0,29534.0,585
1788246600,29533.5,29555.5,29515.25,29553.5,1159
1788246900,29554.25,29556.75,29529.75,29541.0,550
1788247200,29541.25,29549.5,29528.25,29541.75,310
1788247500,29542.5,29554.75,29540.5,29545.0,330
1788247800,29546.75,29547.0,29515.75,29516.25,715
1788248100,29515.25,29515.25,29468.5,29468.5,1577
1788248400,29469.0,29476.0,29462.0,29464.0,803
1788248700,29463.0,29478.75,29439.0,29475.0,1288
1788249000,29473.5,29475.0,29454.0,29455.25,611
1788249300,29455.5,29458.75,29430.0,29436.25,1005
1788249600,29436.25,29445.25,29412.25,29430.5,1371
1788249900,29429.25,29449.0,29327.0,29337.0,4590
1788250200,29337.25,29361.25,29330.0,29348.75,1383
1788250500,29351.0,29358.5,29318.5,29330.75,1239
1788250800,29330.0,29335.0,29301.0,29306.0,1328
1788251100,29305.5,29319.25,29279.0,29285.5,2356
1788251400,29286.0,29312.0,29281.25,29308.5,1001
1788251700,29308.0,29309.75,29260.5,29267.25,1616
1788252000,29266.75,29279.0,29246.75,29257.5,1428
1788252300,29257.0,29273.0,29248.25,29257.5,869
1788252600,29257.0,29276.75,29248.25,29267.5,734
1788252900,29268.0,29279.75,29231.0,29235.25,1219
1788253200,29235.75,29243.25,29211.5,29222.25,1679
1788253500,29223.25,29229.5,29201.75,29211.75,1180
1788253800,29213.0,29221.75,29204.0,29207.75,652
1788254100,29206.75,29218.0,29195.75,29201.0,998
1788254400,29200.5,29206.5,29185.5,29196.0,1107
1788254700,29196.5,29201.75,29189.25,29197.0,489
1788255000,29199.0,29208.0,29193.75,29203.0,678
1788255300,29201.5,29206.5,29184.25,29187.0,679
1788255600,29186.75,29216.75,29184.25,29213.25,912
1788255900,29212.25,29228.0,29211.75,29219.75,676
1788256200,29219.0,29223.25,29213.75,29222.75,506
1788256500,29223.0,29224.75,29211.5,29212.5,448
1788256800,29212.5,29227.25,29201.25,29210.5,681
1788257100,29210.75,29221.75,29207.25,29208.25,346
1788257400,29208.75,29227.25,29205.0,29221.5,417
1788257700,29222.0,29229.25,29211.75,29219.0,439
1788258000,29220.0,29248.25,29217.5,29245.25,907
1788258300,29245.75,29248.75,29233.0,29237.5,557
1788258600,29237.75,29256.0,29235.75,29255.25,440
1788258900,29255.5,29257.75,29249.0,29250.0,408
1788259200,29250.0,29250.25,29227.0,29227.5,600
1788259500,29227.25,29243.0,29218.25,29223.5,1330
1788259800,29224.0,29224.75,29197.25,29213.5,930
1788260100,29212.5,29216.0,29208.5,29210.0,385
1788260400,29209.25,29213.25,29190.0,29204.5,1093
1788260700,29203.5,29203.5,29178.0,29198.0,1392
1788261000,29198.75,29204.75,29193.25,29200.75,527
1788261300,29200.5,29211.75,29199.0,29207.75,662
1788261600,29207.75,29216.75,29196.75,29200.5,555
1788261900,29200.5,29212.0,29196.25,29208.75,549
1788262200,29207.75,29225.75,29205.75,29212.5,971
1788262500,29212.5,29236.25,29210.75,29235.75,644
1788262800,29235.0,29238.0,29226.0,29226.25,561
1788263100,29228.25,29228.5,29205.25,29208.5,882
1788263400,29208.5,29217.5,29198.0,29199.0,701
1788263700,29199.25,29199.75,29167.75,29172.5,1479
1788264000,29171.5,29179.5,29157.5,29174.25,1566
1788264300,29173.75,29176.25,29154.5,29158.75,1274
1788264600,29159.0,29167.0,29153.75,29165.5,888
1788264900,29164.75,29173.0,29146.25,29148.25,1632
1788265200,29148.25,29161.75,29137.5,29156.0,1717
1788265500,29156.75,29171.5,29150.75,29170.5,985
1788265800,29169.75,29170.5,29140.75,29149.5,1559
1788266100,29149.0,29154.5,29126.25,29138.75,1946
1788266400,29138.0,29141.25,29123.25,29129.5,1640
1788266700,29129.5,29153.0,29123.75,29127.0,1689
1788267000,29127.25,29138.0,29124.5,29131.25,1102
1788267300,29131.75,29134.5,29122.25,29125.75,1018
1788267600,29125.75,29126.25,29095.0,29099.25,3361
1788267900,29099.0,29104.5,29087.0,29098.5,2738
1788268200,29098.25,29104.25,29089.25,29093.0,1746
1788268500,29093.0,29100.0,29084.25,29097.25,1708
1788268800,29097.0,29114.5,29095.0,29112.5,2053
1788269100,29113.0,29122.75,29100.0,29112.25,3518
1788269400,29111.75,29124.75,29062.75,29099.0,19223
1788269700,29099.25,29140.5,29060.25,29071.75,13922
1788270000,29071.0,29096.75,29040.25,29083.75,11642
1788270300,29084.0,29144.25,29074.75,29143.25,11108
1788270600,29143.0,29158.0,29106.0,29124.0,8037
1788270900,29124.5,29130.0,29092.0,29105.0,6086
1788271200,29106.0,29138.25,29085.25,29104.5,8950
1788271500,29104.5,29161.75,29104.25,29154.0,6775
1788271800,29153.25,29160.0,29116.0,29133.25,6312
1788272100,29133.5,29174.25,29132.0,29145.25,7481
1788272400,29145.25,29179.5,29145.25,29160.75,5509
1788272700,29161.25,29178.0,29154.5,29165.25,4224
1788273000,29165.25,29213.25,29162.25,29209.75,6772
1788273300,29210.0,29215.0,29196.5,29208.5,5144
1788273600,29209.25,29235.0,29204.75,29234.0,5235
1788273900,29234.0,29268.0,29224.25,29246.0,6624
1788274200,29246.25,29247.0,29218.5,29222.0,6291
1788274500,29222.25,29229.75,29207.0,29228.0,5072
1788274800,29228.5,29241.5,29200.5,29211.5,5052
1788275100,29211.75,29216.0,29180.5,29181.75,5114
1788275400,29181.5,29200.0,29180.25,29183.75,3781
1788275700,29183.0,29204.5,29178.25,29199.0,3370
1788276000,29199.0,29217.5,29186.25,29216.25,3613
1788276300,29215.5,29233.25,29207.75,29232.5,3212
1788276600,29232.25,29245.25,29224.25,29232.75,4611
1788276900,29232.5,29269.5,29229.0,29267.0,4910
1788277200,29266.75,29291.25,29266.25,29287.75,5355
1788277500,29287.75,29317.75,29286.0,29312.0,6191
1788277800,29312.75,29316.75,29295.25,29310.0,4227
1788278100,29309.25,29311.25,29289.0,29296.25,3435
1788278400,29295.5,29300.75,29276.5,29279.75,3866
1788278700,29279.25,29283.0,29256.25,29260.25,3967
1788279000,29260.25,29265.75,29232.0,29232.25,3983
1788279300,29232.75,29236.25,29202.25,29204.0,5195
1788279600,29204.75,29209.75,29170.5,29195.5,8738
1788279900,29195.25,29202.5,29162.75,29176.75,6368
1788280200,29177.0,29184.5,29131.25,29134.75,6623
1788280500,29135.0,29164.0,29133.75,29163.25,4753
1788280800,29164.0,29168.75,29136.0,29138.0,4390
1788281100,29137.75,29162.0,29133.0,29161.75,2949
1788281400,29161.75,29167.25,29151.75,29162.5,2457
1788281700,29164.0,29197.25,29163.5,29191.75,4140
1788282000,29191.25,29191.75,29149.5,29151.0,3713
1788282300,29150.0,29159.0,29138.75,29147.25,2811
1788282600,29147.75,29165.5,29140.25,29156.25,2889
1788282900,29156.25,29163.75,29133.75,29141.0,2986
1788283200,29141.5,29150.25,29131.75,29139.25,2489
1788283500,29140.0,29146.25,29100.5,29141.75,5394
1788283800,29143.0,29159.0,29137.75,29152.25,2907
1788284100,29152.0,29161.75,29140.5,29143.75,2140
1788284400,29143.25,29158.75,29141.5,29151.5,1534
1788284700,29151.5,29153.25,29122.5,29123.5,3102
1788285000,29122.5,29138.75,29117.75,29124.5,2427
1788285300,29124.5,29142.75,29119.0,29140.75,1959
1788285600,29139.75,29151.5,29120.5,29124.75,2798
1788285900,29124.25,29124.25,29111.5,29120.5,2183
1788286200,29120.75,29126.0,29101.25,29102.25,2507
1788286500,29102.5,29117.25,29090.25,29111.0,4015
1788286800,29111.75,29118.5,29104.75,29115.5,1921
1788287100,29115.25,29115.75,29085.25,29094.25,3147
1788287400,29094.5,29097.25,29067.75,29072.5,4047
1788287700,29072.25,29080.0,29058.0,29060.0,3174
1788288000,29060.75,29064.5,29014.25,29014.5,6024
1788288300,29015.0,29042.5,29002.0,29041.75,7067
1788288600,29042.25,29051.5,29033.25,29047.75,3207
1788288900,29048.0,29081.25,29044.5,29076.0,4526
1788289200,29075.5,29104.75,29070.5,29098.75,4136
1788289500,29099.75,29108.0,29088.5,29102.75,2841
1788289800,29103.0,29121.5,29098.75,29120.0,3604
1788290100,29120.0,29125.5,29108.5,29116.0,3153
1788290400,29115.75,29124.75,29103.75,29117.25,2692
1788290700,29117.0,29129.25,29110.5,29127.25,2730
1788291000,29126.75,29128.25,29093.0,29119.25,3981
1788291300,29119.0,29124.5,29103.25,29103.75,2328
1788291600,29103.75,29123.25,29098.25,29117.75,2789
1788291900,29118.0,29141.0,29112.75,29132.75,4923
1788292200,29132.0,29132.5,29086.0,29103.75,7277
1788292500,29104.0,29131.25,29096.25,29126.0,16833
1788292800,29126.0,29158.0,29118.0,29131.25,6788
1788293100,29130.75,29145.0,29113.5,29128.75,3039
1788293400,29129.0,29137.0,29120.25,29135.0,1336
1788293700,29135.0,29157.25,29134.25,29156.25,1318
1788294000,29156.0,29159.0,29149.25,29150.25,717
1788294300,29150.5,29154.0,29136.5,29136.75,516
1788294600,29136.0,29143.5,29133.5,29134.5,455
1788294900,29135.75,29140.5,29135.5,29137.5,246
1788295200,29137.25,29155.25,29130.25,29147.25,701
1788295500,29146.0,29147.5,29138.0,29141.75,387
1788295800,29140.75,29146.25,29134.75,29137.0,391
1788296100,29137.25,29142.25,29130.75,29139.0,570
1788300000,29136.5,29149.0,29117.0,29122.75,0
1788300300,29120.25,29121.5,29110.75,29113.25,385
1788300600,29113.5,29113.75,29107.75,29110.0,220
1788300900,29110.5,29114.5,29106.75,29109.5,296
1788301200,29109.0,29113.25,29102.25,29111.5,203
1788301500,29112.0,29126.0,29107.0,29113.75,483
1788301800,29114.75,29121.0,29112.5,29116.75,177
1788302100,29116.5,29121.0,29111.0,29116.75,209
1788302400,29116.75,29118.75,29111.75,29117.25,155
1788302700,29116.75,29138.5,29114.25,29133.5,434
1788303000,29134.5,29139.0,29130.0,29134.0,333
1788303300,29132.25,29138.0,29126.25,29132.0,209
1788303600,29129.75,29135.5,29128.5,29130.5,141
1788303900,29130.75,29133.5,29129.25,29129.5,115
1788304200,29129.0,29133.25,29128.5,29129.0,78
1788304500,29129.25,29132.25,29127.0,29130.5,112
1788304800,29128.75,29139.0,29119.0,29131.75,468
1788305100,29131.5,29137.25,29129.75,29136.5,243
1788305400,29137.5,29144.75,29133.25,29135.5,308
1788305700,29135.5,29141.0,29134.25,29134.25,148
1788306000,29134.0,29144.75,29133.0,29140.25,241
1788306300,29141.75,29148.25,29134.0,29140.5,359
1788306600,29141.25,29143.75,29136.0,29139.75,199
1788306900,29139.25,29140.0,29131.25,29134.5,190
1788307200,29135.75,29144.75,29126.0,29127.0,706
1788307500,29128.0,29135.0,29106.0,29126.0,1019
1788307800,29124.75,29140.25,29118.75,29130.75,721
1788308100,29128.0,29153.25,29127.75,29135.25,1003
1788308400,29136.5,29170.0,29132.5,29147.25,1359
1788308700,29148.25,29149.0,29123.25,29126.0,656
1788309000,29127.75,29148.75,29119.0,29122.5,777
1788309300,29123.0,29140.25,29122.75,29129.25,376
1788309600,29128.75,29142.5,29114.5,29140.25,657
1788309900,29139.0,29145.0,29132.0,29134.5,500
1788310200,29132.25,29133.5,29118.25,29119.0,369
1788310500,29119.5,29126.75,29102.0,29104.0,633
1788310800,29103.25,29127.25,29097.25,29121.5,1259
1788311100,29121.5,29122.25,29099.0,29103.5,789
1788311400,29103.75,29107.5,29086.75,29097.75,697
1788311700,29097.75,29118.5,29094.75,29107.5,845
1788312000,29107.0,29125.75,29099.5,29124.25,599
1788312300,29124.0,29129.5,29108.5,29115.0,521
1788312600,29115.75,29122.75,29105.0,29122.25,458
1788312900,29122.75,29122.75,29085.75,29086.75,805
1788313200,29086.5,29091.5,29070.5,29074.75,1241
1788313500,29074.25,29078.5,29058.5,29064.25,795
1788313800,29062.0,29065.5,29047.75,29058.0,1001
1788314100,29058.25,29078.0,29055.0,29075.5,710
1788314400,29075.5,29077.0,29051.0,29053.75,663
1788314700,29055.5,29059.5,29044.5,29048.75,551
1788315000,29048.75,29068.25,29047.5,29065.0,516
1788315300,29066.5,29091.0,29066.5,29088.0,713
1788315600,29089.0,29100.0,29077.75,29091.75,765
1788315900,29092.0,29098.0,29083.75,29085.5,291
1788316200,29084.5,29084.75,29069.75,29072.0,493
1788316500,29072.5,29077.0,29061.75,29068.0,344
1788316800,29069.0,29083.75,29069.0,29082.75,394
1788317100,29083.25,29091.25,29081.25,29090.25,409
1788317400,29089.75,29092.25,29077.25,29080.75,295
1788317700,29081.25,29085.25,29074.5,29084.25,273
1788318000,29086.5,29089.25,29071.25,29072.5,368
1788318300,29071.5,29078.5,29058.75,29078.25,618
1788318600,29079.0,29089.5,29076.75,29083.25,315
1788318900,29083.0,29084.0,29070.0,29074.25,267
1788319200,29074.5,29078.75,29068.0,29072.75,187
1788319500,29074.25,29079.5,29069.0,29069.0,193
1788319800,29070.25,29071.25,29053.75,29060.25,410
1788320100,29059.25,29073.0,29055.5,29070.5,287
1788320400,29070.25,29071.25,29055.0,29056.0,367
1788320700,29057.75,29065.0,29054.5,29054.5,176
1788321000,29054.25,29056.75,29046.25,29056.75,330
1788321300,29056.0,29056.25,29047.5,29054.0,170
1788321900,29054.75,29055.0,29041.0,29044.5,871
1788322200,29044.0,29048.5,29035.5,29047.25,345
1788322500,29045.75,29062.75,29044.25,29060.0,315
1788322800,29060.0,29061.5,29046.25,29052.0,254
1788323100,29051.75,29058.75,29048.0,29051.0,217
1788323400,29051.25,29062.5,29048.0,29057.0,303
1788323700,29057.25,29058.0,29048.5,29050.25,213
1788324000,29050.25,29058.25,29047.75,29054.0,173
1788324300,29054.75,29065.0,29051.0,29056.5,395
1788324600,29058.0,29061.5,29056.0,29059.75,171
1788324900,29059.0,29062.5,29054.5,29058.25,166
1788325200,29059.0,29061.0,29040.5,29044.0,382
1788325500,29043.0,29049.25,29037.5,29039.0,257
1788325800,29040.25,29071.75,29040.25,29066.25,432
1788326100,29067.25,29088.25,29063.75,29079.75,692
1788326400,29082.0,29086.0,29068.75,29083.75,593
1788326700,29083.5,29092.0,29081.75,29091.25,360
1788327000,29092.0,29104.25,29086.0,29087.25,632
1788327300,29085.0,29088.5,29071.0,29071.0,432
1788327600,29071.75,29101.0,29070.5,29099.25,389
1788327900,29099.75,29101.5,29093.0,29095.25,224
1788328200,29095.25,29096.5,29062.5,29064.5,534
1788328500,29064.5,29078.0,29063.0,29073.0,307
1788328800,29072.25,29080.5,29043.0,29045.25,869
1788329100,29047.25,29054.0,29040.25,29051.0,449
1788329400,29050.25,29057.0,29042.75,29049.25,371
1788329700,29050.0,29052.5,29025.25,29028.5,622
1788330000,29027.0,29035.75,29025.25,29035.75,400
1788330300,29035.25,29055.0,29020.5,29023.5,720
1788330600,29023.0,29032.75,29016.5,29031.5,625
1788330900,29031.5,29074.75,29029.0,29074.25,856
1788331200,29074.25,29098.25,29069.0,29073.75,889
1788331500,29073.5,29073.75,29061.25,29066.0,448
1788331800,29065.75,29068.5,29053.0,29054.5,362
1788332100,29053.25,29080.0,29051.0,29077.25,460
1788332400,29077.0,29105.75,29065.5,29101.0,933
1788332700,29100.75,29114.0,29096.0,29109.75,659
1788333000,29110.25,29120.75,29099.75,29103.25,693
1788333300,29103.5,29117.0,29099.75,29113.75,406
1788333600,29113.5,29113.75,29097.25,29100.0,372
1788333900,29100.25,29101.0,29075.75,29094.5,872
1788334200,29094.25,29101.0,29080.0,29087.5,565
1788334500,29086.5,29090.0,29071.75,29073.5,359
1788334800,29073.0,29085.25,29064.75,29070.75,437
1788335100,29070.75,29074.5,29060.75,29063.75,390
1788335400,29062.5,29075.25,29050.0,29069.0,479
1788335700,29067.5,29078.25,29061.75,29061.75,410
1788336000,29062.25,29096.5,29052.5,29095.25,1020
1788336300,29094.5,29097.25,29066.25,29075.0,486
1788336600,29074.75,29087.25,29068.75,29073.75,359
1788336900,29073.75,29088.0,29056.0,29056.75,440
1788337200,29057.5,29062.25,29039.75,29047.0,579
1788337500,29046.0,29060.75,29041.25,29053.5,332
1788337800,29052.75,29068.75,29046.25,29049.5,530
1788338100,29049.5,29057.25,29035.5,29048.25,472
1788338400,29047.25,29055.0,29031.5,29035.75,473
1788338700,29036.5,29037.25,29020.75,29023.0,403
1788339000,29022.5,29025.0,28955.75,28964.0,2060
1788339300,28964.25,28983.75,28954.5,28977.75,974
1788339600,28977.25,29017.0,28973.75,29010.0,1174
1788339900,29010.0,29027.5,28997.0,29001.5,707
1788340200,29000.75,29008.0,28969.0,28969.25,623
1788340500,28971.25,28995.0,28968.75,28990.75,619
1788340800,28989.75,28989.75,28955.0,28968.0,917
1788341100,28967.5,28981.75,28962.75,28978.25,488
1788341400,28978.25,28981.5,28946.25,28954.5,1212
1788341700,28953.5,28958.0,28940.5,28948.0,711
1788342000,28949.75,28958.75,28946.0,28948.75,374
1788342300,28948.75,28960.75,28947.5,28957.25,382
1788342600,28956.25,28966.0,28953.25,28957.5,301
1788342900,28959.5,28974.5,28959.0,28973.25,540
1788343200,28972.75,28979.5,28950.0,28950.0,639
1788343500,28950.25,28960.25,28947.25,28952.75,536
1788343800,28952.5,28978.75,28952.0,28978.0,519
1788344100,28978.0,28983.0,28972.0,28977.25,360
1788344400,28977.0,28985.75,28971.5,28976.0,313
1788344700,28976.25,28996.0,28976.25,28985.75,732
1788345000,28985.5,28989.25,28964.25,28975.0,593
1788345300,28975.5,28982.75,28963.25,28966.0,421
1788345600,28965.5,28969.75,28961.0,28966.5,334
1788345900,28966.0,28977.25,28962.5,28977.0,291
1788346200,28977.5,28978.25,28958.0,28972.75,389
1788346500,28973.25,28988.75,28969.75,28988.0,449
1788346800,28987.75,28989.5,28927.25,28936.25,2165
1788347100,28935.5,28992.75,28927.5,28980.5,1708
1788347400,28979.5,29021.75,28969.75,29016.5,1667
1788347700,29014.25,29025.0,28992.5,29008.0,1560
1788348000,29008.75,29017.25,28996.5,29016.25,554
1788348300,29015.25,29035.75,29011.5,29023.0,913
1788348600,29025.25,29055.0,29019.0,29051.0,900
1788348900,29052.5,29059.5,29045.5,29050.75,803
1788349200,29050.75,29051.75,29027.0,29029.75,933
1788349500,29029.75,29035.5,29022.75,29025.25,473
1788349800,29025.75,29047.5,29022.5,29039.25,724
1788350100,29039.75,29084.5,29037.25,29084.5,1436
1788350400,29083.75,29089.0,29074.5,29086.75,1075
1788350700,29086.0,29108.5,29085.25,29091.25,1762
1788351000,29091.5,29124.0,29081.25,29121.5,1635
1788351300,29121.5,29124.25,29094.75,29099.0,1229
1788351600,29098.5,29149.5,29095.0,29127.5,2724
1788351900,29127.25,29135.75,29102.25,29108.0,1213
1788352200,29107.0,29110.25,29079.75,29087.25,1544
1788352500,29087.5,29091.0,29067.25,29077.5,1097
1788352800,29077.25,29083.0,29067.75,29069.75,734
1788353100,29069.0,29071.25,29055.25,29056.25,897
1788353400,29056.25,29059.0,29039.25,29042.25,962
1788353700,29042.25,29044.0,29032.75,29040.0,1264
1788354000,29040.25,29059.0,29037.75,29054.5,1609
1788354300,29054.25,29070.0,29049.75,29063.5,1246
1788354600,29062.0,29070.5,29059.25,29067.5,719
1788354900,29068.5,29080.0,29064.25,29075.0,903
1788355200,29075.25,29092.5,29071.75,29089.75,1252
1788355500,29088.75,29115.25,29078.25,29098.5,3491
1788355800,29098.5,29102.75,29042.75,29083.75,15615
1788356100,29083.75,29090.5,29036.5,29086.75,9971
1788356400,29087.0,29119.0,29075.25,29091.0,8364
1788356700,29090.25,29112.5,29041.75,29047.5,8808
1788357000,29048.0,29072.5,29025.25,29029.75,8055
1788357300,29030.25,29067.75,29017.25,29062.25,8180
1788357600,29061.75,29084.0,29032.25,29082.25,8196
1788357900,29083.25,29114.25,29079.75,29096.0,7067
1788358200,29096.0,29128.25,29088.0,29127.25,7464
1788358500,29127.75,29163.5,29119.25,29160.5,8140
1788358800,29160.5,29188.5,29149.25,29173.25,7699
1788359100,29173.0,29193.0,29160.25,29187.25,5734
1788359400,29187.0,29206.25,29172.25,29204.5,6391
1788359700,29205.0,29213.0,29168.5,29185.75,5520
1788360000,29186.25,29203.0,29179.0,29201.5,4643
1788360300,29201.75,29202.5,29146.0,29160.75,4758
1788360600,29160.25,29160.5,29121.75,29130.25,5532
1788360900,29130.0,29140.75,29111.25,29120.25,4587
1788361200,29119.5,29147.75,29106.25,29139.25,6392
1788361500,29139.0,29154.5,29127.5,29153.75,4388
1788361800,29153.75,29168.5,29140.0,29158.25,4856
1788362100,29158.0,29189.25,29151.75,29183.75,4105
1788362400,29184.0,29188.0,29167.25,29178.5,3169
1788362700,29178.75,29208.5,29177.5,29205.25,3698
1788363000,29205.0,29208.5,29188.5,29192.25,3798
1788363300,29192.25,29202.5,29171.5,29179.75,4383
1788363600,29178.25,29188.25,29174.0,29182.25,2884
1788363900,29182.25,29183.75,29141.0,29142.5,3914
1788364200,29142.5,29166.0,29136.0,29151.25,3800
1788364500,29151.25,29190.75,29141.0,29185.25,3706
1788364800,29184.5,29197.0,29173.5,29195.5,2904
1788365100,29195.75,29198.5,29184.0,29188.75,2024
1788365400,29188.0,29195.0,29182.25,29186.75,1813
1788365700,29186.5,29186.75,29159.25,29169.5,2490
1788366000,29170.25,29176.25,29157.25,29161.0,2238
1788366300,29160.25,29167.75,29142.25,29151.75,2288
1788366600,29151.5,29175.25,29149.25,29161.5,3098
1788366900,29161.5,29173.25,29156.0,29157.25,1714
1788367200,29157.5,29159.5,29138.25,29139.0,2234
1788367500,29138.5,29151.25,29138.5,29147.5,1744
1788367800,29148.0,29167.5,29137.0,29164.5,2324
1788368100,29164.75,29168.25,29148.5,29155.0,1897
1788368400,29154.75,29182.5,29154.75,29174.0,2423
1788368700,29173.25,29178.0,29127.0,29131.0,3363
1788369000,29131.0,29153.0,29129.5,29145.25,2520
1788369300,29145.0,29146.75,29125.25,29131.0,2140
1788369600,29131.5,29152.25,29126.5,29146.0,2629
1788369900,29145.75,29154.5,29141.0,29150.75,1843
1788370200,29150.5,29155.25,29132.75,29132.75,2249
1788370500,29133.0,29140.5,29130.25,29135.0,1571
1788370800,29135.0,29158.75,29127.5,29158.75,3329
1788371100,29159.0,29173.75,29157.25,29158.75,2949
1788371400,29159.5,29164.75,29151.0,29157.0,1857
1788371700,29156.5,29168.75,29142.5,29158.75,2491
1788372000,29159.5,29161.5,29135.75,29158.5,2890
1788372300,29158.25,29166.0,29146.0,29150.5,2080
1788372600,29150.0,29153.75,29137.75,29147.0,2230
1788372900,29146.75,29199.75,29143.25,29173.25,4834
1788373200,29172.5,29176.5,29160.5,29170.5,2524
1788373500,29170.75,29174.0,29155.0,29159.25,1965
1788373800,29159.25,29175.0,29156.75,29158.25,2195
1788374100,29158.25,29165.0,29138.75,29141.25,2380
1788374400,29140.75,29143.5,29131.5,29136.75,2184
1788374700,29136.0,29152.75,29130.25,29149.5,2371
1788375000,29149.5,29154.25,29134.25,29139.75,1855
1788375300,29140.5,29153.0,29138.0,29145.5,1657
1788375600,29145.75,29156.0,29139.0,29150.0,2027
1788375900,29150.25,29166.5,29148.0,29166.0,1804
1788376200,29166.25,29172.0,29160.25,29165.5,1990
1788376500,29166.25,29170.5,29157.0,29170.25,1830
1788376800,29170.0,29170.25,29151.25,29156.75,1935
1788377100,29156.75,29170.75,29150.0,29167.25,1836
1788377400,29167.25,29175.0,29160.25,29171.25,2414
1788377700,29171.25,29172.25,29155.25,29160.25,2325
1788378000,29160.75,29177.5,29159.0,29175.0,1735
1788378300,29175.25,29187.5,29173.5,29184.25,2987
1788378600,29183.75,29197.25,29170.5,29192.0,4414
1788378900,29192.25,29194.75,29171.0,29190.25,10508
1788379200,29190.5,29202.25,29187.75,29198.5,3488
1788379500,29197.75,29212.0,29194.75,29199.0,1549
1788379800,29199.5,29205.5,29187.5,29194.25,1246
1788380100,29192.0,29193.75,29139.75,29150.25,3137
1788380400,29151.25,29163.75,29146.25,29157.75,908
1788380700,29158.0,29166.75,29154.0,29156.25,568
1788381000,29156.0,29160.5,29150.75,29160.5,365
1788381300,29160.0,29160.0,29152.5,29153.5,316
1788381600,29154.0,29163.25,29147.5,29148.0,738
1788381900,29147.75,29162.25,29146.5,29161.0,457
1788382200,29160.25,29164.0,29155.0,29163.0,298
1788382500,29163.25,29164.0,29139.25,29141.0,680
1788386400,29177.0,29183.75,29148.0,29162.75,0
1788386700,29163.0,29163.0,29150.5,29159.0,248
1788387000,29160.0,29188.75,29156.75,29185.75,583
1788387300,29184.75,29189.0,29178.0,29185.25,525
1788387600,29186.5,29208.75,29186.5,29203.75,527
1788387900,29203.75,29203.75,29192.5,29196.0,300
1788388200,29196.0,29199.25,29193.25,29194.75,193
1788388500,29195.0,29200.5,29192.0,29197.75,251
1788388800,29197.0,29203.0,29192.5,29196.0,242
1788389100,29195.25,29195.5,29181.5,29182.75,339
1788389400,29182.0,29185.0,29178.25,29180.25,231
1788389700,29181.0,29185.75,29180.0,29180.5,142
1788390000,29180.75,29188.75,29180.75,29184.0,253
1788390300,29185.5,29187.0,29178.75,29179.5,238
1788390600,29179.5,29186.75,29170.75,29171.75,450
1788390900,29172.75,29173.25,29167.5,29170.75,240
1788391200,29170.5,29173.75,29167.5,29173.75,344
1788391500,29173.75,29180.0,29173.0,29179.0,255
1788391800,29180.0,29186.0,29175.25,29179.5,266
1788392100,29179.25,29187.25,29175.0,29184.0,183
1788392400,29184.75,29188.25,29183.25,29188.25,146
1788392700,29188.0,29213.0,29187.5,29205.0,1221
1788393000,29205.0,29211.75,29203.25,29205.25,352
1788393300,29203.5,29208.25,29200.25,29201.25,284
1788393600,29200.75,29201.75,29182.25,29189.75,785
1788393900,29188.75,29194.75,29172.25,29177.0,673
1788394200,29178.75,29188.5,29165.75,29169.25,676
1788394500,29166.75,29168.25,29147.5,29150.25,1013
1788394800,29150.5,29156.5,29141.0,29153.75,519
1788395100,29154.5,29164.0,29151.0,29156.25,518
1788395400,29155.75,29161.75,29146.0,29150.0,402
1788395700,29151.25,29162.0,29148.75,29158.25,233
1788396000,29157.75,29161.0,29150.0,29156.5,272
1788396300,29155.75,29158.75,29149.5,29156.25,276
1788396600,29157.75,29161.75,29152.25,29157.0,146
1788396900,29157.5,29158.75,29146.75,29151.0,276
1788397200,29150.75,29173.0,29147.75,29172.0,459
1788397500,29173.0,29186.75,29170.0,29176.5,863
1788397800,29175.75,29185.25,29163.25,29183.25,557
1788398100,29182.5,29200.75,29181.25,29195.75,705
1788398400,29194.25,29199.25,29166.25,29167.75,663
1788398700,29167.0,29177.5,29156.5,29174.75,779
1788399000,29176.75,29198.5,29171.0,29198.5,834
1788399300,29198.25,29199.25,29175.5,29177.5,584
1788399600,29178.0,29181.0,29167.75,29169.0,319
1788399900,29169.0,29175.75,29156.5,29175.25,655
1788400200,29175.5,29175.5,29151.0,29158.0,517
1788400500,29157.0,29158.0,29136.25,29137.5,668
1788400800,29136.75,29153.5,29132.75,29147.25,586
1788401100,29148.0,29166.25,29146.25,29165.5,554
1788401400,29164.75,29188.0,29164.0,29182.5,867
1788401700,29182.75,29195.0,29177.5,29192.0,492
1788402000,29192.5,29193.75,29176.5,29180.75,527
1788402300,29180.75,29190.5,29173.0,29188.5,420
1788402600,29186.5,29199.0,29184.25,29191.75,354
1788402900,29191.5,29191.75,29180.0,29184.75,355
1788403200,29183.5,29184.5,29168.75,29173.0,290
1788403500,29173.25,29186.0,29167.5,29185.0,410
1788403800,29185.5,29188.5,29178.0,29181.25,287
1788404100,29181.25,29186.5,29179.25,29180.75,128
1788404400,29182.25,29197.0,29179.5,29194.75,302
1788404700,29194.0,29198.25,29188.0,29194.5,334
1788405000,29194.5,29204.5,29194.5,29203.25,378
1788405300,29204.25,29234.0,29202.25,29228.5,1405
1788405600,29228.25,29231.25,29212.25,29215.75,469
1788405900,29216.5,29229.25,29213.0,29219.75,461
1788406200,29220.75,29233.0,29217.75,29224.75,325
1788406500,29221.0,29228.5,29218.0,29227.5,212
1788406800,29228.0,29233.75,29225.5,29227.5,291
1788407100,29227.0,29236.0,29220.25,29230.25,408
1788407400,29230.75,29239.5,29230.75,29237.25,292
1788407700,29237.5,29243.0,29231.0,29232.0,255
1788408300,29245.5,29250.75,29245.25,29249.75,869
1788408600,29251.0,29255.0,29237.75,29247.0,362
1788408900,29247.0,29249.25,29243.25,29244.75,254
1788409200,29244.0,29246.0,29233.75,29242.0,284
1788409500,29242.25,29246.75,29227.25,29227.75,249
1788409800,29227.75,29236.25,29226.5,29233.25,333
1788410100,29231.75,29235.0,29219.5,29223.25,440
1788410400,29223.0,29226.0,29214.75,29219.25,347
1788410700,29218.75,29229.0,29217.25,29222.25,296
1788411000,29221.5,29223.75,29215.5,29216.75,146
1788411300,29216.5,29217.75,29204.5,29207.5,347
1788411600,29207.25,29208.5,29176.5,29176.5,883
1788411900,29177.5,29179.25,29157.0,29162.25,837
1788412200,29161.5,29167.5,29140.75,29149.0,943
1788412500,29147.75,29148.5,29105.75,29110.0,2139
1788412800,29109.5,29115.75,29075.0,29092.5,2268
1788413100,29093.75,29110.0,29076.25,29104.0,1341
1788413400,29102.75,29140.0,29098.25,29139.25,1725
1788413700,29139.25,29148.0,29118.5,29138.0,1139
1788414000,29138.5,29152.0,29122.0,29143.0,887
1788414300,29143.0,29169.5,29127.5,29169.25,941
1788414600,29169.0,29188.5,29163.5,29174.0,1074
1788414900,29174.5,29188.75,29171.25,29188.75,488
1788415200,29188.5,29197.0,29175.0,29192.0,1071
1788415500,29192.0,29203.25,29176.25,29177.25,753
1788415800,29177.25,29178.0,29162.75,29170.0,634
1788416100,29169.0,29180.25,29167.0,29172.0,383
1788416400,29170.25,29179.0,29164.5,29165.75,379
1788416700,29165.5,29179.75,29161.0,29177.25,541
1788417000,29177.0,29187.5,29165.5,29180.5,611
1788417300,29180.25,29186.5,29164.0,29178.0,522
1788417600,29175.0,29184.5,29175.0,29181.5,335
1788417900,29182.0,29182.75,29169.25,29175.5,277
1788418200,29174.25,29174.25,29166.0,29167.75,212
1788418500,29167.5,29176.5,29159.5,29174.25,407
1788418800,29173.25,29206.75,29160.0,29206.25,1071
1788419100,29207.0,29233.0,29193.75,29196.75,1245
1788419400,29195.75,29205.5,29189.5,29205.5,432
1788419700,29204.75,29207.0,29193.75,29203.5,306
1788420000,29201.25,29211.5,29200.0,29207.75,332
1788420300,29207.0,29211.0,29178.5,29203.25,817
1788420600,29202.5,29217.25,29192.0,29215.5,511
1788420900,29216.0,29229.0,29201.25,29227.0,601
1788421200,29227.0,29245.5,29221.75,29241.25,851
1788421500,29240.75,29240.75,29192.0,29193.25,819
1788421800,29193.75,29223.25,29182.75,29221.75,692
1788422100,29220.0,29223.75,29209.75,29220.25,284
1788422400,29220.25,29278.75,29213.25,29257.75,2932
1788422700,29258.25,29292.75,29240.5,29244.75,2275
1788423000,29246.0,29266.75,29240.75,29247.25,1326
1788423300,29247.0,29250.0,29233.75,29248.25,901
1788423600,29246.5,29253.25,29232.75,29242.0,637
1788423900,29241.0,29264.0,29238.75,29256.0,876
1788424200,29257.25,29257.25,29239.0,29243.5,679
1788424500,29243.5,29250.75,29227.0,29227.75,541
1788424800,29227.25,29238.25,29226.75,29228.25,378
1788425100,29229.5,29235.0,29223.25,29233.0,359
1788425400,29232.5,29232.5,29215.0,29226.25,461
1788425700,29226.0,29229.0,29215.0,29216.25,313
1788426000,29218.5,29224.75,29212.75,29219.25,421
1788426300,29219.25,29222.25,29211.0,29220.25,280
1788426600,29221.5,29225.75,29212.0,29223.5,372
1788426900,29223.5,29224.0,29204.0,29212.25,343
1788427200,29212.5,29215.5,29194.25,29197.25,525
1788427500,29196.75,29203.0,29187.75,29187.75,365
1788427800,29187.25,29198.0,29179.75,29187.5,541
1788428100,29188.25,29190.0,29173.25,29177.5,349
1788428400,29177.75,29179.25,29169.25,29176.75,441
1788428700,29176.25,29176.25,29149.25,29154.0,765
1788429000,29154.0,29166.5,29145.5,29145.5,585
1788429300,29148.5,29150.0,29126.5,29137.75,784
1788429600,29138.0,29154.25,29135.0,29150.25,744
1788429900,29149.5,29158.5,29141.0,29142.5,524
1788430200,29141.75,29143.75,29120.25,29124.75,767
1788430500,29125.5,29134.25,29121.0,29128.0,618
1788430800,29128.25,29131.75,29122.25,29122.25,324
1788431100,29122.5,29133.25,29119.25,29127.5,867
1788431400,29127.0,29140.0,29117.25,29121.0,565
1788431700,29120.75,29125.25,29105.5,29120.0,631
1788432000,29120.5,29134.25,29117.25,29128.25,432
1788432300,29128.0,29128.75,29108.0,29110.25,440
1788432600,29109.5,29129.5,29108.25,29124.0,368
1788432900,29124.5,29129.75,29114.0,29128.0,374
1788433200,29129.0,29140.25,29106.25,29138.5,1152
1788433500,29139.5,29170.75,29137.25,29164.25,1164
1788433800,29163.0,29167.0,29154.5,29164.5,503
1788434100,29164.0,29186.75,29162.75,29167.75,1017
1788434400,29167.5,29174.25,29156.5,29174.0,454
1788434700,29172.75,29178.25,29159.5,29166.75,384
1788435000,29167.0,29173.5,29111.25,29167.75,1586
1788435300,29167.75,29168.25,29143.75,29143.75,553
1788435600,29143.0,29151.5,29135.75,29142.5,415
1788435900,29142.25,29144.5,29103.75,29105.5,1136
1788436200,29104.75,29115.5,29103.25,29107.25,992
1788436500,29106.5,29114.25,29101.0,29105.5,729
1788436800,29105.5,29132.0,29104.0,29127.0,1199
1788437100,29127.0,29135.0,29124.5,29132.0,414
1788437400,29131.25,29147.25,29122.75,29125.0,996
1788437700,29125.5,29130.25,29111.5,29113.0,829
1788438000,29113.25,29139.5,29105.75,29134.75,1050
1788438300,29134.25,29151.0,29127.5,29145.75,969
1788438600,29144.75,29244.0,29144.0,29207.25,4953
1788438900,29208.5,29209.5,29179.0,29200.25,2428
1788439200,29198.25,29205.25,29182.0,29189.75,1341
1788439500,29189.0,29202.0,29185.0,29200.25,1069
1788439800,29202.0,29245.25,29200.25,29239.25,2103
1788440100,29238.25,29258.75,29238.0,29244.5,2388
1788440400,29243.75,29245.5,29202.5,29214.25,2843
1788440700,29214.25,29224.25,29194.25,29208.0,1541
1788441000,29209.0,29246.0,29206.25,29239.25,1503
1788441300,29239.5,29243.5,29202.75,29206.0,1650
1788441600,29206.25,29224.75,29200.5,29224.75,1751
1788441900,29224.25,29253.75,29213.0,29249.0,2746
1788442200,29249.5,29285.0,29222.25,29254.25,19651
1788442500,29254.0,29337.5,29199.5,29328.75,18104
1788442800,29329.5,29359.5,29314.0,29345.5,12290
1788443100,29345.25,29368.5,29318.75,29358.5,10960
1788443400,29359.5,29375.5,29324.75,29349.25,9038
1788443700,29349.75,29354.25,29296.75,29333.0,8773
1788444000,29331.75,29333.25,29250.25,29267.5,12165
1788444300,29267.75,29283.25,29241.75,29267.5,8254
1788444600,29267.75,29303.0,29249.5,29300.75,7800
1788444900,29301.0,29349.5,29295.75,29343.0,9017
1788445200,29343.75,29364.5,29328.25,29350.75,6820
1788445500,29351.0,29364.25,29327.0,29343.0,5887
1788445800,29343.0,29360.5,29284.0,29288.0,8289
1788446100,29288.25,29319.0,29280.0,29284.5,5302
1788446400,29284.0,29311.5,29273.25,29283.0,6032
1788446700,29283.0,29313.0,29275.5,29309.0,5203
1788447000,29309.5,29314.25,29285.25,29312.25,4665
1788447300,29313.0,29368.0,29246.5,29363.5,9749
1788447600,29363.25,29442.0,29362.25,29436.5,12502
1788447900,29437.0,29445.5,29422.25,29429.75,7774
1788448200,29430.0,29466.25,29426.25,29465.0,7763
1788448500,29464.75,29480.0,29461.0,29472.5,6963
1788448800,29472.75,29496.0,29453.75,29482.25,7384
1788449100,29481.75,29539.5,29479.0,29536.5,8551
1788449400,29536.0,29542.5,29517.75,29527.75,7037
1788449700,29528.0,29537.5,29510.0,29513.5,4277
1788450000,29515.25,29525.0,29503.5,29506.5,4628
1788450300,29506.75,29520.75,29504.0,29513.75,3067
1788450600,29513.5,29531.25,29507.5,29528.25,3446
1788450900,29528.25,29539.25,29521.25,29538.0,2744
1788451200,29538.75,29539.75,29512.5,29512.5,4536
1788451500,29513.0,29518.75,29503.0,29510.5,3444
1788451800,29509.5,29526.0,29505.0,29519.0,2936
1788452100,29519.5,29529.5,29511.0,29524.5,2399
1788452400,29524.5,29527.25,29500.75,29501.25,2352
1788452700,29501.75,29504.0,29489.25,29497.0,3155
1788453000,29497.0,29501.0,29484.75,29488.75,2494
1788453300,29490.0,29525.75,29483.0,29521.75,3626
1788453600,29521.75,29534.5,29519.0,29528.0,2707
1788453900,29528.0,29533.0,29521.0,29530.75,1895
1788454200,29530.25,29532.75,29516.5,29521.25,1937
1788454500,29521.25,29544.0,29519.25,29528.0,3504
1788454800,29528.25,29534.0,29509.0,29519.5,2383
1788455100,29519.5,29520.5,29492.75,29493.0,2143
1788455400,29492.75,29501.75,29486.75,29490.5,2214
1788455700,29491.25,29501.25,29484.75,29486.25,2054
1788456000,29486.25,29487.5,29476.0,29482.25,2624
1788456300,29483.0,29508.0,29481.75,29502.5,2331
1788456600,29502.75,29518.75,29502.25,29514.0,2292
1788456900,29514.5,29529.0,29511.75,29520.5,2618
1788457200,29520.75,29532.0,29519.0,29528.5,2384
1788457500,29529.0,29535.0,29521.75,29530.5,2791
1788457800,29531.0,29552.5,29525.0,29546.0,3337
1788458100,29548.25,29552.5,29542.0,29543.75,2085
1788458400,29551.5,29578.5,29551.5,29574.5,6189
1788458700,29574.75,29579.5,29565.25,29574.75,3135
1788459000,29574.25,29578.75,29569.5,29573.5,2333
1788459300,29573.75,29584.25,29567.75,29571.5,3210
1788459600,29571.5,29575.75,29564.75,29573.0,2220
1788459900,29572.75,29578.75,29566.5,29570.5,1855
1788460200,29571.0,29578.0,29564.0,29576.5,2117
1788460500,29576.75,29580.0,29570.25,29575.5,1394
1788460800,29575.25,29576.5,29559.5,29560.5,2114
1788461100,29560.75,29576.25,29559.5,29576.25,1849
1788461400,29576.0,29581.0,29564.5,29569.75,2205
1788461700,29569.5,29569.75,29560.5,29568.25,2067
1788462000,29568.25,29570.5,29552.0,29557.0,2344
1788462300,29557.25,29561.0,29546.75,29548.25,1892
1788462600,29548.5,29552.5,29532.75,29538.25,2654
1788462900,29538.25,29543.0,29530.5,29543.0,2881
1788463200,29543.0,29543.5,29526.5,29530.5,3471
1788463500,29530.75,29537.0,29526.0,29533.25,2325
1788463800,29533.25,29539.5,29523.75,29525.75,3207
1788464100,29526.25,29536.75,29525.5,29531.75,2255
1788464400,29532.0,29540.0,29521.75,29524.0,2929
1788464700,29524.25,29536.0,29515.5,29521.5,3240
1788465000,29520.75,29528.75,29509.75,29526.0,5927
1788465300,29526.0,29536.25,29509.25,29530.75,16204
1788465600,29530.75,29536.25,29507.0,29514.75,4888
1788465900,29514.5,29523.25,29510.5,29518.0,1272
1788466200,29518.75,29522.0,29513.75,29521.25,858
1788466500,29521.5,29522.0,29511.0,29512.0,686
1788466800,29512.25,29512.75,29505.0,29505.25,513
1788467100,29506.0,29512.0,29505.5,29510.25,336
1788467400,29510.25,29516.0,29508.0,29514.5,337
1788467700,29514.0,29516.75,29511.0,29512.0,287
1788468000,29511.5,29513.5,29510.25,29510.75,305
1788468300,29511.25,29512.75,29507.0,29510.25,461
1788468600,29509.75,29510.0,29499.25,29501.5,523
1788468900,29502.0,29507.75,29501.0,29502.25,422
1788472800,29505.0,29509.0,29484.0,29494.25,0
1788473100,29494.0,29496.75,29485.25,29487.0,249
1788473400,29485.75,29489.0,29482.0,29485.25,290
1788473700,29485.5,29496.0,29484.75,29491.25,290
1788474000,29492.25,29494.75,29488.25,29489.5,139
1788474300,29490.0,29491.75,29485.5,29490.0,212
1788474600,29491.0,29496.75,29490.0,29496.5,177
1788474900,29496.75,29498.5,29492.5,29494.0,112
1788475200,29493.5,29495.75,29490.75,29494.25,153
1788475500,29495.75,29499.5,29493.5,29496.25,207
1788475800,29497.0,29502.75,29496.5,29499.0,174
1788476100,29499.0,29512.75,29499.0,29508.75,420
1788476400,29508.25,29511.5,29502.25,29507.25,264
1788476700,29506.5,29511.0,29501.25,29510.75,214
1788477000,29510.0,29510.75,29500.5,29503.25,170
1788477300,29503.0,29506.5,29498.25,29506.0,204
1788477600,29505.75,29507.0,29501.75,29503.5,82
1788477900,29504.25,29509.5,29504.0,29507.25,114
1788478200,29507.0,29507.75,29501.25,29503.75,122
1788478500,29504.25,29505.75,29502.75,29504.75,49
1788478800,29505.0,29511.0,29505.0,29505.0,110
1788479100,29506.5,29516.75,29504.75,29510.75,419
1788479400,29511.25,29515.0,29502.75,29506.25,217
1788479700,29507.0,29513.0,29502.25,29504.0,166
1788480000,29503.75,29511.5,29495.0,29511.25,545
1788480300,29510.75,29520.5,29507.5,29513.5,515
1788480600,29512.5,29519.25,29507.0,29509.75,436
1788480900,29510.25,29520.5,29505.0,29519.0,491
1788481200,29519.5,29527.75,29518.75,29524.25,465
1788481500,29525.0,29529.0,29514.5,29527.5,593
1788481800,29527.75,29531.75,29519.25,29526.5,546
1788482100,29525.25,29530.5,29519.75,29529.75,289
1788482400,29528.75,29533.5,29527.5,29532.5,322
1788482700,29532.5,29542.25,29531.0,29539.75,485
1788483000,29539.25,29541.75,29537.25,29537.75,260
1788483300,29537.75,29538.0,29530.0,29530.75,301
1788483600,29530.0,29532.75,29517.75,29525.75,642
1788483900,29527.25,29532.0,29524.0,29526.75,252
1788484200,29526.0,29529.25,29520.75,29522.75,304
1788484500,29523.0,29528.25,29516.25,29526.25,366
1788484800,29526.75,29542.5,29526.75,29540.0,682
1788485100,29539.5,29542.75,29532.25,29540.75,429
1788485400,29539.5,29545.25,29537.0,29542.0,273
1788485700,29542.0,29547.75,29536.5,29537.5,378
1788486000,29538.25,29546.5,29534.5,29545.0,314
1788486300,29545.25,29546.0,29531.75,29532.0,320
1788486600,29532.25,29538.0,29526.25,29528.25,537
1788486900,29527.5,29548.75,29523.25,29548.0,597
1788487200,29547.75,29548.25,29537.25,29539.0,271
1788487500,29539.25,29547.5,29539.25,29545.75,150
1788487800,29546.0,29553.25,29544.5,29550.25,410
1788488100,29549.0,29551.25,29547.5,29551.0,102
1788488400,29549.75,29555.75,29547.0,29555.0,265
1788488700,29554.25,29556.25,29552.75,29555.0,170
1788489000,29555.75,29566.5,29549.75,29549.75,652
1788489300,29549.0,29552.5,29544.0,29552.25,497
1788489600,29551.25,29554.75,29545.75,29546.5,158
1788489900,29546.5,29560.5,29545.25,29559.0,404
1788490200,29558.0,29568.0,29556.0,29565.5,368
1788490500,29566.0,29566.0,29561.5,29564.5,207
1788490800,29563.25,29566.5,29560.0,29562.75,181
1788491100,29562.75,29565.0,29561.0,29563.0,78
1788491400,29562.75,29563.25,29557.25,29560.5,245
1788491700,29560.25,29577.5,29559.75,29576.25,515
1788492000,29576.25,29578.25,29563.0,29566.0,417
1788492300,29565.75,29571.0,29564.75,29569.0,215
1788492600,29569.5,29577.25,29568.5,29576.25,296
1788492900,29575.75,29578.75,29574.75,29577.0,184
1788493200,29577.0,29578.25,29566.75,29568.5,203
1788493500,29567.5,29571.75,29563.75,29570.75,284
1788493800,29570.75,29572.75,29568.5,29570.75,104
1788494100,29571.25,29573.25,29569.5,29571.5,61
1788494700,29564.25,29565.5,29563.25,29565.5,626
1788495000,29566.5,29577.75,29563.0,29575.5,289
1788495300,29576.0,29576.5,29567.5,29568.25,184
1788495600,29568.25,29588.0,29567.5,29583.25,396
1788495900,29582.5,29595.0,29578.75,29593.0,690
1788496200,29592.25,29601.25,29591.0,29600.25,447
1788496500,29599.5,29600.0,29587.5,29587.5,316
1788496800,29588.0,29589.0,29585.0,29588.0,155
1788497100,29588.5,29590.5,29583.5,29583.75,186
1788497400,29583.5,29588.75,29583.25,29586.25,130
1788497700,29587.75,29599.75,29586.25,29598.25,313
1788498000,29597.5,29603.0,29593.75,29599.5,442
1788498300,29600.0,29616.0,29599.0,29611.75,664
1788498600,29611.0,29623.5,29608.5,29621.5,436
1788498900,29621.0,29643.0,29620.5,29641.25,889
1788499200,29641.5,29643.0,29630.5,29635.75,573
1788499500,29635.75,29639.0,29620.25,29622.75,388
1788499800,29622.0,29625.25,29617.25,29622.75,331
1788500100,29622.75,29622.75,29613.5,29618.5,386
1788500400,29618.25,29620.0,29605.5,29608.5,446
1788500700,29609.25,29613.0,29600.0,29601.0,296
1788501000,29601.25,29601.25,29591.5,29600.0,555
1788501300,29599.75,29622.0,29597.25,29620.75,757
1788501600,29620.25,29634.5,29617.0,29625.5,865
1788501900,29624.5,29631.75,29621.75,29629.5,376
1788502200,29629.0,29643.75,29626.0,29642.25,653
1788502500,29641.75,29642.0,29622.5,29630.75,444
1788502800,29631.0,29642.25,29629.5,29633.25,543
1788503100,29633.25,29640.0,29629.0,29631.25,347
1788503400,29631.5,29633.0,29607.0,29607.75,476
1788503700,29608.5,29609.0,29598.0,29600.5,551
1788504000,29601.75,29612.75,29595.75,29604.0,525
1788504300,29603.5,29604.0,29587.5,29591.25,320
1788504600,29590.5,29591.0,29578.5,29584.0,482
1788504900,29584.25,29584.75,29574.0,29576.75,394
1788505200,29577.75,29598.5,29575.25,29594.0,642
1788505500,29594.75,29604.75,29584.75,29604.75,519
1788505800,29604.0,29623.75,29603.75,29620.0,721
1788506100,29619.5,29621.25,29607.25,29617.0,436
1788506400,29619.0,29623.0,29613.5,29618.0,226
1788506700,29615.5,29637.25,29609.25,29636.25,416
1788507000,29635.75,29646.75,29634.0,29643.5,769
1788507300,29643.25,29646.0,29628.0,29639.25,428
1788507600,29639.0,29653.0,29636.25,29646.75,573
1788507900,29646.5,29658.25,29643.0,29657.75,496
1788508200,29656.75,29657.75,29647.0,29647.0,303
1788508500,29648.0,29654.5,29641.25,29652.25,321
1788508800,29653.75,29663.0,29635.5,29649.75,1113
1788509100,29650.0,29669.25,29642.5,29658.0,795
1788509400,29659.0,29667.5,29648.0,29650.25,574
1788509700,29650.75,29656.5,29646.75,29653.25,302
1788510000,29654.0,29664.75,29645.0,29645.0,413
1788510300,29645.75,29672.0,29645.75,29668.5,489
1788510600,29670.0,29673.0,29654.75,29657.25,383
1788510900,29657.75,29659.0,29643.75,29649.25,309
1788511200,29649.5,29659.25,29647.0,29658.5,319
1788511500,29658.25,29661.25,29650.0,29651.0,320
1788511800,29650.0,29663.25,29647.0,29658.0,351
1788512100,29659.0,29664.75,29654.0,29658.5,283
1788512400,29657.5,29658.25,29645.25,29645.25,283
1788512700,29646.25,29653.25,29639.25,29642.0,431
1788513000,29643.5,29644.0,29625.25,29628.5,470
1788513300,29629.75,29642.5,29626.0,29641.5,411
1788513600,29641.5,29642.0,29616.5,29621.0,460
1788513900,29621.25,29628.0,29617.0,29624.5,244
1788514200,29625.75,29635.25,29618.5,29629.0,349
1788514500,29630.5,29638.5,29630.0,29637.25,208
1788514800,29638.0,29647.0,29637.0,29643.0,279
1788515100,29644.5,29653.25,29643.5,29651.0,247
1788515400,29651.0,29660.75,29643.75,29655.75,350
1788515700,29655.0,29661.75,29649.25,29657.25,370
1788516000,29656.75,29668.75,29655.0,29662.5,500
1788516300,29662.25,29663.75,29653.25,29660.25,255
1788516600,29659.75,29665.5,29654.75,29661.5,223
1788516900,29660.75,29666.5,29658.5,29666.5,181
1788517200,29666.75,29670.25,29661.0,29668.75,198
1788517500,29668.5,29686.0,29665.5,29678.5,873
1788517800,29676.5,29680.75,29670.25,29672.25,310
1788518100,29672.0,29682.75,29668.5,29680.75,334
1788518400,29681.75,29683.75,29674.0,29679.5,205
1788518700,29680.0,29704.5,29679.25,29684.5,892
1788519000,29685.0,29685.0,29675.75,29682.5,265
1788519300,29682.25,29684.25,29677.5,29680.0,220
1788519600,29681.5,29686.0,29650.75,29656.75,870
1788519900,29655.5,29663.25,29651.0,29653.0,316
1788520200,29652.25,29663.25,29651.25,29660.0,274
1788520500,29660.5,29666.0,29657.0,29657.75,303
1788520800,29658.25,29667.5,29655.5,29663.0,305
1788521100,29662.25,29676.75,29661.25,29662.5,373
1788521400,29663.75,29676.0,29661.0,29669.25,362
1788521700,29669.25,29676.25,29667.75,29670.75,329
1788522000,29669.5,29675.0,29666.0,29671.25,354
1788522300,29671.0,29678.75,29666.5,29677.25,346
1788522600,29677.25,29685.25,29676.25,29682.0,324
1788522900,29681.5,29690.0,29677.25,29683.25,550
1788523200,29682.0,29686.25,29653.75,29657.0,1019
1788523500,29655.75,29665.75,29627.0,29660.0,1651
1788523800,29660.25,29663.25,29636.25,29643.25,923
1788524100,29642.25,29657.0,29631.75,29656.5,857
1788524400,29656.25,29668.0,29654.75,29666.5,631
1788524700,29666.75,29694.0,29662.5,29674.25,1222
1788525000,29674.5,29693.75,29531.25,29552.5,7947
1788525300,29553.75,29574.0,29540.0,29556.5,3915
1788525600,29555.5,29587.0,29555.0,29557.75,2865
1788525900,29557.25,29557.75,29502.0,29518.25,3932
1788526200,29518.5,29548.25,29515.5,29530.0,3068
1788526500,29529.0,29550.25,29518.0,29546.5,1906
1788526800,29547.0,29551.75,29523.0,29536.75,2924
1788527100,29536.75,29556.75,29532.0,29534.5,1696
1788527400,29533.75,29550.5,29527.75,29548.25,1057
1788527700,29548.25,29564.5,29546.75,29564.0,1640
1788528000,29563.5,29587.5,29561.25,29583.75,2365
1788528300,29582.75,29591.0,29572.5,29588.0,3101
1788528600,29588.75,29635.0,29554.5,29634.0,16831
1788528900,29634.0,29644.5,29611.25,29628.75,10982
1788529200,29628.5,29647.0,29597.75,29616.5,11510
1788529500,29616.25,29649.0,29577.5,29634.0,9506
1788529800,29634.5,29664.75,29609.75,29660.0,7634
1788530100,29660.25,29691.75,29652.25,29691.0,7281
1788530400,29690.5,29691.0,29653.75,29668.0,7377
1788530700,29668.25,29675.5,29641.0,29644.5,6495
1788531000,29644.5,29654.75,29594.0,29648.5,9479
1788531300,29648.0,29649.75,29600.0,29601.75,6778
1788531600,29601.75,29611.25,29579.0,29595.75,8460
1788531900,29595.5,29602.5,29564.75,29595.5,7708
1788532200,29596.25,29598.25,29554.0,29559.0,7001
1788532500,29559.0,29589.25,29558.25,29587.75,5384
1788532800,29587.0,29587.0,29531.0,29533.5,6933
1788533100,29533.25,29544.25,29510.0,29510.25,6789
1788533400,29510.75,29535.5,29508.75,29516.25,6038
1788533700,29516.25,29530.0,29498.75,29521.0,6173
1788534000,29520.0,29529.0,29497.25,29516.25,5852
1788534300,29515.25,29531.5,29503.25,29525.5,4858
1788534600,29525.25,29541.25,29511.25,29540.5,4787
1788534900,29540.75,29543.0,29493.25,29501.25,6066
1788535200,29501.25,29512.0,29484.25,29502.5,5085
1788535500,29502.75,29512.75,29495.0,29506.75,3491
1788535800,29506.75,29510.75,29478.0,29491.25,5555
1788536100,29491.25,29506.75,29490.25,29501.25,2578
1788536400,29501.75,29524.5,29497.25,29520.5,3452
1788536700,29520.0,29522.25,29487.0,29501.75,3989
1788537000,29501.25,29516.25,29494.75,29503.75,3284
1788537300,29503.75,29519.0,29497.5,29515.0,2836
1788537600,29514.75,29520.0,29505.0,29514.25,2439
1788537900,29514.0,29536.75,29507.25,29532.0,3626
1788538200,29532.5,29554.25,29527.0,29547.75,3756
1788538500,29548.0,29548.25,29536.0,29543.75,2495
1788538800,29544.0,29565.25,29544.0,29554.0,3216
1788539100,29553.75,29560.75,29546.5,29554.0,2492
1788539400,29554.5,29571.5,29548.75,29570.75,2942
1788539700,29571.0,29574.0,29557.0,29561.5,2749
1788540000,29561.75,29569.25,29558.0,29568.0,2211
1788540300,29568.25,29589.5,29565.0,29587.75,3644
1788540600,29588.0,29595.75,29584.0,29585.5,2960
1788540900,29584.75,29588.0,29575.5,29576.0,2761
1788541200,29576.25,29580.5,29544.75,29551.0,3734
1788541500,29551.0,29560.75,29538.25,29539.75,2916
1788541800,29539.25,29546.5,29531.75,29535.25,2263
1788542100,29534.75,29543.5,29526.5,29531.25,2812
1788542400,29531.75,29535.5,29517.0,29517.75,2377
1788542700,29518.25,29527.5,29504.25,29508.0,2637
1788543000,29508.0,29508.5,29485.0,29493.5,3633
1788543300,29493.75,29501.25,29489.25,29495.25,2305
1788543600,29494.75,29496.25,29474.75,29478.25,3603
1788543900,29479.0,29492.5,29468.0,29484.25,3923
1788544200,29483.75,29496.0,29481.0,29485.75,3084
1788544500,29486.0,29498.25,29480.5,29491.75,2194
1788544800,29491.5,29497.75,29472.25,29476.0,2987
1788545100,29476.75,29490.0,29471.25,29489.0,2700
1788545400,29489.0,29497.25,29485.75,29489.0,2196
1788545700,29488.25,29506.0,29484.5,29504.75,2564
1788546000,29505.0,29514.5,29500.75,29506.5,2512
1788546300,29506.5,29512.0,29502.0,29511.0,2160
1788546600,29511.0,29518.25,29511.0,29517.25,2275
1788546900,29517.5,29519.5,29504.0,29511.25,2382
1788547200,29511.25,29524.5,29504.5,29520.75,2580
1788547500,29521.25,29528.5,29520.0,29527.25,2106
1788547800,29527.0,29531.0,29521.25,29528.75,1518
1788548100,29528.75,29542.5,29525.5,29538.75,2429
1788548400,29538.75,29544.0,29510.75,29512.25,3706
1788548700,29512.5,29518.25,29506.75,29509.5,2060
1788549000,29509.75,29519.0,29507.0,29511.25,1573
1788549300,29511.0,29522.0,29510.5,29514.75,1424
1788549600,29514.75,29524.5,29514.0,29522.75,1693
1788549900,29522.75,29531.25,29521.0,29526.5,2151
1788550200,29526.5,29540.0,29519.25,29538.0,2667
1788550500,29538.0,29547.5,29526.75,29534.0,2968
1788550800,29534.0,29542.25,29530.25,29541.0,1967
1788551100,29540.75,29553.0,29540.0,29551.0,3420
1788551400,29551.0,29578.5,29551.0,29576.5,7329
1788551700,29576.25,29586.5,29558.5,29569.25,14481
1788552000,29568.75,29569.0,29543.25,29544.0,4663
1788552300,29544.0,29545.5,29529.5,29534.75,1761
1788552600,29534.75,29546.75,29534.0,29541.25,1307
1788552900,29541.25,29543.25,29537.0,29538.25,502
1788553200,29539.0,29540.25,29529.75,29532.0,372
1788553500,29532.25,29534.25,29530.0,29531.5,319
1788553800,29531.75,29532.0,29514.5,29518.75,985
1788554100,29518.5,29529.75,29516.75,29524.25,722
1788554400,29524.75,29531.25,29523.75,29530.75,420
1788554700,29530.5,29532.5,29525.0,29526.0,612
1788555000,29526.25,29529.75,29524.0,29528.75,656
1788555300,29528.75,29565.25,29519.5,29565.25,704
1788840000,29742.75,29743.75,29730.5,29734.0,656
1788840300,29733.75,29749.75,29733.5,29747.25,503
1788840600,29747.25,29747.25,29739.75,29740.25,332
1788840900,29739.75,29745.25,29734.0,29743.5,352
1788841200,29742.75,29750.5,29741.25,29749.25,270
1788841500,29748.75,29752.0,29740.75,29745.5,364
1788841800,29746.25,29750.5,29736.25,29738.0,458
1788842100,29737.5,29758.5,29728.25,29758.0,876
1788842400,29758.5,29764.0,29750.75,29758.75,613
1788842700,29758.25,29764.75,29745.75,29751.0,562
1788843000,29751.5,29754.0,29741.0,29744.25,544
1788843300,29745.5,29749.25,29731.0,29737.25,531
1788843600,29738.5,29739.75,29726.0,29727.0,602
1788843900,29726.5,29729.25,29696.5,29700.75,1269
1788844200,29700.5,29700.5,29680.0,29683.5,1108
1788844500,29685.5,29715.5,29675.0,29715.5,1040
1788844800,29716.5,29733.25,29709.0,29712.75,960
1788845100,29712.0,29719.0,29678.5,29678.75,838
1788845400,29679.5,29680.0,29645.0,29647.5,1564
1788845700,29648.25,29685.25,29645.0,29684.75,1048
1788846000,29684.0,29685.0,29631.75,29636.75,1403
1788846300,29636.5,29647.5,29632.5,29643.0,853
1788846600,29642.0,29643.25,29614.25,29615.25,1094
1788846900,29615.5,29624.0,29610.0,29612.25,788
1788847200,29612.25,29622.25,29596.75,29611.5,1577
1788847500,29609.75,29610.75,29587.5,29605.0,1171
1788847800,29605.25,29605.25,29581.75,29591.0,996
1788848100,29588.75,29591.75,29548.75,29548.75,1488
1788848400,29550.0,29584.5,29545.5,29573.0,1164
1788848700,29573.0,29586.75,29566.75,29576.25,832
1788849000,29576.25,29588.0,29568.0,29574.75,995
1788849300,29575.0,29601.25,29558.25,29600.25,1301
1788849600,29599.75,29613.5,29598.5,29608.0,1058
1788849900,29608.75,29620.25,29606.0,29609.25,759
1788850200,29608.75,29613.75,29580.5,29586.75,859
1788850500,29587.75,29602.75,29586.75,29600.25,644
1788850800,29601.0,29614.5,29586.5,29613.5,1069
1788851100,29612.75,29638.75,29605.0,29605.5,1143
1788851400,29605.25,29619.75,29598.0,29609.5,814
1788851700,29609.5,29616.75,29595.5,29614.5,876
1788852000,29615.5,29625.75,29596.75,29625.25,779
1788852300,29625.75,29628.75,29616.0,29623.75,487
1788852600,29622.75,29624.5,29585.25,29588.5,809
1788852900,29588.75,29595.25,29563.0,29563.0,1030
1788853200,29564.75,29573.5,29550.0,29562.5,939
1788853500,29564.5,29566.75,29553.0,29563.5,529
1788853800,29562.5,29562.5,29534.75,29539.0,659
1788854100,29538.25,29553.25,29529.75,29535.5,730
1788854400,29534.5,29541.25,29481.75,29486.75,2901
1788854700,29486.75,29534.5,29484.25,29496.25,1760
1788855000,29496.25,29514.0,29477.75,29512.5,1177
1788855300,29512.75,29530.25,29511.25,29514.75,987
1788855600,29514.5,29519.25,29496.0,29510.25,836
1788855900,29511.75,29526.5,29498.5,29499.75,831
1788856200,29499.5,29525.75,29490.5,29523.25,926
1788856500,29521.75,29522.75,29493.25,29504.0,448
1788856800,29505.25,29511.5,29496.75,29502.0,421
1788857100,29502.25,29533.0,29489.5,29504.25,1246
1788857400,29507.25,29512.25,29490.0,29501.5,527
1788857700,29503.0,29509.25,29494.0,29507.0,483
1788858000,29507.0,29516.5,29484.5,29510.0,770
1788858300,29509.5,29528.75,29508.25,29528.5,450
1788858600,29529.25,29546.25,29525.0,29545.75,677
1788858900,29544.0,29546.5,29530.75,29535.0,317
1788859200,29533.5,29545.5,29528.75,29544.75,307
1788859500,29544.75,29549.25,29535.0,29547.75,417
1788859800,29549.25,29566.25,29542.75,29561.75,570
1788860100,29562.75,29576.0,29557.75,29575.25,839
1788860400,29573.0,29587.0,29561.0,29568.0,1154
1788860700,29568.0,29586.5,29566.75,29584.5,486
1788861000,29584.25,29591.5,29581.5,29588.75,425
1788861300,29588.75,29600.5,29586.0,29599.75,462
1788861600,29600.0,29600.0,29584.5,29586.75,525
1788861900,29587.0,29590.25,29580.25,29581.75,293
1788862200,29581.0,29586.5,29572.75,29584.5,453
1788862500,29584.25,29598.5,29583.25,29598.25,324
1788862800,29598.5,29649.0,29595.25,29606.0,2311
1788863100,29606.75,29612.0,29601.25,29607.75,450
1788863400,29607.75,29608.25,29581.75,29589.0,625
1788863700,29588.75,29597.5,29587.5,29594.25,243
1788864000,29594.5,29596.25,29586.75,29592.75,447
1788864300,29591.25,29592.5,29566.5,29569.0,841
1788864600,29569.0,29572.0,29546.5,29562.0,1107
1788864900,29561.5,29577.0,29561.5,29568.0,514
1788865200,29568.5,29580.0,29560.25,29570.5,658
1788865500,29571.0,29583.75,29538.5,29560.0,1356
1788865800,29559.5,29560.25,29533.5,29547.0,786
1788866100,29546.75,29574.25,29545.0,29574.25,712
1788866400,29574.25,29576.5,29555.75,29567.25,486
1788866700,29566.75,29571.25,29559.0,29562.25,299
1788867000,29563.0,29575.5,29557.0,29570.75,483
1788867300,29571.5,29572.5,29559.5,29559.5,433
1788867600,29559.0,29562.0,29546.0,29547.0,399
1788867900,29547.0,29553.5,29538.5,29546.75,628
1788868200,29546.0,29572.0,29545.75,29570.75,818
1788868500,29571.25,29601.75,29571.25,29601.0,1186
1788868800,29601.0,29601.0,29573.5,29580.75,901
1788869100,29580.75,29590.0,29572.25,29587.5,640
1788869400,29587.5,29587.5,29551.25,29555.0,824
1788869700,29555.75,29580.0,29548.0,29579.0,726
1788870000,29578.75,29586.25,29568.0,29580.25,857
1788870300,29579.25,29595.5,29579.25,29595.5,630
1788870600,29595.25,29626.0,29591.0,29620.75,1475
1788870900,29620.5,29627.0,29608.5,29616.5,907
1788871200,29616.5,29621.25,29604.75,29615.0,972
1788871500,29615.0,29629.25,29604.25,29626.0,934
1788871800,29626.5,29638.0,29621.5,29637.75,981
1788872100,29637.5,29654.75,29630.25,29654.0,1375
1788872400,29653.75,29654.75,29634.5,29647.75,1698
1788872700,29647.5,29656.0,29640.5,29645.25,1364
1788873000,29645.75,29660.0,29643.75,29658.5,855
1788873300,29659.0,29667.25,29651.25,29667.25,1149
1788873600,29666.25,29668.25,29653.25,29655.0,1663
1788873900,29655.25,29662.0,29635.75,29644.5,3585
1788874200,29644.75,29686.5,29572.0,29600.5,19308
1788874500,29600.25,29613.25,29560.5,29568.0,12146
1788874800,29567.5,29573.5,29467.0,29474.0,13689
1788875100,29474.25,29527.5,29469.75,29526.75,11886
1788875400,29526.75,29527.75,29455.25,29501.0,10582
1788875700,29501.5,29538.5,29489.5,29502.75,9247
1788876000,29503.25,29512.5,29436.25,29483.25,12587
1788876300,29484.5,29491.25,29451.75,29453.25,7440
1788876600,29452.75,29479.5,29424.75,29462.5,8549
1788876900,29462.25,29493.75,29458.5,29479.25,7423
1788877200,29480.5,29524.75,29476.0,29522.25,6289
1788877500,29520.5,29521.75,29484.0,29516.75,5010
1788877800,29516.0,29525.25,29490.0,29522.75,5293
1788878100,29522.25,29524.5,29496.5,29506.25,3795
1788878400,29505.75,29538.0,29503.75,29530.0,4109
1788878700,29530.75,29534.0,29511.75,29527.0,4835
1788879000,29526.5,29551.5,29523.0,29549.25,5365
1788879300,29549.25,29563.5,29540.0,29563.0,4330
1788879600,29563.0,29567.75,29549.5,29558.25,4014
1788879900,29558.25,29568.5,29545.5,29557.25,3066
1788880200,29557.0,29610.0,29555.5,29602.75,6303
1788880500,29603.0,29624.5,29593.75,29618.5,5212
1788880800,29618.5,29620.0,29581.0,29617.75,5562
1788881100,29617.25,29639.5,29605.75,29609.0,6050
1788881400,29609.25,29621.25,29600.75,29610.75,3373
1788881700,29610.75,29612.75,29595.5,29611.5,3013
1788882000,29612.0,29645.25,29606.75,29641.5,4453
1788882300,29641.5,29644.0,29606.5,29612.75,4126
1788882600,29612.75,29626.5,29607.5,29613.75,3237
1788882900,29613.75,29621.5,29599.0,29604.25,3076
1788883200,29604.25,29618.0,29596.75,29618.0,3248
1788883500,29617.0,29622.0,29589.0,29589.75,2947
1788883800,29589.75,29595.0,29577.5,29589.5,2891
1788884100,29588.75,29589.75,29569.25,29569.5,2793
1788884400,29569.0,29591.75,29562.5,29591.75,3073
1788884700,29592.0,29604.5,29565.75,29567.75,3450
1788885000,29568.5,29583.75,29561.75,29575.5,3079
1788885300,29575.5,29583.0,29569.25,29575.0,2178
1788885600,29575.5,29584.5,29568.0,29575.5,2173
1788885900,29575.0,29595.75,29570.25,29590.5,2360
1788886200,29590.25,29609.25,29582.75,29595.25,3905
1788886500,29596.25,29599.25,29549.5,29573.5,5491
1788886800,29572.75,29631.5,29572.0,29630.25,4379
1788887100,29630.5,29641.5,29616.5,29620.5,3217
1788887400,29620.75,29632.75,29619.0,29628.75,1904
1788887700,29628.0,29633.5,29620.75,29625.5,1906
1788888000,29626.25,29629.25,29612.0,29623.25,2196
1788888300,29622.5,29624.5,29606.25,29615.75,1972
1788888600,29616.5,29632.5,29614.75,29627.0,2061
1788888900,29627.75,29631.75,29619.75,29620.75,1593
1788889200,29620.5,29620.75,29598.0,29599.5,2326
1788889500,29600.0,29611.5,29600.0,29606.0,1586
1788889800,29605.75,29613.25,29595.75,29608.5,1911
1788890100,29608.5,29609.0,29588.75,29590.0,1990
1788890400,29590.5,29599.5,29587.0,29598.0,2362
1788890700,29597.75,29611.0,29596.0,29606.75,2048
1788891000,29606.0,29613.5,29600.0,29605.25,2048
1788891300,29605.0,29615.5,29603.5,29609.5,1956
1788891600,29609.75,29614.0,29590.0,29592.0,2147
1788891900,29592.0,29600.25,29588.5,29597.0,1824
1788892200,29597.25,29600.5,29590.5,29591.25,1358
1788892500,29591.25,29596.5,29579.75,29585.0,2754
1788892800,29585.0,29604.5,29578.0,29602.75,2563
1788893100,29603.25,29611.0,29519.75,29545.0,9156
1788893400,29545.5,29580.75,29535.75,29575.25,6024
1788893700,29575.25,29586.0,29570.0,29576.25,3030
1788894000,29576.25,29586.25,29560.25,29569.5,2713
1788894300,29568.75,29583.5,29565.0,29568.0,2830
1788894600,29568.5,29580.0,29566.25,29574.75,2097
1788894900,29575.0,29579.25,29559.0,29561.0,1694
1788895200,29560.25,29570.25,29546.25,29550.25,2192
1788895500,29549.75,29568.5,29544.75,29564.0,2251
1788895800,29564.5,29566.25,29547.75,29562.75,2443
1788896100,29562.75,29564.0,29549.0,29555.5,1912
1788896400,29555.25,29560.0,29543.5,29549.0,1908
1788896700,29549.0,29552.75,29524.75,29544.75,4669
1788897000,29545.0,29551.75,29496.0,29507.75,11050
1788897300,29508.0,29549.5,29500.0,29543.5,15489
1788897600,29543.0,29550.75,29507.5,29517.25,5301
1788897900,29517.0,29524.0,29506.0,29520.5,1886
1788898200,29520.0,29527.5,29519.5,29524.25,1151
1788898500,29524.25,29528.25,29514.5,29520.25,793
1788898800,29520.25,29526.75,29518.0,29523.0,355
1788899100,29522.75,29527.5,29506.5,29507.75,1597
1788899400,29507.5,29511.5,29503.5,29510.25,700
1788899700,29510.25,29517.5,29510.25,29515.25,321
1788900000,29514.25,29524.75,29513.25,29521.25,497
1788900300,29522.0,29523.5,29518.5,29520.75,293
1788900600,29520.0,29527.0,29520.0,29525.25,245
1788900900,29525.0,29527.25,29520.25,29525.75,383
1788904800,29526.5,29539.25,29503.0,29535.75,0
1788905100,29533.5,29535.75,29525.0,29527.0,389
1788905400,29526.5,29528.0,29521.75,29521.75,164
1788905700,29521.75,29527.75,29518.25,29523.75,264
1788906000,29523.75,29526.25,29508.0,29516.75,565
1788906300,29517.75,29529.0,29517.75,29521.5,274
1788906600,29522.25,29524.5,29516.0,29521.5,258
1788906900,29523.0,29525.75,29520.0,29524.5,128
1788907200,29525.0,29530.0,29524.75,29527.5,206
1788907500,29527.5,29535.0,29526.75,29534.0,151
1788907800,29533.5,29537.25,29529.75,29534.5,217
1788908100,29534.0,29547.0,29533.0,29544.75,440
1788908400,29544.5,29546.5,29532.25,29536.0,237
1788908700,29536.75,29538.5,29533.25,29533.5,226
1788909000,29534.25,29535.5,29529.5,29531.5,211
1788909300,29531.25,29531.25,29517.0,29524.5,432
1788909600,29524.25,29528.0,29519.5,29526.25,237
1788909900,29526.0,29526.75,29513.0,29516.75,385
1788910200,29515.75,29519.25,29513.5,29513.75,191
1788910500,29513.75,29513.75,29501.5,29507.5,469
1788910800,29507.0,29512.0,29503.75,29506.25,238
1788911100,29507.0,29512.0,29496.0,29502.0,567
1788911400,29503.5,29505.25,29489.75,29490.5,597
1788911700,29490.0,29504.0,29489.75,29498.5,739
1788912000,29500.75,29548.25,29499.5,29545.5,1577
1788912300,29545.25,29561.75,29536.0,29537.5,1370
1788912600,29536.5,29550.5,29533.0,29539.0,658
1788912900,29539.75,29539.75,29517.0,29532.0,1167
1788913200,29531.75,29537.5,29525.75,29528.75,570
1788913500,29528.75,29530.25,29516.0,29525.25,589
1788913800,29523.75,29529.0,29509.0,29522.25,684
1788914100,29521.75,29532.0,29511.5,29528.0,548
1788914400,29528.75,29540.0,29515.5,29537.75,637
1788914700,29538.25,29543.5,29532.25,29539.0,440
1788915000,29539.25,29562.25,29539.25,29559.25,938
1788915300,29559.0,29564.0,29551.75,29559.75,590
1788915600,29559.75,29573.5,29555.75,29563.25,1094
1788915900,29563.75,29578.75,29558.5,29577.25,957
1788916200,29578.5,29581.0,29573.0,29574.5,376
1788916500,29575.25,29581.25,29569.5,29578.25,774
1788916800,29578.0,29596.75,29575.0,29594.0,1203
1788917100,29594.0,29599.5,29588.25,29590.0,826
1788917400,29589.75,29596.25,29577.5,29594.75,721
1788917700,29596.0,29607.5,29594.5,29603.25,1056
1788918000,29603.0,29603.75,29589.5,29593.25,407
1788918300,29593.25,29608.5,29593.25,29601.25,571
1788918600,29599.75,29601.0,29581.5,29590.75,657
1788918900,29591.75,29597.25,29585.5,29593.25,292
1788919200,29593.5,29612.5,29591.0,29608.75,626
1788919500,29609.0,29610.0,29597.0,29607.25,462
1788919800,29606.5,29612.25,29589.0,29594.25,529
1788920100,29594.5,29595.5,29583.25,29590.25,571
1788920400,29591.0,29603.75,29587.0,29601.5,402
1788920700,29601.5,29604.25,29597.5,29601.0,346
1788921000,29601.5,29606.0,29596.75,29602.75,516
1788921300,29602.25,29606.75,29597.25,29605.5,251
1788921600,29605.25,29624.75,29604.75,29620.75,1116
1788921900,29620.25,29625.5,29614.5,29619.25,435
1788922200,29619.75,29621.75,29613.0,29616.0,274
1788922500,29615.0,29615.0,29606.25,29611.0,325
1788922800,29611.5,29613.75,29591.5,29591.5,641
1788923100,29592.0,29594.5,29583.75,29589.0,428
1788923400,29589.25,29600.5,29584.75,29591.0,710
1788923700,29590.5,29603.5,29590.5,29594.0,454
1788924000,29596.0,29598.75,29589.0,29594.5,366
1788924300,29594.25,29602.75,29590.0,29596.5,310
1788924600,29597.75,29604.25,29588.25,29591.25,381
1788924900,29591.0,29598.75,29589.75,29595.5,333
1788925200,29594.25,29596.25,29587.0,29591.0,218
1788925500,29589.25,29591.5,29575.0,29575.75,670
1788925800,29576.75,29581.5,29560.5,29565.5,776
1788926100,29564.25,29572.0,29564.25,29566.75,308
1788926700,29577.0,29578.25,29570.25,29571.0,1315
1788927000,29570.0,29572.0,29549.0,29557.0,1160
1788927300,29556.5,29563.25,29553.5,29558.5,380
1788927600,29557.5,29589.75,29557.5,29587.25,645
1788927900,29586.0,29593.0,29578.5,29581.25,537
1788928200,29580.25,29598.0,29573.0,29597.75,481
1788928500,29596.75,29606.5,29596.75,29600.75,425
1788928800,29600.0,29607.0,29595.5,29603.75,265
1788929100,29604.25,29608.0,29600.0,29607.0,283
1788929400,29607.0,29613.75,29602.0,29612.75,329
1788929700,29612.0,29620.25,29612.0,29614.0,516
1788930000,29614.5,29616.25,29599.75,29605.25,535
1788930300,29605.25,29608.0,29597.0,29605.5,309
1788930600,29607.75,29613.75,29602.25,29605.5,176
1788930900,29604.75,29604.75,29580.75,29582.5,490
1788931200,29583.75,29583.75,29565.75,29580.5,810
1788931500,29581.5,29589.25,29575.0,29580.25,613
1788931800,29580.75,29592.0,29562.0,29579.0,747
1788932100,29579.5,29588.5,29573.25,29580.25,397
1788932400,29581.0,29590.25,29574.5,29576.5,315
1788932700,29578.75,29587.5,29573.75,29587.0,213
1788933000,29586.25,29606.75,29585.5,29605.25,511
1788933300,29607.25,29621.5,29600.25,29621.25,626
1788933600,29621.75,29628.5,29616.0,29624.25,925
1788933900,29623.75,29628.25,29604.25,29607.5,445
1788934200,29607.25,29632.25,29605.25,29629.25,731
1788934500,29629.25,29633.75,29626.0,29628.5,432
1788934800,29628.25,29629.25,29612.0,29622.0,392
1788935100,29621.25,29624.0,29586.5,29593.75,678
1788935400,29592.75,29607.5,29588.0,29606.5,616
1788935700,29606.5,29614.0,29602.75,29609.25,362
1788936000,29609.0,29613.0,29605.75,29611.75,329
1788936300,29612.25,29612.5,29589.25,29593.75,679
1788936600,29595.0,29602.5,29582.5,29583.5,513
1788936900,29583.25,29586.5,29578.0,29579.5,376
1788937200,29581.5,29591.25,29561.25,29588.75,1192
1788937500,29591.5,29603.25,29589.75,29596.25,511
1788937800,29596.0,29611.5,29572.25,29572.25,835
1788938100,29572.25,29581.0,29558.0,29568.25,1111
1788938400,29568.0,29600.0,29568.0,29593.75,773
1788938700,29594.0,29613.0,29590.0,29612.25,679
1788939000,29611.75,29613.0,29598.25,29602.5,399
1788939300,29603.25,29614.0,29591.5,29596.25,526
1788939600,29596.0,29600.25,29590.0,29594.25,346
1788939900,29596.25,29597.0,29573.25,29574.5,501
1788940200,29574.5,29578.75,29565.25,29578.75,518
1788940500,29578.75,29591.0,29575.75,29588.0,452
1788940800,29589.5,29603.5,29576.0,29598.5,1033
1788941100,29598.5,29609.0,29585.5,29591.75,711
1788941400,29591.75,29600.25,29579.75,29582.25,369
1788941700,29583.0,29593.25,29580.5,29588.5,338
1788942000,29587.75,29591.5,29568.0,29569.25,484
1788942300,29569.25,29594.25,29566.75,29587.75,538
1788942600,29585.75,29592.75,29577.75,29577.75,418
1788942900,29578.75,29578.75,29550.25,29552.0,843
1788943200,29551.0,29570.75,29540.25,29541.75,1053
1788943500,29543.0,29553.0,29538.75,29548.75,651
1788943800,29548.0,29569.25,29545.75,29567.75,448
1788944100,29567.5,29571.75,29561.25,29564.75,297
1788944400,29565.0,29575.0,29552.5,29564.25,516
1788944700,29563.75,29567.25,29538.25,29540.5,563
1788945000,29539.75,29554.0,29532.5,29550.5,602
1788945300,29550.5,29557.0,29543.5,29545.75,240
1788945600,29543.5,29544.25,29514.5,29518.25,823
1788945900,29517.5,29532.25,29517.25,29528.5,471
1788946200,29528.5,29539.25,29499.75,29501.25,960
1788946500,29500.75,29501.75,29486.0,29494.0,940
1788946800,29493.25,29495.5,29471.25,29479.0,833
1788947100,29479.0,29485.5,29455.75,29460.25,1005
1788947400,29461.25,29467.0,29414.0,29417.25,2130
1788947700,29417.0,29422.25,29388.75,29400.5,2100
1788948000,29401.0,29416.25,29371.75,29412.25,2396
1788948300,29413.25,29424.75,29388.75,29390.25,1436
1788948600,29389.75,29413.75,29385.25,29395.75,1093
1788948900,29395.0,29422.25,29381.75,29420.75,1244
1788949200,29421.25,29432.25,29405.5,29414.25,1147
1788949500,29411.75,29423.5,29403.75,29419.0,558
1788949800,29417.75,29428.0,29410.25,29421.0,737
1788950100,29421.25,29432.0,29415.75,29417.5,789
1788950400,29418.0,29421.25,29396.25,29397.5,661
1788950700,29397.5,29402.5,29379.25,29389.0,1070
1788951000,29389.5,29399.25,29368.25,29391.0,1283
1788951300,29390.5,29405.0,29384.0,29391.5,994
1788951600,29392.0,29405.5,29378.0,29394.5,1333
1788951900,29394.25,29415.5,29386.5,29415.5,801
1788952200,29415.75,29430.25,29405.25,29407.25,891
1788952500,29409.5,29410.0,29377.75,29392.5,1154
1788952800,29392.5,29425.25,29380.0,29424.75,783
1788953100,29424.5,29430.5,29413.5,29418.5,680
1788953400,29418.0,29419.25,29392.5,29394.0,744
1788953700,29392.25,29401.0,29387.25,29400.0,617
1788954000,29399.75,29403.25,29376.5,29377.5,968
1788954300,29378.5,29440.0,29376.75,29434.75,2215
1788954600,29433.5,29452.0,29413.75,29416.5,2192
1788954900,29416.5,29416.5,29392.0,29396.75,882
1788955200,29397.0,29400.5,29367.0,29372.5,1480
1788955500,29372.5,29380.5,29358.75,29366.25,1505
1788955800,29365.75,29366.75,29334.75,29337.0,2060
1788956100,29337.25,29353.75,29333.0,29344.25,1672
1788956400,29345.25,29366.5,29343.75,29357.75,1039
1788956700,29358.5,29366.5,29351.5,29351.75,761
1788957000,29351.75,29382.0,29343.5,29377.0,1493
1788957300,29377.25,29384.25,29370.5,29380.25,947
1788957600,29379.25,29384.0,29371.5,29381.75,909
1788957900,29381.25,29402.0,29381.25,29401.0,1315
1788958200,29400.75,29404.0,29384.5,29386.25,960
1788958500,29385.5,29400.0,29384.25,29390.5,853
1788958800,29390.75,29408.0,29382.5,29403.25,1346
1788959100,29404.0,29405.5,29395.75,29398.25,1121
1788959400,29398.5,29408.5,29394.5,29403.75,987
1788959700,29403.0,29416.0,29398.75,29414.5,1029
1788960000,29414.75,29419.25,29408.25,29418.0,1164
1788960300,29419.0,29458.5,29419.0,29454.5,4088
1788960600,29455.0,29498.75,29418.25,29478.75,18717
1788960900,29478.25,29499.25,29467.25,29483.25,9735
1788961200,29482.75,29503.75,29461.75,29478.75,8503
1788961500,29479.0,29513.75,29456.5,29499.5,11002
1788961800,29500.25,29523.75,29483.25,29517.5,7013
1788962100,29518.25,29567.25,29513.0,29558.5,9013
1788962400,29558.25,29586.75,29531.25,29578.0,8982
1788962700,29578.25,29593.75,29561.25,29572.25,6898
1788963000,29572.5,29582.25,29543.75,29562.25,5761
1788963300,29561.25,29561.75,29488.5,29500.0,10005
1788963600,29500.5,29507.75,29460.0,29462.25,8486
1788963900,29462.0,29537.75,29459.5,29535.5,8695
1788964200,29535.0,29537.0,29500.0,29519.5,5357
1788964500,29519.25,29530.25,29494.25,29524.25,4774
1788964800,29524.0,29543.5,29511.25,29537.5,4275
1788965100,29537.25,29541.75,29518.0,29538.5,3235
1788965400,29538.5,29541.0,29500.0,29506.5,4951
1788965700,29506.75,29538.25,29503.75,29528.25,3628
1788966000,29528.75,29562.25,29481.75,29492.0,10095
1788966300,29493.0,29506.0,29434.0,29441.75,7956
1788966600,29441.25,29448.0,29386.25,29399.0,11057
1788966900,29398.5,29451.75,29391.0,29444.25,7869
1788967200,29443.75,29454.5,29358.0,29363.75,8594
1788967500,29364.0,29394.25,29359.5,29390.5,6091
1788967800,29390.25,29435.25,29388.0,29434.25,6361
1788968100,29433.5,29475.0,29405.75,29469.5,7721
1788968400,29469.0,29482.5,29424.75,29438.0,6576
1788968700,29438.75,29442.5,29424.25,29436.25,2532
1788969000,29436.25,29467.0,29436.25,29465.0,3525
1788969300,29465.75,29466.0,29427.25,29448.0,3937
1788969600,29448.25,29458.5,29441.0,29456.0,2518
1788969900,29456.0,29462.0,29413.25,29414.25,3645
1788970200,29414.0,29434.75,29410.75,29414.75,2779
1788970500,29414.25,29416.25,29397.75,29403.75,3009
1788970800,29403.25,29413.75,29394.5,29413.5,2468
1788971100,29413.5,29416.75,29386.75,29399.5,3542
1788971400,29399.75,29436.5,29397.75,29431.75,3356
1788971700,29431.75,29444.5,29422.75,29443.0,2681
1788972000,29443.5,29455.5,29436.0,29455.0,3180
1788972300,29454.75,29462.75,29441.0,29454.75,2795
1788972600,29454.75,29478.0,29454.5,29462.5,3982
1788972900,29462.5,29470.5,29455.25,29458.0,2705
1788973200,29457.5,29482.5,29446.0,29448.25,4776
1788973500,29448.75,29468.25,29448.75,29457.0,1957
1788973800,29456.5,29481.0,29453.25,29476.25,2419
1788974100,29476.5,29483.75,29460.5,29460.75,2605
1788974400,29461.0,29470.5,29454.5,29470.5,1919
1788974700,29470.0,29470.75,29449.5,29450.25,1667
1788975000,29450.75,29462.0,29441.5,29452.75,2675
1788975300,29452.75,29457.25,29428.25,29433.25,1882
1788975600,29433.25,29457.75,29432.5,29455.25,1937
1788975900,29455.75,29473.25,29455.75,29470.75,2136
1788976200,29470.75,29483.0,29462.5,29481.0,1822
1788976500,29480.75,29483.5,29467.75,29468.75,1824
1788976800,29468.25,29471.75,29463.25,29468.0,1367
1788977100,29467.5,29468.75,29451.25,29454.0,1673
1788977400,29453.75,29456.5,29441.25,29442.25,1667
1788977700,29441.25,29452.0,29436.75,29444.5,2693
1788978000,29445.0,29460.5,29443.5,29458.75,2153
1788978300,29458.5,29462.25,29446.25,29453.5,1656
1788978600,29453.5,29461.75,29445.75,29454.0,2000
1788978900,29454.25,29463.5,29453.0,29460.75,1379
1788979200,29460.0,29469.5,29460.0,29466.75,1821
1788979500,29466.25,29469.5,29457.0,29459.5,1367
1788979800,29460.0,29473.75,29458.25,29470.0,1889
1788980100,29470.5,29474.0,29446.25,29447.5,2765
1788980400,29448.0,29451.75,29430.5,29435.75,2776
1788980700,29435.0,29454.75,29433.5,29451.75,2117
1788981000,29452.25,29455.25,29447.5,29449.0,1317
1788981300,29449.5,29470.5,29449.5,29467.75,1673
1788981600,29467.5,29471.25,29458.5,29465.5,1461
1788981900,29465.0,29469.5,29451.5,29451.5,1432
1788982200,29452.25,29457.5,29445.5,29450.25,1554
1788982500,29450.25,29451.75,29439.75,29442.5,1858
1788982800,29442.25,29448.0,29436.75,29447.0,2257
1788983100,29447.25,29451.75,29439.0,29449.75,2711
1788983400,29450.0,29452.25,29432.75,29441.5,5329
1788983700,29442.0,29458.5,29423.25,29454.5,12796
1788984000,29455.0,29459.25,29428.75,29440.75,5373
1788984300,29440.75,29451.0,29438.75,29449.75,1259
1788984600,29450.0,29456.5,29446.0,29451.25,1635
1788984900,29451.5,29453.25,29448.25,29451.5,620
1788985200,29452.0,29454.5,29450.0,29454.25,357
1788985500,29454.5,29454.75,29449.25,29450.0,328
1788985800,29449.75,29453.5,29447.25,29453.5,364
1788986100,29453.5,29458.75,29453.25,29456.25,364
1788986400,29457.0,29459.0,29451.75,29454.5,393
1788986700,29455.0,29456.25,29453.5,29454.25,308
1788987000,29454.5,29454.5,29449.0,29452.25,452
1788987300,29452.75,29460.0,29450.25,29460.0,403
1788991200,29458.5,29472.75,29431.75,29436.0,0
1788991500,29434.75,29441.5,29426.0,29435.25,383
1788991800,29435.5,29441.0,29425.5,29428.75,412
1788992100,29428.75,29430.0,29423.75,29425.75,250
1788992400,29427.0,29433.0,29424.5,29429.0,221
1788992700,29430.5,29434.0,29426.5,29429.0,174
1788993000,29429.5,29437.0,29428.75,29432.0,143
1788993300,29434.25,29437.5,29432.0,29433.75,79
1788993600,29434.75,29435.5,29432.5,29433.75,87
1788993900,29434.0,29438.0,29432.25,29434.0,127
1788994200,29433.75,29433.75,29427.5,29428.25,148
1788994500,29428.75,29432.0,29425.75,29431.5,79
1788994800,29430.5,29432.75,29425.25,29429.25,133
1788995100,29430.25,29430.5,29420.0,29423.5,192
1788995400,29424.25,29425.0,29419.25,29422.0,233
1788995700,29421.25,29435.0,29416.25,29429.5,402
1788996000,29427.75,29430.25,29423.75,29427.5,169
1788996300,29426.0,29428.0,29420.5,29427.5,191
1788996600,29428.75,29431.0,29426.25,29426.75,121
1788996900,29426.25,29429.0,29425.0,29428.0,66
1788997200,29427.75,29431.5,29425.0,29429.75,103
1788997500,29432.0,29435.5,29428.25,29435.25,316
1788997800,29433.5,29470.75,29432.5,29468.25,998
1788998100,29467.25,29467.5,29453.25,29463.5,449
1788998400,29464.5,29472.25,29453.25,29471.75,735
1788998700,29470.25,29480.25,29469.25,29473.0,624
1788999000,29472.25,29478.75,29440.75,29449.5,1020
1788999300,29449.75,29475.0,29448.5,29464.5,949
1788999600,29466.75,29473.75,29459.25,29463.75,449
1788999900,29464.5,29477.75,29454.5,29473.75,585
1789000200,29474.0,29475.75,29455.0,29460.25,455
1789000500,29459.0,29464.0,29453.5,29456.5,386
1789000800,29456.0,29458.75,29441.75,29456.5,750
1789001100,29456.25,29456.25,29435.0,29438.5,860
1789001400,29438.0,29438.75,29422.5,29428.75,835
1789001700,29428.5,29428.5,29408.0,29412.0,938
1789002000,29413.5,29426.25,29404.75,29414.5,897
1789002300,29414.25,29424.75,29403.0,29410.75,841
1789002600,29410.5,29414.75,29389.0,29399.75,1024
1789002900,29400.25,29414.25,29390.5,29413.75,861
1789003200,29414.25,29415.25,29381.25,29388.5,1185
1789003500,29388.0,29393.0,29372.5,29375.75,790
1789003800,29374.25,29384.0,29366.0,29367.5,782
1789004100,29367.25,29382.5,29364.0,29382.0,579
1789004400,29381.75,29404.25,29381.0,29400.5,977
1789004700,29399.75,29417.25,29394.25,29411.75,986
1789005000,29412.25,29416.5,29385.0,29386.25,714
1789005300,29387.5,29413.25,29387.0,29410.5,570
1789005600,29411.0,29411.0,29396.25,29400.25,472
1789005900,29401.25,29412.0,29393.25,29395.0,513
1789006200,29395.0,29397.75,29376.25,29395.5,784
1789006500,29395.5,29396.25,29374.25,29378.75,506
1789006800,29378.25,29392.75,29377.75,29387.5,377
1789007100,29388.0,29388.25,29373.0,29378.5,328
1789007400,29379.0,29398.0,29376.0,29396.25,338
1789007700,29397.0,29414.25,29393.25,29412.0,602
1789008000,29412.0,29422.25,29408.75,29414.75,547
1789008300,29413.75,29421.5,29406.25,29412.25,582
1789008600,29411.5,29423.25,29411.5,29420.75,290
1789008900,29419.5,29419.5,29410.75,29418.25,220
1789009200,29418.75,29434.75,29416.75,29431.75,604
1789009500,29430.0,29431.25,29423.5,29429.5,234
1789009800,29430.25,29437.0,29418.75,29420.5,449
1789010100,29420.5,29425.25,29416.0,29421.5,247
1789010400,29422.0,29428.75,29399.25,29401.0,767
1789010700,29400.75,29407.5,29388.25,29405.25,530
1789011000,29404.75,29413.25,29401.25,29407.25,395
1789011300,29407.5,29408.0,29392.25,29405.75,343
1789011600,29404.25,29416.0,29404.25,29413.0,272
1789011900,29415.0,29431.0,29411.75,29428.25,449
1789012200,29426.5,29426.5,29415.25,29422.5,379
1789012500,29422.75,29427.75,29419.0,29424.5,182
1789013100,29427.25,29428.25,29423.0,29426.25,882
1789013400,29426.75,29431.25,29424.5,29428.0,205
1789013700,29428.25,29432.75,29424.75,29428.75,267
1789014000,29427.5,29433.75,29423.5,29430.5,213
1789014300,29431.5,29437.5,29427.5,29434.5,208
1789014600,29433.75,29437.25,29431.0,29436.75,218
1789014900,29436.5,29444.25,29432.75,29444.25,333
1789015200,29444.25,29447.25,29432.25,29434.75,341
1789015500,29434.25,29446.75,29432.5,29443.75,329
1789015800,29444.25,29462.5,29444.25,29454.0,650
1789016100,29453.5,29461.25,29448.5,29458.75,251
1789016400,29459.5,29469.75,29454.25,29455.0,539
1789016700,29455.0,29458.0,29448.5,29452.5,346
1789017000,29452.0,29462.5,29448.5,29461.75,287
1789017300,29460.5,29461.0,29454.75,29460.75,224
1789017600,29460.0,29465.5,29456.25,29463.25,270
1789017900,29464.25,29493.5,29463.5,29490.25,1217
1789018200,29491.0,29496.25,29481.25,29490.5,490
1789018500,29490.75,29498.5,29481.0,29482.75,412
1789018800,29482.25,29491.0,29482.0,29487.5,205
1789019100,29487.5,29508.25,29487.5,29491.0,487
1789019400,29491.5,29491.75,29473.0,29474.0,521
1789019700,29473.5,29487.5,29465.0,29484.75,538
1789020000,29484.0,29492.5,29473.0,29475.0,693
1789020300,29473.5,29474.25,29458.25,29459.25,629
1789020600,29461.0,29466.25,29453.25,29455.5,430
1789020900,29455.75,29460.5,29439.75,29442.25,631
1789021200,29442.0,29451.5,29435.25,29447.25,629
1789021500,29448.75,29473.0,29443.5,29472.0,885
1789021800,29473.5,29484.25,29468.5,29470.75,578
1789022100,29470.75,29488.5,29469.0,29488.5,301
1789022400,29488.75,29488.75,29476.75,29479.0,315
1789022700,29479.75,29490.5,29478.25,29489.0,271
1789023000,29488.75,29491.25,29471.5,29473.75,490
1789023300,29474.0,29476.75,29466.75,29476.25,392
1789023600,29476.75,29478.25,29454.0,29455.0,563
1789023900,29455.75,29469.75,29450.75,29465.0,488
1789024200,29465.25,29476.25,29462.25,29470.0,327
1789024500,29471.0,29473.0,29459.5,29468.0,233
1789024800,29467.75,29471.5,29459.25,29463.0,398
1789025100,29462.75,29464.5,29433.0,29435.25,556
1789025400,29434.75,29438.75,29417.25,29426.25,839
1789025700,29426.5,29438.75,29421.75,29423.5,420
1789026000,29423.0,29445.5,29421.0,29444.75,371
1789026300,29443.75,29450.0,29436.5,29444.5,427
1789026600,29444.5,29455.5,29442.5,29449.5,552
1789026900,29449.75,29455.25,29445.0,29445.0,203
1789027200,29443.75,29460.25,29437.0,29447.25,989
1789027500,29447.5,29458.0,29438.75,29443.75,382
1789027800,29444.75,29454.75,29431.0,29432.25,380
1789028100,29433.5,29437.0,29424.5,29435.0,425
1789028400,29434.5,29451.75,29433.0,29445.25,475
1789028700,29445.25,29453.25,29437.75,29449.5,266
1789029000,29449.0,29457.0,29427.5,29428.5,618
1789029300,29428.25,29448.0,29428.25,29439.0,441
1789029600,29437.75,29441.25,29413.0,29416.75,713
1789029900,29417.75,29428.0,29412.25,29413.5,424
1789030200,29414.25,29416.75,29406.0,29413.5,472
1789030500,29415.0,29415.25,29405.25,29414.0,254
1789030800,29412.5,29431.0,29406.75,29429.0,511
1789031100,29428.0,29429.5,29409.0,29413.0,260
1789031400,29412.25,29423.25,29411.0,29415.5,252
1789031700,29416.75,29419.25,29407.75,29416.0,145
1789032000,29416.75,29419.75,29407.0,29407.5,265
1789032300,29407.25,29409.75,29392.5,29397.0,576
1789032600,29395.5,29396.0,29373.0,29385.5,756
1789032900,29385.0,29386.5,29372.5,29373.5,470
1789033200,29372.75,29392.25,29359.25,29391.75,939
1789033500,29390.75,29406.75,29390.75,29401.75,582
1789033800,29402.25,29420.0,29397.0,29411.0,648
1789034100,29410.5,29414.5,29400.5,29406.5,311
1789034400,29405.75,29418.0,29394.5,29408.25,513
1789034700,29410.25,29412.5,29388.75,29395.0,385
1789035000,29395.5,29402.25,29389.5,29396.5,283
1789035300,29394.5,29400.25,29393.75,29396.0,345
1789035600,29394.5,29402.0,29389.0,29394.25,320
1789035900,29394.25,29409.75,29385.25,29391.0,438
1789036200,29391.0,29391.75,29363.5,29366.5,640
1789036500,29368.25,29396.25,29366.75,29393.75,646
1789036800,29394.5,29404.5,29391.5,29392.25,341
1789037100,29392.0,29393.0,29380.5,29389.25,324
1789037400,29390.5,29393.25,29368.0,29368.0,400
1789037700,29367.75,29423.75,29363.75,29376.0,2046
1789038000,29375.0,29376.0,29326.75,29347.25,1826
1789038300,29347.5,29354.0,29331.0,29338.25,887
1789038600,29338.25,29348.75,29327.75,29343.25,633
1789038900,29343.25,29349.25,29335.0,29338.5,576
1789039200,29338.25,29346.25,29331.5,29342.75,597
1789039500,29344.5,29344.75,29335.0,29336.0,260
1789039800,29337.5,29362.0,29335.75,29358.0,639
1789040100,29357.5,29364.0,29351.25,29358.25,531
1789040400,29356.75,29358.0,29339.5,29345.75,514
1789040700,29345.5,29352.5,29315.5,29316.5,879
1789041000,29317.0,29318.25,29290.0,29300.0,1889
1789041300,29298.5,29298.5,29262.75,29264.5,2144
1789041600,29264.25,29278.25,29242.25,29247.0,2458
1789041900,29248.0,29254.75,29236.0,29237.5,1446
1789042200,29237.75,29264.25,29232.75,29258.25,1364
1789042500,29260.0,29262.75,29227.5,29234.75,1649
1789042800,29234.75,29236.5,29216.75,29220.75,1771
1789043100,29219.0,29250.0,29211.0,29237.5,1507
1789043400,29229.0,29251.75,29106.75,29110.25,8247
1789043700,29110.5,29140.75,29100.0,29110.5,5395
1789044000,29111.25,29113.5,29082.0,29102.5,4926
1789044300,29103.75,29106.0,29075.5,29101.0,3851
1789044600,29100.0,29105.0,29067.0,29081.0,4073
1789044900,29080.25,29082.0,29043.25,29056.5,3776
1789045200,29058.0,29098.25,29054.75,29092.5,4103
1789045500,29093.5,29095.75,29058.5,29071.25,3322
1789045800,29070.5,29091.0,29067.75,29068.75,2424
1789046100,29069.0,29080.75,29052.25,29066.0,2821
1789046400,29067.0,29074.75,29054.0,29056.5,1933
1789046700,29056.75,29090.25,29043.75,29089.0,5078
1789047000,29089.5,29123.25,29057.5,29098.25,20960
1789047300,29098.25,29185.5,29088.75,29178.5,15962
1789047600,29179.0,29200.0,29133.0,29138.0,15883
1789047900,29138.25,29203.25,29131.75,29186.0,12429
1789048200,29186.0,29187.0,29102.5,29105.75,10622
1789048500,29106.25,29124.0,29088.5,29099.75,8691
1789048800,29099.5,29178.75,29097.25,29148.75,10123
1789049100,29148.5,29156.75,29106.75,29136.5,7565
1789049400,29137.0,29169.75,29118.75,29139.75,8529
1789049700,29139.5,29162.25,29111.0,29156.75,7867
1789050000,29157.25,29263.0,29152.5,29230.0,13655
1789050300,29229.5,29255.75,29195.5,29205.75,12324
1789050600,29206.25,29241.25,29204.75,29219.0,6370
1789050900,29219.25,29275.0,29219.25,29261.5,7650
1789051200,29261.0,29269.75,29222.5,29237.25,6390
1789051500,29236.0,29250.75,29212.5,29228.5,5496
1789051800,29227.75,29246.5,29210.0,29244.5,5715
1789052100,29244.25,29264.75,29229.75,29263.25,5146
1789052400,29263.25,29265.0,29214.0,29227.0,6746
1789052700,29227.0,29254.5,29221.75,29224.75,3874
1789053000,29224.75,29260.5,29224.25,29243.75,5285
1789053300,29243.25,29250.0,29208.25,29223.25,4185
1789053600,29223.25,29235.75,29197.5,29233.5,4788
1789053900,29232.75,29256.0,29223.75,29236.0,4397
1789054200,29236.75,29249.75,29217.25,29242.5,4598
1789054500,29242.75,29272.75,29227.5,29242.0,4457
1789054800,29241.0,29254.75,29229.0,29251.5,3058
1789055100,29251.25,29256.75,29214.5,29231.25,3910
1789055400,29230.25,29240.0,29204.25,29205.0,4259
1789055700,29205.5,29214.25,29186.0,29205.0,4951
1789056000,29205.0,29231.5,29197.5,29204.75,4191
1789056300,29204.0,29213.0,29180.5,29182.25,3135
1789056600,29182.25,29193.75,29165.75,29181.25,3902
1789056900,29180.5,29202.0,29169.5,29175.5,3672
1789057200,29176.0,29191.0,29174.25,29180.0,2420
1789057500,29179.75,29183.75,29161.75,29177.0,2736
1789057800,29176.75,29194.25,29146.5,29151.75,6132
1789058100,29152.0,29175.25,29133.75,29170.5,5017
1789058400,29170.5,29215.75,29168.0,29208.0,4097
1789058700,29208.25,29241.0,29205.5,29208.75,5464
1789059000,29209.0,29235.0,29204.5,29235.0,3030
1789059300,29234.75,29242.75,29224.25,29232.5,3195
1789059600,29232.75,29267.5,29212.75,29226.5,4699
1789059900,29226.75,29237.75,29219.75,29228.75,2878
1789060200,29228.0,29248.0,29224.5,29225.5,2727
1789060500,29225.75,29233.0,29215.5,29223.0,2397
1789060800,29223.25,29225.0,29207.5,29211.0,1954
1789061100,29211.5,29213.0,29199.5,29209.25,2268
1789061400,29209.0,29214.75,29197.5,29204.0,2346
1789061700,29204.0,29214.75,29177.25,29178.25,2949
1789062000,29177.75,29204.25,29175.5,29202.5,2671
1789062300,29202.5,29205.25,29187.75,29191.0,1644
1789062600,29190.5,29204.25,29183.25,29194.75,2351
1789062900,29194.5,29199.75,29183.25,29186.0,1874
1789063200,29186.25,29199.75,29163.0,29168.5,3680
1789063500,29169.0,29179.25,29154.0,29158.75,2990
1789063800,29157.75,29168.5,29148.25,29159.75,2823
1789064100,29159.75,29162.25,29148.75,29161.5,2298
1789064400,29161.5,29180.25,29161.25,29167.25,2913
1789064700,29167.5,29173.0,29153.5,29158.5,2122
1789065000,29157.75,29165.5,29146.25,29164.0,2502
1789065300,29164.0,29176.0,29156.75,29175.25,1930
1789065600,29174.75,29176.25,29166.25,29173.5,1490
1789065900,29173.0,29184.25,29151.0,29165.75,3049
1789066200,29165.75,29199.0,29155.25,29181.5,4308
1789066500,29181.25,29189.25,29167.25,29174.25,1954
1789066800,29174.25,29176.0,29151.25,29152.5,3174
1789067100,29152.25,29167.75,29141.0,29165.75,4272
1789067400,29166.25,29169.0,29142.25,29156.5,2616
1789067700,29157.25,29164.5,29136.0,29144.0,2724
1789068000,29144.0,29157.0,29139.75,29155.0,2052
1789068300,29155.25,29163.0,29152.0,29160.0,1928
1789068600,29158.75,29166.25,29144.25,29163.5,2588
1789068900,29162.75,29164.75,29145.25,29159.25,2464
1789069200,29159.25,29169.25,29156.0,29158.0,2562
1789069500,29158.0,29166.0,29146.5,29158.75,2764
1789069800,29159.75,29168.5,29123.25,29136.5,7818
1789070100,29136.25,29147.5,29126.0,29138.0,14957
1789070400,29138.25,29148.75,29130.0,29131.75,4122
1789070700,29134.0,29144.75,29123.0,29141.25,1292
1789071000,29141.25,29156.75,29134.75,29153.25,1687
1789071300,29153.75,29156.0,29145.25,29150.5,712
1789071600,29150.75,29154.0,29149.0,29152.0,580
1789071900,29152.0,29154.5,29142.25,29144.5,644
1789072200,29145.5,29151.5,29144.25,29149.25,503
1789072500,29148.75,29153.0,29146.5,29152.5,338
1789072800,29151.5,29153.0,29149.0,29151.5,274
1789073100,29152.0,29154.5,29144.5,29148.25,479
1789073400,29148.5,29152.75,29146.25,29151.75,257
1789073700,29151.75,29154.5,29128.0,29143.25,611
1789077600,29141.0,29156.75,29139.5,29149.75,0
1789077900,29148.25,29150.75,29134.5,29144.25,382
1789078200,29144.0,29151.75,29139.5,29143.25,296
1789078500,29144.5,29152.0,29141.0,29148.75,296
1789078800,29148.25,29157.5,29137.75,29140.75,470
1789079100,29141.25,29143.5,29117.25,29118.0,629
1789079400,29117.25,29122.75,29113.0,29115.25,556
1789079700,29115.5,29119.5,29107.75,29109.25,339
1789080000,29109.75,29112.25,29104.25,29105.5,422
1789080300,29105.75,29116.25,29098.75,29114.0,499
1789080600,29114.25,29115.5,29102.25,29104.0,366
1789080900,29105.25,29111.0,29104.0,29107.5,232
1789081200,29106.25,29115.0,29100.0,29105.5,344
1789081500,29105.0,29110.75,29103.0,29109.5,221
1789081800,29109.0,29111.25,29104.0,29109.5,210
1789082100,29110.25,29111.5,29106.5,29107.5,151
1789082400,29108.25,29110.5,29096.75,29098.75,232
1789082700,29099.25,29110.25,29099.0,29102.75,227
1789083000,29103.0,29111.5,29103.0,29106.5,167
1789083300,29106.5,29108.25,29101.0,29103.75,158
1789083600,29104.25,29107.25,29097.75,29106.75,430
1789083900,29105.75,29107.0,29097.0,29099.25,327
1789084200,29100.0,29100.75,29077.75,29080.25,848
1789084500,29080.5,29081.0,29062.5,29064.75,912
1789084800,29065.0,29102.0,29063.25,29093.5,1470
1789085100,29093.25,29127.75,29091.75,29111.0,1426
1789085400,29110.5,29121.75,29106.5,29108.5,620
1789085700,29109.75,29118.0,29103.25,29106.75,525
1789086000,29107.0,29129.0,29095.0,29121.25,975
1789086300,29120.75,29144.75,29115.25,29138.5,841
1789086600,29138.25,29143.0,29118.0,29128.25,655
1789086900,29127.5,29166.25,29126.0,29149.5,1356
1789087200,29149.5,29152.5,29118.75,29123.75,1091
1789087500,29124.5,29139.25,29123.5,29135.0,427
1789087800,29138.5,29154.0,29136.5,29150.0,410
1789088100,29150.75,29163.5,29147.5,29161.0,471
1789088400,29159.75,29171.5,29153.5,29164.25,854
1789088700,29163.0,29163.0,29148.25,29157.5,657
1789089000,29156.0,29165.25,29146.5,29148.25,472
1789089300,29149.5,29150.0,29139.0,29141.5,511
1789089600,29142.0,29143.0,29124.75,29130.25,593
1789089900,29130.75,29139.75,29125.0,29125.5,583
1789090200,29126.5,29137.5,29122.75,29127.25,552
1789090500,29127.75,29138.25,29115.75,29120.75,528
1789090800,29120.25,29120.5,29109.0,29118.5,594
1789091100,29119.75,29119.75,29105.0,29109.75,537
1789091400,29109.0,29115.25,29103.5,29111.0,331
1789091700,29112.0,29130.0,29110.0,29128.75,605
1789092000,29129.5,29138.5,29122.5,29126.75,705
1789092300,29128.0,29136.5,29120.75,29125.25,461
1789092600,29128.0,29135.5,29125.0,29131.75,224
1789092900,29131.25,29132.0,29113.25,29118.5,641
1789093200,29118.5,29126.5,29112.5,29114.25,334
1789093500,29114.25,29115.75,29098.5,29107.25,866
1789093800,29107.25,29109.25,29082.5,29089.0,884
1789094100,29088.25,29106.5,29087.75,29103.0,482
1789094400,29101.75,29106.5,29082.25,29086.5,429
1789094700,29086.25,29109.75,29083.5,29108.25,667
1789095000,29108.25,29111.5,29087.75,29088.5,422
1789095300,29088.75,29095.25,29083.25,29093.25,307
1789095600,29092.0,29096.75,29081.75,29086.25,447
1789095900,29086.0,29087.5,29075.5,29077.5,487
1789096200,29077.75,29081.0,29061.75,29076.0,770
1789096500,29076.75,29084.0,29073.0,29080.25,281
1789096800,29080.0,29082.5,29062.75,29066.75,503
1789097100,29067.0,29081.25,29066.5,29071.25,383
1789097400,29071.5,29072.0,29048.5,29059.0,980
1789097700,29059.75,29074.25,29057.0,29063.0,537
1789098000,29061.5,29089.5,29060.0,29085.5,697
1789098300,29086.5,29088.25,29054.0,29057.0,693
1789098600,29056.75,29068.25,29050.75,29063.0,525
1789098900,29063.0,29071.25,29061.0,29070.0,291
1789099500,29082.25,29083.5,29076.0,29076.0,2364
1789099800,29077.25,29094.75,29055.25,29093.25,1154
1789100100,29093.75,29093.75,29075.75,29082.25,558
1789100400,29080.5,29108.5,29080.0,29107.5,687
1789100700,29107.75,29126.5,29107.5,29123.75,645
1789101000,29124.25,29131.75,29119.5,29120.0,504
1789101300,29118.5,29130.25,29116.75,29127.0,381
1789101600,29125.75,29140.25,29125.25,29137.0,518
1789101900,29137.75,29143.0,29131.25,29140.5,524
1789102200,29139.75,29151.5,29133.0,29137.0,561
1789102500,29136.0,29141.0,29120.75,29125.0,399
1789102800,29124.5,29129.75,29120.75,29123.5,437
1789103100,29124.0,29145.75,29119.5,29142.5,642
1789103400,29142.0,29161.25,29139.25,29158.25,751
1789103700,29159.0,29165.0,29145.75,29148.25,492
1789104000,29149.5,29154.5,29136.75,29147.0,406
1789104300,29147.5,29147.5,29130.0,29134.0,373
1789104600,29134.0,29160.75,29133.75,29156.0,668
1789104900,29156.5,29174.0,29156.25,29173.25,550
1789105200,29172.0,29195.25,29168.5,29191.0,864
1789105500,29191.0,29200.75,29176.5,29200.75,693
1789105800,29199.5,29228.5,29192.0,29221.75,1052
1789106100,29222.0,29242.75,29221.25,29233.25,1182
1789106400,29233.0,29237.25,29221.0,29221.75,715
1789106700,29222.75,29245.75,29216.0,29234.25,852
1789107000,29234.25,29248.5,29225.25,29244.25,737
1789107300,29245.0,29252.0,29225.0,29235.0,885
1789107600,29236.0,29237.25,29224.0,29230.25,359
1789107900,29231.25,29231.25,29222.25,29224.5,415
1789108200,29225.25,29235.75,29215.5,29219.25,884
1789108500,29219.5,29239.0,29219.5,29234.5,422
1789108800,29234.5,29234.5,29218.25,29228.5,365
1789109100,29228.5,29261.5,29228.5,29252.5,869
1789109400,29252.75,29257.0,29244.0,29249.25,404
1789109700,29249.25,29259.5,29246.5,29255.0,412
1789110000,29254.25,29266.5,29249.25,29266.5,552
1789110300,29266.0,29268.75,29252.5,29257.5,522
1789110600,29259.0,29266.25,29250.0,29257.0,594
1789110900,29258.75,29264.0,29248.5,29256.75,410
1789111200,29255.0,29262.5,29245.0,29254.25,421
1789111500,29253.75,29254.0,29235.75,29235.75,495
1789111800,29235.75,29247.5,29229.0,29230.0,410
1789112100,29230.5,29241.75,29229.75,29236.5,507
1789112400,29235.5,29243.25,29229.5,29235.25,241
1789112700,29235.25,29239.25,29225.0,29231.5,533
1789113000,29231.0,29241.0,29229.0,29238.75,290
1789113300,29239.0,29245.75,29237.0,29242.5,228
1789113600,29242.5,29272.0,29240.0,29245.25,1089
1789113900,29246.0,29246.25,29227.0,29231.0,426
1789114200,29233.0,29256.0,29224.5,29244.75,1143
1789114500,29245.0,29267.25,29239.25,29255.0,570
1789114800,29254.75,29318.0,29251.0,29285.75,2071
1789115100,29286.5,29290.5,29264.25,29269.75,927
1789115400,29271.0,29313.75,29270.75,29304.0,816
1789115700,29307.0,29307.5,29291.0,29293.5,489
1789116000,29293.5,29300.25,29288.25,29289.75,353
1789116300,29291.5,29308.25,29287.0,29304.5,477
1789116600,29305.0,29322.75,29301.5,29311.0,737
1789116900,29309.75,29326.0,29307.0,29322.75,494
1789117200,29324.25,29334.0,29314.0,29316.75,1060
1789117500,29317.0,29322.0,29300.5,29300.5,529
1789117800,29301.5,29305.0,29292.5,29294.25,445
1789118100,29293.0,29309.0,29289.5,29306.25,466
1789118400,29305.5,29315.25,29301.0,29302.25,533
1789118700,29302.0,29306.75,29298.25,29304.0,228
1789119000,29304.75,29312.0,29301.75,29306.75,199
1789119300,29308.25,29312.5,29304.25,29309.0,258
1789119600,29309.5,29315.5,29306.0,29308.0,200
1789119900,29307.75,29314.0,29303.75,29309.75,172
1789120200,29310.75,29313.0,29306.5,29308.75,164
1789120500,29309.25,29326.5,29308.0,29319.0,394
1789120800,29319.25,29339.75,29285.25,29335.0,1369
1789121100,29334.0,29335.25,29323.0,29330.5,448
1789121400,29330.75,29335.0,29319.25,29326.25,373
1789121700,29326.5,29329.75,29320.0,29326.5,200
1789122000,29326.0,29327.75,29314.0,29320.25,467
1789122300,29321.5,29322.0,29307.75,29314.25,420
1789122600,29314.25,29323.5,29309.5,29323.5,358
1789122900,29324.25,29328.75,29312.75,29320.5,269
1789123200,29320.0,29321.0,29314.5,29315.75,274
1789123500,29316.0,29316.25,29305.5,29309.75,305
1789123800,29310.75,29318.25,29307.0,29310.0,262
1789124100,29310.5,29316.0,29307.75,29309.25,331
1789124400,29310.5,29315.0,29304.0,29304.25,511
1789124700,29303.75,29304.75,29290.0,29294.75,589
1789125000,29294.0,29300.75,29289.5,29293.5,406
1789125300,29294.25,29307.5,29290.25,29307.5,406
1789125600,29307.5,29309.25,29294.75,29308.0,393
1789125900,29308.0,29324.75,29308.0,29312.75,645
1789126200,29313.0,29321.75,29302.0,29303.25,680
1789126500,29303.5,29314.0,29296.75,29312.75,534
1789126800,29312.25,29332.25,29310.0,29330.25,606
1789127100,29330.25,29337.5,29319.5,29335.75,533
1789127400,29335.75,29336.75,29326.0,29326.25,343
1789127700,29327.25,29334.25,29321.25,29323.25,356
1789128000,29324.25,29326.75,29307.0,29310.25,598
1789128300,29311.5,29315.75,29304.0,29315.25,754
1789128600,29316.5,29336.75,29307.0,29323.75,1148
1789128900,29324.25,29348.75,29318.5,29337.75,940
1789129200,29338.25,29344.0,29326.0,29327.5,816
1789129500,29328.25,29399.0,29325.75,29389.75,2939
1789129800,29385.0,29399.5,29204.0,29338.75,10114
1789130100,29338.25,29376.25,29320.0,29363.75,5103
1789130400,29364.25,29379.5,29342.75,29356.5,3076
1789130700,29357.25,29403.25,29343.0,29394.5,3269
1789131000,29394.5,29446.5,29393.5,29437.25,3906
1789131300,29436.75,29475.75,29433.5,29469.5,3519
1789131600,29468.75,29500.25,29467.0,29469.25,4696
1789131900,29469.75,29483.75,29446.75,29452.0,3545
1789132200,29452.25,29457.5,29434.75,29443.5,2222
1789132500,29442.75,29448.25,29427.0,29430.25,2006
1789132800,29430.25,29440.0,29424.0,29430.0,1468
1789133100,29430.25,29452.25,29414.75,29418.0,4186
1789133400,29417.5,29426.25,29347.25,29419.25,20733
1789133700,29419.5,29431.75,29373.25,29400.75,14989
1789134000,29400.5,29440.0,29353.75,29433.75,15469
1789134300,29434.0,29472.0,29399.0,29434.5,13360
1789134600,29435.5,29445.5,29379.25,29426.5,10704
1789134900,29426.75,29480.75,29415.5,29472.75,7946
1789135200,29473.0,29473.25,29386.5,29392.5,12287
1789135500,29392.0,29408.5,29365.0,29393.75,9201
1789135800,29393.0,29424.25,29378.75,29397.75,11211
1789136100,29397.0,29441.0,29373.25,29438.75,6955
1789136400,29439.25,29461.75,29433.0,29444.25,6132
1789136700,29444.0,29467.5,29439.0,29451.0,5347
1789137000,29451.25,29455.25,29406.5,29413.5,7648
1789137300,29412.75,29412.75,29369.25,29384.75,7528
1789137600,29384.5,29410.0,29353.25,29372.0,7223
1789137900,29372.75,29400.75,29334.0,29398.75,12357
1789138200,29398.5,29401.0,29367.0,29369.75,6186
1789138500,29369.5,29377.5,29349.25,29369.75,5724
1789138800,29370.75,29404.0,29361.0,29403.75,5369
1789139100,29403.75,29432.5,29400.5,29421.25,5654
1789139400,29421.0,29425.75,29375.25,29393.5,4766
1789139700,29393.75,29445.5,29393.75,29438.75,4940
1789140000,29439.25,29463.0,29435.25,29460.75,4315
1789140300,29461.5,29493.25,29457.0,29485.0,6661
1789140600,29485.25,29499.75,29477.0,29485.25,5006
1789140900,29485.25,29487.75,29462.75,29475.5,4208
1789141200,29475.25,29484.25,29467.0,29478.0,2704
1789141500,29478.25,29478.75,29461.75,29469.25,3418
1789141800,29470.75,29476.25,29442.25,29448.25,3694
1789142100,29448.5,29461.5,29441.25,29450.0,3359
1789142400,29450.25,29482.25,29450.25,29481.75,3483
1789142700,29482.0,29485.25,29460.5,29469.5,2612
1789143000,29469.25,29473.0,29445.0,29448.0,2677
1789143300,29447.75,29452.25,29433.75,29438.5,3095
1789143600,29438.75,29442.75,29421.5,29426.0,2622
1789143900,29426.0,29436.0,29397.75,29402.75,6165
1789144200,29402.0,29441.5,29395.25,29427.25,5788
1789144500,29427.75,29429.0,29396.25,29398.5,3270
1789144800,29398.25,29434.0,29392.0,29432.0,3765
1789145100,29431.25,29435.5,29413.25,29415.75,2223
1789145400,29415.75,29429.0,29414.0,29429.0,1680
1789145700,29429.25,29437.75,29426.0,29436.75,1881
1789146000,29437.0,29449.0,29435.75,29440.25,2668
1789146300,29440.25,29464.75,29440.0,29453.0,4031
1789146600,29452.5,29459.0,29435.75,29437.5,3010
1789146900,29438.25,29462.75,29438.0,29457.0,2214
1789147200,29456.75,29475.25,29456.5,29474.25,2732
1789147500,29473.75,29479.0,29462.5,29463.5,2994
1789147800,29463.25,29478.0,29461.0,29463.0,2717
1789148100,29463.5,29469.25,29457.5,29459.25,1811
1789148400,29458.75,29470.5,29457.5,29462.25,2143
1789148700,29462.5,29468.5,29455.0,29465.0,1881
1789149000,29465.25,29467.75,29461.5,29463.25,1395
1789149300,29463.5,29464.75,29447.75,29452.5,1517
1789149600,29452.25,29460.5,29449.0,29453.75,1724
1789149900,29453.25,29454.25,29443.0,29446.75,1704
1789150200,29446.75,29447.0,29437.5,29441.0,1687
1789150500,29441.5,29446.5,29434.0,29441.25,3009
1789150800,29441.25,29442.5,29417.0,29431.75,5560
1789151100,29431.25,29446.75,29426.75,29441.5,2884
1789151400,29442.0,29456.75,29432.0,29455.25,2338
1789151700,29455.25,29459.0,29443.0,29446.5,1621
1789152000,29446.75,29450.75,29434.75,29437.75,1695
1789152300,29438.0,29444.75,29430.0,29431.25,2569
1789152600,29430.75,29435.0,29427.0,29428.5,1747
1789152900,29427.75,29438.25,29425.75,29429.5,2247
1789153200,29429.5,29433.25,29422.0,29426.5,1882
1789153500,29426.5,29431.5,29411.5,29414.0,2670
1789153800,29414.25,29418.75,29405.25,29416.0,2825
1789154100,29415.0,29425.75,29411.5,29419.25,2577
1789154400,29418.75,29424.5,29413.25,29423.5,2105
1789154700,29423.25,29427.5,29412.25,29415.0,2280
1789155000,29414.25,29419.5,29411.5,29419.25,2522
1789155300,29419.0,29421.0,29412.5,29417.25,1566
1789155600,29417.75,29427.0,29417.0,29424.0,2373
1789155900,29423.75,29428.5,29412.0,29413.75,3022
1789156200,29414.5,29417.75,29394.5,29409.0,7714
1789156500,29409.0,29409.0,29378.75,29386.5,16005
1789156800,29386.75,29391.0,29380.5,29385.25,4994
1789157100,29385.5,29392.75,29384.25,29390.75,1309
1789157400,29391.0,29393.0,29376.25,29381.25,1193
1789157700,29381.5,29382.5,29376.5,29378.0,388
1789158000,29378.0,29387.25,29378.0,29384.75,459
1789158300,29385.25,29386.5,29380.25,29384.5,242
1789158600,29384.75,29394.0,29384.25,29390.5,583
1789158900,29390.75,29396.5,29389.0,29395.5,439
1789159200,29395.0,29396.25,29386.25,29389.25,466
1789159500,29389.25,29390.5,29383.25,29387.25,446
1789159800,29387.75,29393.75,29387.0,29393.75,197
1789160100,29392.75,29397.5,29389.5,29391.75,520
